time_ps,protein_ca_rmsd_A,ligand_rmsd_A,ligand_com_displacement_A
1.000000002981405700e+01,1.337326901242143817e+00,2.278343689808282058e+00,6.943548378244523978e-01
2.000000005962811400e+01,1.362870806669879586e+00,2.303553322503709033e+00,4.317823075310969205e-01
3.000000008944217100e+01,1.317198768741379311e+00,1.974505487496267975e+00,6.029091497182884618e-01
4.000000011925622800e+01,1.429688333302744807e+00,2.452329710401310425e+00,5.013381087144693771e-01
5.000000014907028856e+01,1.338074372473879281e+00,2.318347150471433693e+00,5.919583968717597733e-01
6.000000017888434201e+01,1.464359032295254881e+00,2.345758817333827295e+00,3.572579498720710456e-01
7.000000020869839545e+01,1.424576748001026294e+00,1.668880384040041909e+00,3.890984629108227288e-01
8.000000023851245601e+01,1.319915226094240168e+00,2.139105230450107697e+00,5.470198468345816023e-01
9.000000026832651656e+01,1.285125683328909085e+00,3.196848477314910397e+00,1.696769575193369350e+00
1.000000002981405771e+02,1.386687570167832506e+00,3.368393339650653129e+00,1.792905252808309813e+00
1.100000003279546235e+02,1.412224555581081287e+00,3.146267626711353405e+00,1.593605124971937181e+00
1.200000003577686840e+02,1.462315858415916603e+00,3.748689366872969941e+00,2.098367226503407679e+00
1.300000003875827304e+02,1.375995487953024954e+00,3.725976195050419992e+00,1.938430795331367085e+00
1.400000004173967909e+02,1.380834424453489140e+00,3.131572867726933218e+00,1.498911590940702698e+00
1.500000004472108515e+02,1.425081999900307039e+00,3.596008611798443777e+00,2.063153030257997678e+00
1.600000004770249120e+02,1.379772177878926254e+00,2.925982564713643264e+00,1.110003979456035905e+00
1.700000005068389726e+02,1.471587671520338425e+00,2.801222739092097846e+00,8.131513811914611312e-01
1.800000005366530331e+02,1.539524969699426649e+00,2.832710518427167923e+00,8.428944950416531467e-01
1.900000005664670937e+02,1.526849110732110715e+00,3.103162369215640037e+00,1.259197464865702498e+00
2.000000005962811542e+02,1.419444599537195817e+00,3.507724580269612424e+00,1.663431316846476715e+00
2.100000006260951864e+02,1.438075355643673392e+00,3.583156732083859541e+00,1.532732340156061301e+00
2.200000006559092469e+02,1.440542770299886088e+00,3.442495561833995854e+00,1.656880450249512471e+00
2.300000006857233075e+02,1.411096477476911470e+00,3.408650283480718635e+00,1.318110811079105771e+00
2.400000007155373680e+02,1.458796821857024417e+00,3.441435171940105064e+00,1.802015919043023162e+00
2.500000007453514286e+02,1.339158607133105194e+00,3.228082299034538583e+00,1.185218674409062922e+00
2.600000007751654607e+02,1.481272127887593326e+00,3.543217946525569317e+00,1.634749377436273798e+00
2.700000008049795497e+02,1.572189770516931873e+00,3.499235686024104286e+00,1.535080540247912184e+00
2.800000008347935818e+02,1.391684107159787409e+00,3.757552498360951176e+00,1.881055686205958644e+00
2.900000008646076708e+02,1.509875453190066219e+00,3.747599832116473184e+00,1.773791230067179425e+00
3.000000008944217029e+02,1.410440964736817238e+00,3.785609905434918598e+00,1.858245227804740551e+00
3.100000009242357919e+02,1.509136578211692559e+00,3.760917935996411554e+00,1.709534363406747248e+00
3.200000009540498240e+02,1.524734479156603095e+00,3.650557132043774189e+00,1.583607615780415312e+00
3.300000009838638562e+02,1.416306496491571032e+00,3.510323713284997815e+00,1.625888716229033415e+00
3.400000010136779451e+02,1.413922985100445118e+00,3.779035719763787604e+00,1.862717360967085733e+00
3.500000010434919773e+02,1.447819197960660054e+00,3.753711098301132143e+00,1.846661273619012444e+00
3.600000010733060662e+02,1.365599796332355398e+00,3.741831144209726734e+00,2.134434612936472853e+00
3.700000011031200984e+02,1.377015152255577357e+00,3.639724241121351955e+00,1.656505466515716174e+00
3.800000011329341874e+02,1.371330640937671985e+00,3.861866928711853664e+00,1.910273781439997265e+00
3.900000011627482195e+02,1.288114005172888987e+00,3.712362522705640266e+00,1.785755580798124242e+00
4.000000011925623085e+02,1.320519908047234070e+00,3.666286771307936565e+00,1.630658882076264860e+00
4.100000012223763406e+02,1.210811139266761094e+00,3.639298833272206490e+00,1.702004898891858797e+00
4.200000012521903727e+02,1.324570921268936941e+00,3.855207096338607808e+00,1.962600584216522392e+00
4.300000012820044617e+02,1.322296203101276157e+00,3.749064437118552195e+00,1.940638954295254015e+00
4.400000013118184938e+02,1.226735253345811572e+00,3.901196603505385330e+00,2.024494819496567732e+00
4.500000013416325828e+02,1.196605120170660008e+00,3.728279311448829070e+00,1.815961547339676407e+00
4.600000013714466149e+02,1.077850692393526044e+00,3.792922537939885430e+00,2.022005771626461890e+00
4.700000014012607039e+02,1.161165498369672200e+00,3.844557353636455233e+00,2.524553890865611994e+00
4.800000014310747360e+02,1.165719393670132220e+00,3.697981458336097038e+00,1.807317349003701112e+00
4.900000014608887682e+02,1.204694107193632124e+00,3.481092341269083068e+00,1.672299117490339881e+00
5.000000014907028572e+02,1.142534540747958127e+00,3.696631496480862644e+00,2.163309246655023887e+00
5.100000015205168893e+02,1.142341200536731716e+00,3.716114648349248650e+00,2.006678584515415587e+00
5.200000015503309214e+02,1.143870834144618431e+00,3.786038011050908203e+00,2.140377793285651364e+00
5.300000015801450672e+02,1.207535290333801692e+00,3.704235093078766639e+00,2.205849716512214620e+00
5.400000016099590994e+02,1.112927861822201159e+00,3.976227336867377282e+00,2.452591489694660343e+00
5.500000016397731315e+02,1.123808528140577634e+00,3.672160640319520830e+00,2.425307699392498684e+00
5.600000016695871636e+02,1.050958021416935617e+00,3.722850725864485621e+00,2.254705120712562572e+00
5.700000016994011958e+02,1.158304292582828188e+00,3.552989978429774709e+00,1.990785626855497092e+00
5.800000017292153416e+02,1.130496786067008541e+00,3.464558843241116293e+00,1.780276844279416126e+00
5.900000017590293737e+02,1.126170781516392827e+00,3.584930252758948388e+00,2.052277453906911298e+00
6.000000017888434058e+02,1.114928849588490589e+00,3.510150432576523816e+00,1.994230642427835098e+00
6.100000018186574380e+02,1.156003312177758868e+00,3.566238471858798942e+00,2.097156030734576682e+00
6.200000018484715838e+02,1.094877040958884384e+00,3.487610018309370563e+00,1.796421031514536137e+00
6.300000018782856159e+02,1.192821333534186179e+00,3.701877082103915750e+00,2.275870720167582739e+00
6.400000019080996481e+02,1.149113336487307624e+00,3.693370272671382626e+00,2.194102286223438281e+00
6.500000019379136802e+02,1.151781102074660446e+00,3.509087946545675685e+00,1.904651655919576969e+00
6.600000019677277123e+02,1.100022874471309198e+00,3.721460171992959420e+00,2.345733725322991070e+00
6.700000019975418581e+02,1.050159669068629897e+00,3.609546384248505380e+00,2.195768010494958844e+00
6.800000020273558903e+02,1.152678471825747009e+00,3.483625062724313270e+00,2.112678322046075863e+00
6.900000020571699224e+02,1.113114240130142152e+00,3.437694106561749230e+00,2.025689062939569851e+00
7.000000020869839545e+02,1.183291104586406739e+00,3.406099531299888294e+00,1.892181792421073760e+00
7.100000021167981004e+02,1.094602779311207197e+00,3.794627759614837004e+00,2.122708932544733251e+00
7.200000021466121325e+02,1.188377977139236652e+00,3.237644794671312720e+00,1.507509894686541285e+00
7.300000021764261646e+02,1.212030305085102011e+00,3.694242526861368781e+00,2.128413679385023016e+00
7.400000022062401968e+02,1.295997151688324411e+00,3.389450964049690374e+00,1.723147341705443036e+00
7.500000022360542289e+02,1.256497481248765702e+00,3.468724437809986849e+00,1.597507316935592891e+00
7.600000022658683747e+02,1.316703830345238524e+00,3.552679593292043414e+00,1.917549401269525333e+00
7.700000022956824068e+02,1.105664685358997534e+00,3.548127799853019848e+00,1.682528274286176018e+00
7.800000023254964390e+02,1.216069486539291811e+00,3.478466992103840916e+00,1.816202242669414435e+00
7.900000023553104711e+02,1.199408609136948023e+00,3.505485550087296343e+00,1.615620535119248524e+00
8.000000023851246169e+02,1.186077147772945484e+00,3.580128333161527898e+00,1.993744607605409724e+00
8.100000024149386491e+02,1.197609936520492635e+00,3.732768312967654101e+00,2.255125935509931345e+00
8.200000024447526812e+02,1.164634727364410871e+00,3.581354806038631544e+00,1.935605045316062256e+00
8.300000024745667133e+02,1.219213960441943412e+00,3.612349768444107045e+00,1.973283768212922951e+00
8.400000025043807454e+02,1.070461646674190526e+00,3.535572754733830259e+00,2.030231893749439909e+00
8.500000025341948913e+02,1.134861490903748882e+00,3.616021029089510286e+00,2.230166473167476404e+00
8.600000025640089234e+02,1.219895573964178137e+00,3.262713029711878931e+00,1.933072641372235667e+00
8.700000025938229555e+02,1.114373509375914395e+00,3.609174468012866566e+00,1.873525531322285609e+00
8.800000026236369877e+02,1.209261663920715435e+00,3.705079155487198239e+00,1.866954763476124324e+00
8.900000026534510198e+02,1.170036159179699942e+00,3.805045310991737928e+00,2.012043004899458420e+00
9.000000026832651656e+02,1.240341048047866490e+00,3.748447279464429460e+00,2.156703234558645210e+00
9.100000027130791977e+02,1.242046673516072675e+00,3.703378880429642805e+00,2.364003201834002255e+00
9.200000027428932299e+02,1.168506079073040160e+00,3.600328614115780201e+00,2.120212969485675281e+00
9.300000027727072620e+02,1.232573522124884580e+00,3.604674883473534042e+00,1.983332806774552370e+00
9.400000028025214078e+02,1.229234118726760361e+00,3.547681577017457677e+00,2.064481028116288197e+00
9.500000028323354400e+02,1.176772308809251877e+00,3.581674459938406496e+00,1.855964010518025731e+00
9.600000028621494721e+02,1.236458276071692453e+00,3.782043761418730554e+00,2.200528778089286597e+00
9.700000028919635042e+02,1.235536095061912309e+00,3.686316177570556185e+00,2.255299466652959772e+00
9.800000029217775364e+02,1.206956887727777872e+00,3.476029114842318357e+00,1.985281520698872759e+00
9.900000029515916822e+02,1.221404549462982825e+00,3.810352285407580641e+00,2.205116739460667219e+00
1.000000002981405714e+03,1.299390467681391881e+00,3.681222140799590647e+00,2.189021198209300856e+00
1.010000003011219746e+03,1.336965310788145844e+00,3.834577996567844149e+00,2.419507395479636891e+00
1.020000003041033779e+03,1.217910874423923984e+00,3.789658539011381500e+00,2.191296908447502911e+00
1.030000003070847924e+03,1.183152075037469997e+00,4.196029119164410126e+00,2.633601098068569790e+00
1.040000003100661843e+03,1.161128338206026678e+00,3.605040704143819497e+00,1.924175317833670018e+00
1.050000003130475989e+03,1.328136584797427133e+00,4.109685842376041620e+00,2.348513542457036252e+00
1.060000003160290134e+03,1.346740596370498588e+00,3.701479135876962978e+00,2.044822923581052443e+00
1.070000003190104053e+03,1.319528483084213777e+00,3.877386082158857494e+00,1.908789627883854312e+00
1.080000003219918199e+03,1.330986112140875255e+00,3.998970729356978726e+00,1.970134077511966675e+00
1.090000003249732117e+03,1.239981659385275492e+00,4.138788097842668101e+00,2.077796142147170233e+00
1.100000003279546263e+03,1.231539514232120824e+00,3.878608013102423868e+00,1.822117413095789784e+00
1.110000003309360409e+03,1.201652426819367792e+00,3.977719993870475701e+00,1.744331938903418200e+00
1.120000003339174327e+03,1.211865111244261772e+00,3.878331211337494366e+00,1.596815912543536387e+00
1.130000003368988473e+03,1.147478997151166524e+00,3.903800584392358441e+00,1.837878290024276273e+00
1.140000003398802392e+03,1.173761813184421188e+00,3.879104563989486998e+00,1.812261559226008956e+00
1.150000003428616537e+03,1.232477835512154396e+00,3.707988750848499215e+00,1.777523420602520110e+00
1.160000003458430683e+03,1.184030189525625998e+00,3.590406063744164822e+00,1.546413030455556337e+00
1.170000003488244602e+03,1.187821688372351803e+00,3.928931328062963413e+00,2.056747130086902686e+00
1.180000003518058747e+03,1.245003483386106780e+00,3.834185729617020755e+00,1.838716186687339160e+00
1.190000003547872893e+03,1.265902674483945223e+00,3.746647671921623957e+00,1.949201488468565335e+00
1.200000003577686812e+03,1.157040584895886681e+00,4.065878461722634896e+00,1.856040096780660509e+00
1.210000003607500958e+03,1.153598607298464973e+00,3.880711893876354956e+00,1.840071495464550289e+00
1.220000003637314876e+03,1.151801356885293393e+00,4.107433746746448122e+00,1.999368597039032247e+00
1.230000003667129022e+03,1.155588622590676406e+00,4.256932922065129077e+00,2.499284488546331673e+00
1.240000003696943168e+03,1.255564268254273363e+00,3.951036790269676580e+00,2.027068728636266748e+00
1.250000003726757086e+03,1.200297040903611334e+00,4.165347752679145366e+00,2.310968277039370466e+00
1.260000003756571232e+03,1.210505839277895346e+00,3.769761180980593096e+00,1.596237426099483825e+00
1.270000003786385150e+03,1.180603072203003867e+00,3.756271629217507790e+00,1.372445169035035883e+00
1.280000003816199296e+03,1.213584212388233219e+00,3.836170497050275241e+00,1.915670981154036223e+00
1.290000003846013442e+03,1.256494295222041480e+00,3.829567772564313799e+00,1.832581561324910124e+00
1.300000003875827360e+03,1.266596013483446637e+00,4.085454527176371364e+00,2.217017226364407012e+00
1.310000003905641506e+03,1.279790972155057549e+00,3.799137899971591459e+00,1.769744479855899222e+00
1.320000003935455425e+03,1.201332159891012497e+00,4.060010534458425191e+00,2.306132107981616830e+00
1.330000003965269570e+03,1.248368797323867740e+00,3.893449075994317443e+00,2.093328115198985984e+00
1.340000003995083716e+03,1.158045127689844023e+00,3.998749085720582297e+00,1.957029338934852314e+00
1.350000004024897635e+03,1.265849826774017028e+00,3.892200774271621366e+00,2.384304065122095917e+00
1.360000004054711781e+03,1.304886379547939068e+00,3.845304857050456881e+00,2.091733703639830910e+00
1.370000004084525699e+03,1.256540725366799283e+00,4.034709208982348194e+00,2.629625085041389809e+00
1.380000004114339845e+03,1.285357782165707174e+00,4.121843725924309254e+00,2.832047057030668391e+00
1.390000004144153991e+03,1.408635690571714338e+00,4.187165178243025032e+00,2.476647546195743566e+00
1.400000004173967909e+03,1.270475039554711971e+00,4.251990297931115492e+00,2.508475482719466854e+00
1.410000004203782055e+03,1.309825900877418681e+00,4.381812133716248781e+00,2.645735121077659624e+00
1.420000004233596201e+03,1.264018459120991533e+00,4.239455702784493241e+00,2.426874106991626867e+00
1.430000004263410119e+03,1.291451266485650562e+00,4.275328210024744280e+00,2.760733982001133402e+00
1.440000004293224265e+03,1.276137484529691113e+00,3.898256716297562097e+00,2.194821085843993824e+00
1.450000004323038183e+03,1.302271173716270880e+00,3.850951904315353058e+00,2.192617053526200621e+00
1.460000004352852329e+03,1.256153825927009748e+00,4.109797946467243612e+00,2.546549116868068730e+00
1.470000004382666475e+03,1.247802345445025773e+00,4.063046981971836225e+00,2.392868154122362867e+00
1.480000004412480394e+03,1.180290133972367483e+00,4.084720061495879406e+00,2.118964244302454336e+00
1.490000004442294539e+03,1.191908342284938804e+00,4.075318213219662589e+00,2.338018808050960740e+00
1.500000004472108458e+03,1.319575136406485827e+00,4.046090485995062380e+00,2.361645172492077727e+00
1.510000004501922604e+03,1.234461937881354832e+00,3.995888444766242831e+00,2.137863056744150558e+00
1.520000004531736749e+03,1.192251602669470723e+00,4.139311399575237083e+00,2.418065158480779520e+00
1.530000004561550668e+03,1.196553923005156950e+00,3.743280236207787048e+00,1.686042496396555901e+00
1.540000004591364814e+03,1.230637678664072254e+00,3.490603215886344035e+00,1.510970961759426689e+00
1.550000004621178732e+03,1.204919007207521320e+00,3.674190357296887477e+00,1.476600159322559502e+00
1.560000004650992878e+03,1.185557783110889885e+00,3.419782736808380630e+00,1.452961971323046164e+00
1.570000004680807024e+03,1.235925085373958066e+00,3.586629815137878374e+00,1.599372051691829943e+00
1.580000004710620942e+03,1.279398200999497748e+00,3.704369327714235993e+00,1.630665764325135658e+00
1.590000004740435088e+03,1.300081841815567962e+00,3.896721702455827607e+00,2.147919512496682337e+00
1.600000004770249234e+03,1.316313573060861497e+00,3.909319275329131482e+00,2.180207080420737409e+00
1.610000004800063152e+03,1.333852880055499401e+00,3.692888829572303688e+00,1.639755903505487167e+00
1.620000004829877298e+03,1.335186487481280437e+00,3.640070310770073370e+00,1.608418568770583423e+00
1.630000004859691217e+03,1.280770295128253800e+00,3.868899952887983495e+00,1.979225007753396159e+00
1.640000004889505362e+03,1.315441952854728092e+00,3.932133566503539956e+00,1.851042206453620720e+00
1.650000004919319508e+03,1.333431981883413053e+00,3.948310571217515719e+00,1.919236876206771525e+00
1.660000004949133427e+03,1.342511477473831594e+00,3.756865815823438481e+00,1.765667327527072672e+00
1.670000004978947572e+03,1.336158493317614937e+00,4.005742888617779940e+00,2.530003512910303343e+00
1.680000005008761491e+03,1.337578644278938578e+00,4.007372315609462277e+00,2.113449195601623920e+00
1.690000005038575637e+03,1.323341736760953458e+00,4.031244375498385324e+00,2.173016525637003760e+00
1.700000005068389783e+03,1.398257383435586032e+00,3.879741339492220664e+00,1.945463129263940605e+00
1.710000005098203701e+03,1.327811615835625902e+00,3.398207893652697820e+00,9.538338356816011832e-01
1.720000005128017847e+03,1.417595420539969675e+00,3.199251684171175114e+00,4.505924031006931507e-01
1.730000005157831765e+03,1.341354777868879911e+00,3.473695314748864060e+00,8.997297838285530647e-01
1.740000005187645911e+03,1.432404829278958402e+00,3.462405709658662900e+00,6.605948467659182866e-01
1.750000005217460057e+03,1.342291383357508527e+00,3.619233688241708879e+00,1.786487424267732660e+00
1.760000005247273975e+03,1.372458186519916357e+00,3.435532906759096505e+00,1.232050280431634892e+00
1.770000005277088121e+03,1.329007891059939661e+00,3.351370523253337286e+00,1.225097727609592679e+00
1.780000005306902040e+03,1.359197883557124564e+00,3.516099790087298338e+00,1.435050694000891358e+00
1.790000005336716185e+03,1.396795160574107353e+00,3.449027451853959647e+00,6.995315834722528603e-01
1.800000005366530331e+03,1.358081100114116868e+00,3.521312792251404478e+00,1.038594536309497274e+00
1.810000005396344250e+03,1.370514693717143739e+00,3.494341113653776976e+00,9.726555287687067564e-01
1.820000005426158395e+03,1.288805576074539383e+00,3.925491042281920251e+00,2.340732868597670713e+00
1.830000005455972541e+03,1.360052422123665394e+00,3.774115654116502405e+00,1.579928131134717084e+00
1.840000005485786460e+03,1.306335331998857319e+00,4.023066279045202975e+00,2.116796580520590165e+00
1.850000005515600606e+03,1.321024755421081442e+00,4.108509886239366082e+00,2.199721731063609464e+00
1.860000005545414524e+03,1.266968312513907513e+00,3.770046706796977176e+00,1.959837269444674623e+00
1.870000005575228670e+03,1.286926328129173402e+00,3.787333553516345486e+00,1.838370459597300499e+00
1.880000005605042816e+03,1.270940640969276725e+00,3.887082828343392915e+00,2.017843618339970835e+00
1.890000005634856734e+03,1.330965460742933093e+00,3.865466692378889402e+00,2.153527283227217204e+00
1.900000005664670880e+03,1.333845271591411308e+00,3.860589377866666894e+00,2.165557571557715999e+00
1.910000005694484798e+03,1.321074951880195414e+00,3.936597950967847037e+00,2.242571591087308747e+00
1.920000005724298944e+03,1.349105761653349278e+00,3.848333961435050021e+00,2.254377872121647197e+00
1.930000005754113090e+03,1.351975870531509916e+00,4.007819906034090884e+00,2.361767050926899980e+00
1.940000005783927008e+03,1.283470775888425397e+00,4.251852537590051995e+00,2.622717884289592405e+00
1.950000005813741154e+03,1.326357157073645876e+00,4.033760991123136463e+00,2.234663774343436327e+00
1.960000005843555073e+03,1.370056259096057216e+00,3.596824684738411104e+00,1.882249259452706713e+00
1.970000005873369219e+03,1.324698792410130110e+00,3.886431917353061483e+00,2.207182546156998715e+00
1.980000005903183364e+03,1.368100883220039421e+00,3.909988597034255609e+00,2.046469109517313534e+00
1.990000005932997283e+03,1.325711647491851997e+00,3.894746243010666298e+00,1.930440509662676218e+00
2.000000005962811429e+03,1.320733729325769934e+00,4.084184299204022039e+00,2.249166571333887532e+00
2.010000005992625347e+03,1.308074524956025941e+00,3.738420726730357302e+00,1.899008272129447894e+00
2.020000006022439493e+03,1.362462119272997985e+00,3.956582071424448177e+00,2.183299188871370866e+00
2.030000006052253639e+03,1.344769786103154230e+00,4.032162332836949581e+00,2.143284801375322957e+00
2.040000006082067557e+03,1.289737886877575290e+00,3.864101221701609301e+00,2.210113924944010044e+00
2.050000006111881703e+03,1.323556116620513201e+00,3.849260674539885407e+00,2.132526940389036341e+00
2.060000006141695849e+03,1.372510340182629962e+00,3.948591700741729937e+00,2.409041347784033338e+00
2.070000006171509995e+03,1.320590579349543159e+00,3.988973341572155107e+00,2.452545241624990435e+00
2.080000006201323686e+03,1.256283734286858467e+00,4.096478634203659652e+00,2.171993962095670305e+00
2.090000006231137831e+03,1.316368567206798179e+00,3.969798843383739673e+00,2.057149141349606580e+00
2.100000006260951977e+03,1.379213033508819741e+00,3.950819679782458405e+00,2.453385273129894628e+00
2.110000006290766123e+03,1.267977170589784430e+00,3.793076259809400330e+00,1.939963565531695799e+00
2.120000006320580269e+03,1.232361608959521737e+00,3.735815925998644982e+00,2.071349335767765698e+00
2.130000006350393960e+03,1.320890338884890047e+00,3.932491880284569419e+00,1.959853748848228383e+00
2.140000006380208106e+03,1.300931560043640856e+00,3.850027616789846174e+00,1.999442444788281703e+00
2.150000006410022252e+03,1.275408585427038055e+00,3.793860367317292148e+00,2.017992019038090223e+00
2.160000006439836397e+03,1.258040327544750925e+00,3.933162128836191762e+00,2.128141306643650310e+00
2.170000006469650543e+03,1.323423312371334815e+00,3.676478826377654663e+00,1.832440996783093690e+00
2.180000006499464234e+03,1.284482662817142629e+00,3.746938050323393110e+00,1.984516297870525525e+00
2.190000006529278380e+03,1.222644926427514322e+00,3.890685128571000018e+00,1.924542760245325557e+00
2.200000006559092526e+03,1.321887117267017686e+00,3.819756739808371382e+00,1.944609444213350136e+00
2.210000006588906672e+03,1.267729692159808019e+00,3.596069011472720511e+00,1.879047905531873175e+00
2.220000006618720818e+03,1.334188892555707939e+00,3.867931045415901714e+00,2.163827932910623808e+00
2.230000006648534509e+03,1.354086266670419869e+00,3.706057473889594611e+00,1.643806765732403141e+00
2.240000006678348655e+03,1.362822866433203384e+00,3.810973730699223960e+00,2.169989376678963300e+00
2.250000006708162800e+03,1.393022003418766586e+00,3.710549795372538373e+00,1.985173066289815269e+00
2.260000006737976946e+03,1.286715794144133618e+00,3.920990865204527775e+00,1.932709838042643735e+00
2.270000006767791092e+03,1.306978029399898489e+00,3.760344519261759721e+00,1.990881116684046992e+00
2.280000006797604783e+03,1.379075152309967134e+00,3.769448778203661643e+00,1.925707304322478830e+00
2.290000006827418929e+03,1.270675624448372343e+00,3.909788631507379542e+00,2.023975706295602528e+00
2.300000006857233075e+03,1.405775459117035497e+00,3.937708136385197122e+00,2.049707262742508362e+00
2.310000006887047221e+03,1.408933838319433418e+00,3.815157822388337117e+00,1.812287765750104418e+00
2.320000006916861366e+03,1.419531217985329219e+00,3.325421338771321178e+00,1.336265566720048037e+00
2.330000006946675057e+03,1.365932179722813444e+00,3.920244333948531334e+00,2.185711045218346360e+00
2.340000006976489203e+03,1.403632600799216368e+00,3.743473652838562593e+00,1.786154542835060255e+00
2.350000007006303349e+03,1.378907941920360924e+00,3.740105016240187652e+00,1.629885119934505910e+00
2.360000007036117495e+03,1.433021593302739705e+00,3.792998782749022357e+00,1.613825794475670872e+00
2.370000007065931641e+03,1.362391006982683894e+00,3.989944274847864403e+00,2.041689108950767828e+00
2.380000007095745787e+03,1.362318495808375385e+00,3.989609990660697214e+00,2.026812649837342217e+00
2.390000007125559478e+03,1.372741559180943094e+00,3.836144101811841178e+00,1.955532276498134436e+00
2.400000007155373623e+03,1.327734431900143841e+00,4.187125171189357786e+00,2.365449858452985499e+00
2.410000007185187769e+03,1.306502817925497384e+00,3.926807805216788072e+00,2.080653515147050658e+00
2.420000007215001915e+03,1.319125718375339540e+00,3.561055889636810967e+00,1.785224163347339355e+00
2.430000007244816061e+03,1.410045542034093824e+00,3.664268786715694226e+00,2.185981628281361999e+00
2.440000007274629752e+03,1.432332614281170091e+00,3.975066710750871923e+00,2.201466483092128446e+00
2.450000007304443898e+03,1.358842788229287279e+00,3.801334508410171065e+00,1.770858389574456959e+00
2.460000007334258044e+03,1.300804561312056462e+00,3.934314615157461947e+00,2.068204728058000264e+00
2.470000007364072189e+03,1.321308209007411527e+00,3.642179841177681343e+00,1.810919032992577726e+00
2.480000007393886335e+03,1.318577538172106989e+00,3.653361740267116353e+00,1.670817309909599535e+00
2.490000007423700026e+03,1.371785746494432967e+00,3.671965416948126837e+00,1.946043102179913387e+00
2.500000007453514172e+03,1.449520631781629154e+00,3.787665634253910785e+00,1.945409892924918394e+00
2.510000007483328318e+03,1.416299761703043281e+00,3.828735931617010202e+00,2.169985150853990241e+00
2.520000007513142464e+03,1.349903036653486543e+00,3.832738006383293428e+00,1.858902955820265435e+00
2.530000007542956610e+03,1.345648766838127175e+00,3.628922968322096931e+00,1.836926738730694897e+00
2.540000007572770301e+03,1.420586842420880513e+00,3.914745082244923680e+00,1.971695101104358416e+00
2.550000007602584446e+03,1.547812788314721688e+00,4.334229740783761109e+00,2.537529221788390910e+00
2.560000007632398592e+03,1.391615624113396343e+00,4.335902662532769014e+00,2.310518163409245762e+00
2.570000007662212738e+03,1.436322009670409461e+00,3.833200916353321830e+00,1.961876974166230969e+00
2.580000007692026884e+03,1.446355872980894075e+00,3.725139177891184872e+00,2.104687026653990323e+00
2.590000007721840575e+03,1.446405817901692314e+00,3.661922796475575392e+00,1.792163463472502771e+00
2.600000007751654721e+03,1.465497050062604556e+00,3.942474071366396604e+00,2.067944002046099961e+00
2.610000007781468867e+03,1.540214937815903795e+00,3.559734843417392991e+00,1.680552242717994860e+00
2.620000007811283012e+03,1.525358894766322138e+00,3.877678304389822195e+00,1.837092744866485994e+00
2.630000007841097158e+03,1.415178041305027667e+00,3.677397869515392159e+00,2.152220368452754329e+00
2.640000007870910849e+03,1.358414114100316983e+00,3.717278948334083566e+00,2.033805642949015446e+00
2.650000007900724995e+03,1.517901773398085741e+00,3.986295355238073768e+00,2.358575469041948036e+00
2.660000007930539141e+03,1.521834176283397122e+00,3.844209972144340792e+00,2.116282192394902228e+00
2.670000007960353287e+03,1.567984568313857796e+00,3.700687164486101910e+00,2.072677141633792353e+00
2.680000007990167433e+03,1.422018337158387880e+00,4.365311968301673673e+00,2.556209541782012540e+00
2.690000008019981124e+03,1.300737788948697071e+00,4.062651000986530647e+00,1.863296525959508676e+00
2.700000008049795269e+03,1.454151395930145751e+00,4.175787253832099033e+00,2.296047542148147436e+00
2.710000008079609415e+03,1.399478079859687973e+00,3.799776298986793144e+00,1.921883622976696460e+00
2.720000008109423561e+03,1.406135384299413760e+00,3.908698561115617309e+00,2.267957225751914940e+00
2.730000008139237707e+03,1.380761229534362533e+00,3.795948247574022272e+00,1.822536425981778674e+00
2.740000008169051398e+03,1.343962645859398508e+00,3.738877364038245776e+00,1.879349700633385467e+00
2.750000008198865544e+03,1.278485720491044697e+00,3.819677319208248711e+00,1.985905124394626853e+00
2.760000008228679690e+03,1.315362391475703996e+00,3.889577566322921509e+00,2.013797655362104422e+00
2.770000008258493835e+03,1.341345725816636580e+00,3.726867856214935770e+00,1.804620192955570523e+00
2.780000008288307981e+03,1.439635882562704250e+00,3.693066014081648696e+00,2.050394730466180260e+00
2.790000008318122127e+03,1.301937548345339035e+00,3.829157854863147747e+00,1.803353887780286158e+00
2.800000008347935818e+03,1.280835389358810028e+00,3.678937060818400440e+00,1.859291065415558108e+00
2.810000008377749964e+03,1.348035092588014905e+00,3.685214681563485861e+00,1.663877677449582260e+00
2.820000008407564110e+03,1.455470310935756739e+00,3.703005481565714962e+00,1.904303335647593798e+00
2.830000008437378256e+03,1.431634828913267654e+00,3.523395187044823906e+00,1.780767635580439601e+00
2.840000008467192401e+03,1.388751096917980155e+00,3.791141691376124889e+00,1.753174388231835357e+00
2.850000008497006093e+03,1.355391240974942679e+00,3.613456487721012245e+00,1.754151255601599901e+00
2.860000008526820238e+03,1.383454768375518285e+00,3.734850688920569262e+00,1.950248858369082461e+00
2.870000008556634384e+03,1.471260706880340718e+00,3.673133263637808454e+00,1.948365093455973751e+00
2.880000008586448530e+03,1.507157193222114611e+00,4.091868604478679394e+00,2.241508959962581926e+00
2.890000008616262676e+03,1.484223964021662123e+00,3.457496382586498385e+00,1.855737591910282536e+00
2.900000008646076367e+03,1.459609616280727051e+00,3.646237505814762248e+00,1.845721415242180807e+00
2.910000008675890513e+03,1.390100231868939273e+00,3.566459200534103591e+00,1.701499149074255479e+00
2.920000008705704658e+03,1.430098975024524988e+00,3.709859603117753313e+00,2.038978125477617809e+00
2.930000008735518804e+03,1.395020567860264293e+00,3.756996410726041624e+00,1.963456073016664583e+00
2.940000008765332950e+03,1.386654523011572104e+00,3.860067227469632378e+00,1.909015508068920841e+00
2.950000008795146641e+03,1.359093891584993719e+00,3.793078428040245864e+00,2.252381165856371492e+00
2.960000008824960787e+03,1.378981314134249070e+00,3.378348506975982879e+00,1.574011255867177939e+00
2.970000008854774933e+03,1.339626807651889129e+00,3.753995465777892449e+00,2.276060802077482403e+00
2.980000008884589079e+03,1.375835478930285349e+00,3.628402782405758753e+00,2.119803459669816981e+00
2.990000008914403224e+03,1.418865815436237021e+00,3.537101410997352424e+00,1.681926623220096673e+00
3.000000008944216916e+03,1.362169017358507483e+00,3.849014442154961912e+00,2.188013605360813685e+00
3.010000008974031061e+03,1.398045619033811526e+00,3.601195308373731585e+00,2.172641647838019718e+00
3.020000009003845207e+03,1.465364813685126721e+00,3.638230239401780253e+00,2.284789535370314262e+00
3.030000009033659353e+03,1.536403133671418120e+00,3.777854460599900932e+00,2.133145679710263476e+00
3.040000009063473499e+03,1.502974107556889871e+00,3.402707629638757059e+00,1.795203241250004966e+00
3.050000009093287190e+03,1.401686959121370979e+00,3.461319509504650949e+00,1.656178998607766628e+00
3.060000009123101336e+03,1.438520057476007974e+00,3.207092225241273020e+00,8.180356022476354960e-01
3.070000009152915482e+03,1.609584535388867366e+00,2.845484471824215600e+00,6.339939621849021156e-01
3.080000009182729627e+03,1.525816038923800022e+00,3.351502167724061287e+00,9.336136255578694199e-01
3.090000009212543773e+03,1.510528215785927664e+00,3.219642226907133864e+00,9.228160344973923568e-01
3.100000009242357464e+03,1.487029792776916270e+00,3.273475411843040916e+00,1.102608744100996185e+00
3.110000009272171610e+03,1.512725511212146934e+00,3.200422264017658058e+00,1.040769307400362775e+00
3.120000009301985756e+03,1.389274743283965163e+00,2.896508415521009461e+00,1.047612064402242860e+00
3.130000009331799902e+03,1.468199617930422640e+00,3.130570974348006796e+00,1.280678824185542686e+00
3.140000009361614048e+03,1.425177416851215240e+00,2.838066954318797741e+00,7.594023656084278873e-01
3.150000009391427739e+03,1.419186199569970608e+00,2.900744991135392414e+00,1.016849648024712227e+00
3.160000009421241884e+03,1.374812354324622454e+00,2.732359113783336735e+00,4.925378989604118907e-01
3.170000009451056030e+03,1.404986240336217218e+00,3.080077178460221887e+00,7.030402224919405363e-01
3.180000009480870176e+03,1.452757222915042279e+00,3.205489249205768498e+00,1.046796070914262078e+00
3.190000009510684322e+03,1.404524896026662528e+00,2.997369354282831466e+00,1.120356136920193091e+00
3.200000009540498468e+03,1.455201090609780090e+00,2.918840956200145165e+00,6.886218154449824658e-01
3.210000009570312159e+03,1.383049700215339461e+00,3.401551399756034932e+00,1.305059639277085015e+00
3.220000009600126305e+03,1.448024786570269562e+00,3.091892766851656926e+00,9.646674111061619428e-01
3.230000009629940450e+03,1.515609909977063685e+00,3.144127325018670316e+00,1.229554070806269328e+00
3.240000009659754596e+03,1.455675910959931540e+00,3.301768511717536825e+00,1.518814490674932571e+00
3.250000009689568742e+03,1.464324015588928773e+00,3.054576372142023821e+00,1.171765255274148432e+00
3.260000009719382433e+03,1.461456354420517689e+00,3.044406999946700054e+00,8.267354821209648152e-01
3.270000009749196579e+03,1.446382129966856667e+00,3.441088786076023975e+00,1.541372342451980515e+00
3.280000009779010725e+03,1.490736712211983450e+00,2.986270983974928850e+00,1.078784543427272924e+00
3.290000009808824871e+03,1.442535693354573212e+00,3.313843704703194781e+00,1.072928798106772552e+00
3.300000009838639016e+03,1.426440634169056088e+00,2.858795101851914655e+00,9.577706416131079870e-01
3.310000009868452707e+03,1.409758615773232693e+00,2.969988936969192306e+00,1.044351634579147259e+00
3.320000009898266853e+03,1.441955914799538885e+00,3.224883871624099729e+00,1.358924845888646482e+00
3.330000009928080999e+03,1.400229552059685689e+00,3.244039943458669306e+00,1.204421686004826908e+00
3.340000009957895145e+03,1.448353457128129573e+00,3.241595650869577572e+00,1.154734985886958221e+00
3.350000009987709291e+03,1.451491189680356175e+00,3.221403269506183609e+00,1.383207042171284984e+00
3.360000010017522982e+03,1.416411505598121234e+00,2.942742723030319585e+00,9.589730964840471605e-01
3.370000010047337128e+03,1.326193978352553371e+00,3.344850898784617499e+00,1.248458078326006859e+00
3.380000010077151273e+03,1.425399425330411418e+00,3.000013927470161157e+00,1.083313053505422952e+00
3.390000010106965419e+03,1.352954289585660552e+00,2.913314640477255857e+00,7.488664125412332062e-01
3.400000010136779565e+03,1.420673284151684257e+00,3.368343947208060296e+00,1.464386853427195989e+00
3.410000010166593256e+03,1.500266866997659765e+00,3.198303760031100396e+00,1.516878595765031923e+00
3.420000010196407402e+03,1.492557981676503331e+00,3.446652198336309869e+00,1.544561326134991308e+00
3.430000010226221548e+03,1.534687861673161624e+00,3.393579055887132601e+00,1.263652239204204664e+00
3.440000010256035694e+03,1.517061151809328212e+00,3.047403506713161292e+00,1.051627365118479096e+00
3.450000010285849839e+03,1.474049241427590307e+00,3.179318062012273405e+00,8.788054890118490725e-01
3.460000010315663530e+03,1.462822114832661891e+00,3.109737253081932717e+00,9.291519769184154454e-01
3.470000010345477676e+03,1.478219181215622902e+00,3.291718129511836288e+00,1.152965069547826182e+00
3.480000010375291822e+03,1.371656733785739046e+00,3.278133345780923857e+00,6.469655689058025905e-01
3.490000010405105968e+03,1.317527895399991600e+00,3.278743378554034749e+00,1.026281350595542818e+00
3.500000010434920114e+03,1.392226268337288131e+00,3.159382716451501150e+00,7.997126076909090164e-01
3.510000010464733805e+03,1.465503908700363844e+00,3.281230368815640563e+00,5.938013928094911797e-01
3.520000010494547951e+03,1.434137593318742132e+00,3.221086529745601279e+00,8.020268810194441933e-01
3.530000010524362096e+03,1.498534932169886646e+00,3.301084727044954814e+00,1.094759816844561806e+00
3.540000010554176242e+03,1.486659190677920073e+00,3.316437439166115109e+00,9.474959446372782645e-01
3.550000010583990388e+03,1.505495742051568220e+00,3.280314863666797365e+00,1.125732537350978335e+00
3.560000010613804079e+03,1.495191758052601072e+00,3.302970646931894017e+00,8.185450535631272340e-01
3.570000010643618225e+03,1.436845989254722511e+00,3.396725543179383244e+00,5.411769870020775031e-01
3.580000010673432371e+03,1.394021841076225954e+00,3.228083119100428444e+00,1.069111258998253211e+00
3.590000010703246517e+03,1.560039572874375891e+00,3.163434825163534914e+00,9.677883389939951897e-01
3.600000010733060662e+03,1.412785292484904920e+00,3.321578969461011610e+00,1.080835856175952570e+00
3.610000010762874354e+03,1.418945040508171163e+00,3.242861812459902460e+00,9.299032916565902473e-01
3.620000010792688499e+03,1.345653067224675370e+00,3.069780782268201946e+00,6.903624625397715153e-01
3.630000010822502645e+03,1.448629115208275753e+00,3.018562049989509610e+00,5.755026433241904327e-01
3.640000010852316791e+03,1.373582661476263844e+00,3.163537716796023691e+00,9.949248509319269518e-01
3.650000010882130937e+03,1.417994035584387857e+00,3.123538711676315138e+00,7.142523784944916354e-01
3.660000010911945083e+03,1.382030143763277374e+00,3.048307097163771129e+00,6.646167386567891633e-01
3.670000010941758774e+03,1.312828398409167763e+00,3.084365770551946273e+00,7.993259414423194986e-01
3.680000010971572920e+03,1.426955001431069903e+00,3.296141537507535801e+00,8.286807796738611120e-01
3.690000011001387065e+03,1.367674698263904087e+00,3.129014226137033727e+00,6.967722530917364043e-01
3.700000011031201211e+03,1.316219454618109408e+00,3.197894179977923024e+00,8.379249159997518293e-01
3.710000011061015357e+03,1.307058499136726892e+00,3.191263951393570775e+00,9.547037648729903569e-01
3.720000011090829048e+03,1.408316738457648043e+00,3.142352706298762843e+00,1.122386196637789491e+00
3.730000011120643194e+03,1.359943201725381190e+00,3.293443122248251864e+00,7.240054467540250061e-01
3.740000011150457340e+03,1.304578118779306628e+00,3.517069243690160718e+00,1.231684007173843742e+00
3.750000011180271486e+03,1.359789347828511907e+00,3.359918405517107853e+00,8.611952022163648079e-01
3.760000011210085631e+03,1.368798800116324266e+00,3.336887918464771730e+00,1.293867323018275783e+00
3.770000011239899322e+03,1.428866727978359341e+00,3.423276824433409526e+00,6.261942570939259545e-01
3.780000011269713468e+03,1.522239612391972141e+00,3.355540227942225506e+00,1.058693960093129993e+00
3.790000011299527614e+03,1.402788256165353520e+00,3.418085570629129766e+00,1.224565566906179015e+00
3.800000011329341760e+03,1.419169249959386869e+00,3.352839709135392088e+00,1.008069125141970224e+00
3.810000011359155906e+03,1.340317940036536815e+00,3.406687488650267603e+00,9.446742514222110643e-01
3.820000011388969597e+03,1.278969938661930428e+00,3.280726482696642243e+00,4.895722496509571364e-01
3.830000011418783743e+03,1.348671224153706660e+00,3.389138445211987261e+00,8.405766515179875498e-01
3.840000011448597888e+03,1.385809831063168795e+00,3.288183584025710982e+00,8.937763352294316732e-01
3.850000011478412034e+03,1.417508856324912303e+00,3.450391660573988606e+00,1.240285083976584213e+00
3.860000011508226180e+03,1.359536638606678505e+00,3.095229191521374990e+00,7.110564749958465658e-01
3.870000011538039871e+03,1.381794906785011046e+00,3.200954362816216481e+00,7.034215063521789268e-01
3.880000011567854017e+03,1.340604515222070470e+00,3.251407271723833592e+00,1.156232849804064822e+00
3.890000011597668163e+03,1.292089295736217336e+00,3.148989108638818646e+00,7.160881464060657731e-01
3.900000011627482309e+03,1.341230242409368500e+00,3.554368063779836273e+00,1.030069946983620310e+00
3.910000011657296454e+03,1.343203585685930790e+00,3.333497596695995213e+00,8.234575580468774803e-01
3.920000011687110145e+03,1.411288398649555909e+00,3.337130257105251463e+00,1.012550535656766781e+00
3.930000011716924291e+03,1.332225224204645952e+00,3.241061533876041789e+00,1.137425928586583534e+00
3.940000011746738437e+03,1.398073934269784324e+00,3.577582771450558585e+00,1.124643748756682049e+00
3.950000011776552583e+03,1.409948125261133889e+00,3.397608928864516376e+00,9.429488937505950963e-01
3.960000011806366729e+03,1.253468783462302172e+00,3.340757918226514800e+00,9.107524955529895383e-01
3.970000011836180420e+03,1.351038310145230348e+00,3.536053472854554958e+00,8.320229483619488997e-01
3.980000011865994566e+03,1.318200092655727129e+00,3.494361465668057054e+00,8.378216200452766049e-01
3.990000011895808711e+03,1.254696816139262872e+00,3.207998437667413771e+00,6.881461855000196026e-01
4.000000011925622857e+03,1.259357846366523148e+00,3.272283668678588331e+00,7.153883437055561512e-01
4.010000011955437003e+03,1.279749648696059117e+00,3.497944467055350337e+00,9.214921686160639780e-01
4.020000011985250694e+03,1.330607936680947567e+00,3.455015338608192543e+00,1.278994974081892222e+00
4.030000012015064840e+03,1.255612860771901262e+00,3.275486883278785566e+00,7.144278813230343639e-01
4.040000012044878986e+03,1.304998204398926109e+00,3.432497466607640657e+00,1.007473474846082295e+00
4.050000012074693132e+03,1.287628949399922007e+00,3.559227643544578434e+00,1.151035354976363445e+00
4.060000012104507277e+03,1.379601567747371416e+00,3.386609753741515849e+00,8.372315368761540366e-01
4.070000012134321423e+03,1.180745083596377532e+00,3.366160996286473139e+00,8.795826420569677895e-01
4.080000012164135114e+03,1.219266515287756203e+00,3.378533109324351358e+00,7.624256859193676572e-01
4.090000012193949260e+03,1.180970199822124700e+00,3.462379242066543572e+00,1.112609249170389170e+00
4.100000012223763406e+03,1.188403168311682467e+00,3.397495359714649332e+00,8.813058699354400227e-01
4.110000012253577552e+03,1.218243503711421871e+00,3.312526396394787298e+00,5.186679865811426593e-01
4.120000012283391698e+03,1.238090364136342991e+00,3.187616295831902757e+00,3.608560551299796471e-01
4.130000012313205843e+03,1.239734499956297586e+00,3.275732674398332378e+00,9.156447782192015383e-01
4.140000012343019989e+03,1.303368090280884850e+00,3.289425609964371056e+00,4.994656437405440297e-01
4.150000012372833226e+03,1.217028070355772540e+00,3.265245150404316288e+00,3.605979071699372818e-01
4.160000012402647371e+03,1.320406948549110560e+00,3.259508531352549365e+00,5.845760698402931999e-01
4.170000012432461517e+03,1.267437965508499742e+00,3.411416063024534040e+00,4.503518753249849960e-01
4.180000012462275663e+03,1.265975326837178949e+00,3.489759583289415712e+00,1.802202454685863375e-01
4.190000012492089809e+03,1.267495443503972252e+00,3.476229497998740037e+00,8.522704720833786940e-01
4.200000012521903955e+03,1.195199585708613510e+00,3.264866285647007871e+00,9.589412993675745511e-01
4.210000012551718100e+03,1.180214474792865120e+00,3.453697407725238033e+00,4.075105493253067812e-01
4.220000012581532246e+03,1.145132211464876537e+00,3.370133956739950865e+00,8.040941669346594045e-01
4.230000012611346392e+03,1.187430271549084093e+00,3.498064708327364158e+00,6.353312451483561496e-01
4.240000012641160538e+03,1.264896300854217781e+00,3.287795300895378414e+00,7.762824268970914821e-01
4.250000012670973774e+03,1.273924826997308468e+00,3.522692887885327195e+00,7.489627938235217108e-01
4.260000012700787920e+03,1.289956704401324705e+00,3.276967558038102801e+00,5.001185197503776880e-01
4.270000012730602066e+03,1.252871569818851061e+00,3.658088149867002148e+00,3.311164468216489798e-01
4.280000012760416212e+03,1.271495510060937972e+00,3.254940442972952930e+00,6.820601700948516477e-01
4.290000012790230357e+03,1.411489931973610945e+00,3.309277938927571494e+00,7.782463154037038144e-01
4.300000012820044503e+03,1.310778873330907590e+00,3.199822549629785406e+00,8.506970443786463498e-01
4.310000012849858649e+03,1.302122094345449677e+00,3.134028037781856124e+00,5.468180822822057419e-01
4.320000012879672795e+03,1.332777454174046916e+00,3.179655745082369922e+00,8.772860945808127475e-01
4.330000012909486941e+03,1.277645136930635639e+00,3.243729953850204684e+00,6.872216146744510867e-01
4.340000012939301087e+03,1.374023333657130364e+00,3.276629974185420568e+00,8.909222273968679939e-01
4.350000012969115232e+03,1.302221152504612123e+00,3.404110379688103816e+00,6.725331570264154735e-01
4.360000012998928469e+03,1.354420769250544332e+00,3.179364400622936238e+00,7.358130705006673544e-01
4.370000013028742615e+03,1.411608118124235922e+00,3.235113783771434104e+00,5.940415028433433386e-01
4.380000013058556760e+03,1.405900522521023266e+00,3.170508005411520003e+00,1.116779623154002143e+00
4.390000013088370906e+03,1.419772988715808371e+00,3.277957180772354651e+00,5.022602023201950816e-01
4.400000013118185052e+03,1.434327540409743973e+00,3.598549538269197434e+00,5.182017448912802360e-01
4.410000013147999198e+03,1.415085560501260220e+00,3.202875008402907842e+00,6.254931266385869160e-01
4.420000013177813344e+03,1.404872869189541573e+00,3.343891051958965299e+00,4.900018322795551828e-01
4.430000013207627489e+03,1.361340315751199403e+00,3.334419593395963055e+00,3.501293334594737794e-01
4.440000013237441635e+03,1.333398694949653018e+00,3.270715259261595342e+00,8.395939243783712147e-01
4.450000013267255781e+03,1.300211817396889069e+00,3.179978587463281325e+00,5.663791745116951715e-01
4.460000013297069017e+03,1.330593038425287311e+00,3.121562910076344899e+00,3.876815974397359588e-01
4.470000013326883163e+03,1.368147410792456942e+00,3.425571369146770628e+00,1.847844578170295959e-01
4.480000013356697309e+03,1.455608722835962210e+00,3.495841650988928961e+00,3.971579713521131150e-01
4.490000013386511455e+03,1.459076524667283437e+00,3.258482582146490003e+00,7.266791041067534040e-01
4.500000013416325601e+03,1.352172353509141667e+00,3.329632773737833062e+00,3.714076945615080172e-01
4.510000013446139747e+03,1.452742076875783050e+00,3.411430610445898459e+00,5.538331001306948664e-01
4.520000013475953892e+03,1.425427440081598274e+00,3.489272093272676845e+00,3.027572238869499777e-01
4.530000013505768038e+03,1.378320637183533925e+00,3.470264656540251291e+00,5.508078367237011497e-01
4.540000013535582184e+03,1.296555084829115856e+00,3.567570145184498109e+00,4.776285066137335167e-01
4.550000013565396330e+03,1.368879878437597952e+00,3.706230609308283963e+00,3.058067137932393709e-01
4.560000013595209566e+03,1.453484142580073080e+00,3.391864109420374529e+00,5.155605352858555479e-01
4.570000013625023712e+03,1.360870937377838708e+00,3.458914365060768770e+00,5.698631521467985017e-01
4.580000013654837858e+03,1.390430091185003159e+00,3.328737229610952308e+00,4.685591091252838680e-01
4.590000013684652004e+03,1.373938891023722242e+00,3.308897274177875047e+00,3.174615402228233574e-01
4.600000013714466149e+03,1.393563456272622014e+00,3.326270280215104069e+00,3.667433475811498478e-01
4.610000013744280295e+03,1.395766761920507637e+00,3.244678213755481266e+00,2.289977368700002458e-01
4.620000013774094441e+03,1.314001437616430845e+00,3.328243339879015661e+00,5.870282308310377228e-01
4.630000013803908587e+03,1.402176149825610230e+00,3.529909312300220758e+00,2.258164651316540705e-01
4.640000013833722733e+03,1.457646999987308956e+00,3.577341383947036491e+00,2.654876720446378013e-01
4.650000013863536878e+03,1.346509210881792429e+00,3.436076494907069900e+00,3.932679457219396268e-01
4.660000013893350115e+03,1.439253004122967416e+00,3.421083054603077045e+00,4.864008439244850157e-01
4.670000013923164261e+03,1.413972155496174610e+00,3.553300907778949913e+00,4.223523733423643067e-01
4.680000013952978406e+03,1.472088389140446152e+00,3.402282376976075717e+00,7.988330786696764552e-01
4.690000013982792552e+03,1.443452457480667750e+00,3.493221009116804776e+00,1.479420080119390468e-01
4.700000014012606698e+03,1.473152540360664897e+00,3.849955722404780012e+00,7.106865231839295527e-01
4.710000014042420844e+03,1.446414211731611221e+00,3.483204350552465911e+00,4.532771743129784814e-01
4.720000014072234990e+03,1.580066016158894859e+00,3.538437235464841457e+00,2.985082082523593527e-01
4.730000014102049136e+03,1.504527288184490219e+00,3.499441455446879345e+00,2.222969079404061576e-01
4.740000014131863281e+03,1.408921010436429144e+00,3.210856662737992639e+00,3.567221267077111957e-01
4.750000014161677427e+03,1.468771512949573754e+00,3.395478542389739118e+00,7.632246801795469215e-01
4.760000014191491573e+03,1.466340931745483189e+00,3.555173249939052482e+00,8.593277193308167528e-01
4.770000014221304809e+03,1.525554852187142707e+00,3.437148260628414498e+00,6.131419217644641373e-01
4.780000014251118955e+03,1.508251310783947918e+00,3.314657234721022583e+00,4.761357141469262366e-01
4.790000014280933101e+03,1.541350418863866478e+00,3.428860305755606852e+00,6.361111389156342000e-01
4.800000014310747247e+03,1.424957946032932021e+00,3.490572305311790302e+00,6.478821484119642315e-01
4.810000014340561393e+03,1.427538772221530694e+00,3.742282278342238921e+00,5.440081837383994312e-01
4.820000014370375538e+03,1.346742948160232878e+00,3.788077784610397014e+00,6.298681475474878777e-01
4.830000014400189684e+03,1.363513940426754445e+00,3.644966121784638524e+00,4.572685995553142368e-01
4.840000014430003830e+03,1.433872106366829158e+00,3.665755685573392153e+00,7.942876159028579020e-01
4.850000014459817976e+03,1.427713783658439484e+00,3.572003856924211629e+00,2.828656301458243871e-01
4.860000014489632122e+03,1.385389177681115136e+00,3.586864495929316998e+00,3.660100223960062182e-01
4.870000014519445358e+03,1.357361973766501251e+00,3.553057233672787252e+00,3.380992524005382860e-01
4.880000014549259504e+03,1.393503810411001353e+00,3.667879036958677119e+00,4.038343406145795123e-01
4.890000014579073650e+03,1.317397699262364164e+00,3.651492991149750456e+00,6.866327215032723696e-01
4.900000014608887795e+03,1.272169700827358918e+00,3.580703537615666399e+00,6.558017796902866348e-01
4.910000014638701941e+03,1.271328983888611042e+00,3.459747050053040507e+00,7.005710063683062705e-01
4.920000014668516087e+03,1.387437453824678091e+00,3.524270003235182802e+00,1.497973272785568799e-01
4.930000014698330233e+03,1.419320557692438589e+00,3.472343420093127797e+00,3.735413435918101821e-01
4.940000014728144379e+03,1.410875466411095180e+00,3.555389998132836737e+00,4.247474037188822549e-01
4.950000014757958525e+03,1.442012616293894878e+00,3.331883091661917096e+00,7.645103194542653968e-01
4.960000014787772670e+03,1.411543752838613885e+00,3.255292817276961514e+00,6.364469945149797692e-01
4.970000014817585907e+03,1.406567531883944566e+00,3.247877190888389443e+00,5.007606315268291475e-01
4.980000014847400053e+03,1.378132475374892696e+00,3.427409346388570643e+00,7.388576413099184892e-01
4.990000014877214198e+03,1.493746413784770022e+00,3.622920417500208767e+00,5.945285815677991970e-01
5.000000014907028344e+03,1.400393023753022215e+00,3.154550953851359640e+00,7.189727526158350424e-01
5.010000014936842490e+03,1.313630963611491342e+00,3.510401019798861544e+00,4.772359209960137516e-01
5.020000014966656636e+03,1.498978566992043016e+00,3.332995690129539224e+00,4.288413606454483662e-01
5.030000014996470782e+03,1.441387380306272226e+00,3.522028332113539495e+00,2.943158666613190921e-01
5.040000015026284927e+03,1.377923230876056504e+00,3.390148630177189037e+00,2.792009241737554159e-01
5.050000015056099073e+03,1.322195576664661809e+00,3.494177474696953833e+00,3.606383379797353794e-01
5.060000015085913219e+03,1.317288919336468966e+00,3.554504825593516326e+00,4.644816718433284475e-01
5.070000015115726455e+03,1.268511452471709156e+00,3.470458220474349709e+00,3.661604402385791879e-01
5.080000015145540601e+03,1.366092834962246982e+00,3.534636397292356680e+00,2.967048310808123035e-01
5.090000015175354747e+03,1.373594265488722321e+00,3.364022701577257024e+00,3.061847512123788140e-01
5.100000015205168893e+03,1.411662617072440229e+00,3.571577156087093918e+00,2.755912968976183541e-01
5.110000015234983039e+03,1.391910160496056204e+00,3.263391568245191721e+00,5.385439639251208277e-01
5.120000015264797184e+03,1.395554063314225823e+00,3.452890355501675668e+00,2.573974528858938293e-01
5.130000015294611330e+03,1.487351266614487688e+00,3.528483194408130519e+00,1.172480340758930983e-01
5.140000015324425476e+03,1.391987504445725055e+00,3.580753763272640278e+00,4.199142076092368114e-01
5.150000015354239622e+03,1.496249339721695604e+00,3.824107006919540641e+00,3.326184635212364182e-01
5.160000015384053768e+03,1.423316271241349407e+00,3.547274884009197216e+00,2.314903553575143880e-01
5.170000015413867914e+03,1.467508020521516299e+00,3.506654107468921922e+00,2.897250615778217409e-01
5.180000015443681150e+03,1.439034255998607348e+00,3.559705139972094479e+00,3.638374983464411350e-01
5.190000015473495296e+03,1.398599554666566824e+00,3.629892223216979463e+00,3.221675336046549432e-01
5.200000015503309442e+03,1.431446694710231560e+00,3.435002652463989392e+00,5.137954792376534519e-01
5.210000015533123587e+03,1.434807597624818909e+00,3.614696027840988535e+00,4.740826651422791471e-01
5.220000015562937733e+03,1.444050222073303136e+00,3.322528090550677327e+00,6.059641238719334355e-01
5.230000015592751879e+03,1.497501190292811257e+00,3.193640247332243387e+00,5.496030638063654772e-01
5.240000015622566025e+03,1.406919030556942563e+00,3.300368696993779771e+00,6.538999636368177937e-01
5.250000015652380171e+03,1.431050302450939338e+00,3.180918478443475639e+00,4.707839693354101129e-01
5.260000015682194316e+03,1.415728693364838753e+00,3.277481376058876350e+00,4.722994042766605061e-01
5.270000015712008462e+03,1.429088640951317712e+00,3.323674417621771848e+00,1.897356529276715831e-01
5.280000015741821699e+03,1.505322264639719743e+00,3.525726083029494085e+00,4.516025797460009317e-01
5.290000015771635844e+03,1.464665951614273709e+00,3.206303511751722901e+00,4.125029237143996164e-01
5.300000015801449990e+03,1.541514017959149774e+00,3.394678754513852148e+00,3.150248662975722591e-01
5.310000015831264136e+03,1.526387464878615763e+00,3.228749213895441006e+00,4.326120536105698688e-01
5.320000015861078282e+03,1.457188778968296461e+00,3.551026744120567180e+00,7.965307170988349394e-01
5.330000015890892428e+03,1.523113759498525566e+00,3.728259900427357554e+00,6.633713504313826226e-01
5.340000015920706574e+03,1.450087244373430950e+00,3.727869057068128544e+00,3.231276906647412850e-01
5.350000015950520719e+03,1.469369956963729518e+00,3.861431169628161353e+00,6.636588741101460132e-01
5.360000015980334865e+03,1.510402320263359632e+00,3.808373772348675246e+00,5.527543413447426612e-01
5.370000016010149011e+03,1.476927943932311527e+00,3.697761843679602034e+00,6.882468368438238171e-01
5.380000016039962247e+03,1.414670944784586215e+00,4.111527449833998205e+00,1.118035491202834519e+00
5.390000016069776393e+03,1.451119591139926390e+00,3.885556763732953556e+00,7.257044013131294102e-01
5.400000016099590539e+03,1.355688091945162155e+00,3.974109270583952025e+00,8.741724786101243705e-01
5.410000016129404685e+03,1.354439363837879329e+00,3.780693003885130299e+00,4.243117142235684480e-01
5.420000016159218831e+03,1.383701573046501432e+00,4.111721386311130821e+00,1.110469348464580897e+00
5.430000016189032976e+03,1.349013802926847916e+00,3.118081549137326380e+00,2.333009921399043229e-01
5.440000016218847122e+03,1.341418674342375494e+00,3.499182836004276709e+00,3.206766193564914436e-01
5.450000016248661268e+03,1.327832716602900032e+00,3.767974531065879873e+00,5.620194917547214342e-01
5.460000016278475414e+03,1.323471970134220799e+00,3.650880929299628708e+00,5.263447762373075767e-01
5.470000016308289560e+03,1.303230187092425219e+00,4.255906143982099543e+00,1.079957438758149424e+00
5.480000016338102796e+03,1.267644659925241335e+00,4.045110843225208974e+00,7.399443673271709487e-01
5.490000016367916942e+03,1.377670312864275770e+00,3.920163364666018779e+00,6.509734784602387858e-01
5.500000016397731088e+03,1.338447322411168372e+00,3.941338720098427562e+00,5.548947686427918580e-01
5.510000016427545233e+03,1.306263000562760901e+00,3.977267904035257207e+00,7.803920093402081370e-01
5.520000016457359379e+03,1.452508129236959045e+00,3.915095981638951006e+00,8.456659927208862726e-01
5.530000016487173525e+03,1.435805691467546774e+00,4.004548321954858103e+00,8.249811674449039067e-01
5.540000016516987671e+03,1.401250655258193367e+00,4.145644714103071671e+00,6.681246669677807226e-01
5.550000016546801817e+03,1.442358858205771810e+00,3.922084069574778731e+00,8.485117776758701602e-01
5.560000016576615963e+03,1.396508413067193199e+00,4.163599210334787415e+00,7.007590222032198390e-01
5.570000016606430108e+03,1.394841192602679136e+00,3.952398882492984100e+00,1.032780475893670724e+00
5.580000016636244254e+03,1.280961361114126840e+00,4.158013004166433824e+00,9.019418956118497865e-01
5.590000016666057491e+03,1.437363877768283560e+00,4.136112691007592268e+00,7.639972045427740888e-01
5.600000016695871636e+03,1.379990020090650304e+00,4.367632064198818220e+00,1.082941469057410178e+00
5.610000016725685782e+03,1.405847835495782183e+00,4.291047223848205583e+00,8.900222076249034719e-01
5.620000016755499928e+03,1.390163602676957044e+00,4.063289668278856404e+00,6.447896363804432873e-01
5.630000016785314074e+03,1.310503132621840150e+00,4.268664120575034637e+00,9.995863842372488817e-01
5.640000016815128220e+03,1.360370260247305341e+00,4.426129278228796871e+00,9.273643436841102483e-01
5.650000016844942365e+03,1.284986870076706866e+00,4.342986683811806081e+00,9.186495087244760382e-01
5.660000016874756511e+03,1.328869298064783377e+00,4.316569784087683104e+00,1.083889273212417681e+00
5.670000016904570657e+03,1.355530737329380786e+00,3.993390235273578615e+00,7.346977224721289446e-01
5.680000016934384803e+03,1.392645732333051445e+00,3.911739890000284881e+00,9.247986566204079439e-01
5.690000016964198039e+03,1.330898847159064591e+00,3.770502962836807637e+00,6.399141393938694300e-01
5.700000016994012185e+03,1.346171647621595246e+00,4.145923540574111499e+00,9.577278867684827501e-01
5.710000017023826331e+03,1.373196100560643895e+00,4.084342671622344767e+00,9.723641381757992530e-01
5.720000017053640477e+03,1.332626847393864500e+00,4.495104498127563630e+00,1.356758076018284465e+00
5.730000017083454622e+03,1.276240057607911815e+00,4.493060477711615874e+00,1.333885127341827292e+00
5.740000017113268768e+03,1.272079180176610258e+00,4.527144572354774965e+00,1.668656078276389954e+00
5.750000017143082914e+03,1.360295839053075273e+00,4.774475284593744817e+00,1.875969605642855864e+00
5.760000017172897060e+03,1.446283492237231627e+00,4.438859833945079991e+00,1.411371485746807597e+00
5.770000017202711206e+03,1.488198048855131184e+00,4.499099361075034054e+00,1.385599337286219646e+00
5.780000017232525352e+03,1.453127657603082268e+00,4.753824368564565361e+00,1.754267778706658065e+00
5.790000017262338588e+03,1.420780193152215931e+00,4.586471562837854066e+00,1.506214749628833616e+00
5.800000017292152734e+03,1.397486878129543975e+00,4.849155642123648136e+00,1.680937493396575499e+00
5.810000017321966880e+03,1.435541014162387441e+00,4.855955126951874590e+00,1.834103844751668433e+00
5.820000017351781025e+03,1.450247406725908572e+00,4.395734349773781524e+00,1.287340512600281928e+00
5.830000017381595171e+03,1.409437695144106328e+00,4.184835500891314730e+00,1.251161724007886056e+00
5.840000017411409317e+03,1.473956857563878842e+00,4.191487662636521172e+00,1.004962247869377601e+00
5.850000017441223463e+03,1.298316331502613608e+00,4.204844051197832222e+00,9.803527857668282719e-01
5.860000017471037609e+03,1.344121434770085832e+00,4.253257977626514474e+00,1.282762825160024045e+00
5.870000017500851754e+03,1.353249179220723519e+00,4.080127367530566929e+00,1.066992922741121674e+00
5.880000017530665900e+03,1.362620439488712698e+00,4.244531806608520696e+00,1.066343628392116383e+00
5.890000017560479137e+03,1.373847402273285390e+00,4.084340908543032889e+00,9.730735387521326496e-01
5.900000017590293282e+03,1.362353894568804069e+00,4.111434304655809946e+00,9.472377267637160925e-01
5.910000017620107428e+03,1.367596518737296041e+00,4.146824933044675809e+00,1.000921132451514817e+00
5.920000017649921574e+03,1.342921094440133301e+00,4.250775921765540311e+00,1.117575144169818291e+00
5.930000017679735720e+03,1.261316986591115574e+00,3.989789909645850230e+00,8.324026855129644797e-01
5.940000017709549866e+03,1.358400689009607865e+00,3.918491513920579816e+00,7.856004383344618036e-01
5.950000017739364012e+03,1.424411153557807674e+00,3.939789315502380873e+00,7.438094188211900049e-01
5.960000017769178157e+03,1.480066282167938674e+00,3.811619444117209543e+00,7.928607707598687160e-01
5.970000017798992303e+03,1.471031740344139305e+00,3.814197158251986686e+00,7.289683821509109762e-01
5.980000017828806449e+03,1.394922507975860038e+00,3.741120602946752971e+00,3.789589869507172248e-01
5.990000017858620595e+03,1.406907420634667893e+00,3.658366603861504363e+00,3.927811978332567122e-01
6.000000017888433831e+03,1.381705989680724000e+00,3.946666919745810631e+00,6.309819100751198340e-01
6.010000017918247977e+03,1.396856074252966318e+00,4.865756382127595536e+00,1.666436849212012739e+00
6.020000017948062123e+03,1.338708079258182915e+00,4.762721085536142596e+00,1.250380196414496936e+00
6.030000017977876269e+03,1.444372805263778536e+00,4.438141224812042651e+00,1.320097684407697036e+00
6.040000018007690414e+03,1.520170940096757795e+00,4.573876785888050023e+00,1.338994185585297148e+00
6.050000018037504560e+03,1.513574748435973838e+00,4.451029130814031731e+00,1.243480722776775016e+00
6.060000018067318706e+03,1.513352834056051144e+00,4.316882620592459752e+00,1.046977604809039342e+00
6.070000018097132852e+03,1.459604372009375872e+00,4.258493647618133870e+00,6.023900780501516561e-01
6.080000018126946998e+03,1.471403986105560113e+00,4.346540888893743571e+00,8.403511868130915108e-01
6.090000018156761143e+03,1.532777255911415448e+00,4.483067921125754474e+00,1.053665846673377482e+00
6.100000018186574380e+03,1.475851973933714145e+00,4.498173267190095359e+00,9.486150106468079768e-01
6.110000018216388526e+03,1.551904439840194883e+00,4.271182670610482290e+00,1.149063726106258843e+00
6.120000018246202671e+03,1.507742196633089948e+00,4.279253818871755932e+00,9.694921980473384382e-01
6.130000018276016817e+03,1.474551119357090601e+00,4.297594010929521424e+00,1.012305286843236507e+00
6.140000018305830963e+03,1.525612411735967955e+00,4.170537200436776004e+00,9.252293069936404768e-01
6.150000018335645109e+03,1.525345005567726675e+00,4.251784566654539965e+00,9.562155289434545180e-01
6.160000018365459255e+03,1.562220497601286784e+00,4.331866766236738719e+00,7.751083948416409575e-01
6.170000018395273401e+03,1.518276524998175558e+00,4.255428369177611359e+00,7.782637935664420414e-01
6.180000018425087546e+03,1.555217496216615869e+00,4.524151949522335237e+00,9.208882617906034573e-01
6.190000018454901692e+03,1.442198876657694528e+00,4.226127446625079109e+00,1.097721544440017460e+00
6.200000018484714928e+03,1.546692137216983065e+00,4.397235748920431675e+00,9.315566390022557153e-01
6.210000018514529074e+03,1.558845472298787227e+00,4.008029708239351230e+00,5.587441938015793585e-01
6.220000018544343220e+03,1.498560770075453963e+00,3.741527284390396613e+00,3.636029467928443282e-01
6.230000018574157366e+03,1.475336044577692851e+00,3.863990062513054990e+00,3.337407235671829842e-01
6.240000018603971512e+03,1.484010535967830835e+00,3.978679779241618419e+00,4.838827143805564113e-01
6.250000018633785658e+03,1.435767209864461380e+00,3.808104574421860899e+00,2.753422240926529652e-01
6.260000018663599803e+03,1.440056345509561853e+00,4.348244733676697393e+00,3.987589951960091028e-01
6.270000018693413949e+03,1.555384069563596316e+00,3.845765977618565756e+00,3.200878044476130890e-01
6.280000018723228095e+03,1.474580845515092831e+00,4.108465457023090295e+00,6.673210328424376003e-01
6.290000018753042241e+03,1.448242073761240922e+00,3.946953745396579727e+00,5.448254311945058825e-01
6.300000018782855477e+03,1.436622842382808685e+00,4.102315086128884403e+00,5.870495716117912766e-01
6.310000018812669623e+03,1.371264925807321511e+00,3.961475025125495542e+00,5.792075663946925079e-01
6.320000018842483769e+03,1.426545894592985642e+00,4.131149981855402054e+00,7.273822486354182271e-01
6.330000018872297915e+03,1.426090601585918938e+00,4.331886941225071119e+00,5.454400844965927586e-01
6.340000018902112060e+03,1.498075677832071406e+00,4.059939813909278605e+00,2.859466932592282240e-01
6.350000018931926206e+03,1.388675457198770058e+00,4.141142036440426111e+00,8.279374232755973839e-01
6.360000018961740352e+03,1.452790170927385383e+00,4.249987438069917189e+00,5.314210327159449854e-01
6.370000018991554498e+03,1.523125273223008502e+00,3.965129152656351241e+00,5.967767901253703267e-01
6.380000019021368644e+03,1.514482837293622319e+00,3.821931382580028735e+00,2.868547654813614067e-01
6.390000019051182790e+03,1.516478903520454224e+00,4.046841343943739844e+00,4.606056477561976115e-01
6.400000019080996935e+03,1.466305369932460412e+00,3.953810671666474263e+00,3.947815981448529743e-01
6.410000019110810172e+03,1.535736182229462843e+00,4.155386736885864352e+00,7.678482975096401209e-01
6.420000019140624318e+03,1.417988419668371636e+00,3.986848504712935171e+00,6.611793540272586922e-01
6.430000019170438463e+03,1.399755346641194942e+00,4.056936914867084631e+00,6.670408744996200179e-01
6.440000019200252609e+03,1.438812301080464762e+00,4.222543755709212476e+00,7.320908711436937555e-01
6.450000019230066755e+03,1.468033712375907296e+00,4.166271183261419431e+00,5.500270976997265748e-01
6.460000019259880901e+03,1.552559927743912160e+00,3.916890686371390373e+00,4.317227451853596909e-01
6.470000019289695047e+03,1.398013327149109308e+00,4.283116250805250047e+00,7.783587479005079635e-01
6.480000019319509192e+03,1.423741343464429487e+00,4.146245977290798912e+00,9.654789889200852127e-01
6.490000019349323338e+03,1.464189916765794575e+00,4.107244894159197912e+00,5.474080572967502389e-01
6.500000019379137484e+03,1.469286460142003259e+00,4.117718964378112467e+00,6.557925892804939982e-01
6.510000019408950720e+03,1.474731596295364655e+00,4.123449117496111427e+00,8.732381895631345925e-01
6.520000019438764866e+03,1.455201630445222660e+00,4.135842748855526274e+00,4.781405602278633316e-01
6.530000019468579012e+03,1.562201914104487832e+00,4.074626589068018667e+00,1.479093683388108260e-01
6.540000019498393158e+03,1.505620010526797836e+00,4.123465541640913834e+00,7.437948095769717494e-01
6.550000019528207304e+03,1.468862919158580027e+00,4.186109019082161709e+00,4.104485708510678399e-01
6.560000019558021449e+03,1.406991227620357554e+00,4.172990781883982869e+00,6.470905811161976606e-01
6.570000019587835595e+03,1.376364359183832375e+00,4.102317751540198287e+00,4.783580881541785179e-01
6.580000019617649741e+03,1.326532951433581520e+00,4.131093734049986921e+00,7.243572230086036123e-01
6.590000019647463887e+03,1.438637843298807839e+00,4.283931047615640253e+00,8.031629804491291491e-01
6.600000019677278033e+03,1.399431480723263510e+00,4.364855771208305590e+00,5.777833236024918495e-01
6.610000019707091269e+03,1.317469734097554968e+00,3.992264916654115314e+00,4.708984351485052677e-01
6.620000019736905415e+03,1.445799462654999257e+00,4.184586553086495186e+00,4.581923832379049544e-01
6.630000019766719561e+03,1.431147687222513953e+00,4.445676804966566920e+00,1.038470120852927225e+00
6.640000019796533707e+03,1.501203529512519452e+00,4.040428856857212203e+00,6.556115891348109903e-01
6.650000019826347852e+03,1.587199429342223134e+00,4.243244999553428265e+00,8.708000907463779861e-01
6.660000019856161998e+03,1.516929702044883754e+00,4.281177727386123344e+00,8.818411987979927202e-01
6.670000019885976144e+03,1.610024011625278861e+00,4.409844437320793453e+00,9.842394449492491981e-01
6.680000019915790290e+03,1.526111513455333135e+00,4.675922362653166964e+00,1.467275761187733174e+00
6.690000019945604436e+03,1.515681685595356765e+00,4.277972135003793142e+00,9.413270436506464556e-01
6.700000019975418581e+03,1.422371357616950327e+00,4.148420508160138631e+00,7.890111722488933887e-01
6.710000020005231818e+03,1.458110247495968403e+00,4.130720307492594223e+00,6.517698529176240152e-01
6.720000020035045964e+03,1.422025113316967015e+00,4.337869274687385257e+00,1.006657867445162502e+00
6.730000020064860109e+03,1.458872279809424244e+00,4.427429822179457020e+00,1.125968738202242969e+00
6.740000020094674255e+03,1.646443805394458115e+00,4.157462431976031603e+00,6.641659796025024542e-01
6.750000020124488401e+03,1.609594462156376249e+00,4.168530482038572238e+00,9.650526341632703620e-01
6.760000020154302547e+03,1.524869634054384804e+00,4.337884285487563218e+00,7.682759422173665032e-01
6.770000020184116693e+03,1.527374382280832110e+00,4.137461088483511240e+00,4.791462435530754460e-01
6.780000020213930839e+03,1.442455609919917725e+00,4.274374095252543526e+00,7.229764729264344103e-01
6.790000020243744984e+03,1.472755393407243041e+00,4.275446235622439417e+00,6.739286972717145607e-01
6.800000020273559130e+03,1.518477675928115556e+00,4.222506988050505505e+00,9.346838291709068658e-01
6.810000020303372366e+03,1.472456425137661284e+00,4.051155787124979923e+00,5.618877067969614281e-01
6.820000020333186512e+03,1.462798954169324706e+00,3.905622507812725352e+00,4.599951708791567007e-01
6.830000020363000658e+03,1.577482098446708170e+00,4.188746777301346924e+00,1.056498395546633828e+00
6.840000020392814804e+03,1.511161598602380973e+00,4.119268398677953691e+00,7.055374365828249728e-01
6.850000020422628950e+03,1.566369646092482304e+00,4.074254312402289635e+00,4.973841320127575516e-01
6.860000020452443096e+03,1.336156291965177711e+00,4.251643282141761127e+00,1.079277047204029172e+00
6.870000020482257241e+03,1.318352446111026088e+00,4.147160630725248431e+00,9.274454957066821104e-01
6.880000020512071387e+03,1.401463939243688950e+00,3.813741721303507415e+00,3.605538473915524955e-01
6.890000020541885533e+03,1.390559634596305161e+00,3.819286459387780663e+00,7.728071840484289634e-01
6.900000020571699679e+03,1.510570742707314063e+00,3.907561970153309083e+00,6.590131847316538227e-01
6.910000020601513825e+03,1.516253504074116298e+00,4.026906022044006050e+00,6.083308531829058063e-01
6.920000020631327061e+03,1.529093057778892817e+00,3.696465355207107617e+00,5.087356071918387457e-01
6.930000020661141207e+03,1.605609443512483470e+00,3.915342827104210333e+00,2.666477713640580949e-01
6.940000020690955353e+03,1.455913641252038149e+00,4.101887016697065569e+00,5.213155272712051147e-01
6.950000020720769498e+03,1.451540191470982011e+00,4.017923380955721768e+00,4.856501405773049895e-01
6.960000020750583644e+03,1.438166906064909822e+00,3.916584633703284357e+00,4.949126937493309453e-01
6.970000020780397790e+03,1.400682864908747050e+00,3.849512731480327243e+00,5.846877299349608759e-01
6.980000020810211936e+03,1.452067267048541943e+00,4.049768692936910774e+00,8.518044055311599916e-01
6.990000020840026082e+03,1.497810672103988994e+00,3.791884934330476575e+00,8.217577793542453213e-01
7.000000020869840228e+03,1.544707199023753974e+00,3.946444185208990429e+00,4.179614979293844179e-01
7.010000020899654373e+03,1.506403978895583862e+00,3.959874969079251184e+00,8.200111520240132013e-01
7.020000020929467610e+03,1.580307954706594131e+00,3.832942456927380448e+00,4.019395610605671632e-01
7.030000020959281755e+03,1.333859357248452504e+00,3.861654383011070113e+00,6.111913773026657060e-01
7.040000020989095901e+03,1.388223930098823056e+00,3.757991253164435719e+00,6.299265939776269585e-01
7.050000021018910047e+03,1.464439387643110102e+00,3.883435438944898621e+00,5.511267457469256614e-01
7.060000021048724193e+03,1.501182635571180146e+00,4.036553135671796078e+00,6.451818523011914053e-01
7.070000021078538339e+03,1.418728699752468625e+00,4.163542654973490187e+00,8.423799199426944551e-01
7.080000021108352485e+03,1.398714723834640461e+00,3.810305796962774938e+00,4.653499973341040374e-01
7.090000021138166630e+03,1.456569930635508658e+00,4.191524949615632600e+00,1.118704260917394055e+00
7.100000021167980776e+03,1.437871942873889308e+00,4.122593920224627340e+00,5.833566421625424603e-01
7.110000021197794922e+03,1.434343057021388423e+00,3.966658624805218025e+00,8.387293381120968228e-01
7.120000021227608158e+03,1.449404160469693226e+00,3.957188351013513294e+00,5.115021089332099091e-01
7.130000021257422304e+03,1.516385357981030468e+00,3.866232190428484650e+00,4.434732730531578127e-01
7.140000021287236450e+03,1.654117260466831718e+00,3.974771177649822462e+00,4.200866628503976963e-01
7.150000021317050596e+03,1.625035507128868240e+00,3.734602328233436186e+00,2.353631957745242753e-01
7.160000021346864742e+03,1.481666044920949776e+00,3.785681457550862383e+00,4.703283380777435463e-01
7.170000021376678887e+03,1.467057968223313580e+00,3.976125599551721290e+00,6.589607781817036214e-01
7.180000021406493033e+03,1.496836658157977062e+00,4.013359845894941103e+00,7.227234380879093978e-01
7.190000021436307179e+03,1.507855309738627358e+00,3.990512124774077574e+00,8.136412977944063041e-01
7.200000021466121325e+03,1.420891976112371280e+00,3.797119776918802092e+00,6.608795103833554618e-01
7.210000021495935471e+03,1.509370782376287634e+00,4.112237543587216493e+00,4.543577527294045959e-01
7.220000021525748707e+03,1.482823948977114670e+00,4.011290320154743405e+00,6.352479224366351929e-01
7.230000021555562853e+03,1.528446159910880953e+00,4.006061370859830717e+00,7.604447732816451699e-01
7.240000021585376999e+03,1.392731594276215068e+00,3.760040834786580355e+00,6.503251462898705926e-01
7.250000021615191145e+03,1.396617537397112363e+00,3.977867205148932328e+00,5.013372639021100863e-01
7.260000021645005290e+03,1.476470128580690044e+00,3.955695656218270795e+00,5.242394775073112578e-01
7.270000021674819436e+03,1.459747489674355192e+00,3.915455467002096235e+00,4.569314184498295961e-01
7.280000021704633582e+03,1.405378148117211401e+00,3.891620194188854409e+00,4.870617575223663565e-01
7.290000021734447728e+03,1.417282387954642120e+00,3.918714197869001215e+00,3.983085426184698741e-01
7.300000021764261874e+03,1.399478792722565812e+00,3.889786896444211273e+00,3.659992306296999676e-01
7.310000021794076019e+03,1.353327551863197975e+00,3.601306898733182216e+00,7.697550306615179583e-01
7.320000021823890165e+03,1.346872198946245991e+00,3.856282186491802655e+00,4.340583149636113580e-01
7.330000021853703402e+03,1.383179390438345147e+00,4.004381162295093333e+00,4.849452619166404466e-01
7.340000021883517547e+03,1.400516377864053696e+00,3.887767907819864810e+00,6.240691560214567390e-01
7.350000021913331693e+03,1.392565210455973590e+00,4.200791710006196666e+00,7.238879787760441609e-01
7.360000021943145839e+03,1.346160567652780360e+00,4.102943194271671423e+00,5.643469512635410634e-01
7.370000021972959985e+03,1.381500552602795251e+00,3.866292452883229647e+00,3.574523087570551372e-01
7.380000022002774131e+03,1.335609268867735011e+00,4.296765176742105119e+00,9.515146082423253659e-01
7.390000022032588276e+03,1.380930831092886724e+00,4.173968215447374064e+00,4.530874239564774419e-01
7.400000022062402422e+03,1.389988318175579662e+00,3.939449458746121735e+00,6.721949420154630372e-01
7.410000022092216568e+03,1.367685048858552355e+00,4.082212511612531181e+00,8.319671465764242324e-01
7.420000022122030714e+03,1.390976988173021622e+00,4.146377217096617329e+00,1.027501773174693378e+00
7.430000022151843950e+03,1.482823660877122807e+00,4.191037743403402516e+00,6.422747954215642929e-01
7.440000022181658096e+03,1.375618808102460289e+00,4.224739548729343319e+00,8.216093119301389747e-01
7.450000022211472242e+03,1.412725593915779454e+00,4.354889452439696385e+00,9.953919115033339482e-01
7.460000022241286388e+03,1.410997927448977673e+00,4.318193580771877649e+00,9.802524849515568128e-01
7.470000022271100534e+03,1.414986731532127173e+00,4.495025307047410656e+00,8.573962794399864196e-01
7.480000022300914679e+03,1.436632859066458323e+00,4.818291531094692992e+00,7.670883797952408045e-01
7.490000022330728825e+03,1.504889872183649446e+00,4.618651571890440621e+00,1.150235433192118961e+00
7.500000022360542971e+03,1.463278117347425411e+00,5.000081143936250250e+00,1.418583594711609441e+00
7.510000022390357117e+03,1.528843606137537448e+00,4.616779935638572141e+00,7.422120603985835618e-01
7.520000022420171263e+03,1.410606566255331762e+00,4.310034440436487202e+00,5.921446206918219435e-01
7.530000022449984499e+03,1.461377201021714756e+00,4.433756423577843719e+00,9.477482454772809817e-01
7.540000022479798645e+03,1.549246028079122928e+00,4.265428166281732381e+00,7.328251277444298717e-01
7.550000022509612791e+03,1.517050942181447093e+00,4.341901812824456641e+00,3.067749984150598408e-01
7.560000022539426936e+03,1.612895874136140106e+00,4.269494320824755995e+00,3.369475878939588998e-01
7.570000022569241082e+03,1.588838665852155385e+00,4.221584743375752069e+00,4.005544256570177097e-01
7.580000022599055228e+03,1.546712105692459316e+00,4.348885272493631327e+00,3.136478727686490831e-01
7.590000022628869374e+03,1.592841492450482788e+00,4.466680483628686638e+00,2.383341549175544694e-01
7.600000022658683520e+03,1.551628316058433654e+00,4.330556712013364340e+00,4.703075490352425780e-01
7.610000022688497666e+03,1.593045114808535168e+00,4.410274506166244279e+00,6.140240461599024702e-01
7.620000022718311811e+03,1.584664481459022056e+00,4.404009719938537515e+00,8.710372644025592415e-01
7.630000022748125048e+03,1.490796882382368294e+00,4.269595042108242922e+00,4.225137228880337381e-01
7.640000022777939193e+03,1.465634499896496967e+00,4.231159863259045473e+00,6.356859248060486856e-01
7.650000022807753339e+03,1.575309579884054623e+00,4.231256212295766872e+00,6.762454655331404663e-01
7.660000022837567485e+03,1.600150583739309740e+00,4.191938835065306179e+00,3.772696402032776897e-01
7.670000022867381631e+03,1.541235379282409834e+00,4.302145424299110843e+00,6.163714591514593000e-01
7.680000022897195777e+03,1.506265822948035460e+00,3.866435499824413924e+00,4.351260735241082589e-01
7.690000022927009923e+03,1.553696817328381607e+00,3.946810825882327123e+00,5.943598971161908606e-01
7.700000022956824068e+03,1.483913547861374527e+00,3.823188861370768521e+00,5.520694966049013441e-01
7.710000022986638214e+03,1.603264947650942851e+00,4.119485457974004561e+00,5.917770840414384725e-01
7.720000023016452360e+03,1.670769450002537182e+00,4.617907248293522393e+00,9.129897523336245602e-01
7.730000023046266506e+03,1.567414078807729760e+00,4.356367204030622275e+00,3.847753258037030499e-01
7.740000023076079742e+03,1.518493770400247467e+00,4.538899050384027412e+00,5.536930054993738359e-01
7.750000023105893888e+03,1.630067803481703548e+00,4.400763890194180128e+00,5.531365162622663423e-01
7.760000023135708034e+03,1.577893370693013164e+00,4.333298499589378849e+00,4.243145351082004413e-01
7.770000023165522180e+03,1.476690541620602204e+00,4.420897196778134308e+00,2.207426472059963521e-02
7.780000023195336325e+03,1.477795708759630067e+00,4.451936266658409025e+00,3.024962705367173488e-01
7.790000023225150471e+03,1.526874967732566590e+00,4.527151805325129175e+00,3.080547460635807422e-01
7.800000023254964617e+03,1.613990300786792176e+00,4.349248401686946153e+00,3.904311495848987734e-01
7.810000023284778763e+03,1.572575764152899458e+00,4.151220277603679953e+00,5.917466913198191625e-01
7.820000023314592909e+03,1.645677945842117351e+00,4.338533261923561035e+00,8.326236318779757228e-01
7.830000023344407055e+03,1.615170399798346867e+00,4.370257510681237356e+00,7.449560429848610665e-01
7.840000023374220291e+03,1.655467975490498622e+00,4.103864606442807705e+00,1.303641789083316849e-01
7.850000023404034437e+03,1.537188580688342965e+00,4.423441493145412018e+00,5.510574553077021154e-01
7.860000023433848582e+03,1.590595627635861486e+00,4.194467645013108203e+00,8.731372125294375452e-01
7.870000023463662728e+03,1.665802913589401468e+00,4.475665727032132502e+00,4.063347395424055652e-01
7.880000023493476874e+03,1.605472725150140167e+00,4.219931562951349413e+00,3.741460962500580689e-01
7.890000023523291020e+03,1.639597142695349508e+00,4.280039931221766736e+00,6.374349507324570396e-01
7.900000023553105166e+03,1.582649959975209075e+00,4.132427868492452028e+00,5.338274976616796952e-01
7.910000023582919312e+03,1.529757876321103272e+00,4.366541024543216132e+00,4.739495505238687234e-01
7.920000023612733457e+03,1.685993250704473700e+00,4.404578580444866276e+00,4.273160165165687530e-01
7.930000023642547603e+03,1.583111347540982150e+00,3.983923554460494287e+00,4.782839710073000794e-01
7.940000023672360840e+03,1.584122205384655979e+00,4.324202906274992486e+00,3.003167832561290385e-01
7.950000023702174985e+03,1.500346303583651286e+00,4.325006941018242124e+00,4.181872231878099311e-01
7.960000023731989131e+03,1.424413710546645895e+00,4.404588797910054865e+00,7.052782521933355087e-01
7.970000023761803277e+03,1.466867631553654183e+00,4.242177100634740405e+00,7.299388062645990882e-02
7.980000023791617423e+03,1.510979410817779645e+00,4.347917584556071802e+00,4.931598730639716321e-01
7.990000023821431569e+03,1.603750837624815073e+00,4.308788630266277231e+00,1.113023505518801887e-01
8.000000023851245714e+03,1.541264966527253755e+00,4.340583749465400487e+00,2.467367854904127245e-01
8.010000023881059860e+03,1.627822261755109245e+00,4.353390278704311278e+00,5.199375269953807610e-01
8.020000023910874006e+03,1.663266543920924656e+00,4.354207845589646908e+00,2.505020478752206237e-01
8.030000023940688152e+03,1.605599546494878016e+00,4.636788497372148043e+00,7.470533654332492945e-01
8.040000023970501388e+03,1.592050921986317258e+00,4.050423377942760084e+00,2.571131902744497877e-01
8.050000024000315534e+03,1.613128978871812169e+00,4.369914171447287110e+00,6.940438174707246333e-01
8.060000024030129680e+03,1.657895125914720991e+00,4.227395630225187162e+00,4.225509202779266227e-01
8.070000024059943826e+03,1.560439959066133309e+00,3.922126439852606339e+00,3.093053202017966297e-01
8.080000024089757972e+03,1.554019830982930062e+00,4.056222317374406749e+00,4.262532353579499000e-01
8.090000024119572117e+03,1.568271984372274552e+00,4.010596937145780139e+00,4.464122650779447365e-01
8.100000024149386263e+03,1.615332031952270597e+00,4.015586765833861094e+00,3.088245872060739194e-01
8.110000024179200409e+03,1.450084175804740028e+00,4.107784255810704721e+00,6.625456305562087422e-01
8.120000024209014555e+03,1.620976952640831303e+00,4.158331322802055752e+00,4.254345880602718455e-01
8.130000024238828701e+03,1.485330444767151814e+00,4.428435361228345357e+00,4.976545293140075543e-01
8.140000024268642846e+03,1.496859833041625620e+00,4.300852648038513415e+00,2.050787775487724618e-01
8.150000024298456083e+03,1.546225241899279901e+00,4.211680964967822405e+00,3.728455626785109889e-01
8.160000024328270229e+03,1.514929231564364098e+00,4.351657607377040549e+00,4.807566286566876124e-01
8.170000024358084374e+03,1.563276440800093425e+00,4.103466914628581819e+00,4.672748655471717916e-01
8.180000024387898520e+03,1.495888896959167269e+00,4.746826810442170697e+00,8.617367834963383100e-01
8.190000024417712666e+03,1.511870766573399472e+00,4.280282422434753542e+00,7.869136308384098166e-01
8.200000024447526812e+03,1.680711536180945931e+00,4.244327911163808587e+00,6.074955225575806583e-01
8.210000024477340048e+03,1.735277268242070736e+00,4.317698955328051369e+00,5.714178482468269538e-01
8.220000024507155103e+03,1.619437730789906160e+00,4.229531266696302971e+00,6.497274626443262369e-01
8.230000024536968340e+03,1.626942493752962848e+00,4.489600491637408375e+00,6.668738283881703310e-01
8.240000024566783395e+03,1.644625500320461731e+00,4.601530439722730570e+00,9.769490555992432768e-01
8.250000024596596631e+03,1.761509767983358676e+00,4.323561491684588809e+00,6.147789901116875733e-01
8.260000024626411687e+03,1.793749460962907438e+00,4.266798151229139080e+00,2.628642320632048612e-01
8.270000024656224923e+03,1.737364304768741263e+00,4.088803697045816143e+00,8.112215221370079332e-01
8.280000024686039978e+03,1.737098749910363615e+00,4.644868511359785401e+00,7.991203017419928889e-01
8.290000024715853215e+03,1.650850913871223069e+00,4.287465929829974876e+00,5.559198245596225219e-01
8.300000024745666451e+03,1.695481135928559979e+00,4.380116734762717456e+00,4.870377832713450594e-01
8.310000024775481506e+03,1.614983456371464454e+00,4.511626933115802096e+00,7.189519176959328073e-01
8.320000024805294743e+03,1.724964874436116569e+00,4.317633157203478511e+00,9.819649057615466026e-01
8.330000024835109798e+03,1.734408490713028161e+00,4.273522600252904091e+00,7.240861919753697196e-01
8.340000024864923034e+03,1.600413223938236262e+00,4.581579232798046242e+00,1.043513782972714132e+00
8.350000024894738090e+03,1.467472512058742407e+00,4.519722371709632647e+00,9.833672568433962091e-01
8.360000024924551326e+03,1.560618526812587392e+00,4.376439726983005762e+00,1.117477203659851925e+00
8.370000024954366381e+03,1.565422732757600688e+00,4.238718366485317190e+00,7.533197617362393794e-01
8.380000024984179618e+03,1.574787925361557983e+00,4.502955689219733770e+00,9.067386648885170652e-01
8.390000025013994673e+03,1.586884576470720010e+00,4.604410073196515185e+00,1.043493518575375090e+00
8.400000025043807909e+03,1.573871899362651927e+00,4.530308456050677002e+00,9.350689867606568617e-01
8.410000025073621146e+03,1.614083428501782658e+00,4.449064758846574819e+00,6.261945236208771304e-01
8.420000025103436201e+03,1.583625275956848100e+00,4.629902502709853707e+00,1.121475375878483671e+00
8.430000025133249437e+03,1.569065161978405287e+00,4.732234117115864613e+00,1.072924487376120561e+00
8.440000025163064493e+03,1.580574645328394201e+00,4.409246472867388356e+00,1.078863595800709119e+00
8.450000025192877729e+03,1.526368143960557866e+00,4.567621447455578299e+00,9.080308871398652393e-01
8.460000025222692784e+03,1.661536548500839094e+00,4.276970148645924397e+00,8.298788362918566586e-01
8.470000025252506020e+03,1.729199630750904992e+00,4.337339157683832269e+00,4.278319367131431794e-01
8.480000025282321076e+03,1.682880559448026059e+00,4.341156239139770001e+00,4.329092458796866549e-01
8.490000025312134312e+03,1.553679209621955160e+00,4.318177422702673240e+00,4.816729860853306566e-01
8.500000025341947548e+03,1.487596657315609638e+00,4.543507570314759825e+00,5.311602164779604118e-01
8.510000025371762604e+03,1.588546618527735488e+00,4.271003490425513860e+00,1.930317111928562257e-01
8.520000025401575840e+03,1.607527539249412163e+00,4.757958932197611013e+00,8.080139108971510220e-01
8.530000025431390895e+03,1.625868755844605440e+00,5.010374629913090239e+00,1.317444035507175260e+00
8.540000025461204132e+03,1.642858877838046405e+00,4.972313582094026074e+00,8.942530810355985293e-01
8.550000025491019187e+03,1.678997604019690781e+00,4.133175013830253874e+00,4.377376234115044062e-01
8.560000025520832423e+03,1.557569947346831851e+00,4.134947501298404937e+00,1.804015598945111487e-01
8.570000025550647479e+03,1.578439254404448322e+00,4.772286671135837821e+00,9.797497945354222137e-01
8.580000025580460715e+03,1.534770668194477494e+00,4.821457380222457623e+00,1.131733681398184865e+00
8.590000025610275770e+03,1.630975338118369589e+00,4.875379163688720929e+00,1.211772994604763287e+00
8.600000025640089007e+03,1.615005744725121817e+00,4.837175261153942252e+00,1.223467982042404589e+00
8.610000025669902243e+03,1.552583284079110282e+00,4.530478574572944339e+00,8.314194635324517746e-01
8.620000025699717298e+03,1.566217992167075579e+00,4.202105440287225768e+00,2.426025440113783460e-01
8.630000025729530535e+03,1.620580882978500892e+00,4.012531045251462203e+00,3.850717446301629154e-01
8.640000025759345590e+03,1.584169826823663252e+00,4.117115604550886765e+00,1.638556597660295877e-01
8.650000025789158826e+03,1.554624608188090784e+00,4.176420812565984519e+00,2.769585895972515033e-01
8.660000025818973882e+03,1.641930634807600153e+00,4.408039784363449343e+00,4.064924508375627465e-01
8.670000025848787118e+03,1.564813962109865342e+00,4.268347236687816348e+00,9.375716856704159330e-01
8.680000025878602173e+03,1.575829511816507100e+00,4.131854886537013272e+00,5.801152686532976555e-01
8.690000025908415410e+03,1.533943299978354435e+00,4.170278405787295029e+00,3.365548419071302533e-01
8.700000025938230465e+03,1.590313520621834620e+00,4.225454293357264746e+00,8.491678393309518569e-01
8.710000025968043701e+03,1.552158034848815760e+00,4.200171358343121497e+00,4.326575112942397938e-01
8.720000025997856937e+03,1.643245246999823106e+00,4.175670833525019887e+00,4.727019235507257666e-01
8.730000026027671993e+03,1.661939141668537623e+00,4.194019810944638493e+00,2.510633056734818402e-01
8.740000026057485229e+03,1.643377457126822261e+00,4.033885208919124388e+00,6.025246839263742604e-01
8.750000026087300284e+03,1.666137499019091806e+00,4.151873362988356853e+00,5.702885537027657659e-01
8.760000026117113521e+03,1.615924090068979968e+00,4.201896777771400693e+00,5.356608561874485197e-01
8.770000026146928576e+03,1.659852321192428537e+00,4.113826932955523930e+00,5.621920414340629835e-01
8.780000026176741812e+03,1.580015247249882293e+00,4.064614966074644897e+00,3.925694227275010606e-01
8.790000026206556868e+03,1.638975183615410058e+00,4.097651380764610884e+00,1.863421531390415109e-01
8.800000026236370104e+03,1.602269568079332851e+00,4.157932059329255026e+00,3.721540728026204725e-01
8.810000026266183340e+03,1.591424779073710161e+00,4.023976298093333348e+00,3.015785635390099695e-01
8.820000026295998396e+03,1.503908351494078532e+00,4.115439513870193800e+00,2.430420994465512796e-01
8.830000026325811632e+03,1.531540649581914382e+00,4.068581574372827525e+00,7.018202211713289174e-01
8.840000026355626687e+03,1.532626841219641767e+00,3.988564514689020513e+00,3.499908181152729947e-01
8.850000026385439924e+03,1.517370830580615504e+00,4.078015263462171802e+00,2.086825527484631737e-01
8.860000026415254979e+03,1.518306847168183094e+00,4.041932686258841834e+00,4.348180886542418744e-01
8.870000026445068215e+03,1.580233782169278012e+00,4.043621835824518840e+00,1.318238324732154965e-01
8.880000026474883271e+03,1.635002684233125780e+00,4.179586402649755783e+00,7.403468334967325259e-02
8.890000026504696507e+03,1.590759574305854240e+00,4.021667563894987474e+00,3.329575505107351674e-01
8.900000026534511562e+03,1.627041475612922561e+00,4.096242794681325350e+00,3.419729351821386154e-01
8.910000026564324799e+03,1.570085747532477649e+00,4.332692452546877959e+00,4.699380174211487682e-01
8.920000026594138035e+03,1.640440896997281017e+00,4.147161041121513847e+00,5.243453846583840949e-01
8.930000026623953090e+03,1.551580120336161217e+00,4.163677558253500166e+00,4.240609423737539130e-01
8.940000026653766326e+03,1.659894321753192292e+00,4.259857794308275381e+00,3.261098272220466221e-01
8.950000026683581382e+03,1.518275814725590367e+00,4.061646175282951354e+00,3.434180028586842348e-01
8.960000026713394618e+03,1.567828194878057024e+00,4.211340557491868530e+00,3.013852873329209148e-01
8.970000026743209673e+03,1.590778936405783162e+00,4.183804491127697034e+00,2.920694344981398238e-01
8.980000026773022910e+03,1.656229285744870161e+00,4.118605225526472680e+00,3.914702329211323106e-01
8.990000026802837965e+03,1.598916731435324978e+00,4.076717178349018589e+00,4.020889974065653960e-01
9.000000026832651201e+03,1.652241965937244705e+00,4.287218102875577586e+00,3.952335346804645155e-01
9.010000026862466257e+03,1.526458098938167085e+00,4.130974599416123105e+00,3.751802200784518093e-01
9.020000026892279493e+03,1.588477404798857018e+00,4.154031659477520400e+00,3.667568134248944123e-01
9.030000026922092729e+03,1.539427602388287131e+00,4.236609585523681609e+00,3.321672062597565422e-01
9.040000026951907785e+03,1.600057422156154541e+00,4.229290950484460687e+00,4.920274125713025026e-01
9.050000026981721021e+03,1.547854105287803206e+00,4.090376791714794180e+00,2.404876288147619057e-01
9.060000027011536076e+03,1.537545943231007239e+00,4.263289002009787332e+00,3.875346109333713818e-01
9.070000027041349313e+03,1.550066932921865925e+00,4.142724992514377647e+00,4.460954493377604080e-01
9.080000027071164368e+03,1.523279939665281635e+00,4.344544707342363310e+00,7.116578705554683637e-01
9.090000027100977604e+03,1.560538393446838867e+00,4.213411771644203441e+00,2.122930212619249246e-01
9.100000027130792660e+03,1.572573618952003427e+00,4.289920839092649985e+00,4.783515126055092326e-01
9.110000027160605896e+03,1.506664715300163548e+00,4.138881145544218043e+00,5.214623393665668294e-01
9.120000027190419132e+03,1.585334820147827006e+00,4.167300770197283732e+00,6.797798389886515746e-01
9.130000027220234188e+03,1.568088969307235070e+00,4.049350754405097952e+00,3.329013713630651905e-01
9.140000027250047424e+03,1.461208617142952804e+00,4.114591694875517014e+00,4.635474630274485919e-01
9.150000027279862479e+03,1.575065931131010233e+00,4.163447390014105132e+00,1.996349642446735295e-01
9.160000027309675716e+03,1.640680470559165549e+00,4.349591698789308403e+00,4.901246952236126830e-01
9.170000027339490771e+03,1.608655424184057381e+00,4.200439786493270766e+00,3.935071658763751867e-01
9.180000027369304007e+03,1.540323472249450765e+00,4.150935440417055311e+00,3.164198050015841202e-01
9.190000027399119062e+03,1.566548246325705884e+00,4.285434322686625386e+00,4.203829933980080535e-01
9.200000027428932299e+03,1.640051473689894346e+00,4.110907594020122069e+00,6.017811023196705245e-01
9.210000027458747354e+03,1.640264011012950052e+00,4.358960054483778990e+00,3.845089472148707221e-01
9.220000027488560590e+03,1.716793821132554632e+00,4.192314420495507399e+00,3.199072220444303949e-01
9.230000027518373827e+03,1.663748523926225742e+00,4.143283306430951995e+00,3.051811012167883197e-01
9.240000027548188882e+03,1.563631323857744171e+00,4.229374343932333247e+00,2.926531680182534179e-01
9.250000027578002118e+03,1.524266748583699371e+00,4.077222409189363184e+00,6.162528732115593044e-01
9.260000027607817174e+03,1.700816567493554032e+00,4.115457692595913208e+00,2.329407020144903806e-01
9.270000027637630410e+03,1.615002012655508690e+00,4.114593024928085541e+00,2.136720183200136458e-01
9.280000027667445465e+03,1.588604669633833399e+00,4.152790829646879622e+00,5.295451114829090589e-01
9.290000027697258702e+03,1.592693435430126758e+00,3.839655574381818148e+00,4.038502143860290827e-01
9.300000027727073757e+03,1.562430605473943412e+00,4.289173765642314784e+00,2.966117744797368005e-01
9.310000027756886993e+03,1.714677202544808265e+00,4.075088825080412924e+00,4.231959646893323490e-01
9.320000027786700230e+03,1.618626768849139363e+00,4.294465403327033748e+00,3.727740790933647408e-01
9.330000027816515285e+03,1.640534822562448980e+00,4.337045078098483941e+00,1.696856076039949812e-01
9.340000027846328521e+03,1.600828291246215507e+00,4.475625029096979013e+00,3.273031969265419172e-01
9.350000027876143577e+03,1.556788090755750087e+00,4.312988802127362575e+00,2.695496529059143165e-01
9.360000027905956813e+03,1.554950491495735720e+00,4.283400417112558145e+00,4.254799382594731116e-01
9.370000027935771868e+03,1.630890606999880310e+00,4.229951756973159505e+00,7.499456244912727776e-01
9.380000027965585105e+03,1.535347275198081674e+00,4.348007684802896122e+00,1.749427724289157327e-01
9.390000027995400160e+03,1.532590780336687164e+00,4.125216830496684750e+00,3.906896389178491913e-01
9.400000028025213396e+03,1.570377090481829274e+00,4.385044965565088049e+00,4.328449818385435299e-01
9.410000028055028451e+03,1.538909152319189788e+00,4.181564533471193279e+00,5.511765139707236472e-01
9.420000028084841688e+03,1.583532815528534643e+00,4.240142316794949906e+00,4.523530928392597295e-01
9.430000028114654924e+03,1.527623410919721536e+00,4.314554114330431567e+00,2.827910395142679834e-01
9.440000028144469979e+03,1.578837734847793994e+00,4.165488565916546371e+00,7.031564171028069632e-01
9.450000028174283216e+03,1.502917403399695040e+00,4.269736241905848217e+00,4.040959454925482364e-01
9.460000028204098271e+03,1.563026023648174334e+00,4.261067882286698527e+00,4.308401238623162377e-01
9.470000028233911507e+03,1.576098014073793907e+00,4.259182955666681814e+00,2.213799515221712699e-01
9.480000028263726563e+03,1.575100739097758495e+00,4.147764993072355466e+00,4.530597002505552529e-01
9.490000028293539799e+03,1.623829155056726758e+00,4.219987973167808271e+00,5.236504744747161322e-01
9.500000028323354854e+03,1.586781482577066527e+00,4.316295545185705684e+00,5.731654683023036378e-01
9.510000028353168091e+03,1.591278630493445645e+00,4.347754980764593213e+00,9.684751658394949447e-02
9.520000028382983146e+03,1.607625910881297360e+00,4.032416550069644501e+00,2.194910582608445848e-01
9.530000028412796382e+03,1.663298705833442748e+00,4.193270625598008117e+00,5.560545891939950858e-01
9.540000028442609619e+03,1.578032136914556460e+00,4.266446607869631258e+00,3.967624313935770863e-01
9.550000028472424674e+03,1.553776042506183286e+00,4.218870339403946623e+00,1.895723571010515529e-01
9.560000028502237910e+03,1.646726681180768592e+00,4.354997766411178084e+00,5.532870731084355009e-01
9.570000028532052966e+03,1.578239934022464430e+00,4.249004046270164814e+00,4.672688450654916004e-01
9.580000028561866202e+03,1.521606772021229403e+00,4.203285456506040241e+00,1.420810158044009397e-01
9.590000028591681257e+03,1.538071462266167533e+00,4.224568844656948485e+00,4.240545591587431828e-01
9.600000028621494494e+03,1.658517711809318618e+00,4.101985621010150851e+00,3.839404452973487203e-01
9.610000028651309549e+03,1.568582183597615920e+00,4.172686331149681571e+00,4.174852181047230548e-01
9.620000028681122785e+03,1.603295416644739735e+00,4.283231540415839866e+00,2.288920362910856210e-01
9.630000028710936022e+03,1.689765139946685757e+00,4.087248829749308143e+00,4.220904804967977042e-01
9.640000028740751077e+03,1.637571187880682677e+00,4.281536864789477370e+00,2.666043420741388004e-01
9.650000028770564313e+03,1.584763176887522551e+00,4.217137709953235003e+00,7.960760534842217240e-01
9.660000028800379368e+03,1.481647117792824320e+00,4.468027450696017588e+00,7.717463565003934711e-01
9.670000028830192605e+03,1.611900406978409084e+00,4.435809398546851412e+00,5.161412082136818125e-01
9.680000028860007660e+03,1.535815396727541637e+00,4.475383507712421327e+00,7.260876212765037252e-01
9.690000028889820896e+03,1.598726156503310847e+00,4.253459196549433052e+00,6.767216640407591743e-01
9.700000028919635952e+03,1.524434679921524483e+00,4.173190666682614847e+00,4.384280525700559039e-01
9.710000028949449188e+03,1.514580092402677325e+00,4.336580543443347757e+00,5.938514495744267041e-01
9.720000028979264243e+03,1.545093461180433891e+00,4.253329430457460703e+00,5.430535495452420980e-01
9.730000029009077480e+03,1.493806414075486533e+00,4.376198811330518801e+00,6.601770705304739195e-01
9.740000029038890716e+03,1.485829974514459861e+00,4.432599638247912033e+00,6.070237907096156516e-01
9.750000029068705771e+03,1.613752526881356397e+00,4.242370192828474273e+00,6.096571074610604990e-01
9.760000029098519008e+03,1.558749777723631658e+00,4.493033043889744782e+00,6.647795774412824654e-01
9.770000029128334063e+03,1.543778902228194250e+00,4.242777936838316499e+00,1.014421758069047552e+00
9.780000029158147299e+03,1.528977324569531726e+00,4.378004919618967428e+00,7.927592840398256513e-01
9.790000029187962355e+03,1.542011355594132826e+00,4.329134328479817384e+00,6.984056503614420874e-01
9.800000029217775591e+03,1.480464110735262961e+00,4.345400777663697589e+00,6.343707382341184919e-01
9.810000029247590646e+03,1.511468085324629840e+00,4.410789948278292627e+00,6.607700832386571577e-01
9.820000029277403883e+03,1.538766225898776208e+00,4.381501336048015283e+00,6.423238337209076221e-01
9.830000029307218938e+03,1.484633736087195288e+00,4.492196199277574742e+00,3.751359542226741506e-01
9.840000029337032174e+03,1.524627009900425989e+00,4.319204092738059941e+00,7.474084951865571647e-01
9.850000029366845411e+03,1.445001174401615796e+00,4.302415802230674657e+00,3.592563127530216116e-01
9.860000029396660466e+03,1.481463025359117225e+00,4.223073316976769576e+00,4.252895709975832994e-01
9.870000029426473702e+03,1.455140695946431029e+00,4.342718839044250601e+00,3.794073201441092724e-01
9.880000029456288758e+03,1.393680054473644514e+00,4.414406579568963096e+00,4.692742549469111069e-01
9.890000029486101994e+03,1.392077270114625787e+00,4.385412906286382473e+00,1.908915228841730205e-01
9.900000029515917049e+03,1.495446932341459201e+00,4.303305288032007958e+00,6.731302946773526363e-01
9.910000029545730285e+03,1.539070871240021843e+00,4.278580902267310471e+00,8.953406009674627075e-01
9.920000029575545341e+03,1.448601730090112838e+00,4.320668747327970571e+00,5.467901181993939375e-01
9.930000029605358577e+03,1.460873044111898000e+00,4.314782850720648710e+00,6.611829274785787636e-01
9.940000029635171813e+03,1.466226970843733657e+00,4.427991758920806653e+00,6.017497417830308670e-01
9.950000029664986869e+03,1.561725996579957032e+00,4.294171746180086124e+00,2.608724524572063608e-01
9.960000029694800105e+03,1.453098546401574431e+00,4.404308760884065421e+00,4.491488486343046538e-01
9.970000029724615160e+03,1.497380172509201746e+00,4.179812812765909769e+00,3.503739995130706886e-01
9.980000029754428397e+03,1.486320531729253380e+00,4.423715340488592496e+00,5.890517386604086081e-01
9.990000029784243452e+03,1.430610048486104846e+00,4.355892109919459187e+00,1.541846359879062156e-01
1.000000002981405669e+04,1.507618471106223712e+00,4.334031451468821849e+00,3.990826916857715956e-01
1.001000002984387174e+04,1.529191709218007400e+00,4.112707607900018658e+00,1.725315975375192323e-01
1.002000002987368498e+04,1.521823839137159462e+00,4.337656387651233736e+00,2.578695733957595548e-01
1.003000002990350004e+04,1.570593458370505235e+00,4.286601580234973952e+00,5.334331574273010190e-01
1.004000002993331327e+04,1.527349837942176380e+00,4.210189524524884597e+00,5.205493028186535254e-01
1.005000002996312651e+04,1.530923728742827894e+00,4.399853454056279922e+00,4.982524195930523314e-01
1.006000002999294156e+04,1.515653807169944356e+00,4.344076497731104602e+00,4.106073031507908588e-01
1.007000003002275480e+04,1.553100848068885931e+00,4.272015677986056303e+00,4.604884398553839575e-01
1.008000003005256985e+04,1.617483237715227729e+00,4.310890705007446755e+00,2.028487196412362970e-01
1.009000003008238309e+04,1.659858732024306338e+00,4.223743518284280185e+00,2.066482865489930598e-01
1.010000003011219815e+04,1.675732863545258855e+00,4.315654697741910795e+00,4.702142494399751960e-01
1.011000003014201138e+04,1.677885579823195750e+00,4.042263803837441216e+00,3.099906655276221668e-01
1.012000003017182644e+04,1.590077456285900359e+00,4.091551280401621860e+00,3.130250948953683388e-01
1.013000003020163967e+04,1.591335450535315887e+00,4.088913332657968525e+00,5.140541330691106303e-01
1.014000003023145291e+04,1.634638027680336725e+00,4.087041608068845200e+00,3.143441846652357263e-01
1.015000003026126797e+04,1.631231832239294910e+00,4.124210774403644031e+00,4.388557071658477637e-01
1.016000003029108120e+04,1.650848564775764471e+00,3.939932358703791770e+00,4.875486243281577647e-01
1.017000003032089626e+04,1.624280929457164291e+00,4.092719631765550758e+00,3.386345528603087462e-01
1.018000003035070949e+04,1.578521864997063595e+00,4.450740905920314461e+00,5.587632016892984943e-01
1.019000003038052455e+04,1.575660885883982454e+00,4.389831918282223633e+00,5.646918192300243167e-01
1.020000003041033779e+04,1.630526935229926311e+00,4.345308390729382353e+00,5.827143462247729166e-01
1.021000003044015284e+04,1.673265303247836844e+00,4.273146355601394220e+00,7.976735044010929698e-01
1.022000003046996608e+04,1.606128444467020522e+00,4.424063880316506214e+00,4.557298339166951373e-01
1.023000003049978113e+04,1.579414449368016005e+00,4.336180884888895193e+00,8.040272025897302610e-01
1.024000003052959437e+04,1.650690328170945520e+00,4.347698841803214087e+00,6.560242904498471139e-01
1.025000003055940761e+04,1.660293292518224995e+00,4.315507666077499138e+00,5.006893965769665389e-01
1.026000003058922266e+04,1.721981767933279617e+00,4.380961850429375914e+00,5.278883498138862151e-01
1.027000003061903590e+04,1.600791901525161043e+00,4.318185477804527217e+00,6.289112960426577192e-01
1.028000003064885095e+04,1.629294050194536547e+00,4.218482358791018072e+00,3.950076544347845275e-01
1.029000003067866419e+04,1.632975198203204581e+00,4.300580548984720863e+00,5.390085646827844634e-01
1.030000003070847924e+04,1.617115422325588359e+00,4.222341610679323232e+00,8.212794965594559793e-01
1.031000003073829248e+04,1.680392980253328838e+00,4.279581961089381714e+00,7.938373853117229872e-01
1.032000003076810754e+04,1.633072990751025522e+00,4.427034354135891192e+00,8.197383158587299157e-01
1.033000003079792077e+04,1.749891273521501978e+00,4.279105019214519245e+00,5.456058007151300959e-01
1.034000003082773583e+04,1.656387381940720882e+00,4.360338462063139353e+00,9.603428315841326945e-01
1.035000003085754906e+04,1.650191669755711965e+00,4.373151165093036141e+00,7.335015288834326741e-01
1.036000003088736230e+04,1.648413479655248093e+00,4.163101356531650588e+00,4.667809123581465602e-01
1.037000003091717736e+04,1.607841176417504014e+00,4.279582237181738691e+00,5.883978022063655056e-01
1.038000003094699059e+04,1.637183132676373942e+00,4.381710397553305825e+00,4.787117848209315185e-01
1.039000003097680565e+04,1.588354211346503453e+00,4.331408679482890989e+00,4.867954545322847881e-01
1.040000003100661888e+04,1.598079497024032181e+00,4.170645423661160756e+00,7.545921384734178838e-01
1.041000003103643394e+04,1.645258876124011449e+00,4.313166494469098389e+00,1.013810986806841452e+00
1.042000003106624717e+04,1.627238992112355565e+00,4.315295663950791116e+00,7.096620761030364433e-01
1.043000003109606223e+04,1.687333467201468817e+00,4.313604849631691884e+00,6.739040113604654048e-01
1.044000003112587547e+04,1.637832039160879827e+00,4.487715055072972525e+00,8.413322207998779056e-01
1.045000003115568870e+04,1.611690550695036972e+00,4.304731773718724952e+00,8.368185341137635014e-01
1.046000003118550376e+04,1.650684276099222636e+00,4.401694164070534043e+00,7.915415701907008161e-01
1.047000003121531699e+04,1.661968716352330455e+00,4.160729578333199008e+00,7.845094390744025148e-01
1.048000003124513205e+04,1.706694367135543233e+00,4.320505038384639285e+00,8.504057423096907931e-01
1.049000003127494529e+04,1.645010318352760237e+00,4.310609259749979216e+00,7.594740612786005096e-01
1.050000003130476034e+04,1.620230878681105491e+00,4.369535027779009262e+00,7.884126955653436575e-01
1.051000003133457358e+04,1.581133356548926727e+00,4.476490453898697375e+00,2.414405569606630497e-01
1.052000003136438863e+04,1.694052454901407545e+00,4.296635479034862648e+00,6.470305971290348790e-01
1.053000003139420187e+04,1.641026157802862873e+00,4.306440890457275295e+00,6.071929748034332608e-01
1.054000003142401692e+04,1.661735181189274213e+00,4.225182517120934733e+00,8.441307301427570797e-01
1.055000003145383016e+04,1.685672483153548340e+00,4.216666284737505599e+00,6.850749247279009913e-01
1.056000003148364340e+04,1.625291574850012521e+00,4.006925168180130115e+00,4.228559976567044520e-01
1.057000003151345845e+04,1.557718868867077777e+00,4.482117219836374566e+00,9.374516204772124217e-01
1.058000003154327169e+04,1.702446632625831846e+00,4.339955393995858834e+00,8.614648182444122337e-01
1.059000003157308674e+04,1.687071949121868863e+00,4.207614782637997486e+00,7.157154829855065792e-01
1.060000003160289998e+04,1.556403730134917174e+00,4.324051259916801726e+00,9.447934437458966883e-01
1.061000003163271504e+04,1.701963033435581307e+00,4.301019354575451814e+00,9.650463526566764871e-01
1.062000003166252827e+04,1.670424191242418033e+00,4.356078810855402494e+00,9.972284681919717508e-01
1.063000003169234333e+04,1.677910852539617359e+00,4.379601397509546246e+00,9.184998356017214372e-01
1.064000003172215656e+04,1.612845649460287190e+00,4.304381540569940157e+00,8.970905174359298240e-01
1.065000003175196980e+04,1.604225362043533165e+00,4.209061048588360165e+00,7.281807358868299662e-01
1.066000003178178486e+04,1.610706231833737734e+00,4.214307823492379868e+00,7.100215464759388473e-01
1.067000003181159809e+04,1.459918720704380224e+00,4.252784527677137660e+00,4.542225219068939945e-01
1.068000003184141315e+04,1.646044897536876661e+00,4.459108829086011916e+00,7.529234087410510146e-01
1.069000003187122638e+04,1.579911595413913128e+00,4.165299623874544999e+00,6.020994178864609303e-01
1.070000003190104144e+04,1.504072240869553267e+00,4.489722556765360473e+00,8.207444805040607916e-01
1.071000003193085468e+04,1.548721475583766161e+00,4.227387412584779902e+00,7.602734641269585092e-01
1.072000003196066973e+04,1.589781452072109191e+00,4.274748355057874427e+00,6.217647032085296122e-01
1.073000003199048297e+04,1.504651904739709556e+00,4.190110253079272873e+00,6.645903920655301667e-01
1.074000003202029802e+04,1.538192700496939569e+00,4.366225374279477656e+00,6.954579846539287180e-01
1.075000003205011126e+04,1.536429581405448497e+00,4.380375039402529147e+00,5.911890281825918914e-01
1.076000003207992449e+04,1.590574509360651589e+00,4.355150312152445302e+00,6.467835025893177159e-01
1.077000003210973955e+04,1.593779676343182405e+00,4.480379465484682022e+00,6.755151550552570550e-01
1.078000003213955279e+04,1.597648530636865294e+00,4.275764524112550369e+00,6.879372256640081673e-01
1.079000003216936784e+04,1.606430410285579091e+00,4.446856200521244418e+00,8.803258088155164751e-01
1.080000003219918108e+04,1.517037053399481028e+00,4.370080378766108886e+00,4.718908079816028778e-01
1.081000003222899613e+04,1.535853483795321273e+00,4.376371407308621286e+00,7.778006959953958077e-01
1.082000003225880937e+04,1.646583320434636288e+00,4.442888866513135859e+00,5.834799506530614632e-01
1.083000003228862442e+04,1.608167832317062063e+00,4.303070550966276109e+00,8.507663868858763578e-01
1.084000003231843766e+04,1.605019027819571731e+00,4.462251039338948289e+00,7.391890519812913674e-01
1.085000003234825272e+04,1.513620164810634883e+00,4.426834468136456202e+00,7.315587253138822188e-01
1.086000003237806595e+04,1.548191360682789064e+00,4.413321401448486725e+00,6.252426860530617692e-01
1.087000003240787919e+04,1.599707912265420084e+00,4.262430015587435506e+00,6.108340521903838916e-01
1.088000003243769424e+04,1.503826509187362603e+00,3.976398637559921401e+00,5.683812275795715463e-01
1.089000003246750748e+04,1.528943226481302764e+00,4.155540243776963294e+00,8.199439733869338109e-01
1.090000003249732254e+04,1.560528251515738374e+00,4.031612360338838741e+00,3.529497889477422601e-01
1.091000003252713577e+04,1.616394398893003403e+00,4.236641797419985700e+00,5.457720589687670154e-01
1.092000003255695083e+04,1.608898227648881241e+00,4.216384155676191625e+00,3.024493195095468434e-01
1.093000003258676406e+04,1.585975528418347436e+00,4.105546982392401567e+00,3.362165031328664400e-01
1.094000003261657912e+04,1.629759754011836481e+00,4.090455275262641521e+00,4.059493707618711533e-01
1.095000003264639236e+04,1.610180368143338203e+00,3.876169980221543909e+00,2.786369300482943179e-01
1.096000003267620559e+04,1.576862693430788998e+00,4.255480837859877852e+00,4.204204649901581714e-01
1.097000003270602065e+04,1.575161325739707019e+00,4.220176851310702304e+00,7.977845787999379157e-01
1.098000003273583388e+04,1.568259551113622807e+00,4.054450239784833876e+00,5.612742807449625504e-01
1.099000003276564894e+04,1.623622373851386191e+00,4.205659263940825454e+00,5.773612463444358633e-01
1.100000003279546218e+04,1.576245679858393922e+00,4.107214971914739721e+00,4.009101738620158284e-01
1.101000003282527723e+04,1.573928945695474813e+00,4.166971339027311316e+00,4.041339401488496241e-01
1.102000003285509047e+04,1.629682218317858311e+00,4.212209686770092887e+00,7.920361984298712743e-01
1.103000003288490552e+04,1.597479312672300367e+00,4.179429773348083188e+00,8.870105322157318950e-01
1.104000003291471876e+04,1.557732363584719115e+00,4.330104971909437772e+00,8.109926987192698222e-01
1.105000003294453381e+04,1.428995104986315434e+00,4.118945912037962565e+00,5.627872273433520700e-01
1.106000003297434705e+04,1.503904102801965514e+00,4.274074407086135174e+00,7.199434290777680934e-01
1.107000003300416029e+04,1.522346325645550058e+00,4.303512983579405926e+00,6.707529435427188602e-01
1.108000003303397534e+04,1.611506220372910025e+00,4.278431609389142132e+00,5.821468870372646931e-01
1.109000003306378858e+04,1.559572200798798214e+00,4.365025046928038499e+00,5.800998621091915108e-01
1.110000003309360363e+04,1.660611158306628088e+00,4.242109401720397521e+00,7.133186268998646939e-01
1.111000003312341687e+04,1.645747468958835391e+00,4.215308904933475098e+00,7.094093918436691348e-01
1.112000003315323193e+04,1.566885505414325586e+00,4.274076725297453194e+00,8.133503074763701601e-01
1.113000003318304516e+04,1.646347499287026839e+00,4.318854455824427063e+00,5.868247760727142159e-01
1.114000003321286022e+04,1.505243974709994603e+00,4.218808308843730259e+00,3.102204098680904076e-01
1.115000003324267345e+04,1.597224802099246999e+00,4.165062539598609170e+00,5.476578069008186667e-01
1.116000003327248851e+04,1.616135768525295280e+00,4.210704131560000896e+00,8.235343340390124389e-01
1.117000003330230174e+04,1.511228936987312199e+00,4.101189961804966977e+00,4.991973350876585669e-01
1.118000003333211498e+04,1.640625139989721593e+00,4.148862475978201125e+00,6.899606298780266433e-01
1.119000003336193004e+04,1.580098774667204831e+00,4.219812533620361350e+00,5.586438528571751050e-01
1.120000003339174327e+04,1.611761319511176627e+00,3.928971846252019784e+00,5.424024936215307013e-01
1.121000003342155833e+04,1.586312789417607894e+00,3.994652799753419803e+00,6.433362954669701317e-01
1.122000003345137156e+04,1.671893602830157644e+00,4.088856542118083581e+00,8.721139001486195585e-01
1.123000003348118662e+04,1.696924652846888204e+00,4.033218790225210348e+00,6.729509820427960198e-01
1.124000003351099986e+04,1.672453405932011306e+00,4.039124974386828271e+00,5.412736772126665041e-01
1.125000003354081491e+04,1.827546923317398431e+00,4.009738829749248445e+00,1.804838153402544276e-01
1.126000003357062815e+04,1.618039094777354858e+00,4.144035608968437145e+00,5.993832517204529253e-01
1.127000003360044138e+04,1.754577573538764312e+00,4.015586043348844392e+00,5.083772807721458342e-01
1.128000003363025644e+04,1.690909556338181075e+00,4.074400145291329878e+00,6.413727649712985812e-01
1.129000003366006968e+04,1.704836213053182004e+00,4.190523167751163847e+00,6.029599109817522784e-01
1.130000003368988473e+04,1.753694774825147240e+00,3.979721663757772809e+00,3.777125961485662264e-01
1.131000003371969797e+04,1.727959573155234629e+00,4.051457997562290636e+00,5.477840585130531181e-01
1.132000003374951302e+04,1.724559973932788370e+00,4.077035728503155987e+00,8.111312094357336910e-01
1.133000003377932626e+04,1.613460509573156676e+00,3.968910453703206276e+00,5.574291328203975215e-01
1.134000003380914131e+04,1.719130160700235166e+00,4.172665028156671063e+00,5.339263989461742188e-01
1.135000003383895455e+04,1.664166817097551210e+00,4.199990010459145218e+00,7.567006788734349509e-01
1.136000003386876961e+04,1.719148287921335561e+00,4.001015690837727234e+00,4.233258601567753132e-01
1.137000003389858284e+04,1.655442112152456735e+00,4.183080824520246210e+00,8.461511338543056260e-01
1.138000003392839608e+04,1.643126094006650773e+00,4.149888539337221793e+00,8.849174363502739782e-01
1.139000003395821113e+04,1.692461839938659951e+00,4.119667230652809486e+00,8.868384318317458215e-01
1.140000003398802437e+04,1.641231334504920536e+00,4.200575833073994403e+00,8.331262900525552295e-01
1.141000003401783943e+04,1.719128908550045187e+00,4.088950016936391485e+00,7.811629916140593322e-01
1.142000003404765266e+04,1.728493783877899093e+00,3.907498423300092671e+00,8.490824104332173050e-01
1.143000003407746772e+04,1.754174045313213526e+00,4.215417285055517382e+00,9.146083390477395270e-01
1.144000003410728095e+04,1.752134662270793619e+00,4.089661417007626198e+00,5.380752520432433572e-01
1.145000003413709601e+04,1.705486162962455365e+00,4.152148435301087126e+00,8.648114382286367086e-01
1.146000003416690924e+04,1.773459418992073156e+00,4.027647011859730064e+00,5.982893613802818811e-01
1.147000003419672248e+04,1.666951234326611075e+00,3.922091696719447906e+00,4.575399165721942274e-01
1.148000003422653754e+04,1.811284146409282592e+00,3.887657268896994367e+00,6.209765225019667767e-01
1.149000003425635077e+04,1.737542678910053207e+00,4.025997960361796579e+00,8.781190631218784848e-01
1.150000003428616583e+04,1.702727949204512869e+00,3.883315208721255907e+00,4.631024313544913062e-01
1.151000003431597906e+04,1.764000151481305290e+00,3.945044328297081293e+00,6.994811332489585531e-01
1.152000003434579412e+04,1.578724461875453233e+00,4.034486113695278320e+00,9.047713736156897113e-01
1.153000003437560736e+04,1.697302110522081797e+00,4.179754955514614956e+00,8.226206685882471170e-01
1.154000003440542241e+04,1.567133098609179376e+00,3.920762145125320064e+00,5.595273278538533956e-01
1.155000003443523565e+04,1.660251844251536824e+00,3.987700824997697513e+00,6.232638367678892122e-01
1.156000003446505070e+04,1.625512761247674076e+00,4.007297708711155870e+00,8.743914121609808188e-01
1.157000003449486394e+04,1.660981759856377193e+00,4.167451215856773139e+00,7.682335857612382357e-01
1.158000003452467718e+04,1.730322996051897988e+00,4.109497209585210697e+00,8.017175332524997255e-01
1.159000003455449223e+04,1.683521503868010916e+00,4.090780150731239573e+00,7.175541908781374323e-01
1.160000003458430547e+04,1.743285310066091887e+00,4.054279110197936298e+00,6.667702880423318490e-01
1.161000003461412052e+04,1.604664874999795598e+00,4.027339520325688760e+00,1.009039242436157613e+00
1.162000003464393376e+04,1.629569679510278979e+00,4.088604726677638190e+00,1.038446209505953011e+00
1.163000003467374881e+04,1.634473342921354044e+00,3.935622028474892176e+00,8.042166962301814381e-01
1.164000003470356205e+04,1.613263378818779792e+00,4.269147394969849074e+00,1.052860240821733129e+00
1.165000003473337711e+04,1.693358052112544199e+00,4.134961001373724798e+00,9.251005845569485464e-01
1.166000003476319034e+04,1.705751303045484057e+00,4.249316227595772766e+00,7.724530269254845649e-01
1.167000003479300540e+04,1.624204519594215190e+00,4.375701574524379467e+00,4.470178626396735799e-01
1.168000003482281863e+04,1.656670072920876757e+00,4.270816520827884766e+00,7.447265644150959929e-01
1.169000003485263187e+04,1.597303560420656465e+00,4.210407015642161355e+00,7.868003971325643331e-01
1.170000003488244693e+04,1.646692757208042979e+00,4.352999441413461845e+00,9.214646915179471875e-01
1.171000003491226016e+04,1.621562378286235395e+00,4.124550372561249567e+00,6.816657836679010929e-01
1.172000003494207522e+04,1.646832751351252622e+00,4.314524845897892646e+00,8.614479840967366187e-01
1.173000003497188845e+04,1.642438676781201146e+00,4.295264916106080300e+00,6.391498566985338581e-01
1.174000003500170351e+04,1.660372623401191072e+00,4.287656298980350833e+00,7.677509453463708944e-01
1.175000003503151675e+04,1.704194012644765666e+00,4.250432535627169273e+00,7.822477653579675838e-01
1.176000003506133180e+04,1.607463659187300609e+00,4.359788124062157877e+00,1.024132071077559880e+00
1.177000003509114504e+04,1.603990029205391910e+00,4.273414492197581183e+00,7.236481460369252883e-01
1.178000003512095827e+04,1.654674078326272557e+00,4.508432659178786217e+00,1.058756274885589432e+00
1.179000003515077333e+04,1.701552915237850572e+00,4.225181765566397907e+00,1.109925777443323991e+00
1.180000003518058656e+04,1.644265263535316768e+00,4.115809868699199292e+00,8.010722421394537163e-01
1.181000003521040162e+04,1.620017838258397180e+00,4.125032104119192411e+00,1.061554573408438396e+00
1.182000003524021486e+04,1.641842357523537910e+00,4.480331293864852071e+00,1.168253395229770009e+00
1.183000003527002991e+04,1.587988085394088422e+00,4.232389830396871666e+00,6.499749108437001821e-01
1.184000003529984315e+04,1.661064503623123967e+00,4.267931332694102409e+00,5.661876705916076835e-01
1.185000003532965820e+04,1.669059286515140572e+00,4.245688732519129260e+00,8.729937256488969899e-01
1.186000003535947144e+04,1.715630671797379270e+00,4.166920177605756948e+00,5.452335375459391731e-01
1.187000003538928650e+04,1.723592716743114206e+00,3.940350773477799606e+00,7.370009352788284840e-01
1.188000003541909973e+04,1.750210920536404036e+00,4.161361798070096540e+00,9.599652782935897966e-01
1.189000003544891297e+04,1.817970508779437111e+00,4.112009262938470577e+00,5.300026059609744822e-01
1.190000003547872802e+04,1.739232477026049439e+00,4.010776361052393213e+00,5.901629462844236729e-01
1.191000003550854126e+04,1.762301073059285850e+00,4.229821619458086879e+00,1.011382459822961266e+00
1.192000003553835631e+04,1.677354474076150348e+00,4.102114699049039359e+00,5.169994042850648563e-01
1.193000003556816955e+04,1.609821397049019609e+00,3.952629047512095539e+00,5.184002877998872272e-01
1.194000003559798461e+04,1.634617453877475368e+00,4.154755692730020655e+00,8.115201093346608996e-01
1.195000003562779784e+04,1.625982464098402192e+00,4.217804587585296971e+00,5.888532066512701668e-01
1.196000003565761290e+04,1.607341168605166626e+00,4.306771671245084754e+00,8.750103038728599403e-01
1.197000003568742613e+04,1.613912689683849599e+00,4.205225573165073172e+00,8.430791161097995756e-01
1.198000003571724119e+04,1.636136560666839657e+00,4.040930320681037635e+00,4.987415036177343941e-01
1.199000003574705443e+04,1.505358760941049701e+00,3.998531360464476769e+00,6.462763054988935885e-01
1.200000003577686766e+04,1.569498974108648026e+00,4.104815016538961636e+00,9.109422323846196878e-01
1.201000003580668272e+04,1.609350795363355235e+00,4.111458813554308200e+00,1.008590544117279997e+00
1.202000003583649595e+04,1.627109537631531877e+00,4.110262662133642664e+00,5.774610910559845323e-01
1.203000003586631101e+04,1.554265532599476085e+00,4.031354196123698941e+00,6.523929564381594215e-01
1.204000003589612425e+04,1.584647361721365000e+00,4.060710933404448220e+00,9.398430524263436947e-01
1.205000003592593930e+04,1.670048779649881965e+00,3.970150208264637826e+00,5.271257584976533073e-01
1.206000003595575254e+04,1.583371192011010731e+00,4.032264451025079133e+00,7.460057300613283093e-01
1.207000003598556759e+04,1.584140739002309228e+00,3.911076452149968574e+00,2.735634034676963644e-01
1.208000003601538083e+04,1.624068961233665620e+00,4.213117146577245009e+00,6.384110962942471934e-01
1.209000003604519407e+04,1.584793389719636680e+00,4.078750592477884851e+00,8.018713827195080857e-01
1.210000003607500912e+04,1.707151072092158106e+00,4.219568901239185266e+00,8.761661144839000270e-01
1.211000003610482236e+04,1.681241760050269152e+00,4.422883588162499713e+00,7.528699138242398448e-01
1.212000003613463741e+04,1.628889617425634651e+00,4.255199661981611925e+00,6.918698085154191268e-01
1.213000003616445065e+04,1.664652678078552883e+00,4.298262928555995011e+00,4.703551396956289765e-01
1.214000003619426570e+04,1.702722622005791164e+00,4.205134955092312055e+00,6.654631457618674917e-01
1.215000003622407894e+04,1.700867905874356323e+00,4.071515475058503419e+00,7.879486814200936662e-01
1.216000003625389400e+04,1.663854910821935151e+00,4.287066083091009894e+00,7.518276938818191368e-01
1.217000003628370723e+04,1.661658990222740107e+00,4.213867567601851327e+00,6.841374987316954925e-01
1.218000003631352229e+04,1.665080060229668701e+00,4.242484382997146142e+00,5.549853365564985097e-01
1.219000003634333552e+04,1.700965877258397319e+00,4.271043398925578494e+00,5.742604097435554111e-01
1.220000003637314876e+04,1.634705307811146868e+00,4.195094192968240598e+00,3.127337373279548416e-01
1.221000003640296381e+04,1.776501157012767340e+00,4.251945537155749300e+00,2.779506204727971164e-01
1.222000003643277705e+04,1.737075083117858521e+00,4.076139828418888555e+00,6.720016760206350970e-01
1.223000003646259211e+04,1.613283623469528028e+00,4.400751649897165940e+00,8.308562881076029250e-01
1.224000003649240534e+04,1.774992440178351893e+00,4.071831811963450676e+00,5.109512259327767536e-01
1.225000003652222040e+04,1.768218800180106687e+00,4.223870315737885406e+00,2.518224141503981328e-01
1.226000003655203363e+04,1.815786490127581310e+00,4.383107215989164196e+00,5.509795192338177161e-01
1.227000003658184869e+04,1.789217935156109496e+00,4.171500340297262355e+00,4.321081856252095843e-01
1.228000003661166193e+04,1.808585844467513581e+00,4.250763822005897197e+00,4.324310652197325688e-01
1.229000003664147516e+04,1.753594183646098204e+00,4.215928978344306799e+00,5.954963185869841524e-01
1.230000003667129022e+04,1.864961408129213849e+00,4.334086030712459348e+00,3.791861085910926965e-01
1.231000003670110345e+04,1.856836269173176346e+00,4.274549093498073660e+00,3.683659340966346507e-01
1.232000003673091851e+04,1.831797871203301620e+00,4.260466095747987403e+00,4.609727376115290154e-01
1.233000003676073175e+04,1.851402933891208358e+00,4.309322842270412401e+00,6.206464617553991703e-01
1.234000003679054680e+04,1.871959799391209600e+00,4.135346424260124110e+00,3.379416943297588460e-01
1.235000003682036004e+04,1.738905279494695533e+00,4.263947395235734739e+00,4.214208485668674564e-01
1.236000003685017509e+04,1.858675235983414664e+00,4.213838596582202278e+00,5.176807217822999574e-01
1.237000003687998833e+04,1.802755299211826312e+00,4.332420666735377068e+00,6.824815133423418612e-01
1.238000003690980338e+04,1.806946319835027737e+00,4.374495435127079723e+00,1.041241409389633610e+00
1.239000003693961662e+04,1.800922934813980136e+00,4.183439025426335611e+00,5.781472459220700078e-01
1.240000003696942986e+04,1.777755568951103760e+00,4.291135072765653646e+00,6.175527908670747079e-01
1.241000003699924491e+04,1.867631896731411389e+00,4.126996767586556203e+00,4.807718810892857020e-01
1.242000003702905815e+04,1.829826184129091482e+00,4.308235608044784115e+00,7.244176804197201003e-01
1.243000003705887320e+04,1.765264297350436662e+00,4.190203221982362614e+00,9.896715615062672278e-01
1.244000003708868644e+04,1.719265300977762312e+00,4.358954322987762531e+00,9.672148599276867431e-01
1.245000003711850150e+04,1.708509142260017155e+00,4.231447132667456756e+00,5.656573444993047151e-01
1.246000003714831473e+04,1.715379502977754766e+00,4.344032942269618225e+00,7.194583328183966620e-01
1.247000003717812979e+04,1.818863546898558559e+00,4.197152326496962793e+00,3.859281942597133086e-01
1.248000003720794302e+04,1.849695076107052749e+00,4.185314959994165918e+00,7.079604926685194588e-01
1.249000003723775808e+04,1.875092487674983266e+00,4.033750795252423416e+00,1.212805459045822182e-01
1.250000003726757132e+04,1.937232695664176330e+00,4.159194050781374052e+00,1.704353832338428021e-01
1.251000003729738455e+04,1.880386075495334541e+00,3.935986556697163685e+00,3.430584741320183428e-01
1.252000003732719961e+04,1.761884150426092477e+00,4.167399778552018041e+00,9.313519336940951909e-01
1.253000003735701284e+04,1.749286066202535128e+00,4.184646562962594629e+00,5.149108301984113290e-01
1.254000003738682790e+04,1.732641134911492076e+00,4.011461412422832495e+00,5.659385908068634841e-01
1.255000003741664113e+04,1.752894901464292055e+00,4.106922471503462013e+00,7.559944264820177562e-01
1.256000003744645619e+04,1.798440811634830494e+00,4.176170390825213907e+00,7.914443506988774191e-01
1.257000003747626943e+04,1.841177528934377472e+00,4.325869305981247415e+00,6.989652884490493712e-01
1.258000003750608448e+04,1.776091096603946484e+00,4.235051974535370078e+00,1.093282310950790537e+00
1.259000003753589772e+04,1.775285308551617369e+00,4.023135030672374768e+00,6.172103140898546059e-01
1.260000003756571095e+04,1.838657912903315816e+00,4.371007028221383983e+00,8.241785317652289278e-01
1.261000003759552601e+04,1.881139707071445510e+00,4.289441437978320337e+00,7.660661096862649844e-01
1.262000003762533925e+04,1.822468472466762579e+00,4.164164387026630720e+00,8.754826562374236065e-01
1.263000003765515430e+04,1.886203849915117026e+00,4.135321420203435849e+00,7.851628335198761466e-01
1.264000003768496754e+04,1.921155762008148749e+00,4.132037649608792051e+00,1.018225137021080862e+00
1.265000003771478259e+04,1.984323633545148624e+00,3.995837374925320429e+00,5.361110176378800496e-01
1.266000003774459583e+04,1.991735030077690594e+00,4.378679546157321134e+00,1.370852893536601114e+00
1.267000003777441088e+04,1.939230532294970555e+00,4.286912235246195912e+00,9.794496690418535989e-01
1.268000003780422412e+04,1.857237527132491683e+00,4.038261296544465750e+00,5.501689412522875466e-01
1.269000003783403918e+04,1.903204094880834640e+00,4.064555899623545798e+00,9.009932649496928958e-01
1.270000003786385241e+04,1.749459138594984031e+00,4.386651299016326888e+00,1.349197893027865858e+00
1.271000003789366565e+04,1.734009176175902223e+00,4.200414570716309193e+00,7.712708683560137723e-01
1.272000003792348070e+04,1.842174346176280730e+00,4.276726869734162939e+00,1.178211854829208427e+00
1.273000003795329394e+04,1.824936105331534275e+00,4.060056129225047883e+00,7.868173406074169263e-01
1.274000003798310900e+04,1.782178045660567367e+00,4.166197587134385039e+00,8.610720664734733409e-01
1.275000003801292223e+04,1.785777712705841180e+00,4.113626157387160198e+00,1.034438723613895217e+00
1.276000003804273729e+04,1.951828741765174735e+00,4.133365120389346892e+00,8.181525686801053299e-01
1.277000003807255052e+04,1.858651274561219591e+00,4.148603237178998704e+00,7.354603891439146501e-01
1.278000003810236558e+04,1.806265272160212820e+00,4.230130744603717297e+00,1.150938604196086068e+00
1.279000003813217882e+04,1.772385997991481998e+00,4.199126677743963754e+00,1.247385947888275837e+00
1.280000003816199387e+04,1.666525296758622821e+00,4.093094223324417413e+00,8.393969311439030134e-01
1.281000003819180711e+04,1.733502150471200265e+00,4.181239939111214277e+00,7.943502424909444359e-01
1.282000003822162034e+04,1.651173645669295142e+00,4.057258397580182141e+00,1.340086194080195581e+00
1.283000003825143540e+04,1.746698331675077709e+00,4.130674703795597758e+00,1.017914728351449138e+00
1.284000003828124864e+04,1.659864239460934199e+00,4.161468479831500922e+00,1.164376077470741455e+00
1.285000003831106369e+04,1.757596622259057773e+00,4.235183052015456973e+00,1.243417246139806975e+00
1.286000003834087693e+04,1.711440369245903259e+00,4.567100286701255563e+00,1.563837967251553884e+00
1.287000003837069198e+04,1.677082328754173846e+00,4.064505989223907712e+00,1.033585992368350803e+00
1.288000003840050522e+04,1.799396228532929909e+00,4.195498656582184793e+00,1.158021887848647680e+00
1.289000003843032027e+04,1.777415389082287689e+00,4.303070827087601025e+00,1.420394223539173550e+00
1.290000003846013351e+04,1.791958611643569954e+00,4.188414785465571555e+00,1.459523850046854143e+00
1.291000003848994675e+04,1.856092272103816443e+00,4.177050984718842841e+00,1.369876073502658720e+00
1.292000003851976180e+04,1.829444090570286452e+00,4.165627288656837734e+00,8.263955230827185749e-01
1.293000003854957504e+04,1.818750592939504473e+00,4.096343195580831598e+00,1.008005838977235946e+00
1.294000003857939009e+04,1.868982900378243439e+00,4.384430416661801111e+00,1.348915976030625963e+00
1.295000003860920333e+04,1.848176819084561329e+00,3.935971262945724636e+00,4.506948576028194653e-01
1.296000003863901838e+04,1.867198267907806519e+00,4.146824173411288506e+00,1.176228083132939251e+00
1.297000003866883162e+04,1.830197383011970880e+00,4.109981454110965160e+00,9.289996491020883207e-01
1.298000003869864668e+04,1.900114868407388302e+00,4.196825516414427248e+00,8.410395910476345938e-01
1.299000003872845991e+04,1.963852848500972970e+00,4.098356385728224360e+00,9.464812308452643652e-01
1.300000003875827497e+04,2.015721016330409565e+00,3.954413819372623262e+00,5.151692393628070077e-01
1.301000003878808820e+04,2.037069897878550861e+00,4.040492493751605352e+00,4.525791764975339859e-01
1.302000003881790144e+04,1.932099787708848604e+00,3.848848085525988338e+00,6.425227550216685568e-01
1.303000003884771650e+04,1.921491719649637275e+00,4.071538869665681126e+00,6.006707175270976640e-01
1.304000003887752973e+04,1.914074407925390853e+00,4.270163578355431255e+00,8.194753253153613803e-01
1.305000003890734479e+04,1.928449355880032412e+00,4.134438883682220123e+00,8.064851420240218838e-01
1.306000003893715802e+04,1.957858108548307552e+00,4.067174674776026677e+00,7.076958303958268415e-01
1.307000003896697308e+04,1.837015622177512464e+00,4.239439082624526733e+00,6.461655957583524179e-01
1.308000003899678632e+04,1.901817235287583951e+00,4.230379726574879484e+00,7.417304020940359566e-01
1.309000003902660137e+04,1.873978428703501287e+00,4.235580868854095016e+00,5.629483553125537165e-01
1.310000003905641461e+04,1.831926498527020497e+00,4.222425836343442818e+00,8.022485093148776780e-01
1.311000003908622784e+04,1.796754202235820719e+00,4.134143879627055540e+00,9.406369068505733289e-01
1.312000003911604290e+04,1.854671408541672895e+00,4.240380266819080646e+00,1.160436607131459352e+00
1.313000003914585614e+04,1.871419930850443114e+00,4.199337532200475565e+00,8.087777834834122270e-01
1.314000003917567119e+04,1.869496982378673788e+00,4.158619300623197290e+00,7.571575000384813681e-01
1.315000003920548443e+04,1.872058778425246039e+00,4.190166173821051387e+00,7.237960400095965197e-01
1.316000003923529948e+04,1.901395449133299831e+00,4.355230371672552003e+00,7.987964699297667170e-01
1.317000003926511272e+04,1.911495945909631677e+00,4.310033124055725473e+00,8.202702796334042645e-01
1.318000003929492777e+04,1.828034604626789905e+00,4.055702363905951735e+00,5.192108215897500711e-01
1.319000003932474101e+04,1.784466541176815912e+00,3.999391253158949944e+00,7.771589559732057229e-01
1.320000003935455607e+04,1.755342690912984338e+00,4.083253874438558029e+00,2.554505462996459197e-01
1.321000003938436930e+04,1.696757399098333563e+00,4.456944338978482634e+00,9.693054035950692260e-01
1.322000003941418254e+04,1.791226635887847030e+00,3.874651060464539221e+00,3.734756551158890381e-01
1.323000003944399759e+04,1.768708354843504971e+00,4.197254214485965917e+00,5.803238835022908049e-01
1.324000003947381083e+04,1.738467732110710928e+00,4.164720572002120313e+00,2.673956225567876710e-01
1.325000003950362589e+04,1.794319421509395829e+00,4.020658220874495647e+00,4.797829350233919210e-01
1.326000003953343912e+04,1.814163685904435441e+00,4.192667328861140241e+00,5.537888965002034647e-01
1.327000003956325418e+04,1.855490467512669772e+00,3.954259628094816570e+00,5.170689462921446156e-01
1.328000003959306741e+04,1.786350294736616107e+00,3.889879645840540245e+00,4.707538786434115607e-01
1.329000003962288247e+04,1.812236164057605015e+00,4.294714222770648071e+00,7.653284493982859260e-01
1.330000003965269570e+04,1.892789471933859824e+00,4.186151895209918372e+00,8.061645937222516878e-01
1.331000003968251076e+04,1.860310987686145445e+00,4.324747382479551483e+00,8.884593992767770843e-01
1.332000003971232400e+04,1.888617558381771255e+00,4.145987354256184254e+00,5.668948858506759336e-01
1.333000003974213723e+04,1.864734260070794791e+00,3.937791561415175501e+00,1.451556197272166615e-01
1.334000003977195229e+04,1.882811116614920399e+00,4.092442277714987142e+00,5.768668174547052496e-01
1.335000003980176552e+04,1.902486024728993863e+00,4.004256381856714953e+00,8.140888933857511889e-01
1.336000003983158058e+04,1.890516664786094703e+00,4.127701459504914183e+00,7.881908227047879079e-01
1.337000003986139382e+04,1.811460388191691306e+00,4.104914349873362234e+00,4.992035747643681076e-01
1.338000003989120887e+04,1.815627582978874610e+00,4.267016229845252084e+00,8.370849770476863627e-01
1.339000003992102211e+04,1.831223722133897391e+00,4.105994168254548882e+00,6.784148511952854399e-01
1.340000003995083716e+04,1.738211063140041590e+00,4.361157809489655257e+00,1.026372769996325873e+00
1.341000003998065040e+04,1.771597672708256299e+00,4.116293192641043319e+00,7.570925627306431815e-01
1.342000004001046364e+04,1.790653487837205349e+00,4.248738614592480367e+00,3.629213583890184003e-01
1.343000004004027869e+04,1.765282424856747134e+00,4.253436738264183781e+00,3.692940483890440051e-01
1.344000004007009193e+04,1.753397229470322838e+00,4.214165506019296181e+00,6.600814994965373828e-01
1.345000004009990698e+04,1.709468063694461470e+00,4.257333271674257347e+00,8.410449973453358874e-01
1.346000004012972022e+04,1.754083836468906643e+00,4.165850996158602548e+00,4.685499902941798744e-01
1.347000004015953527e+04,1.675011135092968173e+00,4.087162691797624703e+00,7.118197667346652935e-01
1.348000004018934851e+04,1.627881267160922851e+00,4.157080885456959862e+00,7.344979907287509935e-01
1.349000004021916357e+04,1.630980165611752186e+00,4.155264365144827998e+00,8.018084840446433326e-01
1.350000004024897680e+04,1.685782132932770905e+00,4.214790350866577384e+00,7.466114876274086987e-01
1.351000004027879186e+04,1.743644748692912305e+00,4.151793506401287637e+00,7.007068458449405846e-01
1.352000004030860509e+04,1.699737528883608517e+00,4.114855310555624257e+00,7.566483260710635816e-01
1.353000004033841833e+04,1.694879805342138113e+00,4.161776905644227753e+00,8.791316968392965947e-01
1.354000004036823339e+04,1.680185182710798752e+00,4.041273469179238909e+00,2.484590479022753817e-01
1.355000004039804662e+04,1.685449576536102834e+00,4.127813873712384840e+00,6.874176170632704252e-01
1.356000004042786168e+04,1.622575242840956333e+00,4.076394573535392141e+00,7.502065073345600688e-01
1.357000004045767491e+04,1.598550991912275343e+00,3.998863953110263658e+00,5.332815441375631238e-01
1.358000004048748997e+04,1.661927705922651155e+00,4.057107852103031043e+00,2.998100053793373299e-01
1.359000004051730320e+04,1.547050181547310554e+00,4.100129875923796519e+00,7.062496920889224095e-01
1.360000004054711826e+04,1.675765151238611139e+00,4.158103660460409579e+00,3.763263366223111861e-01
1.361000004057693150e+04,1.642084588734338491e+00,4.154064623757483865e+00,7.134050664465557690e-01
1.362000004060674473e+04,1.663050110070889653e+00,4.130676426234392906e+00,4.712371507170678431e-01
1.363000004063655979e+04,1.661012058055540308e+00,4.066488014162805698e+00,7.317493159460937147e-01
1.364000004066637302e+04,1.626916632536597573e+00,4.143442130492945630e+00,5.349345118166276558e-01
1.365000004069618808e+04,1.666518362505328810e+00,4.017202406663221481e+00,4.273152139457719323e-01
1.366000004072600132e+04,1.663155486969009056e+00,4.163183877987435721e+00,5.172492475819029378e-01
1.367000004075581637e+04,1.683902558419027695e+00,4.120446675760628175e+00,4.358227706379310118e-01
1.368000004078562961e+04,1.561924035365737318e+00,4.147125263457275501e+00,7.481021089845463212e-01
1.369000004081544466e+04,1.674321934245888155e+00,4.060292802499562370e+00,6.788473503721816904e-01
1.370000004084525790e+04,1.631013489901202540e+00,4.255117167731722994e+00,5.046702966357961007e-01
1.371000004087507295e+04,1.550575617080599988e+00,4.491233647565064047e+00,1.052987764654384595e+00
1.372000004090488619e+04,1.641716930873917013e+00,4.224455607490901876e+00,9.420807295341796506e-01
1.373000004093469943e+04,1.607591633486251448e+00,4.322391918775826625e+00,4.277096557488728190e-01
1.374000004096451448e+04,1.684384602823297827e+00,4.339118437904961212e+00,9.195153099720417833e-01
1.375000004099432772e+04,1.674922322105910411e+00,4.319584504677849601e+00,4.730744677142384447e-01
1.376000004102414277e+04,1.657775983763350114e+00,4.311762490380451673e+00,1.028058986168491229e+00
1.377000004105395601e+04,1.759499782509822197e+00,4.150270543931807943e+00,6.594547491008849738e-01
1.378000004108377107e+04,1.756096935513695056e+00,4.476294357446862548e+00,1.071374729124545233e+00
1.379000004111358430e+04,1.759151069348997343e+00,4.218477464075296446e+00,5.935992317638523197e-01
1.380000004114339936e+04,1.828559276754445406e+00,4.334404527832244725e+00,7.828788563191753092e-01
1.381000004117321259e+04,1.751083503809167441e+00,4.340560459625168122e+00,8.791336552425318418e-01
1.382000004120302765e+04,1.690907682269151779e+00,4.300262210277725927e+00,5.465283596106047526e-01
1.383000004123284089e+04,1.718821268579445283e+00,4.140924829654233363e+00,3.663827137798951750e-01
1.384000004126265412e+04,1.728038290199340521e+00,4.183306930795120948e+00,6.356220909634445748e-01
1.385000004129246918e+04,1.663080385822315321e+00,4.360731817056286985e+00,8.141993445185514711e-01
1.386000004132228241e+04,1.686920748098055700e+00,4.124200561853028191e+00,7.171120847922903829e-01
1.387000004135209747e+04,1.596202395177598765e+00,4.253549311518061593e+00,7.455440306625644720e-01
1.388000004138191071e+04,1.539991423656231095e+00,4.151787178933151523e+00,6.640866283472627307e-01
1.389000004141172576e+04,1.639261211902776738e+00,4.219344568182716415e+00,6.761448895363995071e-01
1.390000004144153900e+04,1.700441823975848976e+00,4.158251461300620733e+00,4.115683536032526124e-01
1.391000004147135405e+04,1.772571511169556580e+00,4.237501142807403198e+00,6.006178929537197009e-01
1.392000004150116729e+04,1.688795354086327416e+00,4.192584968661673628e+00,7.379475206727409420e-01
1.393000004153098052e+04,1.671343632310010152e+00,4.034726210018047432e+00,3.968671583436966244e-01
1.394000004156079558e+04,1.620401543958524870e+00,4.301435319895982268e+00,8.686332209064988596e-01
1.395000004159060882e+04,1.661533553992877277e+00,4.250466198420632224e+00,4.498039088329318091e-01
1.396000004162042387e+04,1.666217027899225656e+00,4.213935495723375446e+00,8.538638318333542365e-01
1.397000004165023711e+04,1.675779339212068786e+00,4.325373156499166427e+00,5.281964745933955818e-01
1.398000004168005216e+04,1.649505552614875636e+00,4.048672385012785924e+00,4.472120972429929342e-01
1.399000004170986540e+04,1.631774708368836091e+00,4.214623734385114062e+00,3.800859213711836881e-01
1.400000004173968046e+04,1.554085124763549652e+00,3.998326625364557518e+00,5.261603382970313492e-01
1.401000004176949369e+04,1.618175710053203042e+00,4.035090640739525725e+00,7.283422145860766195e-01
1.402000004179930875e+04,1.544034471376364737e+00,3.989450060371650952e+00,6.239509921185146801e-01
1.403000004182912198e+04,1.547942080897462214e+00,3.920890093800994514e+00,5.180154645408540093e-01
1.404000004185893522e+04,1.643403171628100345e+00,4.043132667467353336e+00,8.186355606629692749e-01
1.405000004188875027e+04,1.639712660767093766e+00,3.929838471935105382e+00,5.372505091208279460e-01
1.406000004191856351e+04,1.611063869494050449e+00,4.000947970652055652e+00,3.828981630054046348e-01
1.407000004194837857e+04,1.685266108607644808e+00,4.155191687771420561e+00,7.501190858052062538e-01
1.408000004197819180e+04,1.706381475372942491e+00,4.270437031325734267e+00,7.127443012517394871e-01
1.409000004200800686e+04,1.686300386020905151e+00,4.170429327335128278e+00,5.231299956958753716e-01
1.410000004203782009e+04,1.754056100125602757e+00,4.277648093469503365e+00,7.942145020885017503e-01
1.411000004206763515e+04,1.709996416917055839e+00,4.421655874883661852e+00,6.987092269877909212e-01
1.412000004209744839e+04,1.753638571174380489e+00,4.421570891640929091e+00,7.103015228770305223e-01
1.413000004212726344e+04,1.791438970767694983e+00,4.407943902711739526e+00,4.866316974121976391e-01
1.414000004215707668e+04,1.809332730276657086e+00,4.307046538119375434e+00,5.065819425634133788e-01
1.415000004218688991e+04,1.763214199227110424e+00,4.393147814679214669e+00,7.699395493646727928e-01
1.416000004221670497e+04,1.790373891508169724e+00,4.390520557045420880e+00,7.641331563153714868e-01
1.417000004224651821e+04,1.682825714400725259e+00,4.271106952084141817e+00,5.319189722728552283e-01
1.418000004227633326e+04,1.790379415049833112e+00,4.256701368209864889e+00,6.237190782686989898e-01
1.419000004230614650e+04,1.802942146574424642e+00,3.997125376417758780e+00,6.272733836044460665e-01
1.420000004233596155e+04,1.754029983249282942e+00,3.992029834323329585e+00,6.404876276833121329e-01
1.421000004236577479e+04,1.730573590574273402e+00,4.226831310544035603e+00,5.863141655080673642e-01
1.422000004239558984e+04,1.815824582155094014e+00,4.231114328297689298e+00,4.738604753348586440e-01
1.423000004242540308e+04,1.767842469844231212e+00,4.231896043008666730e+00,8.119155914459261769e-01
1.424000004245521632e+04,1.765790586926347272e+00,4.261686242650392309e+00,6.248672771565382256e-01
1.425000004248503137e+04,1.763160010942659062e+00,4.160636222307525500e+00,6.339924718966666317e-01
1.426000004251484461e+04,1.731674186479300603e+00,4.125957029026717571e+00,5.280610936137928313e-01
1.427000004254465966e+04,1.719561923703059270e+00,4.448175045066181887e+00,1.029800250361385006e+00
1.428000004257447290e+04,1.661435299582100900e+00,4.126385439257069798e+00,3.553131236209936539e-01
1.429000004260428796e+04,1.683787435853416836e+00,4.187413147758642040e+00,4.023608811228204796e-01
1.430000004263410119e+04,1.778791892977731326e+00,4.007830650138846096e+00,4.222099343797408588e-01
1.431000004266391625e+04,1.734923936208889295e+00,4.156684070826674571e+00,5.244471314008185558e-01
1.432000004269372948e+04,1.739025728761452561e+00,4.148074748581683124e+00,8.373220010322581786e-01
1.433000004272354454e+04,1.881630996398516942e+00,4.189320524194416251e+00,7.536467278246247181e-01
1.434000004275335777e+04,1.839880941685018367e+00,4.102348348821716506e+00,3.593270243877519365e-01
1.435000004278317101e+04,1.830605617069828828e+00,4.041505075361837562e+00,2.401964214956275601e-01
1.436000004281298607e+04,1.774295252039985060e+00,4.225522503462192603e+00,6.956231122776787013e-01
1.437000004284279930e+04,1.761151999222540399e+00,4.132085855273039954e+00,5.873900518096156764e-01
1.438000004287261436e+04,1.803740749859535697e+00,4.214772323834089285e+00,3.114124987690142787e-01
1.439000004290242759e+04,1.684817417583708732e+00,4.214472145136407555e+00,6.691587148957919284e-01
1.440000004293224265e+04,1.789709165649496558e+00,4.102669786243748895e+00,6.189630412456568198e-01
1.441000004296205589e+04,1.732844802216329638e+00,4.123749391239833528e+00,3.779030152351162686e-01
1.442000004299187094e+04,1.782385277907995613e+00,3.847761965857039446e+00,2.929411674585758463e-01
1.443000004302168418e+04,1.806318180830794873e+00,4.227990461321430971e+00,8.872661804825089371e-01
1.444000004305149741e+04,1.751543983550802430e+00,4.185665304551687171e+00,6.551902304562103874e-01
1.445000004308131247e+04,1.748437767297424283e+00,4.126738119887457756e+00,8.566901129558427419e-01
1.446000004311112571e+04,1.692416553343938368e+00,4.216453562423320811e+00,5.529681615600480216e-01
1.447000004314094076e+04,1.693436277505005361e+00,4.209873096988983932e+00,8.003934848079966580e-01
1.448000004317075400e+04,1.692782059238222336e+00,4.186665452630182749e+00,6.124071700172981636e-01
1.449000004320056905e+04,1.633321352222683709e+00,4.151067291826343819e+00,7.851799972712454334e-01
1.450000004323038229e+04,1.735909852135719245e+00,4.039237228208273578e+00,5.214988506423063885e-01
1.451000004326019734e+04,1.756326676645809881e+00,3.994468241194371494e+00,7.715704865445228711e-01
1.452000004329001058e+04,1.696753539682510414e+00,4.106615873468030031e+00,5.015726805525529963e-01
1.453000004331982564e+04,1.685625722813927085e+00,4.022759717539942770e+00,3.513235647195563360e-01
1.454000004334963887e+04,1.645417976143987993e+00,3.967937268817487428e+00,4.213926412220365680e-01
1.455000004337945211e+04,1.636145101033666061e+00,4.088119266964469922e+00,9.351510708352973600e-01
1.456000004340926716e+04,1.613415391121503450e+00,4.052280600102420749e+00,5.255901080528870839e-01
1.457000004343908040e+04,1.683137486899162205e+00,4.099747648102877839e+00,5.542843187814571193e-01
1.458000004346889546e+04,1.613204140878747417e+00,4.290839202876714609e+00,4.640021898071620687e-01
1.459000004349870869e+04,1.608453177422737301e+00,4.168277553275222758e+00,8.988550113928139851e-01
1.460000004352852375e+04,1.692226674307165668e+00,4.121510261874335335e+00,7.853106271405160266e-01
1.461000004355833698e+04,1.597957566784941941e+00,4.142300055361649136e+00,6.984597790718890531e-01
1.462000004358815204e+04,1.629162795511585049e+00,4.072931868290889490e+00,4.958362183267183143e-01
1.463000004361796528e+04,1.670995982007548397e+00,4.006589474225829228e+00,1.315868751822873439e-01
1.464000004364778033e+04,1.703397136511925813e+00,3.917074456434408436e+00,4.259139373067966639e-01
1.465000004367759357e+04,1.720982514520070783e+00,4.251309881541142310e+00,1.033989411964779448e+00
1.466000004370740680e+04,1.708335628288312424e+00,4.201825565516088545e+00,3.265967498289972792e-01
1.467000004373722186e+04,1.741141707513100156e+00,4.220134408664574899e+00,6.624766945145510455e-01
1.468000004376703509e+04,1.758106941471833329e+00,4.413017419516356732e+00,6.469875096708322948e-01
1.469000004379685015e+04,1.665637983917904297e+00,4.248654071751256645e+00,6.092404676881734149e-01
1.470000004382666339e+04,1.719703706826993583e+00,4.146249516355143605e+00,6.796726900231535584e-01
1.471000004385647844e+04,1.715479680985481759e+00,4.222087426557211920e+00,6.864426219675716645e-01
1.472000004388629168e+04,1.641778299398520380e+00,4.134457564207965063e+00,7.675955234340920974e-01
1.473000004391610673e+04,1.672672293634152041e+00,4.319250089593150932e+00,8.102887348368303932e-01
1.474000004394591997e+04,1.679046466031226537e+00,4.087869823016244020e+00,4.093883791896734126e-01
1.475000004397573321e+04,1.659174500788504591e+00,4.296101975402196516e+00,4.325466612696566848e-01
1.476000004400554826e+04,1.656748333369187254e+00,4.285146911190786057e+00,6.142752055219461438e-01
1.477000004403536150e+04,1.708828674701543315e+00,4.180238746165626296e+00,6.593912122187861602e-01
1.478000004406517655e+04,1.642189401684198913e+00,4.253687767577716272e+00,7.447877700284227798e-01
1.479000004409498979e+04,1.717286878127753935e+00,4.193975511590054772e+00,7.543002003836639657e-01
1.480000004412480484e+04,1.733648518402706840e+00,4.250650610884740388e+00,7.219734830600208486e-01
1.481000004415461808e+04,1.657857355922254694e+00,4.384130514913609389e+00,9.792830886665130352e-01
1.482000004418443314e+04,1.803602636875765608e+00,4.120139363048868297e+00,8.035884882132470208e-01
1.483000004421424637e+04,1.793621427496505438e+00,4.032453327817986377e+00,5.355332602051406932e-01
1.484000004424406143e+04,1.614723627514055515e+00,3.933517333824634310e+00,3.079450202759432820e-01
1.485000004427387466e+04,1.679006157500394281e+00,4.089061070615518823e+00,7.554934361435703405e-01
1.486000004430368790e+04,1.657762174282698897e+00,4.100780520045112176e+00,3.127852052545943007e-01
1.487000004433350296e+04,1.670971480141083987e+00,4.136299149939429043e+00,4.621159519486356393e-01
1.488000004436331619e+04,1.766185222667653321e+00,4.024668017350590432e+00,3.603944909634095861e-01
1.489000004439313125e+04,1.601949736551568249e+00,4.195170863260172744e+00,8.276256675538123941e-01
1.490000004442294448e+04,1.642767721868996222e+00,4.064562273690659921e+00,6.442827349307926887e-01
1.491000004445275954e+04,1.690803109238082413e+00,3.987155627783919964e+00,5.501173901701769120e-01
1.492000004448257278e+04,1.601080357031868129e+00,4.032826072662541783e+00,5.863877636877657951e-01
1.493000004451238783e+04,1.592089013114732277e+00,3.982868629410477812e+00,7.748107329101763252e-01
1.494000004454220107e+04,1.561793453146748556e+00,4.050824434731131518e+00,6.043267602906760017e-01
1.495000004457201612e+04,1.530632503721319759e+00,4.119769176984576120e+00,6.453744617312116016e-01
1.496000004460182936e+04,1.569517375512172075e+00,4.041070013593827781e+00,7.862847294160902889e-01
1.497000004463164260e+04,1.544604632861935833e+00,4.125325703887206430e+00,6.580356148458297305e-01
1.498000004466145765e+04,1.520769731602843233e+00,4.059093281040435208e+00,7.616677906245291618e-01
1.499000004469127089e+04,1.497591780633301450e+00,4.080972732561284566e+00,3.384060925597834335e-01
1.500000004472108594e+04,1.478096431184148019e+00,4.059069701823826648e+00,7.628059226278902649e-01
1.501000004475089918e+04,1.512637082989054527e+00,4.044074012618679603e+00,6.960282819255575459e-01
1.502000004478071423e+04,1.578199701708588032e+00,4.068328737493192016e+00,6.809918360935972581e-01
1.503000004481052747e+04,1.491001202406338155e+00,4.134110402658206951e+00,6.140635644249646807e-01
1.504000004484034253e+04,1.483818613191931535e+00,4.183827774770858987e+00,7.402050306412197855e-01
1.505000004487015576e+04,1.637628762366064805e+00,4.085648088134931299e+00,1.047060424416150770e+00
1.506000004489996900e+04,1.624232539160895383e+00,3.954246034891241379e+00,5.933676327882916324e-01
1.507000004492978405e+04,1.538033265267071847e+00,4.057991187101469777e+00,6.233245897972808924e-01
1.508000004495959729e+04,1.636143503249034348e+00,4.056385754839893387e+00,9.918773049750158055e-01
1.509000004498941234e+04,1.664983437214057727e+00,4.032204086189234538e+00,5.902609538981326009e-01
1.510000004501922558e+04,1.642502353724422548e+00,3.871841662490873137e+00,4.850844466531201160e-01
1.511000004504904064e+04,1.599772201208980782e+00,4.197273329834086297e+00,7.185628494405893463e-01
1.512000004507885387e+04,1.621325191476172600e+00,4.222711214882801656e+00,8.281832441788185006e-01
1.513000004510866893e+04,1.580956680719234342e+00,4.010083769070713622e+00,1.044640807871324739e+00
1.514000004513848216e+04,1.641379654679162359e+00,4.086921603295533778e+00,7.408135729847045159e-01
1.515000004516829722e+04,1.618100956477524610e+00,4.028783492583282388e+00,4.511078806446097711e-01
1.516000004519811046e+04,1.614931209374279586e+00,4.205208405208880507e+00,8.075068427298315310e-01
1.517000004522792369e+04,1.606697504703319845e+00,4.215180399579063319e+00,1.068460836640368505e+00
1.518000004525773875e+04,1.544819220076970590e+00,4.080802451960768629e+00,9.578055175887163486e-01
1.519000004528755198e+04,1.647640485097723317e+00,4.157722250847466050e+00,1.140281061318427547e+00
1.520000004531736704e+04,1.636972719230518791e+00,4.017073873674897655e+00,6.475953963317298001e-01
1.521000004534718028e+04,1.637585834874322410e+00,4.023626398971764218e+00,7.739376061088267811e-01
1.522000004537699533e+04,1.735100004861598100e+00,4.022942598359645849e+00,3.640075723579110911e-01
1.523000004540680857e+04,1.654142149047837851e+00,4.199866217694946613e+00,7.403830187339573987e-01
1.524000004543662362e+04,1.597421928506324029e+00,4.055930158941031038e+00,3.693103541987184379e-01
1.525000004546643686e+04,1.622744710192157269e+00,4.401320435018732269e+00,1.052421377937426294e+00
1.526000004549625010e+04,1.566032941724708971e+00,4.093929339386481736e+00,6.578356869184075473e-01
1.527000004552606515e+04,1.569833638560459876e+00,4.188553470862633965e+00,7.911032020996153769e-01
1.528000004555587839e+04,1.579270074888915909e+00,4.040345230656463116e+00,7.757138813864568050e-01
1.529000004558569344e+04,1.514238388918628164e+00,4.186162008267174883e+00,7.501206830499442813e-01
1.530000004561550668e+04,1.564179228813580957e+00,4.212001031131467954e+00,7.682755326298129628e-01
1.531000004564532173e+04,1.652654534412798304e+00,4.361128724490266784e+00,7.522304005584847797e-01
1.532000004567513497e+04,1.601124303602705634e+00,4.171307357997020127e+00,6.865668414256278496e-01
1.533000004570495003e+04,1.542494972251204688e+00,4.275781415909023941e+00,2.302177715752257436e-01
1.534000004573476326e+04,1.556296400302531913e+00,4.281365355560312835e+00,2.790614151152795430e-01
1.535000004576457832e+04,1.620846381975800110e+00,4.253723232675718613e+00,9.026955201496148495e-01
1.536000004579439155e+04,1.531586537796044034e+00,3.983046900174942895e+00,5.264401247451699212e-02
1.537000004582420479e+04,1.589956132551439749e+00,4.147369252070116197e+00,3.153924515581305044e-01
1.538000004585401985e+04,1.668013125727924928e+00,4.273663406762802985e+00,3.532174862294988893e-01
1.539000004588383308e+04,1.571732166123132490e+00,4.230316389800484522e+00,3.565017435192917583e-01
1.540000004591364814e+04,1.645953239257646583e+00,4.117523452010647844e+00,7.244043134862017119e-01
1.541000004594346137e+04,1.630378889085172256e+00,4.026818342736858014e+00,4.513707156132683584e-01
1.542000004597327643e+04,1.658452066002034986e+00,4.114419513166167164e+00,6.048823412841036751e-01
1.543000004600308966e+04,1.662460985966345728e+00,4.002782550310570286e+00,2.696672911795662264e-01
1.544000004603290472e+04,1.645034093041064294e+00,4.086127653014339778e+00,2.044194461908093730e-01
1.545000004606271796e+04,1.621337326449010741e+00,3.937983223017678558e+00,5.867870376161644641e-01
1.546000004609253301e+04,1.566831960069110963e+00,4.211473687159099200e+00,9.268078802093328017e-01
1.547000004612234625e+04,1.647913417606920339e+00,4.018867571980331732e+00,3.416189117367493533e-01
1.548000004615215948e+04,1.606544821909643650e+00,4.117224415300411167e+00,4.765483091183797537e-01
1.549000004618197454e+04,1.637529442179689099e+00,4.251945952812807406e+00,2.425135308554948466e-01
1.550000004621178778e+04,1.774084080246825845e+00,4.150613556777233981e+00,1.616407964745188719e-01
1.551000004624160283e+04,1.588628944349546490e+00,3.870955229025697442e+00,3.130940958897376336e-01
1.552000004627141607e+04,1.788718716638198813e+00,4.131792120867359586e+00,2.572092325193778839e-01
1.553000004630123112e+04,1.669534564149246281e+00,4.245955216167732971e+00,1.573114072582689482e-01
1.554000004633104436e+04,1.531444580176084314e+00,4.250981907264758775e+00,2.971029248739983086e-01
1.555000004636085941e+04,1.519111567898798976e+00,4.299358590207377873e+00,5.394559178295456059e-01
1.556000004639067265e+04,1.636906632868059486e+00,4.183315005918080587e+00,4.947472254719290086e-01
1.557000004642048589e+04,1.581274932506669506e+00,4.506912663847976397e+00,9.011226950299091598e-01
1.558000004645030094e+04,1.610405623136849318e+00,4.247742012788755517e+00,4.821026928683789792e-01
1.559000004648011418e+04,1.616079901381777706e+00,4.414941527574772984e+00,3.694057680226797702e-01
1.560000004650992923e+04,1.610023158782742492e+00,4.203200482390858639e+00,1.185638544281243656e-01
1.561000004653974247e+04,1.643034657850167557e+00,4.309769768904987863e+00,4.897489620406429434e-01
1.562000004656955753e+04,1.478563762988735153e+00,4.333794151258080873e+00,2.984074401677745958e-01
1.563000004659937076e+04,1.518689569223059754e+00,4.241519386575191675e+00,3.702194240809691395e-01
1.564000004662918582e+04,1.581991706164830536e+00,4.252791870570804988e+00,7.762609276125231883e-01
1.565000004665899905e+04,1.621260261720744777e+00,4.193477548722126080e+00,4.489667384557015084e-01
1.566000004668881411e+04,1.611828059418430659e+00,4.380424198518939605e+00,6.724926833954849581e-01
1.567000004671862735e+04,1.694641996852671806e+00,4.330590611263397172e+00,7.375954357368884606e-01
1.568000004674844058e+04,1.686019177985755846e+00,4.354207285307544417e+00,5.054955258246087713e-01
1.569000004677825564e+04,1.645774056513400696e+00,4.332619214446166822e+00,5.507156987965073913e-01
1.570000004680806887e+04,1.714756571601485646e+00,4.285473083173060971e+00,7.026346873483081401e-01
1.571000004683788393e+04,1.561698695370282941e+00,4.453618120774391897e+00,6.198104751739488272e-01
1.572000004686769716e+04,1.672404048362326145e+00,4.429924382514119685e+00,6.320619766707782361e-01
1.573000004689751222e+04,1.644957828069566030e+00,4.284584967730378224e+00,7.713943993614077455e-01
1.574000004692732546e+04,1.722442399274414448e+00,4.408098753677379911e+00,9.492327955619530577e-01
1.575000004695714051e+04,1.592564089944465522e+00,4.141328134777068293e+00,5.695089106630909503e-01
1.576000004698695375e+04,1.677977346524958113e+00,4.234996584716772539e+00,6.587244994952854427e-01
1.577000004701676698e+04,1.578481028946171483e+00,4.278338185126498772e+00,7.392068297890466155e-01
1.578000004704658204e+04,1.653994940950849202e+00,4.237539379062835287e+00,5.557449304474848528e-01
1.579000004707639528e+04,1.618938521210522730e+00,4.191609037784838065e+00,2.123606130398873193e-01
1.580000004710621033e+04,1.591844696745830845e+00,4.161746826295658508e+00,7.350002018687196159e-01
1.581000004713602357e+04,1.627233505967598415e+00,4.097908884947667474e+00,9.700219969970113043e-01
1.582000004716583862e+04,1.607347497615285725e+00,4.245515856202565885e+00,3.771561250537033838e-01
1.583000004719565186e+04,1.613749718324992477e+00,4.183577666448682564e+00,2.192996521475171212e-01
1.584000004722546691e+04,1.740796819762595593e+00,4.127714916211729701e+00,2.500177450333891938e-01
1.585000004725528015e+04,1.657994666993017896e+00,4.304150930729062630e+00,1.665965726807088210e-01
1.586000004728509521e+04,1.546629521355816994e+00,4.308557110099931364e+00,3.422812626835317618e-01
1.587000004731490844e+04,1.673544618499003933e+00,4.146563019211573220e+00,3.397577039547850508e-01
1.588000004734472168e+04,1.587695243619452246e+00,4.281058629843163210e+00,4.094809819433714027e-01
1.589000004737453673e+04,1.579797210110450045e+00,4.206978535624306126e+00,3.703463525073087403e-01
1.590000004740434997e+04,1.616520694735684049e+00,4.265252335475101297e+00,3.285972088033509153e-01
1.591000004743416503e+04,1.741062077968670740e+00,4.073937795008294671e+00,3.659388427724749038e-01
1.592000004746397826e+04,1.678371152143318890e+00,4.103314882182765189e+00,3.247766246464381945e-01
1.593000004749379332e+04,1.767454740126600310e+00,4.262818386567366780e+00,8.512760051648269322e-01
1.594000004752360655e+04,1.606651620317580687e+00,4.244848650537979218e+00,4.354901195769718125e-01
1.595000004755342161e+04,1.567913877302167469e+00,4.390639620886640060e+00,5.065274357505376024e-01
1.596000004758323485e+04,1.648100908509776419e+00,4.106683531751717631e+00,4.066267011225699335e-01
1.597000004761304990e+04,1.624501089271497500e+00,4.241587357006442183e+00,3.614741435841757333e-01
1.598000004764286314e+04,1.686755728157270706e+00,4.046510448410053584e+00,3.120788066906894920e-01
1.599000004767267637e+04,1.653489787008320944e+00,4.277257649485978419e+00,8.220294760447265370e-01
1.600000004770249143e+04,1.656050084942373601e+00,4.110068898589770647e+00,6.653858560599239524e-01
1.601000004773230467e+04,1.710193957740446802e+00,3.929729191942467725e+00,3.434272669777590492e-01
1.602000004776211972e+04,1.744524798285080669e+00,4.146458221571586833e+00,2.627642935687904413e-01
1.603000004779193296e+04,1.591082955678876587e+00,4.172364990039697297e+00,4.823266779457937581e-01
1.604000004782174801e+04,1.613694777883743159e+00,4.167200868317902263e+00,4.911053280436588619e-01
1.605000004785156125e+04,1.590599983593628419e+00,4.176706383658844501e+00,5.593382035664911101e-01
1.606000004788137630e+04,1.583100755717761876e+00,4.106773547939414293e+00,5.628930421497532199e-01
1.607000004791118954e+04,1.522662402430167150e+00,4.200843083202832950e+00,5.142319317595350769e-01
1.608000004794100278e+04,1.574106019886837737e+00,4.041860952615718539e+00,5.347540028203420226e-01
1.609000004797081783e+04,1.583362853533822001e+00,4.117935773800255994e+00,6.013275554070560691e-01
1.610000004800063107e+04,1.612406986513218454e+00,4.095405861328830888e+00,5.361200379639432523e-01
1.611000004803044612e+04,1.709270690760689382e+00,4.180276931359084180e+00,6.412722589379364901e-01
1.612000004806025936e+04,1.645819965498068527e+00,4.032887105137124450e+00,4.770382271967302246e-01
1.613000004809007442e+04,1.627388344464054670e+00,4.193844017636655153e+00,7.822843129229879455e-01
1.614000004811988765e+04,1.616600434635925732e+00,3.933248832006182916e+00,4.197896032804536159e-01
1.615000004814970271e+04,1.665601631231393931e+00,4.033232981308318088e+00,4.356690326690709214e-01
1.616000004817951594e+04,1.662793142251355771e+00,4.020168025624951014e+00,6.037100180300164487e-01
1.617000004820933100e+04,1.580973519481570611e+00,4.193075531379415466e+00,7.605479328879325429e-01
1.618000004823914423e+04,1.576047339811768255e+00,4.177105367284246640e+00,4.276031238733560280e-01
1.619000004826895747e+04,1.545248772241784252e+00,4.211693661772478947e+00,6.224251676190177829e-01
1.620000004829877253e+04,1.613340542704724045e+00,4.047385605224674165e+00,6.868877101594696999e-01
1.621000004832858576e+04,1.657463107622380249e+00,4.148180595894501721e+00,3.159397470770937688e-01
1.622000004835840082e+04,1.672144145515012559e+00,4.026190320984281534e+00,4.615919273951846757e-01
1.623000004838821405e+04,1.702738914851556817e+00,4.082196599897711664e+00,9.006573571717121363e-01
1.624000004841802911e+04,1.640046134372225906e+00,3.990057408256470595e+00,8.574995412564851982e-01
1.625000004844784235e+04,1.590843600321019125e+00,3.988615337685924800e+00,5.995003143494465059e-01
1.626000004847765740e+04,1.639919908434217088e+00,4.055480346858427509e+00,4.848007637342724996e-01
1.627000004850747064e+04,1.601380561381181789e+00,4.081746702020899065e+00,5.622429397784560745e-01
1.628000004853728569e+04,1.591375807753038663e+00,4.111902180332432266e+00,6.955226777641877467e-01
1.629000004856709893e+04,1.613987233858866999e+00,3.994462224043008991e+00,1.249365287158915316e-01
1.630000004859691217e+04,1.617689614436149448e+00,4.292270389503029193e+00,8.623752932137155325e-01
1.631000004862672722e+04,1.601634055109114607e+00,4.227895479222262054e+00,5.630005443470159632e-01
1.632000004865654046e+04,1.621752883059388139e+00,4.316264911159911399e+00,6.922737487425574265e-01
1.633000004868635551e+04,1.623355642494167750e+00,4.185145767764042901e+00,7.136252576212877008e-01
1.634000004871616875e+04,1.606278325032033827e+00,4.184684547658600096e+00,7.464836996793183799e-01
1.635000004874598380e+04,1.641724615925217678e+00,4.281195797567892924e+00,5.521428485342944059e-01
1.636000004877579704e+04,1.689039602080574465e+00,4.368724163891557488e+00,9.618421522655575817e-01
1.637000004880561210e+04,1.566992269136602500e+00,4.173944112653960481e+00,7.209751878385953772e-01
1.638000004883542533e+04,1.617577696944484389e+00,4.211333136375500885e+00,7.943621685765510643e-01
1.639000004886524039e+04,1.555673299019487477e+00,4.267197679261295562e+00,8.047805261898056672e-01
1.640000004889505362e+04,1.599123052112167098e+00,4.239099141608866361e+00,1.126572214612619138e+00
1.641000004892486686e+04,1.536198226821686275e+00,4.285166108730656731e+00,6.166261370151693288e-01
1.642000004895468010e+04,1.644148302091874347e+00,4.089516111545067112e+00,4.750380786863114824e-01
1.643000004898449697e+04,1.635090298474775938e+00,4.093061579888794377e+00,6.310115062702330579e-01
1.644000004901431021e+04,1.623093771072078084e+00,3.928802126895820201e+00,5.207734816975944092e-01
1.645000004904412344e+04,1.576786348847962760e+00,4.168240424333933269e+00,7.822901493167877529e-01
1.646000004907393668e+04,1.474430451432418243e+00,4.318271419735918215e+00,7.307834036452803828e-01
1.647000004910375355e+04,1.621236236886998805e+00,4.154729377666948942e+00,7.416587614988665589e-01
1.648000004913356679e+04,1.572132968153065136e+00,4.244564181143371862e+00,8.696369587152334990e-01
1.649000004916338003e+04,1.481779351017264101e+00,4.215334728261590058e+00,6.862438886624231404e-01
1.650000004919319326e+04,1.556959747434281782e+00,4.051446794333494417e+00,7.867245920758251243e-01
1.651000004922300650e+04,1.590647281658908563e+00,4.212732437614204350e+00,9.952409806694814121e-01
1.652000004925282337e+04,1.630094200733918752e+00,4.289146375869622219e+00,6.894197031374734719e-01
1.653000004928263661e+04,1.668606461457296630e+00,4.428667199192301673e+00,9.649583334737112938e-01
1.654000004931244985e+04,1.529537089498016700e+00,4.260674894557311632e+00,8.204202120792788433e-01
1.655000004934226308e+04,1.537751218735357917e+00,4.251221338793308213e+00,8.905139350970572298e-01
1.656000004937207996e+04,1.613986469368954735e+00,4.339805131319045550e+00,8.736699729528807357e-01
1.657000004940189319e+04,1.586295698440755908e+00,4.215764533067641651e+00,6.494721183060899738e-01
1.658000004943170643e+04,1.595346819818061146e+00,4.302619125899131092e+00,7.331125497776332933e-01
1.659000004946151967e+04,1.630033940639081358e+00,4.122851534975042753e+00,7.671871348573676697e-01
1.660000004949133290e+04,1.720487034904669033e+00,4.116835531704658102e+00,8.760463922452508267e-01
1.661000004952114978e+04,1.606429595094119422e+00,4.284750150398679125e+00,4.650059294841997204e-01
1.662000004955096301e+04,1.583642057168671569e+00,4.285924407675384629e+00,6.923198055880032120e-01
1.663000004958077625e+04,1.621632106518567706e+00,4.054499246452667904e+00,7.355445203522059661e-01
1.664000004961058949e+04,1.662625586518925891e+00,4.320979417007827728e+00,7.862983289361196171e-01
1.665000004964040636e+04,1.610514208414425497e+00,4.200650510381607639e+00,6.627397110721826579e-01
1.666000004967021960e+04,1.611167477047293906e+00,4.285291814174756908e+00,6.107057885635518435e-01
1.667000004970003283e+04,1.471635874973796998e+00,4.283416919333616235e+00,4.099184363085885963e-01
1.668000004972984607e+04,1.455211841547704443e+00,4.126738897542110429e+00,5.593721875875899974e-01
1.669000004975966294e+04,1.539905964878212741e+00,4.185842985614651290e+00,2.880127892580389148e-01
1.670000004978947618e+04,1.574305549037111618e+00,4.396974061598913686e+00,7.486331453676241532e-01
1.671000004981928942e+04,1.510657778553726294e+00,4.317321913959861313e+00,7.691748567942610082e-01
1.672000004984910265e+04,1.598080885966056019e+00,4.439183195179070118e+00,7.470270020855930282e-01
1.673000004987891589e+04,1.520205328883214912e+00,4.260257955483268688e+00,3.253781987740139159e-01
1.674000004990873276e+04,1.399879665773376969e+00,4.520942495391259364e+00,9.677440625950950448e-01
1.675000004993854600e+04,1.596927717934782498e+00,4.345147085176403579e+00,9.235578385232819931e-01
1.676000004996835924e+04,1.498062612592571563e+00,4.332195874055395635e+00,8.860586095719505950e-01
1.677000004999817247e+04,1.511265328786093765e+00,4.413567203619204626e+00,7.058247122715760602e-01
1.678000005002798935e+04,1.602792917923194782e+00,4.423452939545427398e+00,8.959226710354936118e-01
1.679000005005780258e+04,1.548126628888896184e+00,4.405275272036242029e+00,5.452563514424406677e-01
1.680000005008761582e+04,1.637412621866407791e+00,4.374999532524706858e+00,1.178063071291877595e+00
1.681000005011742905e+04,1.588740434421513914e+00,4.311182618233788233e+00,4.490541301294572185e-01
1.682000005014724229e+04,1.547625479976615592e+00,4.286434953058790853e+00,5.601981488252874009e-01
1.683000005017705917e+04,1.631413880018044216e+00,4.454746024174355057e+00,9.563254906040651315e-01
1.684000005020687240e+04,1.614345338222676673e+00,4.394739211896762754e+00,7.015683011801319147e-01
1.685000005023668564e+04,1.616836974335136068e+00,4.295966790044507100e+00,6.753375166144296449e-01
1.686000005026649887e+04,1.568770797233937087e+00,4.297949359133273362e+00,5.480993871973837139e-01
1.687000005029631575e+04,1.546228379239043660e+00,4.475586631411168526e+00,6.517244613270488651e-01
1.688000005032612899e+04,1.601342028632184666e+00,4.542622467144375342e+00,7.574767826211195043e-01
1.689000005035594222e+04,1.552548322147617732e+00,4.525886367447506053e+00,7.771201870792862065e-01
1.690000005038575546e+04,1.449673303049529460e+00,4.394745102276087501e+00,8.875617136029005927e-01
1.691000005041556869e+04,1.594131269149862362e+00,4.557027738127069405e+00,8.386767926279010688e-01
1.692000005044538557e+04,1.571582879230399632e+00,4.311400193026813987e+00,9.632428169943705321e-01
1.693000005047519880e+04,1.575918364652630466e+00,4.603470923136537607e+00,1.223794210838883734e+00
1.694000005050501204e+04,1.596296949121872366e+00,4.593419073019448184e+00,8.803082371256915062e-01
1.695000005053482528e+04,1.540281825772140012e+00,4.535984897581226249e+00,8.673319379314858857e-01
1.696000005056464215e+04,1.635048057649658881e+00,4.430357186352758880e+00,5.749451102775593458e-01
1.697000005059445539e+04,1.565960099654279292e+00,4.302590755984355475e+00,5.128521814174085147e-01
1.698000005062426862e+04,1.543073416624216820e+00,4.337532997297444126e+00,9.380116335836039543e-01
1.699000005065408186e+04,1.601689402840675625e+00,4.512968256778343346e+00,6.828469128970812152e-01
1.700000005068389510e+04,1.593937027818386865e+00,4.350985450297375046e+00,1.075466180842764574e+00
1.701000005071371197e+04,1.564539126496786503e+00,4.386549079605474688e+00,1.110805126843890100e+00
1.702000005074352521e+04,1.561423359232092301e+00,4.520106762181061555e+00,8.695352833365709300e-01
1.703000005077333844e+04,1.568725588313335306e+00,4.511336072322134960e+00,6.963501113703527423e-01
1.704000005080315168e+04,1.524852341281336621e+00,4.471116704824742882e+00,7.706863485945626424e-01
1.705000005083296855e+04,1.518428794328475995e+00,4.454183762391642709e+00,9.525348447461954304e-01
1.706000005086278179e+04,1.448676469294852831e+00,4.259303579482311974e+00,5.759901822391254589e-01
1.707000005089259503e+04,1.541724948502863679e+00,4.389681885866639099e+00,6.620299308627259904e-01
1.708000005092240826e+04,1.582490445862272832e+00,4.187291423578379579e+00,7.276976236003653842e-01
1.709000005095222514e+04,1.485826241459353936e+00,4.261465355800093668e+00,7.867995696212608525e-01
1.710000005098203837e+04,1.491436485515598820e+00,4.367470768451238605e+00,6.907348670317824402e-01
1.711000005101185161e+04,1.510791295665343759e+00,4.517228604046999330e+00,8.731260632877794192e-01
1.712000005104166485e+04,1.447371157239458084e+00,4.245839106718446665e+00,7.654727971467447656e-01
1.713000005107147808e+04,1.457229571572051130e+00,4.461366851638991271e+00,6.324098257204124884e-01
1.714000005110129496e+04,1.523201600537550382e+00,4.522895441413778528e+00,7.269651609899425715e-01
1.715000005113110819e+04,1.543156707024543106e+00,4.505108645584612326e+00,8.489549638785008900e-01
1.716000005116092143e+04,1.493177050275017681e+00,4.443413011687899150e+00,7.114921035669281579e-01
1.717000005119073467e+04,1.543262363698826745e+00,4.399705411845838299e+00,7.167556596033958227e-01
1.718000005122055154e+04,1.542556141517607005e+00,4.542713517195251960e+00,1.069091579721810126e+00
1.719000005125036478e+04,1.525285922449889364e+00,4.388769554429675424e+00,6.777732179674831325e-01
1.720000005128017801e+04,1.495454846896472345e+00,4.307762728914660499e+00,8.220338283678724212e-01
1.721000005130999125e+04,1.608602230963440016e+00,4.410421390121037177e+00,1.000209217985370325e+00
1.722000005133980449e+04,1.596990051768963692e+00,4.337122091319826289e+00,1.115807145829986968e+00
1.723000005136962136e+04,1.601789920130903822e+00,4.071689047247523341e+00,8.525909197038463727e-01
1.724000005139943460e+04,1.555555738892139495e+00,4.451855951106188591e+00,9.927546623630369993e-01
1.725000005142924783e+04,1.570149243755236013e+00,4.193839378888839953e+00,5.804355681767630060e-01
1.726000005145906107e+04,1.495086747863938248e+00,4.497525098261013987e+00,1.184239948715498869e+00
1.727000005148887794e+04,1.597021649085829331e+00,4.117387560953768677e+00,5.995934336847509316e-01
1.728000005151869118e+04,1.523854575863460958e+00,4.244404416032162786e+00,1.045679400972114870e+00
1.729000005154850442e+04,1.560796741435195312e+00,4.040658231393412514e+00,9.048323161218823074e-01
1.730000005157831765e+04,1.646152921547672676e+00,4.100202048033668056e+00,8.476945091689167544e-01
1.731000005160813089e+04,1.550531749737814602e+00,4.109738229204592308e+00,7.317758167072957454e-01
1.732000005163794776e+04,1.635447099339159660e+00,4.176571143592309632e+00,6.484655402771943855e-01
1.733000005166776100e+04,1.518855113171297511e+00,4.412215019804457405e+00,7.515337904363559307e-01
1.734000005169757424e+04,1.589835947839092878e+00,4.506682904786191379e+00,9.306669156893806472e-01
1.735000005172738747e+04,1.578973520952607679e+00,4.351588543649508978e+00,7.539025488916368811e-01
1.736000005175720435e+04,1.627636275959553958e+00,4.502382965279489113e+00,8.958351039088227052e-01
1.737000005178701758e+04,1.531849210237909320e+00,4.092368426059620923e+00,7.366844987913329090e-01
1.738000005181683082e+04,1.512418328979460380e+00,4.184524755145415220e+00,7.807061643519105365e-01
1.739000005184664406e+04,1.518690205581476160e+00,4.251876851517243594e+00,9.160383430648572078e-01
1.740000005187646093e+04,1.436518169608950846e+00,4.360810035588828626e+00,1.053666842782110313e+00
1.741000005190627417e+04,1.500337702958859598e+00,4.164715786096684802e+00,7.880714708437447369e-01
1.742000005193608740e+04,1.506615173675399211e+00,4.260616665824160876e+00,7.309283594273408013e-01
1.743000005196590064e+04,1.511611176886378027e+00,4.384559778319657930e+00,1.214688799706119759e+00
1.744000005199571387e+04,1.497563067544796844e+00,4.427857604220204912e+00,1.158936557675416923e+00
1.745000005202553075e+04,1.524504834215038240e+00,4.203012562766060611e+00,4.815696577536800471e-01
1.746000005205534399e+04,1.489062200845193473e+00,4.469022883070270957e+00,9.786623249669552660e-01
1.747000005208515722e+04,1.570409279230938759e+00,4.309809366651874640e+00,8.647177720361362008e-01
1.748000005211497046e+04,1.509783982034871519e+00,4.267408682537836562e+00,9.127816870279966688e-01
1.749000005214478733e+04,1.484587891440646956e+00,4.385710968631305384e+00,1.090615634119656674e+00
1.750000005217460057e+04,1.500522367428994919e+00,4.216071040796069092e+00,8.897355120384791149e-01
1.751000005220441381e+04,1.488157972023083531e+00,4.483473124413547950e+00,7.702697565228185939e-01
1.752000005223422704e+04,1.553438911816979795e+00,4.298130105801715395e+00,6.692900938014469947e-01
1.753000005226404028e+04,1.514638591145637037e+00,4.479763228295682076e+00,8.690754594042588987e-01
1.754000005229385715e+04,1.508620949885144835e+00,4.363085033606301621e+00,8.038027765635845645e-01
1.755000005232367039e+04,1.566246789042941678e+00,4.202674231776978075e+00,6.954714508454186150e-01
1.756000005235348362e+04,1.533142636255998115e+00,4.446671675521246314e+00,1.022717066968067634e+00
1.757000005238329686e+04,1.553694307586274137e+00,4.494843020480914220e+00,1.239149009443374139e+00
1.758000005241311374e+04,1.541703330917090664e+00,4.435795703110502863e+00,7.206072068607543013e-01
1.759000005244292697e+04,1.453268071700330788e+00,4.364173922201935341e+00,8.530186423219368042e-01
1.760000005247274021e+04,1.596558740667193055e+00,4.318551351181454834e+00,8.426749591573396980e-01
1.761000005250255344e+04,1.500251158737388346e+00,4.318050831659520306e+00,9.530254359541026066e-01
1.762000005253236668e+04,1.552429592563409511e+00,4.381540860344324884e+00,1.060401973966182299e+00
1.763000005256218355e+04,1.552936599036752296e+00,4.554724095258618988e+00,1.216851990956265173e+00
1.764000005259199679e+04,1.688087804040634188e+00,4.451594852483725440e+00,1.180908252593366736e+00
1.765000005262181003e+04,1.727916611592045681e+00,4.273897272142359149e+00,9.044054765743764213e-01
1.766000005265162326e+04,1.589623000568106015e+00,4.225544431599272954e+00,1.002413273938725258e+00
1.767000005268144014e+04,1.643052144445619644e+00,4.194012327505135751e+00,1.138211985456669462e+00
1.768000005271125337e+04,1.602857396568402093e+00,4.510590633216046363e+00,1.210061697699877481e+00
1.769000005274106661e+04,1.628604751271353068e+00,4.285551066767565587e+00,1.053454714729985531e+00
1.770000005277087985e+04,1.618609340261100371e+00,4.318533404910316342e+00,6.899119611534690888e-01
1.771000005280069672e+04,1.625856101041781354e+00,4.398984159617335798e+00,6.401086189517299907e-01
1.772000005283050996e+04,1.623253877849884619e+00,4.248326396939353877e+00,6.577058899377272727e-01
1.773000005286032319e+04,1.669876352094242344e+00,4.282636278101336735e+00,9.692898314888063194e-01
1.774000005289013643e+04,1.645969325915656034e+00,4.284483342441511411e+00,8.348701923250952950e-01
1.775000005291994967e+04,1.697518332832351762e+00,4.542385721897464812e+00,1.370070902587067652e+00
1.776000005294976654e+04,1.662298366073025502e+00,4.567351381350654549e+00,1.098260758938730763e+00
1.777000005297957978e+04,1.748097642970237953e+00,4.384348155111766232e+00,1.151952721134228863e+00
1.778000005300939301e+04,1.618767870381011109e+00,4.486393862407560995e+00,6.786952290888765837e-01
1.779000005303920625e+04,1.563962921693802910e+00,4.286326681045145470e+00,6.553219669069075826e-01
1.780000005306902312e+04,1.667371807098747993e+00,4.285102688714642838e+00,1.190296802071017179e+00
1.781000005309883636e+04,1.714872498359348851e+00,4.526323319909812071e+00,1.157146129245691490e+00
1.782000005312864960e+04,1.564042862603534312e+00,4.467080856048007753e+00,1.001015192164325551e+00
1.783000005315846283e+04,1.601794691067729204e+00,4.437707298225103791e+00,8.133701968945389327e-01
1.784000005318827607e+04,1.575892258374449906e+00,4.398445327458722076e+00,9.785536938496526282e-01
1.785000005321809294e+04,1.503177121061142429e+00,4.414280976000685364e+00,1.003081252677569202e+00
1.786000005324790618e+04,1.510629714085362840e+00,4.524392475356497911e+00,1.025184800923967243e+00
1.787000005327771942e+04,1.541856186793550965e+00,4.386749681314320526e+00,1.162578027971589156e+00
1.788000005330753265e+04,1.466297698809176264e+00,4.461843631951179390e+00,1.133132397041382688e+00
1.789000005333734953e+04,1.440371146295481797e+00,4.564531507150727307e+00,1.076542491246306632e+00
1.790000005336716276e+04,1.466672288926392786e+00,4.381023296293229841e+00,5.027180393249849333e-01
1.791000005339697600e+04,1.599783373869296810e+00,4.360599294917804514e+00,1.079876117489154241e+00
1.792000005342678924e+04,1.534857321105558059e+00,4.373412535599197959e+00,8.151407666937433572e-01
1.793000005345660247e+04,1.547206589364587659e+00,4.401774130051860467e+00,1.191936118507168185e+00
1.794000005348641935e+04,1.467792212178176348e+00,4.370679359893290261e+00,1.046422314018192079e+00
1.795000005351623258e+04,1.480521581998511804e+00,4.590978097518374490e+00,1.148686459681065974e+00
1.796000005354604582e+04,1.551127967507006877e+00,4.312617763101463275e+00,1.035010246388420541e+00
1.797000005357585906e+04,1.495454162145696930e+00,4.306568201627371195e+00,9.749686299083664132e-01
1.798000005360567593e+04,1.382582911296523331e+00,4.356020412737579228e+00,9.569066318756330736e-01
1.799000005363548917e+04,1.391396647680840593e+00,4.510430622700655867e+00,1.077418237215347574e+00
1.800000005366530240e+04,1.543066309234798261e+00,4.377499450671621162e+00,8.179584339179966079e-01
1.801000005369511564e+04,1.518183368785665621e+00,4.580887462326650450e+00,1.159959625669906291e+00
1.802000005372493251e+04,1.543226683960891910e+00,4.266829760190417709e+00,8.987501611902255494e-01
1.803000005375474575e+04,1.474945634235477421e+00,4.433565484228363829e+00,1.010502130046083913e+00
1.804000005378455899e+04,1.465339824828409521e+00,4.536873685074449547e+00,1.216155072640115353e+00
1.805000005381437222e+04,1.487694558133350275e+00,4.551595054327431278e+00,9.130694905077015866e-01
1.806000005384418546e+04,1.484885738661469556e+00,4.664983095584043227e+00,1.208362569053494262e+00
1.807000005387400233e+04,1.522870628009947325e+00,4.517577903311930321e+00,9.152714499354263067e-01
1.808000005390381557e+04,1.556389454178077836e+00,4.430039418786773098e+00,1.036302716549910130e+00
1.809000005393362881e+04,1.587683087297183437e+00,4.547692453969761850e+00,1.218273080660350338e+00
1.810000005396344204e+04,1.667703986837264729e+00,4.305338106199017467e+00,7.842803493808496729e-01
1.811000005399325892e+04,1.570184715428099009e+00,4.482009560488384281e+00,1.130163990665869367e+00
1.812000005402307215e+04,1.495706910861858807e+00,4.614466332787221958e+00,1.091498289638737518e+00
1.813000005405288539e+04,1.519916536689951858e+00,4.432519626447077421e+00,1.182780286643410284e+00
1.814000005408269863e+04,1.508622651864058639e+00,4.520004675540620021e+00,1.011765832972639334e+00
1.815000005411251186e+04,1.551349958564711695e+00,4.603520133457242203e+00,9.146652821462758487e-01
1.816000005414232874e+04,1.535262010085826523e+00,4.444662244115883176e+00,1.116401541930551744e+00
1.817000005417214197e+04,1.476418333952654427e+00,4.554386235034296959e+00,1.272408612886979151e+00
1.818000005420195521e+04,1.564280293807799316e+00,4.643629871357941141e+00,1.124810861937253881e+00
1.819000005423176844e+04,1.630773514505271304e+00,4.564683631522799878e+00,1.130000639236951931e+00
1.820000005426158532e+04,1.543107630927276874e+00,4.519927523909451850e+00,1.005815604756685522e+00
1.821000005429139856e+04,1.593299748042712904e+00,4.538605157405130264e+00,1.078952476105704106e+00
1.822000005432121179e+04,1.534404173758009859e+00,4.612799547036297021e+00,1.061768861377988094e+00
1.823000005435102503e+04,1.543253304338272791e+00,4.683519624843533791e+00,9.994853106558293510e-01
1.824000005438083826e+04,1.482631769995837789e+00,4.629426728063440244e+00,1.054756169828764190e+00
1.825000005441065514e+04,1.596819608137030500e+00,4.401184038551551936e+00,9.435543697506779681e-01
1.826000005444046838e+04,1.531468768753930565e+00,4.547909779460596269e+00,1.293721009021147728e+00
1.827000005447028161e+04,1.570336200807679994e+00,4.531649371448462915e+00,7.617073443307111891e-01
1.828000005450009485e+04,1.584849839024534468e+00,4.643637801225704465e+00,9.036647640733590503e-01
1.829000005452991172e+04,1.556699574430139288e+00,4.619911453981793592e+00,1.122156187507830083e+00
1.830000005455972496e+04,1.557265647824697119e+00,4.523543969085004335e+00,1.194178725187224011e+00
1.831000005458953819e+04,1.615576792004157491e+00,4.670726665157936885e+00,1.312126863093858287e+00
1.832000005461935143e+04,1.602195982405164143e+00,4.598476990321369584e+00,1.103062985318513878e+00
1.833000005464916467e+04,1.662508192917058425e+00,4.432617578939715308e+00,9.155079495723218441e-01
1.834000005467898154e+04,1.585931125458606816e+00,4.455937426141661106e+00,9.542524073816803787e-01
1.835000005470879478e+04,1.586421581566260786e+00,4.484521215842391939e+00,9.237324193872455957e-01
1.836000005473860801e+04,1.568503333365896202e+00,4.462733674445050092e+00,1.065209347173827537e+00
1.837000005476842125e+04,1.565958637108419316e+00,4.552276858682276384e+00,9.722754623290615905e-01
1.838000005479823812e+04,1.548107812094531077e+00,4.391665123247200597e+00,1.140711584003935908e+00
1.839000005482805136e+04,1.584967037943549428e+00,4.285408076310860181e+00,4.936520791555212284e-01
1.840000005485786460e+04,1.631510528502351676e+00,4.210381526387506845e+00,5.058063112543892403e-01
1.841000005488767783e+04,1.539667731926021466e+00,4.489508680992588374e+00,1.043481204692313202e+00
1.842000005491749471e+04,1.558133462795435076e+00,4.290694702824892737e+00,7.794032726932431654e-01
1.843000005494730794e+04,1.604310953274116658e+00,4.410937574652212589e+00,1.012813059903262092e+00
1.844000005497712118e+04,1.646780171861523812e+00,4.064124804127761337e+00,2.884055485827229370e-01
1.845000005500693442e+04,1.477347339205656418e+00,4.158608318351234345e+00,5.852833236577338338e-01
1.846000005503674765e+04,1.523011954727527151e+00,4.275572496289057334e+00,7.520049004860575037e-01
1.847000005506656453e+04,1.574034589753160907e+00,4.155268285932995020e+00,4.421310847663729171e-01
1.848000005509637776e+04,1.556075485820540338e+00,4.223873654544370027e+00,9.907393640737660601e-01
1.849000005512619100e+04,1.605387378945881238e+00,4.301495512317803360e+00,6.815171296157108705e-01
1.850000005515600424e+04,1.476649432454713917e+00,4.340225250732602014e+00,5.457894530478265560e-01
1.851000005518582111e+04,1.603915316234217237e+00,4.261044804332120961e+00,3.319055250323975637e-01
1.852000005521563435e+04,1.549784363306596191e+00,4.203957715980276788e+00,8.276009219354475421e-01
1.853000005524544758e+04,1.480099198155715001e+00,4.329870585119753201e+00,6.974253427656620374e-01
1.854000005527526082e+04,1.486805942301230532e+00,4.360498109409081557e+00,7.637986284185981356e-01
1.855000005530507406e+04,1.447581227622940059e+00,4.275485260737776017e+00,6.401675593174663836e-01
1.856000005533489093e+04,1.470171526301064624e+00,4.449584626744901072e+00,6.428364271645706784e-01
1.857000005536470417e+04,1.411231952245881383e+00,4.382573849295462232e+00,6.291075593923377562e-01
1.858000005539451740e+04,1.472976848291512875e+00,4.334167725566639540e+00,8.243581768058452219e-01
1.859000005542433064e+04,1.409737521981077490e+00,4.384073307529212649e+00,8.281935773779320886e-01
1.860000005545414751e+04,1.493159372521541295e+00,4.236570561309695115e+00,7.456594416252787516e-01
1.861000005548396075e+04,1.507532381589693271e+00,4.197516016752338430e+00,9.016352681244614864e-01
1.862000005551377399e+04,1.538567741469958117e+00,4.424568425012521899e+00,6.951756382156915048e-01
1.863000005554358722e+04,1.541281574462927129e+00,4.195551923043645104e+00,6.575463711542398615e-01
1.864000005557340046e+04,1.506415019067399053e+00,4.139986687903403961e+00,6.823562471934113693e-01
1.865000005560321733e+04,1.465984533680676272e+00,4.241581387028791283e+00,8.131902926814531529e-01
1.866000005563303057e+04,1.479235392114090164e+00,4.320070455128158571e+00,8.168570130055172740e-01
1.867000005566284381e+04,1.528560702511214453e+00,4.161674262389865930e+00,5.314647986272453828e-01
1.868000005569265704e+04,1.491148812271316793e+00,4.317274248247924717e+00,6.308113746837858971e-01
1.869000005572247392e+04,1.509115155443407463e+00,4.203324126614785605e+00,6.543963154430407769e-01
1.870000005575228715e+04,1.460047977754360682e+00,4.307186229391173349e+00,7.297507532178850731e-01
1.871000005578210039e+04,1.499315151877151475e+00,4.232213670974011244e+00,6.643948548997238301e-01
1.872000005581191363e+04,1.589906864883499749e+00,4.244177683788469047e+00,7.488165287091114175e-01
1.873000005584173050e+04,1.510805259752010743e+00,4.267310583270520041e+00,7.214294253924614653e-01
1.874000005587154374e+04,1.636997177618310317e+00,4.235831060542881943e+00,8.966126627318989906e-01
1.875000005590135697e+04,1.610753987102996110e+00,4.305200662570022097e+00,9.979623237262597035e-01
1.876000005593117021e+04,1.616973063217140627e+00,4.261919862346127630e+00,6.359945403465913083e-01
1.877000005596098345e+04,1.581977652447585481e+00,4.207410438636922656e+00,5.263844215343378430e-01
1.878000005599080032e+04,1.587321452587925341e+00,4.538990855963747961e+00,1.060842583081508472e+00
1.879000005602061356e+04,1.653789741257426060e+00,4.159028033395389734e+00,5.593923027287319716e-01
1.880000005605042679e+04,1.547500923599822942e+00,4.336488302364821301e+00,8.157829469641453279e-01
1.881000005608024003e+04,1.539151472850454061e+00,4.195384455725500672e+00,6.948776176375134339e-01
1.882000005611005690e+04,1.586925927401698910e+00,4.387846828492325990e+00,6.646528418833902441e-01
1.883000005613987014e+04,1.571515663756053671e+00,4.233255041789378836e+00,6.253612739597318448e-01
1.884000005616968338e+04,1.597705442967220391e+00,4.267039084277835848e+00,8.106655968514067112e-01
1.885000005619949661e+04,1.572939878359557841e+00,4.390889600210689636e+00,7.500931840829145880e-01
1.886000005622930985e+04,1.552072526780327033e+00,4.148605180489276734e+00,6.771731144852671802e-01
1.887000005625912672e+04,1.559697808966526544e+00,4.004224103638451382e+00,8.045304450839420030e-01
1.888000005628893996e+04,1.548124017542615860e+00,4.205366373165376537e+00,5.891661577584630383e-01
1.889000005631875320e+04,1.564045108133385042e+00,4.217706650715703276e+00,6.973750176228706854e-01
1.890000005634856643e+04,1.564469294539669209e+00,4.376751880886979862e+00,9.576715431325502070e-01
1.891000005637838331e+04,1.538441708993655066e+00,4.107772313037279410e+00,6.234683335277433347e-01
1.892000005640819654e+04,1.551429020626007294e+00,4.336243439844226444e+00,6.231726556388794691e-01
1.893000005643800978e+04,1.571780308180817931e+00,4.183895176080049794e+00,4.800320652648990549e-01
1.894000005646782301e+04,1.541639166261892901e+00,4.346660687299484849e+00,6.179728564044939532e-01
1.895000005649763625e+04,1.542760008112115555e+00,4.133660067217067358e+00,5.230151438404868625e-01
1.896000005652745313e+04,1.626101367030265310e+00,4.150535596005445527e+00,3.492695428168540728e-01
1.897000005655726636e+04,1.625582642583368376e+00,4.078157304598430066e+00,6.817971415947567948e-01
1.898000005658707960e+04,1.581180489050290072e+00,4.219532332956733356e+00,6.011928696520956183e-01
1.899000005661689283e+04,1.597757581739438049e+00,4.205215027599848554e+00,3.897464236620926670e-01
1.900000005664670971e+04,1.692170291974392171e+00,4.103417290888621061e+00,4.814118195962154845e-01
1.901000005667652295e+04,1.568754585639131394e+00,4.177509415677255866e+00,5.988232279989277318e-01
1.902000005670633618e+04,1.635510359020839521e+00,4.123689392076294702e+00,7.029914550293616671e-01
1.903000005673614942e+04,1.610970477725928385e+00,4.094861349131245554e+00,7.293631860146763124e-01
1.904000005676596629e+04,1.608993823626930553e+00,4.085853506639863575e+00,9.002044611979769240e-01
1.905000005679577953e+04,1.638137752479462916e+00,4.408806650786424974e+00,9.888989147736940710e-01
1.906000005682559276e+04,1.603365349280078567e+00,4.284699146692424243e+00,7.578474438535129920e-01
1.907000005685540600e+04,1.731546314683111598e+00,4.132582959222124153e+00,6.410138320785468968e-01
1.908000005688521924e+04,1.728613131053781782e+00,4.363574486864198576e+00,8.063229078282797557e-01
1.909000005691503611e+04,1.602552371523982444e+00,4.249746653862987777e+00,5.740398173132050808e-01
1.910000005694484935e+04,1.711639103508577842e+00,4.258042726386701560e+00,6.939453910448830642e-01
1.911000005697466258e+04,1.740966499621525720e+00,4.275818614505415560e+00,5.799444621022981083e-01
1.912000005700447582e+04,1.667607082342482006e+00,4.306210042486808831e+00,6.298768346075594993e-01
1.913000005703429269e+04,1.810756245692735522e+00,4.358665122537211722e+00,8.289793103537720365e-01
1.914000005706410593e+04,1.745220330227906569e+00,4.373309686803485086e+00,8.318765213083820775e-01
1.915000005709391917e+04,1.659688622720696172e+00,4.425262943612985111e+00,8.196815183813315198e-01
1.916000005712373240e+04,1.646520867513446840e+00,4.324065430515493524e+00,7.129829484984894217e-01
1.917000005715354564e+04,1.650351347790398604e+00,4.216284145752101864e+00,6.568215283047702524e-01
1.918000005718336251e+04,1.689682282728812268e+00,4.340973150294321847e+00,7.601919952307149009e-01
1.919000005721317575e+04,1.635454031807498598e+00,4.125723257724219550e+00,8.519783107901887087e-01
1.920000005724298899e+04,1.694473906756436277e+00,4.346099596432763335e+00,1.182933845042614784e+00
1.921000005727280222e+04,1.666699662038431118e+00,4.284054872835172390e+00,5.190015438635142697e-01
1.922000005730261910e+04,1.719512138151048530e+00,4.155899028055570099e+00,8.904104507299577254e-01
1.923000005733243233e+04,1.696681141906215551e+00,4.028738526883022253e+00,5.102786323249208777e-01
1.924000005736224557e+04,1.683546666832263172e+00,4.134361978943590366e+00,8.574793554075444968e-01
1.925000005739205881e+04,1.754632994756008646e+00,4.105077609944506101e+00,9.555185177293440413e-01
1.926000005742187204e+04,1.779330551617387179e+00,4.271447353903681687e+00,9.325823278722955578e-01
1.927000005745168892e+04,1.691144732232766845e+00,4.222579129916185003e+00,7.876331281951231000e-01
1.928000005748150215e+04,1.653390414297052802e+00,4.298539643603661808e+00,8.427235285740790616e-01
1.929000005751131539e+04,1.706645417685934030e+00,4.126698510874773795e+00,8.835440827602870639e-01
1.930000005754112863e+04,1.722353154779702855e+00,4.052376109534792548e+00,6.109111044082071729e-01
1.931000005757094550e+04,1.692942431942883852e+00,4.327954516958603115e+00,1.080423787502709843e+00
1.932000005760075874e+04,1.605657166831251592e+00,4.318795734826212041e+00,9.757588436996127434e-01
1.933000005763057197e+04,1.553973696708131236e+00,4.202466872947395515e+00,1.139776586208691489e+00
1.934000005766038521e+04,1.720047496114271990e+00,4.247365256026582436e+00,8.076087225696176874e-01
1.935000005769020208e+04,1.645107987996861976e+00,4.219600599142060204e+00,6.533601732750171642e-01
1.936000005772001532e+04,1.677609676685424489e+00,4.347166065165555260e+00,8.716481835652741816e-01
1.937000005774982856e+04,1.639878454625058879e+00,4.150963013977611915e+00,5.173456153188044082e-01
1.938000005777964179e+04,1.667540518922064008e+00,4.178665167829765714e+00,8.521118019600505411e-01
1.939000005780945503e+04,1.580137713292450119e+00,4.228141454081622008e+00,7.424073186784507783e-01
1.940000005783927190e+04,1.576706899807607698e+00,4.222662601626442580e+00,6.331324348911037125e-01
1.941000005786908514e+04,1.605046571269679090e+00,4.541232225234676179e+00,9.933763831433373159e-01
1.942000005789889838e+04,1.616126219726422564e+00,4.412441898250827776e+00,9.888685510010650770e-01
1.943000005792871161e+04,1.710258630259452906e+00,4.530402058360719408e+00,6.508406081371955754e-01
1.944000005795852849e+04,1.796963642869110700e+00,4.331093353793638023e+00,9.743745445052073295e-01
1.945000005798834172e+04,1.678832216852016890e+00,4.299547640614871824e+00,7.678748882832628908e-01
1.946000005801815496e+04,1.599992926836967033e+00,4.194949907295344893e+00,8.648854183257443928e-01
1.947000005804796820e+04,1.628809556378117973e+00,4.354842051154398597e+00,8.392496673746521196e-01
1.948000005807778143e+04,1.843837573405589181e+00,4.429033405204434892e+00,8.804903608557588246e-01
1.949000005810759831e+04,1.585326005782667247e+00,4.452842783350384082e+00,8.546483947653796820e-01
1.950000005813741154e+04,1.695395545758543454e+00,4.361613320525361104e+00,6.372477350602021584e-01
1.951000005816722478e+04,1.729096805218590216e+00,4.215657992519196817e+00,7.777035398283479450e-01
1.952000005819703802e+04,1.726245159947623620e+00,4.368389496914423908e+00,3.811016369589267372e-01
1.953000005822685489e+04,1.733679224756962567e+00,4.356543949225681445e+00,5.651401988323461190e-01
1.954000005825666813e+04,1.729267209267959737e+00,4.328201408406090245e+00,7.529262886257531706e-01
1.955000005828648136e+04,1.688003121840286891e+00,4.412604272579485176e+00,6.331615721370158489e-01
1.956000005831629460e+04,1.686614933084172430e+00,4.378105455090052445e+00,7.298345653054196802e-01
1.957000005834610783e+04,1.643812153956491828e+00,4.335331607621095706e+00,3.882239412106265886e-01
1.958000005837592471e+04,1.671928767353956902e+00,4.371903313503471722e+00,8.353554779541441100e-01
1.959000005840573795e+04,1.761659593624751219e+00,4.499331243812449088e+00,5.946319109183991758e-01
1.960000005843555118e+04,1.716873567500919240e+00,4.326155691816174986e+00,6.663128895097980564e-01
1.961000005846536442e+04,1.602712769496597023e+00,4.269694660502054262e+00,2.651923451785326846e-01
1.962000005849518129e+04,1.722659862871345648e+00,4.268732230575891684e+00,7.908996013128053448e-01
1.963000005852499453e+04,1.703761715062042104e+00,4.422827957566467738e+00,8.171342425174555890e-01
1.964000005855480777e+04,1.732630503988239035e+00,4.044072155097441446e+00,7.869408685413469273e-01
1.965000005858462100e+04,1.702439119207312723e+00,4.255899832912282577e+00,7.843067538733059507e-01
1.966000005861443788e+04,1.832986335223806940e+00,4.278894213501102328e+00,8.062183928855708448e-01
1.967000005864425111e+04,1.816913405036693963e+00,4.209708175553863008e+00,7.399166431066026561e-01
1.968000005867406435e+04,1.888622221457749273e+00,4.185821419471051463e+00,9.725346694129998193e-01
1.969000005870387758e+04,1.772211208838232022e+00,4.001979866910459371e+00,3.552225852699250064e-01
1.970000005873369082e+04,1.765710592510381538e+00,4.026055018630578353e+00,7.189453354882838765e-01
1.971000005876350770e+04,1.754240165760078130e+00,4.310083901682492780e+00,3.754743087846819094e-01
1.972000005879332093e+04,1.666748324978038820e+00,4.063625652755064266e+00,4.607005627925240820e-01
1.973000005882313417e+04,1.744360742868402481e+00,3.927121282540571023e+00,5.513324921400670764e-01
1.974000005885294740e+04,1.647951084733449756e+00,4.115640416575490512e+00,4.797032734651229813e-01
1.975000005888276428e+04,1.585973570103651920e+00,4.340475638176577888e+00,6.489703963732590397e-01
1.976000005891257752e+04,1.646746065053373842e+00,4.447411549518663243e+00,9.110852954225079348e-01
1.977000005894239075e+04,1.659745384088283204e+00,4.293291928148791570e+00,6.932175367775155195e-01
1.978000005897220399e+04,1.741027832170074952e+00,4.395114526900157692e+00,7.497878305129229703e-01
1.979000005900201722e+04,1.734400258408310025e+00,4.259963715369010195e+00,8.314538536698428128e-01
1.980000005903183410e+04,1.681306801946827356e+00,4.295411316379485811e+00,4.371201284138426235e-01
1.981000005906164733e+04,1.727258604177891899e+00,4.293519413678476226e+00,1.030495983566271034e+00
1.982000005909146057e+04,1.610298115545267583e+00,4.300257487150992652e+00,7.760723525647229559e-01
1.983000005912127381e+04,1.593298044834033922e+00,4.270150563963036383e+00,4.554900276474541099e-01
1.984000005915109068e+04,1.654782396302840297e+00,4.308056366078944599e+00,1.087381339490681720e+00
1.985000005918090392e+04,1.683978820578582614e+00,4.280766807406031660e+00,7.378623736239057207e-01
1.986000005921071715e+04,1.616686160785629545e+00,4.242222259055339784e+00,8.817535239741554065e-01
1.987000005924053039e+04,1.684666151956050850e+00,4.319568410934112812e+00,8.217808258023692192e-01
1.988000005927034363e+04,1.654484000343066974e+00,4.262574942830893221e+00,6.464998711276584986e-01
1.989000005930016050e+04,1.664323955038733649e+00,4.263145327990300437e+00,8.924785378756734389e-01
1.990000005932997374e+04,1.616105413252190370e+00,4.148392262243327799e+00,6.460883824032940259e-01
1.991000005935978697e+04,1.532553148226569739e+00,4.367925662903295425e+00,7.163645647657327364e-01
1.992000005938960021e+04,1.695360073928730449e+00,4.188371817975871103e+00,8.264241343756485447e-01
1.993000005941941708e+04,1.722640901339256514e+00,4.017157978700541143e+00,7.076365420694116226e-01
1.994000005944923032e+04,1.699323478594739534e+00,4.266129915823549723e+00,7.007350077558386348e-01
1.995000005947904356e+04,1.717800701768807059e+00,4.261220050542166682e+00,8.547843214922929977e-01
1.996000005950885679e+04,1.714659957231571497e+00,4.391554684362832361e+00,1.055899059142578977e+00
1.997000005953867003e+04,1.772436920090818768e+00,4.177308957507510634e+00,9.553689612395610542e-01
1.998000005956848690e+04,1.689069827540940594e+00,4.300234020862313322e+00,5.768772226466574171e-01
1.999000005959830014e+04,1.670838981722905903e+00,4.187346508986595772e+00,6.993408460676227012e-01
2.000000005962811338e+04,1.705786884322200381e+00,4.325834028549790489e+00,3.692680101946219096e-01
2.001000005965792661e+04,1.662458966097385638e+00,4.271482532822023614e+00,6.403961621639752133e-01
2.002000005968774349e+04,1.712530569454293605e+00,4.274079669584000207e+00,7.343926433808115606e-01
2.003000005971755672e+04,1.616192563602825150e+00,4.219871021674889811e+00,9.300632134930526540e-01
2.004000005974736996e+04,1.616970380194555634e+00,4.310251871254557443e+00,8.269571232941089756e-01
2.005000005977718320e+04,1.653798239242776358e+00,4.268079713704664435e+00,5.673826620242435892e-01
2.006000005980700007e+04,1.617746647174310048e+00,4.275769391961093291e+00,6.850936075689920690e-01
2.007000005983681331e+04,1.663955080667313569e+00,4.266325039368356720e+00,7.953029215038774913e-01
2.008000005986662654e+04,1.766051403974160827e+00,4.357428930527215805e+00,8.257641983942343167e-01
2.009000005989643978e+04,1.708610055451049492e+00,4.297979500982392231e+00,5.615231429343877645e-01
2.010000005992625302e+04,1.648867408698507786e+00,4.323250320789608026e+00,8.462300092102241766e-01
2.011000005995606989e+04,1.691544085739560499e+00,4.435942985914551606e+00,8.627181536392676264e-01
2.012000005998588313e+04,1.673526883949088218e+00,4.351094521145815186e+00,8.425662709703120035e-01
2.013000006001569636e+04,1.725679310884997042e+00,4.335729594204049242e+00,8.528906408632221936e-01
2.014000006004550960e+04,1.700195672582013096e+00,4.285024871855206641e+00,8.186881239823490253e-01
2.015000006007532647e+04,1.669378778878581215e+00,4.288804065323425618e+00,8.237069498855033034e-01
2.016000006010513971e+04,1.667265359053613505e+00,4.538367562879335182e+00,1.047491650390188767e+00
2.017000006013495295e+04,1.706778467518324627e+00,4.200737128071227566e+00,8.930288523563137959e-01
2.018000006016476618e+04,1.780591321002918281e+00,4.057939777654184788e+00,7.519016461052875355e-01
2.019000006019457942e+04,1.601355665250633775e+00,4.263285993015530906e+00,4.601747650007940726e-01
2.020000006022439629e+04,1.700922458341957322e+00,4.346458125538984696e+00,7.878032576386667651e-01
2.021000006025420953e+04,1.725312208854251628e+00,4.485173917069640304e+00,8.428763014365392436e-01
2.022000006028402277e+04,1.772534706091031032e+00,4.310811386513401899e+00,8.099022467627334798e-01
2.023000006031383600e+04,1.578520776427332573e+00,4.031908009311154117e+00,6.679433235266373226e-01
2.024000006034365288e+04,1.678492263669678408e+00,4.231987909410105608e+00,4.700342481881181755e-01
2.025000006037346611e+04,1.681433179277058487e+00,4.274130831117950002e+00,1.045609312497742582e+00
2.026000006040327935e+04,1.632275614190689783e+00,4.305209889645693622e+00,7.710441759961599306e-01
2.027000006043309259e+04,1.694011439976764954e+00,4.419107641137834719e+00,8.195898979344572455e-01
2.028000006046290582e+04,1.748278520351939758e+00,4.364416404055483589e+00,6.201506767791068464e-01
2.029000006049272270e+04,1.673098046675717709e+00,4.179231858932989319e+00,6.713917968701477168e-01
2.030000006052253593e+04,1.717017049513319016e+00,4.352614185575290229e+00,1.044322808063675945e+00
2.031000006055234917e+04,1.709410256062852351e+00,4.069390105684872694e+00,5.764112779648339346e-01
2.032000006058216240e+04,1.732189058869270548e+00,4.232675936980626830e+00,7.839957683576811442e-01
2.033000006061197928e+04,1.626129189595176827e+00,4.317478856275549504e+00,7.955420473856834596e-01
2.034000006064179252e+04,1.675979116490553311e+00,4.378448106870208356e+00,7.778467085081071097e-01
2.035000006067160575e+04,1.607562335503559536e+00,4.175501211389900824e+00,8.925385824874429996e-01
2.036000006070141899e+04,1.672904823250586315e+00,4.200641057147999291e+00,1.009179375009226831e+00
2.037000006073123586e+04,1.785183600921049774e+00,4.213475444859269281e+00,9.201865411709524434e-01
2.038000006076104910e+04,1.678802649544111070e+00,4.246398746450986472e+00,9.532848423445160480e-01
2.039000006079086234e+04,1.690237619086252918e+00,4.389870392933995724e+00,1.029251188087470181e+00
2.040000006082067557e+04,1.665672050619630307e+00,4.214721811853122446e+00,9.924954319988501528e-01
2.041000006085048881e+04,1.735823771018569550e+00,4.136090211409958250e+00,9.937512148299265657e-01
2.042000006088030568e+04,1.644688560592781901e+00,4.195076764367445143e+00,7.323358667851693760e-01
2.043000006091011892e+04,1.603397567291386050e+00,4.164706347664401065e+00,6.327900170338524033e-01
2.044000006093993215e+04,1.642917257728333302e+00,4.184307343827042835e+00,7.373043868404765000e-01
2.045000006096974539e+04,1.745304601692028390e+00,4.158329409801096332e+00,5.972631099051325387e-01
2.046000006099956227e+04,1.655420645704384963e+00,4.172673695524857784e+00,4.203404829189405501e-01
2.047000006102937550e+04,1.671840344178597615e+00,4.152278626722066157e+00,8.126137253293213014e-01
2.048000006105918874e+04,1.668067509762561240e+00,4.249913361128880851e+00,9.905366073134947991e-01
2.049000006108900197e+04,1.673332946448621517e+00,4.236297039046719171e+00,7.151926241517314597e-01
2.050000006111881521e+04,1.640987074036883486e+00,4.418463104866590996e+00,1.088764043317555386e+00
2.051000006114863208e+04,1.620326543218510329e+00,4.347622304398865545e+00,9.722764978651319279e-01
2.052000006117844532e+04,1.590574950455957426e+00,4.049265464771296230e+00,7.574584022506555270e-01
2.053000006120825856e+04,1.613596746268314730e+00,4.135505114888089473e+00,7.506191215773668768e-01
2.054000006123807179e+04,1.702930868141918186e+00,4.115706010501066103e+00,8.090337767821246251e-01
2.055000006126788867e+04,1.678902927113885779e+00,4.088809704339462670e+00,6.618789790097694414e-01
2.056000006129770190e+04,1.688049226900528277e+00,4.046164212882510824e+00,6.436150247521914558e-01
2.057000006132751514e+04,1.681327745777697391e+00,3.911691522158310619e+00,7.027312046524816225e-01
2.058000006135732838e+04,1.733730696323734666e+00,4.003048819805500536e+00,8.076804454192850757e-01
2.059000006138714161e+04,1.659863603738548798e+00,3.966951118501337081e+00,7.929824683982352740e-01
2.060000006141695849e+04,1.628476670253171221e+00,4.240743716237817651e+00,9.827874579766260332e-01
2.061000006144677172e+04,1.620308161057304686e+00,4.031248478587830419e+00,7.517697001246084199e-01
2.062000006147658496e+04,1.564019694563898888e+00,4.020750746159688305e+00,9.716611717727317021e-01
2.063000006150639820e+04,1.649459873474256932e+00,3.987036301691024853e+00,4.884344391135083119e-01
2.064000006153621507e+04,1.689637551352629607e+00,4.014012510829105373e+00,4.906359414184004453e-01
2.065000006156602831e+04,1.705472712542758007e+00,4.024732229385980631e+00,5.391429503538989199e-01
2.066000006159584154e+04,1.773307864317207105e+00,4.096215325247654526e+00,8.653371975867616417e-01
2.067000006162565478e+04,1.635137384839688179e+00,4.146497213133818249e+00,4.485158626736201470e-01
2.068000006165547165e+04,1.699788876734791288e+00,4.074377473088012458e+00,7.374755402472071841e-01
2.069000006168528489e+04,1.630675688548193447e+00,4.454888141582531880e+00,1.412310794399249891e+00
2.070000006171509813e+04,1.690295779938656429e+00,4.214346486590312857e+00,7.505359406439889858e-01
2.071000006174491136e+04,1.590486353543506981e+00,4.657445113234241596e+00,1.041339839038720738e+00
2.072000006177472460e+04,1.611107043166051023e+00,4.527513734982535176e+00,7.027487476544602707e-01
2.073000006180454147e+04,1.659812479453903533e+00,4.528827081261121101e+00,8.331986404556993575e-01
2.074000006183435471e+04,1.663220013004321096e+00,4.426367967534062586e+00,7.539077474868730588e-01
2.075000006186416795e+04,1.672810704385815139e+00,4.445212400909255734e+00,7.451224569279885079e-01
2.076000006189398118e+04,1.622253009935219481e+00,4.403149267364279140e+00,8.214860996079097477e-01
2.077000006192379806e+04,1.593297901154254292e+00,4.302425567440646859e+00,8.727768460314989651e-01
2.078000006195361129e+04,1.694951307755450998e+00,4.372922466962481103e+00,8.658692815662466513e-01
2.079000006198342453e+04,1.581995848551071893e+00,4.338980552251003431e+00,3.142520214415225888e-01
2.080000006201323777e+04,1.628676403189708743e+00,4.297263281792822909e+00,7.100955839940062964e-01
2.081000006204305100e+04,1.545719721578968864e+00,4.268164403190661815e+00,5.076296794510376520e-01
2.082000006207286788e+04,1.641961032779158725e+00,4.324681245375574079e+00,6.193247509969286302e-01
2.083000006210268111e+04,1.657983211077356023e+00,4.361566533394676703e+00,9.786227107133762537e-01
2.084000006213249435e+04,1.677925560799520932e+00,4.206973224849571480e+00,3.934167985515475974e-01
2.085000006216230759e+04,1.650654533203852248e+00,4.211243612036414063e+00,7.541667789678884182e-01
2.086000006219212446e+04,1.661213303938035679e+00,4.195097773504445904e+00,6.956995572347852708e-01
2.087000006222193770e+04,1.592252172679974986e+00,4.141189513812441270e+00,5.077343215257322795e-01
2.088000006225175093e+04,1.723157489447501689e+00,4.246657250160469133e+00,3.030169258339836524e-01
2.089000006228156417e+04,1.716226841454650653e+00,4.259047873407230789e+00,2.529814743298611779e-01
2.090000006231137741e+04,1.626829386780447528e+00,4.266970364345739064e+00,4.506848255172086204e-01
2.091000006234119428e+04,1.670806846750166219e+00,4.292815608970928842e+00,3.608816121737332683e-01
2.092000006237100752e+04,1.712285229915722740e+00,4.099255111240138305e+00,4.886266798409240053e-01
2.093000006240082075e+04,1.669688435973272878e+00,4.164059644729768195e+00,4.790294048778759306e-01
2.094000006243063399e+04,1.645914528500149965e+00,4.565884669312303856e+00,1.237437267007154951e+00
2.095000006246045086e+04,1.697405382122525896e+00,4.264408137505911078e+00,7.849331828650247811e-01
2.096000006249026410e+04,1.636472284016250667e+00,4.184891267880010979e+00,7.398900210316362580e-01
2.097000006252007734e+04,1.696866480516228348e+00,4.322287943249066622e+00,8.275268773547308498e-01
2.098000006254989057e+04,1.681879883057092240e+00,4.133510101132043424e+00,6.228783991801195574e-01
2.099000006257970745e+04,1.702665691842055740e+00,4.223278202306660845e+00,5.845364707164290019e-01
2.100000006260952068e+04,1.662879985971781993e+00,4.180678296838238772e+00,8.587268451939876757e-01
2.101000006263933392e+04,1.629510067755917113e+00,4.113504630172365673e+00,5.687652382571997123e-01
2.102000006266914716e+04,1.620983087769961140e+00,4.208606542647086002e+00,4.741919016647070939e-01
2.103000006269896039e+04,1.608299390225792935e+00,4.189765482075792136e+00,6.344067503578297851e-01
2.104000006272877727e+04,1.569553837108655037e+00,4.237715522976077231e+00,6.990608658934894803e-01
2.105000006275859050e+04,1.650514711669719414e+00,4.195321517495129271e+00,7.593354996578258742e-01
2.106000006278840374e+04,1.556318473769437105e+00,4.181596151003867057e+00,9.594273137226193571e-01
2.107000006281821697e+04,1.640977501849250508e+00,4.191617310776497796e+00,7.345416234062434047e-01
2.108000006284803385e+04,1.662013792467243345e+00,4.166792839134548565e+00,6.707389582568364927e-01
2.109000006287784709e+04,1.726462169398148117e+00,4.188694203766718971e+00,5.571188532351786238e-01
2.110000006290766032e+04,1.641908349752850826e+00,4.203431763488039152e+00,5.183108949827153200e-01
2.111000006293747356e+04,1.666680235052404813e+00,4.007614754485590680e+00,7.732737060525661787e-01
2.112000006296728679e+04,1.661055975396744655e+00,4.136614564816071926e+00,1.175173233272250872e+00
2.113000006299710367e+04,1.745846642660576098e+00,4.000526539396345171e+00,7.593031346631148315e-01
2.114000006302691691e+04,1.794944283899939652e+00,4.218593015720673023e+00,1.007175451327886107e+00
2.115000006305673014e+04,1.734363709516241636e+00,4.085438972186414830e+00,6.501873537553383153e-01
2.116000006308654338e+04,1.781730248788971016e+00,4.307520372799431563e+00,5.726410918995049615e-01
2.117000006311636025e+04,1.815044189115921247e+00,4.390721586219195061e+00,8.002484988387837950e-01
2.118000006314617349e+04,1.696196241883800582e+00,4.411129103833081544e+00,7.870309118975326035e-01
2.119000006317598672e+04,1.707718801488129046e+00,4.387607439418105493e+00,7.788894609547348802e-01
2.120000006320579996e+04,1.668297512444926411e+00,4.267208675799520456e+00,5.352089825332507766e-01
2.121000006323561320e+04,1.687359166654359921e+00,4.290732877327074313e+00,5.765405760197501728e-01
2.122000006326543007e+04,1.718593914682311485e+00,4.515753372893231976e+00,8.963483594248998765e-01
2.123000006329524331e+04,1.678267341339337859e+00,4.197259758335690094e+00,6.150798402234417539e-01
2.124000006332505654e+04,1.699785456641379700e+00,4.508940244969261713e+00,1.267935089336841070e+00
2.125000006335486978e+04,1.694191607030067770e+00,4.590667616435220033e+00,1.108218163703127646e+00
2.126000006338468665e+04,1.813879799391524772e+00,4.454335570652151688e+00,1.196309306307542508e+00
2.127000006341449989e+04,1.785911309334457631e+00,4.469568657590729188e+00,8.650952184676862222e-01
2.128000006344431313e+04,1.709037513908702621e+00,4.416412558724661430e+00,8.026583038471102327e-01
2.129000006347412636e+04,1.735597574797381082e+00,4.315949297214257463e+00,8.669341663292600142e-01
2.130000006350393960e+04,1.728086558218717927e+00,4.114100184026455054e+00,4.834482136953882070e-01
2.131000006353375647e+04,1.800860256566924722e+00,4.185675361786960202e+00,6.483094778215855447e-01
2.132000006356356971e+04,1.708195248747155670e+00,4.226198109608247044e+00,6.515768131035734045e-01
2.133000006359338295e+04,1.689489018990955715e+00,4.348636221834325077e+00,5.673140366630715636e-01
2.134000006362319618e+04,1.773891293012835879e+00,4.391532627703488956e+00,7.414174950848145818e-01
2.135000006365301306e+04,1.849800869477887799e+00,4.255075816600167649e+00,5.674001844655998106e-01
2.136000006368282629e+04,1.801993560979747722e+00,4.438668407550090400e+00,5.647057668387992502e-01
2.137000006371263953e+04,1.742585774600301951e+00,4.343611831452719230e+00,7.668422840670648943e-01
2.138000006374245277e+04,1.759473068144513430e+00,4.198423353314427509e+00,8.795203300166047899e-01
2.139000006377226964e+04,1.750069620460902975e+00,4.343058407103415952e+00,7.734629477275452025e-01
2.140000006380208288e+04,1.747167510870157869e+00,4.178470040760243087e+00,4.509331016033450990e-01
2.141000006383189611e+04,1.760320078489187035e+00,4.350988346376342797e+00,6.814415684946846241e-01
2.142000006386170935e+04,1.816574713107161454e+00,4.251711198110495360e+00,6.326490049225821366e-01
2.143000006389152259e+04,1.835841629718063528e+00,4.359710792316779049e+00,9.791407497543053173e-01
2.144000006392133946e+04,1.799337048588984578e+00,4.292798089804008121e+00,1.016307691770337307e+00
2.145000006395115270e+04,1.747808459049262186e+00,4.416681651216686433e+00,5.182343142771597133e-01
2.146000006398096593e+04,1.702192207443391725e+00,4.295024003571953131e+00,6.805688105497794682e-01
2.147000006401077917e+04,1.728024085990984116e+00,4.322158474715687149e+00,5.507056805960353074e-01
2.148000006404059604e+04,1.773896594105652591e+00,4.218160721110214340e+00,7.937386945707897157e-01
2.149000006407040928e+04,1.734014502886134679e+00,4.426647798083562790e+00,8.156382396000154689e-01
2.150000006410022252e+04,1.662942893643652775e+00,4.188154333163990550e+00,5.085060375350403117e-01
2.151000006413003575e+04,1.751322342070350091e+00,4.089624288613428860e+00,3.784116340783530430e-01
2.152000006415984899e+04,1.748410993603691344e+00,4.097290315811408234e+00,9.445816320560880275e-01
2.153000006418966586e+04,1.754399620744351518e+00,4.199864422717987544e+00,6.620679202441090982e-01
2.154000006421947910e+04,1.817124211465765526e+00,4.337781075686466536e+00,5.908357742355891951e-01
2.155000006424929234e+04,1.735627462534150123e+00,4.402808080956595482e+00,1.105032658232852905e+00
2.156000006427910557e+04,1.813378439071647863e+00,4.432102932773187121e+00,5.228248568493254478e-01
2.157000006430892245e+04,1.768494759354942714e+00,4.275044173585264673e+00,7.985163201651784837e-01
2.158000006433873568e+04,1.874353912629280972e+00,4.391504877419072805e+00,6.511853729958453352e-01
2.159000006436854892e+04,1.798211391675110571e+00,4.520018131709299780e+00,8.884445047981871513e-01
2.160000006439836216e+04,1.804236463581187166e+00,4.377272550034962961e+00,6.717203851049624586e-01
2.161000006442817539e+04,1.808430294183061005e+00,4.431434900549509948e+00,7.932137105468120009e-01
2.162000006445799227e+04,1.787590949464871182e+00,4.501424266324366208e+00,7.522491335889749386e-01
2.163000006448780550e+04,1.847375662537023233e+00,4.371256150923608530e+00,5.640493538878357249e-01
2.164000006451761874e+04,1.756836805663578804e+00,4.502768210633148804e+00,6.552910600391249618e-01
2.165000006454743198e+04,1.776707011266560832e+00,4.458151930503032823e+00,3.728389306364438549e-01
2.166000006457724885e+04,1.659080311373191341e+00,4.448155412774223549e+00,5.204006020812599331e-01
2.167000006460706209e+04,1.768812761871420669e+00,4.373255717174036938e+00,7.101589325382490214e-01
2.168000006463687532e+04,1.727976675356530434e+00,4.189618239973529334e+00,8.600132652816847578e-01
2.169000006466668856e+04,1.796699187070102566e+00,4.205188762546512748e+00,8.815372510386201288e-01
2.170000006469650543e+04,1.698914159519423706e+00,4.127926694917524841e+00,4.284008619730657608e-01
2.171000006472631867e+04,1.751637392351213629e+00,4.037775527892550009e+00,4.350738807315120971e-01
2.172000006475613191e+04,1.792282308904183497e+00,4.074461132707658528e+00,5.997585047599274244e-01
2.173000006478594514e+04,1.787698552679317432e+00,4.131498845392322039e+00,7.183362897727967322e-01
2.174000006481575838e+04,1.828384089906155419e+00,4.185720242092086707e+00,8.623947952780834925e-01
2.175000006484557525e+04,1.825216463044421200e+00,4.163245939777977966e+00,7.255513023473585399e-01
2.176000006487538849e+04,1.864805397356026351e+00,4.219147376980450836e+00,6.542599367368082675e-01
2.177000006490520173e+04,1.806777098233111722e+00,4.372152857228199352e+00,7.696261291118242642e-01
2.178000006493501496e+04,1.915159396975757877e+00,4.147960374627844615e+00,6.633350051613373655e-01
2.179000006496483184e+04,1.863491188732923298e+00,4.195160518512381032e+00,6.923196818986666612e-01
2.180000006499464507e+04,1.819181296187044827e+00,3.959934507962213690e+00,3.746984200915379759e-01
2.181000006502445831e+04,1.902590302370709363e+00,4.167139363072831060e+00,8.105797054396183254e-01
2.182000006505427154e+04,1.882294690117028990e+00,4.097117586730272265e+00,7.443227330408629383e-01
2.183000006508408478e+04,1.894206997781299640e+00,4.598169001105373077e+00,1.047977778298759821e+00
2.184000006511390166e+04,1.788317134737485548e+00,4.509419917473081796e+00,9.471878065764332000e-01
2.185000006514371489e+04,1.887848293220782958e+00,4.496306105822167609e+00,1.132603248785661432e+00
2.186000006517352813e+04,1.902214444163962570e+00,4.352908282366385606e+00,6.551833612907697058e-01
2.187000006520334136e+04,1.894990629388811909e+00,4.283597881498864446e+00,1.018929195793348175e+00
2.188000006523315824e+04,1.959784589191219117e+00,4.251940761982383243e+00,7.662853917140227678e-01
2.189000006526297148e+04,1.996811831080384403e+00,4.225651596854129721e+00,8.387643221845884067e-01
2.190000006529278471e+04,1.876154036546599180e+00,4.044422240244158750e+00,4.479051535387045258e-01
2.191000006532259795e+04,1.900350344808130920e+00,4.375480792771744731e+00,1.018374007486172017e+00
2.192000006535241118e+04,1.934613990652100490e+00,4.192449367043641573e+00,9.066385886552627005e-01
2.193000006538222806e+04,1.941802324284325199e+00,4.166843783577711235e+00,9.095824433687732524e-01
2.194000006541204129e+04,1.876147243327671132e+00,4.507516129775837044e+00,1.142712287561827855e+00
2.195000006544185453e+04,1.954592718205953483e+00,4.185456558741767807e+00,9.980969746872943027e-01
2.196000006547166777e+04,1.959723314269182781e+00,4.272415214785298510e+00,1.108449911221116579e+00
2.197000006550148464e+04,1.920614017348289737e+00,4.344254484413420769e+00,9.718449349678607296e-01
2.198000006553129788e+04,1.885904798868769605e+00,4.228652584179377172e+00,7.787288882165055437e-01
2.199000006556111111e+04,1.906549287445258312e+00,4.200143496523185860e+00,7.856093266091209726e-01
2.200000006559092435e+04,1.828511987744246836e+00,4.308960240088769211e+00,7.771314761427030593e-01
2.201000006562074122e+04,1.797243565328262793e+00,4.299537679698667070e+00,1.305824961596970812e+00
2.202000006565055446e+04,1.767614587521320058e+00,4.200568077308656889e+00,8.409618527903540697e-01
2.203000006568036770e+04,1.851004600363754360e+00,4.413605356190918094e+00,1.131716615891002586e+00
2.204000006571018093e+04,1.952955986968110791e+00,4.466034731976528782e+00,9.309856803713352225e-01
2.205000006573999417e+04,1.937080163389367948e+00,4.175528315778849198e+00,7.713658738976243434e-01
2.206000006576981104e+04,1.774817828021854504e+00,4.304968646748219996e+00,9.672179568066802124e-01
2.207000006579962428e+04,1.926118744128920701e+00,4.538471213918271907e+00,1.026777988746793602e+00
2.208000006582943752e+04,1.867261982885627614e+00,4.507142333355325547e+00,8.918175711051595789e-01
2.209000006585925075e+04,1.807005280779993672e+00,4.402828881754016876e+00,7.813863895363338807e-01
2.210000006588906763e+04,1.792434382541750360e+00,4.448173419875165457e+00,9.225066472714089638e-01
2.211000006591888086e+04,1.770364157294379126e+00,4.312573169826961816e+00,9.709792296646617693e-01
2.212000006594869410e+04,1.627663476468719672e+00,4.392020440447712559e+00,8.216176274497993814e-01
2.213000006597850734e+04,1.750005993949427463e+00,4.417307285103237113e+00,7.648580862404965597e-01
2.214000006600832057e+04,1.764277988658982554e+00,4.261316367062507382e+00,5.797534804854137525e-01
2.215000006603813745e+04,1.763609111322960166e+00,4.578432727362746313e+00,9.098225024100661251e-01
2.216000006606795068e+04,1.674950320622684563e+00,4.274485815472129246e+00,6.447215200676784663e-01
2.217000006609776392e+04,1.728219726253025890e+00,4.451188180592283494e+00,8.771886922922811358e-01
2.218000006612757716e+04,1.829899074500149769e+00,4.349352550605884993e+00,6.494410049631033077e-01
2.219000006615739403e+04,1.845212787787507525e+00,4.353336152849834662e+00,7.650239943123102737e-01
2.220000006618720727e+04,1.861478001889477207e+00,4.494505897929627736e+00,9.426070890018993786e-01
2.221000006621702050e+04,1.821907558198056609e+00,4.271130934635229970e+00,6.203562623870602089e-01
2.222000006624683374e+04,1.803551251585150395e+00,4.394785080654035170e+00,5.512855810359885700e-01
2.223000006627664698e+04,1.831168349448009547e+00,4.440979290121659595e+00,8.058646745645501319e-01
2.224000006630646385e+04,1.816134456206196068e+00,4.403478037420104130e+00,5.791735050599196022e-01
2.225000006633627709e+04,1.870122654790024264e+00,4.371411220592792191e+00,6.580358921427252872e-01
2.226000006636609032e+04,1.771118025836443177e+00,4.312354711193783885e+00,5.270333158658306871e-01
2.227000006639590356e+04,1.799100611325084698e+00,4.536448196607992145e+00,4.409721481665700993e-01
2.228000006642572043e+04,1.807926271053649891e+00,4.531049827525154505e+00,8.411019539782693677e-01
2.229000006645553367e+04,1.841365528172683508e+00,4.304493517933947189e+00,7.720414535951681811e-01
2.230000006648534691e+04,1.781355068338250858e+00,4.450635509564692782e+00,9.650966975889533339e-01
2.231000006651516014e+04,1.749111455368729029e+00,4.254058969102411325e+00,3.720365141690457067e-01
2.232000006654497702e+04,1.738498336600116323e+00,4.307052399067584858e+00,5.759149798562099853e-01
2.233000006657479025e+04,1.736660233212092619e+00,4.167299971056361407e+00,5.871654740494146596e-01
2.234000006660460349e+04,1.773882193317119826e+00,4.395599453417735170e+00,6.529401904981274596e-01
2.235000006663441673e+04,1.851758721587892342e+00,4.430562015257973663e+00,8.840635487218967414e-01
2.236000006666422996e+04,1.786354369376258466e+00,4.321960214830295577e+00,6.961375288728735011e-01
2.237000006669404684e+04,1.810436964983769492e+00,4.259999455974207372e+00,4.740524207369599119e-01
2.238000006672386007e+04,1.828850792365019240e+00,4.450893263845007830e+00,7.684917853992977443e-01
2.239000006675367331e+04,1.800302758203360831e+00,4.367507355538514879e+00,8.253296138598303910e-01
2.240000006678348655e+04,1.844682452967322028e+00,4.503465238729641662e+00,1.063595401373914617e+00
2.241000006681330342e+04,1.802753520760126849e+00,4.470278150506763026e+00,7.174864720483109526e-01
2.242000006684311666e+04,1.818159042323443497e+00,4.303063501213147291e+00,5.932021094403262529e-01
2.243000006687292989e+04,1.736089404256088153e+00,4.366706146283986456e+00,8.991217521341023922e-01
2.244000006690274313e+04,1.754069449481304721e+00,4.221706106761470068e+00,7.523856786501664784e-01
2.245000006693255636e+04,1.747252125863966610e+00,4.315728709569389032e+00,6.225340166348273252e-01
2.246000006696237324e+04,1.775753551615294246e+00,4.314929201792041091e+00,8.349349458021279036e-01
2.247000006699218648e+04,1.790172621310117229e+00,4.489601404396538875e+00,7.904429144561836429e-01
2.248000006702199971e+04,1.751967701758205598e+00,4.440215907254039251e+00,8.119405765030122124e-01
2.249000006705181295e+04,1.780027064046565854e+00,4.233597496654837755e+00,4.638604948481797052e-01
2.250000006708162982e+04,1.712283499950868260e+00,4.359335542751393788e+00,9.292418579665574496e-01
2.251000006711144306e+04,1.707472117259799083e+00,4.329399111285142432e+00,3.762935235336692941e-01
2.252000006714125630e+04,1.676617240979214607e+00,4.457218733339446182e+00,6.514544621990024931e-01
2.253000006717106953e+04,1.847866743399451561e+00,4.347427149881488262e+00,5.987199173893469339e-01
2.254000006720088277e+04,1.781814617745827389e+00,4.487270540428667687e+00,7.345369856757785199e-01
2.255000006723069964e+04,1.749386267285369057e+00,4.416330518156329710e+00,7.866207843663303168e-01
2.256000006726051288e+04,1.685454977323377346e+00,4.393184114111093663e+00,7.368587902235911313e-01
2.257000006729032611e+04,1.790314191143867806e+00,4.534553587927466545e+00,7.066944894667114285e-01
2.258000006732013935e+04,1.840843339145638913e+00,4.288907755287020507e+00,6.957402851033265279e-01
2.259000006734995623e+04,1.825336673963880108e+00,4.515968152564187044e+00,7.929833257555973791e-01
2.260000006737976946e+04,1.764298023958965178e+00,4.423440050164967552e+00,5.657149537365185887e-01
2.261000006740958270e+04,1.738036035479049390e+00,4.393292456781360933e+00,7.671675936607489366e-01
2.262000006743939593e+04,1.815774854730553889e+00,4.362982084311346043e+00,5.982878875868365975e-01
2.263000006746921281e+04,1.822155105020410781e+00,4.441300107748435089e+00,9.260838617915202464e-01
2.264000006749902604e+04,1.722944476778625500e+00,4.388379116527699964e+00,7.229008880178048324e-01
2.265000006752883928e+04,1.794696888432635529e+00,4.273010025275063128e+00,7.734220238619489152e-01
2.266000006755865252e+04,1.713666526760488029e+00,4.381960301019325321e+00,7.474233182524671060e-01
2.267000006758846575e+04,1.743233099146626497e+00,4.385868433967792690e+00,7.267302597880512804e-01
2.268000006761828263e+04,1.724141081221307603e+00,4.274589848247201118e+00,6.969235182800751494e-01
2.269000006764809586e+04,1.780519306987894179e+00,4.254828170719227920e+00,7.101713032555025951e-01
2.270000006767790910e+04,1.745453074455011855e+00,4.421317513337643668e+00,9.895254398690775943e-01
2.271000006770772234e+04,1.730270062565927969e+00,4.416115545238747053e+00,7.980856243675401585e-01
2.272000006773753921e+04,1.818250042930096066e+00,4.571591908203752830e+00,1.075902364460571858e+00
2.273000006776735245e+04,1.763419886117452817e+00,4.357703743210524117e+00,4.582397208498495966e-01
2.274000006779716568e+04,1.840828364107285564e+00,4.245177859431019662e+00,8.906109407463537186e-01
2.275000006782697892e+04,1.792604173075667218e+00,4.340841655001989707e+00,9.974676833650243379e-01
2.276000006785679216e+04,1.811065989252414354e+00,4.482685023188381912e+00,1.025705247759865602e+00
2.277000006788660903e+04,1.810143491360422185e+00,4.240224750240445317e+00,6.081239242903309083e-01
2.278000006791642227e+04,1.801311894104395073e+00,4.391339900551902709e+00,8.674398605606865598e-01
2.279000006794623550e+04,1.763732993106616131e+00,4.471706427978334730e+00,8.662814760340348252e-01
2.280000006797604874e+04,1.828454088080883944e+00,4.391478602431996947e+00,5.951928472663822189e-01
2.281000006800586561e+04,1.774612133961248839e+00,4.474996595095709573e+00,7.957839128737980161e-01
2.282000006803567885e+04,1.781637586468124645e+00,4.627478334695514839e+00,8.977410596401380616e-01
2.283000006806549209e+04,1.726543866074192746e+00,4.634634656705251210e+00,8.396911644188780333e-01
2.284000006809530532e+04,1.873991337645466437e+00,4.388966872999361613e+00,7.656951537088331206e-01
2.285000006812511856e+04,1.842266062968267004e+00,4.531847528718515150e+00,1.071021154026050359e+00
2.286000006815493543e+04,1.798728213726122682e+00,4.611963063798813600e+00,1.025451667086757723e+00
2.287000006818474867e+04,1.706547459114599707e+00,4.453561980882422944e+00,6.032773485718536666e-01
2.288000006821456191e+04,1.783471739420663837e+00,4.396289097649069610e+00,5.925508888966559695e-01
2.289000006824437514e+04,1.788686150996145363e+00,4.636343125149287481e+00,7.387829485353821779e-01
2.290000006827419202e+04,1.728215367935853619e+00,4.494546991356052068e+00,7.593419563030343600e-01
2.291000006830400525e+04,1.790554593915287152e+00,4.454888222264258069e+00,8.280371293522992282e-01
2.292000006833381849e+04,1.772105378214452687e+00,4.528626994188165611e+00,8.724768466361156882e-01
2.293000006836363173e+04,1.821512001088898547e+00,4.217145952143758869e+00,3.627166077683944279e-01
2.294000006839344496e+04,1.771547832303768333e+00,4.298807197050187767e+00,6.010982693784401310e-01
2.295000006842326184e+04,1.679996992478250073e+00,4.332825175855584021e+00,6.896571330079552808e-01
2.296000006845307507e+04,1.753649166332919229e+00,4.324348597053796261e+00,8.641646800811622064e-01
2.297000006848288831e+04,1.612482106900671397e+00,4.569037028285948487e+00,8.482567479212322903e-01
2.298000006851270155e+04,1.765429790361831675e+00,4.421553990893435149e+00,8.704347625010547818e-01
2.299000006854251842e+04,1.671496983581636453e+00,4.313607628917835335e+00,8.373625290934987309e-01
2.300000006857233166e+04,1.761536878591452471e+00,4.370034172733698874e+00,8.908844582812837087e-01
2.301000006860214489e+04,1.653359223449083260e+00,4.361248892740297478e+00,6.311023204542945964e-01
2.302000006863195813e+04,1.724683179677004574e+00,4.346806863023988221e+00,1.021004370859262655e+00
2.303000006866177500e+04,1.724019514868069924e+00,4.263898496682235972e+00,7.553303763029072249e-01
2.304000006869158824e+04,1.717161204227603211e+00,4.229097431422898623e+00,5.636581986843423042e-01
2.305000006872140148e+04,1.624344812032336716e+00,4.185943425199181611e+00,4.545817716312130496e-01
2.306000006875121471e+04,1.696253907467785371e+00,4.214001924112653619e+00,4.323803526269963671e-01
2.307000006878102795e+04,1.699928134223851917e+00,4.278686790411780905e+00,7.421128873873679144e-01
2.308000006881084482e+04,1.688480982437342570e+00,4.258841485264728277e+00,6.263311623673090134e-01
2.309000006884065806e+04,1.713321271587239680e+00,4.151882710257980946e+00,5.982491418807341921e-01
2.310000006887047130e+04,1.720953384963252342e+00,4.230375496869211105e+00,8.250068747126961810e-01
2.311000006890028453e+04,1.694404916312069798e+00,4.388204161063738340e+00,8.737182678870741848e-01
2.312000006893010141e+04,1.911223287029310880e+00,3.939105525774747818e+00,4.094336659650218979e-01
2.313000006895991464e+04,1.864793530161339197e+00,4.190510206673869753e+00,7.366673549729366721e-01
2.314000006898972788e+04,1.841876722489854679e+00,4.118060986156335979e+00,4.123614009261062363e-01
2.315000006901954112e+04,1.785032791663082374e+00,4.134288022572881083e+00,7.375262281847801971e-01
2.316000006904935435e+04,1.762008164290799872e+00,4.394353794691249426e+00,7.262203688343298325e-01
2.317000006907917123e+04,1.801640657616384811e+00,4.220751757644598534e+00,9.075292879729122131e-01
2.318000006910898446e+04,1.858518264017785526e+00,4.319563323370468666e+00,5.462627386775376070e-01
2.319000006913879770e+04,1.814434214759368391e+00,4.246019111722510786e+00,8.646055207012741661e-01
2.320000006916861093e+04,1.823427402332112646e+00,4.366455411179051005e+00,7.257364725107038339e-01
2.321000006919842781e+04,1.864352555982841109e+00,4.268483303494813086e+00,7.469971908186986420e-01
2.322000006922824105e+04,1.855184027691267223e+00,4.225479949550681624e+00,7.301887747130011430e-01
2.323000006925805428e+04,1.822307636794987973e+00,4.244356548634134363e+00,8.862566157561172497e-01
2.324000006928786752e+04,1.779130521401967480e+00,4.176583219459444329e+00,7.865637054537797379e-01
2.325000006931768075e+04,1.739476983637919583e+00,4.210118601265727456e+00,4.322253123586620727e-01
2.326000006934749763e+04,1.797447729114849402e+00,4.369292114535530125e+00,7.956249950250022795e-01
2.327000006937731087e+04,1.850764261934354060e+00,4.406373138729873240e+00,7.719003327835762818e-01
2.328000006940712410e+04,1.891852555608164455e+00,4.398522598639381442e+00,7.963557805311631821e-01
2.329000006943693734e+04,1.920219633403154491e+00,4.520509703655660516e+00,6.853272856563750182e-01
2.330000006946675421e+04,1.980203804909322685e+00,4.607353289103925498e+00,7.300735213532930645e-01
2.331000006949656745e+04,1.857548214903994133e+00,4.466414886625412528e+00,5.167122424243867362e-01
2.332000006952638068e+04,1.945346638115874383e+00,4.483555048972863055e+00,6.833394920542924522e-01
2.333000006955619392e+04,1.923373101424733056e+00,4.519083454026400659e+00,8.907968134222127299e-01
2.334000006958601080e+04,1.811862636220126443e+00,4.342495081990597861e+00,6.416975745051323177e-01
2.335000006961582403e+04,1.826043110770427580e+00,4.593102880691104950e+00,1.018241279402011479e+00
2.336000006964563727e+04,1.892659671634236540e+00,4.453501941235595396e+00,6.389323623872512625e-01
2.337000006967545050e+04,1.946014972027455991e+00,4.413762940154531300e+00,6.152910909453677135e-01
2.338000006970526374e+04,1.859111033175679717e+00,4.401225566356898433e+00,6.667432068789318489e-01
2.339000006973508061e+04,1.766823606657497159e+00,4.325446303854495689e+00,6.021397204653492485e-01
2.340000006976489385e+04,1.778164941990308501e+00,4.701539572774345643e+00,8.313081062459031223e-01
2.341000006979470709e+04,1.810997934753131089e+00,4.454700366083191199e+00,8.124271925906422220e-01
2.342000006982452032e+04,1.984534480584244198e+00,4.496377744188209569e+00,9.021131075467082594e-01
2.343000006985433720e+04,1.842550528268498855e+00,4.577356257663507400e+00,1.070306069904897628e+00
2.344000006988415043e+04,1.857903830454270544e+00,4.281962619239360279e+00,7.919726662655763860e-01
2.345000006991396367e+04,1.843091811884079112e+00,4.376369035006635322e+00,5.524950632757309466e-01
2.346000006994377691e+04,1.869011274223681740e+00,4.378414315000084933e+00,7.364729445351734238e-01
2.347000006997359014e+04,1.889283174841935864e+00,4.488299808790019441e+00,7.894937879248909995e-01
2.348000007000340702e+04,1.812562024221783030e+00,4.152377880760226070e+00,3.959961452935961690e-01
2.349000007003322025e+04,1.912875759847530777e+00,4.326697358565661844e+00,3.894209267283381126e-01
2.350000007006303349e+04,1.839074445265404423e+00,4.365274990787330722e+00,1.061741884027813887e+00
2.351000007009284673e+04,1.870306320847610282e+00,4.478652614396099629e+00,4.180456442065798028e-01
2.352000007012266360e+04,1.918170676420440479e+00,4.250199175517720640e+00,5.413942408285522534e-01
2.353000007015247684e+04,1.816486359890704394e+00,4.050212972484986906e+00,5.784002306118991577e-01
2.354000007018229007e+04,1.889628797210571420e+00,4.427966260912360674e+00,6.790859057913989361e-01
2.355000007021210331e+04,1.859213608480327906e+00,4.162377967792710187e+00,2.475812795581776027e-01
2.356000007024191655e+04,2.033414853953793511e+00,4.168865474487572165e+00,5.451874233205232789e-01
2.357000007027173342e+04,1.964443624893992490e+00,4.020995492581470820e+00,6.738993650763832610e-01
2.358000007030154666e+04,1.882650873210077958e+00,4.051954182665902238e+00,6.850988802405483247e-01
2.359000007033135989e+04,1.853753881069839959e+00,3.889210436373218283e+00,6.498758915692272042e-01
2.360000007036117313e+04,1.835426228811204208e+00,3.985033870739965511e+00,4.748224242202570555e-01
2.361000007039099000e+04,1.874910136703222596e+00,4.028970515790039286e+00,4.186016265348297405e-01
2.362000007042080324e+04,1.828114669834541850e+00,4.189999360840128695e+00,6.709469971593845505e-01
2.363000007045061648e+04,1.847363910265501508e+00,4.175158695844309875e+00,3.712139476127994664e-01
2.364000007048042971e+04,1.709976217085319883e+00,4.196194433177628191e+00,2.775512493186396146e-01
2.365000007051024659e+04,1.778925348768050974e+00,4.173981702498184454e+00,8.406855973768935231e-01
2.366000007054005982e+04,1.700077549220161632e+00,4.133140011939441472e+00,9.038655985661312453e-01
2.367000007056987306e+04,1.765642366558749288e+00,4.085165748610896763e+00,1.391961737197014159e-01
2.368000007059968630e+04,1.741666439095939323e+00,4.295421805238117230e+00,4.101779729033852018e-01
2.369000007062949953e+04,1.726351021607873237e+00,4.366415711782552833e+00,4.575229476774261839e-01
2.370000007065931641e+04,1.745930376925393102e+00,4.138123890525566395e+00,4.154148646965765135e-01
2.371000007068912964e+04,1.764366272861109364e+00,4.321438255471648837e+00,6.553247137835119807e-01
2.372000007071894288e+04,1.736346315993903211e+00,4.410882426360416275e+00,4.842560256357634207e-01
2.373000007074875612e+04,1.746097501228200510e+00,4.382986799579617454e+00,6.012426767720776555e-01
2.374000007077857299e+04,1.710339591058855913e+00,4.186019936483106996e+00,2.959196102901788805e-01
2.375000007080838623e+04,1.612850917000332229e+00,4.505911408726127831e+00,4.303962357942232586e-01
2.376000007083819946e+04,1.742105378423401740e+00,4.337049183159463084e+00,4.711361223004125742e-01
2.377000007086801270e+04,1.734660033051119488e+00,4.214319146210335987e+00,5.715233001633143184e-01
2.378000007089782594e+04,1.722119008552422281e+00,4.448712107386042724e+00,9.026254249858237655e-01
2.379000007092764281e+04,1.866765269589279352e+00,4.368166580204896121e+00,5.279570312151526945e-01
2.380000007095745605e+04,1.840326428297933470e+00,4.214074808200421352e+00,6.180201954755454308e-01
2.381000007098726928e+04,1.854689208145338775e+00,4.210381220814949366e+00,6.554571955130518157e-01
2.382000007101708252e+04,1.844093736519228477e+00,4.489755376991164226e+00,4.502317954778597975e-01
2.383000007104689939e+04,1.936254791167100420e+00,4.326152529209197795e+00,5.426096107540475666e-01
2.384000007107671263e+04,1.779621334464347449e+00,4.344084941141330702e+00,7.726314415810083824e-01
2.385000007110652587e+04,1.823560667856965134e+00,4.111484636290931860e+00,3.075345600693279446e-01
2.386000007113633910e+04,1.801508904758867935e+00,4.134491926290440489e+00,4.764129609926205378e-01
2.387000007116615234e+04,1.794634824202109513e+00,4.280630969380951889e+00,6.880849354031859377e-01
2.388000007119596921e+04,1.763511065708676551e+00,4.213721791856766430e+00,6.108870605707653612e-01
2.389000007122578245e+04,1.850488846147158029e+00,4.184158015814499088e+00,3.576661912132744203e-01
2.390000007125559569e+04,1.828744198031915902e+00,4.245564408523589073e+00,9.421053773552772181e-01
2.391000007128540892e+04,1.886585572504734909e+00,4.444315783082190663e+00,8.228325962832786500e-01
2.392000007131522580e+04,1.856609868011292797e+00,4.182216729173983794e+00,7.127297826809276815e-01
2.393000007134503903e+04,1.885415389131625652e+00,4.242546896660553735e+00,7.679036943034450724e-01
2.394000007137485227e+04,1.924405630221772689e+00,4.114872796109303899e+00,2.722700198526402104e-01
2.395000007140466550e+04,1.804456295722642656e+00,4.204726522087607776e+00,6.159884903278446400e-01
2.396000007143448238e+04,1.837296222350192076e+00,4.219305988564687304e+00,8.180752786431239043e-01
2.397000007146429562e+04,1.855850180582794495e+00,4.643590118111637466e+00,1.299822612848700265e+00
2.398000007149410885e+04,1.825997355552440249e+00,4.278413819613273716e+00,7.797957659234882044e-01
2.399000007152392209e+04,1.814038698461472920e+00,4.221253701549432691e+00,6.790062786578979770e-01
2.400000007155373532e+04,1.811558336457016249e+00,4.234872037677082979e+00,6.066320756565162231e-01
2.401000007158355220e+04,1.805642721490778202e+00,4.208493970551465679e+00,5.248578655846436458e-01
2.402000007161336544e+04,1.920715146127629058e+00,4.240685313704092962e+00,8.016251754904916149e-01
2.403000007164317867e+04,1.847714725063665409e+00,4.239492392830869427e+00,8.397347023582877323e-01
2.404000007167299191e+04,1.739652528083259764e+00,4.225819561492944132e+00,9.396959925930037372e-01
2.405000007170280878e+04,1.824474622287341363e+00,4.292559727669406300e+00,6.474197385299627072e-01
2.406000007173262202e+04,1.749928594570000939e+00,4.195333242388731954e+00,9.608288033269885009e-01
2.407000007176243525e+04,1.720828305294628047e+00,4.185395318153966926e+00,6.655627644307897661e-01
2.408000007179224849e+04,1.737347576854239461e+00,4.212415719845230555e+00,5.034361314148863009e-01
2.409000007182206173e+04,1.832834435578983623e+00,4.230146151571598345e+00,7.172935506091937530e-01
2.410000007185187860e+04,1.856628334608304787e+00,4.250360646991823366e+00,7.055808018754154975e-01
2.411000007188169184e+04,1.823474142653168428e+00,4.279239823999791525e+00,5.841932645663151513e-01
2.412000007191150507e+04,1.747635727791558402e+00,4.210629837902758688e+00,4.825105077328035730e-01
2.413000007194131831e+04,1.814067101655788994e+00,4.285768595251883362e+00,6.543437729812365822e-01
2.414000007197113518e+04,1.900108825248138844e+00,4.159990579961664103e+00,5.402247910571617018e-01
2.415000007200094842e+04,1.836954498934433522e+00,4.118893543975270966e+00,4.453128494692051853e-01
2.416000007203076166e+04,1.874129802723902616e+00,4.418964139490917375e+00,4.409949316701815003e-01
2.417000007206057489e+04,1.776731873644067150e+00,4.344162009920919054e+00,5.588261803145972983e-01
2.418000007209038813e+04,1.766214589351171149e+00,4.315392754329205438e+00,6.742043518512623734e-01
2.419000007212020500e+04,1.787256690680534277e+00,4.284977819918220909e+00,2.219627533382740603e-01
2.420000007215001824e+04,1.782651044298190435e+00,4.394884458273740968e+00,1.004289536724819687e+00
2.421000007217983148e+04,1.807318488145507551e+00,4.254801401390195359e+00,4.827871928516556665e-01
2.422000007220964471e+04,1.788120417189501765e+00,4.336495961022803769e+00,5.338596939757853654e-01
2.423000007223946159e+04,1.855998560323565139e+00,4.437118186982597301e+00,4.694853523855576638e-01
2.424000007226927482e+04,1.785369496391610022e+00,4.355245321707657880e+00,7.611680419695984190e-01
2.425000007229908806e+04,1.856606422616746244e+00,4.380542815584584027e+00,7.089588780917046584e-01
2.426000007232890130e+04,1.874073356215379293e+00,4.536526693035668245e+00,8.825317886908443654e-01
2.427000007235871453e+04,1.956065157338335414e+00,4.287054020213630245e+00,9.647800749116011709e-02
2.428000007238853141e+04,1.935299922669602157e+00,4.299408039236772616e+00,1.427114800014767093e-01
2.429000007241834464e+04,1.953826431033564015e+00,4.422340313166117198e+00,4.143772467097390222e-01
2.430000007244815788e+04,1.912781812354813926e+00,4.686134643048114334e+00,7.022150568408194182e-01
2.431000007247797112e+04,1.770162740725439221e+00,4.530645751531943155e+00,3.976655641957446141e-01
2.432000007250778799e+04,1.875765252205857214e+00,4.431501525912831418e+00,6.395947024788952717e-01
2.433000007253760123e+04,1.891224661693044373e+00,4.470272467507159675e+00,7.985547615246147979e-01
2.434000007256741446e+04,1.840543327100672366e+00,4.645552981064407838e+00,9.568483094533835054e-01
2.435000007259722770e+04,1.935686715393801549e+00,4.417306640412686392e+00,7.553030562591014352e-01
2.436000007262704457e+04,1.992209997678846101e+00,4.420225221067362043e+00,6.971743835920826138e-01
2.437000007265685781e+04,1.881014076411597902e+00,4.609165748849716415e+00,8.467188020992586495e-01
2.438000007268667105e+04,1.862488322061067070e+00,4.396916796187920085e+00,4.340976960577551114e-01
2.439000007271648428e+04,1.924589688952704325e+00,4.342860565528222416e+00,6.181973912730659437e-01
2.440000007274629752e+04,1.923096106572822928e+00,4.473124721206818144e+00,6.306304383252018253e-01
2.441000007277611439e+04,1.958574945597622463e+00,4.174339198535034434e+00,3.516878089253084871e-01
2.442000007280592763e+04,1.967374742893341244e+00,4.272115223182900934e+00,7.711859681969164271e-01
2.443000007283574087e+04,1.938937890973828848e+00,4.295333946175582618e+00,4.351879937873462389e-01
2.444000007286555410e+04,1.870474478915424843e+00,4.209054287506699410e+00,2.280511379061349597e-01
2.445000007289537098e+04,1.842558175754095640e+00,4.183745957315621489e+00,2.571513193343766823e-01
2.446000007292518421e+04,1.838349698554409217e+00,4.213207139128897438e+00,3.841679162177668028e-01
2.447000007295499745e+04,1.830114409114850460e+00,4.823632469584662630e+00,1.191297842281385577e+00
2.448000007298481069e+04,1.910923645951398520e+00,4.369681985947162950e+00,6.922538038518852854e-01
2.449000007301462392e+04,1.846016437444315761e+00,4.254576771547611713e+00,1.795976270831876886e-01
2.450000007304444080e+04,1.857343119924594887e+00,4.234763194833623956e+00,6.496631560742179845e-01
2.451000007307425403e+04,1.858552734892522151e+00,4.414182502104917916e+00,7.868041945121849734e-01
2.452000007310406727e+04,1.853822135526205894e+00,4.145316159349475171e+00,3.863612000340299057e-01
2.453000007313388051e+04,1.846484205888273999e+00,4.480966218736939233e+00,7.627050548565593724e-01
2.454000007316369738e+04,1.875864352658566103e+00,4.343369662488195893e+00,4.390961627674529466e-01
2.455000007319351062e+04,1.840977130989817967e+00,4.302297480311201738e+00,5.355940675548377383e-01
2.456000007322332385e+04,1.989312822701736927e+00,4.238625146558474555e+00,5.520239647844932263e-01
2.457000007325313709e+04,1.956872272084404729e+00,4.365189793010157970e+00,6.459364533326839020e-01
2.458000007328295032e+04,1.879924056340025684e+00,4.257838814232068003e+00,4.652533597380010266e-01
2.459000007331276720e+04,1.887918515067667169e+00,4.292411283139734302e+00,3.987611622934956745e-01
2.460000007334258044e+04,1.870458772044374607e+00,4.315374222323591802e+00,2.978987380200702195e-01
2.461000007337239367e+04,1.864626828296158223e+00,4.232877020123129164e+00,2.837838959585057830e-01
2.462000007340220691e+04,1.871895515554496514e+00,4.395525347993520349e+00,3.183882837420742296e-01
2.463000007343202378e+04,1.914695278716239457e+00,4.276581510575280021e+00,7.198271634887257742e-01
2.464000007346183702e+04,1.938316255662929866e+00,4.227247171934687131e+00,6.290828587207824008e-01
2.465000007349165026e+04,1.893686167122154096e+00,4.363283244370626868e+00,6.619880952809775732e-01
2.466000007352146349e+04,1.925048936556099433e+00,4.378746228325337775e+00,1.553599588662877284e-01
2.467000007355128037e+04,1.818247600064918812e+00,4.394155035466016379e+00,6.737846238852764902e-01
2.468000007358109360e+04,1.816570798877302328e+00,4.283544878826717195e+00,4.939339715134042907e-01
2.469000007361090684e+04,1.899398267151650055e+00,4.226009603905110268e+00,4.553954526279012094e-01
2.470000007364072007e+04,1.931780372278833147e+00,4.164011029753717175e+00,4.762419666009988228e-01
2.471000007367053331e+04,1.869109874781004432e+00,4.206428017499606042e+00,4.571231438535650615e-01
2.472000007370035019e+04,1.951630837361778337e+00,4.228936729857274202e+00,5.479208882515902435e-01
2.473000007373016342e+04,1.928521095214714931e+00,4.178195949285656852e+00,6.077110046916104347e-01
2.474000007375997666e+04,1.812793750765635759e+00,4.213755256442248687e+00,5.747706671868930695e-01
2.475000007378978989e+04,1.848570880219157164e+00,4.119419134720958553e+00,4.426102035641672483e-01
2.476000007381960677e+04,1.787645138108682419e+00,4.372319890889446725e+00,3.921007102787554821e-01
2.477000007384942000e+04,1.787312756791715307e+00,4.332860947273393215e+00,7.112207775349175254e-01
2.478000007387923324e+04,1.979453553083603268e+00,4.340751074401704379e+00,1.036670184072417067e+00
2.479000007390904648e+04,1.870840137231047917e+00,4.429364337819883701e+00,7.135170958209733350e-01
2.480000007393885971e+04,1.852488434512992610e+00,4.427519363336176461e+00,7.696721901958835099e-01
2.481000007396867659e+04,1.934142885241493470e+00,4.375212161702996205e+00,4.747484217979615617e-01
2.482000007399848982e+04,1.882841316232185980e+00,4.214944582595136602e+00,4.240847873839718174e-01
2.483000007402830306e+04,1.888068078746955480e+00,4.316316123693436424e+00,7.413941610290575301e-01
2.484000007405811630e+04,1.916301497291752476e+00,4.326484887194179230e+00,2.685942668678331091e-01
2.485000007408793317e+04,1.835599695504821049e+00,4.214848772196384097e+00,4.083462956622954110e-01
2.486000007411774641e+04,1.905785890890330014e+00,4.391909681498089135e+00,5.346268410408252514e-01
2.487000007414755964e+04,1.827937453260592759e+00,4.269936866979802126e+00,3.042354499033519954e-01
2.488000007417737288e+04,1.789953963375628954e+00,4.239409394084174387e+00,5.240537160678818696e-01
2.489000007420718612e+04,1.962607847474249434e+00,4.240313291754322478e+00,1.713045311400070159e-01
2.490000007423700299e+04,1.892168508636861590e+00,4.268130212893179731e+00,4.261441147054472189e-01
2.491000007426681623e+04,1.834871793482229396e+00,4.284170226667564307e+00,3.797656390002569493e-01
2.492000007429662946e+04,1.830900113914120775e+00,4.338918275622536846e+00,2.619858727438670321e-01
2.493000007432644270e+04,1.844039085172419323e+00,4.209384655833729560e+00,4.096685639394664902e-01
2.494000007435625957e+04,1.837008490171715414e+00,4.090633918808125991e+00,4.430511241212400919e-01
2.495000007438607281e+04,1.905768491357891614e+00,4.719681954761094644e+00,9.348035808574313155e-01
2.496000007441588605e+04,1.826582202054653825e+00,4.219250162244941649e+00,4.823302268368856449e-01
2.497000007444569928e+04,1.910764366851142038e+00,4.281479186133282155e+00,4.875087212742449938e-01
2.498000007447551616e+04,1.888437942038908801e+00,4.247341236078293392e+00,3.338866039337765046e-01
2.499000007450532939e+04,1.859117979677142873e+00,4.356217474161934611e+00,3.544046965585815334e-01
2.500000007453514263e+04,1.856010140110064599e+00,3.998603643050914869e+00,5.578214754669279518e-01
2.501000007456495587e+04,1.841171156859260583e+00,4.378233089817651802e+00,4.954979264024901298e-01
2.502000007459476910e+04,1.784082333576766155e+00,4.564284864827110155e+00,4.439289958151881876e-01
2.503000007462458598e+04,1.821776820442660316e+00,4.395699750408600615e+00,8.513796384751582957e-01
2.504000007465439921e+04,1.901040660089769574e+00,4.316507760474341815e+00,2.117397733372192725e-01
2.505000007468421245e+04,1.847293452054989737e+00,4.243910354611720948e+00,3.113326401604500360e-01
2.506000007471402569e+04,1.840301398653683140e+00,4.150399953552414090e+00,5.160186822803187745e-01
2.507000007474384256e+04,1.811999105602111859e+00,4.227470566011447772e+00,3.549190755918614770e-01
2.508000007477365580e+04,1.787413368369546118e+00,4.303491636501841633e+00,6.093929078642656982e-01
2.509000007480346903e+04,1.842319649769491363e+00,4.481886800844145036e+00,8.419686898332646718e-01
2.510000007483328227e+04,1.809853364054985647e+00,4.326391913110696485e+00,2.146473815495983095e-01
2.511000007486309551e+04,1.818503513978708686e+00,4.476286535625839669e+00,5.915050406661013227e-01
2.512000007489291238e+04,1.834402778140323598e+00,4.135057333473787899e+00,6.013406952791489068e-01
2.513000007492272562e+04,1.841803056306261954e+00,4.269520366313413362e+00,3.336899162120048334e-01
2.514000007495253885e+04,1.780972941254139519e+00,4.270729137192064151e+00,1.815648112660823710e-01
2.515000007498235209e+04,1.811837675050691487e+00,4.320190920688643743e+00,5.464906241273794762e-01
2.516000007501216896e+04,1.749584637474770776e+00,4.210077723813894224e+00,5.564697028134504286e-01
2.517000007504198220e+04,1.809729201215307670e+00,4.275000265182481662e+00,4.305379087078710643e-01
2.518000007507179544e+04,1.809734670406102364e+00,4.348816967782946463e+00,4.441745615496828781e-01
2.519000007510160867e+04,1.804939592726234610e+00,4.260884712458518742e+00,4.743852359077553871e-01
2.520000007513142191e+04,1.860985133194298147e+00,4.697030713634277710e+00,9.784194009724836993e-01
2.521000007516123878e+04,1.824545694175223609e+00,4.373362893808482532e+00,5.732862246706011966e-01
2.522000007519105202e+04,1.806247504409768112e+00,4.379740970537723044e+00,2.872722713709195963e-01
2.523000007522086526e+04,1.870978178791719904e+00,4.243178946378884930e+00,3.277880526022154406e-01
2.524000007525067849e+04,1.701360016057562374e+00,4.216189006966386543e+00,3.620643871877635700e-01
2.525000007528049537e+04,1.753756806297016357e+00,3.992985068509730340e+00,4.466725097642863518e-01
2.526000007531030860e+04,1.680252991866011625e+00,4.803050787527189947e+00,1.218180040192420099e+00
2.527000007534012184e+04,1.776131516602840410e+00,4.414075130507823630e+00,9.078554895532026103e-01
2.528000007536993508e+04,1.811692684217179217e+00,4.371617094725888109e+00,6.009151571307547179e-01
2.529000007539975195e+04,1.709158950835927060e+00,4.344419014412308933e+00,6.228087272007315489e-01
2.530000007542956519e+04,1.739649324293156551e+00,4.305590843294218928e+00,5.754725709693870872e-01
2.531000007545937842e+04,1.738132320682769905e+00,4.230071085435983314e+00,5.552227025743556865e-01
2.532000007548919166e+04,1.742825637457965593e+00,4.464029789510298052e+00,5.788494799292466242e-01
2.533000007551900489e+04,1.763484706456372564e+00,4.218195832691399083e+00,5.234692992872082007e-01
2.534000007554882177e+04,1.854807242954703339e+00,4.511448377844426538e+00,8.975085048104513019e-01
2.535000007557863501e+04,1.790731352866811399e+00,4.387629475463445949e+00,6.856086157464553743e-01
2.536000007560844824e+04,1.745934828221137547e+00,4.171509109875184862e+00,8.438495930054384919e-01
2.537000007563826148e+04,1.808079193752688774e+00,4.131472603324104931e+00,4.471258387538665224e-01
2.538000007566807835e+04,1.775986314739503635e+00,4.441902129060154358e+00,7.398214420531122881e-01
2.539000007569789159e+04,1.728617265977784312e+00,4.280277830598643085e+00,5.824499159132219273e-01
2.540000007572770483e+04,1.879199853089844829e+00,4.122892277112388371e+00,4.385445267599457631e-01
2.541000007575751806e+04,1.738449115762154884e+00,4.359613876521614806e+00,4.095384066639418674e-01
2.542000007578733130e+04,1.805960394518480117e+00,4.389243277000260512e+00,3.402019705596964760e-01
2.543000007581714817e+04,1.841518543644380168e+00,4.246831383005398308e+00,4.997477195043801279e-01
2.544000007584696141e+04,1.828556158112938590e+00,4.247182325300448369e+00,2.699390187351539128e-01
2.545000007587677464e+04,1.776308034375248202e+00,4.227055854849712802e+00,4.995001494119589713e-01
2.546000007590658788e+04,1.774355739287434508e+00,4.233474217802401185e+00,1.259943419839528733e-01
2.547000007593640476e+04,1.654686942453812426e+00,4.337877620753606500e+00,2.624874337698365201e-01
2.548000007596621799e+04,1.697058494912988325e+00,4.370847089371688199e+00,3.746137454422842072e-01
2.549000007599603123e+04,1.761624083787010075e+00,4.321529393849859346e+00,4.354769193774328806e-01
2.550000007602584446e+04,1.773628089944490505e+00,4.395385862099742802e+00,5.132302975610797402e-01
2.551000007605565770e+04,1.692226578114850888e+00,4.363010421115721904e+00,4.258373979331071535e-01
2.552000007608547457e+04,1.755651905486123265e+00,4.410608303533833485e+00,5.190754658698085722e-01
2.553000007611528781e+04,1.736915496448722118e+00,4.237257324649300827e+00,6.006946708202109964e-01
2.554000007614510105e+04,1.771396991568888302e+00,4.287542335389553649e+00,3.389555468106318359e-01
2.555000007617491428e+04,1.766881398228139943e+00,4.324329667380972353e+00,4.434090925729500254e-01
2.556000007620473116e+04,1.774246187916697082e+00,4.370571929713206849e+00,6.053428996742753476e-01
2.557000007623454439e+04,1.850200174269894804e+00,4.220912635400571489e+00,2.265816576688764739e-01
2.558000007626435763e+04,1.782585681511306808e+00,4.504832085310838785e+00,5.104766461134176980e-01
2.559000007629417087e+04,1.844607718801284157e+00,4.520983213761354591e+00,4.953603317307653242e-01
2.560000007632398774e+04,1.828206673325422971e+00,4.295827942637113317e+00,2.677826080899367023e-01
2.561000007635380098e+04,1.785151363883657361e+00,4.336527941351259408e+00,4.021088970779566063e-01
2.562000007638361421e+04,1.790284442990840663e+00,4.643272149814558603e+00,5.053058905740090978e-01
2.563000007641342745e+04,1.801462720771414228e+00,4.395030856342267533e+00,3.357517770750389485e-01
2.564000007644324069e+04,1.751691511621027431e+00,4.481262991914713112e+00,5.039272793007142370e-01
2.565000007647305756e+04,1.799523264783168042e+00,4.307518359819353826e+00,5.779345609954492646e-01
2.566000007650287080e+04,1.745110157298004339e+00,4.265336579607216017e+00,3.110531288296511931e-01
2.567000007653268403e+04,1.765115261265880919e+00,4.435965768642671669e+00,5.516072206364079911e-01
2.568000007656249727e+04,1.708038826847974034e+00,4.405229632167853460e+00,3.674407688869932853e-01
2.569000007659231414e+04,1.669742031356432843e+00,4.225754781797989246e+00,5.459189665049714035e-01
2.570000007662212738e+04,1.753563122673942098e+00,4.449999782484789002e+00,6.373439732212790032e-01
2.571000007665194062e+04,1.741003925358248772e+00,4.551425416851004435e+00,6.546518034528024943e-01
2.572000007668175385e+04,1.639665012669080157e+00,4.449184790768697439e+00,6.623613913395766106e-01
2.573000007671156709e+04,1.725909656921819302e+00,4.418551136439869076e+00,5.035098020021381293e-01
2.574000007674138396e+04,1.695456638051299869e+00,4.286292666831778675e+00,5.503512551916457385e-01
2.575000007677119720e+04,1.646233603214761976e+00,4.212508030657557079e+00,4.769826261283734992e-01
2.576000007680101044e+04,1.703065142073339588e+00,4.137611498775275898e+00,2.887380050592290859e-01
2.577000007683082367e+04,1.687810053670293131e+00,4.197311678722027928e+00,4.366141701605604775e-01
2.578000007686064055e+04,1.745754056283057132e+00,4.162791885454629970e+00,5.474095068788389362e-01
2.579000007689045378e+04,1.765718869613987829e+00,4.185039675521544211e+00,3.504729190484893731e-01
2.580000007692026702e+04,1.696083548933786433e+00,4.152715811376977761e+00,3.618537034415046927e-01
2.581000007695008026e+04,1.712623525453228046e+00,4.122633215706540177e+00,2.838816215010164790e-01
2.582000007697989349e+04,1.697845837090087517e+00,4.090594147001518799e+00,3.100333100090623684e-01
2.583000007700971037e+04,1.739893135439077865e+00,4.116860372182616246e+00,4.481524937222632343e-01
2.584000007703952360e+04,1.740092635008946065e+00,4.218410878023274080e+00,5.106625545287830636e-01
2.585000007706933684e+04,1.746685308481242815e+00,4.164138189529328571e+00,5.566480755250110546e-01
2.586000007709915008e+04,1.756126886966715483e+00,4.134243095942315982e+00,2.815180650200898582e-01
2.587000007712896695e+04,1.665332261031393424e+00,4.198802661683573412e+00,8.148141926975182026e-01
2.588000007715878019e+04,1.693298505496076301e+00,4.335038998288410106e+00,4.515989555139761635e-01
2.589000007718859342e+04,1.730164587636893181e+00,4.321480536840116571e+00,7.045828716255564395e-01
2.590000007721840666e+04,1.715462302463140576e+00,4.280110420273967264e+00,4.453291986022973603e-01
2.591000007724821990e+04,1.740990718753933297e+00,4.462368269233408569e+00,5.046616554503696728e-01
2.592000007727803677e+04,1.631003826735784923e+00,4.121944428713190334e+00,5.731221572135527520e-01
2.593000007730785001e+04,1.740174225812367581e+00,4.061764725659758213e+00,4.679131835535346173e-01
2.594000007733766324e+04,1.731488376255034156e+00,4.374639441676314355e+00,2.492550379763731616e-01
2.595000007736747648e+04,1.542088892443331805e+00,4.319909527667410210e+00,4.044494282516198358e-01
2.596000007739729335e+04,1.660427915171012847e+00,4.351860289630331557e+00,5.413731204649745443e-01
2.597000007742710659e+04,1.692225284924702366e+00,4.326039964837218754e+00,3.638675975522522310e-01
2.598000007745691983e+04,1.661107891871867137e+00,4.197627353325466437e+00,4.195886709158860861e-01
2.599000007748673306e+04,1.713315755442619714e+00,4.320974034470157044e+00,3.105082891175541260e-01
2.600000007751654994e+04,1.662899864527386251e+00,4.215286234966784562e+00,1.183881898418680662e-01
2.601000007754636317e+04,1.739304125164760073e+00,4.273623637553160215e+00,3.399833559948876038e-01
2.602000007757617641e+04,1.639876854456153277e+00,4.091670273562861837e+00,5.760354879629833169e-01
2.603000007760598965e+04,1.742401763790201841e+00,4.118566650337564639e+00,6.802509219538712681e-01
2.604000007763580288e+04,1.722730745099345651e+00,4.342338866749001269e+00,9.202653367008801766e-01
2.605000007766561976e+04,1.754925351699645697e+00,4.180465300666914352e+00,2.532672213182949328e-01
2.606000007769543299e+04,1.707129692915060559e+00,4.335853379408002084e+00,5.384348919657020449e-01
2.607000007772524623e+04,1.712023193739193205e+00,4.212220265194723368e+00,4.494289748601990597e-01
2.608000007775505946e+04,1.598285558519886296e+00,4.362074848868594756e+00,5.522403720890465273e-01
2.609000007778487634e+04,1.654833628646769084e+00,4.147703874642384214e+00,7.948948602771004346e-01
2.610000007781468958e+04,1.662718165435774109e+00,4.208223890489947827e+00,5.842281843067917979e-01
2.611000007784450281e+04,1.724870407120528970e+00,4.121215971134701839e+00,4.930872177924187638e-01
2.612000007787431605e+04,1.766921650201856320e+00,4.168674747482488563e+00,4.040613218790515271e-01
2.613000007790412928e+04,1.617663391685105756e+00,4.152754137522872036e+00,5.430579498822389883e-01
2.614000007793394616e+04,1.557366930779364944e+00,4.170089279557552153e+00,5.878213964597922558e-01
2.615000007796375940e+04,1.648644640615378076e+00,4.202479031808925569e+00,5.792258526846784106e-01
2.616000007799357263e+04,1.616025216328993208e+00,4.056761016796727404e+00,4.529896228100360189e-01
2.617000007802338587e+04,1.613072824918340364e+00,4.407847557263675498e+00,7.643441137578540490e-01
2.618000007805320274e+04,1.618746615787821197e+00,4.330525729291098358e+00,2.848831323471507915e-01
2.619000007808301598e+04,1.656235896994192158e+00,4.261147924316684765e+00,4.370888908333791512e-01
2.620000007811282921e+04,1.703278672294720186e+00,4.404258591300506787e+00,5.964445090725959409e-01
2.621000007814264245e+04,1.753548351084493140e+00,4.410025205530032189e+00,4.748154603313157751e-01
2.622000007817245569e+04,1.794354975082389725e+00,4.205377401426587447e+00,2.251112138263327567e-01
2.623000007820227256e+04,1.763104468514533618e+00,4.259887519174593962e+00,2.636256884622876773e-01
2.624000007823208580e+04,1.762987234592431562e+00,4.327987274712241650e+00,4.803846228251833494e-01
2.625000007826189903e+04,1.759755718481559317e+00,4.183951852530782389e+00,1.205265118762788024e-01
2.626000007829171227e+04,1.912578525008656216e+00,4.156369972260947065e+00,4.197700917418852318e-01
2.627000007832152914e+04,1.777560937874429259e+00,4.348095673789457827e+00,5.461122680633369031e-01
2.628000007835134238e+04,1.732984517511731104e+00,4.102046882507985437e+00,2.916471889140724305e-01
2.629000007838115562e+04,1.660105887032495842e+00,4.189908089144489978e+00,3.601879905881443245e-01
2.630000007841096885e+04,1.794301424495362784e+00,4.370658966514777255e+00,2.647886061213874931e-01
2.631000007844078573e+04,1.760416671903808350e+00,4.326687046696847894e+00,3.909776823737403095e-01
2.632000007847059896e+04,1.780825218585088132e+00,4.229301539787369890e+00,2.035981938736784180e-01
2.633000007850041220e+04,1.808241856638386436e+00,4.504756738639390079e+00,5.821618838406205088e-01
2.634000007853022544e+04,1.970886095984332620e+00,4.164676250597329599e+00,2.606609631867365939e-01
2.635000007856003867e+04,1.865584416856462591e+00,4.181101656779501852e+00,2.178937108773549014e-01
2.636000007858985555e+04,1.929304917677494124e+00,4.286034822163322211e+00,2.948200421958857564e-01
2.637000007861966878e+04,1.876887202557383283e+00,4.229235128870401539e+00,1.308437911274937804e-01
2.638000007864948202e+04,1.856918361315124555e+00,4.415091023676115611e+00,2.341998674533158908e-01
2.639000007867929526e+04,1.788473598258924602e+00,4.201320299519647250e+00,3.492848871962207502e-01
2.640000007870911213e+04,1.784355127687069720e+00,4.290877092618892164e+00,3.177897791624383905e-01
2.641000007873892537e+04,1.780114945356640943e+00,4.250163290519103576e+00,4.289036325432428742e-01
2.642000007876873860e+04,1.828461046316620653e+00,4.259581158293783254e+00,2.663581860726150219e-01
2.643000007879855184e+04,1.788251167211211357e+00,4.172508394713099200e+00,4.339349410074092028e-01
2.644000007882836508e+04,1.751815433781642506e+00,4.244645645994597594e+00,1.872571192366456194e-01
2.645000007885818195e+04,1.713984334865318537e+00,4.137741050001139342e+00,1.277920919085463458e-01
2.646000007888799519e+04,1.767656629271391111e+00,3.945076411461196919e+00,1.673075125590288148e-01
2.647000007891780842e+04,1.723559666814457936e+00,4.333832800861589618e+00,4.101611587494212174e-01
2.648000007894762166e+04,1.704989985273342112e+00,4.237520868680126007e+00,2.429461800666624371e-01
2.649000007897743853e+04,1.742393031426269001e+00,4.241105328381182815e+00,2.857457572767532206e-01
2.650000007900725177e+04,1.750718876890293707e+00,4.258716296749823549e+00,3.787654891502933441e-01
2.651000007903706501e+04,1.687280717072928038e+00,4.344864327646503099e+00,4.456670878147899195e-01
2.652000007906687824e+04,1.746938208268938197e+00,4.089221358064168754e+00,3.307231647786034179e-01
2.653000007909669148e+04,1.808807819423916774e+00,4.258512752843930826e+00,1.308774026740804064e-01
2.654000007912650835e+04,1.652838509427003055e+00,4.270612088009176688e+00,2.076983031507170230e-01
2.655000007915632159e+04,1.739446841512050312e+00,4.323267624519061769e+00,2.645467676357216025e-01
2.656000007918613483e+04,1.750295330408945249e+00,4.204522328755584404e+00,2.965620173204874810e-01
2.657000007921594806e+04,1.714349734052554197e+00,4.295641203289759957e+00,7.582823896434803812e-01
2.658000007924576494e+04,1.757638301859898888e+00,4.153489317101627165e+00,3.054403782496119546e-01
2.659000007927557817e+04,1.747560325120942837e+00,4.254107563289745819e+00,3.120833551780071713e-01
2.660000007930539141e+04,1.771474925962858160e+00,4.206198758599685839e+00,1.581981441383455700e-01
2.661000007933520465e+04,1.760445631068904060e+00,4.209712033405483389e+00,2.037697552508806464e-01
2.662000007936502152e+04,1.756553568266040699e+00,4.149087824440401029e+00,2.756512609729252494e-01
2.663000007939483476e+04,1.746112021494979683e+00,4.371849208022594802e+00,1.991059395202627313e-01
2.664000007942464799e+04,1.791436603413279594e+00,4.328623533002733836e+00,3.386365386670474598e-01
2.665000007945446123e+04,1.768279251757218562e+00,4.371067745429264129e+00,3.735262123824469316e-01
2.666000007948427447e+04,1.754826287020107900e+00,4.328961362745311625e+00,4.660825669743332567e-01
2.667000007951409134e+04,1.714291132619978564e+00,4.352064518738052890e+00,3.555192315720790419e-01
2.668000007954390458e+04,1.684464502828643795e+00,4.119395597522289343e+00,2.491944225817198100e-01
2.669000007957371781e+04,1.676033505555838410e+00,4.342368503151777581e+00,6.406431357049413577e-01
2.670000007960353105e+04,1.725343077745331133e+00,4.490071055804812694e+00,3.380986216737795758e-01
2.671000007963334792e+04,1.702712932248559241e+00,4.214059948570447744e+00,3.592567476785092917e-01
2.672000007966316116e+04,1.693131114558111383e+00,4.370014991425801298e+00,3.523541009957030790e-01
2.673000007969297440e+04,1.648440320084963107e+00,4.380409716641082696e+00,4.429179035356138328e-01
2.674000007972278763e+04,1.714835435102497030e+00,4.192687652463299663e+00,2.811446661346534981e-01
2.675000007975260087e+04,1.733955905937813569e+00,4.080819318398629214e+00,4.289272782760863989e-01
2.676000007978241774e+04,1.665962995724009188e+00,4.201182435297449835e+00,4.938500646600065824e-01
2.677000007981223098e+04,1.660605147227282252e+00,4.276044965323405833e+00,3.013583521016229283e-01
2.678000007984204422e+04,1.718315601083961974e+00,4.326644384386407971e+00,3.154381117535068890e-01
2.679000007987185745e+04,1.716462829026070835e+00,4.296147861216129016e+00,5.890960092846738716e-01
2.680000007990167433e+04,1.643555277332186204e+00,4.118960784152241317e+00,6.188599361881504946e-01
2.681000007993148756e+04,1.729011624395072166e+00,4.318463184119569753e+00,6.988430746599569865e-01
2.682000007996130080e+04,1.749044961326203795e+00,4.067507586224508920e+00,4.520427881593911401e-01
2.683000007999111403e+04,1.754864575531930537e+00,4.240245130054224099e+00,6.348656969926780302e-01
2.684000008002092727e+04,1.762976166546185386e+00,4.286086844862117218e+00,9.651764310674956215e-01
2.685000008005074415e+04,1.837467878826519740e+00,4.374018968194369528e+00,9.428419930382088143e-01
2.686000008008055738e+04,1.783822533667859034e+00,4.206232027056094225e+00,6.190461279169718889e-01
2.687000008011037062e+04,1.723355098063649393e+00,4.344690897483716618e+00,7.372778698968684985e-01
2.688000008014018385e+04,1.717679025836625017e+00,4.231765563303055977e+00,4.245358609081725798e-01
2.689000008017000073e+04,1.735930405608473892e+00,4.246602318584721480e+00,6.045548232716603243e-01
2.690000008019981397e+04,1.809945202535268471e+00,4.120287338497781171e+00,3.887228830783742151e-01
2.691000008022962720e+04,1.687923610576475442e+00,4.029905907854074876e+00,3.656569379301617961e-01
2.692000008025944044e+04,1.712382492833433911e+00,4.445685038190417160e+00,3.434767485591581626e-01
2.693000008028925731e+04,1.712559306479278787e+00,4.379042586156440819e+00,5.651290671735746951e-01
2.694000008031907055e+04,1.666961533890997105e+00,4.171919268032687533e+00,2.322846321751431409e-01
2.695000008034888378e+04,1.685885272994419370e+00,4.331603959312600338e+00,6.332476677544197630e-01
2.696000008037869702e+04,1.690423011106257256e+00,4.124868680271159604e+00,1.588013304024130379e-01
2.697000008040851026e+04,1.670857706576561519e+00,4.204846808545518400e+00,4.557348804098519390e-01
2.698000008043832713e+04,1.682938005287354599e+00,4.310437610415680076e+00,3.689310215036099572e-01
2.699000008046814037e+04,1.738269775874480061e+00,4.398894815560179694e+00,5.019704335485318802e-01
2.700000008049795360e+04,1.770891235977637868e+00,4.232749539685766393e+00,4.574407426498395268e-01
2.701000008052776684e+04,1.772671055926610117e+00,4.254842070960395795e+00,4.778083224346187929e-01
2.702000008055758371e+04,1.651138899330603094e+00,4.382129144569347545e+00,4.715473155123645621e-01
2.703000008058739695e+04,1.690752130944223497e+00,4.195660625903209429e+00,7.100798162770345368e-01
2.704000008061721019e+04,1.706469330985827426e+00,4.298221733834577840e+00,5.731542505204260118e-01
2.705000008064702342e+04,1.723705605507068306e+00,4.377776255931508764e+00,8.533781924002213914e-01
2.706000008067683666e+04,1.685736980299470167e+00,4.192400190422889139e+00,4.742135496129963879e-01
2.707000008070665353e+04,1.699192740085017084e+00,4.268890821780278344e+00,9.059540635641710749e-01
2.708000008073646677e+04,1.704998592033557525e+00,4.342160886666110109e+00,4.500643498397418618e-01
2.709000008076628001e+04,1.718821014146988402e+00,4.426557089795165822e+00,6.078280701666799457e-01
2.710000008079609324e+04,1.790493745781345458e+00,4.298965898686759601e+00,5.265539256062004014e-01
2.711000008082591012e+04,1.774146208073383635e+00,4.315683832382754659e+00,5.777665432089855724e-01
2.712000008085572335e+04,1.732740282576566093e+00,4.212709005971176701e+00,6.472920496662023515e-01
2.713000008088553659e+04,1.784341064956615819e+00,4.261970398410736216e+00,3.610651028508524707e-01
2.714000008091534983e+04,1.790211975489240714e+00,4.361607449814876247e+00,8.316306819028813635e-01
2.715000008094516306e+04,1.729240162774077882e+00,4.187158676510575717e+00,2.626682735366909771e-01
2.716000008097497994e+04,1.684665826210543171e+00,4.357841928370438822e+00,7.289864779156296493e-01
2.717000008100479317e+04,1.710334463664472171e+00,4.317842737300884082e+00,3.486332389865277048e-01
2.718000008103460641e+04,1.617113028445738454e+00,4.451558440654872051e+00,5.236620917447615264e-01
2.719000008106441965e+04,1.608822917371335981e+00,4.309867897295624140e+00,2.209113982208413263e-01
2.720000008109423652e+04,1.683690219020185008e+00,4.328432250534345549e+00,6.660467073546544325e-01
2.721000008112404976e+04,1.713230762409934771e+00,4.457993282206790475e+00,7.341762419533464090e-01
2.722000008115386299e+04,1.678619117485351531e+00,4.274694041434757175e+00,6.591582075191945167e-01
2.723000008118367623e+04,1.752390499451795591e+00,4.205017969672304901e+00,5.603124569731597893e-01
2.724000008121348947e+04,1.745495602846029337e+00,4.268319208567622702e+00,3.148186018275099807e-01
2.725000008124330634e+04,1.756098580433988143e+00,4.327150633270872682e+00,4.133510027085803840e-01
2.726000008127311958e+04,1.718394385429618643e+00,4.259141882691860559e+00,3.240425567693859810e-01
2.727000008130293281e+04,1.803834353454474959e+00,4.244606880739992150e+00,3.308638264534181639e-01
2.728000008133274605e+04,1.725446351622961672e+00,4.269567287405619638e+00,4.220812165743674793e-01
2.729000008136256292e+04,1.663988943572382695e+00,4.536651800133344459e+00,5.629592676558152764e-01
2.730000008139237616e+04,1.799702110529824761e+00,4.665777386367128798e+00,8.110795862104054343e-01
2.731000008142218940e+04,1.726985724325025284e+00,4.494848867294525263e+00,6.579234200712478220e-01
2.732000008145200263e+04,1.633752335764913965e+00,4.364255140271185773e+00,6.349192769629927735e-01
2.733000008148181951e+04,1.797779321055061441e+00,4.388896378985599256e+00,7.600505268783225299e-01
2.734000008151163274e+04,1.751303265413366894e+00,4.500872074367638476e+00,9.585123041840267755e-01
2.735000008154144598e+04,1.643620573617376124e+00,4.434320749033793696e+00,6.016194442157246636e-01
2.736000008157125922e+04,1.662873438874160392e+00,4.279206968993181093e+00,5.223384284488756801e-01
2.737000008160107245e+04,1.749674266012491097e+00,4.244866619961991994e+00,5.572116916754401572e-01
2.738000008163088933e+04,1.663019997918796733e+00,4.439215976862265656e+00,6.100594774572863921e-01
2.739000008166070256e+04,1.639436535030629916e+00,4.162235673141431391e+00,5.184255177270290504e-01
2.740000008169051580e+04,1.725170506446105145e+00,4.270946327698001532e+00,5.575706259226355099e-01
2.741000008172032904e+04,1.668311037872593383e+00,4.190807613340515658e+00,4.330997040082218419e-01
2.742000008175014591e+04,1.647136182002478355e+00,4.263118014125393707e+00,4.785159120765684615e-01
2.743000008177995915e+04,1.753976638249374442e+00,4.380128934218412873e+00,5.876449308474019917e-01
2.744000008180977238e+04,1.577426222407260381e+00,4.404303326100033722e+00,4.567195326369754005e-01
2.745000008183958562e+04,1.495928947730142955e+00,4.293977784014372467e+00,6.438258646796873874e-01
2.746000008186939885e+04,1.552754914673970310e+00,4.421589294306422779e+00,5.958060963463150950e-01
2.747000008189921573e+04,1.495172124226590959e+00,4.282094649863178226e+00,6.539768481225236574e-01
2.748000008192902897e+04,1.541674173677980875e+00,4.374961453629207853e+00,5.019153496211966603e-01
2.749000008195884220e+04,1.597964232338070723e+00,4.305711119682327670e+00,4.618526904081388662e-01
2.750000008198865544e+04,1.556023507395891015e+00,4.549579565047811691e+00,9.573864039335828746e-01
2.751000008201847231e+04,1.551391955907239328e+00,4.326667925410511373e+00,5.601677846812860295e-01
2.752000008204828555e+04,1.633286747269814931e+00,4.224103902482983841e+00,9.326198983056208647e-01
2.753000008207809879e+04,1.729256236707966909e+00,4.241392773781173631e+00,8.313077903163287319e-01
2.754000008210791202e+04,1.683211694087717536e+00,4.186570125826744260e+00,1.073849008802074900e+00
2.755000008213772526e+04,1.602012300123427435e+00,4.333200016354404660e+00,6.015542805454208164e-01
2.756000008216754213e+04,1.638635908552414922e+00,4.427256414502084070e+00,7.776927422308640425e-01
2.757000008219735537e+04,1.543988881554385850e+00,4.310773464197611204e+00,9.981487298487081716e-01
2.758000008222716860e+04,1.671603791941352002e+00,4.256094488109559038e+00,6.430965112144613194e-01
2.759000008225698184e+04,1.539296957424633572e+00,4.427722410696157240e+00,7.765516075204510482e-01
2.760000008228679872e+04,1.583853637660713964e+00,4.390086090262601992e+00,1.447109455318087212e+00
2.761000008231661195e+04,1.638925519960684696e+00,4.319683851292763777e+00,8.039119584061701351e-01
2.762000008234642519e+04,1.690335749006947719e+00,4.183959738316873178e+00,9.427362823814411374e-01
2.763000008237623842e+04,1.712265503404758249e+00,4.254576995670909412e+00,7.687453100211243395e-01
2.764000008240605530e+04,1.622725661867342017e+00,4.150746950362962373e+00,1.008246048788264737e+00
2.765000008243586853e+04,1.735989390479316885e+00,4.416698086073968632e+00,1.190841934767010057e+00
2.766000008246568177e+04,1.650726778908110814e+00,4.291488784053605343e+00,1.054954400380184509e+00
2.767000008249549501e+04,1.632527104559362341e+00,4.281033741326507602e+00,1.179774606977352924e+00
2.768000008252530824e+04,1.608827149565571935e+00,4.369757167294586964e+00,1.161873141439453416e+00
2.769000008255512512e+04,1.664560186829408872e+00,4.015872925514869962e+00,6.269267281952692894e-01
2.770000008258493835e+04,1.646535726338004491e+00,4.234734388791318693e+00,6.972039079652320170e-01
2.771000008261475159e+04,1.601288178599789225e+00,4.054918637377531887e+00,7.286143823834836386e-01
2.772000008264456483e+04,1.647460408962230227e+00,4.133432693099340582e+00,6.487505077546295018e-01
2.773000008267438170e+04,1.676141716237649071e+00,4.274315267018544695e+00,7.048914897117494194e-01
2.774000008270419494e+04,1.641519328083878904e+00,3.942357262144221774e+00,6.604844836797253427e-01
2.775000008273400817e+04,1.638502961730821994e+00,4.289390920661128703e+00,6.735297916661850959e-01
2.776000008276382141e+04,1.728976586990865982e+00,4.296253712938347569e+00,5.092672582921746738e-01
2.777000008279363465e+04,1.740475084687300278e+00,4.068845633440321130e+00,2.910511512499514009e-01
2.778000008282345152e+04,1.583056454241069000e+00,4.245083239753101978e+00,1.941579625302503609e-01
2.779000008285326476e+04,1.609120456421674339e+00,4.285057379748947959e+00,3.554619636041915220e-01
2.780000008288307799e+04,1.603917803308046786e+00,4.228590669138304392e+00,3.718476744591422412e-01
2.781000008291289123e+04,1.655643004332622681e+00,4.175598515622999329e+00,2.481932078743233627e-01
2.782000008294270810e+04,1.726357599656676456e+00,4.133993665960892905e+00,4.168573775889538591e-01
2.783000008297252134e+04,1.708090899874583624e+00,4.232875630172137527e+00,6.284762550130527092e-01
2.784000008300233458e+04,1.747402774039634288e+00,4.280127098111423223e+00,7.988283132159854638e-01
2.785000008303214781e+04,1.744287107274648196e+00,4.050856073474308872e+00,6.635172946421945550e-01
2.786000008306196105e+04,1.669324784709235177e+00,4.163618413523409778e+00,6.094378082660865115e-01
2.787000008309177792e+04,1.742793087919777495e+00,4.603170755444564222e+00,9.118733768276795493e-01
2.788000008312159116e+04,1.791348320986152043e+00,4.476472493208259351e+00,9.254408725575063999e-01
2.789000008315140440e+04,1.749476860363516906e+00,4.490190079744675877e+00,7.974514646936238238e-01
2.790000008318121763e+04,1.779097950789287452e+00,4.452291275987522390e+00,8.917900639567317711e-01
2.791000008321103451e+04,1.783358287020235800e+00,4.436231247342835360e+00,6.820474079291130032e-01
2.792000008324084774e+04,1.758635218379712040e+00,4.382850985727804627e+00,7.069359895133943139e-01
2.793000008327066098e+04,1.693128168244437459e+00,4.575774534314421160e+00,7.441796857968171475e-01
2.794000008330047422e+04,1.788005518175593611e+00,4.321030761715680235e+00,4.983959879309493579e-01
2.795000008333029109e+04,1.722807321179095297e+00,4.452581549467925726e+00,3.725690184197038568e-01
2.796000008336010433e+04,1.724059696478657866e+00,4.596068456409301284e+00,4.460875852466900104e-01
2.797000008338991756e+04,1.731734650917106322e+00,4.561483704788068749e+00,5.369231718566208622e-01
2.798000008341973080e+04,1.723080436397824933e+00,4.473766221007957178e+00,8.693710920868529257e-01
2.799000008344954404e+04,1.758719779753842749e+00,4.326325567865122679e+00,5.038877555338369119e-01
2.800000008347936091e+04,1.696421405011382388e+00,4.347694219830567697e+00,4.204740611634723568e-01
2.801000008350917415e+04,1.613385177876637266e+00,4.354964850050757619e+00,5.462937469409262503e-01
2.802000008353898738e+04,1.718397286344672370e+00,4.495844170232672354e+00,5.673233157156853945e-01
2.803000008356880062e+04,1.676559949916301751e+00,4.485237089012747980e+00,5.551744621963524695e-01
2.804000008359861749e+04,1.679547860522729641e+00,4.433388802418809505e+00,7.692083254614937582e-01
2.805000008362843073e+04,1.661779469630290329e+00,4.442776160906531935e+00,8.384897494813136065e-01
2.806000008365824397e+04,1.663089390441811588e+00,4.338767042473667956e+00,4.385399160784330674e-01
2.807000008368805720e+04,1.621594606329273214e+00,4.390330764090042415e+00,5.332532203672174509e-01
2.808000008371787044e+04,1.668594788824775854e+00,4.511479316715657717e+00,6.639493770423963159e-01
2.809000008374768731e+04,1.647413981822307028e+00,4.458440054050174517e+00,8.264770437747134268e-01
2.810000008377750055e+04,1.766529383076516746e+00,4.251373836040151843e+00,7.299143835846144679e-01
2.811000008380731379e+04,1.673627477033518884e+00,4.236593274396673436e+00,6.322881571756796548e-01
2.812000008383712702e+04,1.642269456768672864e+00,4.148049838165686509e+00,5.480386043258446138e-01
2.813000008386694390e+04,1.657329827346954776e+00,4.181788302410143210e+00,6.493813989013795807e-01
2.814000008389675713e+04,1.719255378666416645e+00,4.270712374761117758e+00,5.942061149514170637e-01
2.815000008392657037e+04,1.753940547815206363e+00,4.122260194663583732e+00,3.426127436791370218e-01
2.816000008395638361e+04,1.715064908796964716e+00,4.139268849761035263e+00,5.433152356732485755e-01
2.817000008398619684e+04,1.696389152110071130e+00,3.917691315291035981e+00,4.044516882739216390e-01
2.818000008401601372e+04,1.630471966510986359e+00,4.040381525587315004e+00,4.743648671775538284e-01
2.819000008404582695e+04,1.702157943797396822e+00,4.143687441507310609e+00,5.820016188403981383e-01
2.820000008407564019e+04,1.754616012079008414e+00,4.208033372723794407e+00,5.558785391492534478e-01
2.821000008410545342e+04,1.664948596486524934e+00,4.132372181278251233e+00,5.973722506344183447e-01
2.822000008413527030e+04,1.701848500930821073e+00,4.131257145161383981e+00,7.789238149719086568e-01
2.823000008416508354e+04,1.708879984515144113e+00,4.358415618283994597e+00,5.692120949330756741e-01
2.824000008419489677e+04,1.683102182307385508e+00,4.325576564925945000e+00,8.714839528495382792e-01
2.825000008422471001e+04,1.693091612519258993e+00,4.227649958819377218e+00,4.373711655895518025e-01
2.826000008425452688e+04,1.599753055605626750e+00,4.139197296369957257e+00,5.081830655489990578e-01
2.827000008428434012e+04,1.632955190506009346e+00,4.295083530536697225e+00,7.740673945749865226e-01
2.828000008431415336e+04,1.640231371392543824e+00,4.576586115753838335e+00,7.781430804970939086e-01
2.829000008434396659e+04,1.520669065929280306e+00,4.350781665836287893e+00,3.469880246243696176e-01
2.830000008437377983e+04,1.584262925453860271e+00,4.379937550811244584e+00,7.729062831546338330e-01
2.831000008440359670e+04,1.669275374290006164e+00,4.479313235798727533e+00,7.322558596930669461e-01
2.832000008443340994e+04,1.583381433792774740e+00,4.344263169809138070e+00,6.545297670255998401e-01
2.833000008446322317e+04,1.559932700922206372e+00,4.252958618527458157e+00,4.812429631931777196e-01
2.834000008449303641e+04,1.648304468210959106e+00,4.176602341046613986e+00,6.736081469972932112e-01
2.835000008452285329e+04,1.627470285047267540e+00,4.152762752275551250e+00,6.867755665851754676e-01
2.836000008455266652e+04,1.710235533158205312e+00,4.301932748429088349e+00,6.915740751432752909e-01
2.837000008458247976e+04,1.609816763239624748e+00,4.281442824757664134e+00,7.208210001671091494e-01
2.838000008461229299e+04,1.612385047792495030e+00,4.411322726558089435e+00,1.157776626198894432e+00
2.839000008464210623e+04,1.592278754279887965e+00,4.462965969594033133e+00,7.610300834180676599e-01
2.840000008467192310e+04,1.646746597156848901e+00,4.394697363525848388e+00,9.649014143572864910e-01
2.841000008470173634e+04,1.629786456950836904e+00,4.456607135919560037e+00,9.656546139449231347e-01
2.842000008473154958e+04,1.639388270245328627e+00,4.360100650685333257e+00,1.069392700023445331e+00
2.843000008476136281e+04,1.663298009822416157e+00,4.550865420071043665e+00,9.624305452552242013e-01
2.844000008479117969e+04,1.510360444721185136e+00,4.559155228450975983e+00,1.015386892515838024e+00
2.845000008482099292e+04,1.578920107344522483e+00,4.542483778757230084e+00,1.005794568896994035e+00
2.846000008485080616e+04,1.590009739057110627e+00,4.464068349970680138e+00,6.251310875019285840e-01
2.847000008488061940e+04,1.558509497611440198e+00,4.289921086278156714e+00,5.866827857794919554e-01
2.848000008491043263e+04,1.565655178756718557e+00,4.489320206954211301e+00,7.694720678173786466e-01
2.849000008494024951e+04,1.625664729207033865e+00,4.351839106061934359e+00,1.177449994786776255e+00
2.850000008497006274e+04,1.607384510802108979e+00,4.919074325601885178e+00,1.077316866243913873e+00
2.851000008499987598e+04,1.591444734396757710e+00,4.714079479000808703e+00,1.058466258796894932e+00
2.852000008502968922e+04,1.682767945139943988e+00,4.526437047478824915e+00,7.803782564501492436e-01
2.853000008505950609e+04,1.572614105475482305e+00,4.548993232072349180e+00,1.114643749609590673e+00
2.854000008508931933e+04,1.645328601055086715e+00,4.468342861566669377e+00,1.020554611192004080e+00
2.855000008511913256e+04,1.724384279498258010e+00,4.285824734598931762e+00,8.779127111167438491e-01
2.856000008514894580e+04,1.663384035919128978e+00,4.373546148712847526e+00,7.937625664512315549e-01
2.857000008517875904e+04,1.582310869518897434e+00,4.374296458599086890e+00,9.031218327529916268e-01
2.858000008520857591e+04,1.597564773948078498e+00,4.282820997811696451e+00,3.777926644797430233e-01
2.859000008523838915e+04,1.625994401907311149e+00,4.557816093816686731e+00,9.890845695229305568e-01
2.860000008526820238e+04,1.576359983842723356e+00,4.362652477126895967e+00,5.348451679857929575e-01
2.861000008529801562e+04,1.587511418002907293e+00,4.293767437658997821e+00,7.628533476321717188e-01
2.862000008532783249e+04,1.635269093323022505e+00,4.197762962178473778e+00,4.759817601323718117e-01
2.863000008535764573e+04,1.571777158799663177e+00,4.315144074745894009e+00,5.743714917197907388e-01
2.864000008538745897e+04,1.577376005795393166e+00,4.453510220858810875e+00,6.759605909441152027e-01
2.865000008541727220e+04,1.544431550505272810e+00,4.336200309339270476e+00,8.189035993439404137e-01
2.866000008544708908e+04,1.535514561915032772e+00,4.395898162976357604e+00,6.623642229916237856e-01
2.867000008547690231e+04,1.572479273450802628e+00,4.263243499311357709e+00,1.001293181722476611e+00
2.868000008550671555e+04,1.571395674106014217e+00,4.337214954099022357e+00,6.928226135615976888e-01
2.869000008553652879e+04,1.506795717769664700e+00,4.293309848324273759e+00,8.533175967667022688e-01
2.870000008556634202e+04,1.466840550732753767e+00,4.305859001591061386e+00,7.337986745073339367e-01
2.871000008559615890e+04,1.546433907280206244e+00,4.479039383531553398e+00,1.148965692274610984e+00
2.872000008562597213e+04,1.603607232154293349e+00,4.096408993867375337e+00,5.272099621496935118e-01
2.873000008565578537e+04,1.666595588450134668e+00,4.257214852431620677e+00,6.262464909380127676e-01
2.874000008568559861e+04,1.626085879066256901e+00,4.247936337638472892e+00,6.003658659344875970e-01
2.875000008571541548e+04,1.586550273487090879e+00,4.467443553960903202e+00,7.983307640519453630e-01
2.876000008574522872e+04,1.528268859328406171e+00,4.219902184702198689e+00,5.242211980364129831e-01
2.877000008577504195e+04,1.507394928038165327e+00,4.577722250376875301e+00,7.112087895166586682e-01
2.878000008580485519e+04,1.538207728359043847e+00,4.268032649873885198e+00,6.219189051056034367e-01
2.879000008583466843e+04,1.473069141510220836e+00,4.371263181427846867e+00,4.668670637622304165e-01
2.880000008586448530e+04,1.525722436846432828e+00,4.181227256412971549e+00,6.976337903138795093e-01
2.881000008589429854e+04,1.400027430960538499e+00,4.172431745287266125e+00,7.091511269086739899e-01
2.882000008592411177e+04,1.515816533247966724e+00,4.474295864917958276e+00,7.931164981552533133e-01
2.883000008595392501e+04,1.498968707899980046e+00,4.298966043340724852e+00,9.123388015929905226e-01
2.884000008598374188e+04,1.575877886658089144e+00,4.386699586098599113e+00,5.963226164424714204e-01
2.885000008601355512e+04,1.491201936269977768e+00,4.190481769966180714e+00,3.706596082267094583e-01
2.886000008604336836e+04,1.559848602887774049e+00,4.214370306647580833e+00,6.065770847396860788e-01
2.887000008607318159e+04,1.572854523172922292e+00,4.550526383380423034e+00,8.420713219480192580e-01
2.888000008610299483e+04,1.481063546039842915e+00,4.394028600659305894e+00,4.583390685586057889e-01
2.889000008613281170e+04,1.561131096061750823e+00,4.231041495470933889e+00,4.101227374488000677e-01
2.890000008616262494e+04,1.559541481937291030e+00,4.318980605831653996e+00,7.435342790721927164e-01
2.891000008619243818e+04,1.661338567828887447e+00,4.466925605425189794e+00,8.448770775786356158e-01
2.892000008622225141e+04,1.472966025940373180e+00,4.368623161102100028e+00,5.987543840646496474e-01
2.893000008625206829e+04,1.594861421249496036e+00,4.305336176881710664e+00,7.643585492154073568e-01
2.894000008628188152e+04,1.535090112949614394e+00,4.325350158897622421e+00,9.673081591866454776e-01
2.895000008631169476e+04,1.702200995505227743e+00,4.238771090981520828e+00,7.773436215624185408e-01
2.896000008634150799e+04,1.609976708925313194e+00,4.261736854735648450e+00,8.540841790003764755e-01
2.897000008637132487e+04,1.640030776799918044e+00,4.276874424703255961e+00,7.540210631737491731e-01
2.898000008640113811e+04,1.680084119648815877e+00,4.445321243932778721e+00,1.000576830368895553e+00
2.899000008643095134e+04,1.669008315394241659e+00,4.209267814250531536e+00,7.779176963226505093e-01
2.900000008646076458e+04,1.600103113877002770e+00,4.273474159221518853e+00,7.209450492830596913e-01
2.901000008649057781e+04,1.576644214129181432e+00,4.434153928554684043e+00,1.242662208629085274e+00
2.902000008652039469e+04,1.481745801946502850e+00,4.132382109275853033e+00,7.502781552530840559e-01
2.903000008655020793e+04,1.552467382345605662e+00,4.262762431049290868e+00,8.876848954645059075e-01
2.904000008658002116e+04,1.574273537300482584e+00,4.204682747860574388e+00,8.506782169117905745e-01
2.905000008660983440e+04,1.645647691688065128e+00,4.161756200300330555e+00,7.231863563371691006e-01
2.906000008663965127e+04,1.570004716528472510e+00,4.177797171461766546e+00,6.906436924399613764e-01
2.907000008666946451e+04,1.550284107257847044e+00,4.165073910443465088e+00,6.044978005832271073e-01
2.908000008669927774e+04,1.593706108586707026e+00,4.129838650713043791e+00,2.857352165654201137e-01
2.909000008672909098e+04,1.524465762265254876e+00,4.357273599334654968e+00,7.340677134836323114e-01
2.910000008675890422e+04,1.582045263467025231e+00,4.171543673755484072e+00,6.034112239014824963e-01
2.911000008678872109e+04,1.526849972837661218e+00,4.350705176226831838e+00,8.571684234077913134e-01
2.912000008681853433e+04,1.598029623004495470e+00,4.406519748763641608e+00,8.333839700032551479e-01
2.913000008684834756e+04,1.661218741949752831e+00,4.238558051697158824e+00,4.602560712106908980e-01
2.914000008687816080e+04,1.685278425356643295e+00,4.189086061496109181e+00,3.810758076727790988e-01
2.915000008690797767e+04,1.643365101383537086e+00,4.384266542924883936e+00,5.427835816608846953e-01
2.916000008693779091e+04,1.595701368747695303e+00,4.260279817982911332e+00,3.962368342387622144e-01
2.917000008696760415e+04,1.526426369310756703e+00,4.787038621359066326e+00,8.694809330599765351e-01
2.918000008699741738e+04,1.515392142693425814e+00,4.340182801317690853e+00,8.130071603040882611e-01
2.919000008702723062e+04,1.580199457221158177e+00,4.350871016586243201e+00,4.371108113322889066e-01
2.920000008705704749e+04,1.508798839251384694e+00,4.352494769216452397e+00,4.821229485036897522e-01
2.921000008708686073e+04,1.461212349005755140e+00,4.167362710336943721e+00,4.485020138519208999e-01
2.922000008711667397e+04,1.596539021782349410e+00,4.107048378833112245e+00,3.401193390175080156e-01
2.923000008714648720e+04,1.558006442333667918e+00,4.078446224533891495e+00,5.824164022910516270e-01
2.924000008717630408e+04,1.583391162721243806e+00,4.038554207722259370e+00,5.502376121108446538e-01
2.925000008720611731e+04,1.556672285412953771e+00,4.352710013600334271e+00,4.087688113044558591e-01
2.926000008723593055e+04,1.625296360012989938e+00,4.136893400483578453e+00,4.124590607668970343e-01
2.927000008726574379e+04,1.688992883646736498e+00,4.139298717241723935e+00,4.430180469629699247e-01
2.928000008729556066e+04,1.586189963422160343e+00,4.445057916012872035e+00,1.006030093177372464e+00
2.929000008732537390e+04,1.605528442817722334e+00,4.184153491591530383e+00,6.614463832985180147e-01
2.930000008735518713e+04,1.572414671452610380e+00,4.245222003594260940e+00,9.224217628783991652e-01
2.931000008738500037e+04,1.565662387162745972e+00,4.219649888413270489e+00,7.757218511312813369e-01
2.932000008741481361e+04,1.509847700030557460e+00,4.429040097710370993e+00,6.813163705599901698e-01
2.933000008744463048e+04,1.613284970188615164e+00,4.218013997102731949e+00,4.955555305641270447e-01
2.934000008747444372e+04,1.565899713504871338e+00,4.443216097792953789e+00,7.960304301708234220e-01
2.935000008750425695e+04,1.578254676710402871e+00,4.382100954855638442e+00,5.823724012302069486e-01
2.936000008753407019e+04,1.634627980910577927e+00,4.166243476618219255e+00,5.201308623985901880e-01
2.937000008756388706e+04,1.658991984975974887e+00,4.104540266078207544e+00,2.682127643393997229e-01
2.938000008759370030e+04,1.673360398939409910e+00,4.229778877266666015e+00,6.452162518284815240e-01
2.939000008762351354e+04,1.617974103918682571e+00,4.310914493884621557e+00,7.822114345801205459e-01
2.940000008765332677e+04,1.570789847077086687e+00,4.072639976574823351e+00,5.883831317664977023e-01
2.941000008768314001e+04,1.607226028704098919e+00,4.147274400526817395e+00,1.979657682198950608e-01
2.942000008771295688e+04,1.567094848469193558e+00,4.115169455408903332e+00,4.232522925891550325e-01
2.943000008774277012e+04,1.632006230162700966e+00,4.131232871323821776e+00,3.754794504396261612e-01
2.944000008777258336e+04,1.626138797299812921e+00,4.236264033390070516e+00,4.434095690834070069e-01
2.945000008780239659e+04,1.693635797515634200e+00,4.122820748979817651e+00,5.028594272873189164e-01
2.946000008783221347e+04,1.603416116988727325e+00,4.184556467935921731e+00,3.631752213457125622e-01
2.947000008786202670e+04,1.613535059001514504e+00,4.183052909439620493e+00,2.022278720307079947e-01
2.948000008789183994e+04,1.611280969460285650e+00,4.365056603531707324e+00,5.932514930152440469e-01
2.949000008792165318e+04,1.609895573313033346e+00,4.127717114908907803e+00,3.213803178979441899e-01
2.950000008795146641e+04,1.554518787857213091e+00,4.224622446680712962e+00,3.943105337222320705e-01
2.951000008798128329e+04,1.631919388272221605e+00,4.132824644915377377e+00,7.024758950809992797e-01
2.952000008801109652e+04,1.532020580779250185e+00,4.359431151940087013e+00,3.467726543662676963e-01
2.953000008804090976e+04,1.575400770773396353e+00,4.349747447966754166e+00,8.555013940676694517e-01
2.954000008807072300e+04,1.551700930657808675e+00,4.279235501955885645e+00,4.004192482965899247e-01
2.955000008810053987e+04,1.485729460734280805e+00,4.394616146693427261e+00,5.713318831694091937e-01
2.956000008813035311e+04,1.597331688383474502e+00,4.578529040567574704e+00,6.417107556384026301e-01
2.957000008816016634e+04,1.583898435178270336e+00,4.250418919778406135e+00,6.550582786521296219e-01
2.958000008818997958e+04,1.553273112672442613e+00,4.145913944356276026e+00,4.618459760104365874e-01
2.959000008821979645e+04,1.606281852889976047e+00,4.072751072989998278e+00,2.446635386376223853e-01
2.960000008824960969e+04,1.576711554878124533e+00,4.143552657896915292e+00,4.469710672864951606e-01
2.961000008827942293e+04,1.555678285040284825e+00,4.389349333907272666e+00,5.626317364824602318e-01
2.962000008830923616e+04,1.551616060480027759e+00,4.288261213639341207e+00,8.221346895321545167e-01
2.963000008833904940e+04,1.502040911930086819e+00,4.346426493250524992e+00,5.286110439499359659e-01
2.964000008836886627e+04,1.568934257742308436e+00,4.381393231572476843e+00,6.633311781310690103e-01
2.965000008839867951e+04,1.441741251320887818e+00,4.486341389426561577e+00,5.165067119049866484e-01
2.966000008842849275e+04,1.539260572943826011e+00,4.225071881192087098e+00,4.094698914000944878e-01
2.967000008845830598e+04,1.511214617886147193e+00,4.252231690191282887e+00,5.133738762879569428e-01
2.968000008848812286e+04,1.551605496169293996e+00,4.255636101400559923e+00,7.570615709482337863e-01
2.969000008851793609e+04,1.543262283705442384e+00,4.218781378675959814e+00,4.983744360837326637e-01
2.970000008854774933e+04,1.509859172107946623e+00,4.251716495945707663e+00,6.232557643932744584e-01
2.971000008857756256e+04,1.524774554615468292e+00,4.306705829797551566e+00,6.269379966829106143e-01
2.972000008860737580e+04,1.520931255446313246e+00,4.301239987914417640e+00,3.924339331467434633e-01
2.973000008863719268e+04,1.545267317812373475e+00,4.334114100939998160e+00,8.028739152973013438e-01
2.974000008866700591e+04,1.556882906802621092e+00,4.178802650752427184e+00,6.360014138994380950e-01
2.975000008869681915e+04,1.640549931548089591e+00,4.333812665486436622e+00,2.423222582350965104e-01
2.976000008872663238e+04,1.587285527443975885e+00,4.367533819005434026e+00,6.300992128076235987e-01
2.977000008875644926e+04,1.592324155299911226e+00,4.423543569993211300e+00,4.345460692508480993e-01
2.978000008878626249e+04,1.641115048759704598e+00,4.432041693788799641e+00,5.529994347451108183e-01
2.979000008881607573e+04,1.660319515968273318e+00,4.434976194221326828e+00,7.370460714656804635e-01
2.980000008884588897e+04,1.669184667836488112e+00,4.275008320907264903e+00,5.642563072097274146e-01
2.981000008887570220e+04,1.558122194152764539e+00,4.147805976741673284e+00,5.064560329364096170e-01
2.982000008890551908e+04,1.558463138775374013e+00,4.361828069082800852e+00,5.407975019381409121e-01
2.983000008893533231e+04,1.548775096429409803e+00,4.075340242806396951e+00,5.158167512281214284e-01
2.984000008896514555e+04,1.516691240874577185e+00,4.098120522673761812e+00,7.634022357713673435e-01
2.985000008899495879e+04,1.624510404498854088e+00,4.196766090520577919e+00,7.058793094638168286e-01
2.986000008902477566e+04,1.633842164275747910e+00,4.043222726554025037e+00,5.686718406759729838e-01
2.987000008905458890e+04,1.643142723169262576e+00,3.892651320370604573e+00,3.245563315418270034e-01
2.988000008908440213e+04,1.636839076742223398e+00,3.968365813455786650e+00,6.207358839429487629e-01
2.989000008911421537e+04,1.662716414998341552e+00,3.981606793608181150e+00,6.251802749455965813e-01
2.990000008914403224e+04,1.574490437395571485e+00,4.006879383171105147e+00,8.585939804688591526e-01
2.991000008917384548e+04,1.574470505829765221e+00,3.914418123712608111e+00,7.241807754029414568e-01
2.992000008920365872e+04,1.623291701781358620e+00,3.931242313969550484e+00,4.364394487365352848e-01
2.993000008923347195e+04,1.654050729497136718e+00,4.122017051741064364e+00,2.637824811645254619e-01
2.994000008926328519e+04,1.621395833523087138e+00,4.136852581227326908e+00,5.090790965468835472e-01
2.995000008929310206e+04,1.575796735385016634e+00,3.794606142964316309e+00,6.115637941298985858e-01
2.996000008932291530e+04,1.714539752389258931e+00,4.114403267856439506e+00,5.496213434058065950e-01
2.997000008935272854e+04,1.651583847969380958e+00,4.027444213579908450e+00,3.333252028991179894e-01
2.998000008938254177e+04,1.634239974403950857e+00,4.019902063409013238e+00,1.284094494145848475e-01
2.999000008941235865e+04,1.642850628439405325e+00,4.082223488972485548e+00,5.957524737915741442e-01
3.000000008944217188e+04,1.683352287072327202e+00,4.004370091904824847e+00,4.795549882888729409e-01
3.001000008947198512e+04,1.686422656144509036e+00,4.110249248748242046e+00,6.683571181867776767e-01
3.002000008950179836e+04,1.676494670997115355e+00,4.241533516237610435e+00,8.955682532713494792e-01
3.003000008953161159e+04,1.666523653362053103e+00,4.196324478804713820e+00,3.340563718228534706e-01
3.004000008956142847e+04,1.697841022619300588e+00,4.100759853986586378e+00,2.916239286674877085e-01
3.005000008959124170e+04,1.757153397845504950e+00,4.148501569635415720e+00,3.096215533179245694e-01
3.006000008962105494e+04,1.605677569384390324e+00,4.218302691410671379e+00,5.777539632449041340e-01
3.007000008965086818e+04,1.649408901760963886e+00,4.179944472138023670e+00,5.974293016503123832e-01
3.008000008968068505e+04,1.673413834174122483e+00,4.015389761018864689e+00,2.882281080600808676e-01
3.009000008971049829e+04,1.613636328968296452e+00,4.073163437452205216e+00,7.551691314121937726e-01
3.010000008974031152e+04,1.558428456662480199e+00,4.205885100510363017e+00,8.333960053096316489e-01
3.011000008977012476e+04,1.494537213778800444e+00,4.218275224298223769e+00,5.961588819111642845e-01
3.012000008979993800e+04,1.546284453381711721e+00,4.213171011951884815e+00,4.320527908383998139e-01
3.013000008982975487e+04,1.507443214010547372e+00,4.096882377602013570e+00,6.041216219425348255e-01
3.014000008985956811e+04,1.631908223892946541e+00,4.160893435125925244e+00,4.844284187564147914e-01
3.015000008988938134e+04,1.667805511976023336e+00,4.087012671461765834e+00,4.110048356650622958e-01
3.016000008991919458e+04,1.625055079625480792e+00,4.154932423240369488e+00,5.714046556405013577e-01
3.017000008994901145e+04,1.765635601170495894e+00,3.973696487116437748e+00,1.488214479584922534e-01
3.018000008997882469e+04,1.579650331735723778e+00,4.100422881029538225e+00,5.147185854352060996e-01
3.019000009000863793e+04,1.661153897778249400e+00,4.071782322949646371e+00,1.943194692653887889e-01
3.020000009003845116e+04,1.789101919565752929e+00,4.173149557439066015e+00,4.553892617312899627e-01
3.021000009006826440e+04,1.734769218871993424e+00,4.171009067480465404e+00,3.532188717619588192e-01
3.022000009009808127e+04,1.736426878502977500e+00,4.164634246680776641e+00,5.113189110316032071e-01
3.023000009012789451e+04,1.688642645258361163e+00,4.071650943039999859e+00,3.896152583884746612e-01
3.024000009015770775e+04,1.785256317516071833e+00,4.192089184471499586e+00,2.866081526383315592e-01
3.025000009018752098e+04,1.794627797619816167e+00,4.158362927470442116e+00,6.266576937992583973e-01
3.026000009021733786e+04,1.736301374080226667e+00,4.259004867147484497e+00,6.878628715562377094e-01
3.027000009024715109e+04,1.739493424112876774e+00,4.235777118847376066e+00,4.559408307405267702e-01
3.028000009027696433e+04,1.784180861144988972e+00,4.481810515415411977e+00,7.791286936575296806e-01
3.029000009030677757e+04,1.798195642524966997e+00,4.472158729810037592e+00,8.575684557304239508e-01
3.030000009033659444e+04,1.715650755784271064e+00,4.301705261591346918e+00,5.672057779619618101e-01
3.031000009036640768e+04,1.738468542552985774e+00,4.319200452559513792e+00,8.355430867099167269e-01
3.032000009039622091e+04,1.835389403786001905e+00,4.465652060802475454e+00,7.367516468154134968e-01
3.033000009042603415e+04,1.682305553537708276e+00,4.501628942478156148e+00,8.103718608063809059e-01
3.034000009045584738e+04,1.659719314788068445e+00,4.419666540421565593e+00,9.101876153233138256e-01
3.035000009048566426e+04,1.692625332089852774e+00,4.430197538000843593e+00,5.147789348247274743e-01
3.036000009051547750e+04,1.676487136844913017e+00,4.513927272518509781e+00,6.590198735644322570e-01
3.037000009054529073e+04,1.707157244567101051e+00,4.721247311844285477e+00,8.743242453788088175e-01
3.038000009057510397e+04,1.677175370005943966e+00,4.541562677324158415e+00,1.121931827790007441e+00
3.039000009060492084e+04,1.671423272619981581e+00,4.595897311331206048e+00,7.321871308811921386e-01
3.040000009063473408e+04,1.646935119231454969e+00,4.103553496976103609e+00,3.299160049601091438e-01
3.041000009066454732e+04,1.705397423879762453e+00,4.501905263757000064e+00,1.254092342362080226e+00
3.042000009069436055e+04,1.716402066586950603e+00,4.291017164678867957e+00,9.362086208889746075e-01
3.043000009072417379e+04,1.846219509020394778e+00,4.183308104509691816e+00,5.758806021562340449e-01
3.044000009075399066e+04,1.775033755815101921e+00,4.112764890874778700e+00,9.145471310314801094e-01
3.045000009078380390e+04,1.788172352748089722e+00,4.356564318650379519e+00,2.853085509392250252e-01
3.046000009081361713e+04,1.669806438881612287e+00,4.155595139493676982e+00,3.368528977814516656e-01
3.047000009084343037e+04,1.755937709003267511e+00,4.203747036605049558e+00,4.252688598602350489e-01
3.048000009087324725e+04,1.824482310467866020e+00,4.226794643429330200e+00,5.488595296426671544e-01
3.049000009090306048e+04,1.722759193800672994e+00,4.016735936490125169e+00,6.490660550857353384e-01
3.050000009093287372e+04,1.823417689849361034e+00,4.357882095952628099e+00,1.248827972103137673e+00
3.051000009096268695e+04,1.732554507279582712e+00,4.007638085998189936e+00,6.092271134837488056e-01
3.052000009099250019e+04,1.791790361841812285e+00,4.211476407384139087e+00,6.993652542104918934e-01
3.053000009102231706e+04,1.708927234590709388e+00,4.096608788469516149e+00,7.346438203169937120e-01
3.054000009105213030e+04,1.666834324940643652e+00,4.363455151701629120e+00,6.279836922748330830e-01
3.055000009108194354e+04,1.670538804514597020e+00,4.138070079270423918e+00,6.753675857824495976e-01
3.056000009111175677e+04,1.690181105608653089e+00,4.246191182425032018e+00,8.081111891093532007e-01
3.057000009114157365e+04,1.678397717635047526e+00,4.126504904609282320e+00,3.559424950532881771e-01
3.058000009117138688e+04,1.628569091437054084e+00,4.101138178362321085e+00,6.867227918603857617e-01
3.059000009120120012e+04,1.756138614624558336e+00,4.086035372556099610e+00,9.383509864145868073e-01
3.060000009123101336e+04,1.650870523143955548e+00,4.244574709763529796e+00,1.004495663851549647e+00
3.061000009126083023e+04,1.695520397027402648e+00,4.209542408516902867e+00,8.734284450394215193e-01
3.062000009129064347e+04,1.624863698649293919e+00,4.002175600532602573e+00,4.079045155866518613e-01
3.063000009132045670e+04,1.644842073365557988e+00,4.169888805537573795e+00,7.943912291908969969e-01
3.064000009135026994e+04,1.772110311910372715e+00,3.957327911001255583e+00,6.427434198996321291e-01
3.065000009138008318e+04,1.715552759727553500e+00,3.901447324595069599e+00,7.072264475375558135e-01
3.066000009140990005e+04,1.698411085720524571e+00,4.026339110634348906e+00,4.782485712688184787e-01
3.067000009143971329e+04,1.675830625448179845e+00,4.159434821231083212e+00,5.378675396336106695e-01
3.068000009146952652e+04,1.660735013172502272e+00,4.074751524371357014e+00,2.991235509673297321e-01
3.069000009149933976e+04,1.726874237060824768e+00,4.091166194109997711e+00,6.273363063083287061e-01
3.070000009152915663e+04,1.655176496824819488e+00,4.197617093341764694e+00,8.114313948807507781e-01
3.071000009155896987e+04,1.695027518606379902e+00,3.922524548599081395e+00,5.618212894137568636e-01
3.072000009158878311e+04,1.664501666108596734e+00,4.073446681379317091e+00,7.584946199711805059e-01
3.073000009161859634e+04,1.529426509156326164e+00,4.117112206977145306e+00,7.215695672654298676e-01
3.074000009164840958e+04,1.566056874007080157e+00,4.234668804061662684e+00,7.954727025272926300e-01
3.075000009167822645e+04,1.637034694874920149e+00,4.201375401617804428e+00,1.089864570650281417e+00
3.076000009170803969e+04,1.634268642379295144e+00,4.447224620005187035e+00,8.908971656552442386e-01
3.077000009173785293e+04,1.609976930376057380e+00,4.226247728532739778e+00,1.019691487122233342e+00
3.078000009176766616e+04,1.623616854753180849e+00,4.275242855528797570e+00,2.435377673302016599e-01
3.079000009179748304e+04,1.630722640412666680e+00,4.339399846452547393e+00,4.954512178395783506e-01
3.080000009182729627e+04,1.616940092927745987e+00,4.325597467410723596e+00,5.745704333211155701e-01
3.081000009185710951e+04,1.623445711819349713e+00,4.293009846925598616e+00,6.277783229177045232e-01
3.082000009188692275e+04,1.561015940517959333e+00,4.318484662504292970e+00,5.996432785752653372e-01
3.083000009191673598e+04,1.675525877531750973e+00,4.395190327815940101e+00,8.860820343637576535e-01
3.084000009194655286e+04,1.680481432166090805e+00,4.475737700953550835e+00,8.920008102809134920e-01
3.085000009197636609e+04,1.669835630394414405e+00,4.289033654314762245e+00,7.476686022112813967e-01
3.086000009200617933e+04,1.721141131734214902e+00,4.247799186625146994e+00,5.639784321956107238e-01
3.087000009203599257e+04,1.723718066386401571e+00,4.367127070224327667e+00,6.715927355691191369e-01
3.088000009206580944e+04,1.796460507724926048e+00,3.997009202425212404e+00,4.664113292125689481e-01
3.089000009209562268e+04,1.689791616417464004e+00,4.322990563148642273e+00,8.309826670759126177e-01
3.090000009212543591e+04,1.826438450776342259e+00,4.451325115187297676e+00,7.251024476559226883e-01
3.091000009215524915e+04,1.762032963402916153e+00,4.293782455766039341e+00,5.768120835128426327e-01
3.092000009218506602e+04,1.734718924536802653e+00,4.335616592852382212e+00,5.061218242524371247e-01
3.093000009221487926e+04,1.696786622025378444e+00,4.442593842022318995e+00,6.264404699126810971e-01
3.094000009224469250e+04,1.776259408725590516e+00,4.470479744301627534e+00,6.055767649154969456e-01
3.095000009227450573e+04,1.756168130927197701e+00,4.486564975678827949e+00,1.063457536567717465e+00
3.096000009230431897e+04,1.625259728543889670e+00,4.433470303496255482e+00,7.056201170636879905e-01
3.097000009233413584e+04,1.638219692086930523e+00,4.206688125339225870e+00,4.505709649498773617e-01
3.098000009236394908e+04,1.744729879353327018e+00,4.345949702609726017e+00,5.218779021125407036e-01
3.099000009239376232e+04,1.656523575963364747e+00,4.424411400419524298e+00,7.645313776303446218e-01
3.100000009242357555e+04,1.736821040640372127e+00,4.428229907517966524e+00,6.705416498700342842e-01
3.101000009245339243e+04,1.697947727986734323e+00,4.644109971450800955e+00,9.204009959628726145e-01
3.102000009248320566e+04,1.724244763848121975e+00,4.426954325913814436e+00,4.405664335319238734e-01
3.103000009251301890e+04,1.667730038879353227e+00,4.372767374959584785e+00,7.196309137145685542e-01
3.104000009254283214e+04,1.683112469864931793e+00,4.081474137231044352e+00,5.544869849792273264e-01
3.105000009257264537e+04,1.668730819856883985e+00,4.074805437804294606e+00,3.652973105593584346e-01
3.106000009260246225e+04,1.664289076710810278e+00,4.073971011611851267e+00,3.855205336830200835e-01
3.107000009263227548e+04,1.658401192103339472e+00,4.552647823440706176e+00,7.794549830504780008e-01
3.108000009266208872e+04,1.594889996870530791e+00,4.481015210410649985e+00,9.116684490631266069e-01
3.109000009269190195e+04,1.603314639692176691e+00,4.315339368971049083e+00,7.114374621974228763e-01
3.110000009272171883e+04,1.714100280135544274e+00,4.354224000955161600e+00,5.177917770451311297e-01
3.111000009275153207e+04,1.694412335778611167e+00,4.280908773866339168e+00,3.214663801199667548e-01
3.112000009278134530e+04,1.821076548161202124e+00,4.424462115996056433e+00,6.715816282375627333e-01
3.113000009281115854e+04,1.794090311510049496e+00,4.161202138475643686e+00,5.320393486893242319e-01
3.114000009284097177e+04,1.760649211923372537e+00,4.162059629789632176e+00,6.015997608879449787e-01
3.115000009287078865e+04,1.806821449523771328e+00,4.304195917053279530e+00,3.989773337208175619e-01
3.116000009290060189e+04,1.828135047540657254e+00,4.197089115116390268e+00,4.637200726642061732e-01
3.117000009293041512e+04,1.722324636159039857e+00,4.328875070939270486e+00,6.154192872764513433e-01
3.118000009296022836e+04,1.768625991360780247e+00,4.292698290962747798e+00,4.846469128867931242e-01
3.119000009299004523e+04,1.814294499925795945e+00,4.233120238103203370e+00,6.967430486630465936e-01
3.120000009301985847e+04,1.685284219883899093e+00,4.178937056859592936e+00,5.599033016141056196e-01
3.121000009304967170e+04,1.729136807404426213e+00,4.104043054771603138e+00,4.245052341634807935e-01
3.122000009307948494e+04,1.691136332371774964e+00,3.979628928917380293e+00,3.812263122263174209e-01
3.123000009310930182e+04,1.697414358337621554e+00,3.962359502904022612e+00,7.085904493062317178e-01
3.124000009313911505e+04,1.647597676398456557e+00,4.222517906999094350e+00,5.720732097329979116e-01
3.125000009316892829e+04,1.738498779069850508e+00,3.943503068636474485e+00,4.532560791712125225e-01
3.126000009319874152e+04,1.762346381315589960e+00,4.111242000097688809e+00,5.538083503586636036e-01
3.127000009322855476e+04,1.767299407167395975e+00,4.178394132222179813e+00,7.731933419125393003e-01
3.128000009325837163e+04,1.838889931747188067e+00,3.984106400868746345e+00,6.291359025192697629e-01
3.129000009328818487e+04,1.729617538431338586e+00,4.080732369397376047e+00,7.312960602537753596e-01
3.130000009331799811e+04,1.630243213452895690e+00,4.207565765346933162e+00,6.748887522788878934e-01
3.131000009334781134e+04,1.633208893919330995e+00,4.174771458887287956e+00,1.046899119064378825e+00
3.132000009337762822e+04,1.683021679789544534e+00,4.157889704684043508e+00,6.744719320691283659e-01
3.133000009340744145e+04,1.681071285602599774e+00,4.289285371483561704e+00,5.272583335621738865e-01
3.134000009343725469e+04,1.795624926033405844e+00,4.131049423657780828e+00,4.103562656441166467e-01
3.135000009346706793e+04,1.701390173772728165e+00,4.299381139437157273e+00,3.642575540961475178e-01
3.136000009349688116e+04,1.754911822968026947e+00,4.110633994285723070e+00,6.326000464392158573e-01
3.137000009352669804e+04,1.744521207591593903e+00,4.100823506972011145e+00,1.431135255063824552e-01
3.138000009355651127e+04,1.691026402918760496e+00,4.224731384625989961e+00,4.741351362296207239e-01
3.139000009358632451e+04,1.669082115396725241e+00,4.466834116349446049e+00,7.019893092019955372e-01
3.140000009361613775e+04,1.680243199301042267e+00,4.422243556819247523e+00,7.712080720085408014e-01
3.141000009364595462e+04,1.630969581001812330e+00,4.479917801315168369e+00,9.423910946778327746e-01
3.142000009367576786e+04,1.677012775541730116e+00,4.538101760236435744e+00,1.234835914063539208e+00
3.143000009370558109e+04,1.692476269844005232e+00,4.633594796634415758e+00,1.158125217164466036e+00
3.144000009373539433e+04,1.700484012844970305e+00,4.422108136486526675e+00,1.008899810028248467e+00
3.145000009376520757e+04,1.761978843427512320e+00,4.468718493149975934e+00,7.118475919307569733e-01
3.146000009379502444e+04,1.751267478589274340e+00,4.296511695916631624e+00,9.503735034889403410e-01
3.147000009382483768e+04,1.677797589050506355e+00,4.577776788872243152e+00,1.055707041932327783e+00
3.148000009385465091e+04,1.717701114372980342e+00,4.709892414527558913e+00,1.382432817803880720e+00
3.149000009388446415e+04,1.770272326156661080e+00,4.529378406367375653e+00,1.349024132909885543e+00
3.150000009391428102e+04,1.740090119463751472e+00,4.257392897967551271e+00,6.421144076196450001e-01
3.151000009394409426e+04,1.649820909208485675e+00,4.558271121420025551e+00,9.836942879174594978e-01
3.152000009397390750e+04,1.624144437852958589e+00,4.500994446209696243e+00,8.924196244004581891e-01
3.153000009400372073e+04,1.695209153756520370e+00,4.441799871920316889e+00,5.775154540123905722e-01
3.154000009403353397e+04,1.667917367002926365e+00,4.372567484233961466e+00,6.664321285904799552e-01
3.155000009406335084e+04,1.662033181626806133e+00,4.571496754074991564e+00,1.033699148025819303e+00
3.156000009409316408e+04,1.705565114794364456e+00,4.369448075162922329e+00,5.046925303326195156e-01
3.157000009412297732e+04,1.671581948709109922e+00,4.377689904534844523e+00,8.110924146583394778e-01
3.158000009415279055e+04,1.713220929020481176e+00,4.230818813778440379e+00,5.557142070576948090e-01
3.159000009418260743e+04,1.639421265726315191e+00,4.210729869283095006e+00,7.392214696977128519e-01
3.160000009421242066e+04,1.720745996311787263e+00,4.207745921656835364e+00,2.371272616980257542e-01
3.161000009424223390e+04,1.661456788652027727e+00,4.151125286111215118e+00,5.114917721067668843e-01
3.162000009427204714e+04,1.608330476540103859e+00,4.297478142156295533e+00,9.613791219231204721e-01
3.163000009430186401e+04,1.657580684784867753e+00,4.003800559342234777e+00,4.691856198328836491e-01
3.164000009433167725e+04,1.629260890433130493e+00,4.272979494807617407e+00,4.495435571127128216e-01
3.165000009436149048e+04,1.633955978152291211e+00,4.313755127602569850e+00,5.502320346851464761e-01
3.166000009439130372e+04,1.691318643150564904e+00,4.284954333259494597e+00,7.517875940665491585e-01
3.167000009442111696e+04,1.628255295933546343e+00,4.483139632106589723e+00,6.573233004686090952e-01
3.168000009445093383e+04,1.559722915855898506e+00,4.225291746590858821e+00,2.530186387682634708e-01
3.169000009448074707e+04,1.676667532110029057e+00,4.431491681696945406e+00,6.822375816163740447e-01
3.170000009451056030e+04,1.634735193456595015e+00,4.303426892978721163e+00,5.185422392820966397e-01
3.171000009454037354e+04,1.692116833402490528e+00,4.189594873910571948e+00,2.778146159282457450e-01
3.172000009457019041e+04,1.662730377209019172e+00,4.352861714587970887e+00,2.490942457525996134e-01
3.173000009460000365e+04,1.725190210260368007e+00,4.396942539613899470e+00,5.806724016767593755e-01
3.174000009462981689e+04,1.770674674009502514e+00,4.400379900411665268e+00,5.995057348929723195e-01
3.175000009465963012e+04,1.795389438569837459e+00,4.288477778007974806e+00,5.246528024309510263e-01
3.176000009468944336e+04,1.782038647748007687e+00,4.195268345905653007e+00,5.581152683369207113e-01
3.177000009471926023e+04,1.688108064933978358e+00,4.305879389984052175e+00,4.479589036652570355e-01
3.178000009474907347e+04,1.715860988473218107e+00,4.241004442720189616e+00,4.700071904313795623e-01
3.179000009477888671e+04,1.656002439288406292e+00,4.448755371888829302e+00,7.044713956927086684e-01
3.180000009480869994e+04,1.749057906406854324e+00,4.317178826256266255e+00,8.220168644548498937e-01
3.181000009483851682e+04,1.804243723660959420e+00,4.078111177752719030e+00,7.393224632271774288e-01
3.182000009486833005e+04,1.800904124633031733e+00,4.163897030128198118e+00,5.067361998657865518e-01
3.183000009489814329e+04,1.760117763291650261e+00,4.040430248311951189e+00,5.389159262012415130e-01
3.184000009492795652e+04,1.772828427508573279e+00,4.194564418928196758e+00,5.443980192953132846e-01
3.185000009495776976e+04,1.684288516387888235e+00,4.071501715864155990e+00,5.929548274255286300e-01
3.186000009498758664e+04,1.725520387410963918e+00,4.263190342780835529e+00,6.271355616825634582e-01
3.187000009501739987e+04,1.748229037030619049e+00,4.266890255115068697e+00,3.716495940899257056e-01
3.188000009504721311e+04,1.742248410780349754e+00,4.225533348370237086e+00,6.624386794748312601e-01
3.189000009507702634e+04,1.717020415015419132e+00,4.087868755708144342e+00,2.157014516783072322e-01
3.190000009510684322e+04,1.734917156202185673e+00,4.169884113997905040e+00,8.499090632384226351e-01
3.191000009513665645e+04,1.664251461581458758e+00,4.232955024808935818e+00,7.734877288998177614e-01
3.192000009516646969e+04,1.691596516252687588e+00,4.371433308957965558e+00,3.553745105097873558e-01
3.193000009519628293e+04,1.630062943668415532e+00,4.187664383529980938e+00,7.295485479126581074e-01
3.194000009522609980e+04,1.707889877142316104e+00,4.227786811352374663e+00,7.868813668313282550e-01
3.195000009525591304e+04,1.770840483714968272e+00,4.232136933172124138e+00,6.812987203790741297e-01
3.196000009528572627e+04,1.672979583527126834e+00,4.718986828413356704e+00,9.890295344404966826e-01
3.197000009531553951e+04,1.666825084049358585e+00,4.747483064175654910e+00,9.273119163174343704e-01
3.198000009534535275e+04,1.613546445485056990e+00,4.548772856752870908e+00,6.297550587915778930e-01
3.199000009537516962e+04,1.644093426405348835e+00,4.363756395667198973e+00,6.391113786911882810e-01
3.200000009540498286e+04,1.672232479822117313e+00,4.339050970052839240e+00,4.663802754643984749e-01
3.201000009543479609e+04,1.639501538905383082e+00,4.102370796303956624e+00,7.271830563475203402e-01
3.202000009546460933e+04,1.675463947653824670e+00,4.273679735770414823e+00,8.668841789527751418e-01
3.203000009549442620e+04,1.569323640339582271e+00,4.440075038916934780e+00,6.162533599190599398e-01
3.204000009552423944e+04,1.551380617467412515e+00,4.297827662090583090e+00,6.439000099969881541e-01
3.205000009555405268e+04,1.550206351870891952e+00,4.388483819972210931e+00,8.848225878077546902e-01
3.206000009558386591e+04,1.559148079264958353e+00,4.278175480032580857e+00,7.552731799066610963e-01
3.207000009561367915e+04,1.518731314555281431e+00,4.236531724515812947e+00,5.323091020587945588e-01
3.208000009564349602e+04,1.624581887259176627e+00,3.931970540324025265e+00,3.883952453909742530e-01
3.209000009567330926e+04,1.623048253953564224e+00,4.143517914972300709e+00,4.581507250826119537e-01
3.210000009570312250e+04,1.540169874191491539e+00,4.291447721292178663e+00,4.631798100910412552e-01
3.211000009573293573e+04,1.456716021239396586e+00,4.365694107194065587e+00,8.129504758436101319e-01
3.212000009576275261e+04,1.549304983318215090e+00,4.149628299513990370e+00,6.146005906137610442e-01
3.213000009579256584e+04,1.571846415181944012e+00,3.975397492877600580e+00,5.491375514620475684e-01
3.214000009582237908e+04,1.587348139502764655e+00,4.037805755240704286e+00,3.354261639405212159e-01
3.215000009585219232e+04,1.618417878051997771e+00,4.045469175874925050e+00,1.034505900041008397e+00
3.216000009588200555e+04,1.581112235972583102e+00,4.155851773711219721e+00,6.083544738511964534e-01
3.217000009591182243e+04,1.497970586732411125e+00,4.004107250154274489e+00,7.271045171564233245e-01
3.218000009594163566e+04,1.553003136796469619e+00,4.251992677376516205e+00,5.711639600963224206e-01
3.219000009597144890e+04,1.539334095840183547e+00,4.113550467391124066e+00,4.114299133960150345e-01
3.220000009600126214e+04,1.606046093497071725e+00,4.417785154925195634e+00,5.455218379647711613e-01
3.221000009603107901e+04,1.671311811668568126e+00,4.218536857066933266e+00,4.191295421537942767e-01
3.222000009606089225e+04,1.706432950247865676e+00,4.347634697369287871e+00,4.100206145188459161e-01
3.223000009609070548e+04,1.579851588039218102e+00,4.126877965740583853e+00,4.367306418354987563e-01
3.224000009612051872e+04,1.588919232448803731e+00,4.011915945242150450e+00,2.776499076392848764e-01
3.225000009615033559e+04,1.691130675727898991e+00,4.327571095266527834e+00,6.558589861106652874e-01
3.226000009618014883e+04,1.577933609407304427e+00,4.272333853104921531e+00,5.035000076338947972e-01
3.227000009620996207e+04,1.529800722894328668e+00,4.269123063042292721e+00,3.648622932254137474e-01
3.228000009623977530e+04,1.604516644094994948e+00,4.398996544313374280e+00,8.831887045669433167e-01
3.229000009626958854e+04,1.606117728268553257e+00,4.284681085811933521e+00,6.133416147121246720e-01
3.230000009629940541e+04,1.485652551280519873e+00,4.185085236666822972e+00,5.563078616845967828e-01
3.231000009632921865e+04,1.548983101890522684e+00,4.125282461845565685e+00,5.380378051053601451e-01
3.232000009635903189e+04,1.616092897286090846e+00,4.195112107317982897e+00,3.912738374884336956e-01
3.233000009638884512e+04,1.611769377666693037e+00,4.114597696268729621e+00,7.167157933746365339e-01
3.234000009641866200e+04,1.630731044513597627e+00,4.301806104753232773e+00,7.527941066047340035e-01
3.235000009644847523e+04,1.592876392851888756e+00,4.161706382945546068e+00,1.737840244720986194e-01
3.236000009647828847e+04,1.588627251731438594e+00,4.363660507544431688e+00,6.754225468094132712e-01
3.237000009650810171e+04,1.652022551470105238e+00,4.210088038133247501e+00,4.594845094478569036e-01
3.238000009653791494e+04,1.586578876546539618e+00,4.097734314369796849e+00,6.039862981789027030e-01
3.239000009656773182e+04,1.588585352707541309e+00,4.239968220657249987e+00,2.041447298951004352e-01
3.240000009659754505e+04,1.547376055237331238e+00,4.189904907448601890e+00,7.293958393297464982e-01
3.241000009662735829e+04,1.666315725029057448e+00,4.057643154515062633e+00,3.695647676012158711e-01
3.242000009665717153e+04,1.575850374989816061e+00,4.086722027348275610e+00,2.923414991794716644e-01
3.243000009668698840e+04,1.612719281613532063e+00,4.716570300691424578e+00,1.226142040651884368e+00
3.244000009671680164e+04,1.611586934995502540e+00,4.329183103959794998e+00,9.486811755794354317e-01
3.245000009674661487e+04,1.756695237374232832e+00,4.275963719411072894e+00,6.474175755323752224e-01
3.246000009677642811e+04,1.695238693056972501e+00,4.174347896560006710e+00,9.492137873672052972e-01
3.247000009680624134e+04,1.656762884334864738e+00,4.255090556087255393e+00,9.393877597777721133e-01
3.248000009683605822e+04,1.705915378538613192e+00,4.435892757189330737e+00,1.008360505214407787e+00
3.249000009686587146e+04,1.645291075160257632e+00,4.212671004387670060e+00,5.593893044150541893e-01
3.250000009689568469e+04,1.611640265576882891e+00,4.236165308277743513e+00,4.351541698394540969e-01
3.251000009692549793e+04,1.658296561427999416e+00,4.279650495358608531e+00,2.923683097567314482e-01
3.252000009695531480e+04,1.564193349310458059e+00,4.316116718258778739e+00,8.237222393098417861e-01
3.253000009698512804e+04,1.550488199867614769e+00,4.301124405907574832e+00,6.491434736041890030e-01
3.254000009701494128e+04,1.664396927719684616e+00,4.382859552502098133e+00,1.265379716966317236e+00
3.255000009704475451e+04,1.655666468516100887e+00,4.371048921009347943e+00,7.004374338795259503e-01
3.256000009707457139e+04,1.669617208619973203e+00,4.435619635963963248e+00,6.011278544498788179e-01
3.257000009710438462e+04,1.642668637192595371e+00,4.344089748392449657e+00,6.711723938852285354e-01
3.258000009713419786e+04,1.636493942549771541e+00,4.548103206581711966e+00,8.534733229988422654e-01
3.259000009716401109e+04,1.698343689641691023e+00,4.484632869522955367e+00,8.021286579725424026e-01
3.260000009719382433e+04,1.628868888739033016e+00,4.386199927242302010e+00,3.273080713599829661e-01
3.261000009722364121e+04,1.638255786226358479e+00,4.376452444785749130e+00,5.826360722610666176e-01
3.262000009725345444e+04,1.680312533264589625e+00,4.711664604254728772e+00,1.194598204765497274e+00
3.263000009728326768e+04,1.716456043077218885e+00,4.495901126009541393e+00,8.880154431732106834e-01
3.264000009731308091e+04,1.706945059382972252e+00,4.289578835851138194e+00,5.336966191975101026e-01
3.265000009734289779e+04,1.750790911598762101e+00,4.347265947095443117e+00,8.281216583839771106e-01
3.266000009737271102e+04,1.776396902802290345e+00,4.591641146606441737e+00,1.075013175820983102e+00
3.267000009740252426e+04,1.777173936894074213e+00,4.158052952690653115e+00,5.957249334425609444e-01
3.268000009743233750e+04,1.752027188200001140e+00,4.279452635436949315e+00,9.109504364385532238e-01
3.269000009746215073e+04,1.717872242543642791e+00,4.298134572866661784e+00,8.814681134681811026e-01
3.270000009749196761e+04,1.826064431724280679e+00,4.375473829722076324e+00,1.011046265156311019e+00
3.271000009752178084e+04,1.870907978421849416e+00,4.096818073941653537e+00,4.601412829284713957e-01
3.272000009755159408e+04,1.844853226693782045e+00,4.250717270955213678e+00,9.644495545726127217e-01
3.273000009758140732e+04,1.765886960543453732e+00,4.247188998802089444e+00,8.149951149590647370e-01
3.274000009761122419e+04,1.721078688286355574e+00,4.206124972728813027e+00,7.121496315593401905e-01
3.275000009764103743e+04,1.700429081302079481e+00,4.099201112192200291e+00,2.841953616259787485e-01
3.276000009767085066e+04,1.702642277393439318e+00,4.037269939328641755e+00,5.230113274109113863e-01
3.277000009770066390e+04,1.717215878118696359e+00,4.114310408403549779e+00,6.717853861125631099e-01
3.278000009773048077e+04,1.774465408157866353e+00,3.972793452973322648e+00,8.959203988767947546e-01
3.279000009776029037e+04,1.729404008308320417e+00,4.069569008101074914e+00,6.191693176266747090e-01
3.280000009779010725e+04,1.758762454667911701e+00,3.960780085182125543e+00,4.491820752021910557e-01
3.281000009781992412e+04,1.771422565377806402e+00,4.158365670009388282e+00,7.714607399872044358e-01
3.282000009784973372e+04,1.686659735871130827e+00,4.106038975885710762e+00,5.155797987890780032e-01
3.283000009787955059e+04,1.747311911982337707e+00,4.130000620769613384e+00,7.870227615949733080e-01
3.284000009790936019e+04,1.763984325137304854e+00,4.108329023846907013e+00,8.883692605786210894e-01
3.285000009793917707e+04,1.735686043467298267e+00,4.067831816350979679e+00,7.997456287314663737e-01
3.286000009796899394e+04,1.848132640196103127e+00,4.175792362570864391e+00,6.562413434541953805e-01
3.287000009799880354e+04,1.687122476477769251e+00,4.257008698329213026e+00,5.825712148478143781e-01
3.288000009802862041e+04,1.732705889446799485e+00,4.202899360178151689e+00,6.765668081887794560e-01
3.289000009805843001e+04,1.765702461422570257e+00,4.168285055112741944e+00,7.923776395654243965e-01
3.290000009808824689e+04,1.786782908337839704e+00,4.350303500871046225e+00,4.948519694481544051e-01
3.291000009811806376e+04,1.728450612058565872e+00,4.434428210451682340e+00,7.806438975803168256e-01
3.292000009814787336e+04,1.656997514572630337e+00,4.436372950631009893e+00,8.319204611651241921e-01
3.293000009817769023e+04,1.619142377215189832e+00,4.197163858169141726e+00,6.001564640802210526e-01
3.294000009820750711e+04,1.669823221455877027e+00,4.200375284734206183e+00,2.034277126263382418e-01
3.295000009823731671e+04,1.697901951745186100e+00,4.409674650288943454e+00,4.622156247882486246e-01
3.296000009826713358e+04,1.702758217133302887e+00,3.997648570758253861e+00,7.834825927721852379e-01
3.297000009829694318e+04,1.701886006371336135e+00,4.435731349103223309e+00,8.165358801335766969e-01
3.298000009832676005e+04,1.613586946325792804e+00,4.249097645813082025e+00,5.090597767809122987e-01
3.299000009835657693e+04,1.800095845461843869e+00,4.312647922683180646e+00,8.718782754368125110e-01
3.300000009838638653e+04,1.766937180194687373e+00,4.438506153053512371e+00,1.018606775842588741e+00
3.301000009841620340e+04,1.694843555944881786e+00,4.401900593865912370e+00,5.544575077976113819e-01
3.302000009844601300e+04,1.758189248563628126e+00,4.329265136751224929e+00,7.108834681363688235e-01
3.303000009847582987e+04,1.736772684413835588e+00,4.517521371875571568e+00,9.212157755891354771e-01
3.304000009850564675e+04,1.744224373074173773e+00,4.244657889140156293e+00,4.494252388401772103e-01
3.305000009853545635e+04,1.730288738335665544e+00,4.287655377693072367e+00,7.290922365586089970e-01
3.306000009856527322e+04,1.727514064909014158e+00,4.457053965047811595e+00,7.803735864238884323e-01
3.307000009859509009e+04,1.714927835862100292e+00,4.222303907094575592e+00,7.504586292769255262e-01
3.308000009862489969e+04,1.739727163109867858e+00,4.442974626957047590e+00,5.308153826007064868e-01
3.309000009865471657e+04,1.657452886439006345e+00,4.140683865059425095e+00,5.644486594977802252e-01
3.310000009868452617e+04,1.636641420196684793e+00,4.332303377236387476e+00,4.211985055074685680e-01
3.311000009871434304e+04,1.657495155030150213e+00,4.196088705570650390e+00,5.723780335104367012e-01
3.312000009874415991e+04,1.666599892868482424e+00,4.491987289265177097e+00,1.109897847586223341e+00
3.313000009877396951e+04,1.750685044042578520e+00,4.205243226898351061e+00,6.758155044361853214e-01
3.314000009880378639e+04,1.699960910785912160e+00,4.485262580335272808e+00,9.914438189652226008e-01
3.315000009883359598e+04,1.662598547859959863e+00,4.071401688923077522e+00,5.251932995364475554e-01
3.316000009886341286e+04,1.542914424236660587e+00,3.978923548324456938e+00,5.748597979361489418e-01
3.317000009889322973e+04,1.566326485012831560e+00,4.108099926834976046e+00,7.135640189700991343e-01
3.318000009892303933e+04,1.575112815387212040e+00,4.012791674638312323e+00,6.955479178329739831e-01
3.319000009895285621e+04,1.622536730906479541e+00,4.323247770131793288e+00,7.683873112567846109e-01
3.320000009898266580e+04,1.579926868389624817e+00,4.100239498842120689e+00,6.073712334187845174e-01
3.321000009901248268e+04,1.602843372112009890e+00,4.333307128229342275e+00,7.550357595451325787e-01
3.322000009904229955e+04,1.670553522900817045e+00,4.023371803698095661e+00,8.997365224726724398e-01
3.323000009907210915e+04,1.666336150036875630e+00,4.172773330860552576e+00,6.230304772976232863e-01
3.324000009910192603e+04,1.611096686971997816e+00,4.354685498366431595e+00,6.726832251415338915e-01
3.325000009913174290e+04,1.637411761261502896e+00,3.986918888634017666e+00,4.391097899550314154e-01
3.326000009916155250e+04,1.726694516032060367e+00,4.151089083315824269e+00,5.762398791260342490e-01
3.327000009919136937e+04,1.763720297149990790e+00,4.160392897893502528e+00,6.901688598161302979e-01
3.328000009922117897e+04,1.785088998949730721e+00,4.466156135566659913e+00,8.536013073865779122e-01
3.329000009925099585e+04,1.686066186377381149e+00,4.368406598353960391e+00,8.264209418912467076e-01
3.330000009928081272e+04,1.666072689456185030e+00,4.357894564825129713e+00,6.638932884477578567e-01
3.331000009931062232e+04,1.749990461140446874e+00,4.223895986909965927e+00,7.501826338140433759e-01
3.332000009934043919e+04,1.695833547867464430e+00,4.317091653486033742e+00,5.555479021125604433e-01
3.333000009937024879e+04,1.760975204344300549e+00,4.398449882443590475e+00,9.753207252597242416e-01
3.334000009940006566e+04,1.761322501400807594e+00,4.328632757731564418e+00,5.523373367576671633e-01
3.335000009942988254e+04,1.748807039153153609e+00,4.258157456254966888e+00,6.546126603666881927e-01
3.336000009945969214e+04,1.731214654423536725e+00,4.323316726823482448e+00,6.668906406059278424e-01
3.337000009948950901e+04,1.787887194634610211e+00,4.438602596806494383e+00,6.435267364749001073e-01
3.338000009951932589e+04,1.715164226614137810e+00,4.352337989603166868e+00,7.411592811789418089e-01
3.339000009954913548e+04,1.778394477597837753e+00,4.328779162861946972e+00,1.087830220044399221e+00
3.340000009957895236e+04,1.891981092691615629e+00,4.548544551550079973e+00,1.031798056223796278e+00
3.341000009960876196e+04,1.783120396696471710e+00,4.486223235631708661e+00,9.364784970543601483e-01
3.342000009963857883e+04,1.806048754142876023e+00,4.375326122512570137e+00,5.635244021622611843e-01
3.343000009966839571e+04,1.873054363109885045e+00,4.446511737887777649e+00,7.242087505252791102e-01
3.344000009969820530e+04,1.805070835515590666e+00,4.224673097294064483e+00,6.429076096750352409e-01
3.345000009972802218e+04,1.824254512112273963e+00,4.239312218506465335e+00,4.809272418784999448e-01
3.346000009975783178e+04,1.776465219419908870e+00,4.484871470246607927e+00,6.272040800248996906e-01
3.347000009978764865e+04,1.732375952095468907e+00,4.440853988497822868e+00,9.484209966197043595e-01
3.348000009981746553e+04,1.739098593009200000e+00,4.444057253735851809e+00,1.060972340474367615e+00
3.349000009984727512e+04,1.757341479004293605e+00,4.406385234951949670e+00,7.753441423996925153e-01
3.350000009987709200e+04,1.686096685940005058e+00,4.419252365197108290e+00,8.380454768337670668e-01
3.351000009990690160e+04,1.755346412394479083e+00,4.217740890696908274e+00,9.893161102183004596e-01
3.352000009993671847e+04,1.690731914065961128e+00,4.386954336615101369e+00,8.964485023699497734e-01
3.353000009996653534e+04,1.722030207770242294e+00,4.327085516956189259e+00,6.006291966022180295e-01
3.354000009999634494e+04,1.815055786307326890e+00,4.213311408735710195e+00,9.411096096947169087e-01
3.355000010002616182e+04,1.737453981810531234e+00,4.381285342569873009e+00,8.786011381142369014e-01
3.356000010005597869e+04,1.791161430673523292e+00,4.215334650772631697e+00,1.969466836862577563e-01
3.357000010008578829e+04,1.782819394062268969e+00,4.237186538618948894e+00,6.675857189927282276e-01
3.358000010011560516e+04,1.770371884916056571e+00,4.277455480646614738e+00,7.776724624688010623e-01
3.359000010014541476e+04,1.771768921584646606e+00,4.260830719830358326e+00,4.681355592554553025e-01
3.360000010017523164e+04,1.681433115802459799e+00,4.184996122158691989e+00,4.751745343949034805e-01
3.361000010020504851e+04,1.649233858935307939e+00,4.130563581904135084e+00,3.678595519954870330e-01
3.362000010023485811e+04,1.485512018733862405e+00,4.125101342828390472e+00,3.464911943987534770e-01
3.363000010026467498e+04,1.527929247224979026e+00,4.288244420798382528e+00,4.123096515546182395e-01
3.364000010029448458e+04,1.629291309116811526e+00,4.300597423665200481e+00,2.937018605923689130e-01
3.365000010032430146e+04,1.637074556390252456e+00,4.098820013921753436e+00,1.687652348708068573e-01
3.366000010035411833e+04,1.594134239373266038e+00,4.166034475311062302e+00,2.921774623171524699e-01
3.367000010038392793e+04,1.660386879163603613e+00,4.200439734647918755e+00,5.907111774452200592e-01
3.368000010041374480e+04,1.662361457492272931e+00,4.257935417175854553e+00,7.204372687429104749e-01
3.369000010044355440e+04,1.667500000273987704e+00,4.010737156008834958e+00,4.379684738806020050e-01
3.370000010047337128e+04,1.690250425931675737e+00,4.258933350181020039e+00,7.403127798342863386e-01
3.371000010050318815e+04,1.674460867810094289e+00,4.385317699521323220e+00,8.316898604004158146e-01
3.372000010053299775e+04,1.712605659791559543e+00,4.553325445818962258e+00,9.399380939812772562e-01
3.373000010056281462e+04,1.695325958239478403e+00,4.201364627205594893e+00,7.111439996092892013e-01
3.374000010059263150e+04,1.648713306109509391e+00,4.169589554121614583e+00,5.357833574807006061e-01
3.375000010062244110e+04,1.720416970246662514e+00,4.305519537622783943e+00,5.157425042830096062e-01
3.376000010065225797e+04,1.695404509673414495e+00,4.596152419034405412e+00,6.601974752844718131e-01
3.377000010068206757e+04,1.702529711475974539e+00,4.633308002214651111e+00,7.831597229890546741e-01
3.378000010071188444e+04,1.707678007929706254e+00,4.407154590040579301e+00,7.295126280095194371e-01
3.379000010074170132e+04,1.733944372638920539e+00,4.242189212841731560e+00,7.631268441060480301e-01
3.380000010077151092e+04,1.620582221836711412e+00,4.499103657726694294e+00,5.866574773976493962e-01
3.381000010080132779e+04,1.587918057639105429e+00,4.413799679927262076e+00,8.549763465442018484e-01
3.382000010083113739e+04,1.545403982861326853e+00,4.568899019942223028e+00,8.581353310193489126e-01
3.383000010086095426e+04,1.605863439575220930e+00,4.515129791052220121e+00,6.612398640790247972e-01
3.384000010089077114e+04,1.649780975786368842e+00,4.344815186068452739e+00,1.012700509752311184e+00
3.385000010092058073e+04,1.616278060556348040e+00,4.285561920648994771e+00,7.741580516096212561e-01
3.386000010095039761e+04,1.735202787742161190e+00,4.124744342859455237e+00,4.332758466821142740e-01
3.387000010098021448e+04,1.705488260552899371e+00,4.251303114145044582e+00,9.277146569461804937e-01
3.388000010101002408e+04,1.728905958773554241e+00,4.277609699990949643e+00,3.320973080001031752e-01
3.389000010103984096e+04,1.737137869049138583e+00,4.384587641023198756e+00,7.216241756022587772e-01
3.390000010106965055e+04,1.654698132719525816e+00,4.176506981872091906e+00,8.052431451906096882e-01
3.391000010109946743e+04,1.756798349638035051e+00,4.156674483280293764e+00,7.395058971240782153e-01
3.392000010112928430e+04,1.678227361913850357e+00,4.350808702231469205e+00,6.580542571722446388e-01
3.393000010115909390e+04,1.712733874081873386e+00,4.311785321390707360e+00,7.132956569457840068e-01
3.394000010118891078e+04,1.697536407057742780e+00,4.194924574981635956e+00,4.441167436409101388e-01
3.395000010121872037e+04,1.628072070852636166e+00,4.230468936012099945e+00,4.654175055756197832e-01
3.396000010124853725e+04,1.588149007152121595e+00,4.023004931843522591e+00,7.561333346046931192e-01
3.397000010127835412e+04,1.668340162005225613e+00,4.150907362308426940e+00,6.732296258011487566e-01
3.398000010130816372e+04,1.669283430881828734e+00,4.080020695314114043e+00,7.592767017259934859e-01
3.399000010133798060e+04,1.686602310283653816e+00,3.963495500010898898e+00,8.738545384554632367e-01
3.400000010136779019e+04,1.625473925645484430e+00,4.216157025932785629e+00,8.268095591618387363e-01
3.401000010139760707e+04,1.623264323887458893e+00,4.259641300931842345e+00,1.053435033789825503e+00
3.402000010142742394e+04,1.676814513788007499e+00,3.963313164156052171e+00,6.939342772824067529e-01
3.403000010145723354e+04,1.675893390017519247e+00,4.188691888598270019e+00,1.111311926035662312e+00
3.404000010148705042e+04,1.645658381107188317e+00,4.446536581906260999e+00,7.353450261795959619e-01
3.405000010151686729e+04,1.626167107432933800e+00,4.175840304043602735e+00,6.846423834537460618e-01
3.406000010154667689e+04,1.588900674546532832e+00,4.290766297651758876e+00,3.964059859767646299e-01
3.407000010157649376e+04,1.688783912026472045e+00,4.268899901714486411e+00,7.860823608444067467e-01
3.408000010160630336e+04,1.529726812464219821e+00,4.333624999211101780e+00,4.457400486765102920e-01
3.409000010163612023e+04,1.673215642504412903e+00,4.282660009171294746e+00,2.164961372343499890e-01
3.410000010166593711e+04,1.649739101923496376e+00,4.097343599618905152e+00,6.286959115218926364e-01
3.411000010169574671e+04,1.778545380554210409e+00,4.288339847612945732e+00,5.853792880474237847e-01
3.412000010172556358e+04,1.692710828543135371e+00,4.543741724171556307e+00,5.864253182205402259e-01
3.413000010175537318e+04,1.628130034856613229e+00,4.228906323888643293e+00,3.497671608062732918e-01
3.414000010178519005e+04,1.673249377803092575e+00,4.324416181911734824e+00,6.429422472105700281e-01
3.415000010181500693e+04,1.649897560975662758e+00,4.286998387324294946e+00,8.421131062061001371e-01
3.416000010184481653e+04,1.766176307778087207e+00,4.220742436182722379e+00,6.405889043982936348e-01
3.417000010187463340e+04,1.776748392408929567e+00,4.155921427186469508e+00,5.719757117850640116e-01
3.418000010190445028e+04,1.765867472739506061e+00,4.158481839467185637e+00,3.395813110824131842e-01
3.419000010193425987e+04,1.671611534399982890e+00,4.234631598647752959e+00,5.014028209151499826e-01
3.420000010196407675e+04,1.709128083974029932e+00,4.068852337649643935e+00,7.149881029885949424e-01
3.421000010199388635e+04,1.739794337805620650e+00,4.163447744581688426e+00,5.126458559816096106e-01
3.422000010202370322e+04,1.680846647331259547e+00,4.130803037214357154e+00,4.472054402692914876e-01
3.423000010205352010e+04,1.622771060609476068e+00,4.167281559702328941e+00,3.651675910160865346e-01
3.424000010208332969e+04,1.761888011045038338e+00,4.190050253874974651e+00,2.136999229038765435e-01
3.425000010211314657e+04,1.627116372316332438e+00,4.313663672368777569e+00,3.057012120391685572e-01
3.426000010214295617e+04,1.703487713615558397e+00,4.208402998353331093e+00,2.160121455262162815e-01
3.427000010217277304e+04,1.730649445064843084e+00,3.952806588043516811e+00,4.336018969119380118e-01
3.428000010220258991e+04,1.698032641982111679e+00,4.062504014151350873e+00,4.665300535148594330e-01
3.429000010223239951e+04,1.685603022829165409e+00,4.213278486699391756e+00,7.750560265561835527e-01
3.430000010226221639e+04,1.541987841504904422e+00,4.221443886855958283e+00,5.511922044983736946e-01
3.431000010229202599e+04,1.668454995901502702e+00,4.202352134079370138e+00,7.390848019523365009e-01
3.432000010232184286e+04,1.622605694048941283e+00,4.259974206368688954e+00,6.248394971721920044e-01
3.433000010235165973e+04,1.633687397554726806e+00,4.423390969890716562e+00,9.033092604944733539e-01
3.434000010238146933e+04,1.631827809685606701e+00,4.193402241988725798e+00,9.495613263864345344e-01
3.435000010241128621e+04,1.588167010036080962e+00,4.257866786758240707e+00,1.168199701482779851e+00
3.436000010244110308e+04,1.665464229031510035e+00,4.496574208195935007e+00,1.454791993461603372e+00
3.437000010247091268e+04,1.681010218523533384e+00,4.179262616067399350e+00,8.527485812721297131e-01
3.438000010250072955e+04,1.678072331618153834e+00,4.258637288597681980e+00,1.012306714667284169e+00
3.439000010253053915e+04,1.637094089402628239e+00,4.296605157881593584e+00,9.210443358386957158e-01
3.440000010256035603e+04,1.702728912029624508e+00,4.654707363957705901e+00,1.549786722540555051e+00
3.441000010259017290e+04,1.681534306240401566e+00,4.334766560410896474e+00,1.254998650990392983e+00
3.442000010261998250e+04,1.729394422529071385e+00,4.892084488235881601e+00,1.548946755138598474e+00
3.443000010264979937e+04,1.749588579234263808e+00,4.119837559041994446e+00,1.094227333969471916e+00
3.444000010267960897e+04,1.710462106762562939e+00,4.228447275038214492e+00,8.570480732065789420e-01
3.445000010270942585e+04,1.858549368620551423e+00,4.750684010907876953e+00,1.462770106881493337e+00
3.446000010273924272e+04,1.722753755459220493e+00,4.162274796935580667e+00,1.334098348733894657e+00
3.447000010276905232e+04,1.776301273325104901e+00,4.107103069953497609e+00,1.082719659520902766e+00
3.448000010279886919e+04,1.712802122724564891e+00,4.440793882431917972e+00,1.499630034360881714e+00
3.449000010282868607e+04,1.784565011026034043e+00,4.302403870232330618e+00,1.096602174374968097e+00
3.450000010285849567e+04,1.713006167939183477e+00,4.086863917430754611e+00,9.977801988027481528e-01
3.451000010288831254e+04,1.636299438740496770e+00,4.277590528044619589e+00,1.013322701879752596e+00
3.452000010291812214e+04,1.625280324721416925e+00,4.257388989591317063e+00,9.955164334633368473e-01
3.453000010294793901e+04,1.666208198818724950e+00,4.343940666770986780e+00,9.952458735397404777e-01
3.454000010297775589e+04,1.704052969144059571e+00,4.017034698187820219e+00,1.380562267440064605e+00
3.455000010300756549e+04,1.610437832757091181e+00,4.120421666695250451e+00,1.146281648392954322e+00
3.456000010303738236e+04,1.698131761859123623e+00,4.252138533507718421e+00,1.583704894942852492e+00
3.457000010306719196e+04,1.719627519398465809e+00,4.274841663739370468e+00,1.444708479303348891e+00
3.458000010309700883e+04,1.687756370967652852e+00,4.444030805519925131e+00,1.010137691259343828e+00
3.459000010312682571e+04,1.731467845598236410e+00,4.124275948425041527e+00,1.023027604633286236e+00
3.460000010315663530e+04,1.778889941861529822e+00,4.238203383126854185e+00,1.047929091274694136e+00
3.461000010318645218e+04,1.753049238482023986e+00,4.063265640054888550e+00,8.425261922978277696e-01
3.462000010321626178e+04,1.741047364965346622e+00,4.170953170375359065e+00,1.130858158400581681e+00
3.463000010324607865e+04,1.698825019820685567e+00,4.155399284121422454e+00,8.933520063159108293e-01
3.464000010327589553e+04,1.733045992412031611e+00,4.506969188242318403e+00,1.039527635263336913e+00
3.465000010330570512e+04,1.672836003167316843e+00,4.173405644815390225e+00,1.275013523039786323e+00
3.466000010333552200e+04,1.658773175870994265e+00,4.269552103387059816e+00,1.299747196608489475e+00
3.467000010336533887e+04,1.716350852647920755e+00,4.131396547430025379e+00,9.076532127775288616e-01
3.468000010339514847e+04,1.718300018591181866e+00,4.125775858718688127e+00,9.898283342977756138e-01
3.469000010342496535e+04,1.682450501152173317e+00,4.262006358928825733e+00,7.692641347752644521e-01
3.470000010345477494e+04,1.768896720336564643e+00,4.305841211689536152e+00,7.071657298694594695e-01
3.471000010348459182e+04,1.730901059135733444e+00,4.454149220944462861e+00,1.296803819478745012e+00
3.472000010351440869e+04,1.710614964100937385e+00,4.303011663427296796e+00,1.025520748758413703e+00
3.473000010354421829e+04,1.740873263703939466e+00,4.309164903313837947e+00,1.171071948110645966e+00
3.474000010357403517e+04,1.701691339004765657e+00,4.206999446436089585e+00,9.624285408577016865e-01
3.475000010360384476e+04,1.796457868613104081e+00,4.097743404448601190e+00,5.679495217888574921e-01
3.476000010363366164e+04,1.778588758592715813e+00,4.132913204737880264e+00,6.668982906897079621e-01
3.477000010366347851e+04,1.850210011177930047e+00,4.206984118215998159e+00,9.925905171826459039e-01
3.478000010369328811e+04,1.775831961855576235e+00,4.311573126791885535e+00,2.740636277149716138e-01
3.479000010372310498e+04,1.795529626529927869e+00,4.133738010793516438e+00,3.146285231337165311e-01
3.480000010375292186e+04,1.869674739368657912e+00,3.969599013420495481e+00,3.552854116608826218e-01
3.481000010378273146e+04,1.741351303573759557e+00,4.186115642240188173e+00,5.221736975513960877e-01
3.482000010381254833e+04,1.785297284027333564e+00,4.182858143943297691e+00,2.237788410223374436e-01
3.483000010384235793e+04,1.751039784215765449e+00,4.031910849390579976e+00,5.938637293050913479e-01
3.484000010387217480e+04,1.774183068968452570e+00,4.087441743826647489e+00,7.580957058473360988e-01
3.485000010390199168e+04,1.767633534882514734e+00,4.157810144003017960e+00,4.953859830708232659e-01
3.486000010393180128e+04,1.736413121691084083e+00,4.177398368794078110e+00,9.345325343704885546e-01
3.487000010396161815e+04,1.752469211145347483e+00,4.035900854815714034e+00,3.316821247071192746e-01
3.488000010399142775e+04,1.687916043653034937e+00,4.259744034074544494e+00,3.338042617481217222e-01
3.489000010402124462e+04,1.625851106563327653e+00,4.186508859812224870e+00,5.757353869993312445e-01
3.490000010405106150e+04,1.699017245158254141e+00,4.294323009061971064e+00,9.477898327406085732e-01
3.491000010408087110e+04,1.661989154785920464e+00,4.136345924111708428e+00,4.874044689725015589e-01
3.492000010411068797e+04,1.757030103540852428e+00,4.177670700874449139e+00,6.838128215572022439e-01
3.493000010414049757e+04,1.654173935900253634e+00,3.842825239865403919e+00,6.078352704775575877e-01
3.494000010417031444e+04,1.749371738246602526e+00,4.044357550621613839e+00,5.667063573772666007e-01
3.495000010420013132e+04,1.746862740395505487e+00,3.823781105311558459e+00,7.183214921991117885e-01
3.496000010422994092e+04,1.810636078759205958e+00,3.982681140684732668e+00,6.404255855533363961e-01
3.497000010425975779e+04,1.716127776381994652e+00,3.935068921035749234e+00,3.247714283889654996e-01
3.498000010428957467e+04,1.666499594607997903e+00,4.130330930063172978e+00,4.279561728032255097e-01
3.499000010431938426e+04,1.702672725456869873e+00,3.985077718001238001e+00,5.853524904652185334e-01
3.500000010434920114e+04,1.707118280194830806e+00,4.051427488765460438e+00,7.329101942352967969e-01
3.501000010437901074e+04,1.702545844546602183e+00,4.031348688034834815e+00,3.624373389506000409e-01
3.502000010440882761e+04,1.724118882599315672e+00,3.988775601499908063e+00,8.926465788890158848e-01
3.503000010443864448e+04,1.620977763120756032e+00,3.870422007203071502e+00,7.798719216308251934e-01
3.504000010446845408e+04,1.695196953119200600e+00,3.743337509100383986e+00,4.440476791089418840e-01
3.505000010449827096e+04,1.685141995312158913e+00,3.993513156450584578e+00,5.076082088345028609e-01
3.506000010452808056e+04,1.698922468203415637e+00,3.872058450624542569e+00,6.792859376431974461e-01
3.507000010455789743e+04,1.663422048928120622e+00,3.997151394535186419e+00,3.991279691682174668e-01
3.508000010458771430e+04,1.694845597986349706e+00,3.985454527397547686e+00,8.396550375119941068e-01
3.509000010461752390e+04,1.705106565322523471e+00,3.995076229059026485e+00,4.611245272288926333e-01
3.510000010464734078e+04,1.732087710275547643e+00,4.182127026677957105e+00,8.234198049033977229e-01
3.511000010467715765e+04,1.817933022995744219e+00,4.252966500591515597e+00,5.191410141374832588e-01
3.512000010470696725e+04,1.695755860365475431e+00,4.112222995714736484e+00,7.186126005557652574e-01
3.513000010473678412e+04,1.735396668493418337e+00,4.065037305292960035e+00,5.052202217978638554e-01
3.514000010476659372e+04,1.750287855359217382e+00,4.136795853984926552e+00,7.682038032997715593e-01
3.515000010479641060e+04,1.725952390015523363e+00,4.346848451590783924e+00,5.533434524645033381e-01
3.516000010482622747e+04,1.741259880165947349e+00,4.139758365282234287e+00,6.390761709048582428e-01
3.517000010485603707e+04,1.672698724466339160e+00,4.127000162415408901e+00,7.834891347887621427e-01
3.518000010488585394e+04,1.758824300240251937e+00,3.958519690531071777e+00,9.613427948262287526e-01
3.519000010491566354e+04,1.664222261475295284e+00,3.993591741045969368e+00,7.263839066799493427e-01
3.520000010494548042e+04,1.711928485113465737e+00,3.937573662606544733e+00,6.290161812577106382e-01
3.521000010497529729e+04,1.624733224212073557e+00,4.169203669296892123e+00,6.905383388634940278e-01
3.522000010500510689e+04,1.660817076973058137e+00,4.181058537301652223e+00,8.719086986188583355e-01
3.523000010503492376e+04,1.650171096194280596e+00,4.131630399446945212e+00,6.042415820001298954e-01
3.524000010506473336e+04,1.741906311749013003e+00,4.167824547267769297e+00,7.051484643034203748e-01
3.525000010509455024e+04,1.733425877709827478e+00,4.112823753199886134e+00,7.879121237712707337e-01
3.526000010512436711e+04,1.692372271495390379e+00,4.166111750916715373e+00,7.913564213985030404e-01
3.527000010515417671e+04,1.736401906662030870e+00,4.335021756913159940e+00,7.715184414345174213e-01
3.528000010518399358e+04,1.804966780442354146e+00,4.312434826499277563e+00,6.522075849702223538e-01
3.529000010521381046e+04,1.679922319548157850e+00,4.185091819784106271e+00,3.366378997819334806e-01
3.530000010524362006e+04,1.682903684645840503e+00,4.173264207870383657e+00,3.741774900710687635e-01
3.531000010527343693e+04,1.694417232812261531e+00,4.293926009010242240e+00,8.349506794094397888e-01
3.532000010530324653e+04,1.716239329579365647e+00,4.384675544432107941e+00,7.061818005285181998e-01
3.533000010533306340e+04,1.767683117614452515e+00,4.223852885590978268e+00,6.641326146647120732e-01
3.534000010536288028e+04,1.825445880496799234e+00,4.388409357747495854e+00,7.064520392096149681e-01
3.535000010539268987e+04,1.701261397411172327e+00,4.125918571676098878e+00,6.573480407461054220e-01
3.536000010542250675e+04,1.634953209956365061e+00,4.433341228085724950e+00,1.003090100445235944e+00
3.537000010545231635e+04,1.637397983236300369e+00,4.176956759195975977e+00,6.653666011784081791e-01
3.538000010548213322e+04,1.640619538093415208e+00,4.393232006718581495e+00,1.185482895866308617e+00
3.539000010551195010e+04,1.739203325833292180e+00,4.314538655286721536e+00,9.820748997693959925e-01
3.540000010554175969e+04,1.756724843162683403e+00,4.273267453937633853e+00,3.961906463457695038e-01
3.541000010557157657e+04,1.737473732053560926e+00,4.340403822641656362e+00,5.508614983432843504e-01
3.542000010560139344e+04,1.773166895066404791e+00,4.174150724558708170e+00,5.326264381233632994e-01
3.543000010563120304e+04,1.644673407331785020e+00,4.304848768951150539e+00,9.367371628415676055e-01
3.544000010566101992e+04,1.757542511298586962e+00,4.367344047452964340e+00,7.975923949889713871e-01
3.545000010569082951e+04,1.825729878917006221e+00,4.395565107138573957e+00,6.657826922018369453e-01
