time_ps,core_rmsd_vs_40ns_after_protein_fit_A,core_internal_rmsd_vs_40ns_A,branch1_rmsd_vs_40ns_after_core_fit_A,branch2_rmsd_vs_40ns_after_core_fit_A,com_drift_vs_40ns_A,com_displacement_vs_minimized_A,pair_retention_vs_40ns,pocket_residue_fraction_vs_40ns,nearest_distance_to_40ns_pocket_A,pair_retention_vs_minimized,pocket_residue_fraction_vs_minimized,nearest_distance_to_minimized_pocket_A
4.000000011925622675e+04,6.725178453592985754e-15,0.000000000000000000e+00,1.297267614824131814e-14,1.429617826067548881e-14,0.000000000000000000e+00,3.484293470336836118e-01,1.000000000000000000e+00,1.000000000000000000e+00,3.419299798223708997e+00,0.000000000000000000e+00,1.666666666666666574e-01,3.419299798223708997e+00
4.001000011928604363e+04,1.120936146421175339e+00,4.337814563757357023e-02,9.534997027189783259e-01,1.447716399092286110e+00,3.926983682574887724e-01,4.915063452911739850e-01,4.761904761904761640e-01,6.666666666666666297e-01,3.398774144606265590e+00,0.000000000000000000e+00,1.666666666666666574e-01,3.565404540976092385e+00
4.002000011931585323e+04,7.359254958429154447e-01,6.805114562376977927e-02,8.684100009463645575e-01,1.155888659033480703e+00,2.338537406025083254e-01,2.521561220665517467e-01,7.142857142857143016e-01,8.333333333333333703e-01,3.420138816180493979e+00,4.166666666666666435e-02,3.333333333333333148e-01,3.521955899646960209e+00
4.003000011934567010e+04,8.625935241896227623e-01,5.747679166943576307e-02,6.422152038834773036e-01,9.277266914182489277e-01,3.301030545856714626e-01,6.124119106578197469e-01,6.666666666666666297e-01,8.333333333333333703e-01,3.043978538510353715e+00,0.000000000000000000e+00,1.666666666666666574e-01,3.043978538510353715e+00
4.004000011937548697e+04,8.868616318974810175e-01,4.260751404687145721e-02,1.430070063793541957e+00,1.063187185858862405e+00,5.611825201837195715e-02,2.985649126450101720e-01,6.190476190476190688e-01,1.000000000000000000e+00,3.225414447447024546e+00,4.166666666666666435e-02,3.333333333333333148e-01,3.225414447447024546e+00
4.005000011940529657e+04,4.210585848423403221e-01,3.822170510820011718e-02,1.286876792110297263e+00,8.860918568867502954e-01,1.764154637770279088e-01,4.647316303501086154e-01,7.619047619047618625e-01,1.000000000000000000e+00,3.423944334814893242e+00,4.166666666666666435e-02,3.333333333333333148e-01,3.472126410731725787e+00
4.006000011943511345e+04,9.329851940074348482e-01,4.581601564569788565e-02,1.223031198769345185e+00,1.647912618450756650e+00,2.663572747197252566e-01,4.601841869787479111e-01,5.714285714285713969e-01,8.333333333333333703e-01,3.364298041717439069e+00,4.166666666666666435e-02,3.333333333333333148e-01,3.364298041717439069e+00
4.007000011946492305e+04,8.455439941007121263e-01,7.616011734135902378e-02,1.369017337253525923e+00,1.656048564501714004e+00,2.290993063973075505e-01,5.688660702913359568e-01,6.666666666666666297e-01,1.000000000000000000e+00,3.424443973848693368e+00,0.000000000000000000e+00,1.666666666666666574e-01,3.424443973848693368e+00
4.008000011949473992e+04,7.310100374867426476e-01,6.262648722381453092e-02,7.817451383954785449e-01,1.176643361567913049e+00,1.137241520557547014e-01,4.169385498012623814e-01,6.666666666666666297e-01,8.333333333333333703e-01,3.536367536554251512e+00,4.166666666666666435e-02,3.333333333333333148e-01,3.536367536554251512e+00
4.009000011952455679e+04,6.464196042079788374e-01,5.961465882812915645e-02,1.083806413085506959e+00,1.515947428477747883e+00,3.947020924682069776e-01,6.455379411198495232e-01,8.095238095238095344e-01,1.000000000000000000e+00,3.512804082663293137e+00,4.166666666666666435e-02,3.333333333333333148e-01,3.512804082663293137e+00
4.010000011955436639e+04,6.225648515108801462e-01,7.035921018802032689e-02,1.326248378224896163e+00,2.689103177013678181e+00,2.644804705517350696e-01,3.965474543817738007e-01,6.666666666666666297e-01,8.333333333333333703e-01,3.332852971818296428e+00,1.250000000000000000e-01,3.333333333333333148e-01,3.332852971818296428e+00
4.011000011958418327e+04,8.223976207182919218e-01,7.045894717149382702e-02,1.095262113850609564e+00,1.132020409878584433e+00,4.060470492016071131e-01,3.400197307847541150e-01,7.142857142857143016e-01,1.000000000000000000e+00,3.238950231802423918e+00,8.333333333333332871e-02,3.333333333333333148e-01,3.238950231802423918e+00
4.012000011961400014e+04,8.648224251245867356e-01,4.041664257609157290e-02,1.245656089332533245e+00,1.895159938210142725e+00,5.724568319965315233e-01,6.817957419874715042e-01,6.190476190476190688e-01,8.333333333333333703e-01,3.529149522682351492e+00,1.250000000000000000e-01,3.333333333333333148e-01,3.529149522682351492e+00
4.013000011964380974e+04,5.963108108730750256e-01,5.449213935976601059e-02,7.676522153483156252e-01,1.073409217428161977e+00,1.512576792302750828e-01,4.101486562276366876e-01,7.142857142857143016e-01,6.666666666666666297e-01,3.001365317914059805e+00,4.166666666666666435e-02,3.333333333333333148e-01,3.001365317914059805e+00
4.014000011967362661e+04,7.940216686465055851e-01,3.579902102257422059e-02,1.323616347295379914e+00,1.425379088480446033e+00,4.029594064389757091e-01,4.807748637450635631e-01,7.142857142857143016e-01,1.000000000000000000e+00,3.422757802788452430e+00,8.333333333333332871e-02,3.333333333333333148e-01,3.422757802788452430e+00
4.015000011970343621e+04,3.302553638053782326e-01,5.658414077249690477e-02,5.415397787026958731e-01,9.434575212812497114e-01,2.421800039911895797e-01,5.635751336506510389e-01,9.523809523809523281e-01,1.000000000000000000e+00,3.362596428959024220e+00,4.166666666666666435e-02,3.333333333333333148e-01,3.362596428959024220e+00
4.016000011973325309e+04,5.458323939384961410e-01,5.068472029548540259e-02,5.760534598551063645e-01,7.860977574937634271e-01,1.497426632124537749e-01,4.233875604586672114e-01,8.571428571428570953e-01,1.000000000000000000e+00,3.216710462202259535e+00,8.333333333333332871e-02,3.333333333333333148e-01,3.216710462202259535e+00
4.017000011976306996e+04,4.199979721731453841e-01,6.344932769294329977e-02,8.998826425788948313e-01,1.068270225399680307e+00,3.320528718825214720e-01,4.311618435647717740e-01,9.047619047619047672e-01,1.000000000000000000e+00,2.949215873966456680e+00,4.166666666666666435e-02,3.333333333333333148e-01,2.949215873966456680e+00
4.018000011979287956e+04,6.083633400852604955e-01,4.864501009454737929e-02,8.250917600882201608e-01,1.055061538984378267e+00,4.127471944880837795e-01,4.101428039391293301e-01,7.142857142857143016e-01,8.333333333333333703e-01,3.255869536214673676e+00,4.166666666666666435e-02,3.333333333333333148e-01,3.563470880065874091e+00
4.019000011982269643e+04,8.329496340774310559e-01,7.055334064225768365e-02,9.034258816667800618e-01,1.386912797769058514e+00,5.124227888078649595e-01,3.287519167752711025e-01,8.571428571428570953e-01,1.000000000000000000e+00,3.251980094221913475e+00,0.000000000000000000e+00,1.666666666666666574e-01,3.251980094221913475e+00
4.020000011985250603e+04,8.953708516996549127e-01,5.708366497761912378e-02,1.015148322098382572e+00,9.258254435886681399e-01,4.350969642746365107e-01,5.315949283636047795e-01,8.571428571428570953e-01,1.000000000000000000e+00,3.288101839833385220e+00,4.166666666666666435e-02,3.333333333333333148e-01,3.288101839833385220e+00
4.021000011988232291e+04,6.270721544001754966e-01,7.297969392660585974e-02,9.855884897697155811e-01,1.487008357136617498e+00,4.367589609607085421e-01,5.548074673984040306e-01,8.571428571428570953e-01,1.000000000000000000e+00,3.350745217103856088e+00,0.000000000000000000e+00,1.666666666666666574e-01,3.350745217103856088e+00
4.022000011991213978e+04,9.507271666218990447e-01,6.043196948801292379e-02,1.215973216969328252e+00,1.863879029199493775e+00,3.436120191783322841e-01,4.370182959157885988e-02,7.619047619047618625e-01,1.000000000000000000e+00,3.243664739731318303e+00,8.333333333333332871e-02,3.333333333333333148e-01,3.243664739731318303e+00
4.023000011994194938e+04,3.602267856541994662e-01,3.793604433035070028e-02,7.676459444370288265e-01,1.565954153661245130e+00,9.260340527796938614e-01,1.144004706139876149e+00,8.571428571428570953e-01,1.000000000000000000e+00,3.570945049799228777e+00,8.333333333333332871e-02,3.333333333333333148e-01,3.804452659345501697e+00
4.024000011997176625e+04,1.138588726082192526e+00,5.998941217649147312e-02,9.263976883476742197e-01,1.711005623659776154e+00,2.316589581104230300e-01,1.819851534558236117e-01,7.142857142857143016e-01,1.000000000000000000e+00,3.333462461769043816e+00,4.166666666666666435e-02,3.333333333333333148e-01,3.396181145407952684e+00
4.025000012000157585e+04,1.070373312947625610e+00,5.833592794628892492e-02,5.733884896411890475e-01,6.451701401442745398e-01,2.474758873694297145e-01,5.970159073631357005e-01,7.619047619047618625e-01,1.000000000000000000e+00,3.326164642101061553e+00,4.166666666666666435e-02,3.333333333333333148e-01,3.326164642101061553e+00
4.026000012003139273e+04,9.047135862604863688e-01,5.517636197652060065e-02,1.482408624069681213e+00,2.255564186088298673e+00,4.925764553058822881e-01,6.045984924175737962e-01,6.666666666666666297e-01,6.666666666666666297e-01,3.461582521572676985e+00,1.250000000000000000e-01,3.333333333333333148e-01,3.461582521572676985e+00
4.027000012006120960e+04,8.904068302785823619e-01,5.509327480077338274e-02,1.021872622242262496e+00,1.648274551051964076e+00,6.910665663861795815e-01,9.867907436411134103e-01,6.666666666666666297e-01,1.000000000000000000e+00,3.409399800067442587e+00,1.250000000000000000e-01,3.333333333333333148e-01,3.409399800067442587e+00
4.028000012009101920e+04,1.212312513187490115e+00,4.891746612942605293e-02,9.685710478657407752e-01,1.350463137404961822e+00,3.706923359027304854e-01,6.483465360442993708e-01,6.190476190476190688e-01,6.666666666666666297e-01,3.477557405314335437e+00,8.333333333333332871e-02,3.333333333333333148e-01,3.477557405314335437e+00
4.029000012012083607e+04,1.222598749685186226e+00,6.560314510930424781e-02,1.646904374661855464e+00,2.456295348440322268e+00,2.542662291168909516e-01,4.708366896975459404e-01,5.238095238095238360e-01,8.333333333333333703e-01,3.695151509541608981e+00,0.000000000000000000e+00,1.666666666666666574e-01,3.831290773708555975e+00
4.030000012015065295e+04,9.510526765951586858e-01,7.226532435098299845e-02,6.756709003963433657e-01,1.521248849019327443e+00,1.512803763107855304e-01,2.790228781296585914e-01,6.666666666666666297e-01,8.333333333333333703e-01,3.527688886268737889e+00,4.166666666666666435e-02,3.333333333333333148e-01,3.527688886268737889e+00
4.031000012018046255e+04,1.406421483753344415e+00,5.923988822634334434e-02,1.912136488899884412e+00,2.618972939239562425e+00,1.723498874155112714e-01,3.271520648964488243e-01,5.714285714285713969e-01,8.333333333333333703e-01,3.468174079633100426e+00,8.333333333333332871e-02,3.333333333333333148e-01,3.468174079633100426e+00
4.032000012021027942e+04,1.831325384648671006e+00,5.566650523226188835e-02,1.196836860927218860e+00,2.320929742457794820e+00,2.643018337312763033e-01,3.275044363386206414e-01,3.333333333333333148e-01,6.666666666666666297e-01,3.834869060870464974e+00,4.166666666666666435e-02,3.333333333333333148e-01,3.693194877727953518e+00
4.033000012024008902e+04,8.135593248339572092e-01,6.983553841316104960e-02,9.692526533176638592e-01,1.387456173891364219e+00,3.272602315258026917e-01,3.506097578979538443e-01,5.714285714285713969e-01,1.000000000000000000e+00,3.782035635960701025e+00,8.333333333333332871e-02,3.333333333333333148e-01,3.937936042420075555e+00
4.034000012026990589e+04,1.212454157103922014e+00,4.907577401729915773e-02,8.201764762551313481e-01,1.652618536270074046e+00,3.550921145612406238e-01,3.962527002871395476e-01,3.333333333333333148e-01,8.333333333333333703e-01,3.696164360844878871e+00,0.000000000000000000e+00,1.666666666666666574e-01,3.696164360844878871e+00
4.035000012029972277e+04,1.011959535598393467e+00,4.606149232359960100e-02,1.122293048551368244e+00,1.977849890897098062e+00,1.834347081495903420e-01,2.714941691336295593e-01,7.619047619047618625e-01,1.000000000000000000e+00,3.746919723622016640e+00,4.166666666666666435e-02,3.333333333333333148e-01,3.746919723622016640e+00
4.036000012032953236e+04,1.524918828803745852e+00,5.806975505561512430e-02,1.853550553361552611e+00,2.558929049040794546e+00,4.070014132323248046e-01,5.964742979694717118e-01,5.714285714285713969e-01,6.666666666666666297e-01,3.306152452650942930e+00,0.000000000000000000e+00,1.666666666666666574e-01,3.306152452650942930e+00
4.037000012035934924e+04,9.663419085341561354e-01,5.165761554845820641e-02,4.808334406366804314e-01,1.512730110439687747e+00,1.338552286729288165e-01,4.333295948827734501e-01,5.714285714285713969e-01,8.333333333333333703e-01,3.496997697946036432e+00,4.166666666666666435e-02,3.333333333333333148e-01,3.496997697946036432e+00
4.038000012038915884e+04,1.163271525147535179e+00,3.307134029701526423e-02,1.080757635572368480e+00,1.579094992436745892e+00,2.422021757932286412e-01,4.733345004074845375e-01,6.190476190476190688e-01,1.000000000000000000e+00,3.501282994862136011e+00,0.000000000000000000e+00,1.666666666666666574e-01,3.501282994862136011e+00
4.039000012041897571e+04,9.647443113378839641e-01,6.447344904339057103e-02,9.752400879815552592e-01,2.084400119855863931e+00,3.975690187947537035e-01,4.034931801222915726e-01,5.714285714285713969e-01,1.000000000000000000e+00,3.024586923758904700e+00,4.166666666666666435e-02,3.333333333333333148e-01,3.024586923758904700e+00
4.040000012044879259e+04,7.109316987617586570e-01,3.441066542821959173e-02,9.002461811479376408e-01,1.369075962049591144e+00,3.545872418492905243e-01,3.587216164263869467e-01,6.666666666666666297e-01,1.000000000000000000e+00,3.438138419843906224e+00,8.333333333333332871e-02,3.333333333333333148e-01,3.573912727876547013e+00
4.041000012047860218e+04,1.270803259289065235e+00,4.531549585630986754e-02,1.239512518410810893e+00,2.302463863023377577e+00,6.448782351882995645e-01,5.482763735713807041e-01,7.619047619047618625e-01,8.333333333333333703e-01,3.484853963756484152e+00,0.000000000000000000e+00,1.666666666666666574e-01,3.484853963756484152e+00
4.042000012050841906e+04,7.250103978619465428e-01,6.305881009155216155e-02,5.735284636362124600e-01,1.931520068549591462e+00,3.491336341559897471e-01,6.630385428815268600e-01,6.666666666666666297e-01,8.333333333333333703e-01,3.665282025031781465e+00,0.000000000000000000e+00,1.666666666666666574e-01,3.666096108216744920e+00
4.043000012053823593e+04,8.458270886318779436e-01,4.428955707363486233e-02,1.462993217361659548e+00,1.413355310638373386e+00,3.243572997497519705e-01,5.031024325082130710e-01,6.666666666666666297e-01,8.333333333333333703e-01,3.468676427992981370e+00,8.333333333333332871e-02,3.333333333333333148e-01,3.468676427992981370e+00
4.044000012056804553e+04,8.009914159715334492e-01,7.819775761645179901e-02,6.632909041362503588e-01,1.149241314122394275e+00,3.306802533001345634e-01,5.165236617892057236e-01,6.666666666666666297e-01,1.000000000000000000e+00,3.417067222765076906e+00,0.000000000000000000e+00,1.666666666666666574e-01,3.417067222765076906e+00
4.045000012059786241e+04,8.476751604705728971e-01,3.214187337169467640e-02,5.598324287534662824e-01,1.417095150690734995e+00,2.744738622581524568e-01,1.730400590078988721e-01,6.666666666666666297e-01,8.333333333333333703e-01,3.194680926864146731e+00,1.250000000000000000e-01,3.333333333333333148e-01,3.194680926864146731e+00
4.046000012062767200e+04,1.117173314866772849e+00,5.169760337168698150e-02,6.531751867516765175e-01,1.106534886968501885e+00,4.291522490088665043e-01,4.198410309926828288e-01,4.761904761904761640e-01,8.333333333333333703e-01,3.184095465858876928e+00,4.166666666666666435e-02,3.333333333333333148e-01,3.184095465858876928e+00
4.047000012065748888e+04,5.816946496616572926e-01,4.497772528304986445e-02,7.839308564190388129e-01,1.286164139867135736e+00,1.154323453927515314e-01,3.256812765303009893e-01,7.619047619047618625e-01,1.000000000000000000e+00,3.453360777300197970e+00,8.333333333333332871e-02,3.333333333333333148e-01,3.453360777300197970e+00
4.048000012068730575e+04,9.154596374344969867e-01,5.988676270847925753e-02,1.036166332657375566e+00,1.674649389641664321e+00,3.003795894175985137e-01,4.834186811206879208e-01,6.190476190476190688e-01,8.333333333333333703e-01,3.046492536419249664e+00,0.000000000000000000e+00,1.666666666666666574e-01,3.046492536419249664e+00
4.049000012071711535e+04,6.688321235637203488e-01,4.543507283918576944e-02,1.233144013756301227e+00,1.479049978451062897e+00,3.064881759882122636e-01,5.753245288520976164e-01,7.619047619047618625e-01,1.000000000000000000e+00,3.309230982469177018e+00,0.000000000000000000e+00,1.666666666666666574e-01,3.309230982469177018e+00
4.050000012074693223e+04,9.849049134946706863e-01,7.316426437911480174e-02,1.421828963534895074e+00,1.500335222457175322e+00,3.345887598053459699e-01,2.547090783307182429e-02,6.666666666666666297e-01,1.000000000000000000e+00,3.605269430724083790e+00,0.000000000000000000e+00,1.666666666666666574e-01,3.700210569214135159e+00
4.051000012077674182e+04,9.541534430898519492e-01,7.011352262232829757e-02,7.883179732827070296e-01,1.794373651629566968e+00,6.708043386885809145e-01,5.552731796853643820e-01,8.095238095238095344e-01,8.333333333333333703e-01,3.409026247292403777e+00,0.000000000000000000e+00,1.666666666666666574e-01,3.409026247292403777e+00
4.052000012080655870e+04,6.120363875958850786e-01,5.440565690689938561e-02,1.408716574233197516e+00,1.738543731983570151e+00,1.899431577033917351e-01,2.449567217599686875e-01,8.571428571428570953e-01,8.333333333333333703e-01,3.053707858838503153e+00,0.000000000000000000e+00,1.666666666666666574e-01,3.053707858838503153e+00
4.053000012083637557e+04,3.900986606058659545e-01,6.803995470500837084e-02,5.857285265761619231e-01,2.529153021821719527e+00,8.778118884314892734e-01,9.759359008678263336e-01,8.095238095238095344e-01,1.000000000000000000e+00,3.300623708019152946e+00,0.000000000000000000e+00,1.666666666666666574e-01,3.300623708019152946e+00
4.054000012086618517e+04,6.524598867572314331e-01,7.270281972345689347e-02,1.851195556164595413e+00,2.852236751074859633e+00,1.919498823366596885e-01,4.169490834566926263e-01,8.571428571428570953e-01,1.000000000000000000e+00,3.511861967363809178e+00,0.000000000000000000e+00,1.666666666666666574e-01,3.946018662299825674e+00
4.055000012089600204e+04,8.317015922704976694e-01,8.978169039691329123e-02,1.546226035738211380e+00,3.424890421112117167e+00,2.721776269325689723e-01,3.560653592714843052e-01,6.190476190476190688e-01,1.000000000000000000e+00,3.497733860492805658e+00,4.166666666666666435e-02,3.333333333333333148e-01,3.497733860492805658e+00
4.056000012092581164e+04,6.194954786441045913e-01,5.891215470644200342e-02,1.467387753811630224e+00,2.064815758560793579e+00,2.248288171775133792e-01,5.205988428630055065e-01,7.619047619047618625e-01,1.000000000000000000e+00,3.330647207357511075e+00,0.000000000000000000e+00,1.666666666666666574e-01,4.255499239148600843e+00
4.057000012095562852e+04,8.841094974557802688e-01,5.775409573862894802e-02,1.969164112164336622e+00,1.936335278186055886e+00,3.667900031879025580e-01,7.018330105126715512e-01,5.714285714285713969e-01,1.000000000000000000e+00,3.473419722418912503e+00,0.000000000000000000e+00,1.666666666666666574e-01,4.299829393153336454e+00
4.058000012098544539e+04,9.467795457667710357e-01,4.645651595304863685e-02,4.794596281032232898e-01,8.205444611839268765e-01,4.208958633524371717e-01,3.208018368604525494e-01,7.142857142857143016e-01,1.000000000000000000e+00,3.427228671633043788e+00,8.333333333333332871e-02,3.333333333333333148e-01,3.427228671633043788e+00
4.059000012101525499e+04,6.915955959509448858e-01,4.312016295436395946e-02,7.646245260106694364e-01,1.663593176972798515e+00,1.940027147815061026e-01,4.353725699732144960e-01,6.666666666666666297e-01,1.000000000000000000e+00,3.507850536500147332e+00,8.333333333333332871e-02,3.333333333333333148e-01,3.899262223217242251e+00
4.060000012104507186e+04,1.006540283368858368e+00,3.890140032337649489e-02,6.009495913918150301e-01,1.164950109955652513e+00,4.288377954517722523e-01,4.055022735527986089e-01,6.190476190476190688e-01,8.333333333333333703e-01,3.457697043836985618e+00,8.333333333333332871e-02,3.333333333333333148e-01,4.053941580615581408e+00
4.061000012107488874e+04,7.220762572778733901e-01,6.312820622651026115e-02,5.279922876404546939e-01,1.479822559068761700e+00,5.280687092132542171e-01,6.464091404387571904e-01,7.619047619047618625e-01,1.000000000000000000e+00,3.406994703836861760e+00,8.333333333333332871e-02,3.333333333333333148e-01,3.406994703836861760e+00
4.062000012110469834e+04,1.385803531561984769e+00,6.051082862171509869e-02,8.027430062336800010e-01,1.330574299627579116e+00,2.513217642497359017e-01,4.480815894663420229e-01,6.190476190476190688e-01,1.000000000000000000e+00,3.484865922208372435e+00,0.000000000000000000e+00,1.666666666666666574e-01,3.847696111890738457e+00
4.063000012113451521e+04,1.215781457104917473e+00,3.975624576427638779e-02,2.280160870931556172e+00,1.562089551180172009e+00,4.907445248409514904e-01,4.698853782949218294e-01,4.761904761904761640e-01,1.000000000000000000e+00,4.027841515173490095e+00,4.166666666666666435e-02,3.333333333333333148e-01,4.027841515173490095e+00
4.064000012116432481e+04,1.047822013972705246e+00,7.058524579461766812e-02,7.716828167107455672e-01,1.428251384171238536e+00,2.908590981922940522e-01,5.531905918048194426e-01,3.809523809523809312e-01,1.000000000000000000e+00,3.613960442000761386e+00,0.000000000000000000e+00,1.666666666666666574e-01,4.417478500136726716e+00
4.065000012119414168e+04,8.058668088584962641e-01,5.377927067320949911e-02,7.732999323960404459e-01,1.417864842283631965e+00,4.008633861135384446e-01,4.693810496407898047e-01,6.666666666666666297e-01,1.000000000000000000e+00,3.188495383776471570e+00,8.333333333333332871e-02,3.333333333333333148e-01,3.787093915186160231e+00
4.066000012122395856e+04,1.035362530458125319e+00,5.283217889811472889e-02,9.809802996939347430e-01,1.516700100440039334e+00,3.393822114356869202e-01,2.229674325118883860e-01,4.761904761904761640e-01,6.666666666666666297e-01,3.475470616638220989e+00,4.166666666666666435e-02,3.333333333333333148e-01,3.475470616638220989e+00
4.067000012125376816e+04,1.701465332914850359e+00,7.877792956818631398e-02,8.766974542316139374e-01,1.775163158790095341e+00,5.066038592244143102e-01,5.349472164562592003e-01,4.761904761904761640e-01,5.000000000000000000e-01,3.748226030291145872e+00,4.166666666666666435e-02,3.333333333333333148e-01,3.748226030291145872e+00
4.068000012128358503e+04,1.023716703202675493e+00,5.350520159450684876e-02,1.156211007228108434e+00,1.380193182546329167e+00,5.316563040894921599e-01,6.972902879687087330e-01,5.714285714285713969e-01,5.000000000000000000e-01,3.539082918441643244e+00,8.333333333333332871e-02,1.666666666666666574e-01,4.004004872488811095e+00
4.069000012131339463e+04,5.279575817317679887e-01,7.092969839322145476e-02,1.040618201836716938e+00,1.373507453307541093e+00,2.988463402235714828e-01,5.406227745212133229e-01,7.619047619047618625e-01,1.000000000000000000e+00,3.738626096794835263e+00,0.000000000000000000e+00,1.666666666666666574e-01,3.820789592741789420e+00
4.070000012134321150e+04,9.019801923447420267e-01,6.130934140953631789e-02,1.072010983183404820e+00,1.469954950346290978e+00,3.821984437341501839e-01,4.086965962336290281e-01,5.714285714285713969e-01,8.333333333333333703e-01,3.526918038288162638e+00,0.000000000000000000e+00,1.666666666666666574e-01,3.536450169115600062e+00
4.071000012137302838e+04,1.312456313845703271e+00,4.027356924274208549e-02,1.049919854140965780e+00,1.523606156425185709e+00,1.931673742408528682e-01,4.544873416840141123e-01,3.809523809523809312e-01,6.666666666666666297e-01,3.645910956143461945e+00,8.333333333333332871e-02,3.333333333333333148e-01,3.645910956143461945e+00
4.072000012140283798e+04,7.898967148735849264e-01,7.137864898365153810e-02,1.503476759129088736e+00,1.405384530715697577e+00,9.171462414734542212e-02,2.652133812516951350e-01,6.666666666666666297e-01,1.000000000000000000e+00,3.709421555747126398e+00,4.166666666666666435e-02,3.333333333333333148e-01,3.862145165186338325e+00
4.073000012143265485e+04,8.778860307089334514e-01,4.716892455726619249e-02,8.062577504273157336e-01,1.523881691959149354e+00,2.556723677920841320e-01,1.456114549336571529e-01,7.142857142857143016e-01,8.333333333333333703e-01,3.228953137392076123e+00,0.000000000000000000e+00,1.666666666666666574e-01,3.228953137392076123e+00
4.074000012146247172e+04,2.933302953817027436e-01,5.961483705183251436e-02,1.316854893681347116e+00,1.996528584823530128e+00,2.521687801241859761e-01,4.661965941010285386e-01,8.095238095238095344e-01,1.000000000000000000e+00,3.604934978628063558e+00,4.166666666666666435e-02,3.333333333333333148e-01,3.720883171495321218e+00
4.075000012149228132e+04,1.173542122250526898e+00,5.195379877172678212e-02,5.289090007293199003e-01,1.004044716461134357e+00,2.867405552699202054e-01,4.271624586447217986e-01,4.285714285714285476e-01,1.000000000000000000e+00,3.591262680121796169e+00,0.000000000000000000e+00,1.666666666666666574e-01,3.704838908705015310e+00
4.076000012152209820e+04,1.752610604531185556e+00,4.519588064282140105e-02,1.480437637554301578e+00,1.374135396427612843e+00,5.639710085184190813e-01,3.007254291110743605e-01,3.333333333333333148e-01,6.666666666666666297e-01,3.260724219243825495e+00,4.166666666666666435e-02,3.333333333333333148e-01,3.260724219243825495e+00
4.077000012155190780e+04,1.128666109193644962e+00,6.737777058357474758e-02,6.456451313353185339e-01,1.593150236695141775e+00,4.076984022248181239e-01,3.102020116920859438e-01,5.714285714285713969e-01,8.333333333333333703e-01,3.349205355649181648e+00,4.166666666666666435e-02,3.333333333333333148e-01,3.500399338702482765e+00
4.078000012158172467e+04,1.071816044993326722e+00,5.446119850005204377e-02,5.993171147727229808e-01,1.733147271840433046e+00,5.321771896277046610e-01,5.211639283923393817e-01,6.190476190476190688e-01,1.000000000000000000e+00,3.491871027671063388e+00,0.000000000000000000e+00,1.666666666666666574e-01,3.491871027671063388e+00
4.079000012161154154e+04,1.648127156398857318e+00,6.658487128081713724e-02,1.070555909653767346e+00,2.172068618718696609e+00,6.111681554971108987e-01,7.488177684623844588e-01,4.761904761904761640e-01,6.666666666666666297e-01,3.452074192724043922e+00,0.000000000000000000e+00,1.666666666666666574e-01,3.452074192724043922e+00
4.080000012164135114e+04,1.466593388728221425e+00,5.213703867806343539e-02,7.827540177757396078e-01,1.521045934744634565e+00,6.140944549272681074e-01,7.114549993054960497e-01,3.809523809523809312e-01,6.666666666666666297e-01,3.220417949838678240e+00,0.000000000000000000e+00,1.666666666666666574e-01,3.220417949838678240e+00
4.081000012167116802e+04,9.894550429537259939e-01,6.347291978285077296e-02,5.425234191390185812e-01,1.408703662920718358e+00,3.361503443218859521e-01,5.394737380955249018e-01,6.666666666666666297e-01,1.000000000000000000e+00,3.309861467999181794e+00,8.333333333333332871e-02,3.333333333333333148e-01,3.309861467999181794e+00
4.082000012170097762e+04,9.370040781753132819e-01,8.327727313672023124e-02,8.418293085251329355e-01,1.350907052187045432e+00,3.751643189392110944e-01,3.111412333996831370e-01,7.142857142857143016e-01,1.000000000000000000e+00,3.085190183410025266e+00,0.000000000000000000e+00,1.666666666666666574e-01,3.085190183410025266e+00
4.083000012173079449e+04,9.299051102599344976e-01,3.743728862223218157e-02,8.659424185212860614e-01,2.146103789805474893e+00,4.188589928432659981e-01,7.463640177452426361e-01,7.619047619047618625e-01,1.000000000000000000e+00,3.637445081710585004e+00,0.000000000000000000e+00,1.666666666666666574e-01,3.858801851785152337e+00
4.084000012176061136e+04,8.376849302443730716e-01,3.215567728578898332e-02,6.284628966458484234e-01,2.264106802671229879e+00,3.474214877537487589e-01,3.477520309503919771e-01,8.571428571428570953e-01,1.000000000000000000e+00,3.488526602278934963e+00,8.333333333333332871e-02,3.333333333333333148e-01,3.488526602278934963e+00
4.085000012179042096e+04,8.056401482819093296e-01,3.278452084246651077e-02,5.885643498887078717e-01,1.635719101296296607e+00,3.176393779255787808e-01,5.798575642678360786e-01,6.190476190476190688e-01,8.333333333333333703e-01,3.312169370228731591e+00,0.000000000000000000e+00,1.666666666666666574e-01,3.312169370228731591e+00
4.086000012182023784e+04,1.965617175377613601e-01,4.203483860631808400e-02,5.433325472015765323e-01,1.039733542472491390e+00,2.574677803599648707e-01,4.523143433204689923e-01,6.666666666666666297e-01,1.000000000000000000e+00,3.563594197797226748e+00,8.333333333333332871e-02,3.333333333333333148e-01,3.563594197797226748e+00
4.087000012185004744e+04,2.734329804265444031e-01,4.209342515292872899e-02,2.868340978224615534e-01,1.370744175222605277e+00,4.403698945243904039e-01,7.491341884317328503e-01,6.190476190476190688e-01,1.000000000000000000e+00,3.635904643393724545e+00,8.333333333333332871e-02,3.333333333333333148e-01,3.820304466744629313e+00
4.088000012187986431e+04,8.069733947998903867e-01,4.944199540480397059e-02,1.002069466551482435e+00,1.180973303537876662e+00,4.961794275351033567e-01,7.931825814103303784e-01,8.571428571428570953e-01,8.333333333333333703e-01,3.140877514851966090e+00,8.333333333333332871e-02,3.333333333333333148e-01,3.140877514851966090e+00
4.089000012190968118e+04,9.933835542484442671e-01,5.838258296005875009e-02,1.002740661749695006e+00,1.858422229568860606e+00,5.114838766444017581e-01,6.320777682474207904e-01,7.142857142857143016e-01,1.000000000000000000e+00,3.510632984463352368e+00,0.000000000000000000e+00,1.666666666666666574e-01,3.510632984463352368e+00
4.090000012193949078e+04,1.076991988564014679e+00,5.746048980983807508e-02,1.391718676695584689e+00,1.605083149473925497e+00,6.953452740785616149e-01,7.339049902657214242e-01,8.095238095238095344e-01,1.000000000000000000e+00,3.378584467270485447e+00,0.000000000000000000e+00,1.666666666666666574e-01,3.421768525719281140e+00
4.091000012196930766e+04,9.355629359643178322e-01,4.305509917939959186e-02,1.422653523935560438e+00,1.498954273409642157e+00,8.329546637910558715e-01,1.081141786845204011e+00,8.095238095238095344e-01,1.000000000000000000e+00,3.334600158258248737e+00,0.000000000000000000e+00,1.666666666666666574e-01,3.334600158258248737e+00
4.092000012199912453e+04,1.404117934515564103e+00,6.837054796013154745e-02,1.978849205771851638e+00,1.444648531330521957e+00,7.112211413353326517e-01,7.802229465499552763e-01,7.142857142857143016e-01,1.000000000000000000e+00,3.258436862169260984e+00,0.000000000000000000e+00,1.666666666666666574e-01,3.258436862169260984e+00
4.093000012202893413e+04,1.304251061650471888e+00,4.068630747396090319e-02,1.527363584858348444e+00,1.510007604092028055e+00,3.005300485673868538e-01,5.046231910748361082e-01,7.619047619047618625e-01,8.333333333333333703e-01,3.448813505332063656e+00,0.000000000000000000e+00,1.666666666666666574e-01,3.448813505332063656e+00
4.094000012205875100e+04,1.201056634839528403e+00,5.445077565343871273e-02,2.346128149977297905e+00,1.464948892734846186e+00,4.772621444438067129e-01,4.671653257174069318e-01,7.619047619047618625e-01,1.000000000000000000e+00,3.428841726444507909e+00,0.000000000000000000e+00,1.666666666666666574e-01,3.428841726444507909e+00
4.095000012208856060e+04,8.323826172166998161e-01,5.985639159570416146e-02,1.452380490048617689e+00,1.475038439313363092e+00,5.120782822975699089e-01,8.134050877775151900e-01,7.142857142857143016e-01,6.666666666666666297e-01,3.466701648181997442e+00,4.166666666666666435e-02,3.333333333333333148e-01,3.548620650835714763e+00
4.096000012211837748e+04,9.171818305540199168e-01,5.658716158248579958e-02,1.730289392067098087e+00,1.554348825386353106e+00,7.461525074495142240e-01,1.041651134629128617e+00,7.619047619047618625e-01,8.333333333333333703e-01,3.482004340744739412e+00,0.000000000000000000e+00,1.666666666666666574e-01,3.835250655736070602e+00
4.097000012214819435e+04,8.945531766545757879e-01,4.907163138067046487e-02,1.157504200980639775e+00,2.397558265706024372e+00,4.481863879380700300e-01,7.648318059792762469e-01,6.666666666666666297e-01,6.666666666666666297e-01,3.324957610234274608e+00,1.250000000000000000e-01,3.333333333333333148e-01,3.324957610234274608e+00
4.098000012217800395e+04,1.094990344283560457e+00,7.698687358366794464e-02,1.446877906938265346e+00,1.536734757148148889e+00,4.140411246342194374e-01,3.048320287392476957e-01,6.190476190476190688e-01,8.333333333333333703e-01,3.148367608096755976e+00,8.333333333333332871e-02,3.333333333333333148e-01,3.148367608096755976e+00
4.099000012220782082e+04,1.356812093623482207e+00,7.120632052126736611e-02,9.206172607138329855e-01,1.644718447532656391e+00,6.640638022930668294e-01,9.597661848421045194e-01,6.190476190476190688e-01,6.666666666666666297e-01,3.522679399383473076e+00,0.000000000000000000e+00,1.666666666666666574e-01,3.672234659636335774e+00
4.100000012223763042e+04,1.362057336451949929e+00,5.741207381675302729e-02,1.195453844691027001e+00,2.339074519890308235e+00,7.105370184321673221e-01,1.006324876568507776e+00,6.190476190476190688e-01,6.666666666666666297e-01,3.272390403691189498e+00,8.333333333333332871e-02,3.333333333333333148e-01,3.272390403691189498e+00
4.101000012226744730e+04,9.749395241363734144e-01,6.782236067611430164e-02,9.267102768997900197e-01,1.552027202121395888e+00,7.602964698506388119e-01,1.068812374594070302e+00,8.095238095238095344e-01,8.333333333333333703e-01,3.116779923143886855e+00,4.166666666666666435e-02,3.333333333333333148e-01,3.116779923143886855e+00
4.102000012229726417e+04,7.718917636500897128e-01,4.814205317142342122e-02,1.611250362062181196e+00,2.308581774952904286e+00,6.048534476327375176e-01,9.536309014523703942e-01,6.666666666666666297e-01,1.000000000000000000e+00,3.513235901152451657e+00,0.000000000000000000e+00,1.666666666666666574e-01,3.513235901152451657e+00
4.103000012232707377e+04,8.115074112838668308e-01,6.569184709340640527e-02,5.917213398592372497e-01,1.578398712339685872e+00,7.245549364244265877e-01,1.049623070012914106e+00,7.619047619047618625e-01,8.333333333333333703e-01,3.566794170976105516e+00,0.000000000000000000e+00,1.666666666666666574e-01,3.647428795450687211e+00
4.104000012235689064e+04,7.476238826880882149e-01,6.475937030547346263e-02,1.753569603614276273e+00,1.470217280697277529e+00,3.207165703628381270e-01,6.387727386624632020e-01,7.619047619047618625e-01,8.333333333333333703e-01,3.604230271079586601e+00,0.000000000000000000e+00,1.666666666666666574e-01,3.665189835063810353e+00
4.105000012238670752e+04,1.530659789588414421e+00,4.082847142934950546e-02,1.187743408841152926e+00,1.106071744175054716e+00,6.368964674294966821e-01,9.126005768766706217e-01,4.285714285714285476e-01,8.333333333333333703e-01,3.399127364712807964e+00,8.333333333333332871e-02,3.333333333333333148e-01,3.490306230692805656e+00
4.106000012241651712e+04,7.351476628324375984e-01,5.361731417133263483e-02,5.085199704067765447e-01,1.532990155781958297e+00,4.228944777066356853e-01,7.673926039341689709e-01,5.714285714285713969e-01,1.000000000000000000e+00,3.312506349277497097e+00,8.333333333333332871e-02,3.333333333333333148e-01,3.312506349277497097e+00
4.107000012244633399e+04,1.145077086774291208e+00,5.075835217041065744e-02,1.805168761117693421e+00,1.562993433112968900e+00,1.791348934444831620e-01,4.589427509130597493e-01,5.714285714285713969e-01,8.333333333333333703e-01,3.432986427204889335e+00,0.000000000000000000e+00,1.666666666666666574e-01,3.493859356392340132e+00
4.108000012247614359e+04,8.343654757984663162e-01,8.812137912680832741e-02,1.382812365566795876e+00,1.340741228294906273e+00,2.367915864532616765e-01,5.707187484222986384e-01,7.142857142857143016e-01,6.666666666666666297e-01,3.360697525041535183e+00,0.000000000000000000e+00,1.666666666666666574e-01,3.437954622075412470e+00
4.109000012250596046e+04,6.735826352004236073e-01,5.131739756522742807e-02,7.610279713120055023e-01,1.620516802643706455e+00,3.167593653079147087e-01,6.095393536331872308e-01,6.666666666666666297e-01,1.000000000000000000e+00,3.458967745697394847e+00,0.000000000000000000e+00,1.666666666666666574e-01,3.458967745697394847e+00
4.110000012253577734e+04,4.249393653084015399e-01,7.766500689113801925e-02,1.648956780844727632e+00,1.333994176011956689e+00,3.616716332434806724e-01,6.090278348001629816e-01,8.571428571428570953e-01,1.000000000000000000e+00,3.109036048935220453e+00,0.000000000000000000e+00,1.666666666666666574e-01,3.109036048935220453e+00
4.111000012256558693e+04,7.802380442770577851e-01,7.335744359623722066e-02,1.719574074167139921e+00,1.325352212838943666e+00,4.350979780989895906e-01,7.653516186553550593e-01,8.095238095238095344e-01,8.333333333333333703e-01,3.642211741604065356e+00,8.333333333333332871e-02,3.333333333333333148e-01,3.642211741604065356e+00
4.112000012259540381e+04,1.116841600579297600e+00,5.822064731186479825e-02,5.956039471202131397e-01,1.470788797066270748e+00,6.115194339009345503e-01,8.924592252444919493e-01,7.142857142857143016e-01,1.000000000000000000e+00,3.297299840831031670e+00,0.000000000000000000e+00,1.666666666666666574e-01,3.297299840831031670e+00
4.113000012262521341e+04,9.505420502366948021e-01,4.077960960095348975e-02,1.217650371764383177e+00,1.623553291641027130e+00,5.843575965937473082e-01,8.308649450103251510e-01,8.571428571428570953e-01,1.000000000000000000e+00,3.501786506223272699e+00,0.000000000000000000e+00,1.666666666666666574e-01,3.636373814031295115e+00
4.114000012265503028e+04,7.819864750303561207e-01,5.056450554884920484e-02,1.376111865626516328e+00,1.706795465836515424e+00,2.418698155709306519e-01,5.834948534255285368e-01,7.142857142857143016e-01,6.666666666666666297e-01,3.051829100635591541e+00,4.166666666666666435e-02,3.333333333333333148e-01,3.051829100635591541e+00
4.115000012268484716e+04,5.991171660433241009e-01,5.344800514969378497e-02,2.138484190141919594e+00,1.556954245076627386e+00,4.403695762546023795e-01,7.171388481567233519e-01,6.666666666666666297e-01,8.333333333333333703e-01,3.713512591070817326e+00,4.166666666666666435e-02,3.333333333333333148e-01,3.713512591070817326e+00
4.116000012271465675e+04,8.475873439432316525e-01,6.767739197565063314e-02,1.776967985308870901e+00,2.126796135446050950e+00,9.329781060725279851e-02,3.961514504484852650e-01,7.142857142857143016e-01,6.666666666666666297e-01,3.056809244311638363e+00,4.166666666666666435e-02,3.333333333333333148e-01,3.056809244311638363e+00
4.117000012274447363e+04,8.274376475867526448e-01,5.518608648921766169e-02,1.026772422146389641e+00,1.697278560664552849e+00,5.577281923373716976e-01,9.026987771895607082e-01,6.666666666666666297e-01,6.666666666666666297e-01,3.055805988923212979e+00,4.166666666666666435e-02,3.333333333333333148e-01,3.055805988923212979e+00
4.118000012277428323e+04,9.853797137574520359e-01,2.716000103275289373e-02,1.415286579884730500e+00,1.594827989782836575e+00,4.759197886764554020e-01,8.262348369442557017e-01,4.761904761904761640e-01,6.666666666666666297e-01,3.192986371163008208e+00,0.000000000000000000e+00,1.666666666666666574e-01,3.192986371163008208e+00
4.119000012280410010e+04,1.027855372764742148e+00,4.543965565057597050e-02,2.016075357973504900e+00,2.047713582563003953e+00,5.790026836098693952e-01,8.896369729200869214e-01,4.761904761904761640e-01,6.666666666666666297e-01,3.057431156650618931e+00,0.000000000000000000e+00,1.666666666666666574e-01,3.057431156650618931e+00
4.120000012283391698e+04,8.295348544189697915e-01,6.079266581969003380e-02,1.335330263589593391e+00,1.273825211254794088e+00,3.919402481188280496e-01,4.473880585742482374e-01,6.190476190476190688e-01,1.000000000000000000e+00,3.283769183350917054e+00,0.000000000000000000e+00,1.666666666666666574e-01,3.283769183350917054e+00
4.121000012286372657e+04,9.198750725403969097e-01,7.418603925889133421e-02,1.377761744792824761e+00,1.469004246570298600e+00,3.418012920105251706e-01,2.655616539302327328e-01,4.285714285714285476e-01,6.666666666666666297e-01,3.178861290233255588e+00,4.166666666666666435e-02,3.333333333333333148e-01,3.178861290233255588e+00
4.122000012289354345e+04,9.584117195470669426e-01,3.605875426116635779e-02,1.735034453438847324e+00,1.730946412904253329e+00,3.863853128632391831e-01,7.166650724613392587e-01,7.142857142857143016e-01,8.333333333333333703e-01,3.413785050097646323e+00,8.333333333333332871e-02,3.333333333333333148e-01,3.413785050097646323e+00
4.123000012292336032e+04,1.199327918280576499e+00,5.046498597608990722e-02,1.355447670378415959e+00,1.464604468607487053e+00,3.195700437989218434e-01,4.182560319971215246e-01,3.809523809523809312e-01,6.666666666666666297e-01,3.013224492339567906e+00,4.166666666666666435e-02,3.333333333333333148e-01,3.013224492339567906e+00
4.124000012295316992e+04,1.029709470724955001e+00,4.635701289154804672e-02,1.118727382789993285e+00,1.662648823395067588e+00,3.923066160946431791e-01,6.730716713122864014e-01,3.809523809523809312e-01,6.666666666666666297e-01,2.733648018824254233e+00,1.250000000000000000e-01,3.333333333333333148e-01,2.733648018824254233e+00
4.125000012298298680e+04,6.223359133249154462e-01,5.749845902989396407e-02,1.622656187167929254e+00,1.337272075507225155e+00,2.403611920050167106e-01,5.537189062959855246e-01,4.761904761904761640e-01,8.333333333333333703e-01,2.938180537871657450e+00,4.166666666666666435e-02,3.333333333333333148e-01,2.938180537871657450e+00
4.126000012301279639e+04,7.058518010397524245e-01,4.259890718413036903e-02,1.782046801117650459e+00,2.320962803669079477e+00,2.520105853540577368e-01,5.941346039040060756e-01,7.619047619047618625e-01,1.000000000000000000e+00,3.149763754943627703e+00,4.166666666666666435e-02,3.333333333333333148e-01,3.149763754943627703e+00
4.127000012304261327e+04,9.468895347455833500e-01,4.013233072848772925e-02,9.521415996651679814e-01,1.634150750735851698e+00,3.496570605085585481e-01,6.310121440540665816e-01,5.714285714285713969e-01,1.000000000000000000e+00,3.177137038452165996e+00,0.000000000000000000e+00,1.666666666666666574e-01,3.177137038452165996e+00
4.128000012307243014e+04,9.167731971799125690e-01,5.800187602054832775e-02,9.545440854615663273e-01,8.750262980839531579e-01,5.032110447286142207e-01,7.022106706458739467e-01,5.714285714285713969e-01,1.000000000000000000e+00,2.982699900543858806e+00,0.000000000000000000e+00,1.666666666666666574e-01,2.982699900543858806e+00
4.129000012310223974e+04,9.937740656515782200e-01,4.447164886844406917e-02,1.830031958429594985e+00,1.904255563336862966e+00,7.392664138276922037e-01,1.051185155645140590e+00,5.714285714285713969e-01,1.000000000000000000e+00,3.183141685745536797e+00,0.000000000000000000e+00,1.666666666666666574e-01,3.183141685745536797e+00
4.130000012313205661e+04,9.869019898957726022e-01,6.760388103322989561e-02,1.118982359011696515e+00,8.020924449107604826e-01,4.654955728478634702e-01,5.414684213408034186e-01,4.285714285714285476e-01,6.666666666666666297e-01,2.856722709763553691e+00,8.333333333333332871e-02,3.333333333333333148e-01,2.856722709763553691e+00
4.131000012316186621e+04,8.773458759889937175e-01,5.093289659375591083e-02,9.454693067155098829e-01,1.984948892721474678e+00,5.158206060860549558e-01,7.736513813512045923e-01,5.714285714285713969e-01,8.333333333333333703e-01,3.366931852590223873e+00,0.000000000000000000e+00,1.666666666666666574e-01,3.366931852590223873e+00
4.132000012319168309e+04,9.740277045330512085e-01,5.770950342239757752e-02,1.054604142963789126e+00,1.213412771918088717e+00,4.940550501161841690e-01,6.797982421587778212e-01,6.666666666666666297e-01,1.000000000000000000e+00,3.036567773696164707e+00,0.000000000000000000e+00,1.666666666666666574e-01,3.036567773696164707e+00
4.133000012322149996e+04,6.490587183348323075e-01,6.557313916554474709e-02,6.389889149512137934e-01,1.205969474926069651e+00,8.009690295337457133e-01,1.129961360052876396e+00,6.666666666666666297e-01,8.333333333333333703e-01,3.216107217703830123e+00,0.000000000000000000e+00,1.666666666666666574e-01,3.216107217703830123e+00
4.134000012325130956e+04,7.277960885382148692e-01,6.052504148586165117e-02,2.007560951732821231e+00,2.902916640444715313e+00,4.835027399211425103e-01,8.112888394165089778e-01,7.142857142857143016e-01,1.000000000000000000e+00,3.336972916626210317e+00,0.000000000000000000e+00,1.666666666666666574e-01,3.336972916626210317e+00
4.135000012328112643e+04,6.850932002002275700e-01,5.521664974293181982e-02,7.505307401070865359e-01,1.415941591900228946e+00,5.317526981684773668e-01,8.546413668674177622e-01,4.761904761904761640e-01,8.333333333333333703e-01,3.212331434908784811e+00,0.000000000000000000e+00,1.666666666666666574e-01,3.212331434908784811e+00
4.136000012331094331e+04,1.116462581895261597e+00,5.229877717201490001e-02,1.107013473625808153e+00,8.331447487161466325e-01,7.789680343376864657e-01,9.385879583333572862e-01,7.619047619047618625e-01,8.333333333333333703e-01,2.966593230466723519e+00,0.000000000000000000e+00,1.666666666666666574e-01,2.966593230466723519e+00
4.137000012334075291e+04,6.256917666722731086e-01,7.348353242044573796e-02,7.481864928125065983e-01,1.854945979063704620e+00,3.885827612237683915e-01,6.723396762272828564e-01,7.619047619047618625e-01,1.000000000000000000e+00,3.312956800167571103e+00,4.166666666666666435e-02,3.333333333333333148e-01,3.312956800167571103e+00
4.138000012337056978e+04,3.920776082145999708e-01,4.962027390030498281e-02,1.314824021355567973e+00,1.449462807559752431e+00,2.642034814975804391e-01,5.912978592858170179e-01,5.238095238095238360e-01,1.000000000000000000e+00,2.985461936154593321e+00,0.000000000000000000e+00,1.666666666666666574e-01,2.985461936154593321e+00
4.139000012340037938e+04,5.415522918485463633e-01,7.179382862055623538e-02,9.849532627393529083e-01,2.158590151477776775e+00,6.135875403835899800e-01,9.426728750804037604e-01,7.619047619047618625e-01,8.333333333333333703e-01,3.177764627889145821e+00,0.000000000000000000e+00,1.666666666666666574e-01,3.177764627889145821e+00
4.140000012343019625e+04,8.473058566850345530e-01,3.542648519964312903e-02,8.485842721628380492e-01,2.240914153358108507e+00,1.381897832085276223e-01,4.715715519931824584e-01,7.142857142857143016e-01,1.000000000000000000e+00,3.549099229702191050e+00,1.250000000000000000e-01,3.333333333333333148e-01,3.651342828572343713e+00
4.141000012346001313e+04,8.221294039891404726e-01,4.774393364282478874e-02,9.653633105313044194e-01,1.330410637071242297e+00,3.618602830003158077e-01,6.339270463424875324e-01,5.714285714285713969e-01,1.000000000000000000e+00,3.166774543185065571e+00,0.000000000000000000e+00,1.666666666666666574e-01,3.166774543185065571e+00
4.142000012348982273e+04,8.133432620438827421e-01,5.781309437497996612e-02,6.359048241055416106e-01,1.292121401778576262e+00,7.485380324133502628e-01,8.806508408795702403e-01,8.095238095238095344e-01,1.000000000000000000e+00,3.522953661587250984e+00,0.000000000000000000e+00,1.666666666666666574e-01,3.625014079880564122e+00
4.143000012351963960e+04,4.091436113293341337e-01,6.074904627465228801e-02,6.459887015093096485e-01,1.519736084682987931e+00,2.880592642206761811e-01,6.293055424315171509e-01,7.619047619047618625e-01,1.000000000000000000e+00,3.466373396901141657e+00,0.000000000000000000e+00,1.666666666666666574e-01,3.756754777234660114e+00
4.144000012354944920e+04,7.681277288331020969e-01,5.227119844745965749e-02,1.394434784344365852e+00,2.180747343155830631e+00,4.893788539478160504e-01,7.890526971336124795e-01,8.571428571428570953e-01,1.000000000000000000e+00,3.176443480477952885e+00,0.000000000000000000e+00,1.666666666666666574e-01,3.176443480477952885e+00
4.145000012357926607e+04,7.234571575541602906e-01,5.390016826555932977e-02,7.380438798924595645e-01,1.833573166844271185e+00,5.052233308797043909e-01,7.655740626125029369e-01,6.666666666666666297e-01,8.333333333333333703e-01,3.021661809652540498e+00,0.000000000000000000e+00,1.666666666666666574e-01,3.021661809652540498e+00
4.146000012360908295e+04,7.755647351294494563e-01,6.102402867386196028e-02,9.900466606493170119e-01,1.502861164362718993e+00,2.699782474958839495e-01,3.876822261435054484e-01,6.190476190476190688e-01,8.333333333333333703e-01,3.399880656790669420e+00,0.000000000000000000e+00,1.666666666666666574e-01,3.399880656790669420e+00
4.147000012363889255e+04,7.571287980268723850e-01,3.643935089055502091e-02,5.755921892887511104e-01,1.476305680772303841e+00,2.600651900422765173e-01,4.888223997764350459e-01,6.666666666666666297e-01,8.333333333333333703e-01,3.131152733366445950e+00,8.333333333333332871e-02,3.333333333333333148e-01,3.131152733366445950e+00
4.148000012366870942e+04,4.813329056499758285e-01,4.559681088829280193e-02,4.200464985826549147e-01,1.136257592588467702e+00,3.029847769719403727e-01,6.434831925333274194e-01,8.571428571428570953e-01,1.000000000000000000e+00,3.498914833457652307e+00,1.250000000000000000e-01,3.333333333333333148e-01,3.498914833457652307e+00
4.149000012369851902e+04,4.795922545729753850e-01,6.882353386873801826e-02,4.227541077621168597e-01,1.314585869432051579e+00,2.987950978164714555e-01,6.166774156976582155e-01,6.190476190476190688e-01,8.333333333333333703e-01,3.073969590967052135e+00,4.166666666666666435e-02,3.333333333333333148e-01,3.073969590967052135e+00
4.150000012372833589e+04,5.469879487446638322e-01,5.176226263115615844e-02,7.538034640455647528e-01,1.222803455769889247e+00,3.601836988603369094e-01,6.338704275052994275e-01,6.190476190476190688e-01,6.666666666666666297e-01,3.108916611343904179e+00,4.166666666666666435e-02,3.333333333333333148e-01,3.108916611343904179e+00
4.151000012375815277e+04,1.132079486928274203e+00,5.625438730772608364e-02,6.116053910037019259e-01,1.553496296061974702e+00,3.307134382694985053e-01,5.277794855198822965e-01,6.190476190476190688e-01,8.333333333333333703e-01,3.472925018191851620e+00,0.000000000000000000e+00,1.666666666666666574e-01,3.472925018191851620e+00
4.152000012378796237e+04,5.533894864030990401e-01,5.405456445146777922e-02,1.113958319049753287e+00,1.170910537615362790e+00,5.837042347856172819e-01,7.121923259243339022e-01,6.666666666666666297e-01,1.000000000000000000e+00,3.548192057781370590e+00,0.000000000000000000e+00,1.666666666666666574e-01,3.548192057781370590e+00
4.153000012381777924e+04,9.550504719133040554e-01,5.283590135434794444e-02,1.223203851816266896e+00,2.696308140305048617e+00,5.260899976402033662e-01,5.805136189961889182e-01,7.142857142857143016e-01,1.000000000000000000e+00,3.534765009026771043e+00,4.166666666666666435e-02,3.333333333333333148e-01,3.534765009026771043e+00
4.154000012384759611e+04,9.019632826191383845e-01,5.545083430356703702e-02,8.044568937383623775e-01,1.919535676585127693e+00,9.340896566313598992e-01,1.125907319790915073e+00,5.714285714285713969e-01,8.333333333333333703e-01,3.482582818321605878e+00,0.000000000000000000e+00,1.666666666666666574e-01,3.482582818321605878e+00
4.155000012387740571e+04,1.298759388214293153e+00,5.636137756558776829e-02,9.330214923985757913e-01,1.470425277255438035e+00,7.113288864732921768e-01,7.032556013304334108e-01,6.190476190476190688e-01,8.333333333333333703e-01,3.453339303257227044e+00,0.000000000000000000e+00,1.666666666666666574e-01,3.453339303257227044e+00
4.156000012390722259e+04,4.872909978751906457e-01,5.979686680515348268e-02,1.285376072797185687e+00,1.637117974341965487e+00,4.703493853276119463e-01,6.884927427850296988e-01,7.142857142857143016e-01,1.000000000000000000e+00,3.557517915386314122e+00,0.000000000000000000e+00,1.666666666666666574e-01,3.557517915386314122e+00
4.157000012393703219e+04,1.048679999624646531e+00,8.945427479544559857e-02,7.167912339584797676e-01,1.661429762024217771e+00,9.265477716444914247e-01,1.121786545484898090e+00,5.714285714285713969e-01,1.000000000000000000e+00,3.154273673653955168e+00,0.000000000000000000e+00,1.666666666666666574e-01,3.154273673653955168e+00
4.158000012396684906e+04,7.927132336827892312e-01,5.115429649107439136e-02,9.558664902846916167e-01,2.163101771412736962e+00,6.222873639929212830e-01,7.682654235900497897e-01,8.095238095238095344e-01,1.000000000000000000e+00,3.557182054459534282e+00,0.000000000000000000e+00,1.666666666666666574e-01,3.653411262470067200e+00
4.159000012399666593e+04,5.921403117317661779e-01,3.742622721293223376e-02,1.346930858118283725e+00,1.546623670308812315e+00,5.605751489036486790e-01,8.077151226074951174e-01,8.095238095238095344e-01,1.000000000000000000e+00,3.374442154869213173e+00,8.333333333333332871e-02,3.333333333333333148e-01,3.374442154869213173e+00
4.160000012402647553e+04,5.475371535694191216e-01,5.606757884028976818e-02,9.275591092661076287e-01,2.681174428186267278e+00,7.081719580933603098e-01,1.054348197593018455e+00,6.666666666666666297e-01,1.000000000000000000e+00,3.618516615897398925e+00,1.250000000000000000e-01,3.333333333333333148e-01,3.618516615897398925e+00
4.161000012405629241e+04,3.885598612844417543e-01,8.091295661139161211e-02,9.303556701907929050e-01,2.753199187856326002e+00,4.489408293500073976e-01,7.631517617269154563e-01,6.666666666666666297e-01,8.333333333333333703e-01,3.648511833969185769e+00,1.250000000000000000e-01,3.333333333333333148e-01,3.648511833969185769e+00
4.162000012408610201e+04,9.542843797808505668e-01,4.543146835774670989e-02,6.782028366073629133e-01,2.078978255650111073e+00,4.325738535032805365e-01,7.246345872459678539e-01,7.142857142857143016e-01,1.000000000000000000e+00,3.249829748307436539e+00,8.333333333333332871e-02,3.333333333333333148e-01,3.249829748307436539e+00
4.163000012411591888e+04,1.097708177694021403e+00,6.527449817879206473e-02,9.410923648911094785e-01,1.620277474075921598e+00,1.028191891205201269e+00,1.112789383986409586e+00,6.190476190476190688e-01,1.000000000000000000e+00,3.541728755316956079e+00,0.000000000000000000e+00,1.666666666666666574e-01,3.643689666875617572e+00
4.164000012414573575e+04,7.740152825156847438e-01,4.890593538840825455e-02,4.535028826818883751e-01,1.397418591584509429e+00,7.566044425861325751e-01,9.215202183764847899e-01,9.047619047619047672e-01,1.000000000000000000e+00,3.338805344390068264e+00,0.000000000000000000e+00,1.666666666666666574e-01,3.422173683393609167e+00
4.165000012417554535e+04,1.257985430755424572e+00,5.121441880858563361e-02,1.653338698710969723e+00,2.149378263746816398e+00,4.308987621884052821e-01,5.600161987687086729e-01,4.285714285714285476e-01,6.666666666666666297e-01,3.270359013235085932e+00,8.333333333333332871e-02,3.333333333333333148e-01,3.270359013235085932e+00
4.166000012420536223e+04,1.113846119009535673e+00,6.652228246320900096e-02,4.491251214358831234e-01,1.398736295122679385e+00,8.615478717803770614e-01,9.264577071010223763e-01,6.190476190476190688e-01,8.333333333333333703e-01,3.394674083789725128e+00,4.166666666666666435e-02,3.333333333333333148e-01,3.394674083789725128e+00
4.167000012423517910e+04,1.263617057052837556e+00,5.034685027563316762e-02,7.347592332906360824e-01,1.364832070615286108e+00,9.072767187982887505e-01,1.053605000462093377e+00,3.809523809523809312e-01,1.000000000000000000e+00,3.771275406792971019e+00,0.000000000000000000e+00,1.666666666666666574e-01,3.771275406792971019e+00
4.168000012426498870e+04,1.165310397771254447e+00,4.727164013382540581e-02,1.415290382702181216e+00,1.865134491180198806e+00,6.758793194457379805e-01,8.226864581523705144e-01,3.333333333333333148e-01,6.666666666666666297e-01,3.533831522530909819e+00,0.000000000000000000e+00,1.666666666666666574e-01,4.148945903089015452e+00
4.169000012429480557e+04,1.446811609253025876e+00,3.388617327985807282e-02,9.025876416679091685e-01,1.945130753024943537e+00,7.643940105482343039e-01,8.894273415092424084e-01,5.238095238095238360e-01,8.333333333333333703e-01,3.674756402112679954e+00,4.166666666666666435e-02,3.333333333333333148e-01,3.674756402112679954e+00
4.170000012432461517e+04,1.029701418208780028e+00,3.122202440085962427e-02,1.147255019740851312e+00,1.773069582177110748e+00,5.436063633692681529e-01,6.610434630148721569e-01,5.714285714285713969e-01,6.666666666666666297e-01,3.246683419658917380e+00,8.333333333333332871e-02,3.333333333333333148e-01,3.246683419658917380e+00
4.171000012435443205e+04,8.347970785206169086e-01,4.346229467862404439e-02,8.849714202713038214e-01,1.320571080758027760e+00,2.415239057645327259e-01,3.954883478606158742e-01,6.666666666666666297e-01,6.666666666666666297e-01,2.950802737863448488e+00,1.250000000000000000e-01,3.333333333333333148e-01,2.950802737863448488e+00
4.172000012438424892e+04,1.396437590288390096e+00,5.154901207322754725e-02,1.063857364060715849e+00,2.138803197900155162e+00,7.628917842418291295e-01,7.570199269087072302e-01,6.190476190476190688e-01,6.666666666666666297e-01,3.508407549705655271e+00,8.333333333333332871e-02,3.333333333333333148e-01,3.613651524664698744e+00
4.173000012441405852e+04,5.536494312400731532e-01,5.015752352712048168e-02,1.053614931874102600e+00,2.528966311295962388e+00,5.777837392142787243e-01,8.828436410131285106e-01,7.142857142857143016e-01,8.333333333333333703e-01,3.509258258558048293e+00,8.333333333333332871e-02,3.333333333333333148e-01,3.509258258558048293e+00
4.174000012444387539e+04,1.196271269636861145e+00,7.852725039162032628e-02,8.000746246103108694e-01,1.793090016955009247e+00,5.558506850095833451e-01,7.238597080589994626e-01,4.761904761904761640e-01,6.666666666666666297e-01,3.412307705735591945e+00,8.333333333333332871e-02,3.333333333333333148e-01,3.412307705735591945e+00
4.175000012447368499e+04,5.551774316391413500e-01,6.225926589708403319e-02,8.682432516324064542e-01,1.448418602835075175e+00,9.235151141152693477e-02,4.328585445166455159e-01,5.714285714285713969e-01,8.333333333333333703e-01,3.055441127175940963e+00,4.166666666666666435e-02,3.333333333333333148e-01,3.055441127175940963e+00
4.176000012450350187e+04,5.327508765601068896e-01,6.969376419543979462e-02,9.180504939747058391e-01,1.627896264895272394e+00,5.148106088569371908e-01,7.727722538720894763e-01,6.190476190476190688e-01,8.333333333333333703e-01,3.586019764617171646e+00,8.333333333333332871e-02,3.333333333333333148e-01,3.688995949404358488e+00
4.177000012453331874e+04,6.325481517346980276e-01,4.707228523128045156e-02,9.729250918852695440e-01,1.335406343833260179e+00,4.796749495787639983e-01,6.260407014536257808e-01,6.666666666666666297e-01,6.666666666666666297e-01,3.421190545385507598e+00,4.166666666666666435e-02,3.333333333333333148e-01,3.421190545385507598e+00
4.178000012456312834e+04,1.336461861330313194e+00,6.150921319886471644e-02,9.111968349078852780e-01,1.869226813645957330e+00,9.892819737184647133e-01,1.032026976488490178e+00,5.238095238095238360e-01,6.666666666666666297e-01,3.416753443233012444e+00,4.166666666666666435e-02,3.333333333333333148e-01,3.416753443233012444e+00
4.179000012459294521e+04,7.916815552087088648e-01,5.751434549269580920e-02,1.098442426843702302e+00,1.800444566430730475e+00,6.251348071451100497e-01,8.387741177293632777e-01,7.619047619047618625e-01,1.000000000000000000e+00,3.341549252048694463e+00,1.250000000000000000e-01,3.333333333333333148e-01,3.412440671472984466e+00
4.180000012462275481e+04,4.604105414876241698e-01,4.576994688673533679e-02,8.709720050187159668e-01,1.995535001574585188e+00,5.074367991270096745e-01,8.123826257417163799e-01,7.619047619047618625e-01,1.000000000000000000e+00,3.630949401992568326e+00,8.333333333333332871e-02,3.333333333333333148e-01,3.630949401992568326e+00
4.181000012465257169e+04,4.750250646107183616e-01,6.527015382916294406e-02,9.903636030983175020e-01,1.575774211135081204e+00,4.540358198612557405e-01,6.749717086463863369e-01,8.571428571428570953e-01,1.000000000000000000e+00,3.057165507086832434e+00,8.333333333333332871e-02,3.333333333333333148e-01,3.057165507086832434e+00
4.182000012468238856e+04,5.300871069035358873e-01,6.706788412143634137e-02,1.300571693581586086e+00,1.764915223671021272e+00,5.667721448781800619e-01,7.754643519831545539e-01,5.238095238095238360e-01,1.000000000000000000e+00,3.316836106414299046e+00,8.333333333333332871e-02,3.333333333333333148e-01,3.316836106414299046e+00
4.183000012471219816e+04,6.100064743099075093e-01,5.436566944268172302e-02,1.587126208767930979e+00,1.853911535698512525e+00,1.382677099498952900e-01,4.377774146090277485e-01,7.619047619047618625e-01,1.000000000000000000e+00,3.396508389160738162e+00,1.250000000000000000e-01,3.333333333333333148e-01,3.396508389160738162e+00
4.184000012474201503e+04,8.915077010461329721e-01,5.855990264272560586e-02,4.327024417551570967e-01,1.357258541192740475e+00,8.717001364558982779e-01,1.012783043562258678e+00,6.666666666666666297e-01,8.333333333333333703e-01,3.473161486424733990e+00,4.166666666666666435e-02,3.333333333333333148e-01,3.473161486424733990e+00
4.185000012477183191e+04,4.000674179499686955e-01,6.256335587159003730e-02,4.333269870039110350e-01,1.724599973596171676e+00,5.107856158215019482e-01,3.943378917357073798e-01,7.619047619047618625e-01,6.666666666666666297e-01,3.622633039835178703e+00,4.166666666666666435e-02,3.333333333333333148e-01,3.685514024593450344e+00
4.186000012480164150e+04,4.604017390823314515e-01,7.173314103935855834e-02,9.899903987011478002e-01,1.939691121117371519e+00,4.904971233616672310e-01,7.056577793142770894e-01,7.142857142857143016e-01,8.333333333333333703e-01,3.297783953670004209e+00,1.250000000000000000e-01,3.333333333333333148e-01,3.297783953670004209e+00
4.187000012483145838e+04,9.486859036965200609e-01,6.080717831458037209e-02,1.059728836253468920e+00,2.087209543373654608e+00,6.658357059100799002e-01,8.840467731609213953e-01,7.619047619047618625e-01,5.000000000000000000e-01,3.397628858393854756e+00,8.333333333333332871e-02,3.333333333333333148e-01,3.397628858393854756e+00
4.188000012486126798e+04,3.617993458423863218e-01,5.824911742433882406e-02,5.480160198519210546e-01,1.745923583241599575e+00,5.680730513390663816e-01,6.197092833649221477e-01,6.190476190476190688e-01,5.000000000000000000e-01,3.272964610839268484e+00,8.333333333333332871e-02,3.333333333333333148e-01,3.272964610839268484e+00
4.189000012489108485e+04,3.444276975240862515e-01,6.041155779087144934e-02,4.237508751204106527e-01,1.711788389600682025e+00,3.180942514989922865e-01,5.224630226210249528e-01,8.095238095238095344e-01,8.333333333333333703e-01,3.464299804930544457e+00,1.250000000000000000e-01,3.333333333333333148e-01,3.569415554581325978e+00
4.190000012492090173e+04,6.604118611569137487e-01,5.745996274440462459e-02,1.074384212141572315e+00,2.349705340437973966e+00,9.584756063033290641e-01,8.227076520119535052e-01,4.761904761904761640e-01,6.666666666666666297e-01,3.095253759460620646e+00,8.333333333333332871e-02,3.333333333333333148e-01,3.095253759460620646e+00
4.191000012495071132e+04,2.969258972083355652e-01,5.093882189880358929e-02,8.266884096026826390e-01,2.021961994844313715e+00,4.371043496300393016e-01,6.409485117875221016e-01,5.714285714285713969e-01,8.333333333333333703e-01,3.610471943184039745e+00,8.333333333333332871e-02,3.333333333333333148e-01,3.979754208163631013e+00
4.192000012498052820e+04,3.933249664685375957e-01,5.317327008855165377e-02,8.330294580835668761e-01,1.693225958230861750e+00,2.163960751015703288e-01,4.757094151984205821e-01,6.666666666666666297e-01,1.000000000000000000e+00,3.646442829934013030e+00,4.166666666666666435e-02,3.333333333333333148e-01,3.646442829934013030e+00
4.193000012501033780e+04,1.005300026880685316e+00,4.706090078998393517e-02,1.910907325568097948e+00,1.712780910873348494e+00,7.743349844707781982e-01,8.039169477789099849e-01,6.666666666666666297e-01,8.333333333333333703e-01,3.336402047066995724e+00,1.250000000000000000e-01,3.333333333333333148e-01,3.336402047066995724e+00
4.194000012504015467e+04,6.994151502411964927e-01,5.998965200420215693e-02,5.946189899363842901e-01,1.483827315397955537e+00,3.739461559272299618e-01,5.634010347529599949e-01,7.142857142857143016e-01,1.000000000000000000e+00,3.316468240006912982e+00,8.333333333333332871e-02,3.333333333333333148e-01,3.316468240006912982e+00
4.195000012506997155e+04,5.690694985957375218e-01,7.976884298196704193e-02,1.046033209798531871e+00,1.832306635958223628e+00,4.668979376623271782e-01,6.689390673852471103e-01,6.666666666666666297e-01,1.000000000000000000e+00,3.373201670406195785e+00,0.000000000000000000e+00,1.666666666666666574e-01,3.373201670406195785e+00
4.196000012509978114e+04,6.731359215237895377e-01,6.972151095724765657e-02,3.741440916505202052e-01,1.446890251484651113e+00,3.171829819463247713e-01,3.328175005977219714e-01,5.714285714285713969e-01,6.666666666666666297e-01,3.594759611468697269e+00,8.333333333333332871e-02,3.333333333333333148e-01,3.594759611468697269e+00
4.197000012512959802e+04,2.315174937900879581e-01,3.919231114918002995e-02,1.186684748326335193e+00,1.601976619181078920e+00,3.337468604653724968e-01,6.272895530281941134e-01,7.142857142857143016e-01,1.000000000000000000e+00,3.162127542859010099e+00,4.166666666666666435e-02,3.333333333333333148e-01,3.162127542859010099e+00
4.198000012515941489e+04,6.689198506974740610e-01,4.588695791250246153e-02,1.294945627336716365e+00,2.014097169937181242e+00,3.311922680246315309e-01,5.580283379547587019e-01,4.761904761904761640e-01,8.333333333333333703e-01,3.462287590292582262e+00,8.333333333333332871e-02,3.333333333333333148e-01,3.462287590292582262e+00
4.199000012518922449e+04,4.461818618447792595e-01,7.927897872107370070e-02,4.415453204717771363e-01,1.856465923525269845e+00,2.907339872553358351e-01,4.885685068208301396e-01,6.666666666666666297e-01,8.333333333333333703e-01,3.280925264011282483e+00,0.000000000000000000e+00,1.666666666666666574e-01,3.373847622149788172e+00
4.200000012521904137e+04,8.899245961822896955e-01,6.830515124989804121e-02,1.337805331492804672e+00,1.489644700282969803e+00,6.125295534905663697e-01,9.076215098092360600e-01,5.714285714285713969e-01,1.000000000000000000e+00,3.809950431587118658e+00,0.000000000000000000e+00,1.666666666666666574e-01,4.345504392356319023e+00
4.201000012524885096e+04,3.853544596844527548e-01,5.361333886693992606e-02,8.575796062165360611e-01,1.601077033235050795e+00,5.743716964564676841e-01,8.918977204895190969e-01,4.285714285714285476e-01,1.000000000000000000e+00,3.719978425007991696e+00,4.166666666666666435e-02,3.333333333333333148e-01,3.719978425007991696e+00
4.202000012527866784e+04,1.196526492741715408e+00,7.180429479526950765e-02,1.297234636236399341e+00,2.158466479475847244e+00,6.438157234458444789e-01,7.378456281268044314e-01,5.238095238095238360e-01,6.666666666666666297e-01,3.531844145394111401e+00,8.333333333333332871e-02,3.333333333333333148e-01,3.708441965304849042e+00
4.203000012530848471e+04,6.491330169617963719e-01,6.676134315261524066e-02,1.053816044264947349e+00,1.954008973296444518e+00,5.091595815049800855e-01,7.470182626432579909e-01,3.809523809523809312e-01,6.666666666666666297e-01,3.470901038716716513e+00,8.333333333333332871e-02,3.333333333333333148e-01,3.470901038716716513e+00
4.204000012533829431e+04,1.012247216057874821e+00,5.768739093132486256e-02,1.190214275039586767e+00,1.701650844863374923e+00,5.361021257986449129e-01,7.347166672126832498e-01,4.285714285714285476e-01,1.000000000000000000e+00,3.542634138176868230e+00,8.333333333333332871e-02,3.333333333333333148e-01,3.542634138176868230e+00
4.205000012536811118e+04,7.825061171053325770e-01,6.359869021188906124e-02,7.831236661814883204e-01,1.549514891488167789e+00,4.991404226862590221e-01,8.309795101358633529e-01,7.142857142857143016e-01,8.333333333333333703e-01,3.504994734651065258e+00,0.000000000000000000e+00,1.666666666666666574e-01,3.736069376372458173e+00
4.206000012539792078e+04,6.926935245329745028e-01,6.111270866292584786e-02,9.703208645472394256e-01,1.958630296634175316e+00,6.805499967296549935e-01,9.754302992379497717e-01,7.619047619047618625e-01,8.333333333333333703e-01,3.570963496763122524e+00,0.000000000000000000e+00,1.666666666666666574e-01,4.023388819047692522e+00
4.207000012542773766e+04,6.609233566480942068e-01,5.601721258547569943e-02,1.380726479414337238e+00,2.205787949709131279e+00,5.305751363790965902e-01,8.462442655612201214e-01,5.714285714285713969e-01,1.000000000000000000e+00,3.610848572870223538e+00,0.000000000000000000e+00,1.666666666666666574e-01,3.784605212276273889e+00
4.208000012545755453e+04,7.627810922119707682e-01,5.632526884676008344e-02,7.245297982137035575e-01,9.730645315450018318e-01,5.078770718796283834e-01,8.326706390210709685e-01,5.714285714285713969e-01,5.000000000000000000e-01,3.581942371714010420e+00,8.333333333333332871e-02,3.333333333333333148e-01,3.626356372939322448e+00
4.209000012548736413e+04,4.601426117073339483e-01,6.717768349188818489e-02,8.448976626966141490e-01,1.126298859603718672e+00,6.650693265634177731e-01,9.978999086194942914e-01,6.190476190476190688e-01,8.333333333333333703e-01,3.490718562497395983e+00,4.166666666666666435e-02,3.333333333333333148e-01,4.161752310696665624e+00
4.210000012551718100e+04,6.386825129537824219e-01,6.164221030268858537e-02,1.251263737055567704e+00,1.646886245324963305e+00,4.130427697569928336e-01,6.991015254937660295e-01,5.238095238095238360e-01,6.666666666666666297e-01,3.484205293438540352e+00,4.166666666666666435e-02,3.333333333333333148e-01,3.484205293438540352e+00
4.211000012554699060e+04,4.723997199045831819e-01,6.840760709112549132e-02,7.542069289392012710e-01,1.704137386735140591e+00,2.863812876754970871e-01,6.239143375116343870e-01,7.619047619047618625e-01,8.333333333333333703e-01,3.444544695208499707e+00,4.166666666666666435e-02,3.333333333333333148e-01,3.519189163612084670e+00
4.212000012557680748e+04,8.522745510912187461e-01,1.074924030600994396e-01,9.239376452885033064e-01,1.950477144880023772e+00,3.032103253783343111e-01,3.135736251192872137e-01,6.666666666666666297e-01,6.666666666666666297e-01,3.242262218889384595e+00,4.166666666666666435e-02,3.333333333333333148e-01,3.242262218889384595e+00
4.213000012560662435e+04,4.907469802092363498e-01,5.362065888686133597e-02,1.047323714614341039e+00,7.833057239599526822e-01,2.525927195227883337e-01,5.914839417782082887e-01,6.666666666666666297e-01,8.333333333333333703e-01,3.526172837055161047e+00,4.166666666666666435e-02,3.333333333333333148e-01,3.526172837055161047e+00
4.214000012563643395e+04,6.250323280719765062e-01,5.800201212771498305e-02,9.048962384028749195e-01,1.457599317284611118e+00,4.131750721008733418e-01,7.595458609591607679e-01,5.714285714285713969e-01,8.333333333333333703e-01,3.404399972204932290e+00,1.250000000000000000e-01,3.333333333333333148e-01,3.404399972204932290e+00
4.215000012566625082e+04,2.390239724151832501e-01,4.250371789008378781e-02,7.630549038685204843e-01,1.422544131373470133e+00,5.775318224260178601e-01,9.092995552180156427e-01,4.285714285714285476e-01,1.000000000000000000e+00,3.308591772081668214e+00,4.166666666666666435e-02,3.333333333333333148e-01,3.308591772081668214e+00
4.216000012569606770e+04,6.091277936833510154e-01,3.990040868885542241e-02,1.022620045422854007e+00,1.239381345656443756e+00,4.063121200738545324e-01,6.670280873017511158e-01,4.761904761904761640e-01,1.000000000000000000e+00,3.252366880296181595e+00,0.000000000000000000e+00,1.666666666666666574e-01,3.252366880296181595e+00
4.217000012572587730e+04,6.550330596974432984e-01,4.899906865933814637e-02,9.377427485048021039e-01,1.504401939382360220e+00,4.677361760627430365e-01,6.204765453366152261e-01,4.761904761904761640e-01,8.333333333333333703e-01,3.440855100061545713e+00,1.250000000000000000e-01,3.333333333333333148e-01,3.440855100061545713e+00
4.218000012575569417e+04,9.370025849216498948e-01,6.206987949343181071e-02,1.168908632059902697e+00,1.645529504736218174e+00,2.677319405937659824e-01,5.533654750784861021e-01,6.666666666666666297e-01,8.333333333333333703e-01,3.497781042874362090e+00,1.666666666666666574e-01,3.333333333333333148e-01,3.452892096598349170e+00
4.219000012578550377e+04,1.079037377705346801e+00,5.347680916398892675e-02,6.452123327353345150e-01,1.924877179719363784e+00,5.963757008277664751e-01,8.603294307844189248e-01,6.666666666666666297e-01,8.333333333333333703e-01,3.633631877939911270e+00,1.250000000000000000e-01,3.333333333333333148e-01,3.620858012635499001e+00
4.220000012581532064e+04,7.656661953003170984e-01,4.948724172199356341e-02,8.541954956655232190e-01,1.468017954763753075e+00,3.905990504886001080e-01,6.944800507641433196e-01,6.666666666666666297e-01,1.000000000000000000e+00,3.806183052183810478e+00,8.333333333333332871e-02,3.333333333333333148e-01,4.249349955466100504e+00
4.221000012584513752e+04,7.877972309269716256e-01,6.922219775255904206e-02,4.938925995863901464e-01,1.544909241617320239e+00,4.384440815578938277e-01,7.230506780461952721e-01,7.142857142857143016e-01,1.000000000000000000e+00,3.478317363962861286e+00,4.166666666666666435e-02,3.333333333333333148e-01,3.478317363962861286e+00
4.222000012587494712e+04,4.434953690987364361e-01,5.283046036825947422e-02,5.095741980703375473e-01,1.184297822614137186e+00,4.564911405151970136e-01,7.813392843021969014e-01,7.142857142857143016e-01,1.000000000000000000e+00,3.136154165899267099e+00,4.166666666666666435e-02,3.333333333333333148e-01,3.136154165899267099e+00
4.223000012590476399e+04,3.412570700561253223e-01,6.217845365789908402e-02,5.785365046225701136e-01,1.596523782629927890e+00,4.603456079952644719e-01,5.417654986435955777e-01,9.047619047619047672e-01,1.000000000000000000e+00,3.285034670233065501e+00,0.000000000000000000e+00,1.666666666666666574e-01,3.285034670233065501e+00
4.224000012593457359e+04,1.215840264094598888e+00,4.227932924544064441e-02,8.115848986187222946e-01,1.873007840569702154e+00,4.267142231720716383e-01,4.849838518117081665e-01,6.666666666666666297e-01,8.333333333333333703e-01,3.364595839971885827e+00,4.166666666666666435e-02,3.333333333333333148e-01,3.364595839971885827e+00
4.225000012596439046e+04,9.675309588311404863e-01,5.948123414829434297e-02,7.575499995106207418e-01,1.189640036865213135e+00,2.879580094038545202e-01,5.559445548960626482e-01,4.761904761904761640e-01,6.666666666666666297e-01,3.626055115157364561e+00,1.250000000000000000e-01,3.333333333333333148e-01,3.527666708050358757e+00
4.226000012599420734e+04,6.347008607138354686e-01,6.689640540896669985e-02,8.718915915062613875e-01,1.732655381502253178e+00,4.119494201305207715e-01,3.320762355912705854e-01,6.190476190476190688e-01,6.666666666666666297e-01,3.374487780641188817e+00,8.333333333333332871e-02,3.333333333333333148e-01,3.374487780641188817e+00
4.227000012602401694e+04,7.108522959110332717e-01,8.486787118024265164e-02,1.542998866739629715e+00,1.547679669202696173e+00,2.270642585792298218e-01,5.698405565610631385e-01,7.142857142857143016e-01,8.333333333333333703e-01,3.177113227288066000e+00,8.333333333333332871e-02,3.333333333333333148e-01,3.177113227288066000e+00
4.228000012605383381e+04,9.618514728288073412e-01,6.768292034351523767e-02,5.452372741465819628e-01,1.730004603980670908e+00,4.385346839925451379e-01,6.414357127470384778e-01,5.714285714285713969e-01,5.000000000000000000e-01,3.285057533224522874e+00,1.250000000000000000e-01,3.333333333333333148e-01,3.285057533224522874e+00
4.229000012608365068e+04,6.210493924066298188e-01,7.775932604259296055e-02,1.018544410161542180e+00,1.634520713997771324e+00,1.599229983362344398e-01,4.316384158451068154e-01,3.333333333333333148e-01,8.333333333333333703e-01,3.426596962403424929e+00,8.333333333333332871e-02,3.333333333333333148e-01,3.426596962403424929e+00
4.230000012611346028e+04,7.607190753401277261e-01,5.434208679413118914e-02,6.498826754618661772e-01,1.272552000721990151e+00,3.685602124672086588e-01,6.061921126951160810e-01,4.761904761904761640e-01,6.666666666666666297e-01,3.565082882829455624e+00,1.250000000000000000e-01,3.333333333333333148e-01,3.565082882829455624e+00
4.231000012614327716e+04,3.778655930720985490e-01,6.039521384486101763e-02,1.031515512243976973e+00,2.143126679481855756e+00,8.169669337903602280e-01,1.162520923565543596e+00,5.238095238095238360e-01,8.333333333333333703e-01,3.745659795615294829e+00,1.250000000000000000e-01,3.333333333333333148e-01,3.745659795615294829e+00
4.232000012617308676e+04,1.109126763219131284e+00,5.425334301807942933e-02,6.254735504782806821e-01,1.479452547688026920e+00,2.426418073635901729e-01,4.848586440815845777e-01,5.714285714285713969e-01,6.666666666666666297e-01,3.312622036218309418e+00,8.333333333333332871e-02,3.333333333333333148e-01,3.312622036218309418e+00
4.233000012620290363e+04,9.963027713517514927e-01,2.365217002884373657e-02,1.401173819024417622e+00,1.771292945210481307e+00,8.588312179856597561e-01,9.946536683346662855e-01,5.714285714285713969e-01,8.333333333333333703e-01,3.563398744748633717e+00,8.333333333333332871e-02,3.333333333333333148e-01,3.563398744748633717e+00
4.234000012623272050e+04,4.431421703163774262e-01,7.927205276114469845e-02,8.658839117422085785e-01,1.882019917653136698e+00,6.353499776532424148e-01,9.839412656099889576e-01,5.714285714285713969e-01,8.333333333333333703e-01,3.266788194274034662e+00,1.250000000000000000e-01,3.333333333333333148e-01,3.266788194274034662e+00
4.235000012626253010e+04,9.047301798020128683e-01,5.960211066999394902e-02,7.537963045695452724e-01,1.772442539259418082e+00,7.688891796401049472e-01,9.807244476612049233e-01,5.714285714285713969e-01,6.666666666666666297e-01,3.550774155485799888e+00,8.333333333333332871e-02,3.333333333333333148e-01,3.550774155485799888e+00
4.236000012629234698e+04,6.924071470526280692e-01,7.143652924927626491e-02,5.134783584729563088e-01,1.560100186209091522e+00,4.500392163867273365e-01,7.898256040984115156e-01,5.238095238095238360e-01,8.333333333333333703e-01,3.179682220552522143e+00,1.666666666666666574e-01,3.333333333333333148e-01,3.179682220552522143e+00
4.237000012632215658e+04,5.043843740332520920e-01,5.997348738791991041e-02,8.614902103202730643e-01,2.207584131619475087e+00,2.602834271853381454e-01,5.175501616844068176e-01,6.666666666666666297e-01,6.666666666666666297e-01,3.637060238982722016e+00,8.333333333333332871e-02,3.333333333333333148e-01,3.637060238982722016e+00
4.238000012635197345e+04,1.430940577973636607e+00,7.764917539404250779e-02,1.872201541361746768e+00,2.632138661435271754e+00,3.407868462707791535e-01,5.122782759178632350e-01,4.285714285714285476e-01,6.666666666666666297e-01,3.172563636331392267e+00,1.666666666666666574e-01,3.333333333333333148e-01,3.172563636331392267e+00
4.239000012638179032e+04,5.344291934997844606e-01,5.014258464009822835e-02,7.034721797638723295e-01,1.606055694711767456e+00,2.197785761247038339e-01,5.344390784683493711e-01,5.714285714285713969e-01,8.333333333333333703e-01,3.571282295098960002e+00,1.250000000000000000e-01,3.333333333333333148e-01,3.694011596555954569e+00
4.240000012641159992e+04,1.203105105968180988e+00,5.132652975620637797e-02,1.314932340829376933e+00,1.533178135496331418e+00,6.235357247798560820e-01,8.526088010034260645e-01,6.190476190476190688e-01,6.666666666666666297e-01,3.473168102535709068e+00,1.250000000000000000e-01,3.333333333333333148e-01,3.563422126996996564e+00
4.241000012644141680e+04,5.350671276075688043e-01,5.876807452017002859e-02,5.648666147800323056e-01,2.074377570735895571e+00,8.270174941353238829e-01,1.138898006186114920e+00,5.714285714285713969e-01,8.333333333333333703e-01,3.549481577023553935e+00,1.250000000000000000e-01,3.333333333333333148e-01,3.643629379314453409e+00
4.242000012647122639e+04,1.014449980678215901e+00,5.539867648414589091e-02,1.258490517241281470e+00,1.833412547703562545e+00,6.204874618688039911e-01,8.745308982253077179e-01,6.190476190476190688e-01,6.666666666666666297e-01,3.328297628392274721e+00,1.250000000000000000e-01,3.333333333333333148e-01,3.652812551978068534e+00
4.243000012650104327e+04,7.647590083623242441e-01,6.110640760223019774e-02,6.366256621484711609e-01,1.733350893316467634e+00,7.664977172854225973e-01,1.072632603224455305e+00,5.714285714285713969e-01,1.000000000000000000e+00,3.364871323222436761e+00,1.250000000000000000e-01,3.333333333333333148e-01,3.364871323222436761e+00
4.244000012653086014e+04,3.332096872996215819e-01,4.301480973051863277e-02,1.410569641827684739e+00,1.628103776842534822e+00,4.927701892542971085e-01,8.395042388716742465e-01,7.619047619047618625e-01,8.333333333333333703e-01,3.697690536369036440e+00,8.333333333333332871e-02,3.333333333333333148e-01,3.889625384712736444e+00
4.245000012656066974e+04,7.065262731781606353e-01,4.741058919118911613e-02,1.460538039072836192e+00,2.530544337484308848e+00,3.368383280495241272e-01,6.755964381547731046e-01,4.761904761904761640e-01,8.333333333333333703e-01,3.233031859101705763e+00,1.250000000000000000e-01,3.333333333333333148e-01,3.233031859101705763e+00
4.246000012659048662e+04,4.290300477656449618e-01,6.802086155094816400e-02,8.848299501169283321e-01,1.426836041848712711e+00,8.515526812387940181e-01,1.193499673458747079e+00,5.714285714285713969e-01,1.000000000000000000e+00,3.746672603425697190e+00,8.333333333333332871e-02,3.333333333333333148e-01,3.762740883701161110e+00
4.247000012662030349e+04,6.760601764324247753e-01,6.566050228737743688e-02,1.080640420045667627e+00,1.452270727284660445e+00,6.144374354254966697e-01,9.198612614181316260e-01,3.809523809523809312e-01,6.666666666666666297e-01,3.258900134511003799e+00,0.000000000000000000e+00,1.666666666666666574e-01,3.258900134511003799e+00
4.248000012665011309e+04,1.143159611215575300e+00,3.430998665581325158e-02,1.555745681319483431e+00,1.908264499992815999e+00,5.110968377373270588e-01,7.138612414952358876e-01,6.666666666666666297e-01,6.666666666666666297e-01,3.508158659140838243e+00,4.166666666666666435e-02,3.333333333333333148e-01,3.508158659140838243e+00
4.249000012667992996e+04,1.071889856907747740e+00,6.694136920938756341e-02,1.022983939421915789e+00,1.496810004418055895e+00,7.745508104760844281e-01,9.923382992291370774e-01,4.285714285714285476e-01,8.333333333333333703e-01,3.110141476243709846e+00,0.000000000000000000e+00,1.666666666666666574e-01,3.110141476243709846e+00
4.250000012670973956e+04,1.255423807008767545e+00,5.722877362583984884e-02,3.762597716298343165e-01,1.472009342003011811e+00,3.483719940266707948e-01,5.233554165002963776e-01,5.714285714285713969e-01,8.333333333333333703e-01,3.566387373268658401e+00,1.250000000000000000e-01,3.333333333333333148e-01,3.497519569519554672e+00
4.251000012673955644e+04,1.290294133419396472e+00,4.135100982592222751e-02,1.710044703615318573e+00,2.381257611821621545e+00,7.410242424696125152e-01,7.224224039688943444e-01,4.761904761904761640e-01,8.333333333333333703e-01,3.518735546294086358e+00,8.333333333333332871e-02,3.333333333333333148e-01,3.518735546294086358e+00
4.252000012676937331e+04,1.104978526667155236e+00,5.557406672637825451e-02,8.834234534014479001e-01,2.124753323315630382e+00,4.693227161716778673e-01,8.170683425832970803e-01,4.285714285714285476e-01,8.333333333333333703e-01,3.325488812065108490e+00,1.250000000000000000e-01,3.333333333333333148e-01,3.325488812065108490e+00
4.253000012679918291e+04,7.478971249184170889e-01,5.727077141823080919e-02,1.272005592888215242e+00,1.544566311024559768e+00,4.249246665767690834e-01,7.279990357507606369e-01,5.238095238095238360e-01,8.333333333333333703e-01,3.493702493742793624e+00,1.250000000000000000e-01,3.333333333333333148e-01,3.493702493742793624e+00
4.254000012682899978e+04,7.533613971442930657e-01,7.307736571962450411e-02,8.228121569591798634e-01,1.158127628700272860e+00,4.438660154497137134e-01,7.857957327554527804e-01,3.333333333333333148e-01,6.666666666666666297e-01,3.569815304046416671e+00,1.250000000000000000e-01,3.333333333333333148e-01,3.510912997254240331e+00
4.255000012685880938e+04,9.440278986236503300e-01,4.640059005124648472e-02,1.335072307561130156e+00,1.801791076976427375e+00,3.353626930361751080e-01,6.587633190443441533e-01,4.285714285714285476e-01,6.666666666666666297e-01,2.972759329953118090e+00,1.666666666666666574e-01,3.333333333333333148e-01,2.972759329953118090e+00
4.256000012688862626e+04,8.872250503373467767e-01,5.850776686190688886e-02,8.083352360872336773e-01,2.499335636637646463e+00,2.571025224446090718e-01,6.054361475643269541e-01,5.238095238095238360e-01,6.666666666666666297e-01,3.352777399279551762e+00,1.250000000000000000e-01,3.333333333333333148e-01,3.352777399279551762e+00
4.257000012691844313e+04,8.204704935617564976e-01,4.359920113892319649e-02,1.359776786095049372e+00,2.039383001746010837e+00,6.893838362110323859e-01,1.015087683883072689e+00,4.285714285714285476e-01,8.333333333333333703e-01,3.569998800494636360e+00,1.250000000000000000e-01,3.333333333333333148e-01,3.453710183189339755e+00
4.258000012694825273e+04,8.499562934331488240e-01,5.028861695271895360e-02,9.231172089635002465e-01,1.879876006135279054e+00,3.903641033688750039e-01,7.283005373973507890e-01,6.190476190476190688e-01,6.666666666666666297e-01,3.432314482474044581e+00,1.250000000000000000e-01,3.333333333333333148e-01,3.432314482474044581e+00
4.259000012697806960e+04,9.460483491897531128e-01,4.365422403420559511e-02,1.337317253355787328e+00,2.094142611488829520e+00,4.859468437348226644e-01,8.069396340902523779e-01,5.238095238095238360e-01,8.333333333333333703e-01,3.904039168463460996e+00,1.250000000000000000e-01,3.333333333333333148e-01,3.519764166768390101e+00
4.260000012700787920e+04,5.333391869909470673e-01,7.899871194108966377e-02,1.188860384425789674e+00,1.901379247418258034e+00,6.380467408080675584e-01,9.816981863343720027e-01,5.238095238095238360e-01,1.000000000000000000e+00,3.249301355326035701e+00,8.333333333333332871e-02,3.333333333333333148e-01,3.249301355326035701e+00
4.261000012703769607e+04,7.694447820234009416e-01,5.839064042029737389e-02,5.173887095792080171e-01,1.473513318265546657e+00,8.009023610436529772e-01,1.141627242826558364e+00,3.333333333333333148e-01,6.666666666666666297e-01,3.633640732854797939e+00,1.250000000000000000e-01,3.333333333333333148e-01,3.706363841855436991e+00
4.262000012706751295e+04,8.001074020886502769e-01,8.061950775482239206e-02,1.541433813939281805e+00,2.519029812144969682e+00,5.014110629949392051e-01,8.273084435804355374e-01,2.857142857142856984e-01,8.333333333333333703e-01,3.222958727951046765e+00,1.666666666666666574e-01,3.333333333333333148e-01,3.222958727951046765e+00
4.263000012709732255e+04,8.924761319618599309e-01,5.529061950279894055e-02,1.060058998482324544e+00,2.059268455971880574e+00,6.011763678707418013e-01,9.500594410615652574e-01,2.857142857142856984e-01,6.666666666666666297e-01,3.485175701112729119e+00,1.250000000000000000e-01,3.333333333333333148e-01,3.485175701112729119e+00
4.264000012712713942e+04,8.359991992841686592e-01,4.262358473675343512e-02,7.529224311967591676e-01,1.896966620872648113e+00,3.620511170554243652e-01,5.999834103243171235e-01,4.761904761904761640e-01,8.333333333333333703e-01,3.304704851215384043e+00,1.250000000000000000e-01,3.333333333333333148e-01,3.304704851215384043e+00
4.265000012715695630e+04,5.054566391691006633e-01,3.900147804547924452e-02,8.793511966210301178e-01,1.479033772273086855e+00,2.360396165028575133e-01,5.414496970935815945e-01,5.714285714285713969e-01,8.333333333333333703e-01,3.509544384518944238e+00,4.166666666666666435e-02,3.333333333333333148e-01,3.509544384518944238e+00
4.266000012718676589e+04,9.559897194774976681e-01,7.133725867093813899e-02,3.436236199082879916e-01,1.350871351219566918e+00,3.614091897862227731e-01,6.574194882192446743e-01,4.761904761904761640e-01,1.000000000000000000e+00,3.584265418472081244e+00,1.250000000000000000e-01,3.333333333333333148e-01,3.584265418472081244e+00
4.267000012721658277e+04,5.979982413351582204e-01,4.110446958571796483e-02,2.921790988426500868e-01,1.553249501295679291e+00,1.979973600840654602e-01,5.066479989738637002e-01,7.619047619047618625e-01,1.000000000000000000e+00,3.128410458795739757e+00,4.166666666666666435e-02,3.333333333333333148e-01,3.128410458795739757e+00
4.268000012724639237e+04,4.687046477755805740e-01,5.096418534586169558e-02,7.473443659974983166e-01,1.264485384186504913e+00,4.856809078691269876e-01,7.555825375530508259e-01,3.809523809523809312e-01,1.000000000000000000e+00,3.738890684190739222e+00,1.250000000000000000e-01,3.333333333333333148e-01,3.629882670835077096e+00
4.269000012727620924e+04,1.073865560421939813e+00,3.383881052157998448e-02,6.941406491471575624e-01,1.540608240168481746e+00,3.867462720477173876e-01,6.931781539986168195e-01,5.714285714285713969e-01,6.666666666666666297e-01,3.173870422341305453e+00,1.250000000000000000e-01,3.333333333333333148e-01,3.173870422341305453e+00
4.270000012730602612e+04,1.235570799870661318e+00,5.084820987486761423e-02,9.813020630638344954e-01,1.937267367167778698e+00,6.517069767738936648e-01,7.863592461970030367e-01,6.190476190476190688e-01,6.666666666666666297e-01,3.270458135094597818e+00,1.250000000000000000e-01,3.333333333333333148e-01,3.270458135094597818e+00
4.271000012733583571e+04,9.655778029029082887e-01,7.658247036638970995e-02,1.454877427674307500e+00,2.294837233397613030e+00,2.527909282658508117e-01,4.661780231378007122e-01,4.761904761904761640e-01,1.000000000000000000e+00,3.796555312369716884e+00,1.666666666666666574e-01,3.333333333333333148e-01,3.480282586606297635e+00
4.272000012736565259e+04,1.589221341245146357e+00,5.798049640025834672e-02,1.528383500572699338e+00,2.341901752760427335e+00,9.491247687727795146e-01,9.001027193342202581e-01,5.238095238095238360e-01,6.666666666666666297e-01,3.354774743590262176e+00,0.000000000000000000e+00,1.666666666666666574e-01,3.354774743590262176e+00
4.273000012739546219e+04,1.353623679447012007e+00,8.345187970957597401e-02,1.409183818353934692e+00,2.053871079724484350e+00,1.593825314938088489e-01,3.376876050372559779e-01,5.238095238095238360e-01,6.666666666666666297e-01,3.096068437189066103e+00,1.250000000000000000e-01,3.333333333333333148e-01,3.096068437189066103e+00
4.274000012742527906e+04,1.728087679493833129e+00,6.398359754123919552e-02,6.340559088248716169e-01,1.729131283037701472e+00,7.364271321290638550e-01,7.486809027696640362e-01,4.761904761904761640e-01,6.666666666666666297e-01,3.315470950818465212e+00,0.000000000000000000e+00,1.666666666666666574e-01,3.315470950818465212e+00
4.275000012745509594e+04,1.161034057270999176e+00,5.239300420810032166e-02,1.175221678361576538e+00,1.408628360171328087e+00,6.997108069764500504e-01,7.150068230612437459e-01,6.190476190476190688e-01,6.666666666666666297e-01,3.307167313172504119e+00,0.000000000000000000e+00,1.666666666666666574e-01,3.307167313172504119e+00
4.276000012748490553e+04,7.235301359241848029e-01,5.242460488681919412e-02,9.286936326991944712e-01,1.588217652415698122e+00,6.152606344025195462e-01,9.202355979565294275e-01,4.761904761904761640e-01,8.333333333333333703e-01,3.502777468908737202e+00,4.166666666666666435e-02,3.333333333333333148e-01,3.627921086502531978e+00
4.277000012751472241e+04,6.316852687568867974e-01,8.762461577798341672e-02,7.489910143453053504e-01,1.666895661859074673e+00,2.634631625405472466e-01,4.959188487982725269e-01,3.333333333333333148e-01,6.666666666666666297e-01,3.585986467082686424e+00,0.000000000000000000e+00,1.666666666666666574e-01,3.642410539328583496e+00
4.278000012754453928e+04,1.029390911905367245e+00,2.899951850268540215e-02,1.341736551244978370e+00,2.078168201104121149e+00,3.718342779124671482e-01,4.754407645535227989e-01,7.142857142857143016e-01,8.333333333333333703e-01,3.209328970907536771e+00,8.333333333333332871e-02,3.333333333333333148e-01,3.209328970907536771e+00
4.279000012757434888e+04,8.663660825031807011e-01,4.663589089977451807e-02,1.646441564961718340e+00,2.121609725605400953e+00,4.058925222283158996e-01,7.157657161335345686e-01,4.761904761904761640e-01,6.666666666666666297e-01,3.593184245757078621e+00,8.333333333333332871e-02,3.333333333333333148e-01,3.754627883414666911e+00
4.280000012760416575e+04,1.404288167498320972e+00,8.974729739943389240e-02,1.155752472002707476e+00,1.404232320231063369e+00,8.634718653758916007e-01,8.598588000366010897e-01,4.285714285714285476e-01,6.666666666666666297e-01,3.426566008996178248e+00,0.000000000000000000e+00,1.666666666666666574e-01,3.426566008996178248e+00
4.281000012763397535e+04,8.328485397374540966e-01,9.141254974493069618e-02,1.716922970722985164e+00,1.283855436013973117e+00,5.348194060677301520e-01,6.564282242977325099e-01,3.809523809523809312e-01,8.333333333333333703e-01,3.289418754575694770e+00,8.333333333333332871e-02,3.333333333333333148e-01,3.289418754575694770e+00
4.282000012766379223e+04,1.159263542393568658e+00,8.215995942964332555e-02,1.171702307799215026e+00,1.460180589249802541e+00,6.093666694921585636e-01,6.388180823894155091e-01,5.714285714285713969e-01,5.000000000000000000e-01,3.550567908480140478e+00,0.000000000000000000e+00,1.666666666666666574e-01,3.550567908480140478e+00
4.283000012769360910e+04,1.124521375985119143e+00,5.818884515801735907e-02,9.153861568201479004e-01,1.492351663509023041e+00,6.174373977987576145e-01,8.776245877288487707e-01,6.190476190476190688e-01,6.666666666666666297e-01,3.547591649244655532e+00,4.166666666666666435e-02,3.333333333333333148e-01,3.695623807866852850e+00
4.284000012772341870e+04,1.003757734413391223e+00,4.862171123144464618e-02,1.776390652003317472e+00,2.155224453246151750e+00,3.539364405207941489e-01,5.731230414191493816e-01,6.666666666666666297e-01,1.000000000000000000e+00,3.607675873215186790e+00,0.000000000000000000e+00,1.666666666666666574e-01,3.679006744469359269e+00
4.285000012775323557e+04,8.502614956715552896e-01,7.508540447817672880e-02,1.567301741222390410e+00,1.649909663719727249e+00,5.377566471798687076e-01,7.840772731606411305e-01,7.142857142857143016e-01,8.333333333333333703e-01,3.147479083833099711e+00,0.000000000000000000e+00,1.666666666666666574e-01,3.147479083833099711e+00
4.286000012778304517e+04,7.777366290907905544e-01,3.232784406605950650e-02,7.953521245342521917e-01,1.621650689608120643e+00,6.426437890890387417e-01,9.515716003108682930e-01,5.714285714285713969e-01,8.333333333333333703e-01,3.388318238728934784e+00,8.333333333333332871e-02,3.333333333333333148e-01,3.388318238728934784e+00
4.287000012781286205e+04,1.288967506842151112e+00,5.656458003514859556e-02,1.922599171257590500e+00,1.989167680017829287e+00,5.038344323484088561e-01,5.775998580011929562e-01,5.714285714285713969e-01,6.666666666666666297e-01,3.188030450708240426e+00,8.333333333333332871e-02,3.333333333333333148e-01,3.188030450708240426e+00
4.288000012784267892e+04,8.905504512902410186e-01,3.564375975368482691e-02,8.740588337639755290e-01,1.527144415264865662e+00,6.204487625283099383e-01,9.028665091118479591e-01,6.666666666666666297e-01,8.333333333333333703e-01,3.496120436825683964e+00,1.250000000000000000e-01,3.333333333333333148e-01,3.496120436825683964e+00
4.289000012787248852e+04,1.305300650335394774e+00,1.039837208241003591e-01,8.640151690509021432e-01,1.828977623456241819e+00,9.395210261700260856e-01,1.101006288935824307e+00,6.666666666666666297e-01,6.666666666666666297e-01,3.574939620438472243e+00,8.333333333333332871e-02,3.333333333333333148e-01,3.506640751678476331e+00
4.290000012790230539e+04,1.077176975041195917e+00,4.112021227171066412e-02,1.906189746916260752e+00,2.174003775742910705e+00,4.293378925348753650e-01,7.799644839463852897e-01,5.238095238095238360e-01,6.666666666666666297e-01,3.701234578508887374e+00,1.250000000000000000e-01,3.333333333333333148e-01,3.648146086258869492e+00
4.291000012793211499e+04,1.290061174551012213e+00,6.151707655812019976e-02,1.287316696173106845e+00,1.938726634739995847e+00,7.881207007049632063e-01,9.138465049705786214e-01,6.190476190476190688e-01,6.666666666666666297e-01,3.486888478355256282e+00,0.000000000000000000e+00,1.666666666666666574e-01,3.486888478355256282e+00
4.292000012796193187e+04,8.492159537565288074e-01,9.246166814139339385e-02,1.797394071507316671e+00,1.788220452140830474e+00,5.852408476531362203e-01,8.801890345892900980e-01,5.714285714285713969e-01,8.333333333333333703e-01,3.912448306753580241e+00,1.250000000000000000e-01,3.333333333333333148e-01,3.545390042404058306e+00
4.293000012799174874e+04,7.463159500750511377e-01,6.666392785146117717e-02,1.149476177019866485e+00,1.590860159279828601e+00,4.699304302413283008e-01,8.203157338177824442e-01,6.666666666666666297e-01,1.000000000000000000e+00,3.410235130466448883e+00,1.250000000000000000e-01,3.333333333333333148e-01,3.410235130466448883e+00
4.294000012802155834e+04,8.678922218217731688e-01,6.668113783555300322e-02,1.261169620787110368e+00,1.467234750971096791e+00,7.900511643176977294e-01,1.036690107137648198e+00,8.095238095238095344e-01,8.333333333333333703e-01,3.427028668041684156e+00,1.250000000000000000e-01,3.333333333333333148e-01,3.695145250626697297e+00
4.295000012805137521e+04,9.770026397801621076e-01,5.683669634577176444e-02,1.106582825305028939e+00,1.686789645361693735e+00,6.937808239661483745e-01,8.331953806402658813e-01,6.666666666666666297e-01,1.000000000000000000e+00,3.496560462516216994e+00,4.166666666666666435e-02,3.333333333333333148e-01,3.680763295663085355e+00
4.296000012808119209e+04,6.681315800843529162e-01,5.811520950878949071e-02,1.056392412540569925e+00,1.582826822772084530e+00,7.013181869909698163e-01,8.747058676729758675e-01,5.714285714285713969e-01,1.000000000000000000e+00,3.387438373079457055e+00,4.166666666666666435e-02,3.333333333333333148e-01,3.387438373079457055e+00
4.297000012811100169e+04,1.299228426889992072e+00,6.202838816384599607e-02,8.523451353685275178e-01,9.656324469967308977e-01,8.502055212856076682e-01,8.187573870812079324e-01,5.714285714285713969e-01,8.333333333333333703e-01,3.160356959373454622e+00,4.166666666666666435e-02,3.333333333333333148e-01,3.160356959373454622e+00
4.298000012814081856e+04,6.449613996339078614e-01,5.138020063310357738e-02,1.227600304587365132e+00,9.365978702046096060e-01,3.743516631595994459e-01,6.759896633431946578e-01,7.142857142857143016e-01,1.000000000000000000e+00,3.499603324838334473e+00,4.166666666666666435e-02,3.333333333333333148e-01,3.499603324838334473e+00
4.299000012817062816e+04,7.141530289073427795e-01,5.264856279532539873e-02,8.957853959590061921e-01,1.304835716073339036e+00,4.110695123152925956e-01,6.370012580501268618e-01,6.666666666666666297e-01,1.000000000000000000e+00,3.577592333667444002e+00,0.000000000000000000e+00,1.666666666666666574e-01,3.577592333667444002e+00
4.300000012820044503e+04,8.321454606446703206e-01,6.764997157357531543e-02,1.299469496392840151e+00,1.505544431970990304e+00,4.034913387006267005e-01,5.532798558400757738e-01,7.142857142857143016e-01,8.333333333333333703e-01,3.605036292260692221e+00,4.166666666666666435e-02,3.333333333333333148e-01,3.808295748135928971e+00
4.301000012823026191e+04,1.329684433158095702e+00,5.343486095824938331e-02,1.713998793388284314e+00,1.661317909640679380e+00,2.621566565583525743e-01,2.022363896361642210e-01,5.238095238095238360e-01,6.666666666666666297e-01,3.397395566631953745e+00,1.250000000000000000e-01,3.333333333333333148e-01,3.397395566631953745e+00
4.302000012826007151e+04,8.331399867516434687e-01,6.191850741719069628e-02,1.087887276661617886e+00,1.329862491067188790e+00,5.408784824591530427e-01,7.621137268154427602e-01,3.809523809523809312e-01,8.333333333333333703e-01,4.157576724980564187e+00,0.000000000000000000e+00,0.000000000000000000e+00,4.539949375670098597e+00
4.303000012828988838e+04,7.140281687676367506e-01,4.821812500474201985e-02,8.282603823988649028e-01,1.169420835672101866e+00,3.448125173842139235e-01,6.734192389816492375e-01,3.333333333333333148e-01,6.666666666666666297e-01,3.941779101412513864e+00,1.250000000000000000e-01,3.333333333333333148e-01,3.904392147199515772e+00
4.304000012831969798e+04,7.845437843727904870e-01,4.462716223534090448e-02,1.854017479356383724e+00,1.849702356992529051e+00,4.760536796188300501e-01,7.845381480175349642e-01,4.761904761904761640e-01,8.333333333333333703e-01,3.708328875309738315e+00,4.166666666666666435e-02,3.333333333333333148e-01,3.971610555316930746e+00
4.305000012834951485e+04,8.531955356684871594e-01,3.190907774991440238e-02,1.823142150178731713e+00,2.744519545334942467e+00,4.887134144639034838e-01,7.409826858043525588e-01,6.190476190476190688e-01,6.666666666666666297e-01,3.532497608061873517e+00,0.000000000000000000e+00,1.666666666666666574e-01,3.546132879337124066e+00
4.306000012837933173e+04,7.213029250188681685e-01,6.597122479991930633e-02,8.260308852130332502e-01,1.475496931689732394e+00,2.362818549136920243e-01,5.742671514618341577e-01,4.761904761904761640e-01,8.333333333333333703e-01,3.404857526561505754e+00,8.333333333333332871e-02,3.333333333333333148e-01,3.404857526561505754e+00
4.307000012840914133e+04,8.337666206168344862e-01,5.107763773295326964e-02,6.208885627165440235e-01,2.327211620519456403e+00,4.447644620130550841e-01,6.716213554472666436e-01,6.190476190476190688e-01,1.000000000000000000e+00,3.312929936023678135e+00,4.166666666666666435e-02,3.333333333333333148e-01,3.312929936023678135e+00
4.308000012843895820e+04,6.958603259232660765e-01,4.999860734968406689e-02,9.237867822379189908e-01,1.988008747991740544e+00,5.369533410796575312e-01,8.736625888683260399e-01,3.333333333333333148e-01,8.333333333333333703e-01,3.427292561448545438e+00,4.166666666666666435e-02,3.333333333333333148e-01,3.427292561448545438e+00
4.309000012846877507e+04,9.304937680295914948e-01,5.072702656092569623e-02,1.022897544244197210e+00,1.666398703985507046e+00,7.600168137200485896e-01,8.533080319311650008e-01,5.714285714285713969e-01,8.333333333333333703e-01,3.267375660063088105e+00,4.166666666666666435e-02,3.333333333333333148e-01,3.267375660063088105e+00
4.310000012849858467e+04,8.280841951512962762e-01,4.663023717031185289e-02,1.471337925122772505e+00,1.622253690196197695e+00,5.694920530332228115e-01,8.044535559759979915e-01,6.190476190476190688e-01,6.666666666666666297e-01,3.498356393635096317e+00,8.333333333333332871e-02,3.333333333333333148e-01,3.498356393635096317e+00
4.311000012852840155e+04,1.245361485091606157e+00,3.341764016197313475e-02,8.044727383603252902e-01,1.935073031589642945e+00,7.302153276220564315e-01,7.720910488681592687e-01,6.190476190476190688e-01,8.333333333333333703e-01,3.728190278735504126e+00,0.000000000000000000e+00,1.666666666666666574e-01,3.763646420528059533e+00
4.312000012855821114e+04,9.778644635976474486e-01,4.769764156267470440e-02,1.489626715147460922e+00,1.938516816825233802e+00,3.893718368100504978e-01,6.678998132554645473e-01,5.714285714285713969e-01,8.333333333333333703e-01,3.716993953686315244e+00,4.166666666666666435e-02,3.333333333333333148e-01,3.716993953686315244e+00
4.313000012858802802e+04,9.038489514848665474e-01,6.247134518278171095e-02,7.388087638766985821e-01,1.595628639377170366e+00,5.428384664952896621e-01,7.608631876805784788e-01,4.285714285714285476e-01,6.666666666666666297e-01,3.515459506750123975e+00,4.166666666666666435e-02,3.333333333333333148e-01,3.515459506750123975e+00
4.314000012861784489e+04,6.432187551935493186e-01,7.005508133953543271e-02,1.739797762093147293e+00,2.283883533668803256e+00,4.034396321592776391e-01,6.692438287940731811e-01,2.857142857142856984e-01,6.666666666666666297e-01,3.617618122267098446e+00,4.166666666666666435e-02,3.333333333333333148e-01,3.617618122267098446e+00
4.315000012864765449e+04,8.394641234583218870e-01,4.692428488056425012e-02,8.455781482997420939e-01,1.522263667167172763e+00,7.943862344385247409e-01,9.832668488413408570e-01,3.333333333333333148e-01,6.666666666666666297e-01,2.786741853678548875e+00,0.000000000000000000e+00,1.666666666666666574e-01,2.786741853678548875e+00
4.316000012867747137e+04,1.164237084340554729e+00,4.490774896251424619e-02,6.439170007340584423e-01,1.566375414799494825e+00,4.481283105999442351e-01,4.644661805935951238e-01,3.809523809523809312e-01,8.333333333333333703e-01,3.063465249479259800e+00,4.166666666666666435e-02,3.333333333333333148e-01,3.063465249479259800e+00
4.317000012870728096e+04,7.476330406533727713e-01,4.543117589308635906e-02,1.890272337659077539e+00,2.185472611918677366e+00,6.052489855793310447e-01,9.418395654626658953e-01,3.809523809523809312e-01,8.333333333333333703e-01,3.469144654747333245e+00,1.666666666666666574e-01,3.333333333333333148e-01,3.469144654747333245e+00
4.318000012873709784e+04,1.103323133044252558e+00,8.740505471016299377e-02,1.878780045973731827e+00,1.749188769261781129e+00,5.369182764095667970e-01,7.006489101293684740e-01,5.714285714285713969e-01,6.666666666666666297e-01,3.207397894883231793e+00,0.000000000000000000e+00,1.666666666666666574e-01,3.207397894883231793e+00
4.319000012876691471e+04,1.168120286247113615e+00,5.563389993428781433e-02,1.574152049065151049e+00,2.043780750359119658e+00,2.764037656506033169e-01,6.251866014454438014e-01,5.714285714285713969e-01,6.666666666666666297e-01,3.603794437934815242e+00,1.666666666666666574e-01,3.333333333333333148e-01,3.620971848154589168e+00
4.320000012879672431e+04,1.022715482664402487e+00,5.789826892215022697e-02,7.367332372640359450e-01,1.613168394824275875e+00,5.690598985964062662e-01,7.600946306999141200e-01,4.285714285714285476e-01,8.333333333333333703e-01,3.330347696070229180e+00,0.000000000000000000e+00,1.666666666666666574e-01,3.330347696070229180e+00
4.321000012882654119e+04,8.725686040338055394e-01,5.138574314873965015e-02,6.330157234246918119e-01,1.689498087240184132e+00,5.342689405069188657e-01,8.240993824983654514e-01,3.333333333333333148e-01,6.666666666666666297e-01,3.368325025362928216e+00,0.000000000000000000e+00,1.666666666666666574e-01,3.368325025362928216e+00
4.322000012885635078e+04,1.126039094106373595e+00,5.893475848877893775e-02,1.107007121428668306e+00,1.868883602528176313e+00,7.003428031811211874e-01,8.874496530837078234e-01,6.190476190476190688e-01,6.666666666666666297e-01,3.199782727557661133e+00,1.250000000000000000e-01,3.333333333333333148e-01,3.199782727557661133e+00
4.323000012888616766e+04,8.563910441928415107e-01,4.890053020823451752e-02,1.192590425632493512e+00,1.428873944950666441e+00,1.929728756614564611e-01,4.836868487244373460e-01,6.666666666666666297e-01,1.000000000000000000e+00,3.215586991757191093e+00,8.333333333333332871e-02,3.333333333333333148e-01,3.215586991757191093e+00
4.324000012891598453e+04,8.861168249625270832e-01,6.267507231461361128e-02,9.191101790058351373e-01,2.314603636007038112e+00,6.194167118545182982e-01,9.203331203015976403e-01,5.714285714285713969e-01,8.333333333333333703e-01,3.488731662958530766e+00,0.000000000000000000e+00,1.666666666666666574e-01,3.488731662958530766e+00
4.325000012894579413e+04,4.497842258959583450e-01,7.558441792226835987e-02,9.710903471776645146e-01,2.685396226241393514e+00,4.989027288634321211e-01,8.457257776873372546e-01,7.142857142857143016e-01,1.000000000000000000e+00,3.444988195820263499e+00,8.333333333333332871e-02,3.333333333333333148e-01,3.444988195820263499e+00
4.326000012897561101e+04,6.730393416060821421e-01,5.440432207695228978e-02,7.363905219391877477e-01,2.011871917295641854e+00,2.874650662327944417e-01,6.105863482424711552e-01,5.714285714285713969e-01,6.666666666666666297e-01,3.511706029681663122e+00,4.166666666666666435e-02,3.333333333333333148e-01,3.511706029681663122e+00
4.327000012900542788e+04,7.556620433840052220e-01,7.000657525773490431e-02,8.215067908213526948e-01,1.323704544142379369e+00,5.996024821988763520e-01,8.246489693625181916e-01,4.761904761904761640e-01,8.333333333333333703e-01,3.252264028107668903e+00,8.333333333333332871e-02,3.333333333333333148e-01,3.252264028107668903e+00
4.328000012903523748e+04,6.225294322741311559e-01,3.854725724494250522e-02,9.930890936676775027e-01,1.512116276349978694e+00,4.850062340491607116e-01,8.302824011845303387e-01,5.238095238095238360e-01,8.333333333333333703e-01,3.525607267510058929e+00,1.250000000000000000e-01,3.333333333333333148e-01,3.525607267510058929e+00
4.329000012906505435e+04,9.907902691520026339e-01,5.563932444075689321e-02,1.384167188283223826e+00,1.825932561479020944e+00,4.791689403927340551e-01,8.178283213439180299e-01,5.238095238095238360e-01,8.333333333333333703e-01,3.684937324477441045e+00,1.250000000000000000e-01,3.333333333333333148e-01,3.570216803839657338e+00
4.330000012909486395e+04,8.070871311188863029e-01,6.604507696956195273e-02,8.768540150489990692e-01,1.328186859989153090e+00,3.849070170693322246e-01,5.967085940500072017e-01,4.761904761904761640e-01,5.000000000000000000e-01,3.700290513544596038e+00,4.166666666666666435e-02,3.333333333333333148e-01,4.014878093708487583e+00
4.331000012912468083e+04,5.377860557519685836e-01,5.275762332079798195e-02,1.102493553145211580e+00,1.804125915982935702e+00,4.975422096798715055e-01,7.914130671085760627e-01,5.714285714285713969e-01,8.333333333333333703e-01,3.383177166486861509e+00,1.250000000000000000e-01,3.333333333333333148e-01,3.383177166486861509e+00
4.332000012915449770e+04,5.448962274553764695e-01,6.152977082996538560e-02,1.509784950929012437e+00,2.200155357019051294e+00,5.008971207889815203e-01,8.341461409044041986e-01,5.714285714285713969e-01,1.000000000000000000e+00,3.561314421171274613e+00,0.000000000000000000e+00,1.666666666666666574e-01,3.635805767829626500e+00
4.333000012918430730e+04,5.733107882421313306e-01,6.479488238648772880e-02,5.476326957211127278e-01,1.400382726796191246e+00,5.000254019576820808e-01,7.946761177240676544e-01,5.238095238095238360e-01,8.333333333333333703e-01,3.569506747138848635e+00,4.166666666666666435e-02,3.333333333333333148e-01,3.569506747138848635e+00
4.334000012921412417e+04,6.100526079566515048e-01,4.750405103066283191e-02,1.575732544017860004e+00,1.981587955156499659e+00,5.153307478893593974e-01,8.364161074188016798e-01,5.238095238095238360e-01,8.333333333333333703e-01,3.520639618445735586e+00,8.333333333333332871e-02,3.333333333333333148e-01,3.520639618445735586e+00
4.335000012924393377e+04,9.504596221631721464e-01,4.702764853183788452e-02,1.986030116002057477e+00,2.294489577110684575e+00,3.785057059021150194e-01,5.939497287714785578e-01,5.714285714285713969e-01,1.000000000000000000e+00,3.398590542996855035e+00,4.166666666666666435e-02,3.333333333333333148e-01,3.398590542996855035e+00
4.336000012927375064e+04,3.478595490375958055e-01,8.902639767436265616e-02,1.024804189382005903e+00,1.420858376173838478e+00,5.060028132588503258e-01,7.883883887130795909e-01,8.095238095238095344e-01,8.333333333333333703e-01,3.369982808969638199e+00,1.250000000000000000e-01,3.333333333333333148e-01,3.369982808969638199e+00
4.337000012930356752e+04,3.468094745544127444e-01,4.236575450507130275e-02,1.312919716434400863e+00,1.731326195204480278e+00,2.004616708346178833e-01,5.005206399811619189e-01,4.285714285714285476e-01,8.333333333333333703e-01,3.667073860620767345e+00,1.250000000000000000e-01,3.333333333333333148e-01,3.667073860620767345e+00
4.338000012933337712e+04,7.410020722413073191e-01,3.129133388278248357e-02,1.030473601134350492e+00,1.117052116781856119e+00,3.659940145540526157e-01,3.563644415507900010e-01,5.714285714285713969e-01,8.333333333333333703e-01,3.201448222621660289e+00,1.250000000000000000e-01,3.333333333333333148e-01,3.201448222621660289e+00
4.339000012936319399e+04,1.133892774887806043e+00,5.370165432810215800e-02,1.863003689268344365e+00,2.215339532447937909e+00,8.361978934782494655e-01,1.138028460057244784e+00,4.761904761904761640e-01,8.333333333333333703e-01,3.571480978737313627e+00,1.250000000000000000e-01,3.333333333333333148e-01,3.661441684697127830e+00
4.340000012939301087e+04,7.819962732452491183e-01,5.027664118098577883e-02,1.276952648430661696e+00,1.150470212368815526e+00,1.401085729143408953e-01,2.814993439892011229e-01,3.333333333333333148e-01,6.666666666666666297e-01,3.475113861507438173e+00,4.166666666666666435e-02,3.333333333333333148e-01,3.475113861507438173e+00
4.341000012942282046e+04,8.743212419116069833e-01,5.970870132729836494e-02,1.752786850179598233e+00,1.062089361385696762e+00,4.800915793676462928e-01,6.381205801420554158e-01,5.238095238095238360e-01,8.333333333333333703e-01,3.502842559158324764e+00,1.250000000000000000e-01,3.333333333333333148e-01,3.502842559158324764e+00
4.342000012945263734e+04,1.060337622050474327e+00,4.291718481055579321e-02,1.089433895140424102e+00,2.138703202373692491e+00,3.869223398068709630e-01,4.954514590548804165e-01,5.714285714285713969e-01,6.666666666666666297e-01,3.527541861598054496e+00,8.333333333333332871e-02,3.333333333333333148e-01,3.527541861598054496e+00
4.343000012948244694e+04,1.022450640540368161e+00,5.811869208316512714e-02,7.757273490293449258e-01,1.201199278904737877e+00,3.894598409319232069e-01,2.230646437117402014e-01,5.238095238095238360e-01,6.666666666666666297e-01,3.111629894748321412e+00,8.333333333333332871e-02,3.333333333333333148e-01,3.111629894748321412e+00
4.344000012951226381e+04,9.054559695253787677e-01,5.716167362403786617e-02,1.299495686945013828e+00,1.951383276368917175e+00,3.730098811257424596e-01,6.069837832818841816e-01,5.238095238095238360e-01,8.333333333333333703e-01,3.483286019246327303e+00,8.333333333333332871e-02,3.333333333333333148e-01,3.483286019246327303e+00
4.345000012954208069e+04,8.955201001812467254e-01,6.510353525906406591e-02,1.791083688726635259e+00,2.180196768674496965e+00,3.263504391914953118e-01,6.551726217653587314e-01,4.761904761904761640e-01,6.666666666666666297e-01,3.452662525030727458e+00,8.333333333333332871e-02,3.333333333333333148e-01,3.452662525030727458e+00
4.346000012957189028e+04,5.023291340681665940e-01,4.050946853917638396e-02,1.163128722500934131e+00,1.967392029377063700e+00,3.612728004030787976e-01,6.737433651668089940e-01,4.285714285714285476e-01,8.333333333333333703e-01,3.355822482647502270e+00,8.333333333333332871e-02,3.333333333333333148e-01,3.355822482647502270e+00
4.347000012960170716e+04,8.886961744156118836e-01,7.248457596951625448e-02,1.062468359657044115e+00,1.241205627312963244e+00,5.515681316189284811e-01,8.273495396900887311e-01,4.285714285714285476e-01,8.333333333333333703e-01,3.406244355585587691e+00,8.333333333333332871e-02,3.333333333333333148e-01,3.406244355585587691e+00
4.348000012963151676e+04,6.778454350168624520e-01,5.184768957448458032e-02,8.375158280360308627e-01,1.243897460972701152e+00,2.961492788230318252e-01,5.663207675395832696e-01,4.285714285714285476e-01,8.333333333333333703e-01,3.348398328505038268e+00,1.250000000000000000e-01,3.333333333333333148e-01,3.348398328505038268e+00
4.349000012966133363e+04,9.114000379291133935e-01,5.700894081099665972e-02,1.537882407803609741e+00,1.335660647905572374e+00,2.669540064692126347e-01,4.066272492558209439e-01,5.238095238095238360e-01,8.333333333333333703e-01,3.526666441565494914e+00,1.250000000000000000e-01,3.333333333333333148e-01,3.908359530473361154e+00
4.350000012969115051e+04,8.240061081999041637e-01,5.110747895891058767e-02,9.349085227988067626e-01,1.215624702712696958e+00,5.653008970779531683e-01,7.689482382797722115e-01,7.142857142857143016e-01,8.333333333333333703e-01,3.591974881548214427e+00,4.166666666666666435e-02,3.333333333333333148e-01,3.591974881548214427e+00
4.351000012972096010e+04,8.259500860757762464e-01,6.588206655302368542e-02,1.271796254291332362e+00,1.059791493844804977e+00,7.326232892524167095e-01,7.618216526636225616e-01,6.666666666666666297e-01,8.333333333333333703e-01,3.322676623912961702e+00,0.000000000000000000e+00,1.666666666666666574e-01,3.322676623912961702e+00
4.352000012975077698e+04,8.461391936220712395e-01,4.709457067086259691e-02,1.354516538386269620e+00,2.126435131337498508e+00,5.316135435366076134e-01,5.254672120907249999e-01,6.666666666666666297e-01,1.000000000000000000e+00,3.325412770732526280e+00,8.333333333333332871e-02,3.333333333333333148e-01,3.325412770732526280e+00
4.353000012978058658e+04,1.047393970527501494e+00,6.094704790152644103e-02,7.250723748799937640e-01,1.470144752279001432e+00,8.506751752476370276e-01,8.893926473908299046e-01,4.285714285714285476e-01,1.000000000000000000e+00,3.693363927869895758e+00,0.000000000000000000e+00,1.666666666666666574e-01,3.797348672027724081e+00
4.354000012981040345e+04,1.110436449256587466e+00,3.966507410773965209e-02,9.321245382577704186e-01,1.157565811220921947e+00,8.329072644301419581e-01,9.772030106235545244e-01,4.761904761904761640e-01,1.000000000000000000e+00,3.401819780675465310e+00,0.000000000000000000e+00,1.666666666666666574e-01,3.401819780675465310e+00
4.355000012984022032e+04,1.329270620744595011e+00,4.729730196954608917e-02,5.992591478036543018e-01,2.127228843607482212e+00,2.278364379940491513e-01,4.198278257134214209e-01,3.333333333333333148e-01,5.000000000000000000e-01,3.100690491874914301e+00,1.250000000000000000e-01,3.333333333333333148e-01,3.100690491874914301e+00
4.356000012987002992e+04,6.956815481137560431e-01,4.196925519420070111e-02,6.695897559044334812e-01,1.943974513725572839e+00,4.362938348600429173e-01,6.686889641712076005e-01,5.714285714285713969e-01,8.333333333333333703e-01,3.243623550957567936e+00,8.333333333333332871e-02,3.333333333333333148e-01,3.243623550957567936e+00
4.357000012989984680e+04,8.076494281752115700e-01,8.795441234602999203e-02,1.377227773345391038e+00,1.243217375780582001e+00,2.834663083992123300e-01,4.945615733847414375e-01,6.190476190476190688e-01,6.666666666666666297e-01,3.424366511681706804e+00,8.333333333333332871e-02,3.333333333333333148e-01,3.424366511681706804e+00
4.358000012992966367e+04,9.433783624432979797e-01,4.567884396030893329e-02,1.041635987250579154e+00,1.425903354287461289e+00,4.840719772553689904e-01,6.973103545608902998e-01,5.238095238095238360e-01,8.333333333333333703e-01,3.582985741465971596e+00,1.250000000000000000e-01,3.333333333333333148e-01,3.582985741465971596e+00
4.359000012995947327e+04,7.084227193779416565e-01,6.350431122923023974e-02,9.144120397631424479e-01,1.689023210623495697e+00,1.697019002530796572e-01,3.603251211060675141e-01,6.190476190476190688e-01,1.000000000000000000e+00,3.111278176791467676e+00,8.333333333333332871e-02,3.333333333333333148e-01,3.111278176791467676e+00
4.360000012998929014e+04,1.667561099288245252e+00,5.022612283377980713e-02,2.329470767089759420e+00,3.128774107723095277e+00,4.993764418062332511e-01,6.008671151070590355e-01,3.333333333333333148e-01,6.666666666666666297e-01,3.724231130756476826e+00,8.333333333333332871e-02,3.333333333333333148e-01,3.571142825895454731e+00
4.361000013001909974e+04,6.348554655339336827e-01,7.685558039470623271e-02,8.761890009662149925e-01,2.569778545119199453e+00,4.217877776800962319e-01,6.567789122704983384e-01,6.666666666666666297e-01,1.000000000000000000e+00,3.570279321807559914e+00,0.000000000000000000e+00,1.666666666666666574e-01,3.570279321807559914e+00
4.362000013004891662e+04,9.652119062757603674e-01,7.358484330490566716e-02,1.534285281442633542e+00,1.453197699273468979e+00,2.363223850770164725e-01,3.255034118004908050e-01,4.761904761904761640e-01,6.666666666666666297e-01,3.623652573370489627e+00,1.250000000000000000e-01,3.333333333333333148e-01,3.623652573370489627e+00
4.363000013007873349e+04,5.570461864499766103e-01,7.167702391608204993e-02,7.035338146083291999e-01,1.327732358468523666e+00,3.645609821089014213e-01,6.126574867432732496e-01,8.095238095238095344e-01,1.000000000000000000e+00,3.510980919728946770e+00,8.333333333333332871e-02,3.333333333333333148e-01,3.564982604582022319e+00
4.364000013010854309e+04,6.512770829797746019e-01,7.188517066055911953e-02,4.895644158102789856e-01,1.840701331491372716e+00,9.699509826323059469e-01,7.942834338904031233e-01,4.761904761904761640e-01,6.666666666666666297e-01,3.381141646035733306e+00,0.000000000000000000e+00,1.666666666666666574e-01,3.381141646035733306e+00
4.365000013013835996e+04,4.304141194464835007e-01,5.295603680745059050e-02,5.887170223878853692e-01,1.516986747506752442e+00,4.184760979487351928e-01,5.334848460933054870e-01,9.047619047619047672e-01,1.000000000000000000e+00,3.496198869631253814e+00,8.333333333333332871e-02,3.333333333333333148e-01,3.753199904139562726e+00
4.366000013016816956e+04,4.939967357446784502e-01,6.357993562761526940e-02,7.363407570725455376e-01,1.428551457746872533e+00,1.757985405410127377e-01,2.583845794858537492e-01,5.238095238095238360e-01,8.333333333333333703e-01,2.965007044402452330e+00,4.166666666666666435e-02,3.333333333333333148e-01,2.965007044402452330e+00
4.367000013019798644e+04,1.299835339433302206e+00,6.166312617322063094e-02,1.008964695073658380e+00,1.490709070009723192e+00,4.606867095266986567e-01,3.393478342537166181e-01,4.285714285714285476e-01,8.333333333333333703e-01,3.576058083062196857e+00,4.166666666666666435e-02,3.333333333333333148e-01,3.576058083062196857e+00
4.368000013022780331e+04,7.324379981560708019e-01,5.620535934149798601e-02,3.442293177553483186e-01,2.252824210178171693e+00,5.285798581231454518e-01,5.168441489725570381e-01,5.714285714285713969e-01,8.333333333333333703e-01,3.363380708335020675e+00,4.166666666666666435e-02,3.333333333333333148e-01,3.363380708335020675e+00
4.369000013025761291e+04,3.369537164610674207e-01,3.776640297624841297e-02,1.129706072238880754e+00,1.915450837610467749e+00,3.276008171378195222e-01,6.697897938574678411e-01,6.190476190476190688e-01,8.333333333333333703e-01,3.638791507573924555e+00,1.250000000000000000e-01,3.333333333333333148e-01,3.638791507573924555e+00
4.370000013028742978e+04,4.159995041620834222e-01,5.936331681893058237e-02,9.238706117603083801e-01,2.107137997705183174e+00,5.511056392499834589e-01,5.867754123014639056e-01,7.619047619047618625e-01,8.333333333333333703e-01,3.486067468508210698e+00,8.333333333333332871e-02,3.333333333333333148e-01,3.560616509969878773e+00
4.371000013031724666e+04,4.208138284249187677e-01,5.256549312943208097e-02,4.950424368815201648e-01,1.345903730566922585e+00,4.454768520105832907e-01,4.334469182073988902e-01,7.619047619047618625e-01,1.000000000000000000e+00,3.395072821655972017e+00,4.166666666666666435e-02,3.333333333333333148e-01,3.395072821655972017e+00
4.372000013034705626e+04,6.175838566598002011e-01,7.308461520465742156e-02,1.250852881597296129e+00,1.714586262700752206e+00,6.343589040868123918e-01,5.507164408082728668e-01,5.714285714285713969e-01,1.000000000000000000e+00,3.359505419225496947e+00,0.000000000000000000e+00,1.666666666666666574e-01,3.359505419225496947e+00
4.373000013037687313e+04,6.910783695784430414e-01,6.566141127211018447e-02,4.929578393014021898e-01,1.196256762290051956e+00,5.334365327044379157e-01,2.824405678391770924e-01,5.238095238095238360e-01,8.333333333333333703e-01,3.239397088296009919e+00,4.166666666666666435e-02,3.333333333333333148e-01,3.239397088296009919e+00
4.374000013040668273e+04,9.321890222024781236e-01,5.479152430130532908e-02,5.959361341829469971e-01,1.542181760865788620e+00,1.097157520160176869e+00,1.003768818757945880e+00,5.714285714285713969e-01,1.000000000000000000e+00,3.496672473381325918e+00,0.000000000000000000e+00,1.666666666666666574e-01,3.496672473381325918e+00
4.375000013043649960e+04,6.887073480704241080e-01,4.146343924820754950e-02,7.105814802116295903e-01,1.184867615465382107e+00,8.506674885573917155e-01,7.641090389351841150e-01,7.619047619047618625e-01,1.000000000000000000e+00,3.460863551559641760e+00,0.000000000000000000e+00,1.666666666666666574e-01,3.645762014720511424e+00
4.376000013046631648e+04,8.429435351806101595e-01,6.043501785199305310e-02,3.170581658900356592e-01,1.401753812751812989e+00,6.706572313532257468e-01,5.679663827178982327e-01,6.666666666666666297e-01,8.333333333333333703e-01,3.385086424496495994e+00,4.166666666666666435e-02,3.333333333333333148e-01,3.385086424496495994e+00
4.377000013049612608e+04,8.330600835048086461e-01,4.695823329757537606e-02,5.996544467777945586e-01,1.570591437465270745e+00,5.952048982015679668e-01,5.749373621089107766e-01,7.142857142857143016e-01,1.000000000000000000e+00,3.626438690364774953e+00,4.166666666666666435e-02,3.333333333333333148e-01,3.834560241744769726e+00
4.378000013052594295e+04,1.416922936504824371e+00,7.226847668335967256e-02,8.552834668991857736e-01,1.563100552286919687e+00,5.411112527675621120e-01,4.432791466370317179e-01,5.238095238095238360e-01,6.666666666666666297e-01,3.046812981427728495e+00,4.166666666666666435e-02,3.333333333333333148e-01,3.046812981427728495e+00
4.379000013055575255e+04,1.243005368337357419e+00,6.341572856206274811e-02,1.292567912428670640e+00,1.463990542918992999e+00,8.081842866585690066e-01,6.678669437379980423e-01,6.190476190476190688e-01,8.333333333333333703e-01,3.620519532326306855e+00,0.000000000000000000e+00,1.666666666666666574e-01,3.711278926150792135e+00
4.380000013058556942e+04,6.040971777982042656e-01,7.656655653858500388e-02,7.937397141944119161e-01,1.537536142747894408e+00,3.226433694862507195e-01,3.104914126124508900e-01,5.714285714285713969e-01,1.000000000000000000e+00,3.371848260153944565e+00,4.166666666666666435e-02,3.333333333333333148e-01,4.081674873664047354e+00
4.381000013061538630e+04,8.954686912031821766e-01,8.653554003556403196e-02,5.736723797875304953e-01,1.312824868560195535e+00,4.159358253363034663e-01,4.859188529341828544e-01,6.190476190476190688e-01,8.333333333333333703e-01,3.320888674874478586e+00,4.166666666666666435e-02,3.333333333333333148e-01,3.320888674874478586e+00
4.382000013064519590e+04,9.467540346754004243e-01,6.545201328979989575e-02,1.079430339297120955e+00,1.610611845094003680e+00,6.910147074042080062e-01,5.103368642961052526e-01,5.714285714285713969e-01,1.000000000000000000e+00,3.362122174498168636e+00,0.000000000000000000e+00,1.666666666666666574e-01,3.362122174498168636e+00
4.383000013067501277e+04,1.222489651635518149e+00,8.744576001133665122e-02,1.422851723712666105e+00,1.864043915617433766e+00,4.988890349064790120e-01,4.338351809387014368e-01,6.190476190476190688e-01,8.333333333333333703e-01,3.040206499985140809e+00,4.166666666666666435e-02,3.333333333333333148e-01,3.040206499985140809e+00
4.384000013070482237e+04,1.316553843208105867e+00,7.097509245032683489e-02,5.913688046962742861e-01,1.509299723621967404e+00,8.391482617202593586e-01,6.649196931208142258e-01,5.714285714285713969e-01,6.666666666666666297e-01,3.099534429744624564e+00,0.000000000000000000e+00,1.666666666666666574e-01,3.099534429744624564e+00
4.385000013073463924e+04,9.845350251578138812e-01,5.351781886420408502e-02,4.128113817445819289e-01,1.305806376169746041e+00,6.270882491781096801e-01,6.738619622127791642e-01,5.714285714285713969e-01,8.333333333333333703e-01,3.351803978242675175e+00,4.166666666666666435e-02,3.333333333333333148e-01,3.351803978242675175e+00
4.386000013076445612e+04,8.666137309526651400e-01,3.629189729212613930e-02,1.493578411036047715e+00,1.422327934086098145e+00,8.176201031996123136e-01,7.261127328153635929e-01,6.190476190476190688e-01,6.666666666666666297e-01,3.289645930468102719e+00,8.333333333333332871e-02,3.333333333333333148e-01,3.289645930468102719e+00
4.387000013079426571e+04,1.072850013758040566e+00,4.795931848770661893e-02,7.367466648517356775e-01,1.800605412171663255e+00,6.540331560812818745e-01,6.710460074844458722e-01,6.666666666666666297e-01,1.000000000000000000e+00,3.331043948400267851e+00,0.000000000000000000e+00,1.666666666666666574e-01,3.331043948400267851e+00
4.388000013082408259e+04,7.000742597844226145e-01,5.391978010007304756e-02,9.380073904494611314e-01,1.533129240117218295e+00,6.693853991752781729e-01,3.628527988250787595e-01,4.761904761904761640e-01,1.000000000000000000e+00,3.565549060801929127e+00,0.000000000000000000e+00,1.666666666666666574e-01,3.565549060801929127e+00
4.389000013085389946e+04,8.655562630513640165e-01,3.362139300229483735e-02,1.151412255786114169e+00,1.704614262120258239e+00,4.141860238813520612e-01,5.316331838904497786e-01,7.142857142857143016e-01,1.000000000000000000e+00,3.486092332230517954e+00,0.000000000000000000e+00,1.666666666666666574e-01,3.486092332230517954e+00
4.390000013088370906e+04,1.005361092742334206e+00,7.105129822529770989e-02,7.732883577987151869e-01,1.517797577680850107e+00,8.122647675743940310e-01,6.701748350740028837e-01,6.666666666666666297e-01,1.000000000000000000e+00,3.413840220704482675e+00,0.000000000000000000e+00,1.666666666666666574e-01,3.413840220704482675e+00
4.391000013091352594e+04,7.413022105380017157e-01,6.005089111415978093e-02,1.233892585124321650e+00,1.876449258810282794e+00,8.991248928775124050e-01,8.524607407637163625e-01,5.714285714285713969e-01,1.000000000000000000e+00,3.398053985257169174e+00,4.166666666666666435e-02,3.333333333333333148e-01,3.398053985257169174e+00
4.392000013094333553e+04,1.071956331080902602e+00,6.568340616150687705e-02,7.958184816795373928e-01,1.679742807699357021e+00,9.220011146128189727e-01,7.717922714501274095e-01,6.666666666666666297e-01,6.666666666666666297e-01,3.374075221886991383e+00,8.333333333333332871e-02,3.333333333333333148e-01,3.374075221886991383e+00
4.393000013097315241e+04,1.091402446226137357e+00,6.107596560926330242e-02,5.244453511519033828e-01,1.499383038029052484e+00,9.741888092560426760e-01,8.399197217246768821e-01,2.857142857142856984e-01,8.333333333333333703e-01,3.564412169495084992e+00,0.000000000000000000e+00,1.666666666666666574e-01,3.781771709756279964e+00
4.394000013100296928e+04,1.266321095300656951e+00,4.447513102009440639e-02,6.792382502866350924e-01,1.479308923758286376e+00,8.674712571925536908e-01,6.568482822117458486e-01,4.761904761904761640e-01,8.333333333333333703e-01,3.196948169756721470e+00,0.000000000000000000e+00,1.666666666666666574e-01,3.196948169756721470e+00
4.395000013103277888e+04,9.638692647253211954e-01,5.604140903442367261e-02,7.918043400889031025e-01,1.752405475787752298e+00,4.885258247697640277e-01,4.674967321853338853e-01,5.238095238095238360e-01,1.000000000000000000e+00,3.398615635892258791e+00,0.000000000000000000e+00,1.666666666666666574e-01,3.398615635892258791e+00
4.396000013106259576e+04,6.178062223329141567e-01,4.306107366088293698e-02,1.823272777859456628e+00,2.861908052772589972e+00,1.579094802777118722e-01,2.362082481651166521e-01,4.761904761904761640e-01,8.333333333333333703e-01,3.587397126647752899e+00,0.000000000000000000e+00,1.666666666666666574e-01,3.910487430289729449e+00
4.397000013109240535e+04,1.249160566680608708e+00,4.721039868058973105e-02,5.677566195967730378e-01,2.038054388043872400e+00,8.275763263373654421e-01,7.387866808353049652e-01,6.190476190476190688e-01,1.000000000000000000e+00,3.744689788928461827e+00,0.000000000000000000e+00,1.666666666666666574e-01,4.208550763199156997e+00
4.398000013112222223e+04,9.393011174851488843e-01,6.328947964738292076e-02,6.084953244677864248e-01,1.855506286409272843e+00,4.207893235055314984e-01,1.144889456896535512e-01,6.666666666666666297e-01,8.333333333333333703e-01,3.430474452784466610e+00,4.166666666666666435e-02,3.333333333333333148e-01,3.430474452784466610e+00
4.399000013115203910e+04,8.216638092777961422e-01,4.176081803767486139e-02,5.101287368687934531e-01,1.372825977885646864e+00,4.513412913927001280e-01,5.719256115040372013e-01,6.190476190476190688e-01,1.000000000000000000e+00,3.777535978633331570e+00,0.000000000000000000e+00,1.666666666666666574e-01,3.777535978633331570e+00
4.400000013118184870e+04,6.644795577420903321e-01,5.038406170538212853e-02,8.311570675910542327e-01,3.052948132390354896e+00,1.247109286314769111e-01,4.380423772440733554e-01,6.190476190476190688e-01,1.000000000000000000e+00,3.087250785260279073e+00,1.250000000000000000e-01,3.333333333333333148e-01,3.087250785260279073e+00
4.401000013121166558e+04,5.070787929333524513e-01,5.675083632064576583e-02,6.559224096312198382e-01,1.385423845019173150e+00,3.773292242730191259e-01,5.716452451530982248e-01,4.285714285714285476e-01,8.333333333333333703e-01,3.075268226161436580e+00,0.000000000000000000e+00,1.666666666666666574e-01,3.075268226161436580e+00
4.402000013124148245e+04,6.224792409339697796e-01,4.429707628210909770e-02,4.432507358005789433e-01,1.964490722808321932e+00,3.543408294538595293e-01,5.649745091549644993e-01,7.142857142857143016e-01,1.000000000000000000e+00,3.129140779801607319e+00,4.166666666666666435e-02,3.333333333333333148e-01,3.129140779801607319e+00
4.403000013127129205e+04,1.156347924635073854e+00,4.664784694300117690e-02,1.467116845316510210e+00,1.777098572429038681e+00,6.769854313251761901e-01,8.219616855642868369e-01,5.238095238095238360e-01,1.000000000000000000e+00,3.398266478177935923e+00,0.000000000000000000e+00,1.666666666666666574e-01,3.398266478177935923e+00
4.404000013130110892e+04,1.269173459552118022e+00,5.400485047067547090e-02,8.325494318905224400e-01,1.541200132195161832e+00,3.106578641838417809e-01,5.425272688216595807e-01,4.761904761904761640e-01,8.333333333333333703e-01,3.387671026115516071e+00,0.000000000000000000e+00,1.666666666666666574e-01,3.387671026115516071e+00
4.405000013133091852e+04,6.434024038953377600e-01,7.747345975288556785e-02,6.378095479678185242e-01,1.444197965334111267e+00,4.333274014249906547e-01,6.555078279929699159e-01,5.238095238095238360e-01,8.333333333333333703e-01,3.544497353424287400e+00,1.250000000000000000e-01,3.333333333333333148e-01,3.621379676925167157e+00
4.406000013136073539e+04,6.155657193982470021e-01,4.818566831566693104e-02,1.660028184396753703e+00,1.484420698425661378e+00,5.126374722229838365e-01,6.939942553487538079e-01,8.095238095238095344e-01,1.000000000000000000e+00,3.639493754428036354e+00,0.000000000000000000e+00,1.666666666666666574e-01,3.677424082870734079e+00
4.407000013139055227e+04,7.804727711836949577e-01,6.988340051974599454e-02,1.954690000760519686e+00,1.719654628721580369e+00,2.881687533111639832e-01,3.992735867726494581e-01,7.142857142857143016e-01,8.333333333333333703e-01,3.579923399440942067e+00,0.000000000000000000e+00,1.666666666666666574e-01,3.769357562243286441e+00
4.408000013142036187e+04,1.042606845753305533e+00,5.853319040277608909e-02,2.223882689892001885e+00,2.549846401409527008e+00,7.126292401354288319e-01,7.726725606784230482e-01,5.714285714285713969e-01,6.666666666666666297e-01,3.607580532263476414e+00,0.000000000000000000e+00,1.666666666666666574e-01,3.703613060015672698e+00
4.409000013145017874e+04,9.632205926372432447e-01,3.999355085295754758e-02,1.248194277412925102e+00,1.808525354093884818e+00,3.681581579146784855e-01,3.021425831959453912e-01,7.619047619047618625e-01,8.333333333333333703e-01,3.399265167238142649e+00,4.166666666666666435e-02,3.333333333333333148e-01,3.463442660045966903e+00
4.410000013147998834e+04,7.430318838077332178e-01,6.572236807042101947e-02,1.580922013701874462e+00,7.802405612297460547e-01,1.814406687348304736e-01,5.293249314004878636e-01,6.190476190476190688e-01,8.333333333333333703e-01,3.461495208317862282e+00,1.250000000000000000e-01,3.333333333333333148e-01,3.461495208317862282e+00
4.411000013150980521e+04,8.159472306677069131e-01,6.868326216135005324e-02,2.220108923050769345e+00,1.474189660655702783e+00,3.528205095390893886e-01,6.702664029739233698e-01,6.190476190476190688e-01,8.333333333333333703e-01,3.587915809485513030e+00,8.333333333333332871e-02,3.333333333333333148e-01,3.578976042550891190e+00
4.412000013153962209e+04,1.032403184174555788e+00,7.494258252186536406e-02,1.812049007460114769e+00,1.585662486447419361e+00,4.174818852714436979e-01,5.568581676305625061e-01,5.238095238095238360e-01,8.333333333333333703e-01,3.299062825986065928e+00,0.000000000000000000e+00,1.666666666666666574e-01,3.299062825986065928e+00
4.413000013156943169e+04,6.448025426978939434e-01,6.622083561229134829e-02,6.023274262932154510e-01,1.032020224511740025e+00,2.243700108269300886e-01,5.206805481703608018e-01,5.714285714285713969e-01,8.333333333333333703e-01,3.289230790973219687e+00,8.333333333333332871e-02,3.333333333333333148e-01,3.289230790973219687e+00
4.414000013159924856e+04,8.079226399761393340e-01,7.411527066434957234e-02,1.989832963012027278e+00,2.077067562979394655e+00,6.033974855791710556e-01,8.206123992442535542e-01,6.190476190476190688e-01,6.666666666666666297e-01,3.436594460169577481e+00,8.333333333333332871e-02,3.333333333333333148e-01,3.561843770005769461e+00
4.415000013162905816e+04,6.346464854730961003e-01,4.962512284804868057e-02,1.201958256114494361e+00,2.022716446726396722e+00,4.901154824716026370e-01,8.317613254335802786e-01,5.238095238095238360e-01,6.666666666666666297e-01,3.571304925164820343e+00,1.250000000000000000e-01,3.333333333333333148e-01,3.882772547586935019e+00
4.416000013165887503e+04,7.345960872163899147e-01,4.681408309151063873e-02,1.380647625688393054e+00,1.706242044673618174e+00,3.860717312704461945e-01,6.867354725883051403e-01,7.142857142857143016e-01,8.333333333333333703e-01,3.506115652115548098e+00,4.166666666666666435e-02,3.333333333333333148e-01,3.506115652115548098e+00
4.417000013168869191e+04,1.480733891162408389e+00,6.604683961270745030e-02,2.573481450479033761e+00,2.676121177013943253e+00,2.637657800804395491e-01,1.498036258704042167e-01,5.714285714285713969e-01,6.666666666666666297e-01,3.437732458940985225e+00,4.166666666666666435e-02,3.333333333333333148e-01,3.437732458940985225e+00
4.418000013171850151e+04,1.339031601648436043e+00,7.493787421470785026e-02,8.118446897101116999e-01,1.561012316615852491e+00,6.848175402589002925e-01,6.945398463290364255e-01,4.285714285714285476e-01,6.666666666666666297e-01,3.527608354021729564e+00,8.333333333333332871e-02,3.333333333333333148e-01,3.571368891242753030e+00
4.419000013174831838e+04,1.320429883874690624e+00,7.486979243019199759e-02,2.289011854234329402e+00,1.626431735112060517e+00,3.421817697557741900e-01,4.388114773741804142e-01,4.285714285714285476e-01,6.666666666666666297e-01,3.695917179838998035e+00,0.000000000000000000e+00,1.666666666666666574e-01,3.739120523313369304e+00
4.420000013177813526e+04,1.078602452946022527e+00,4.863365365410481089e-02,1.281106377489394710e+00,1.111748452610867188e+00,5.152144154870069714e-01,5.786141598085580151e-01,4.761904761904761640e-01,6.666666666666666297e-01,3.803826883353067512e+00,4.166666666666666435e-02,3.333333333333333148e-01,4.075012495359934483e+00
4.421000013180794485e+04,7.653218270568848958e-01,3.724358832426961918e-02,1.491279773189552182e+00,1.308290109703819981e+00,8.091861834998195224e-01,6.962916679136882392e-01,4.761904761904761640e-01,6.666666666666666297e-01,3.585105206560891489e+00,0.000000000000000000e+00,1.666666666666666574e-01,3.585105206560891489e+00
4.422000013183776173e+04,8.055090631828921710e-01,6.060439748800993537e-02,1.419291610039171925e+00,1.198123338612100408e+00,9.542657186655871815e-01,9.944713756718013276e-01,3.809523809523809312e-01,6.666666666666666297e-01,3.099839907381761961e+00,0.000000000000000000e+00,1.666666666666666574e-01,3.099839907381761961e+00
4.423000013186757133e+04,1.054962016431733263e+00,4.211052330953472117e-02,1.213749958380285765e+00,1.811183746216838308e+00,4.533386521986738638e-01,5.263520451073688822e-01,5.238095238095238360e-01,6.666666666666666297e-01,3.727183871779787161e+00,8.333333333333332871e-02,3.333333333333333148e-01,3.669429472849004004e+00
4.424000013189738820e+04,1.076163290296719310e+00,5.803939900266622681e-02,1.206470491397812150e+00,2.171650832927236152e+00,3.962252951910083532e-01,7.001127734366884292e-01,7.142857142857143016e-01,8.333333333333333703e-01,3.509336916951416363e+00,0.000000000000000000e+00,1.666666666666666574e-01,3.509336916951416363e+00
4.425000013192720508e+04,8.770910060840781952e-01,4.134682014658878219e-02,7.171708490839531214e-01,2.693299287735561265e+00,3.579386408595027769e-01,5.545867262464997810e-02,4.285714285714285476e-01,8.333333333333333703e-01,3.122014791507269127e+00,0.000000000000000000e+00,1.666666666666666574e-01,3.122014791507269127e+00
4.426000013195701467e+04,4.389710611425817754e-01,6.650360730326269898e-02,1.231597263086891214e+00,1.689441839909927578e+00,1.864577990629300575e-01,5.324562659568251588e-01,5.238095238095238360e-01,8.333333333333333703e-01,3.259587597720999153e+00,0.000000000000000000e+00,1.666666666666666574e-01,3.259587597720999153e+00
4.427000013198683155e+04,7.192695910484451227e-01,3.967210771882305476e-02,5.532481916191257509e-01,1.568146592890107716e+00,2.437358704390543696e-01,5.462404687238503476e-01,5.238095238095238360e-01,6.666666666666666297e-01,3.640484486987476842e+00,4.166666666666666435e-02,3.333333333333333148e-01,3.640484486987476842e+00
4.428000013201664115e+04,9.088201212135486040e-01,6.736772266118457031e-02,1.081765947972660680e+00,1.086836876145658159e+00,6.407817848981115505e-01,6.904294481215064172e-01,6.190476190476190688e-01,6.666666666666666297e-01,3.512600689032868928e+00,4.166666666666666435e-02,3.333333333333333148e-01,3.512600689032868928e+00
4.429000013204645802e+04,8.863803657316299267e-01,5.698080327408115014e-02,1.154712643089887303e+00,1.509388704721044361e+00,3.908546493681024914e-01,4.620043627992626023e-01,6.190476190476190688e-01,5.000000000000000000e-01,3.573275720735366701e+00,4.166666666666666435e-02,3.333333333333333148e-01,3.586692505595394209e+00
4.430000013207627489e+04,8.376747596563424159e-01,5.199164470270644517e-02,1.651254301902485899e+00,1.730954609722952453e+00,2.907993819769049137e-01,5.522195482444516301e-01,6.666666666666666297e-01,8.333333333333333703e-01,3.296967782656589296e+00,1.250000000000000000e-01,3.333333333333333148e-01,3.296967782656589296e+00
4.431000013210608449e+04,6.804317256685714632e-01,6.442530394556782170e-02,1.556449864069691325e+00,1.108544075190549316e+00,1.579014127839194204e-01,4.552553129908505358e-01,7.619047619047618625e-01,1.000000000000000000e+00,3.133762323008255191e+00,8.333333333333332871e-02,3.333333333333333148e-01,3.133762323008255191e+00
4.432000013213590137e+04,7.022232830629874245e-01,5.236876051590332731e-02,1.140679601450465652e+00,2.325549544784558442e+00,1.780806235684652128e-01,4.409101884801315263e-01,4.761904761904761640e-01,8.333333333333333703e-01,3.700633566180099532e+00,4.166666666666666435e-02,3.333333333333333148e-01,3.700633566180099532e+00
4.433000013216571824e+04,6.905836736767929640e-01,6.292078962100572381e-02,1.615779348135977678e+00,2.212478145648265837e+00,4.966114492487821441e-01,8.329067579336969507e-01,6.666666666666666297e-01,6.666666666666666297e-01,3.369116342254617535e+00,8.333333333333332871e-02,3.333333333333333148e-01,3.532101248755949996e+00
4.434000013219552784e+04,1.134858227542914211e+00,5.027279466460619906e-02,1.334411887037874500e+00,2.043386902405965877e+00,3.125034871233456912e-01,4.530527177361771130e-01,5.714285714285713969e-01,6.666666666666666297e-01,3.631794762676738397e+00,0.000000000000000000e+00,1.666666666666666574e-01,3.670610572702995178e+00
4.435000013222534471e+04,8.809737528655162686e-01,7.636531648889416379e-02,6.720862831233642698e-01,2.049918692791957930e+00,2.249995288922851389e-01,4.451863988492621993e-01,5.714285714285713969e-01,5.000000000000000000e-01,3.643374766209763305e+00,1.250000000000000000e-01,3.333333333333333148e-01,3.706657601347957520e+00
4.436000013225515431e+04,9.275396005299845203e-01,7.027552043536970661e-02,1.303860967538595039e+00,1.667377548325620351e+00,2.665225402293902590e-01,4.374945660555369376e-01,6.190476190476190688e-01,8.333333333333333703e-01,3.099603819095700263e+00,0.000000000000000000e+00,1.666666666666666574e-01,3.099603819095700263e+00
4.437000013228497119e+04,1.042613596302163659e+00,6.949178788808740848e-02,1.862423774123054709e+00,3.136847841789355940e+00,1.531372379216994761e-01,4.338821094632731579e-01,6.190476190476190688e-01,8.333333333333333703e-01,3.408203075008151561e+00,0.000000000000000000e+00,1.666666666666666574e-01,3.408203075008151561e+00
4.438000013231478806e+04,1.186166057003297247e+00,5.317155817774667226e-02,8.314754929112515569e-01,1.751658981412366201e+00,3.440363610186727428e-01,6.247332981684238229e-01,6.666666666666666297e-01,6.666666666666666297e-01,3.478622729341238617e+00,4.166666666666666435e-02,3.333333333333333148e-01,3.478622729341238617e+00
4.439000013234459766e+04,3.651023057161917329e-01,5.078927332179043741e-02,8.137029717676239615e-01,1.484642068589971942e+00,1.571983583268271312e-01,4.094313828801368071e-01,5.714285714285713969e-01,1.000000000000000000e+00,3.447592159511910115e+00,1.250000000000000000e-01,3.333333333333333148e-01,3.654037062121715973e+00
4.440000013237441453e+04,4.649912729430808467e-01,6.226651306202343750e-02,6.880632713354070118e-01,2.143631560648314061e+00,4.311432870699216657e-01,3.751663860540728757e-01,7.619047619047618625e-01,8.333333333333333703e-01,3.697889652286333373e+00,1.250000000000000000e-01,3.333333333333333148e-01,3.697889652286333373e+00
4.441000013240422413e+04,3.767683364220935638e-01,5.288541608563310237e-02,6.293441961061843060e-01,1.116056408000467348e+00,6.724622381239384605e-01,5.625331004481028963e-01,7.619047619047618625e-01,8.333333333333333703e-01,3.415154594555094736e+00,0.000000000000000000e+00,1.666666666666666574e-01,3.415154594555094736e+00
4.442000013243404101e+04,9.505130560912939952e-01,5.331587785697575188e-02,1.051481075687104472e+00,2.159599528074089392e+00,4.044615148679059358e-01,2.170008722189419315e-01,7.142857142857143016e-01,8.333333333333333703e-01,3.150675954646676491e+00,8.333333333333332871e-02,3.333333333333333148e-01,3.150675954646676491e+00
4.443000013246385788e+04,5.400996079961801755e-01,5.386153470435625645e-02,1.989351651915669761e+00,1.089866884517049828e+00,4.663708714425480184e-01,3.918340790778725991e-01,6.190476190476190688e-01,8.333333333333333703e-01,3.514120466585896718e+00,0.000000000000000000e+00,1.666666666666666574e-01,3.514120466585896718e+00
4.444000013249366748e+04,4.011852525897409705e-01,6.059724484807457734e-02,8.635205557378990981e-01,1.189018634408075092e+00,3.280137068735677341e-01,4.215559153299739403e-01,5.714285714285713969e-01,8.333333333333333703e-01,3.352046335839602875e+00,4.166666666666666435e-02,3.333333333333333148e-01,3.352046335839602875e+00
4.445000013252348435e+04,9.310652753608317234e-01,6.695637170775199654e-02,1.103674504467350825e+00,2.241301714604776230e+00,9.550442530118241624e-01,8.668416788078939783e-01,3.809523809523809312e-01,8.333333333333333703e-01,3.462324952534403089e+00,0.000000000000000000e+00,1.666666666666666574e-01,3.462324952534403089e+00
4.446000013255329395e+04,7.198103097567711828e-01,4.490015949519091804e-02,5.383650376861891518e-01,1.445850513190394926e+00,4.191760874611009102e-01,6.661293260390256377e-01,6.666666666666666297e-01,1.000000000000000000e+00,3.334271549465710471e+00,4.166666666666666435e-02,3.333333333333333148e-01,3.334271549465710471e+00
4.447000013258311083e+04,9.981418720607847517e-01,5.014422280154574169e-02,1.984621393667435063e+00,2.150278888154301349e+00,8.765284178012405780e-01,7.950554806605212299e-01,7.142857142857143016e-01,8.333333333333333703e-01,3.504566456299539112e+00,1.250000000000000000e-01,3.333333333333333148e-01,3.559644657805975498e+00
4.448000013261292770e+04,1.054655511764041931e+00,5.298396734611057757e-02,1.851012289602904426e+00,1.558088595915406493e+00,7.795837330446776514e-01,7.928380861365448284e-01,5.238095238095238360e-01,6.666666666666666297e-01,3.662922999768612353e+00,8.333333333333332871e-02,3.333333333333333148e-01,3.662922999768612353e+00
4.449000013264273730e+04,7.033073252358968963e-01,5.239754778688227727e-02,9.979462844727000626e-01,1.418235974795077903e+00,5.937563661215388144e-01,8.107219143414030604e-01,7.142857142857143016e-01,8.333333333333333703e-01,3.475203169128545433e+00,4.166666666666666435e-02,3.333333333333333148e-01,3.701050949313796856e+00
4.450000013267255417e+04,5.007788004048813191e-01,5.110037312215125888e-02,1.171724147935836235e+00,2.400008248108444153e+00,6.887979997964698287e-01,7.472676933406757760e-01,4.285714285714285476e-01,1.000000000000000000e+00,3.230001250664694901e+00,4.166666666666666435e-02,3.333333333333333148e-01,3.230001250664694901e+00
4.451000013270237105e+04,7.866704337021491744e-01,5.883630689351860427e-02,1.189224464795281433e+00,1.580387761608618602e+00,8.238819630825976459e-01,7.902480639120523787e-01,7.619047619047618625e-01,1.000000000000000000e+00,3.651894551566531089e+00,0.000000000000000000e+00,1.666666666666666574e-01,3.692336788770159028e+00
4.452000013273218065e+04,9.438455236149527749e-01,6.697275061137725194e-02,1.502722445493688497e+00,1.720616008669775931e+00,3.623692095066714525e-01,3.250379629264025794e-01,6.190476190476190688e-01,1.000000000000000000e+00,3.613807207605498117e+00,8.333333333333332871e-02,3.333333333333333148e-01,3.613807207605498117e+00
4.453000013276199752e+04,1.083751963027017373e+00,7.248230866749869050e-02,1.017670741944987078e+00,1.532487158522462423e+00,5.555685939425195619e-01,5.316936967902189393e-01,6.190476190476190688e-01,8.333333333333333703e-01,3.563177598289929637e+00,0.000000000000000000e+00,1.666666666666666574e-01,3.563177598289929637e+00
4.454000013279180712e+04,8.400290918950964469e-01,3.979440988923507033e-02,4.064279433879341985e-01,1.314689837272347672e+00,2.999873942572285901e-01,3.670311944415108885e-01,6.666666666666666297e-01,1.000000000000000000e+00,3.512131886964933170e+00,8.333333333333332871e-02,3.333333333333333148e-01,3.512131886964933170e+00
4.455000013282162399e+04,7.252405532849857117e-01,6.095673917476766845e-02,8.106307474790992451e-01,1.377728896955281446e+00,6.437767893136721042e-01,5.607119896668616432e-01,7.619047619047618625e-01,1.000000000000000000e+00,3.437430413616037406e+00,4.166666666666666435e-02,3.333333333333333148e-01,3.437430413616037406e+00
4.456000013285144087e+04,8.271306135417748617e-01,5.253925368299874887e-02,1.351582941759387868e+00,1.895583552262070759e+00,4.553756930750127441e-01,2.866346745756879755e-01,7.142857142857143016e-01,8.333333333333333703e-01,3.450073082924031365e+00,0.000000000000000000e+00,1.666666666666666574e-01,3.519350921081316308e+00
4.457000013288125047e+04,1.155656625794894143e+00,5.814390002869956886e-02,1.149519340326453642e+00,2.205110671435404068e+00,6.926729392002062280e-01,7.173138326375898544e-01,5.238095238095238360e-01,5.000000000000000000e-01,3.358486246983924062e+00,4.166666666666666435e-02,3.333333333333333148e-01,3.358486246983924062e+00
4.458000013291106734e+04,5.883910878314074777e-01,4.816742141837631469e-02,1.212732532939261532e+00,3.084240285488408784e+00,4.966275465559464308e-01,7.183553636266514220e-01,2.857142857142856984e-01,8.333333333333333703e-01,3.542308246008334383e+00,4.166666666666666435e-02,3.333333333333333148e-01,3.542308246008334383e+00
4.459000013294087694e+04,1.131874071720117003e+00,3.543910090904290461e-02,3.733339387237103457e-01,1.166014659634216688e+00,4.245411804514967469e-01,5.340123580069635612e-01,6.190476190476190688e-01,6.666666666666666297e-01,3.523274565297268790e+00,1.250000000000000000e-01,3.333333333333333148e-01,3.507832346721322825e+00
4.460000013297069381e+04,7.743281924669744853e-01,5.696507244496691602e-02,1.021008712637493820e+00,1.229067778541196088e+00,2.905462821657902039e-01,5.016052941693750489e-01,6.190476190476190688e-01,8.333333333333333703e-01,3.717665000993034763e+00,8.333333333333332871e-02,3.333333333333333148e-01,4.021407929944238901e+00
4.461000013300051069e+04,9.527636161516048752e-01,7.095026183575926793e-02,1.500908607183837340e+00,2.002315610325518858e+00,4.151791684756943046e-01,6.932976362117171387e-01,6.666666666666666297e-01,8.333333333333333703e-01,3.549533831011310259e+00,1.250000000000000000e-01,3.333333333333333148e-01,3.552134799904766549e+00
4.462000013303032028e+04,9.879298303708681228e-01,3.402285420118645459e-02,1.696943135146140147e+00,1.738512881327114012e+00,4.299827224970932948e-01,6.747981587736082698e-01,6.666666666666666297e-01,8.333333333333333703e-01,3.736147816428127655e+00,1.250000000000000000e-01,3.333333333333333148e-01,3.510523510391182711e+00
4.463000013306013716e+04,4.961422098820576498e-01,4.210856981596908938e-02,1.222016142718838072e+00,1.313221255812522470e+00,2.862408006237299740e-01,6.018583408410879132e-01,7.619047619047618625e-01,1.000000000000000000e+00,3.460252943038081508e+00,1.250000000000000000e-01,3.333333333333333148e-01,3.460252943038081508e+00
4.464000013308995403e+04,1.028217306025696498e+00,5.836809556385900988e-02,1.867562345394953249e+00,1.863950332242778174e+00,1.820312651888752742e-01,5.041078114700449087e-01,5.714285714285713969e-01,8.333333333333333703e-01,3.408531834462089183e+00,1.250000000000000000e-01,3.333333333333333148e-01,3.408531834462089183e+00
4.465000013311976363e+04,9.679367148907207508e-01,5.308689149472555630e-02,1.903024110648056544e+00,1.883970662791639716e+00,4.870890140523582712e-01,8.309632604969091618e-01,5.714285714285713969e-01,6.666666666666666297e-01,3.497181651219694931e+00,1.250000000000000000e-01,3.333333333333333148e-01,3.810413994738063970e+00
4.466000013314958051e+04,5.330919551300085102e-01,6.254353837337403577e-02,1.055442269253157761e+00,9.108333933348274902e-01,3.424207993411876316e-01,3.756477565965841703e-01,7.142857142857143016e-01,1.000000000000000000e+00,3.455813978418537769e+00,1.250000000000000000e-01,3.333333333333333148e-01,3.455813978418537769e+00
4.467000013317939010e+04,3.129598208585780972e-01,5.876067747922551765e-02,1.353193288189261878e+00,1.386657140066741123e+00,3.130925854550106746e-01,5.768233635641015766e-01,5.238095238095238360e-01,1.000000000000000000e+00,3.774230019774656331e+00,8.333333333333332871e-02,3.333333333333333148e-01,3.774230019774656331e+00
4.468000013320920698e+04,5.080967163146462573e-01,4.195186217529205119e-02,1.796615970758267178e+00,2.182925922689845866e+00,3.461482285907038770e-01,6.471632030667455737e-01,7.619047619047618625e-01,1.000000000000000000e+00,3.487355145566362502e+00,8.333333333333332871e-02,3.333333333333333148e-01,3.949045480571183209e+00
4.469000013323902385e+04,4.724243070501920050e-01,7.056271149564415091e-02,1.360757063648922127e+00,1.456993802714992681e+00,4.207802205325799627e-01,7.011708208943419063e-01,6.666666666666666297e-01,1.000000000000000000e+00,3.608011624224266800e+00,4.166666666666666435e-02,3.333333333333333148e-01,3.608011624224266800e+00
4.470000013326883345e+04,7.505106982491370760e-01,5.306817795197726895e-02,1.485301889406655196e+00,2.066394615388055911e+00,5.066539874670240584e-01,7.827114901014120552e-01,5.238095238095238360e-01,8.333333333333333703e-01,3.496201446111152134e+00,1.250000000000000000e-01,3.333333333333333148e-01,3.856057276829884195e+00
4.471000013329865033e+04,8.234983799798802906e-01,6.324628327072712164e-02,2.105921834232047818e+00,2.743119242767912525e+00,5.082465568634203512e-01,7.766035159814556055e-01,6.190476190476190688e-01,8.333333333333333703e-01,3.505642515902692491e+00,0.000000000000000000e+00,1.666666666666666574e-01,3.643592709791810158e+00
4.472000013332845992e+04,5.515354506510141697e-01,5.779074726421511848e-02,9.800496645250471595e-01,1.512888155712782456e+00,5.490815072301933331e-01,8.987101891807780518e-01,6.190476190476190688e-01,8.333333333333333703e-01,3.377033047658294596e+00,1.250000000000000000e-01,3.333333333333333148e-01,3.833426477934955390e+00
4.473000013335827680e+04,6.276377295019666125e-01,5.974575546926894770e-02,1.903180441003331058e+00,1.885122229787083104e+00,3.626382963518460789e-01,6.620122469694453837e-01,8.095238095238095344e-01,1.000000000000000000e+00,3.446419283803801914e+00,8.333333333333332871e-02,3.333333333333333148e-01,3.752940106989088864e+00
4.474000013338809367e+04,7.879951623979043474e-01,5.612671470122744533e-02,1.879866163377349464e+00,1.891347123492270743e+00,2.290011661078868443e-01,5.748583362693296950e-01,7.619047619047618625e-01,8.333333333333333703e-01,3.436201513243746675e+00,8.333333333333332871e-02,3.333333333333333148e-01,3.622241462792795463e+00
4.475000013341790327e+04,5.906709541013974718e-01,5.722347562035087765e-02,1.903919814011925338e+00,1.770145120193640897e+00,2.871041960325498854e-01,4.541461591591903768e-01,3.809523809523809312e-01,8.333333333333333703e-01,3.502557434495610966e+00,0.000000000000000000e+00,1.666666666666666574e-01,3.502557434495610966e+00
4.476000013344772015e+04,5.384308801054107363e-01,9.294126042326439352e-02,1.599823069323808689e+00,2.161107331115855512e+00,7.489832890599268378e-02,3.799963107937146534e-01,5.238095238095238360e-01,1.000000000000000000e+00,3.700031251240049723e+00,8.333333333333332871e-02,3.333333333333333148e-01,4.174758312275988814e+00
4.477000013347752974e+04,6.429975221029116117e-01,6.917394724356340507e-02,1.352991139194479109e+00,1.571018948620444444e+00,6.970776161616290545e-02,2.996666265680770214e-01,5.714285714285713969e-01,1.000000000000000000e+00,3.806598109757662662e+00,8.333333333333332871e-02,3.333333333333333148e-01,3.806598109757662662e+00
4.478000013350734662e+04,5.676258853041937780e-01,4.369571846256677106e-02,1.054078442027965634e+00,1.888778679200810329e+00,3.764459486633267016e-01,7.133443001361438052e-01,6.666666666666666297e-01,8.333333333333333703e-01,3.530510230730102172e+00,8.333333333333332871e-02,3.333333333333333148e-01,3.530510230730102172e+00
4.479000013353716349e+04,9.183404541597968151e-01,5.188541087383471279e-02,2.435756193529965419e+00,2.314927176479604665e+00,4.479637468473008921e-01,6.191692669126179771e-01,6.190476190476190688e-01,8.333333333333333703e-01,3.422706735731048777e+00,8.333333333333332871e-02,3.333333333333333148e-01,3.362876818737565721e+00
4.480000013356697309e+04,9.096083197590572045e-01,8.298362285352031686e-02,1.505019238179730046e+00,1.590786554271278908e+00,5.324893022356362859e-01,7.769284954393893550e-01,6.190476190476190688e-01,8.333333333333333703e-01,3.519780162088073094e+00,8.333333333333332871e-02,3.333333333333333148e-01,3.519780162088073094e+00
4.481000013359678996e+04,1.654666103685016765e+00,6.202200453941802277e-02,2.247299144161991169e+00,2.815967641666366816e+00,2.672185144780411248e-01,2.926181653858939136e-01,6.666666666666666297e-01,8.333333333333333703e-01,3.365694507250322154e+00,8.333333333333332871e-02,3.333333333333333148e-01,4.159208026052918505e+00
4.482000013362660684e+04,7.534585216346297853e-01,4.983923577785324271e-02,8.280664625640885568e-01,1.785285863075102508e+00,1.978709985513802394e-01,3.762781308940389424e-01,6.190476190476190688e-01,6.666666666666666297e-01,3.309956216079690705e+00,4.166666666666666435e-02,3.333333333333333148e-01,3.309956216079690705e+00
4.483000013365641644e+04,8.145269704083961670e-01,5.735973680783378048e-02,7.191623122982753191e-01,1.202847942038937967e+00,7.078484941072618053e-01,1.053515075256207023e+00,5.714285714285713969e-01,8.333333333333333703e-01,3.607430692360459545e+00,8.333333333333332871e-02,3.333333333333333148e-01,3.993249842812578443e+00
4.484000013368623331e+04,5.417676229445768099e-01,7.117651975629007977e-02,5.043686389014230276e-01,8.995052303270439920e-01,3.561434447837358297e-01,5.808431958332086475e-01,8.095238095238095344e-01,1.000000000000000000e+00,3.393336939995606372e+00,4.166666666666666435e-02,3.333333333333333148e-01,3.393336939995606372e+00
4.485000013371604291e+04,7.190652770549843531e-01,6.873558671243787388e-02,1.460201798930248263e+00,2.012309034376376093e+00,8.331514215611417473e-01,1.176761184744923749e+00,6.666666666666666297e-01,1.000000000000000000e+00,3.698319368933272955e+00,8.333333333333332871e-02,3.333333333333333148e-01,3.798863577136065484e+00
4.486000013374585978e+04,9.394850453532835877e-01,4.221030418122934114e-02,9.221659306849819826e-01,1.280343867423082704e+00,4.716223354708084514e-01,7.016288278557913927e-01,5.714285714285713969e-01,1.000000000000000000e+00,3.535837829810877242e+00,1.250000000000000000e-01,3.333333333333333148e-01,3.724441907752914283e+00
4.487000013377567666e+04,4.564674512793199246e-01,4.776147961189572411e-02,8.287650501213096321e-01,2.031372631697257347e+00,3.325714912021183745e-01,5.764616328391065636e-01,5.238095238095238360e-01,1.000000000000000000e+00,3.877430761146035465e+00,4.166666666666666435e-02,3.333333333333333148e-01,3.900125798535583055e+00
4.488000013380548626e+04,9.609235769584117959e-01,5.147312451380391118e-02,1.138370459685877911e+00,1.368567118334534261e+00,5.384561658034384690e-01,6.673008215793262421e-01,6.666666666666666297e-01,6.666666666666666297e-01,3.206989316919156341e+00,8.333333333333332871e-02,3.333333333333333148e-01,3.416536902089615690e+00
4.489000013383530313e+04,6.855903740753419573e-01,6.206307406439956487e-02,6.103358605396195236e-01,2.052658432432037827e+00,1.556940208612923315e-01,4.986310905735424903e-01,6.190476190476190688e-01,5.000000000000000000e-01,3.424730879087288127e+00,1.250000000000000000e-01,3.333333333333333148e-01,3.648029595297454186e+00
4.490000013386511273e+04,2.781666858077345150e-01,2.945908195196044951e-02,9.476746870562732239e-01,9.498784031217344381e-01,2.081215514974510961e-01,3.315147382515560293e-01,6.190476190476190688e-01,1.000000000000000000e+00,3.659492946157008930e+00,0.000000000000000000e+00,1.666666666666666574e-01,3.862289341655353869e+00
4.491000013389492960e+04,3.896757321186096190e-01,3.774042049156284967e-02,1.189091048636840231e+00,2.181902709202352408e+00,2.603369751461063197e-01,5.459935231505189668e-01,8.571428571428570953e-01,8.333333333333333703e-01,3.351160420525223671e+00,0.000000000000000000e+00,1.666666666666666574e-01,3.351160420525223671e+00
4.492000013392474648e+04,7.187394790562253721e-01,5.587933022998771426e-02,1.262185705220626675e+00,9.520606752236966397e-01,2.769160019253671945e-01,4.719352934696069424e-01,7.619047619047618625e-01,1.000000000000000000e+00,3.308366478881982431e+00,4.166666666666666435e-02,3.333333333333333148e-01,3.308366478881982431e+00
4.493000013395455608e+04,7.578045360290978083e-01,6.080989951125036902e-02,7.128593890673171618e-01,1.679138443205304476e+00,4.085348426059226545e-01,5.488472186631905281e-01,6.190476190476190688e-01,1.000000000000000000e+00,3.550102777581557234e+00,4.166666666666666435e-02,3.333333333333333148e-01,3.550102777581557234e+00
4.494000013398437295e+04,6.476248307753290634e-01,6.616295213973870382e-02,1.236544359041739316e+00,1.756263914031847895e+00,1.102437256198185583e-01,2.845081865956909928e-01,7.619047619047618625e-01,8.333333333333333703e-01,3.372013298174751483e+00,4.166666666666666435e-02,3.333333333333333148e-01,3.495603300834775329e+00
4.495000013401418983e+04,1.047672837816446156e+00,7.433608793399675008e-02,2.460220070911423917e+00,1.933114698550199906e+00,6.497079790543414113e-01,5.860444020140411769e-01,5.714285714285713969e-01,6.666666666666666297e-01,3.554700056949212872e+00,0.000000000000000000e+00,1.666666666666666574e-01,3.608999306642905136e+00
4.496000013404399942e+04,1.106227423672611287e+00,4.954364359148939051e-02,1.674582776961241359e+00,2.081728367815481651e+00,1.399122100824869153e-01,3.765838025076588269e-01,5.714285714285713969e-01,6.666666666666666297e-01,3.044370495969412449e+00,0.000000000000000000e+00,1.666666666666666574e-01,3.044370495969412449e+00
4.497000013407381630e+04,6.680225402353546782e-01,5.132044610197267209e-02,9.223454453272320608e-01,1.359509178732374091e+00,4.669112144277440812e-01,7.121749727502116878e-01,7.619047619047618625e-01,8.333333333333333703e-01,3.617715549756039373e+00,8.333333333333332871e-02,3.333333333333333148e-01,3.632486169715341884e+00
4.498000013410362590e+04,7.142389157699392532e-01,6.811571246269260138e-02,9.394314238835930198e-01,2.138478175766842515e+00,5.011632354653551280e-01,7.806251875434891963e-01,6.190476190476190688e-01,8.333333333333333703e-01,3.347430645592602172e+00,1.250000000000000000e-01,3.333333333333333148e-01,3.347430645592602172e+00
4.499000013413344277e+04,9.458756921146194152e-01,5.529277848683612079e-02,1.480202225961219087e+00,1.710789803781733953e+00,2.245213713056586069e-01,5.266092063108249732e-01,5.714285714285713969e-01,6.666666666666666297e-01,3.478466975406499628e+00,1.250000000000000000e-01,3.333333333333333148e-01,3.478466975406499628e+00
4.500000013416325964e+04,9.379543088376994797e-01,5.349948807986147636e-02,2.198356683254322874e+00,1.735734171168551665e+00,2.466015798059179309e-01,4.816485420366655723e-01,4.285714285714285476e-01,5.000000000000000000e-01,3.672435762281410998e+00,8.333333333333332871e-02,3.333333333333333148e-01,3.796814267859302205e+00
4.501000013419306924e+04,6.003467603154313270e-01,6.300473003545391248e-02,1.910542730147999801e+00,1.761770097143048108e+00,6.028229983513292423e-01,9.423744738834264334e-01,7.142857142857143016e-01,8.333333333333333703e-01,3.554762623200319549e+00,8.333333333333332871e-02,3.333333333333333148e-01,3.735259211577086624e+00
4.502000013422288612e+04,6.630229747233838955e-01,4.918112750024844493e-02,1.832948870243356732e+00,2.554853768612456388e+00,7.630419425411272272e-01,1.098787452484094596e+00,6.190476190476190688e-01,1.000000000000000000e+00,3.479545089375499334e+00,1.250000000000000000e-01,3.333333333333333148e-01,3.446499206621111977e+00
4.503000013425269572e+04,7.606154241491798196e-01,5.851270509845235557e-02,1.280614242308123707e+00,2.403394319863575657e+00,3.319060410687023621e-01,6.758996415479828768e-01,4.761904761904761640e-01,1.000000000000000000e+00,3.778081547718498800e+00,0.000000000000000000e+00,1.666666666666666574e-01,3.798738556809483136e+00
4.504000013428251259e+04,9.309535296069968435e-01,6.942009752552637247e-02,1.559966844397868924e+00,2.142981414588475797e+00,5.361391805682946821e-01,7.062395816304115614e-01,5.238095238095238360e-01,8.333333333333333703e-01,3.382928432184324041e+00,1.250000000000000000e-01,3.333333333333333148e-01,3.469731628133447821e+00
4.505000013431232946e+04,1.266963685757887648e+00,5.458037208914710142e-02,1.431398499170473571e+00,1.593751213881215323e+00,2.991137347237382005e-01,4.085963217773747047e-01,5.714285714285713969e-01,8.333333333333333703e-01,3.583838883216008853e+00,1.250000000000000000e-01,3.333333333333333148e-01,3.608765967375425987e+00
4.506000013434213906e+04,8.113782710264083597e-01,6.298166171206889818e-02,1.511816981090856604e+00,1.961707270180562901e+00,1.677891105617976275e-01,4.794009070954092788e-01,4.761904761904761640e-01,8.333333333333333703e-01,3.142179511385153390e+00,8.333333333333332871e-02,3.333333333333333148e-01,3.142179511385153390e+00
4.507000013437195594e+04,1.141808442960721814e+00,4.331865395114801315e-02,2.062355674946146245e+00,1.390441969644353737e+00,1.611649101736919443e-01,3.102238323289729371e-01,6.190476190476190688e-01,6.666666666666666297e-01,3.461385501283225974e+00,1.250000000000000000e-01,3.333333333333333148e-01,3.453223504918438103e+00
4.508000013440176554e+04,1.223854275197194141e+00,5.970332040842068339e-02,1.300241795366868791e+00,1.627524955027261688e+00,4.497600336721981895e-01,4.677834622807676146e-01,5.714285714285713969e-01,6.666666666666666297e-01,3.340334981712827833e+00,1.250000000000000000e-01,3.333333333333333148e-01,3.340334981712827833e+00
4.509000013443158241e+04,8.388999144631661409e-01,6.093694759340111122e-02,2.415239934457517723e+00,2.142037175834613727e+00,2.592624046913212243e-01,5.180229834286926849e-01,6.190476190476190688e-01,6.666666666666666297e-01,3.449388394952387582e+00,4.166666666666666435e-02,3.333333333333333148e-01,3.477879268936521662e+00
4.510000013446139928e+04,8.704685808121749302e-01,3.088049230469726639e-02,1.675049961517024011e+00,1.989207245054597895e+00,5.434958125290851871e-01,8.766083091028599172e-01,4.761904761904761640e-01,8.333333333333333703e-01,3.650077318342419108e+00,1.250000000000000000e-01,3.333333333333333148e-01,3.650077318342419108e+00
4.511000013449120888e+04,6.475290946495944056e-01,7.536992222068372715e-02,1.393313101603459447e+00,1.676690140825271014e+00,3.553122036089071956e-01,6.573074603864346166e-01,7.619047619047618625e-01,1.000000000000000000e+00,3.450378061463566404e+00,8.333333333333332871e-02,3.333333333333333148e-01,3.450378061463566404e+00
4.512000013452102576e+04,8.328423555304266257e-01,4.835548924980876545e-02,2.278809126104278437e+00,2.701718909144001479e+00,5.949255248024873932e-01,9.316045460727059302e-01,5.238095238095238360e-01,6.666666666666666297e-01,3.679441288627377737e+00,1.250000000000000000e-01,3.333333333333333148e-01,3.715783161096898102e+00
4.513000013455084263e+04,7.477116834240200571e-01,5.187241338903660071e-02,1.550756711593394233e+00,1.721559929943095035e+00,2.511553135455925068e-01,5.083254571891563378e-01,5.714285714285713969e-01,8.333333333333333703e-01,3.515435022545751131e+00,4.166666666666666435e-02,3.333333333333333148e-01,3.515435022545751131e+00
4.514000013458065223e+04,9.395044010439439486e-01,5.686010667688230769e-02,1.644786399297265556e+00,1.370640615363107884e+00,2.628838807806876954e-01,4.646741743957731874e-01,5.714285714285713969e-01,6.666666666666666297e-01,3.470602014758257692e+00,1.250000000000000000e-01,3.333333333333333148e-01,3.470602014758257692e+00
4.515000013461046910e+04,7.021270080341079911e-01,5.569488292791876377e-02,1.366114731119210113e+00,1.779574561764312834e+00,4.033622384465480604e-01,6.882987756072699304e-01,6.190476190476190688e-01,8.333333333333333703e-01,3.475205959925768529e+00,1.250000000000000000e-01,3.333333333333333148e-01,3.475205959925768529e+00
4.516000013464027870e+04,9.739899187104972267e-01,6.679678860677269736e-02,1.367792013012733454e+00,1.982803519591223473e+00,4.355076324946453581e-01,7.673605930516078644e-01,6.190476190476190688e-01,5.000000000000000000e-01,3.427518135347581207e+00,1.250000000000000000e-01,3.333333333333333148e-01,3.415965669178121722e+00
4.517000013467009558e+04,7.467165148308332334e-01,4.278278891208965595e-02,9.843117096037818925e-01,1.629512338637414848e+00,4.229903886632601084e-01,6.491916885536194171e-01,7.619047619047618625e-01,8.333333333333333703e-01,3.408985744215642377e+00,1.250000000000000000e-01,3.333333333333333148e-01,3.721942180319832261e+00
4.518000013469991245e+04,4.554373677663969278e-01,4.570442858875729819e-02,1.076108000176393187e+00,1.859918682812584878e+00,5.974600659127553559e-01,8.797695341489107923e-01,6.666666666666666297e-01,8.333333333333333703e-01,3.477370304540237544e+00,0.000000000000000000e+00,1.666666666666666574e-01,3.554765518510075051e+00
4.519000013472972205e+04,6.996968259489128039e-01,3.766665936168019785e-02,8.692601406286083465e-01,1.429092137996494039e+00,2.093453519945081831e-01,5.476634312451550413e-01,7.619047619047618625e-01,8.333333333333333703e-01,3.375803114804023952e+00,1.250000000000000000e-01,3.333333333333333148e-01,3.375803114804023952e+00
4.520000013475953892e+04,3.686021950731029895e-01,4.368550450627860238e-02,1.287906909241588682e+00,1.568222636134962711e+00,7.285442274638939120e-01,1.062698993851952212e+00,8.095238095238095344e-01,1.000000000000000000e+00,3.348637195844446524e+00,8.333333333333332871e-02,3.333333333333333148e-01,3.348637195844446524e+00
4.521000013478934852e+04,6.439012458691544261e-01,7.170544813519702521e-02,2.026344321540235249e+00,1.415762954038401356e+00,3.978049736631354971e-01,7.238828343435548263e-01,6.190476190476190688e-01,8.333333333333333703e-01,3.705213939181031702e+00,1.250000000000000000e-01,3.333333333333333148e-01,3.656498701447431277e+00
4.522000013481916540e+04,9.397994848793963518e-01,5.047774603605188065e-02,1.499837747025247303e+00,1.529859639356339063e+00,5.122479337443466285e-01,7.540445064045956380e-01,5.238095238095238360e-01,6.666666666666666297e-01,3.204899747361003914e+00,8.333333333333332871e-02,3.333333333333333148e-01,3.204899747361003914e+00
4.523000013484898227e+04,9.797612171672805959e-01,6.258526403100665714e-02,1.992812699447966684e+00,1.823837261606126470e+00,4.793219160694396352e-01,7.444696266059652734e-01,4.761904761904761640e-01,6.666666666666666297e-01,3.471234525184945241e+00,8.333333333333332871e-02,3.333333333333333148e-01,3.594768563251897753e+00
4.524000013487879187e+04,1.315139619692552664e+00,5.764671581202317902e-02,1.193365272726717219e+00,1.440520166295012006e+00,3.167881973414707342e-01,6.604681490572038571e-01,4.285714285714285476e-01,6.666666666666666297e-01,3.545722812815998548e+00,1.666666666666666574e-01,3.333333333333333148e-01,3.788786514544253858e+00
4.525000013490860874e+04,9.890583788951411437e-01,3.971737819463246749e-02,1.600988792402321392e+00,1.999724087140596351e+00,4.040470684175089255e-01,6.757685174678598194e-01,6.190476190476190688e-01,6.666666666666666297e-01,3.257615309537373882e+00,4.166666666666666435e-02,3.333333333333333148e-01,3.257615309537373882e+00
4.526000013493842562e+04,6.092367030338736722e-01,7.011624928182616512e-02,1.533068831977138169e+00,1.720700526577602085e+00,4.614515300592171854e-01,7.546161908349746650e-01,5.714285714285713969e-01,1.000000000000000000e+00,3.515678923768162711e+00,8.333333333333332871e-02,3.333333333333333148e-01,3.969684489188033627e+00
4.527000013496823522e+04,4.078697931000757615e-01,5.477027889869655330e-02,8.643961960520500920e-01,1.778862359995288855e+00,2.694770163595991419e-01,6.213285329531202938e-01,7.142857142857143016e-01,8.333333333333333703e-01,3.529225435601068384e+00,8.333333333333332871e-02,3.333333333333333148e-01,3.529225435601068384e+00
4.528000013499805209e+04,9.824652476552517832e-01,5.566846649118332990e-02,1.582802032552626414e+00,1.605889226972514905e+00,3.753573070711237469e-01,6.210848565973211555e-01,5.714285714285713969e-01,6.666666666666666297e-01,3.404099038913871222e+00,4.166666666666666435e-02,3.333333333333333148e-01,3.404099038913871222e+00
4.529000013502786169e+04,8.611421310685903885e-01,5.396710816528779708e-02,5.375539964593347708e-01,1.379910332548863972e+00,2.451085464303854600e-01,3.789879367326398629e-01,5.714285714285713969e-01,6.666666666666666297e-01,3.505474265288561320e+00,1.250000000000000000e-01,3.333333333333333148e-01,3.505474265288561320e+00
4.530000013505767856e+04,1.080312652389701533e+00,5.689923902078117268e-02,2.052911405055602323e+00,2.083126537577549620e+00,4.469411663339938334e-01,6.890350935547708833e-01,5.714285714285713969e-01,8.333333333333333703e-01,3.492888136684826783e+00,8.333333333333332871e-02,3.333333333333333148e-01,3.492888136684826783e+00
4.531000013508749544e+04,1.358431155746571362e+00,4.830046108140945843e-02,1.613822865909289028e+00,2.327932974131398769e+00,4.450723439289427374e-01,6.021255614749440044e-01,6.190476190476190688e-01,8.333333333333333703e-01,3.437504945721980842e+00,4.166666666666666435e-02,3.333333333333333148e-01,3.539170411800832028e+00
4.532000013511730504e+04,3.421475075446350766e-01,4.873795711157700994e-02,9.716265394424086210e-01,1.733972467647182159e+00,5.169824672061353876e-01,8.506099318928503905e-01,7.142857142857143016e-01,1.000000000000000000e+00,3.302974309744993509e+00,4.166666666666666435e-02,3.333333333333333148e-01,3.302974309744993509e+00
4.533000013514712191e+04,8.693621239768178910e-01,3.255263533966717276e-02,1.255426886424749089e+00,1.600755255604151994e+00,2.899834155855698925e-01,5.745490272331128523e-01,5.714285714285713969e-01,8.333333333333333703e-01,3.503012780633969481e+00,0.000000000000000000e+00,1.666666666666666574e-01,3.503012780633969481e+00
4.534000013517693151e+04,7.700728428293390770e-01,4.334932527818543407e-02,2.070682774460997688e+00,2.238252298157066722e+00,6.277977228850152303e-01,8.931330974638267417e-01,5.714285714285713969e-01,8.333333333333333703e-01,3.639857877934124186e+00,0.000000000000000000e+00,1.666666666666666574e-01,3.639857877934124186e+00
4.535000013520674838e+04,1.037464707896326388e+00,6.234791590210749662e-02,8.636998922015932667e-01,1.710112878731158581e+00,4.304165820207782600e-01,6.975540263237889338e-01,6.190476190476190688e-01,6.666666666666666297e-01,3.465647425631630085e+00,0.000000000000000000e+00,1.666666666666666574e-01,3.465647425631630085e+00
4.536000013523656526e+04,9.047637971084444564e-01,5.589381951016690608e-02,8.351739968953492133e-01,1.972076867383584231e+00,5.718277933137065894e-01,6.724021199229234247e-01,7.142857142857143016e-01,8.333333333333333703e-01,3.316289106761301397e+00,1.250000000000000000e-01,3.333333333333333148e-01,3.316289106761301397e+00
4.537000013526637485e+04,3.475706441842819627e-01,5.819552930482849856e-02,1.397255990626773636e+00,1.719957577340806232e+00,3.455906815289748746e-01,6.931554403191414471e-01,7.619047619047618625e-01,8.333333333333333703e-01,3.643792807868454275e+00,0.000000000000000000e+00,1.666666666666666574e-01,3.856787184799116641e+00
4.538000013529619173e+04,8.429788873909558333e-01,3.910963945842976797e-02,1.833008433078376243e+00,2.201891495751884698e+00,5.412556756159115912e-01,8.889055757905363064e-01,6.666666666666666297e-01,8.333333333333333703e-01,3.437262189263690093e+00,0.000000000000000000e+00,1.666666666666666574e-01,3.618448275500402822e+00
4.539000013532600133e+04,8.731989814344006673e-01,6.251911833711859545e-02,2.217948224160014803e+00,2.313269136542526638e+00,5.422863078357463840e-01,8.502525977333202922e-01,5.714285714285713969e-01,6.666666666666666297e-01,3.502982864968872789e+00,4.166666666666666435e-02,3.333333333333333148e-01,3.705279192490160245e+00
4.540000013535581820e+04,4.627358420865535504e-01,4.804672282822872870e-02,8.387825380959433863e-01,1.696018695338572524e+00,5.611459741191940909e-01,8.858930424205225806e-01,7.619047619047618625e-01,1.000000000000000000e+00,3.508329829763809471e+00,0.000000000000000000e+00,1.666666666666666574e-01,3.767021792419945392e+00
4.541000013538563508e+04,6.597986498705938896e-01,5.314189843537473618e-02,9.150825879938587759e-01,1.598930790371406285e+00,5.559071174129877058e-01,8.527176729709472491e-01,5.714285714285713969e-01,8.333333333333333703e-01,3.514205120171642882e+00,0.000000000000000000e+00,1.666666666666666574e-01,3.514205120171642882e+00
4.542000013541544467e+04,7.677943001835335624e-01,6.353921299403934853e-02,2.381420641637583380e+00,2.278991489343777044e+00,2.881513097761209674e-01,6.375589738554461317e-01,4.285714285714285476e-01,6.666666666666666297e-01,3.579816774508409960e+00,0.000000000000000000e+00,1.666666666666666574e-01,3.900563019250715246e+00
4.543000013544526155e+04,1.794786700882007313e+00,9.210471069044072479e-02,1.476971613236269798e+00,1.805602574483443856e+00,4.981747401896241545e-01,1.954604979938224241e-01,4.761904761904761640e-01,6.666666666666666297e-01,3.498171301774553932e+00,1.250000000000000000e-01,3.333333333333333148e-01,3.432344984524704934e+00
4.544000013547507842e+04,8.576130603913598716e-01,6.785992078616152889e-02,8.025266675852359421e-01,1.322952193280386934e+00,2.254735241035044913e-01,4.664673285507113243e-01,7.142857142857143016e-01,8.333333333333333703e-01,3.394068893656958075e+00,1.250000000000000000e-01,3.333333333333333148e-01,3.394068893656958075e+00
4.545000013550488802e+04,1.081387266386462764e+00,3.378181991985328148e-02,1.446832657574971703e+00,1.604448701177368042e+00,3.909284788874348160e-01,3.949218792461293148e-01,6.666666666666666297e-01,6.666666666666666297e-01,3.526558693930156085e+00,1.250000000000000000e-01,3.333333333333333148e-01,3.642582851198965521e+00
4.546000013553470490e+04,1.502935764219886172e+00,4.281845395249761488e-02,3.155275216607216660e+00,3.186539116543413819e+00,5.317386158407149122e-01,8.181440455718725913e-01,4.761904761904761640e-01,5.000000000000000000e-01,3.502356443078428860e+00,0.000000000000000000e+00,3.333333333333333148e-01,3.424494967039880766e+00
4.547000013556451449e+04,8.295995830849780539e-01,5.696498677826316442e-02,2.189894052666764068e+00,1.975502824568204918e+00,6.442890765836765121e-01,6.750644691921967588e-01,4.761904761904761640e-01,6.666666666666666297e-01,3.579521917382556317e+00,4.166666666666666435e-02,3.333333333333333148e-01,3.663357793290409337e+00
4.548000013559433137e+04,9.118051057590497166e-01,5.813300913669666031e-02,1.017195328421950595e+00,1.160761347656470210e+00,2.481501292916746537e-01,5.348148019048168944e-01,6.190476190476190688e-01,6.666666666666666297e-01,3.457527374237007844e+00,8.333333333333332871e-02,3.333333333333333148e-01,3.785663348571084885e+00
4.549000013562414824e+04,1.424579597845803347e+00,6.207720060508272603e-02,1.351689712148435918e+00,2.028567642798512871e+00,1.763399115888763802e-01,3.196574921948249215e-01,5.238095238095238360e-01,8.333333333333333703e-01,3.447576928215654313e+00,1.250000000000000000e-01,3.333333333333333148e-01,3.447576928215654313e+00
4.550000013565395784e+04,1.212412754726286401e+00,6.365518667828212740e-02,1.382694800668790469e+00,1.793917585384773528e+00,4.599448738477392440e-01,7.942958745734925996e-01,5.238095238095238360e-01,6.666666666666666297e-01,3.346948108563442048e+00,1.250000000000000000e-01,3.333333333333333148e-01,3.346948108563442048e+00
4.551000013568377472e+04,6.020577890326874737e-01,7.639933805552781565e-02,6.477694920891319263e-01,8.262169795590728061e-01,2.740250806530780681e-01,5.493496837711775438e-01,6.190476190476190688e-01,1.000000000000000000e+00,3.481374556342511362e+00,1.250000000000000000e-01,3.333333333333333148e-01,3.986229250038528349e+00
4.552000013571358431e+04,1.221604670935457104e+00,4.823254272304276780e-02,1.806487742000116192e+00,1.304618501422487586e+00,3.672728445479197523e-01,7.173989777104970988e-01,4.761904761904761640e-01,5.000000000000000000e-01,3.355578892199215346e+00,8.333333333333332871e-02,3.333333333333333148e-01,3.355578892199215346e+00
4.553000013574340119e+04,1.008831260889928139e+00,3.906303706092553729e-02,3.165938519718505817e-01,1.498820857812460883e+00,1.482848096433921903e-01,3.649224442454617745e-01,7.619047619047618625e-01,8.333333333333333703e-01,3.297882300128247568e+00,1.250000000000000000e-01,3.333333333333333148e-01,3.297882300128247568e+00
4.554000013577321806e+04,1.621282539684612889e+00,6.429130441323276102e-02,2.133820315739822338e+00,2.065044517327242701e+00,2.901179347348804560e-01,5.483637357315663818e-01,3.809523809523809312e-01,6.666666666666666297e-01,3.574088394417757275e+00,1.666666666666666574e-01,3.333333333333333148e-01,3.609491433338624322e+00
4.555000013580302766e+04,1.224881252464699033e+00,6.974133945019792002e-02,1.465092425593739645e+00,2.536489921496341449e+00,2.164653471355392211e-01,4.599667493586503397e-01,5.714285714285713969e-01,6.666666666666666297e-01,3.516788889783976746e+00,1.250000000000000000e-01,3.333333333333333148e-01,3.439053978500098196e+00
4.556000013583284453e+04,1.139560559864913669e+00,5.577963712608004221e-02,9.548666110263311912e-01,2.251117962039717479e+00,2.088185263767254884e-01,5.135140151933630381e-01,4.761904761904761640e-01,6.666666666666666297e-01,3.185700820738151418e+00,8.333333333333332871e-02,3.333333333333333148e-01,3.185700820738151418e+00
4.557000013586265413e+04,1.021159824280961192e+00,2.947257208695937616e-02,1.176718692239608677e+00,2.506001767239014466e+00,4.155966588701223152e-01,7.302446931431305632e-01,5.238095238095238360e-01,6.666666666666666297e-01,3.367912736363470660e+00,1.250000000000000000e-01,3.333333333333333148e-01,3.367912736363470660e+00
4.558000013589247101e+04,1.798003616104510538e+00,5.549496242788930223e-02,1.024605711443350886e+00,1.745212904284412003e+00,2.289662435258258966e-01,2.637866768952860097e-01,5.238095238095238360e-01,8.333333333333333703e-01,3.410063337803746819e+00,1.666666666666666574e-01,3.333333333333333148e-01,3.464302140822096199e+00
4.559000013592228788e+04,1.462665196869722406e+00,6.976923738876665559e-02,1.305363349879446355e+00,2.006523035052388604e+00,3.196837963389270176e-01,5.932932700588718911e-01,5.714285714285713969e-01,5.000000000000000000e-01,3.437573160817865681e+00,1.250000000000000000e-01,3.333333333333333148e-01,3.437573160817865681e+00
4.560000013595209748e+04,6.426752979723042714e-01,7.430568598738711283e-02,1.733959360389307980e+00,1.315482751439108089e+00,3.369720690549890540e-01,5.919550250000001901e-01,7.619047619047618625e-01,8.333333333333333703e-01,3.556378251419332948e+00,8.333333333333332871e-02,3.333333333333333148e-01,3.688212940510772420e+00
4.561000013598191435e+04,1.106317615775068264e+00,5.543687710498834686e-02,1.619644983254891368e+00,1.757766023411076128e+00,2.069866117807105388e-01,5.032957210198465425e-01,5.714285714285713969e-01,6.666666666666666297e-01,3.495737365998055513e+00,1.666666666666666574e-01,3.333333333333333148e-01,3.388742338158452050e+00
4.562000013601173123e+04,1.238102309201981610e+00,5.062549516141081479e-02,1.350796718402285101e+00,1.342130198407367692e+00,7.514978415615261587e-02,3.155965345025621982e-01,4.761904761904761640e-01,6.666666666666666297e-01,3.471443699272157790e+00,1.250000000000000000e-01,3.333333333333333148e-01,3.435268043070403454e+00
4.563000013604154083e+04,9.881941958821474081e-01,6.297236536842393262e-02,1.644749813035594421e+00,1.901528594817410323e+00,3.131060456916435752e-01,6.551501280396506699e-01,5.714285714285713969e-01,6.666666666666666297e-01,3.402146183579987770e+00,1.250000000000000000e-01,3.333333333333333148e-01,3.402146183579987770e+00
4.564000013607135770e+04,1.458974489912316042e+00,6.175960547226463926e-02,5.399540537889235825e-01,1.259718567875983686e+00,1.035728934651428401e-01,2.929098742292542967e-01,5.238095238095238360e-01,6.666666666666666297e-01,3.383205459431253281e+00,1.666666666666666574e-01,3.333333333333333148e-01,3.383205459431253281e+00
4.565000013610116730e+04,7.023213223255578841e-01,5.444563294970097833e-02,1.046186805509692119e+00,1.389317871798817716e+00,3.147990093649069565e-01,6.405192406191814181e-01,6.190476190476190688e-01,8.333333333333333703e-01,3.153689984664336698e+00,8.333333333333332871e-02,3.333333333333333148e-01,3.153689984664336698e+00
4.566000013613098417e+04,7.450770014575538447e-01,6.388170391106415269e-02,1.069707279782541098e+00,1.842871111070958134e+00,4.182574246843837606e-01,7.390331522562524347e-01,6.666666666666666297e-01,6.666666666666666297e-01,3.517760272718090331e+00,8.333333333333332871e-02,3.333333333333333148e-01,3.517760272718090331e+00
4.567000013616080105e+04,1.037875404059492190e+00,6.561541886228999809e-02,2.004132223773003485e+00,1.279016076205312880e+00,4.652280403012256649e-01,6.827125206212887321e-01,6.190476190476190688e-01,6.666666666666666297e-01,3.444701180832554943e+00,4.166666666666666435e-02,3.333333333333333148e-01,3.520924460589964333e+00
4.568000013619061065e+04,8.923999971612565085e-01,6.767766371035420503e-02,1.520571072391053935e+00,1.181553170541007391e+00,4.209762644393374442e-01,7.630779392550609552e-01,5.238095238095238360e-01,5.000000000000000000e-01,3.521506690807826523e+00,8.333333333333332871e-02,3.333333333333333148e-01,3.521506690807826523e+00
4.569000013622042752e+04,8.629729293196531925e-01,7.556047674860773278e-02,1.125448917271848259e+00,2.012300124280275604e+00,1.917219351203242050e-01,5.176443528878232891e-01,6.666666666666666297e-01,6.666666666666666297e-01,3.500383365555690407e+00,8.333333333333332871e-02,3.333333333333333148e-01,3.500383365555690407e+00
4.570000013625023712e+04,1.690958234781413161e+00,6.188675751069921266e-02,2.662795683939334079e+00,2.095665030810681451e+00,3.273726931087621583e-01,5.822761767598840787e-01,4.285714285714285476e-01,6.666666666666666297e-01,3.363883059604377834e+00,1.666666666666666574e-01,3.333333333333333148e-01,3.463119463665793152e+00
4.571000013628005399e+04,9.795369352273872732e-01,5.634890533899516302e-02,1.037251315463981305e+00,1.438545156162699401e+00,3.116975827698963974e-01,6.523138814092195314e-01,6.666666666666666297e-01,8.333333333333333703e-01,3.596155296222728115e+00,1.250000000000000000e-01,3.333333333333333148e-01,3.684653688216521061e+00
4.572000013630987087e+04,1.608874117278126015e+00,3.896319339383022551e-02,2.428350371474616853e+00,2.581556911088743078e+00,3.230996885993953072e-01,5.621698580388536648e-01,4.761904761904761640e-01,6.666666666666666297e-01,3.333409719985177322e+00,1.250000000000000000e-01,3.333333333333333148e-01,3.632809511285952198e+00
4.573000013633968047e+04,4.009211764313359572e-01,5.729495910791788243e-02,7.802845723534370670e-01,3.429267739091710898e-01,2.877571814108046966e-01,5.895244416080041017e-01,7.142857142857143016e-01,1.000000000000000000e+00,3.552046409460599019e+00,8.333333333333332871e-02,3.333333333333333148e-01,3.552046409460599019e+00
4.574000013636949734e+04,7.078712095890894451e-01,7.947456160576645001e-02,1.654447064522878597e+00,1.645836040138789036e+00,4.521534298469854218e-01,7.267340173046934471e-01,7.142857142857143016e-01,1.000000000000000000e+00,3.664534804065621820e+00,1.250000000000000000e-01,3.333333333333333148e-01,3.505053904583849356e+00
4.575000013639931421e+04,9.791652202996238286e-01,8.047823516679700195e-02,1.198034005984647488e+00,1.447562456577274892e+00,3.852653167827614911e-01,6.229194376451008264e-01,6.666666666666666297e-01,8.333333333333333703e-01,3.479890102204649338e+00,1.250000000000000000e-01,3.333333333333333148e-01,3.586644373527542395e+00
4.576000013642912381e+04,1.493674810527105823e+00,5.983422112782565971e-02,9.281751789544246956e-01,9.771260570731182815e-01,4.594861824258473365e-02,3.256836357514178992e-01,5.238095238095238360e-01,6.666666666666666297e-01,3.407748179362357632e+00,1.250000000000000000e-01,3.333333333333333148e-01,3.740364389880945772e+00
4.577000013645894069e+04,6.050120957451418091e-01,4.864936938703019742e-02,6.155390588177802602e-01,4.684564118254558873e-01,2.983516984004067618e-01,5.814402587389234656e-01,8.095238095238095344e-01,8.333333333333333703e-01,3.457235032787769224e+00,8.333333333333332871e-02,3.333333333333333148e-01,3.945060361340648747e+00
4.578000013648875029e+04,7.293878549580923298e-01,6.475256774457591180e-02,8.838950321516598763e-01,4.497910550644751426e-01,1.212091961998609940e-01,4.455675366320846487e-01,5.238095238095238360e-01,8.333333333333333703e-01,3.256581964681343866e+00,4.166666666666666435e-02,3.333333333333333148e-01,3.256581964681343866e+00
4.579000013651856716e+04,9.693743466800612829e-01,6.074760309884703197e-02,1.156724985114902404e+00,1.017316662330676857e+00,4.043044898075818794e-01,6.792392124375773443e-01,5.714285714285713969e-01,8.333333333333333703e-01,3.413374446571720178e+00,8.333333333333332871e-02,3.333333333333333148e-01,3.413374446571720178e+00
4.580000013654838403e+04,8.240730001831597651e-01,3.522225033883092521e-02,1.367449080382810322e+00,1.220193295265197930e+00,2.005733345723369199e-01,4.603143626648659170e-01,4.285714285714285476e-01,6.666666666666666297e-01,3.824110098921264633e+00,4.166666666666666435e-02,3.333333333333333148e-01,3.723759792747636688e+00
4.581000013657819363e+04,1.143278485856006776e+00,4.238068929494472059e-02,1.261949575040893556e+00,1.360594415457419215e+00,4.942662473227841802e-01,5.591676514682416554e-01,4.761904761904761640e-01,8.333333333333333703e-01,3.568545859971912204e+00,8.333333333333332871e-02,3.333333333333333148e-01,3.568545859971912204e+00
4.582000013660801051e+04,1.525378230565198612e+00,4.787645269114757657e-02,2.624576797248570958e+00,2.204765768229354883e+00,3.384051216150366082e-01,6.875750493594215973e-01,5.238095238095238360e-01,5.000000000000000000e-01,3.737243871969906372e+00,1.666666666666666574e-01,3.333333333333333148e-01,3.525111494046229144e+00
4.583000013663782011e+04,1.071018828751684859e+00,4.918675320710865634e-02,1.001388401798563699e+00,1.638731968646720993e+00,3.118107722918535551e-01,3.706682660339700175e-01,5.238095238095238360e-01,8.333333333333333703e-01,3.482637429164293863e+00,8.333333333333332871e-02,3.333333333333333148e-01,3.482637429164293863e+00
4.584000013666763698e+04,9.249152187091053134e-01,5.289203806032957006e-02,2.086400679861695640e+00,2.023484054342300720e+00,3.859877883023631884e-01,6.866327548061963437e-01,5.714285714285713969e-01,8.333333333333333703e-01,3.478912735455675698e+00,8.333333333333332871e-02,3.333333333333333148e-01,3.478912735455675698e+00
4.585000013669745385e+04,8.984113304061590588e-01,3.276999839917361934e-02,2.126794945781580903e+00,2.389600380293811721e+00,6.313066146156650627e-01,8.870769571701256906e-01,6.190476190476190688e-01,8.333333333333333703e-01,3.382457809416501426e+00,1.250000000000000000e-01,3.333333333333333148e-01,3.643656010960916181e+00
4.586000013672726345e+04,4.681152326065848857e-01,5.383034533365432805e-02,1.292312891885763593e+00,1.721023010345319237e+00,8.398313882716734735e-01,1.156977201291276236e+00,6.666666666666666297e-01,8.333333333333333703e-01,3.505727319611120052e+00,8.333333333333332871e-02,3.333333333333333148e-01,4.023645713000515656e+00
4.587000013675708033e+04,8.331004307678631093e-01,4.987741121865659627e-02,6.073328301785563266e-01,1.463224307859944506e+00,6.541438902139615763e-01,9.561710306213001553e-01,5.714285714285713969e-01,1.000000000000000000e+00,3.634004821701018795e+00,1.250000000000000000e-01,3.333333333333333148e-01,3.634004821701018795e+00
4.588000013678688993e+04,1.137266366122604788e+00,4.737480733677354450e-02,8.218883350235720586e-01,1.486076600059109465e+00,2.944685335292399619e-01,5.903493589878050507e-01,6.666666666666666297e-01,8.333333333333333703e-01,3.615518449591529571e+00,1.250000000000000000e-01,3.333333333333333148e-01,3.494929066550552577e+00
4.589000013681670680e+04,5.271388766801364811e-01,6.450239282992939471e-02,7.082421501473080694e-01,1.365616269544834172e+00,5.182564116964398782e-01,8.074103074270648772e-01,5.714285714285713969e-01,8.333333333333333703e-01,3.521790357052509535e+00,8.333333333333332871e-02,3.333333333333333148e-01,3.521790357052509535e+00
4.590000013684652367e+04,8.033409452976630893e-01,4.474904928801701209e-02,1.253212149328210234e+00,1.453845917289576128e+00,3.684450976467703587e-01,7.060251952416324306e-01,5.714285714285713969e-01,6.666666666666666297e-01,3.750985777613860428e+00,1.250000000000000000e-01,3.333333333333333148e-01,3.704319707313807442e+00
4.591000013687633327e+04,8.604020307894364450e-01,5.576886840956352814e-02,9.227095648547490869e-01,2.156198587243565612e+00,5.648111968322613308e-01,8.542039506920354741e-01,7.142857142857143016e-01,8.333333333333333703e-01,3.527111652489333782e+00,8.333333333333332871e-02,3.333333333333333148e-01,3.527111652489333782e+00
4.592000013690615015e+04,8.353357550782852803e-01,5.850907570261955348e-02,1.260594520854032563e+00,2.724676903368445036e+00,3.916557839528679308e-01,7.333590209993842146e-01,6.190476190476190688e-01,8.333333333333333703e-01,3.510962495377975223e+00,8.333333333333332871e-02,3.333333333333333148e-01,3.708192840299779469e+00
4.593000013693596702e+04,8.376619113747610923e-01,4.437737976458113603e-02,6.105657724076332116e-01,9.937847995711882598e-01,5.161515778194257775e-01,8.364042184269919744e-01,6.190476190476190688e-01,8.333333333333333703e-01,3.454734719524656050e+00,1.250000000000000000e-01,3.333333333333333148e-01,3.454734719524656050e+00
4.594000013696577662e+04,5.325038945231820309e-01,8.137465162358334392e-02,8.073039425158595739e-01,1.150117166542457880e+00,6.622786191059918393e-01,9.908600953805005718e-01,5.714285714285713969e-01,1.000000000000000000e+00,3.593938273017747154e+00,8.333333333333332871e-02,3.333333333333333148e-01,3.990991102232724685e+00
4.595000013699559349e+04,6.014252041036356466e-01,7.811978618231715799e-02,1.128117215427033804e+00,1.088138487138062827e+00,4.189973371168454475e-01,6.677786972422324885e-01,2.857142857142856984e-01,6.666666666666666297e-01,3.700908326807471838e+00,1.250000000000000000e-01,3.333333333333333148e-01,3.731877788511764216e+00
4.596000013702540309e+04,9.783075219078456453e-01,3.655258178747823605e-02,7.403918784176892753e-01,1.324926329686418436e+00,4.705229218054229334e-01,6.112694717205473527e-01,6.190476190476190688e-01,8.333333333333333703e-01,3.693921125758006685e+00,1.250000000000000000e-01,3.333333333333333148e-01,3.769748505741746136e+00
4.597000013705521997e+04,5.578575741598936766e-01,7.853118675113636427e-02,1.064419963610254705e+00,1.974467163544805226e+00,8.340458044469634125e-01,1.135720333368156254e+00,7.142857142857143016e-01,1.000000000000000000e+00,3.532262896146463937e+00,8.333333333333332871e-02,3.333333333333333148e-01,3.625297096830917720e+00
4.598000013708503684e+04,9.104664850519114117e-01,7.037494623071888222e-02,1.931438631796137839e+00,2.601285153932813898e+00,6.312020325789026165e-01,9.789624645220476040e-01,4.761904761904761640e-01,6.666666666666666297e-01,3.657157053194878937e+00,8.333333333333332871e-02,3.333333333333333148e-01,3.842260892364241176e+00
4.599000013711484644e+04,1.034624406305903133e+00,3.197898269713986968e-02,2.029674603687972034e+00,3.050151659253891090e+00,4.681400818592871826e-01,7.968762219772200783e-01,5.714285714285713969e-01,8.333333333333333703e-01,3.460145734789378924e+00,8.333333333333332871e-02,3.333333333333333148e-01,3.908006847795495897e+00
4.600000013714466331e+04,7.663051730597595368e-01,4.210941815247570830e-02,7.554639752927939655e-01,1.988765690143676546e+00,5.541234305643925051e-01,7.635557009319510202e-01,5.714285714285713969e-01,8.333333333333333703e-01,3.642992550910111316e+00,1.250000000000000000e-01,3.333333333333333148e-01,3.546050228786536529e+00
4.601000013717447291e+04,8.328003482052392936e-01,6.819583334734541369e-02,7.911895821733778700e-01,2.066618896361961166e+00,7.363005307905018393e-01,9.375390760200318363e-01,2.857142857142856984e-01,5.000000000000000000e-01,3.638953434864723668e+00,4.166666666666666435e-02,3.333333333333333148e-01,3.623131593419459673e+00
4.602000013720428979e+04,1.584150841679973665e+00,4.359219626108314788e-02,1.878480286490016304e+00,2.626901759982247953e+00,3.515168467241734374e-01,6.202993399127619822e-01,3.333333333333333148e-01,8.333333333333333703e-01,3.500717919429375602e+00,1.666666666666666574e-01,3.333333333333333148e-01,3.428547188614651908e+00
4.603000013723410666e+04,1.200819255283821940e+00,4.897492139687847912e-02,1.412188049665737521e+00,1.479128768480462819e+00,6.890596478919395196e-01,7.814153157095411473e-01,5.238095238095238360e-01,6.666666666666666297e-01,3.493424978254569435e+00,1.250000000000000000e-01,3.333333333333333148e-01,3.493424978254569435e+00
4.604000013726391626e+04,1.140368633107655238e+00,7.628807681986904399e-02,1.967649361807408681e+00,2.976352303775732899e+00,3.305369923114159780e-01,6.773170386004118138e-01,4.285714285714285476e-01,8.333333333333333703e-01,3.421236904381906196e+00,8.333333333333332871e-02,3.333333333333333148e-01,3.421236904381906196e+00
4.605000013729373313e+04,1.079620865733639024e+00,5.339785673129836263e-02,1.104278129836916644e+00,1.806889352179292807e+00,5.495791556954687795e-01,8.919634084188986511e-01,6.666666666666666297e-01,8.333333333333333703e-01,3.598159672047127611e+00,1.250000000000000000e-01,3.333333333333333148e-01,3.598159672047127611e+00
4.606000013732355001e+04,9.873348888937050205e-01,3.576298588823468433e-02,7.848705821404950989e-01,7.821962445775360040e-01,4.609977574365554664e-01,7.856645951184541010e-01,6.190476190476190688e-01,6.666666666666666297e-01,3.573566606455574224e+00,1.250000000000000000e-01,3.333333333333333148e-01,3.680242471377071833e+00
4.607000013735335961e+04,1.485109161760495011e+00,6.933534564123097765e-02,2.701317612914855282e+00,3.038904435864612452e+00,3.450670086207877074e-01,5.857030607272634137e-01,5.238095238095238360e-01,5.000000000000000000e-01,3.674935791822735887e+00,1.250000000000000000e-01,3.333333333333333148e-01,3.569136422435159606e+00
4.608000013738317648e+04,7.192212558939720113e-01,4.435764012520387878e-02,9.654175850143118520e-01,1.826861734686823224e+00,6.987296931275545075e-01,8.126029965843094560e-01,4.761904761904761640e-01,8.333333333333333703e-01,3.979315478568043130e+00,1.250000000000000000e-01,3.333333333333333148e-01,3.803533216502812841e+00
4.609000013741298608e+04,7.055005066534490998e-01,4.367221281352309109e-02,1.525862901399435367e+00,1.486359229528335879e+00,6.262807562921002269e-01,9.684528043266604769e-01,5.714285714285713969e-01,8.333333333333333703e-01,3.478224885520208254e+00,4.166666666666666435e-02,3.333333333333333148e-01,3.478224885520208254e+00
4.610000013744280295e+04,6.737717513598072694e-01,5.467654411603162928e-02,1.151078842361800358e+00,4.423895223936961107e-01,6.746300034971085546e-01,9.731231582227464205e-01,6.666666666666666297e-01,1.000000000000000000e+00,3.519969025915550276e+00,1.250000000000000000e-01,3.333333333333333148e-01,3.519969025915550276e+00
4.611000013747261983e+04,5.918376754916762073e-01,6.410736921960051571e-02,1.701885912348777508e+00,2.094077780639045816e+00,4.464285529102077210e-01,7.266328757867200894e-01,6.190476190476190688e-01,1.000000000000000000e+00,3.391292716072543900e+00,8.333333333333332871e-02,3.333333333333333148e-01,3.391292716072543900e+00
4.612000013750242942e+04,8.342444220373214092e-01,4.022348609020096055e-02,1.601083619332819952e+00,2.047954473141187837e+00,6.690578777774495167e-01,8.422877882569280716e-01,7.142857142857143016e-01,1.000000000000000000e+00,3.592991276216173979e+00,1.250000000000000000e-01,3.333333333333333148e-01,3.592991276216173979e+00
4.613000013753224630e+04,7.870501518929498008e-01,4.598061468416767689e-02,1.562717378213818176e+00,1.635446357229248582e+00,3.875889680992428699e-01,6.563395451174394157e-01,6.190476190476190688e-01,8.333333333333333703e-01,3.688820831481370188e+00,1.666666666666666574e-01,3.333333333333333148e-01,3.792372607801834050e+00
4.614000013756205590e+04,7.087141942561229202e-01,6.154025084676057605e-02,6.728258727347270485e-01,1.366496219748341678e+00,2.907827019701793025e-01,5.559995098726642215e-01,6.666666666666666297e-01,6.666666666666666297e-01,3.502510142887578670e+00,8.333333333333332871e-02,3.333333333333333148e-01,3.502510142887578670e+00
4.615000013759187277e+04,6.811291796883401917e-01,8.035788997267835632e-02,9.088312415621044860e-01,1.476479157894856398e+00,3.207248988968757208e-01,5.561483513002049017e-01,7.142857142857143016e-01,1.000000000000000000e+00,3.674418591334368767e+00,8.333333333333332871e-02,3.333333333333333148e-01,3.674418591334368767e+00
4.616000013762168965e+04,1.153735003717594410e+00,4.135142250219752541e-02,1.959160526780585165e+00,9.685162290713220656e-01,3.052367432666051039e-01,5.939261259381428681e-01,8.095238095238095344e-01,8.333333333333333703e-01,3.486038728525191477e+00,1.666666666666666574e-01,3.333333333333333148e-01,3.845249417331884967e+00
4.617000013765149924e+04,1.142327479315266459e+00,3.754778623223396089e-02,6.946612517922999830e-01,1.308439684475109166e+00,5.709000452035820627e-01,5.806586059045397707e-01,7.142857142857143016e-01,6.666666666666666297e-01,3.750404320808171654e+00,1.666666666666666574e-01,3.333333333333333148e-01,3.444992032833865014e+00
4.618000013768131612e+04,9.299404045769008587e-01,4.628875580221389341e-02,1.014766914071621118e+00,2.060905064156742128e+00,1.935023251500920527e-01,3.860968406320331447e-01,6.190476190476190688e-01,6.666666666666666297e-01,3.499823031493430658e+00,1.250000000000000000e-01,3.333333333333333148e-01,3.584126254239916154e+00
4.619000013771112572e+04,9.630493287914666523e-01,7.075850449871398662e-02,1.830139792874431848e+00,2.414888661750031584e+00,5.210384420042796227e-01,8.566259495183045081e-01,5.238095238095238360e-01,6.666666666666666297e-01,3.424810817939587970e+00,4.166666666666666435e-02,3.333333333333333148e-01,3.424810817939587970e+00
4.620000013774094259e+04,1.027102786004593149e+00,9.107270321466390262e-02,1.749836238779819420e+00,2.491110494135722941e+00,4.172057867281199206e-01,6.374515033829065702e-01,5.714285714285713969e-01,1.000000000000000000e+00,3.449399202036756762e+00,8.333333333333332871e-02,3.333333333333333148e-01,3.449399202036756762e+00
4.621000013777075947e+04,8.709612235781319933e-01,4.892971284600779180e-02,1.245520735562092973e+00,1.606156711833318207e+00,7.052012205477502516e-01,1.012833350739966276e+00,5.238095238095238360e-01,6.666666666666666297e-01,3.712093495231676865e+00,8.333333333333332871e-02,3.333333333333333148e-01,3.712093495231676865e+00
4.622000013780056906e+04,9.395940567431770862e-01,2.435662386172302019e-02,1.824934635860281595e+00,2.451273891924003578e+00,3.297395539596162384e-01,5.693404278449871736e-01,6.190476190476190688e-01,8.333333333333333703e-01,3.503869401215653934e+00,8.333333333333332871e-02,3.333333333333333148e-01,3.557663426035906351e+00
4.623000013783038594e+04,9.685225322471290310e-01,7.184292210084160246e-02,8.184962788792193855e-01,1.995428156458508573e+00,3.698046588894626230e-01,2.846096427117778549e-01,5.714285714285713969e-01,5.000000000000000000e-01,3.225312228709567908e+00,8.333333333333332871e-02,3.333333333333333148e-01,3.225312228709567908e+00
4.624000013786020281e+04,8.140449074072658719e-01,5.016878971364463480e-02,7.847707044180031177e-01,1.453451644367925510e+00,1.357342069449202493e-01,3.801208657195709328e-01,7.142857142857143016e-01,8.333333333333333703e-01,3.236488089361571507e+00,8.333333333333332871e-02,3.333333333333333148e-01,3.236488089361571507e+00
4.625000013789001241e+04,9.274949866402152354e-01,4.849392071904499307e-02,8.766908212576399739e-01,1.158669200656798237e+00,2.877474655823331617e-01,4.916699869930528655e-01,6.190476190476190688e-01,8.333333333333333703e-01,3.567597379702373672e+00,1.250000000000000000e-01,3.333333333333333148e-01,3.567597379702373672e+00
4.626000013791982929e+04,8.552543744643331669e-01,7.380225204721477250e-02,1.234622499318785094e+00,2.246659734739759440e+00,3.291506922667474244e-01,5.950902103785432606e-01,7.142857142857143016e-01,1.000000000000000000e+00,3.489533060213522830e+00,4.166666666666666435e-02,3.333333333333333148e-01,3.489533060213522830e+00
4.627000013794963888e+04,5.721358018799673761e-01,5.572420828895233158e-02,1.196191285894838918e+00,2.491289708590477048e+00,3.386997355972870549e-01,5.574997656954517877e-01,5.714285714285713969e-01,1.000000000000000000e+00,3.669517509540837885e+00,4.166666666666666435e-02,3.333333333333333148e-01,3.669517509540837885e+00
4.628000013797945576e+04,6.054063968987399846e-01,4.282983295207778290e-02,1.202869600248969384e+00,1.972716999947254912e+00,2.655850596345825099e-01,5.627428614199091461e-01,7.142857142857143016e-01,1.000000000000000000e+00,3.379861932838084115e+00,8.333333333333332871e-02,3.333333333333333148e-01,3.560034840813843360e+00
4.629000013800927263e+04,1.179602150466125599e+00,4.694264778670580174e-02,1.610797567690257281e+00,1.670870388562420095e+00,6.179991661651299539e-01,8.215759757522637097e-01,6.190476190476190688e-01,8.333333333333333703e-01,3.842945379696897312e+00,1.250000000000000000e-01,3.333333333333333148e-01,3.402212521679230051e+00
4.630000013803908223e+04,8.906113208665411562e-01,6.327651380797696956e-02,2.388007650086960254e+00,2.344579424824609237e+00,2.537786259018670609e-01,5.643203391770840183e-01,6.666666666666666297e-01,1.000000000000000000e+00,3.621207558424491602e+00,1.666666666666666574e-01,3.333333333333333148e-01,3.456446145389704849e+00
4.631000013806889910e+04,6.085285870626833127e-01,5.561773667074898508e-02,5.152640044610826697e-01,1.487613832122849811e+00,4.694044673174451177e-01,7.712518326047717032e-01,7.142857142857143016e-01,1.000000000000000000e+00,3.609209359813560170e+00,1.250000000000000000e-01,3.333333333333333148e-01,3.622670473077850062e+00
4.632000013809870870e+04,8.861321835356800181e-01,7.271141269358263881e-02,1.343220715850149016e+00,2.371985328463991127e+00,3.510705766141956619e-01,5.783604302690089627e-01,5.714285714285713969e-01,1.000000000000000000e+00,3.600115708491844924e+00,8.333333333333332871e-02,3.333333333333333148e-01,3.600115708491844924e+00
4.633000013812852558e+04,1.126123890921683746e+00,6.879108480924207847e-02,1.881389479876903970e+00,2.687300015408118359e+00,2.634188565265161430e-01,3.492341102848847689e-01,5.238095238095238360e-01,6.666666666666666297e-01,3.353549816325630761e+00,1.250000000000000000e-01,3.333333333333333148e-01,3.353549816325630761e+00
4.634000013815834245e+04,9.252453616733031794e-01,7.296467870128495181e-02,1.320726480768299016e+00,1.301643438212338522e+00,4.759213407856719980e-01,7.077527055386512167e-01,6.190476190476190688e-01,5.000000000000000000e-01,3.633493878836473456e+00,1.250000000000000000e-01,3.333333333333333148e-01,3.887141454261405116e+00
4.635000013818815205e+04,7.289061283531874658e-01,5.619030649436689007e-02,8.600036743009944473e-01,1.962728550174600795e+00,3.551199371743883892e-01,4.556554859558999970e-01,6.666666666666666297e-01,6.666666666666666297e-01,3.315344543989498405e+00,1.250000000000000000e-01,3.333333333333333148e-01,3.315344543989498405e+00
4.636000013821796892e+04,5.722915942023297786e-01,3.905515398030323659e-02,1.082819623572892853e+00,1.592359582021308340e+00,3.953454531206074263e-01,6.606836088716857569e-01,5.238095238095238360e-01,8.333333333333333703e-01,3.944019392428664617e+00,1.250000000000000000e-01,3.333333333333333148e-01,3.756835063966193822e+00
4.637000013824778580e+04,7.467068970945560658e-01,3.849662508130145128e-02,1.939425024017224386e+00,2.276432473183839900e+00,4.788095165148898436e-01,7.071633874247207352e-01,6.190476190476190688e-01,8.333333333333333703e-01,3.380883944062603508e+00,8.333333333333332871e-02,3.333333333333333148e-01,3.380883944062603508e+00
4.638000013827759540e+04,7.260079488539136205e-01,5.411776164529909922e-02,1.024317396936231805e+00,1.555707096139217871e+00,1.826014912407139257e-01,4.944977820241421296e-01,7.142857142857143016e-01,6.666666666666666297e-01,3.298923839868129093e+00,8.333333333333332871e-02,3.333333333333333148e-01,3.248970139446822891e+00
4.639000013830741227e+04,5.882786259602447165e-01,6.555155676882248872e-02,1.028767859103679294e+00,1.502502858895309323e+00,4.319088993256450237e-01,5.375638770366470975e-01,6.190476190476190688e-01,6.666666666666666297e-01,3.292976350825175924e+00,1.250000000000000000e-01,3.333333333333333148e-01,3.292976350825175924e+00
4.640000013833722187e+04,9.265755517079234949e-01,7.157187219669952638e-02,1.536706144996697665e+00,2.479625776740853382e+00,6.433145660240749963e-01,8.282175854805927662e-01,6.190476190476190688e-01,8.333333333333333703e-01,3.634478832131631254e+00,8.333333333333332871e-02,3.333333333333333148e-01,3.952103273763847291e+00
4.641000013836703874e+04,7.240377220643832157e-01,4.124748432331380027e-02,8.488823712637810770e-01,1.761492279014839735e+00,6.627947670986037432e-01,9.979002571564735691e-01,6.190476190476190688e-01,8.333333333333333703e-01,3.397146116722220111e+00,1.250000000000000000e-01,3.333333333333333148e-01,3.397146116722220111e+00
4.642000013839685562e+04,6.870588328350707430e-01,7.441887525119222913e-02,7.901581784210993664e-01,1.741875275693470337e+00,2.581335448382935938e-01,5.492933798083800001e-01,7.619047619047618625e-01,1.000000000000000000e+00,3.522660033709582805e+00,8.333333333333332871e-02,3.333333333333333148e-01,3.522660033709582805e+00
4.643000013842666522e+04,6.859793074543993896e-01,6.330204931536019541e-02,1.596126644318289323e+00,2.020083627519694058e+00,3.636611264421085732e-01,5.305197378315191781e-01,7.142857142857143016e-01,6.666666666666666297e-01,3.402773560856250157e+00,8.333333333333332871e-02,3.333333333333333148e-01,3.696363169935198645e+00
4.644000013845648209e+04,5.677510975152036954e-01,5.665882345518407498e-02,1.865388954874738436e+00,2.780081932016108315e+00,3.073708650227270356e-01,5.509744708721923123e-01,5.238095238095238360e-01,1.000000000000000000e+00,3.941597930996662225e+00,4.166666666666666435e-02,3.333333333333333148e-01,3.690561824877228503e+00
4.645000013848629169e+04,7.726999784094183976e-01,4.405524665346622487e-02,1.299798559587067137e+00,2.447139925873144328e+00,4.604349065500044080e-01,4.357847528852740737e-01,6.666666666666666297e-01,8.333333333333333703e-01,3.644015363287495202e+00,8.333333333333332871e-02,3.333333333333333148e-01,3.688062681965213141e+00
4.646000013851610856e+04,9.710152839295909111e-01,6.411697979603139808e-02,1.070562168434334938e+00,2.307791650337988276e+00,2.716925418474425702e-01,9.159640068412112923e-02,3.809523809523809312e-01,6.666666666666666297e-01,3.633268955475774220e+00,1.250000000000000000e-01,3.333333333333333148e-01,3.511279274768447589e+00
4.647000013854592544e+04,3.242607158635233411e-01,5.536629427358008559e-02,1.190170455974265851e+00,2.267207578543594781e+00,3.411061542720720263e-01,5.210029520904536637e-01,7.619047619047618625e-01,8.333333333333333703e-01,3.774816681780819749e+00,8.333333333333332871e-02,3.333333333333333148e-01,3.824305729390215625e+00
4.648000013857573504e+04,4.350397518114335060e-01,5.655795494761219067e-02,1.755245830582078836e+00,2.805241723956087618e+00,2.712725330992142303e-01,5.161281241573758560e-01,8.095238095238095344e-01,1.000000000000000000e+00,3.662531464487785993e+00,0.000000000000000000e+00,1.666666666666666574e-01,3.891818687637218943e+00
4.649000013860555191e+04,2.871928603131632673e-01,5.153358366443808875e-02,1.028072650391155030e+00,1.533514085499159352e+00,1.289684169565381289e-01,4.772250276563045346e-01,4.761904761904761640e-01,1.000000000000000000e+00,3.717130903092648264e+00,1.250000000000000000e-01,3.333333333333333148e-01,3.930084574658308405e+00
4.650000013863536151e+04,4.331076211903099882e-01,6.575492839511649923e-02,1.530157183309353686e+00,2.429945470685867193e+00,1.124131781362898846e-01,4.401214256422479321e-01,6.666666666666666297e-01,1.000000000000000000e+00,3.576329102152785655e+00,8.333333333333332871e-02,3.333333333333333148e-01,3.576329102152785655e+00
4.651000013866517838e+04,7.773615384033401021e-01,5.713066118576456964e-02,1.123719614861941940e+00,2.851508119951644993e+00,4.634423510548522640e-01,2.969949525625384945e-01,6.666666666666666297e-01,1.000000000000000000e+00,3.241990044464906795e+00,4.166666666666666435e-02,3.333333333333333148e-01,3.241990044464906795e+00
4.652000013869499526e+04,7.227040468843991539e-01,4.486348951005558056e-02,1.583012572156012432e+00,2.070166813675007766e+00,3.629046731341207255e-01,2.942077873930698528e-01,6.666666666666666297e-01,8.333333333333333703e-01,3.473058461171757205e+00,1.250000000000000000e-01,3.333333333333333148e-01,3.279598601997025131e+00
4.653000013872480486e+04,3.918945278914932606e-01,4.959228904757065348e-02,9.865447968466991568e-01,2.201726425824729994e+00,3.497540274223359669e-01,6.079240075793125309e-01,7.142857142857143016e-01,8.333333333333333703e-01,3.581080188275651999e+00,4.166666666666666435e-02,3.333333333333333148e-01,3.886864112676875038e+00
4.654000013875462173e+04,5.707670282187508048e-01,5.297425256270004573e-02,5.679144921302929916e-01,1.964340526282568167e+00,1.679361825193305680e-01,3.011943051490400536e-01,5.238095238095238360e-01,1.000000000000000000e+00,3.113750418882344828e+00,0.000000000000000000e+00,1.666666666666666574e-01,3.113750418882344828e+00
4.655000013878443860e+04,5.162782803362073736e-01,6.109967361491022708e-02,2.412411292857934875e+00,3.134553034201558841e+00,4.533061832573480610e-01,7.486284905609356111e-01,6.666666666666666297e-01,1.000000000000000000e+00,3.524089178259048438e+00,0.000000000000000000e+00,1.666666666666666574e-01,3.524089178259048438e+00
4.656000013881424820e+04,7.346002862903975306e-01,6.099939498741234478e-02,4.982484529721041278e-01,1.734977060605983779e+00,3.798207258355689731e-01,5.334106224880321712e-01,6.666666666666666297e-01,6.666666666666666297e-01,3.832229844886789305e+00,4.166666666666666435e-02,3.333333333333333148e-01,4.022889179752400679e+00
4.657000013884406508e+04,7.504575704801579317e-01,4.674180478483270368e-02,7.615209863598803031e-01,1.089532987324040025e+00,3.394490473465637259e-01,4.966714811897521287e-01,7.619047619047618625e-01,8.333333333333333703e-01,3.521740769318259190e+00,8.333333333333332871e-02,3.333333333333333148e-01,3.970800889875861106e+00
4.658000013887387468e+04,7.367089430296992481e-01,6.960162409884450285e-02,8.517241031513893557e-01,1.218077920381295698e+00,1.649460035242563682e-01,3.673334101261840345e-01,7.619047619047618625e-01,8.333333333333333703e-01,3.461067814011349775e+00,1.250000000000000000e-01,3.333333333333333148e-01,3.576205712049171481e+00
4.659000013890369155e+04,1.225779805475258666e+00,5.655907665672383483e-02,2.519257909711110077e+00,2.111799457030680394e+00,6.263537672267290857e-01,8.768312119289479734e-01,6.666666666666666297e-01,8.333333333333333703e-01,3.556231453901696593e+00,8.333333333333332871e-02,3.333333333333333148e-01,3.737532544463747275e+00
4.660000013893350842e+04,6.007392649977134624e-01,5.086392534529621950e-02,9.184158791864064364e-01,1.091660154081256495e+00,1.985830744409039783e-01,3.699481454686704973e-01,8.095238095238095344e-01,8.333333333333333703e-01,3.202881365409580905e+00,1.250000000000000000e-01,3.333333333333333148e-01,3.202881365409580905e+00
4.661000013896331802e+04,1.840250914681898387e+00,7.026209758312869369e-02,1.648270567154538790e+00,1.937697112735983662e+00,3.447018755484639319e-01,6.475878176370289951e-01,6.190476190476190688e-01,8.333333333333333703e-01,3.514026497604277655e+00,8.333333333333332871e-02,3.333333333333333148e-01,4.098748177037850660e+00
4.662000013899313490e+04,7.522208874158123892e-01,6.406508189108602036e-02,1.148005403729359886e+00,2.540681451288686610e+00,9.668738903858304923e-01,1.144500140220718887e+00,5.238095238095238360e-01,8.333333333333333703e-01,3.385278420056840432e+00,1.250000000000000000e-01,3.333333333333333148e-01,3.385278420056840432e+00
4.663000013902294450e+04,9.081849150962684192e-01,5.199931223921973322e-02,1.411424299169252050e+00,2.338905425685865680e+00,5.135979433905943914e-01,7.427132637320430497e-01,6.666666666666666297e-01,1.000000000000000000e+00,3.475741339900222826e+00,1.250000000000000000e-01,3.333333333333333148e-01,3.475741339900222826e+00
4.664000013905276137e+04,9.875773582514593141e-01,4.457118726920219348e-02,2.376752051186273640e+00,3.321632588002840336e+00,6.406344892898503396e-01,4.022202363871853481e-01,5.714285714285713969e-01,8.333333333333333703e-01,3.890916802825635123e+00,1.250000000000000000e-01,3.333333333333333148e-01,3.791545630050138005e+00
4.665000013908257824e+04,9.931498064393520231e-01,5.795099026099230499e-02,2.266593645006819813e+00,1.807340907335497571e+00,4.836450849950267306e-01,7.460874825587222592e-01,4.761904761904761640e-01,8.333333333333333703e-01,3.625663069021266782e+00,1.250000000000000000e-01,3.333333333333333148e-01,3.718818739217297331e+00
4.666000013911238784e+04,8.235305926029639068e-01,7.393475884826172795e-02,1.777199063417606473e+00,1.721298324109066469e+00,5.092355636056261625e-01,6.136475978184933178e-01,3.809523809523809312e-01,8.333333333333333703e-01,3.427975954563816874e+00,8.333333333333332871e-02,3.333333333333333148e-01,3.934718631125600830e+00
4.667000013914220472e+04,8.630113232807696821e-01,7.519869449464619549e-02,1.572691924788040430e+00,1.499060601153979322e+00,5.430671743124290130e-01,3.909292768907775550e-01,5.238095238095238360e-01,8.333333333333333703e-01,3.690235254378647856e+00,8.333333333333332871e-02,3.333333333333333148e-01,3.690235254378647856e+00
4.668000013917202159e+04,1.374851950641767129e+00,3.250292458667783380e-02,1.882288004694795180e+00,2.736442551405528611e+00,3.455800283322039146e-01,5.506390569391171885e-01,5.714285714285713969e-01,6.666666666666666297e-01,3.496493626120556364e+00,1.250000000000000000e-01,3.333333333333333148e-01,4.084966403586225425e+00
4.669000013920183119e+04,1.100244563539201081e+00,6.464150986838028412e-02,2.347185846324574054e+00,1.823810898288995563e+00,4.930620898052331946e-01,6.009168682163371633e-01,5.238095238095238360e-01,8.333333333333333703e-01,3.448914914825796707e+00,1.666666666666666574e-01,3.333333333333333148e-01,3.604002511497103711e+00
4.670000013923164806e+04,1.482952972443721151e+00,5.605224812039331928e-02,1.813295022462121375e+00,2.085726260130776666e+00,5.836425473459914137e-01,7.745986930893589140e-01,4.285714285714285476e-01,8.333333333333333703e-01,3.634085480625816267e+00,1.666666666666666574e-01,3.333333333333333148e-01,3.647297768811170737e+00
4.671000013926145766e+04,1.519232387704541276e+00,6.882786267995291696e-02,1.742837742334527595e+00,2.006198288360326210e+00,3.958285346059904897e-01,6.480133591016901118e-01,5.714285714285713969e-01,6.666666666666666297e-01,3.721718565761266806e+00,1.666666666666666574e-01,3.333333333333333148e-01,3.460846830299802335e+00
4.672000013929127454e+04,6.693887242136126181e-01,4.471776610869562102e-02,1.540742159571540704e+00,2.326856259458707665e+00,2.411595156548329011e-01,4.788790563234999742e-01,5.238095238095238360e-01,8.333333333333333703e-01,3.684381527608493467e+00,4.166666666666666435e-02,3.333333333333333148e-01,3.684381527608493467e+00
4.673000013932109141e+04,6.865714570562228003e-01,6.689252968483394568e-02,1.655978716065257705e+00,2.058319762079767745e+00,2.134527943309949272e-01,2.901015051094848474e-01,5.238095238095238360e-01,8.333333333333333703e-01,3.848928379432848157e+00,8.333333333333332871e-02,3.333333333333333148e-01,3.732618267948846658e+00
4.674000013935090101e+04,1.245790248403257250e+00,3.071855498960957692e-02,1.483129689806253593e+00,2.587450793954236605e+00,4.939358016050255373e-01,5.925259480976613480e-01,4.761904761904761640e-01,8.333333333333333703e-01,3.838885827558801811e+00,1.666666666666666574e-01,3.333333333333333148e-01,3.566096476306321872e+00
4.675000013938071788e+04,5.905967594704720769e-01,4.993722703233940963e-02,2.065268687071426967e+00,2.433234369562069510e+00,2.404146322768287158e-01,2.030288945067890705e-01,2.380952380952380820e-01,6.666666666666666297e-01,3.720987429176740413e+00,1.250000000000000000e-01,3.333333333333333148e-01,3.626415820562105097e+00
4.676000013941052748e+04,1.176823485509240763e+00,4.086416685698998630e-02,2.855300155420925634e+00,2.685924301366688915e+00,4.244376517662291626e-01,3.914174537138442878e-01,5.238095238095238360e-01,6.666666666666666297e-01,3.479828359969556306e+00,1.666666666666666574e-01,3.333333333333333148e-01,3.702225503164191522e+00
4.677000013944034436e+04,1.295274870872185069e+00,7.621582556693805299e-02,2.394650095978416715e+00,3.416549521552732394e+00,9.048899903123888144e-01,1.073028801880761884e+00,4.761904761904761640e-01,6.666666666666666297e-01,3.302847976766405846e+00,8.333333333333332871e-02,3.333333333333333148e-01,3.940860043901929455e+00
4.678000013947016123e+04,1.161727027252682953e+00,7.036264257105553921e-02,1.958092614559840738e+00,1.413245537628435855e+00,6.701528060277680554e-01,4.253595567611279660e-01,6.666666666666666297e-01,6.666666666666666297e-01,3.567078573439480760e+00,1.666666666666666574e-01,3.333333333333333148e-01,3.534683181604626245e+00
4.679000013949997083e+04,9.658020635341898474e-01,6.145846568280708550e-02,1.570541243039730084e+00,2.263593101881898662e+00,5.666406481140044971e-01,2.550110750151751149e-01,5.238095238095238360e-01,6.666666666666666297e-01,3.591467339649547341e+00,8.333333333333332871e-02,3.333333333333333148e-01,3.591467339649547341e+00
4.680000013952978770e+04,8.330114455580137633e-01,5.302113395723719730e-02,1.528718175731100359e+00,1.847115473202899594e+00,2.985166780812863463e-01,4.064473990207608245e-01,2.380952380952380820e-01,5.000000000000000000e-01,3.870245093481508025e+00,1.250000000000000000e-01,3.333333333333333148e-01,3.835468487071667099e+00
4.681000013955959730e+04,8.633469267290491134e-01,4.842779095840564485e-02,1.583256545633067613e+00,1.870570780564984492e+00,5.668884743706822382e-01,3.387423461464448282e-01,3.809523809523809312e-01,8.333333333333333703e-01,3.296226390392384520e+00,8.333333333333332871e-02,3.333333333333333148e-01,3.296226390392384520e+00
4.682000013958941418e+04,9.621584902758136826e-01,5.111674210002669499e-02,2.029438432407029591e+00,2.438572101108528400e+00,3.331634531283702572e-01,1.194636208955349166e-01,6.666666666666666297e-01,6.666666666666666297e-01,3.623642830356358147e+00,8.333333333333332871e-02,3.333333333333333148e-01,3.623642830356358147e+00
4.683000013961923105e+04,5.445077795409017929e-01,5.454302235397738563e-02,1.774046232920673871e+00,2.347606376771851799e+00,2.269762040141079795e-01,1.510404512788093012e-01,5.714285714285713969e-01,8.333333333333333703e-01,3.633891948450056919e+00,0.000000000000000000e+00,1.666666666666666574e-01,3.633891948450056919e+00
4.684000013964904065e+04,6.785124946754668152e-01,8.560144015230644610e-02,2.097335822435618446e+00,2.868768341753415552e+00,1.790575259317076784e-01,3.752908513414157654e-01,6.190476190476190688e-01,1.000000000000000000e+00,3.731913625180088179e+00,0.000000000000000000e+00,1.666666666666666574e-01,3.757700970812096752e+00
4.685000013967885752e+04,9.790930227999650182e-01,3.025734022461766884e-02,1.184867268928953221e+00,2.648879773248323577e+00,4.356706848370368035e-01,2.963957771243693751e-01,2.380952380952380820e-01,5.000000000000000000e-01,3.434905514874246446e+00,0.000000000000000000e+00,1.666666666666666574e-01,4.340753443684529422e+00
4.686000013970867440e+04,7.154300224208970382e-01,5.443791502968550050e-02,2.010662789728665523e+00,2.573012807260514734e+00,6.152188109162683993e-01,7.095321185708477474e-01,5.714285714285713969e-01,8.333333333333333703e-01,3.446138239806535442e+00,8.333333333333332871e-02,3.333333333333333148e-01,3.446138239806535442e+00
4.687000013973848399e+04,9.936742147122736846e-01,5.109828432901020179e-02,1.512136177741920218e+00,2.204620743106212810e+00,5.847375971946484619e-01,7.469427390438031500e-01,3.809523809523809312e-01,8.333333333333333703e-01,3.706877523413509401e+00,1.250000000000000000e-01,3.333333333333333148e-01,3.706877523413509401e+00
4.688000013976830087e+04,1.091256406255404210e+00,8.389329437641424025e-02,1.789601574475568002e+00,3.120084583947530632e+00,5.274853221122390856e-01,7.191470922287870327e-01,3.809523809523809312e-01,6.666666666666666297e-01,3.535483379246298075e+00,4.166666666666666435e-02,3.333333333333333148e-01,3.535483379246298075e+00
4.689000013979811047e+04,9.758010182932354004e-01,8.829749739227094052e-02,1.719814719539592529e+00,2.310604953651868687e+00,5.763420536830933250e-01,3.215880918245148656e-01,4.285714285714285476e-01,6.666666666666666297e-01,3.576147054516316981e+00,1.250000000000000000e-01,3.333333333333333148e-01,3.646731766503330974e+00
4.690000013982792734e+04,8.232313633461917357e-01,6.835731086298427184e-02,1.767907578146640457e+00,2.069051787626346339e+00,2.079416297767219257e-01,5.285002048511123762e-01,4.285714285714285476e-01,8.333333333333333703e-01,3.410952036758552186e+00,8.333333333333332871e-02,3.333333333333333148e-01,3.410952036758552186e+00
4.691000013985774422e+04,8.192114652373542194e-01,4.929113171424499146e-02,1.704803422202206598e+00,2.580775312699292723e+00,3.947294536860268543e-01,6.631257488466804073e-01,4.761904761904761640e-01,8.333333333333333703e-01,3.491477534590692766e+00,1.666666666666666574e-01,3.333333333333333148e-01,3.751332314285775293e+00
4.692000013988755381e+04,1.055861313524345091e+00,6.115131105384535165e-02,2.541369251192033829e+00,2.608669275096275442e+00,4.211885944946125448e-01,5.326168292996488196e-01,4.285714285714285476e-01,8.333333333333333703e-01,3.475588084648683740e+00,1.250000000000000000e-01,3.333333333333333148e-01,3.475588084648683740e+00
4.693000013991737069e+04,8.579387605106094661e-01,6.503895297289626065e-02,1.533817591372139910e+00,1.808455988019927130e+00,6.008604551672587224e-01,6.515284893559778467e-01,7.142857142857143016e-01,1.000000000000000000e+00,3.506508033729096141e+00,1.250000000000000000e-01,3.333333333333333148e-01,3.583253871439977534e+00
4.694000013994718029e+04,6.862922959738503303e-01,4.200869878436362670e-02,1.658627031823901810e+00,1.802679373414516562e+00,2.480166955203008117e-01,5.646796410768223362e-01,5.714285714285713969e-01,8.333333333333333703e-01,3.677150849069273697e+00,1.250000000000000000e-01,3.333333333333333148e-01,4.006287456495751798e+00
4.695000013997699716e+04,1.123920543714979736e+00,5.999783650840444238e-02,2.219485934710181407e+00,1.983146668768782206e+00,7.764218589233325973e-01,8.775125078908169174e-01,6.190476190476190688e-01,1.000000000000000000e+00,3.725361036716594132e+00,1.666666666666666574e-01,3.333333333333333148e-01,3.540770767603365510e+00
4.696000014000681404e+04,8.591676560217779146e-01,6.445492491719537198e-02,1.715236496689941603e+00,2.217736264876879915e+00,4.999630523768048840e-01,6.415133300121594884e-01,6.190476190476190688e-01,1.000000000000000000e+00,3.581946144624760464e+00,1.250000000000000000e-01,3.333333333333333148e-01,3.554756352670919384e+00
4.697000014003662363e+04,7.992970164083210705e-01,5.163202441339292958e-02,2.221809931924861647e+00,1.338243268908134720e+00,8.005608345439895190e-01,7.848848431125088343e-01,6.190476190476190688e-01,1.000000000000000000e+00,3.522001710437322686e+00,1.250000000000000000e-01,3.333333333333333148e-01,3.537712787897025368e+00
4.698000014006644051e+04,7.860487691616351302e-01,6.143921576925570616e-02,2.134474930696499406e+00,1.573139731005396724e+00,7.383026576455696821e-01,8.856903602991402780e-01,4.761904761904761640e-01,1.000000000000000000e+00,3.575859425728393770e+00,4.166666666666666435e-02,3.333333333333333148e-01,3.856722893679952691e+00
4.699000014009625738e+04,7.918347288484197666e-01,5.524432246611282044e-02,2.080645955327603769e+00,1.796311383386376415e+00,1.945816454166156007e-01,3.870256553635861296e-01,6.190476190476190688e-01,8.333333333333333703e-01,3.715957300812768427e+00,4.166666666666666435e-02,3.333333333333333148e-01,3.678252526306845738e+00
4.700000014012606698e+04,1.115150579414643683e+00,6.949634053419699586e-02,2.407577645856669335e+00,2.511788328675847115e+00,3.495095398201206738e-01,6.387471427857874806e-01,5.238095238095238360e-01,1.000000000000000000e+00,3.727213340108876949e+00,1.250000000000000000e-01,3.333333333333333148e-01,3.823880615207080780e+00
4.701000014015588386e+04,9.092934588920371652e-01,4.728515813116058314e-02,3.198961566226647069e+00,2.626454755747697156e+00,1.477244668186227794e-01,3.777582197079673021e-01,5.714285714285713969e-01,8.333333333333333703e-01,3.602591651934531569e+00,1.666666666666666574e-01,3.333333333333333148e-01,3.735850833906796176e+00
4.702000014018569345e+04,3.825467120707646829e-01,5.075177606000878805e-02,1.914216805744155980e+00,2.135501693813253166e+00,4.580152855577051541e-01,5.700764346768626423e-01,3.809523809523809312e-01,8.333333333333333703e-01,3.622938673714157787e+00,0.000000000000000000e+00,1.666666666666666574e-01,3.952645985411593621e+00
4.703000014021551033e+04,7.021128713984756686e-01,4.207669947220104428e-02,1.288154834821854111e+00,1.615694079489664148e+00,5.116304666578614935e-01,6.997302405853355056e-01,4.285714285714285476e-01,1.000000000000000000e+00,3.973041009741647311e+00,8.333333333333332871e-02,3.333333333333333148e-01,3.994023660052215874e+00
4.704000014024532720e+04,6.884178299527790035e-01,6.247349716340975384e-02,1.290861796539949813e+00,1.323359976715096975e+00,5.192511590567298052e-01,2.751453069467030832e-01,5.238095238095238360e-01,8.333333333333333703e-01,3.421814539094193641e+00,8.333333333333332871e-02,3.333333333333333148e-01,3.421814539094193641e+00
4.705000014027513680e+04,8.904792640117505931e-01,6.380020007108391789e-02,1.952664461790880823e+00,1.809744638399648720e+00,3.354592457310238696e-01,5.833512620853509301e-01,7.142857142857143016e-01,1.000000000000000000e+00,3.587254230858122117e+00,1.250000000000000000e-01,3.333333333333333148e-01,3.644475411684871879e+00
4.706000014030495367e+04,7.716925964423180240e-01,3.363027012839092666e-02,2.279019082230818061e+00,1.143994060614833108e+00,2.211578178941714379e-01,4.188870520108644024e-01,6.190476190476190688e-01,1.000000000000000000e+00,3.585263690748647480e+00,1.250000000000000000e-01,3.333333333333333148e-01,3.585263690748647480e+00
4.707000014033476327e+04,8.441740560584161113e-01,4.915846894520436300e-02,1.203958652822245678e+00,1.202814387061492019e+00,3.034789268669528806e-01,5.792071526388837821e-01,5.714285714285713969e-01,1.000000000000000000e+00,3.505816017841030252e+00,1.250000000000000000e-01,3.333333333333333148e-01,3.384694008642780361e+00
4.708000014036458015e+04,7.676027904256665924e-01,4.808217798512613023e-02,1.073392399636411865e+00,7.766105275747555714e-01,5.546556635894939191e-01,5.755161730544379184e-01,5.714285714285713969e-01,1.000000000000000000e+00,3.600350411753342694e+00,4.166666666666666435e-02,3.333333333333333148e-01,3.600350411753342694e+00
4.709000014039439702e+04,9.566050506294947464e-01,6.741806191844836038e-02,2.043190081793732293e+00,2.272598922331277027e+00,4.599835330944532785e-01,6.271767443217808324e-01,4.285714285714285476e-01,1.000000000000000000e+00,3.715864434604737365e+00,8.333333333333332871e-02,3.333333333333333148e-01,4.175846433094712040e+00
4.710000014042420662e+04,1.100854585151744836e+00,5.909505611458366198e-02,1.951224872469140559e+00,1.844044987060272422e+00,2.654199398450360903e-01,3.823277376025807084e-01,5.238095238095238360e-01,8.333333333333333703e-01,3.447813161539050597e+00,1.250000000000000000e-01,3.333333333333333148e-01,3.447813161539050597e+00
4.711000014045402349e+04,1.002198776783212342e+00,4.468044825319496954e-02,1.172030434888311046e+00,1.141221839309349839e+00,3.489576177212116992e-01,4.014082985491396194e-01,6.666666666666666297e-01,8.333333333333333703e-01,3.213300183322082670e+00,4.166666666666666435e-02,3.333333333333333148e-01,3.213300183322082670e+00
4.712000014048383309e+04,9.089234600590584412e-01,4.484468953263338192e-02,1.415161911033765207e+00,1.351495853549512294e+00,2.157075474666723391e-01,4.192951012098282138e-01,2.857142857142856984e-01,8.333333333333333703e-01,3.415676014840202335e+00,8.333333333333332871e-02,3.333333333333333148e-01,3.415676014840202335e+00
4.713000014051364997e+04,1.130971243376081681e+00,6.266157519745582660e-02,1.765543489197260119e+00,1.892316019146815798e+00,4.813139639040526774e-01,1.967795238420053938e-01,3.333333333333333148e-01,8.333333333333333703e-01,3.420166828942185155e+00,4.166666666666666435e-02,3.333333333333333148e-01,3.420166828942185155e+00
4.714000014054346684e+04,9.550967107063960126e-01,8.047611046498670540e-02,1.911085550172161085e+00,2.180297366545189686e+00,4.862353466983459493e-01,5.289225157139300082e-01,5.714285714285713969e-01,1.000000000000000000e+00,3.681698340028855210e+00,0.000000000000000000e+00,1.666666666666666574e-01,3.681698340028855210e+00
4.715000014057327644e+04,1.374137783234121279e+00,7.666859015713690939e-02,1.594264238154164071e+00,2.057665199668231804e+00,6.065535250352214192e-01,6.967522666741089443e-01,6.190476190476190688e-01,6.666666666666666297e-01,3.446657018560696617e+00,8.333333333333332871e-02,3.333333333333333148e-01,3.682065612466959958e+00
4.716000014060309331e+04,2.798418605410790683e-01,6.462427395072893599e-02,1.659430512873603769e+00,1.608353285349259476e+00,5.293535577750893006e-01,5.002134696175386530e-01,3.809523809523809312e-01,6.666666666666666297e-01,3.435199450127655041e+00,8.333333333333332871e-02,3.333333333333333148e-01,3.847778294695368917e+00
4.717000014063291019e+04,9.007676648450506640e-01,5.117099349953323911e-02,1.940073814724178280e+00,1.429454574703867387e+00,6.604363646037560986e-01,7.298087383391496097e-01,7.619047619047618625e-01,8.333333333333333703e-01,3.451945561646382998e+00,8.333333333333332871e-02,3.333333333333333148e-01,3.451945561646382998e+00
4.718000014066271979e+04,4.943431611042196638e-01,6.340853674851215649e-02,1.233346493007050793e+00,1.830837265891007704e+00,4.479948613766235321e-01,7.152527810566713384e-01,3.333333333333333148e-01,8.333333333333333703e-01,3.494147386257091537e+00,0.000000000000000000e+00,1.666666666666666574e-01,3.494147386257091537e+00
4.719000014069253666e+04,8.581740506500120658e-01,5.639889103341969717e-02,1.594976432357143592e+00,1.675458476978402667e+00,8.044190033018009389e-01,9.948816623198721842e-01,5.714285714285713969e-01,8.333333333333333703e-01,3.444589393270425237e+00,8.333333333333332871e-02,3.333333333333333148e-01,3.444589393270425237e+00
4.720000014072234626e+04,1.458521055350884055e+00,4.082439484544053004e-02,1.886088117709538992e+00,1.374671135763155361e+00,9.374880063332369229e-01,1.055534327647247750e+00,5.238095238095238360e-01,1.000000000000000000e+00,3.487554636066314995e+00,1.250000000000000000e-01,3.333333333333333148e-01,3.486874886080728597e+00
4.721000014075216313e+04,1.473720202286807668e+00,5.789953105621536283e-02,2.821210114180931150e+00,1.657218238124916310e+00,6.999508361765737208e-01,8.790709172842143815e-01,6.190476190476190688e-01,8.333333333333333703e-01,3.467233579343891758e+00,1.666666666666666574e-01,3.333333333333333148e-01,3.798671392503142119e+00
4.722000014078198001e+04,9.592210726563034084e-01,2.795887907252218862e-02,1.548980170779051813e+00,1.896345325515365499e+00,6.171205218091871947e-01,7.612022438350587450e-01,4.761904761904761640e-01,1.000000000000000000e+00,3.805274030677743724e+00,1.250000000000000000e-01,3.333333333333333148e-01,3.805274030677743724e+00
4.723000014081178961e+04,9.222191504650960603e-01,3.829985991713374949e-02,1.439733133298791934e+00,1.954491777776447226e+00,7.365548061613081954e-01,8.090517018183042142e-01,4.761904761904761640e-01,8.333333333333333703e-01,3.622905060953742318e+00,1.250000000000000000e-01,3.333333333333333148e-01,3.643946472697679795e+00
4.724000014084160648e+04,1.048303764856335141e+00,7.861318179027054764e-02,1.834698540912127251e+00,2.801242848211662473e+00,7.339271739738639777e-01,1.060873825256925196e+00,4.761904761904761640e-01,6.666666666666666297e-01,3.843063160457460548e+00,1.250000000000000000e-01,3.333333333333333148e-01,3.880722863911822529e+00
4.725000014087141608e+04,1.104270219215838900e+00,5.701969073398081150e-02,2.842185724813309555e+00,2.502383133500387213e+00,8.098125736938497354e-01,1.034271735357089828e+00,3.809523809523809312e-01,6.666666666666666297e-01,4.024609625661948797e+00,1.250000000000000000e-01,3.333333333333333148e-01,3.845118369753834475e+00
4.726000014090123295e+04,1.215939034187776269e+00,5.159866112346759431e-02,2.608699117338693085e+00,2.043252288343686107e+00,8.084429567696844732e-01,1.049653117483095199e+00,5.714285714285713969e-01,8.333333333333333703e-01,3.784646258679402742e+00,1.250000000000000000e-01,3.333333333333333148e-01,3.761913976224697365e+00
4.727000014093104983e+04,1.466759576885507954e+00,5.281034698598203320e-02,2.802296318813717324e+00,2.086139028326152278e+00,5.355316911620685572e-01,6.887804292833945574e-01,5.714285714285713969e-01,8.333333333333333703e-01,3.261009520467858191e+00,1.666666666666666574e-01,3.333333333333333148e-01,3.735780483828250009e+00
4.728000014096085943e+04,1.362745950304712350e+00,6.014080011628678696e-02,2.891695428968165338e+00,2.761030949265966150e+00,3.018239263649998283e-01,4.706320612739262055e-01,5.238095238095238360e-01,6.666666666666666297e-01,3.569155507123287219e+00,1.250000000000000000e-01,3.333333333333333148e-01,3.569155507123287219e+00
4.729000014099067630e+04,1.496728378056685793e+00,5.740427902199808641e-02,2.579188683994001252e+00,3.152371472364790428e+00,7.088999112603789898e-01,8.684864277356844076e-01,4.761904761904761640e-01,5.000000000000000000e-01,3.758731995587176744e+00,1.666666666666666574e-01,3.333333333333333148e-01,3.596516094631134308e+00
4.730000014102049317e+04,1.658375975367132327e+00,5.602529184191050449e-02,3.381587207680996521e+00,2.852787829846807899e+00,9.266211874729504139e-01,9.983147428275169766e-01,4.761904761904761640e-01,6.666666666666666297e-01,3.683008827112606465e+00,1.666666666666666574e-01,3.333333333333333148e-01,3.519828155806985492e+00
4.731000014105030277e+04,1.477529801045790459e+00,4.424426943220138853e-02,3.082265530332972236e+00,1.704037815640718323e+00,9.268975805155376113e-01,9.519574740979737104e-01,5.238095238095238360e-01,8.333333333333333703e-01,3.797879570231116553e+00,1.666666666666666574e-01,3.333333333333333148e-01,3.406814861626143109e+00
4.732000014108011965e+04,1.508298842217642877e+00,4.962859084316940950e-02,2.659258317140344108e+00,1.934662271616898188e+00,7.413185541449417437e-01,8.677163164344369184e-01,2.857142857142856984e-01,5.000000000000000000e-01,4.005706140616579702e+00,1.250000000000000000e-01,3.333333333333333148e-01,3.670354427753654392e+00
4.733000014110992925e+04,1.095971604850423775e+00,7.565072613876913654e-02,2.046448948783823329e+00,9.603353559817784380e-01,3.968867109045181030e-01,5.047446853407645539e-01,4.285714285714285476e-01,5.000000000000000000e-01,3.801537339556632755e+00,8.333333333333332871e-02,3.333333333333333148e-01,3.602867682159529128e+00
4.734000014113974612e+04,1.510479721615745285e+00,6.671581794619031724e-02,2.796370665609344108e+00,2.023333740418319149e+00,5.723475546095344590e-01,7.451113691067817735e-01,6.666666666666666297e-01,6.666666666666666297e-01,3.313504613019113254e+00,1.250000000000000000e-01,3.333333333333333148e-01,3.612578800425283898e+00
4.735000014116956299e+04,1.345656167595986608e+00,6.164616470800331205e-02,2.216401783711888118e+00,2.142857947469873015e+00,4.804577463677571769e-01,6.777649179206860497e-01,5.714285714285713969e-01,8.333333333333333703e-01,3.521630120155683663e+00,1.250000000000000000e-01,3.333333333333333148e-01,3.512926710398714736e+00
4.736000014119937259e+04,1.557600387165198885e+00,8.933728170054337780e-02,2.145466921912519087e+00,1.374590768818018782e+00,4.342258130044341913e-01,6.420613982968520483e-01,4.761904761904761640e-01,8.333333333333333703e-01,3.686495489535955628e+00,1.666666666666666574e-01,3.333333333333333148e-01,3.454465689462278277e+00
4.737000014122918947e+04,1.411012689822559674e+00,5.902672626553530366e-02,2.299141695989241452e+00,1.879001619677665103e+00,4.437361875940841749e-01,6.787355895015518836e-01,5.714285714285713969e-01,6.666666666666666297e-01,3.573345882136764295e+00,1.666666666666666574e-01,3.333333333333333148e-01,3.695757919634783839e+00
4.738000014125899907e+04,1.644829411717606105e+00,3.146417000374521905e-02,1.851949253738685019e+00,1.355906106529578548e+00,6.563945240057096342e-01,7.389413868627943138e-01,3.809523809523809312e-01,6.666666666666666297e-01,3.438037834985138819e+00,1.250000000000000000e-01,3.333333333333333148e-01,3.485329469751552445e+00
4.739000014128881594e+04,1.336742784545725371e+00,5.101801334749059280e-02,2.010326237936760574e+00,1.774118947001710689e+00,7.309276761059154692e-01,9.657185422117708917e-01,4.285714285714285476e-01,6.666666666666666297e-01,3.936084601748290890e+00,1.250000000000000000e-01,3.333333333333333148e-01,3.646524587918368088e+00
4.740000014131863281e+04,1.324861671369440330e+00,6.870861970586243650e-02,2.228391071897386944e+00,2.262453813707495875e+00,8.225278639312306739e-01,9.779190461593513239e-01,5.238095238095238360e-01,8.333333333333333703e-01,3.808555429815723592e+00,1.666666666666666574e-01,3.333333333333333148e-01,3.578554302141079724e+00
4.741000014134844241e+04,1.306162554945209386e+00,7.814294640233622469e-02,2.236331796213541168e+00,2.533080455132866504e+00,7.334725091789791040e-01,8.513170559188261155e-01,4.761904761904761640e-01,8.333333333333333703e-01,3.370794287928160049e+00,1.250000000000000000e-01,3.333333333333333148e-01,3.822204858057855592e+00
4.742000014137825929e+04,1.410820622532347191e+00,5.030498678115517819e-02,1.076978472450027091e+00,1.427126822360174296e+00,2.995121092330683688e-01,5.349554135604850380e-01,4.761904761904761640e-01,8.333333333333333703e-01,3.901630809728938498e+00,1.250000000000000000e-01,3.333333333333333148e-01,3.629333262647951308e+00
4.743000014140806888e+04,1.288619768283584710e+00,4.695074603614593500e-02,1.614493747173890936e+00,1.441440780104251917e+00,8.272149372883691454e-01,8.568916234682021349e-01,5.238095238095238360e-01,8.333333333333333703e-01,3.829333798023122348e+00,1.250000000000000000e-01,3.333333333333333148e-01,3.536940889400374211e+00
4.744000014143788576e+04,9.933552502535595297e-01,5.449514575755443763e-02,1.788122559988323923e+00,1.737764189732197595e+00,3.735653506065484963e-01,6.521251356411156275e-01,4.761904761904761640e-01,1.000000000000000000e+00,3.704738129621683917e+00,1.250000000000000000e-01,3.333333333333333148e-01,4.059925579923481465e+00
4.745000014146770263e+04,8.432669108995866081e-01,4.012188541279444742e-02,1.671237664098669473e+00,9.417494198073235179e-01,8.561555588739672151e-01,1.060787655002302099e+00,3.333333333333333148e-01,5.000000000000000000e-01,3.744548338744369431e+00,1.666666666666666574e-01,1.666666666666666574e-01,3.909156833347568583e+00
4.746000014149751223e+04,1.175548846680868564e+00,6.198977404321602547e-02,2.509992985550275169e+00,2.431958707430812883e+00,4.411240630096730508e-01,4.383699400977969507e-01,6.190476190476190688e-01,6.666666666666666297e-01,3.536542072534694547e+00,8.333333333333332871e-02,3.333333333333333148e-01,3.843797126922585683e+00
4.747000014152732911e+04,9.241236304141071667e-01,3.664505209630913168e-02,2.195380048800191997e+00,2.450072346265320888e+00,5.600842318979789569e-01,7.849818208342433934e-01,4.761904761904761640e-01,8.333333333333333703e-01,3.614021465285363277e+00,1.250000000000000000e-01,3.333333333333333148e-01,3.603965075258749540e+00
4.748000014155714598e+04,1.208442905122924849e+00,4.806074251098202410e-02,1.597724783316306629e+00,2.223054781555846127e+00,6.537008339892782516e-01,6.622705529802884739e-01,6.190476190476190688e-01,8.333333333333333703e-01,3.589737257322865194e+00,1.250000000000000000e-01,3.333333333333333148e-01,3.543111861634428816e+00
4.749000014158695558e+04,1.497710354610925831e+00,6.563205435734018045e-02,1.914694839859073516e+00,6.333668425461119744e-01,7.093050115307404369e-01,7.343908071822323747e-01,5.238095238095238360e-01,8.333333333333333703e-01,3.488270473932914673e+00,1.250000000000000000e-01,3.333333333333333148e-01,3.580336432005822633e+00
4.750000014161677245e+04,1.103921728186359807e+00,5.620543382969231394e-02,1.470403951074903182e+00,1.200029242162190757e+00,5.149965375824295810e-01,5.410917755598295686e-01,6.666666666666666297e-01,8.333333333333333703e-01,3.535360601223609844e+00,8.333333333333332871e-02,3.333333333333333148e-01,3.535360601223609844e+00
4.751000014164658205e+04,1.313325434914901058e+00,5.719608327482397087e-02,1.202311620637160461e+00,1.839917690909510073e+00,4.036156075771197282e-01,4.069937901834652094e-01,5.238095238095238360e-01,6.666666666666666297e-01,3.709079984491120197e+00,1.250000000000000000e-01,3.333333333333333148e-01,3.441331036862828707e+00
4.752000014167639893e+04,1.092078455720973729e+00,4.490563438962325016e-02,2.000992722799648238e+00,1.761453868670482370e+00,6.167705742851146145e-01,5.170951529706967476e-01,5.238095238095238360e-01,8.333333333333333703e-01,3.532930406645356403e+00,1.250000000000000000e-01,3.333333333333333148e-01,3.532930406645356403e+00
4.753000014170621580e+04,1.198118051882101520e+00,4.012018437806706000e-02,1.960656505092527757e+00,2.712763797193180615e+00,6.410369730234910524e-01,5.877288109522063042e-01,4.761904761904761640e-01,8.333333333333333703e-01,3.602002214462818319e+00,1.250000000000000000e-01,3.333333333333333148e-01,3.710199780090732258e+00
4.754000014173602540e+04,1.361015091737195704e+00,5.158601296529671809e-02,1.831363602649636491e+00,1.354653279112316255e+00,6.341925417480330784e-01,6.694889475930088096e-01,5.714285714285713969e-01,8.333333333333333703e-01,3.448203694223527016e+00,1.666666666666666574e-01,3.333333333333333148e-01,3.393953805160701886e+00
4.755000014176584227e+04,1.343145054065217892e+00,6.755346882971080547e-02,2.653297676380443892e+00,1.875738497209918254e+00,6.789298258408971165e-01,6.996369248915620398e-01,5.714285714285713969e-01,8.333333333333333703e-01,3.589335075814177323e+00,1.250000000000000000e-01,3.333333333333333148e-01,3.563825420568571545e+00
4.756000014179565187e+04,1.165483316700077987e+00,6.089684814165050031e-02,1.569335883567717360e+00,8.443229487628779451e-01,6.962969087442074656e-01,7.942841083892372422e-01,5.714285714285713969e-01,8.333333333333333703e-01,3.828602251857205818e+00,1.250000000000000000e-01,3.333333333333333148e-01,3.689261638423850798e+00
4.757000014182546875e+04,1.280455077375191264e+00,4.892854082563972279e-02,2.153514252959329855e+00,2.365477233324396522e+00,3.304509889200897277e-01,4.558869593155224220e-01,5.238095238095238360e-01,8.333333333333333703e-01,3.649822640349185132e+00,1.250000000000000000e-01,3.333333333333333148e-01,3.324021646313187084e+00
4.758000014185528562e+04,1.630993815565150218e+00,5.698507470992893870e-02,2.100772083954537628e+00,1.926620847647663615e+00,3.440364057660118546e-01,4.309260778534763636e-01,6.666666666666666297e-01,8.333333333333333703e-01,3.727849370588626421e+00,1.666666666666666574e-01,3.333333333333333148e-01,3.557422633080079777e+00
4.759000014188509522e+04,1.442603665784411682e+00,4.298342733556344275e-02,1.633353697206020749e+00,1.471340410309487368e+00,4.710861832314529596e-01,5.904868918766060792e-01,5.714285714285713969e-01,8.333333333333333703e-01,3.571394804920614785e+00,1.250000000000000000e-01,3.333333333333333148e-01,3.570429738747848525e+00
4.760000014191491209e+04,1.545001248189761922e+00,5.441433983974839489e-02,2.542669065417893837e+00,1.984975335978624189e+00,6.284342409759667847e-01,6.833924639470845275e-01,5.238095238095238360e-01,6.666666666666666297e-01,3.565789105147555649e+00,1.250000000000000000e-01,3.333333333333333148e-01,3.527394614790465788e+00
4.761000014194472897e+04,1.240113156990046983e+00,4.520900010885719328e-02,1.388224498111892746e+00,1.309278775013812846e+00,3.988726031089550039e-01,3.665688810499332373e-01,6.190476190476190688e-01,8.333333333333333703e-01,3.483781028083249076e+00,1.250000000000000000e-01,3.333333333333333148e-01,3.624082714621450041e+00
4.762000014197453856e+04,1.590758391811641692e+00,4.765265810721593109e-02,2.522016177930940906e+00,2.917518439299855881e+00,1.016022002938418822e+00,9.449383947413620977e-01,5.238095238095238360e-01,8.333333333333333703e-01,3.783909474195811917e+00,1.250000000000000000e-01,3.333333333333333148e-01,3.344763034527480361e+00
4.763000014200435544e+04,1.361583024054503932e+00,9.123076599850700463e-02,1.305471458046310929e+00,1.808130187863221217e+00,6.539037055912940710e-01,7.774636672754831057e-01,5.714285714285713969e-01,6.666666666666666297e-01,3.301295482642407464e+00,1.250000000000000000e-01,3.333333333333333148e-01,3.851033520465724891e+00
4.764000014203416504e+04,1.391028041887602429e+00,6.299527092328989497e-02,2.747231235551534922e+00,1.922726222987010791e+00,6.079624466167067309e-01,7.152216465953087354e-01,4.285714285714285476e-01,6.666666666666666297e-01,3.597415466425123221e+00,1.250000000000000000e-01,3.333333333333333148e-01,3.706133308122139702e+00
4.765000014206398191e+04,1.467797648839639146e+00,7.223515881897527025e-02,2.352257510468291901e+00,1.856290401842739302e+00,5.368215473826184470e-01,5.573193250328394299e-01,4.761904761904761640e-01,6.666666666666666297e-01,3.389166488137811850e+00,1.666666666666666574e-01,3.333333333333333148e-01,3.776596464363558781e+00
4.766000014209379879e+04,1.101134093138083525e+00,7.491334009957305307e-02,1.668856893522764562e+00,2.482609330644208967e+00,4.151420104380193488e-01,6.980542130803242262e-01,5.238095238095238360e-01,6.666666666666666297e-01,3.684541483435805898e+00,1.250000000000000000e-01,3.333333333333333148e-01,3.492528283891533025e+00
4.767000014212360838e+04,1.030229865730931893e+00,6.533322052454099138e-02,1.296433089269673600e+00,2.002568067837730226e+00,5.168821056451449181e-01,7.591102526337070167e-01,4.285714285714285476e-01,6.666666666666666297e-01,3.706255406111024886e+00,1.250000000000000000e-01,3.333333333333333148e-01,3.604999045830501458e+00
4.768000014215342526e+04,1.092254811438712281e+00,6.294603044435970185e-02,2.072750065293505362e+00,1.650315700534984442e+00,1.901379009970894651e-01,4.876410247852501767e-01,6.190476190476190688e-01,8.333333333333333703e-01,3.576380400476222743e+00,1.250000000000000000e-01,3.333333333333333148e-01,3.884679674630774127e+00
4.769000014218323486e+04,1.198684230362557557e+00,2.822268496101456789e-02,1.515409258541898341e+00,1.242353040919017992e+00,3.106085201431446619e-01,6.158199645237514286e-01,5.238095238095238360e-01,8.333333333333333703e-01,3.568170027330868077e+00,1.250000000000000000e-01,3.333333333333333148e-01,3.623288643107533513e+00
4.770000014221305173e+04,1.299331385536584893e+00,5.909419285212680339e-02,1.371290322580952292e+00,1.690413193376245848e+00,5.212241672064498177e-01,3.822226976528447229e-01,6.190476190476190688e-01,8.333333333333333703e-01,3.330638122984311167e+00,1.250000000000000000e-01,3.333333333333333148e-01,3.330638122984311167e+00
4.771000014224286861e+04,9.768274566365945377e-01,4.059134182937006174e-02,2.479118099913052209e+00,2.357491235388763151e+00,1.429865548195426439e-01,4.517036463859416817e-01,4.761904761904761640e-01,8.333333333333333703e-01,3.318438321999862328e+00,0.000000000000000000e+00,1.666666666666666574e-01,3.318438321999862328e+00
4.772000014227267820e+04,1.017887568519151742e+00,6.799916114521387112e-02,1.882664048643702293e+00,1.702274267397225982e+00,3.712984891451203695e-01,5.258625341874733072e-01,3.333333333333333148e-01,8.333333333333333703e-01,3.820270199641650155e+00,1.666666666666666574e-01,3.333333333333333148e-01,3.579807919993685861e+00
4.773000014230249508e+04,1.217407037084369703e+00,4.684618074802737037e-02,1.298415987507117730e+00,2.568662677042552023e+00,4.929727487598573044e-01,6.474622358083841345e-01,5.714285714285713969e-01,8.333333333333333703e-01,3.506583688586550007e+00,1.666666666666666574e-01,3.333333333333333148e-01,3.337089820464735013e+00
4.774000014233230468e+04,6.790744067392868732e-01,8.258184096689356879e-02,1.622807131843965189e+00,1.913078806838380830e+00,3.064086543324942014e-01,5.768377177416926793e-01,5.238095238095238360e-01,8.333333333333333703e-01,3.528183524605762678e+00,1.250000000000000000e-01,3.333333333333333148e-01,3.528183524605762678e+00
4.775000014236212155e+04,1.226478936632958039e+00,4.990738536648590268e-02,1.145354284871767492e+00,1.085167067064569446e+00,1.824053497094848819e-01,2.765762776463989159e-01,5.714285714285713969e-01,8.333333333333333703e-01,3.885801648718936629e+00,1.250000000000000000e-01,3.333333333333333148e-01,3.885801648718936629e+00
4.776000014239193843e+04,1.027259751942025234e+00,3.082164449016831093e-02,1.574805250908875243e+00,1.159178904984275560e+00,6.302627062465582242e-01,5.926753652846714626e-01,6.190476190476190688e-01,6.666666666666666297e-01,3.557641572459006252e+00,0.000000000000000000e+00,1.666666666666666574e-01,3.579194579679231047e+00
4.777000014242174802e+04,9.816356698845891682e-01,4.866026676535133155e-02,1.359767569060235548e+00,1.471712859641534532e+00,5.486642003683245283e-01,6.188825268586507500e-01,5.714285714285713969e-01,6.666666666666666297e-01,3.623532657430119208e+00,1.250000000000000000e-01,3.333333333333333148e-01,3.623532657430119208e+00
4.778000014245156490e+04,1.501576742883587556e+00,5.242191433232319675e-02,2.075058793176586480e+00,8.315710109620526591e-01,5.386640188812341634e-01,6.622108648258346886e-01,5.238095238095238360e-01,8.333333333333333703e-01,3.585769250569281752e+00,1.666666666666666574e-01,3.333333333333333148e-01,3.635996049685654707e+00
4.779000014248138177e+04,9.208705946796003072e-01,5.752287083684849006e-02,1.236679883644792532e+00,1.478336997699715605e+00,2.227454722496439998e-01,4.415660792212642294e-01,5.238095238095238360e-01,5.000000000000000000e-01,3.740631068911577373e+00,1.666666666666666574e-01,3.333333333333333148e-01,3.587602511930134241e+00
4.780000014251119137e+04,7.362541976335726934e-01,6.116604256975636394e-02,1.670169077371355337e+00,1.264593457918675723e+00,3.093258391747171765e-01,6.500439520606783317e-01,7.619047619047618625e-01,1.000000000000000000e+00,3.447618395096707644e+00,1.250000000000000000e-01,3.333333333333333148e-01,3.447618395096707644e+00
4.781000014254100824e+04,8.986674819386857305e-01,5.892448914717114683e-02,1.254461177708948272e+00,1.555120110480315176e+00,3.408529143985806753e-01,5.846885544777561394e-01,5.714285714285713969e-01,8.333333333333333703e-01,3.339453706848059422e+00,8.333333333333332871e-02,3.333333333333333148e-01,3.339453706848059422e+00
4.782000014257081784e+04,4.457201847291318297e-01,8.204499720181707145e-02,1.695817404896028835e+00,2.226240473972575629e+00,8.291443484799247976e-01,1.169100779723282857e+00,7.619047619047618625e-01,1.000000000000000000e+00,3.471361306457686702e+00,8.333333333333332871e-02,3.333333333333333148e-01,3.689817031246973134e+00
4.783000014260063472e+04,1.240964173931337067e+00,6.690973651827249180e-02,1.093948146668754617e+00,1.542475781454611727e+00,3.034999922210225853e-01,4.458200043537441926e-01,2.857142857142856984e-01,6.666666666666666297e-01,3.938473643033017613e+00,4.166666666666666435e-02,3.333333333333333148e-01,4.011248156036305801e+00
4.784000014263045159e+04,8.622677432534623376e-01,7.437532492160470188e-02,1.658856966692286772e+00,1.188569560688973903e+00,2.484977799397915799e-01,5.899286266806168522e-01,5.238095238095238360e-01,6.666666666666666297e-01,3.748499518072150316e+00,1.250000000000000000e-01,3.333333333333333148e-01,3.275867831457642154e+00
4.785000014266026119e+04,1.218475745322910919e+00,6.716262134502527792e-02,1.797258699957388739e+00,1.446284528558446469e+00,2.812431591235759476e-01,6.164475398991166033e-01,4.761904761904761640e-01,6.666666666666666297e-01,3.707413777208718564e+00,1.250000000000000000e-01,3.333333333333333148e-01,3.709794105831751843e+00
4.786000014269007806e+04,8.098320023192683292e-01,6.472564978514828982e-02,1.262205257007764203e+00,1.234989190085048927e+00,5.579566933252471106e-01,8.473251750126750137e-01,6.190476190476190688e-01,8.333333333333333703e-01,3.396776324048283779e+00,4.166666666666666435e-02,3.333333333333333148e-01,3.396776324048283779e+00
4.787000014271988766e+04,1.091172900890611253e+00,6.177861999123664821e-02,1.877483684262366559e+00,9.726575890117461487e-01,2.858388625902162361e-01,5.731680117646857919e-01,5.714285714285713969e-01,8.333333333333333703e-01,3.821288458784975361e+00,1.250000000000000000e-01,3.333333333333333148e-01,3.494211043907425207e+00
4.788000014274970454e+04,1.160722513059211147e+00,3.168594728692355339e-02,1.494592201057518555e+00,1.541371214154992009e+00,3.989285496526514541e-01,6.701324399410732990e-01,6.666666666666666297e-01,6.666666666666666297e-01,3.516983625177645845e+00,1.250000000000000000e-01,3.333333333333333148e-01,3.792298763537757189e+00
4.789000014277952141e+04,7.143741445391114109e-01,6.181916172705002183e-02,1.155792057751099611e+00,1.053102320887733478e+00,4.767054575467337130e-01,8.122558237751340560e-01,1.904761904761904656e-01,6.666666666666666297e-01,4.076633392409145351e+00,1.250000000000000000e-01,3.333333333333333148e-01,3.670023641980900031e+00
4.790000014280933101e+04,6.439779619023028312e-01,3.542826230404234888e-02,2.257257327247053524e+00,2.103150941840100430e+00,4.138816205549527560e-01,7.391246460261188256e-01,3.809523809523809312e-01,8.333333333333333703e-01,3.779843722994078448e+00,1.250000000000000000e-01,3.333333333333333148e-01,3.483572357032279410e+00
4.791000014283914788e+04,6.275313079659754489e-01,5.250593957991611660e-02,1.150550116289064562e+00,1.205907716308776134e+00,2.988429572823689817e-01,5.830685732225481255e-01,5.714285714285713969e-01,1.000000000000000000e+00,3.748642698567650644e+00,1.250000000000000000e-01,3.333333333333333148e-01,3.748642698567650644e+00
4.792000014286896476e+04,5.014867363914461418e-01,5.573888924400100670e-02,1.430322062554804985e+00,7.726781156116651061e-01,7.803253224438657654e-01,1.129550238633714843e+00,5.238095238095238360e-01,8.333333333333333703e-01,3.641665621627159233e+00,4.166666666666666435e-02,3.333333333333333148e-01,4.066775290225239203e+00
4.793000014289877436e+04,8.689418850836971853e-01,7.964446713924959453e-02,1.717954769143757110e+00,1.464452605804157592e+00,5.985199652716642893e-01,8.255019034644883735e-01,5.238095238095238360e-01,6.666666666666666297e-01,3.896751319502471222e+00,8.333333333333332871e-02,3.333333333333333148e-01,4.014367689104213710e+00
4.794000014292859123e+04,7.545994501815083133e-01,4.806032285170144802e-02,9.043623764345565252e-01,1.252706019389443037e+00,5.420939645615845404e-01,8.527496068523854333e-01,4.761904761904761640e-01,1.000000000000000000e+00,3.684925033722223908e+00,1.250000000000000000e-01,3.333333333333333148e-01,3.683573138460409790e+00
4.795000014295840083e+04,7.407272344022122201e-01,6.652289950984427436e-02,2.813348571035533929e+00,2.071398222161954905e+00,3.991374364996129187e-01,7.422427107652467271e-01,4.761904761904761640e-01,6.666666666666666297e-01,3.780817582716949232e+00,1.250000000000000000e-01,3.333333333333333148e-01,3.853809534701777562e+00
4.796000014298821770e+04,8.721209100644170542e-01,4.873864038600118909e-02,1.556324666945947621e+00,1.164731856640929264e+00,3.560544852878595457e-01,6.945075955344026664e-01,4.761904761904761640e-01,6.666666666666666297e-01,3.648046813981322245e+00,1.250000000000000000e-01,3.333333333333333148e-01,3.639392148382961434e+00
4.797000014301803458e+04,7.299487379013809285e-01,5.432962398658041508e-02,1.409712026483648240e+00,1.276658793162302574e+00,3.459501275454164859e-01,6.687074343425351008e-01,6.666666666666666297e-01,1.000000000000000000e+00,3.494970842434988345e+00,1.250000000000000000e-01,3.333333333333333148e-01,3.494970842434988345e+00
4.798000014304784418e+04,1.423958875586696315e+00,5.365733733035521480e-02,1.466773351605821896e+00,1.539317186710605689e+00,5.197000778017106803e-01,6.801162730857699401e-01,4.761904761904761640e-01,6.666666666666666297e-01,3.377140872368354252e+00,1.250000000000000000e-01,3.333333333333333148e-01,3.377140872368354252e+00
4.799000014307766105e+04,9.696709435378011444e-01,4.823387030186598867e-02,1.597009960084156965e+00,1.439429715623258277e+00,5.165662760068346904e-01,7.436628255938139143e-01,3.333333333333333148e-01,6.666666666666666297e-01,3.491171518259389650e+00,1.250000000000000000e-01,3.333333333333333148e-01,3.491171518259389650e+00
4.800000014310747065e+04,6.204863902321525737e-01,7.794430897985400730e-02,1.412904781051773861e+00,1.962902357580363466e+00,5.881426440774384368e-01,9.251267811846545230e-01,6.666666666666666297e-01,1.000000000000000000e+00,3.426080803291533083e+00,1.250000000000000000e-01,3.333333333333333148e-01,3.639080316904872880e+00
4.801000014313728752e+04,8.711625067215652551e-01,4.384300717030055472e-02,1.270248506697245761e+00,1.774368613487647739e+00,6.132976814548266598e-01,9.458631505796433192e-01,6.666666666666666297e-01,8.333333333333333703e-01,3.451215389007390666e+00,1.250000000000000000e-01,3.333333333333333148e-01,3.451215389007390666e+00
4.802000014316710440e+04,9.228030630461345751e-01,4.782006920297750263e-02,1.585278952627191540e+00,1.560244893472737315e+00,3.727036590064851662e-01,6.689846071068328293e-01,5.714285714285713969e-01,6.666666666666666297e-01,3.553802330128943421e+00,1.250000000000000000e-01,3.333333333333333148e-01,3.800930273475425558e+00
4.803000014319691400e+04,9.970964881386410461e-01,4.056295586290561278e-02,1.397285340686547306e+00,1.716046531491457694e+00,5.450556537117829947e-01,8.791897622372916166e-01,6.666666666666666297e-01,8.333333333333333703e-01,3.513698163211608883e+00,8.333333333333332871e-02,3.333333333333333148e-01,4.102626438354148419e+00
4.804000014322673087e+04,1.090023909039244288e+00,5.536495288307551749e-02,1.387900536823053699e+00,1.600883370219893020e+00,4.308078372052271954e-01,7.699658488569943726e-01,5.238095238095238360e-01,8.333333333333333703e-01,3.693381775215808904e+00,1.250000000000000000e-01,3.333333333333333148e-01,3.674114014102821013e+00
4.805000014325654047e+04,1.320470601796855936e+00,4.235347304357692938e-02,2.111807892731706549e+00,1.911275523859755632e+00,2.705579803817742546e-01,3.193784910208626315e-01,6.190476190476190688e-01,8.333333333333333703e-01,3.522575620785100003e+00,1.250000000000000000e-01,3.333333333333333148e-01,3.482074313624436535e+00
4.806000014328635734e+04,1.103462624530168634e+00,6.871137160839863034e-02,1.409087050401178542e+00,1.782046288575675819e+00,2.200744909857660914e-01,4.859835146019907959e-01,6.666666666666666297e-01,8.333333333333333703e-01,3.460998383726196170e+00,1.250000000000000000e-01,3.333333333333333148e-01,3.684354706746971964e+00
4.807000014331617422e+04,1.150477413551867389e+00,4.250212334317653856e-02,2.451414742386523127e+00,1.860944924959221591e+00,3.740673013368629451e-01,6.857898412980528713e-01,5.238095238095238360e-01,6.666666666666666297e-01,3.598561036564029703e+00,1.250000000000000000e-01,3.333333333333333148e-01,3.598561036564029703e+00
4.808000014334598382e+04,1.210567799044425241e+00,4.496652517157861267e-02,2.143807934757319344e+00,1.566519918485883789e+00,3.148043666872356039e-01,6.038386618537475714e-01,5.714285714285713969e-01,6.666666666666666297e-01,3.547431796429180828e+00,1.250000000000000000e-01,3.333333333333333148e-01,3.586316989773761676e+00
4.809000014337580069e+04,1.341065327560187370e+00,6.407689922016256145e-02,2.337145429682337294e+00,2.976702792633980188e+00,5.155178634179198305e-01,8.267203305416094272e-01,5.714285714285713969e-01,6.666666666666666297e-01,3.618070369875638459e+00,8.333333333333332871e-02,3.333333333333333148e-01,3.724507594117020037e+00
4.810000014340561756e+04,1.155932404101689626e+00,6.040999668606650969e-02,2.016353412240853515e+00,2.309318370728403291e+00,2.184480702151722076e-01,5.613246776526956694e-01,4.285714285714285476e-01,5.000000000000000000e-01,3.511806121376278789e+00,1.666666666666666574e-01,3.333333333333333148e-01,3.357069006602210859e+00
4.811000014343542716e+04,1.014511574043729381e+00,3.466189658898818221e-02,2.234570212428543812e+00,1.924379915061984692e+00,3.931324618473140964e-01,7.423665082513288827e-01,5.238095238095238360e-01,8.333333333333333703e-01,3.631839185364214462e+00,1.250000000000000000e-01,3.333333333333333148e-01,3.836428171858285108e+00
4.812000014346524404e+04,6.817067838890851217e-01,7.610929410553404773e-02,1.485507838022473992e+00,1.619871672445319710e+00,6.060769609496047261e-01,9.539415957613460728e-01,4.761904761904761640e-01,8.333333333333333703e-01,3.701467613893824726e+00,8.333333333333332871e-02,3.333333333333333148e-01,3.433549844445664245e+00
4.813000014349505363e+04,8.939214461291896674e-01,7.207301768116571028e-02,1.964904349363097547e+00,1.521824721350717002e+00,5.341898902412940409e-01,8.112186585444340903e-01,7.142857142857143016e-01,1.000000000000000000e+00,3.528604093619527315e+00,1.666666666666666574e-01,3.333333333333333148e-01,3.546665010902845250e+00
4.814000014352487051e+04,9.565375234396826798e-01,5.321423869363322429e-02,1.975670112718326266e+00,1.707916409074014652e+00,6.244887385788350231e-01,8.976670078914081863e-01,6.190476190476190688e-01,1.000000000000000000e+00,3.440186906244050213e+00,1.666666666666666574e-01,3.333333333333333148e-01,3.494853398960822588e+00
4.815000014355468738e+04,7.843754039150178103e-01,7.272519350567920038e-02,1.724370165545288325e+00,1.588042641186065973e+00,5.759681459127398151e-01,8.159014083116202798e-01,5.238095238095238360e-01,1.000000000000000000e+00,3.602369715857950183e+00,1.666666666666666574e-01,3.333333333333333148e-01,3.799953348481862392e+00
4.816000014358449698e+04,8.603502552278867732e-01,5.613308136814843669e-02,1.758853186204793362e+00,1.039221065702899738e+00,4.220245574560606006e-01,7.200304134392069288e-01,5.238095238095238360e-01,1.000000000000000000e+00,3.665668293221522767e+00,1.250000000000000000e-01,3.333333333333333148e-01,3.665668293221522767e+00
4.817000014361431386e+04,1.383647938777405217e+00,5.414094573536670785e-02,1.118310030651167075e+00,1.331549827357224380e+00,1.018696240142723086e+00,1.030532771548361204e+00,5.714285714285713969e-01,5.000000000000000000e-01,3.721850203178473482e+00,1.250000000000000000e-01,3.333333333333333148e-01,3.517868204972379953e+00
4.818000014364412345e+04,1.114250627198018817e+00,6.967138348426386851e-02,1.632683936486059473e+00,7.223449631915540570e-01,6.777759185436614819e-01,7.056820770957592526e-01,8.095238095238095344e-01,1.000000000000000000e+00,3.582349595727347236e+00,1.250000000000000000e-01,3.333333333333333148e-01,3.932973099847601350e+00
4.819000014367394033e+04,1.240129167570033442e+00,6.575957313167954399e-02,1.418832119726250340e+00,2.140070685031229214e+00,6.654080824513367576e-01,7.077025166778917464e-01,5.238095238095238360e-01,6.666666666666666297e-01,3.529062053193930293e+00,1.250000000000000000e-01,3.333333333333333148e-01,3.529062053193930293e+00
4.820000014370375720e+04,1.278377639338064586e+00,5.001908524503950043e-02,2.520065914571760324e+00,1.874502629208635529e+00,3.061619703851586882e-01,3.912367191395078048e-01,6.666666666666666297e-01,8.333333333333333703e-01,3.576699125755409270e+00,1.666666666666666574e-01,3.333333333333333148e-01,3.485932788406526317e+00
4.821000014373356680e+04,1.022485785277641668e+00,4.948115940847017113e-02,1.277052250887684037e+00,1.584417725840873370e+00,4.975509295411301158e-01,8.362255223167419649e-01,6.190476190476190688e-01,1.000000000000000000e+00,3.536654912083930569e+00,1.250000000000000000e-01,3.333333333333333148e-01,3.752590456804329566e+00
4.822000014376338368e+04,1.160321927666511987e+00,5.342550475368495339e-02,2.954415129745366020e+00,1.770904167716087496e+00,1.941653155386753593e-01,4.344166794188429326e-01,5.714285714285713969e-01,8.333333333333333703e-01,3.415832808078225646e+00,8.333333333333332871e-02,3.333333333333333148e-01,4.254436908165160958e+00
4.823000014379320055e+04,1.465862720118490614e+00,6.232693615145906002e-02,2.889269037557805841e+00,2.085602321291418981e+00,6.899706687091168300e-01,8.310360922370949588e-01,5.714285714285713969e-01,1.000000000000000000e+00,3.476164764696162202e+00,1.666666666666666574e-01,3.333333333333333148e-01,3.661410225298267207e+00
4.824000014382301015e+04,1.255406007511459032e+00,6.694287909638062251e-02,1.841591361751174327e+00,2.166167533144567336e+00,5.290843204663819854e-01,7.688311209429286031e-01,5.238095238095238360e-01,8.333333333333333703e-01,3.755277626199384322e+00,1.250000000000000000e-01,3.333333333333333148e-01,3.567373872551241387e+00
4.825000014385282702e+04,1.174876040662301779e+00,5.762188909304929302e-02,1.767409758636117711e+00,1.060885671589815837e+00,4.941045199764115270e-01,7.780121832915306568e-01,5.238095238095238360e-01,8.333333333333333703e-01,3.721271617908689766e+00,1.250000000000000000e-01,3.333333333333333148e-01,3.749603070529528015e+00
4.826000014388263662e+04,1.207983862380042073e+00,4.999800147457102162e-02,1.863676590656889065e+00,1.138507493376372803e+00,5.092263161299641627e-01,6.090363194917016720e-01,4.285714285714285476e-01,8.333333333333333703e-01,3.791416572548180763e+00,1.250000000000000000e-01,3.333333333333333148e-01,4.007217441822286119e+00
4.827000014391245350e+04,9.349096474682273561e-01,8.230852915393740976e-02,1.497934086626421690e+00,1.901267688067261652e+00,7.513453545830681701e-01,8.663919969046142144e-01,7.619047619047618625e-01,1.000000000000000000e+00,3.558398878562506251e+00,1.250000000000000000e-01,3.333333333333333148e-01,3.759727729004178176e+00
4.828000014394227037e+04,8.569790113245721042e-01,4.883289246309414910e-02,4.868171908679559401e-01,1.505473429574397226e+00,7.515191306864311693e-01,1.045106614477682383e+00,4.761904761904761640e-01,8.333333333333333703e-01,3.694589253835848908e+00,1.250000000000000000e-01,3.333333333333333148e-01,3.686921971080241889e+00
4.829000014397207997e+04,1.135622283248417741e+00,6.057128307624072561e-02,1.125937098196496455e+00,1.484309363116049330e+00,2.926720141130898512e-01,5.765882514805040771e-01,6.666666666666666297e-01,6.666666666666666297e-01,3.545565683006539182e+00,1.250000000000000000e-01,3.333333333333333148e-01,3.672637654773541982e+00
4.830000014400189684e+04,1.318545356350665498e+00,6.898754888118650841e-02,4.826905566825550609e-01,1.782982680154753918e+00,5.998930863915442613e-01,8.838388209798000439e-01,6.190476190476190688e-01,6.666666666666666297e-01,3.561781500829564351e+00,1.250000000000000000e-01,3.333333333333333148e-01,3.437320057875644430e+00
4.831000014403170644e+04,1.102487637978611046e+00,3.792238022108684187e-02,5.427362311379888560e-01,8.381630975490769186e-01,3.863578174843853019e-01,5.616500320025609172e-01,6.666666666666666297e-01,1.000000000000000000e+00,3.551253901761683096e+00,1.250000000000000000e-01,3.333333333333333148e-01,3.276547252531662124e+00
4.832000014406152332e+04,1.158204058547672055e+00,5.215825276031446633e-02,9.799253934759463158e-01,1.371352542394837615e+00,4.976994665390331307e-01,8.037445950702947206e-01,7.142857142857143016e-01,8.333333333333333703e-01,3.519268990619393467e+00,1.250000000000000000e-01,3.333333333333333148e-01,3.626844967779590867e+00
4.833000014409134019e+04,9.323206480014893938e-01,4.332765557421024150e-02,1.154207047547306741e+00,2.068490626813441313e+00,1.754317293278381540e-01,4.780420129610319369e-01,5.238095238095238360e-01,6.666666666666666297e-01,3.493030547642584249e+00,1.666666666666666574e-01,3.333333333333333148e-01,3.493030547642584249e+00
4.834000014412114979e+04,8.903677721183617111e-01,3.207131522458039896e-02,1.166102864633105973e+00,2.236309622106398276e+00,7.142130212122852484e-01,1.037935350266570911e+00,4.761904761904761640e-01,1.000000000000000000e+00,3.907717595647308251e+00,1.250000000000000000e-01,3.333333333333333148e-01,3.638724933786138482e+00
4.835000014415096666e+04,1.531231097877890690e+00,5.201688163665960096e-02,1.321615618464141440e+00,2.932699492397498719e+00,8.780191171226585656e-01,1.188095494696097099e+00,5.238095238095238360e-01,8.333333333333333703e-01,3.704375172762862434e+00,1.666666666666666574e-01,3.333333333333333148e-01,3.266563185613141851e+00
4.836000014418077626e+04,1.113764681040541271e+00,6.546970469624403821e-02,1.557073189035900418e+00,1.372449246452025928e+00,8.937427311373438710e-02,4.089772534450853980e-01,6.190476190476190688e-01,8.333333333333333703e-01,3.474626895267345361e+00,1.666666666666666574e-01,3.333333333333333148e-01,3.463634650770707424e+00
4.837000014421059313e+04,9.717033570917072982e-01,4.412222940055381820e-02,1.627651209893688833e+00,2.342522113113624016e+00,2.312965987710654814e-01,4.561020285450365641e-01,4.761904761904761640e-01,6.666666666666666297e-01,3.655184052707164177e+00,1.250000000000000000e-01,3.333333333333333148e-01,3.618667184521965563e+00
4.838000014424041001e+04,5.696085429062480721e-01,5.235117212755590471e-02,9.482311174836881573e-01,2.346042986095001837e+00,7.524088460331092021e-01,1.038649658584386737e+00,4.285714285714285476e-01,1.000000000000000000e+00,4.003872634882814197e+00,4.166666666666666435e-02,3.333333333333333148e-01,3.729847080346354815e+00
4.839000014427021961e+04,7.832840011749448994e-01,4.410297086559823720e-02,1.460568628251829093e+00,1.797017951836940464e+00,2.537552124139642595e-01,2.750161408993109236e-01,6.666666666666666297e-01,1.000000000000000000e+00,3.631154517257866754e+00,1.250000000000000000e-01,3.333333333333333148e-01,3.604879150328153425e+00
4.840000014430003648e+04,1.504904383423692815e+00,4.394406352979865482e-02,5.167698916646589202e-01,1.790998987578118484e+00,2.404954290109225790e-01,4.775755707613277279e-01,4.761904761904761640e-01,6.666666666666666297e-01,3.428538898156088699e+00,1.250000000000000000e-01,3.333333333333333148e-01,3.459124274931001164e+00
4.841000014432985336e+04,1.013476482653946853e+00,4.411377132953966940e-02,6.607551118551251434e-01,1.715848976406115334e+00,5.367160046954748687e-01,8.054885848035386875e-01,4.285714285714285476e-01,6.666666666666666297e-01,3.810341684229225923e+00,1.250000000000000000e-01,3.333333333333333148e-01,3.569993379959018664e+00
4.842000014435966295e+04,1.567034197957234642e+00,5.898864695832613247e-02,1.700247681909241582e+00,2.426709389019871654e+00,1.778269507326065979e-01,3.254731542408864642e-01,6.666666666666666297e-01,8.333333333333333703e-01,3.543189547180547905e+00,1.666666666666666574e-01,3.333333333333333148e-01,3.502711782071074698e+00
4.843000014438947983e+04,1.380532890283497238e+00,5.943730801843199324e-02,1.489947042915528819e+00,1.618958928459877322e+00,4.071551113210508666e-01,5.422395622378158864e-01,5.714285714285713969e-01,8.333333333333333703e-01,3.362641866487883213e+00,1.250000000000000000e-01,3.333333333333333148e-01,3.362641866487883213e+00
4.844000014441928943e+04,5.405965765024290937e-01,9.567162496626342716e-02,1.423512127234607627e+00,1.869209675877451682e+00,4.218652282797120678e-01,7.366415722418050427e-01,5.238095238095238360e-01,1.000000000000000000e+00,3.634070849295321537e+00,8.333333333333332871e-02,3.333333333333333148e-01,4.176449991547782403e+00
4.845000014444910630e+04,1.233799343881635036e+00,3.864686501207947877e-02,2.236284694667430184e+00,1.895432942150603983e+00,3.659669244386263287e-01,3.260358266993999554e-01,5.714285714285713969e-01,8.333333333333333703e-01,3.669337838012034947e+00,1.666666666666666574e-01,3.333333333333333148e-01,3.665320053830559033e+00
4.846000014447892318e+04,1.132320852308182246e+00,6.656606734482986565e-02,1.488448615734053959e+00,1.697593937172044765e+00,2.856853240322781984e-01,5.607819082901857044e-01,5.238095238095238360e-01,6.666666666666666297e-01,3.615287433322465382e+00,1.666666666666666574e-01,3.333333333333333148e-01,3.810092191789625993e+00
4.847000014450873277e+04,1.464191530727509738e+00,5.872142579485409297e-02,2.276069029287804746e+00,2.552392462155459452e+00,4.306518070471800352e-01,7.407824448521519445e-01,4.285714285714285476e-01,8.333333333333333703e-01,3.610913326080373853e+00,1.666666666666666574e-01,3.333333333333333148e-01,3.637225944664559840e+00
4.848000014453854965e+04,9.010933399494219787e-01,4.287035487561333819e-02,1.716761698015579762e+00,2.055774028494274486e+00,4.786335804101877756e-01,8.018968560792504308e-01,6.190476190476190688e-01,8.333333333333333703e-01,3.465526398672050590e+00,1.250000000000000000e-01,3.333333333333333148e-01,3.465526398672050590e+00
4.849000014456835925e+04,6.617027349767009570e-01,4.921754028369981077e-02,1.324152215196096716e+00,2.861624404355662676e+00,3.033429406365201753e-01,5.671485277511074674e-01,4.285714285714285476e-01,8.333333333333333703e-01,3.752945627840588383e+00,8.333333333333332871e-02,3.333333333333333148e-01,3.827629173335018287e+00
4.850000014459817612e+04,1.092261660644256338e+00,4.175668076615934865e-02,1.589206947094953915e+00,2.048014997505789303e+00,3.462165314632343893e-01,6.782615988588348577e-01,6.190476190476190688e-01,8.333333333333333703e-01,3.470691763448361389e+00,1.250000000000000000e-01,3.333333333333333148e-01,3.345349072365395582e+00
4.851000014462799300e+04,1.413972194932629600e+00,6.500427422361997054e-02,1.995712233797606983e+00,1.551098424069750070e+00,3.197040173961697151e-01,6.539823018475728889e-01,5.714285714285713969e-01,8.333333333333333703e-01,3.702977147333507801e+00,1.666666666666666574e-01,3.333333333333333148e-01,3.623036044193080674e+00
4.852000014465780259e+04,1.482471721092109007e+00,5.024608030903075784e-02,3.576867895034454126e+00,2.505578224985492763e+00,6.652297955428322362e-01,9.643853601523511010e-01,5.714285714285713969e-01,6.666666666666666297e-01,3.638396831133071441e+00,1.666666666666666574e-01,3.333333333333333148e-01,3.560269420113419958e+00
4.853000014468761947e+04,1.431496958619890458e+00,4.406090311706609836e-02,2.480851236607537480e+00,2.090941062268493855e+00,2.785438188558165828e-01,4.595380760153495170e-01,5.714285714285713969e-01,8.333333333333333703e-01,3.780863129507815668e+00,1.666666666666666574e-01,3.333333333333333148e-01,3.780863129507815668e+00
4.854000014471742907e+04,1.123471513806480360e+00,5.390521647366058877e-02,1.937637249823808139e+00,2.055417107582243386e+00,5.579072225106345151e-01,8.792888131180074396e-01,4.285714285714285476e-01,6.666666666666666297e-01,3.479087203344620516e+00,1.250000000000000000e-01,3.333333333333333148e-01,3.544546394624399355e+00
4.855000014474724594e+04,7.717732427465184841e-01,5.818083045808196407e-02,1.159865670897850309e+00,1.359052469647027195e+00,2.859029905435580554e-01,5.493124050832656202e-01,3.809523809523809312e-01,6.666666666666666297e-01,3.711334493974599802e+00,4.166666666666666435e-02,3.333333333333333148e-01,4.111599411658755976e+00
4.856000014477706281e+04,1.168366057024987192e+00,4.928824328565655638e-02,1.183691155789441840e+00,2.357389153165033502e+00,2.383735467953986553e-01,5.678352823591736875e-01,5.714285714285713969e-01,6.666666666666666297e-01,3.740494971719645179e+00,1.250000000000000000e-01,3.333333333333333148e-01,3.666450263785418606e+00
4.857000014480687241e+04,8.996880351139785459e-01,5.495481298888636040e-02,1.680747686308119659e+00,2.028113492402413787e+00,1.960180851136409941e-01,5.385594125718943248e-01,7.142857142857143016e-01,1.000000000000000000e+00,3.325715538303654739e+00,1.250000000000000000e-01,3.333333333333333148e-01,3.325715538303654739e+00
4.858000014483668929e+04,1.191367406058374101e+00,4.999624072092088284e-02,1.842265078409465628e+00,2.506457589103573635e+00,4.287506300534485448e-01,7.445641994392506735e-01,4.761904761904761640e-01,8.333333333333333703e-01,3.290796654360244933e+00,1.250000000000000000e-01,3.333333333333333148e-01,3.290796654360244933e+00
4.859000014486650616e+04,1.234063006929985162e+00,7.099204194449992844e-02,1.472209787139472148e+00,1.586055879219477660e+00,4.649317635268127025e-01,6.249159859546844498e-01,6.190476190476190688e-01,6.666666666666666297e-01,3.413153149207025727e+00,1.250000000000000000e-01,3.333333333333333148e-01,3.421483397905883628e+00
4.860000014489631576e+04,1.020618131702881515e+00,6.033487520997898174e-02,2.303792649091963796e+00,1.722755933929176919e+00,3.361640724145241177e-01,4.894739222729324046e-01,5.714285714285713969e-01,8.333333333333333703e-01,3.554314229801963432e+00,1.250000000000000000e-01,3.333333333333333148e-01,3.554314229801963432e+00
4.861000014492613263e+04,1.275726705112217640e+00,5.703349721186062871e-02,3.236194051028244978e+00,2.486400630323978955e+00,2.538102386021583445e-01,3.986691940100503539e-01,4.285714285714285476e-01,8.333333333333333703e-01,3.625432452061550848e+00,8.333333333333332871e-02,3.333333333333333148e-01,3.999401913481622106e+00
4.862000014495594223e+04,7.852139371592059547e-01,5.851734984737255035e-02,2.329404175852480829e+00,1.977347195137512115e+00,7.515884337050181552e-01,1.067238038424553892e+00,4.285714285714285476e-01,6.666666666666666297e-01,3.688045071406822473e+00,1.250000000000000000e-01,3.333333333333333148e-01,3.688045071406822473e+00
4.863000014498575911e+04,1.316658851440839051e+00,6.095434607270727723e-02,3.004738508748624248e+00,2.728206061313699138e+00,5.740276697872562783e-01,8.688820375674787266e-01,5.238095238095238360e-01,6.666666666666666297e-01,3.786402739440887011e+00,1.250000000000000000e-01,3.333333333333333148e-01,3.998595906272579104e+00
4.864000014501557598e+04,1.158302034696135907e+00,4.047770740913922416e-02,2.164523315982678664e+00,2.227301500886481378e+00,2.784880873025042392e-01,3.774731539956572846e-01,5.238095238095238360e-01,6.666666666666666297e-01,3.356545266849024323e+00,1.250000000000000000e-01,3.333333333333333148e-01,3.356545266849024323e+00
4.865000014504538558e+04,9.163608961234570582e-01,5.534400381578304107e-02,1.886416629806114020e+00,2.144101673712691891e+00,2.474121252225597867e-01,3.749592704842084623e-01,5.714285714285713969e-01,8.333333333333333703e-01,3.537077444208447385e+00,1.250000000000000000e-01,3.333333333333333148e-01,3.537077444208447385e+00
4.866000014507520245e+04,1.124049906179793723e+00,6.277995919761217292e-02,2.387981324248322323e+00,1.568191491880941202e+00,2.671310086821943042e-01,5.861148739524614237e-01,4.761904761904761640e-01,8.333333333333333703e-01,3.678539767823902906e+00,1.666666666666666574e-01,3.333333333333333148e-01,3.705836802496435656e+00
4.867000014510501205e+04,1.061072208284590035e+00,9.291591882548845549e-02,2.567811646566577455e+00,2.947324611869261535e+00,4.931032562805399144e-01,8.385768783578376739e-01,4.285714285714285476e-01,5.000000000000000000e-01,3.553890242456746229e+00,1.666666666666666574e-01,3.333333333333333148e-01,3.553890242456746229e+00
4.868000014513482893e+04,1.211601724193984264e+00,6.390403289998504432e-02,2.378189461225340917e+00,2.172547775427961625e+00,2.495813045587212398e-01,5.772513165749568742e-01,6.190476190476190688e-01,1.000000000000000000e+00,3.562301721979058033e+00,1.666666666666666574e-01,3.333333333333333148e-01,3.384044315105914968e+00
4.869000014516464580e+04,9.882685725107132058e-01,6.087701853457926082e-02,2.554754424160947224e+00,1.930232702942777046e+00,3.326719314273248185e-01,6.264324790703345025e-01,6.190476190476190688e-01,1.000000000000000000e+00,3.815652811115838983e+00,1.666666666666666574e-01,3.333333333333333148e-01,3.529037035537414990e+00
4.870000014519445540e+04,1.222220898019021451e+00,4.036718587670896918e-02,2.145324732724781303e+00,1.561290139601606786e+00,1.692163321183194624e-01,4.504073137759992962e-01,5.238095238095238360e-01,6.666666666666666297e-01,3.518505036738221126e+00,1.666666666666666574e-01,3.333333333333333148e-01,3.476563129804833174e+00
4.871000014522427227e+04,6.124360773156637405e-01,5.268870288941858437e-02,1.835708193071272420e+00,3.035866677208516329e+00,3.572323077050733042e-01,6.422671925797472925e-01,5.714285714285713969e-01,1.000000000000000000e+00,3.628609859492727185e+00,8.333333333333332871e-02,3.333333333333333148e-01,3.790258550933883974e+00
4.872000014525408915e+04,8.527797532194573149e-01,3.752341847232585487e-02,1.505760119794643748e+00,1.932690820009008714e+00,6.770755900949494421e-01,1.015580537366951530e+00,6.666666666666666297e-01,6.666666666666666297e-01,3.618223967280276288e+00,0.000000000000000000e+00,1.666666666666666574e-01,4.185760305686723193e+00
4.873000014528389875e+04,1.093318575523499758e+00,4.952770173641424245e-02,1.632777080943222048e+00,1.860489937520331427e+00,3.641961751222769217e-01,6.505551232398960604e-01,6.190476190476190688e-01,8.333333333333333703e-01,3.668946979742341963e+00,1.250000000000000000e-01,3.333333333333333148e-01,3.591701492500822379e+00
4.874000014531371562e+04,8.561322331358593996e-01,4.132864060796124367e-02,1.556086314203244836e+00,2.200226514014676393e+00,4.129791303329134466e-01,7.289739932586924986e-01,6.190476190476190688e-01,8.333333333333333703e-01,3.475641515972795581e+00,1.666666666666666574e-01,3.333333333333333148e-01,3.489570692880680447e+00
4.875000014534352522e+04,9.859235710197181701e-01,7.411628213561251288e-02,1.187492452747894500e+00,2.626164959763553242e+00,1.686461218998027145e-01,4.909981006039868534e-01,6.190476190476190688e-01,6.666666666666666297e-01,3.611262061166689907e+00,1.250000000000000000e-01,3.333333333333333148e-01,3.763240603663990047e+00
4.876000014537334209e+04,9.990301504033097801e-01,4.553152374735909558e-02,8.475602782252901202e-01,1.410219058315900220e+00,4.720259182618295468e-01,8.072483505053102970e-01,6.666666666666666297e-01,8.333333333333333703e-01,3.398289308204296866e+00,8.333333333333332871e-02,3.333333333333333148e-01,3.449055530989865836e+00
4.877000014540315897e+04,7.044889007113066537e-01,5.568989910870955629e-02,1.211243648062402478e+00,2.045283118019947999e+00,4.416862131168449168e-01,7.331747994743447183e-01,3.809523809523809312e-01,8.333333333333333703e-01,3.334860624391362105e+00,1.250000000000000000e-01,3.333333333333333148e-01,3.717684325946199575e+00
4.878000014543296857e+04,6.937723071370088812e-01,5.742432494697165962e-02,9.047824314530121814e-01,1.597514856916525616e+00,2.621076847623867168e-01,5.197920352590834625e-01,3.809523809523809312e-01,8.333333333333333703e-01,3.609492565441239531e+00,1.250000000000000000e-01,3.333333333333333148e-01,3.754475553684238687e+00
4.879000014546278544e+04,9.774718673054214602e-01,4.455302221581536326e-02,8.380812786194398178e-01,2.316096796977231698e+00,3.208864003348595451e-01,5.536403042354142157e-01,5.238095238095238360e-01,1.000000000000000000e+00,3.590879756354646624e+00,1.250000000000000000e-01,3.333333333333333148e-01,3.690786410062429468e+00
4.880000014549259504e+04,9.389750344708884811e-01,5.908264197732965989e-02,1.357750663901511334e+00,2.261726377471111604e+00,5.034096548403244054e-01,7.625171802065575655e-01,5.714285714285713969e-01,8.333333333333333703e-01,3.500525330643183164e+00,1.250000000000000000e-01,3.333333333333333148e-01,3.653410377116959928e+00
4.881000014552241191e+04,6.977010580940158357e-01,6.570010990725370925e-02,1.782092934173516774e+00,3.261886919090958514e+00,9.126977047499477969e-02,4.313593096883529543e-01,5.238095238095238360e-01,1.000000000000000000e+00,3.424588349579670066e+00,0.000000000000000000e+00,1.666666666666666574e-01,3.574072182668782904e+00
4.882000014555222879e+04,8.939057607698114305e-01,4.680026570910057748e-02,1.859980259299772287e+00,1.747772799294586843e+00,3.068624264039824245e-01,5.626085151456785560e-01,6.666666666666666297e-01,8.333333333333333703e-01,3.652773854374451012e+00,1.250000000000000000e-01,3.333333333333333148e-01,3.655164256016854019e+00
4.883000014558203839e+04,7.487717246306284657e-01,4.783416278993302823e-02,5.802197718394052073e-01,1.564495990220683197e+00,4.646922604238829524e-01,8.061963384572615743e-01,3.333333333333333148e-01,6.666666666666666297e-01,3.973197218011559784e+00,8.333333333333332871e-02,1.666666666666666574e-01,4.142325813358785247e+00
4.884000014561185526e+04,7.368184874483165725e-01,5.702978886301863365e-02,1.126080645402474323e+00,1.842340966625004350e+00,5.208081266110642371e-01,8.414204021670818046e-01,5.238095238095238360e-01,8.333333333333333703e-01,3.506668914221632072e+00,1.250000000000000000e-01,3.333333333333333148e-01,3.658558739383775738e+00
4.885000014564166486e+04,3.695455768991223744e-01,6.458309004245639529e-02,8.514341915335272848e-01,2.609348011616527518e+00,4.084592189156956987e-01,7.346677828796259746e-01,6.190476190476190688e-01,1.000000000000000000e+00,3.544412103630731892e+00,4.166666666666666435e-02,3.333333333333333148e-01,3.832137896558567292e+00
4.886000014567148173e+04,9.215054193222966816e-01,7.916987060182349711e-02,1.008528170373254040e+00,1.803333595980150639e+00,3.461718619020975329e-01,6.868760601660460763e-01,6.190476190476190688e-01,1.000000000000000000e+00,3.692206030175491538e+00,1.666666666666666574e-01,3.333333333333333148e-01,3.550613244450109729e+00
4.887000014570129861e+04,8.411391778333162650e-01,5.824608406945174649e-02,8.853923187238270653e-01,1.610783808239133919e+00,1.950734792433861109e-01,4.812490133066643638e-01,6.190476190476190688e-01,1.000000000000000000e+00,3.586519286381601113e+00,1.250000000000000000e-01,3.333333333333333148e-01,3.836614372516355509e+00
4.888000014573110820e+04,9.320743812750474921e-01,4.172323492542449885e-02,1.402826974615420719e+00,2.169567588263719760e+00,4.232071803278867894e-01,7.554847257793256832e-01,4.285714285714285476e-01,6.666666666666666297e-01,3.657880465820242399e+00,1.250000000000000000e-01,3.333333333333333148e-01,3.640971808332472470e+00
4.889000014576092508e+04,1.442133762040652023e+00,5.850698938770150515e-02,8.479973845324584314e-01,1.851094632175037669e+00,1.913497128494017208e-01,4.479805908900543199e-01,5.714285714285713969e-01,8.333333333333333703e-01,3.707648290029783578e+00,1.250000000000000000e-01,3.333333333333333148e-01,3.726882220542727442e+00
4.890000014579074195e+04,1.335806531632450334e+00,6.555111692345508279e-02,1.429893660336883476e+00,1.772281226007380361e+00,3.386407197572108285e-01,5.894808613713891088e-01,5.238095238095238360e-01,6.666666666666666297e-01,3.877236671235001264e+00,1.666666666666666574e-01,3.333333333333333148e-01,3.390486336660144762e+00
4.891000014582055155e+04,1.284479678445721973e+00,6.051626896197278421e-02,7.361987068946623802e-01,1.504759026282938006e+00,2.944801838188463861e-01,5.071092437137129094e-01,5.238095238095238360e-01,8.333333333333333703e-01,3.674140275995626315e+00,1.666666666666666574e-01,3.333333333333333148e-01,3.351844115772287136e+00
4.892000014585036843e+04,1.678101246432647686e+00,5.310564983457480293e-02,1.566856759528699738e+00,2.362084912101539036e+00,2.161521846685020010e-01,3.637336389175527818e-01,6.666666666666666297e-01,8.333333333333333703e-01,3.341697263133659224e+00,1.250000000000000000e-01,3.333333333333333148e-01,3.605827704104770604e+00
4.893000014588017802e+04,1.167102626167894286e+00,4.846968447216742221e-02,2.734897716807328738e+00,2.958015276025741880e+00,2.896513388279775003e-01,4.666986825472887457e-01,6.666666666666666297e-01,8.333333333333333703e-01,3.569206926305528604e+00,4.166666666666666435e-02,3.333333333333333148e-01,3.684947872409860103e+00
4.894000014590999490e+04,1.171482333403343956e+00,5.247790019017026242e-02,1.420739105085714549e+00,1.761990653188545641e+00,3.824037111191592175e-01,6.211421631748154093e-01,6.190476190476190688e-01,8.333333333333333703e-01,3.628946736741946566e+00,1.250000000000000000e-01,3.333333333333333148e-01,3.628946736741946566e+00
4.895000014593981177e+04,8.597872159973560802e-01,4.976996000689727639e-02,1.092204502090784457e+00,1.293558494859177399e+00,5.428916104474239557e-01,8.408769611241873054e-01,5.238095238095238360e-01,1.000000000000000000e+00,3.400252803009508717e+00,4.166666666666666435e-02,3.333333333333333148e-01,4.211445825318428149e+00
4.896000014596962137e+04,9.216534492128076739e-01,6.624232898310751516e-02,8.964909223244944547e-01,1.589725268682753656e+00,3.095600427045737679e-01,5.601738620861109741e-01,8.095238095238095344e-01,1.000000000000000000e+00,3.509890339832198336e+00,1.250000000000000000e-01,3.333333333333333148e-01,3.630743739165526396e+00
4.897000014599943825e+04,4.745873126337672443e-01,3.766113575354421150e-02,8.842730103141290821e-01,2.129427307559154325e+00,1.737101928415052954e-01,4.227694430948236159e-01,7.142857142857143016e-01,1.000000000000000000e+00,3.573798973713427696e+00,8.333333333333332871e-02,3.333333333333333148e-01,3.573798973713427696e+00
4.898000014602924784e+04,6.819970246786126733e-01,5.801570423364765111e-02,1.152490214969037252e+00,2.249935556370536549e+00,6.013908672024506075e-01,8.905462719999444055e-01,4.285714285714285476e-01,8.333333333333333703e-01,3.529948819244550062e+00,8.333333333333332871e-02,3.333333333333333148e-01,3.727276056528494586e+00
4.899000014605906472e+04,7.061021663150295335e-01,4.035068001330368442e-02,6.635044825371142485e-01,1.845901313590920800e+00,3.816087710441658509e-01,6.791710853268976278e-01,2.380952380952380820e-01,5.000000000000000000e-01,3.446981134696106341e+00,4.166666666666666435e-02,3.333333333333333148e-01,3.446981134696106341e+00
4.900000014608888159e+04,8.307579103025307665e-01,4.308446227428791575e-02,4.674404123905164798e-01,1.487969153108940956e+00,3.321507802156174471e-01,5.172082190768134691e-01,5.714285714285713969e-01,1.000000000000000000e+00,3.313137095138313004e+00,8.333333333333332871e-02,3.333333333333333148e-01,3.313137095138313004e+00
4.901000014611869119e+04,1.114004229003003665e+00,4.535278469900684561e-02,1.105271104947765037e+00,1.951239354310746466e+00,3.168802618476453947e-01,6.451367204174173198e-01,5.714285714285713969e-01,6.666666666666666297e-01,3.400998744718242595e+00,1.250000000000000000e-01,3.333333333333333148e-01,3.400998744718242595e+00
4.902000014614850807e+04,1.296860729390206357e+00,2.917550785253915369e-02,1.257609533379589140e+00,1.892227336258196502e+00,4.395257538606265890e-01,5.982734593513763244e-01,4.761904761904761640e-01,8.333333333333333703e-01,3.429676507300669197e+00,1.250000000000000000e-01,3.333333333333333148e-01,3.429676507300669197e+00
4.903000014617832494e+04,1.833111088368719832e+00,4.625952719280677916e-02,2.261130158549803149e+00,2.158796380543796634e+00,4.524839088600143833e-01,6.043194470205713875e-01,5.238095238095238360e-01,8.333333333333333703e-01,3.449267312505000849e+00,1.666666666666666574e-01,3.333333333333333148e-01,3.825194633007450662e+00
4.904000014620813454e+04,9.442466014858107437e-01,3.884013816584992729e-02,5.649515937515906527e-01,1.417109653346775078e+00,4.513022626720260000e-01,7.357440558191405966e-01,5.714285714285713969e-01,6.666666666666666297e-01,3.507694975287521721e+00,1.250000000000000000e-01,3.333333333333333148e-01,3.507694975287521721e+00
4.905000014623795141e+04,1.486349480038344550e+00,3.187086295112963319e-02,1.203268902075388169e+00,2.439977497078569257e+00,2.716109299686005341e-01,4.548798294793917618e-01,4.285714285714285476e-01,8.333333333333333703e-01,3.654326733236364699e+00,1.250000000000000000e-01,3.333333333333333148e-01,3.642534693364869014e+00
4.906000014626776101e+04,1.489969046539432407e+00,6.979078279101630367e-02,2.058233831136448533e+00,1.406729500457854387e+00,8.314580588749495571e-02,4.125360810244018128e-01,6.190476190476190688e-01,6.666666666666666297e-01,3.501533396587856561e+00,1.666666666666666574e-01,3.333333333333333148e-01,3.453758252635140913e+00
4.907000014629757788e+04,1.150844208896197873e+00,5.078279713025300041e-02,1.495887313004750307e+00,1.859055320932417210e+00,1.813288033581905156e-01,5.272917953824951542e-01,5.714285714285713969e-01,8.333333333333333703e-01,3.541348651370939127e+00,1.666666666666666574e-01,3.333333333333333148e-01,3.359255680494121599e+00
4.908000014632739476e+04,1.733881843164964520e+00,8.713324118954134112e-02,2.349168294248410227e+00,2.797159620682493575e+00,1.833040443208834580e-01,2.414617669207344830e-01,4.761904761904761640e-01,6.666666666666666297e-01,3.792769929054022882e+00,1.250000000000000000e-01,3.333333333333333148e-01,3.399477772254619889e+00
4.909000014635720436e+04,1.295272758542796998e+00,8.687080957597345665e-02,1.237383655969707119e+00,1.884178652173222890e+00,3.269111188736443796e-01,6.563531326188154491e-01,4.285714285714285476e-01,6.666666666666666297e-01,3.439453662741699169e+00,1.666666666666666574e-01,3.333333333333333148e-01,3.421599290127641968e+00
4.910000014638702123e+04,1.404673452499632713e+00,4.560816029285199441e-02,1.409812862879624040e+00,1.775395498062430022e+00,3.216225287223451468e-01,2.872178448441075616e-01,6.190476190476190688e-01,8.333333333333333703e-01,3.457231942573863126e+00,1.666666666666666574e-01,3.333333333333333148e-01,3.457231942573863126e+00
4.911000014641683083e+04,1.620071513622713510e+00,5.309505722604605793e-02,1.930914500646885079e+00,2.331463705506832795e+00,3.727760343399648124e-01,6.428220494721964551e-01,5.714285714285713969e-01,6.666666666666666297e-01,3.471969361135466503e+00,1.666666666666666574e-01,3.333333333333333148e-01,3.637724534032124257e+00
4.912000014644664770e+04,1.623647802714763166e+00,5.200310452454219579e-02,5.754918113220662823e-01,1.462034324944646579e+00,4.880422581768067425e-01,2.930748314692720458e-01,5.714285714285713969e-01,8.333333333333333703e-01,3.783380023593932329e+00,1.250000000000000000e-01,3.333333333333333148e-01,3.611785995984731379e+00
4.913000014647646458e+04,7.855655223456328162e-01,6.644736907649737012e-02,7.761410686346582599e-01,1.423921188405965266e+00,3.553148095040244425e-01,2.784547602419841783e-01,4.761904761904761640e-01,1.000000000000000000e+00,3.296855608454286823e+00,1.250000000000000000e-01,3.333333333333333148e-01,3.296855608454286823e+00
4.914000014650627418e+04,9.165226160762539598e-01,4.399276863208870236e-02,6.197373112387745131e-01,1.875084223757711666e+00,2.674694334452902833e-01,1.679171567206584059e-01,5.238095238095238360e-01,8.333333333333333703e-01,3.653071423364240733e+00,1.250000000000000000e-01,3.333333333333333148e-01,3.646679915312833309e+00
4.915000014653609105e+04,6.533616338768316600e-01,5.624272908810367538e-02,7.838880563210456343e-01,1.434190635552633042e+00,2.839575988851792410e-01,5.518423898606754641e-01,5.238095238095238360e-01,1.000000000000000000e+00,3.763859255628593026e+00,8.333333333333332871e-02,3.333333333333333148e-01,3.999095678338082660e+00
4.916000014656590065e+04,7.979042080804602532e-01,3.505790193330223653e-02,1.072556446645269057e+00,2.016846935588695100e+00,6.794855839178159940e-01,9.939899005806401844e-01,5.714285714285713969e-01,1.000000000000000000e+00,3.533421349221811614e+00,8.333333333333332871e-02,3.333333333333333148e-01,3.879690536085592001e+00
4.917000014659571752e+04,8.687620734579376558e-01,5.807112143112043434e-02,6.357969577258094640e-01,1.504962866531772692e+00,5.062173582560925977e-01,8.217469706840124788e-01,4.285714285714285476e-01,1.000000000000000000e+00,3.791166734183338605e+00,4.166666666666666435e-02,3.333333333333333148e-01,4.195362471326556708e+00
4.918000014662553440e+04,9.944697575599670269e-01,7.054376409874585363e-02,9.079078131453536260e-01,1.478090152701954763e+00,3.132967966900694901e-01,6.079640475546166378e-01,6.190476190476190688e-01,1.000000000000000000e+00,3.625936605889002351e+00,1.250000000000000000e-01,3.333333333333333148e-01,3.625936605889002351e+00
4.919000014665534400e+04,1.200384682075414711e+00,6.690883097608055219e-02,7.685406532645819855e-01,1.666632115797440639e+00,2.869860779380028482e-01,5.939271225167185309e-01,4.761904761904761640e-01,1.000000000000000000e+00,3.788122120795432313e+00,1.250000000000000000e-01,3.333333333333333148e-01,3.731963876002651670e+00
4.920000014668516087e+04,1.142759085570973943e+00,1.146118387325866794e-01,1.284295537785172137e+00,1.793167654310619419e+00,4.185269471643703332e-01,2.633894558347135706e-01,5.238095238095238360e-01,6.666666666666666297e-01,3.449528220289196145e+00,1.250000000000000000e-01,3.333333333333333148e-01,3.449528220289196145e+00
4.921000014671497775e+04,1.468512173847797975e+00,7.186353289837625613e-02,7.198178895488580586e-01,7.569573510076751388e-01,3.046072892988477276e-01,5.994368398585130375e-01,4.761904761904761640e-01,6.666666666666666297e-01,3.526745046263172867e+00,1.250000000000000000e-01,3.333333333333333148e-01,3.360077438906441838e+00
4.922000014674478734e+04,1.300480689484702967e+00,6.740176458408106419e-02,7.128340908335053516e-01,1.262021116837759083e+00,2.312238419889187657e-01,3.468650853953751390e-01,4.761904761904761640e-01,8.333333333333333703e-01,3.586066329249214757e+00,8.333333333333332871e-02,3.333333333333333148e-01,3.586066329249214757e+00
4.923000014677460422e+04,1.326409835317447383e+00,9.209917278281752606e-02,5.575205615933478409e-01,8.581512157705194488e-01,3.803751785585976486e-01,3.381436564987627680e-01,5.714285714285713969e-01,8.333333333333333703e-01,3.670081124488582702e+00,1.250000000000000000e-01,3.333333333333333148e-01,3.903473795787944844e+00
4.924000014680441382e+04,1.218091466908392428e+00,4.689663788080560697e-02,8.627959740156230239e-01,1.390009589848434812e+00,4.274004830083306672e-01,3.248567783778238405e-01,4.285714285714285476e-01,8.333333333333333703e-01,3.290622415661835110e+00,8.333333333333332871e-02,3.333333333333333148e-01,3.290622415661835110e+00
4.925000014683423069e+04,9.159750343878231282e-01,4.783543006720350488e-02,1.257093409967362740e+00,1.081987080678773472e+00,2.904458213182298798e-01,5.844813147726827252e-01,6.666666666666666297e-01,8.333333333333333703e-01,3.550666884510843779e+00,1.250000000000000000e-01,3.333333333333333148e-01,3.550666884510843779e+00
4.926000014686404757e+04,1.354915678241813692e+00,4.249227040966868651e-02,9.009587682813892107e-01,1.153677666902052090e+00,1.594429248466977811e-01,1.932968217691278801e-01,5.238095238095238360e-01,5.000000000000000000e-01,3.357418145244742469e+00,1.250000000000000000e-01,3.333333333333333148e-01,3.357418145244742469e+00
4.927000014689385716e+04,1.299603251918465263e+00,5.496649647953480433e-02,9.377151398716625508e-01,1.121875267158994660e+00,2.962338456685353894e-01,3.482144646868273741e-01,6.666666666666666297e-01,8.333333333333333703e-01,3.508647388977145898e+00,1.666666666666666574e-01,3.333333333333333148e-01,3.421977837740412198e+00
4.928000014692367404e+04,7.195008232768286272e-01,4.625019360443084065e-02,1.019074318384563194e+00,1.174444795292926003e+00,4.167113052549791807e-01,7.578543971618678654e-01,7.142857142857143016e-01,1.000000000000000000e+00,3.629915285273789927e+00,1.250000000000000000e-01,3.333333333333333148e-01,3.701736971140245025e+00
4.929000014695348364e+04,9.683820893257814033e-01,4.167295381997093706e-02,7.659096628126232931e-01,1.204768438651397044e+00,3.674830579994961544e-01,6.894094749745830475e-01,5.714285714285713969e-01,8.333333333333333703e-01,3.696791747687344643e+00,1.250000000000000000e-01,3.333333333333333148e-01,3.532618954069882466e+00
4.930000014698330051e+04,1.293521985713656619e+00,4.653600044182306522e-02,8.679483885213871153e-01,1.621473668323885953e+00,5.131068485686680614e-01,6.325815658545690390e-01,4.761904761904761640e-01,1.000000000000000000e+00,3.521164792325180759e+00,1.250000000000000000e-01,3.333333333333333148e-01,3.485226189070286473e+00
4.931000014701311738e+04,7.203583243880192777e-01,5.397635235773382001e-02,5.772656365311734650e-01,1.219336151889633735e+00,5.975939026457069980e-01,9.392456538345377304e-01,6.190476190476190688e-01,1.000000000000000000e+00,3.655910440480796719e+00,1.666666666666666574e-01,3.333333333333333148e-01,3.499750729278872985e+00
4.932000014704292698e+04,7.890298233553599827e-01,7.046362644884156257e-02,1.320740986690993823e+00,1.793190956320662277e+00,2.058230690328721191e-01,4.875632091101135268e-01,5.714285714285713969e-01,8.333333333333333703e-01,3.734613685451974252e+00,1.250000000000000000e-01,3.333333333333333148e-01,3.535997473193813523e+00
4.933000014707274386e+04,1.117852261792711133e+00,9.205115833478801080e-02,4.910761449825567504e-01,8.807530118967097366e-01,2.655660617743879626e-01,4.585365511578155528e-01,3.333333333333333148e-01,8.333333333333333703e-01,3.258696920482710979e+00,1.250000000000000000e-01,3.333333333333333148e-01,3.258696920482710979e+00
4.934000014710256073e+04,6.181975164940226586e-01,5.407230449766312758e-02,8.487588246523450897e-01,9.880321334899389019e-01,4.952071176240467887e-01,7.030959416071919099e-01,6.190476190476190688e-01,1.000000000000000000e+00,3.546678094344096976e+00,8.333333333333332871e-02,3.333333333333333148e-01,4.167149815980959460e+00
4.935000014713237033e+04,1.081873646561470892e+00,7.384272196721768100e-02,5.510714546622460519e-01,1.024455365264377527e+00,4.488907592516227507e-01,4.370292420028407121e-01,7.619047619047618625e-01,1.000000000000000000e+00,3.528903847396682281e+00,1.250000000000000000e-01,3.333333333333333148e-01,3.528903847396682281e+00
4.936000014716218720e+04,1.025829436450454990e+00,5.201509329786242058e-02,1.650705090166976197e+00,1.958299698659842436e+00,7.128933155276854228e-01,9.914118497500962190e-01,3.809523809523809312e-01,1.000000000000000000e+00,3.635855775156262126e+00,8.333333333333332871e-02,3.333333333333333148e-01,3.635855775156262126e+00
4.937000014719199680e+04,1.415553110876327958e+00,3.957765708127107540e-02,2.604011094660084957e+00,3.561065951689451836e+00,4.018445251115823069e-01,4.794295672839707367e-01,6.190476190476190688e-01,8.333333333333333703e-01,3.766065380379841177e+00,8.333333333333332871e-02,3.333333333333333148e-01,3.782560082653067202e+00
4.938000014722181368e+04,1.135927369741965176e+00,3.806389937321974504e-02,7.744878495632346871e-01,1.285348352570091723e+00,4.025335179235179917e-01,4.116474972537003674e-01,5.238095238095238360e-01,8.333333333333333703e-01,3.707987396661246660e+00,8.333333333333332871e-02,3.333333333333333148e-01,3.707987396661246660e+00
4.939000014725163055e+04,5.986036250239046286e-01,4.674258595652767273e-02,9.747677982538057728e-01,1.526277481225406740e+00,3.796790365104203424e-01,6.825250450681380476e-01,3.333333333333333148e-01,6.666666666666666297e-01,3.626644491034980433e+00,8.333333333333332871e-02,3.333333333333333148e-01,3.626644491034980433e+00
4.940000014728144015e+04,3.329976106606578612e-01,7.974387121801672362e-02,7.195191467441107713e-01,1.297592216458348657e+00,5.301533749699710585e-01,8.582309654149857803e-01,6.666666666666666297e-01,6.666666666666666297e-01,3.290369562544394721e+00,1.250000000000000000e-01,3.333333333333333148e-01,3.426447962825168947e+00
4.941000014731125702e+04,1.059484225635687338e+00,6.707881511093825855e-02,1.012505930997590786e+00,1.742741264088847108e+00,6.741920473261987512e-01,7.284880508012101519e-01,7.142857142857143016e-01,8.333333333333333703e-01,3.647341533399216740e+00,1.250000000000000000e-01,3.333333333333333148e-01,3.675916493207218139e+00
4.942000014734106662e+04,9.946957587200953022e-01,7.802389729979393451e-02,1.454539525269602285e+00,1.116392529584543158e+00,3.127737120028806217e-01,6.306804858804609948e-01,5.238095238095238360e-01,8.333333333333333703e-01,3.668741143337603372e+00,1.250000000000000000e-01,3.333333333333333148e-01,3.555672612027630297e+00
4.943000014737088350e+04,1.220688363488172890e+00,5.403960245846076149e-02,7.233092995869379038e-01,1.325332061046149645e+00,4.459464227946872694e-01,5.610641678070407146e-01,5.714285714285713969e-01,6.666666666666666297e-01,3.406851506464171564e+00,1.250000000000000000e-01,3.333333333333333148e-01,3.406851506464171564e+00
4.944000014740070037e+04,8.078042992264247157e-01,6.111211490277071445e-02,3.342103738080886011e-01,1.343055854781824543e+00,2.490629302139524548e-01,3.159484953867677248e-01,6.666666666666666297e-01,8.333333333333333703e-01,3.473936691127589516e+00,1.250000000000000000e-01,3.333333333333333148e-01,3.473936691127589516e+00
4.945000014743050997e+04,1.172035533438669841e+00,5.201773954670817213e-02,8.485053204571909591e-01,1.209557913422772746e+00,4.253462281780903687e-01,4.932846154390743143e-01,6.666666666666666297e-01,8.333333333333333703e-01,3.499572489734539271e+00,1.250000000000000000e-01,3.333333333333333148e-01,3.598886236513549441e+00
4.946000014746032684e+04,1.376599717650580645e+00,5.319356339994968375e-02,1.155364382271341972e+00,2.195356071219871197e+00,3.421632123394947600e-01,3.660710688205945917e-01,6.666666666666666297e-01,8.333333333333333703e-01,3.508282150970180258e+00,1.250000000000000000e-01,3.333333333333333148e-01,3.492481034410920060e+00
4.947000014749013644e+04,8.311859214224258663e-01,3.916978195272079188e-02,6.688861343413882166e-01,1.375147714335941629e+00,4.026746293208179339e-01,5.178895768036865244e-01,4.285714285714285476e-01,6.666666666666666297e-01,3.301665094402516765e+00,8.333333333333332871e-02,3.333333333333333148e-01,3.301665094402516765e+00
4.948000014751995332e+04,1.291901437508456763e+00,6.946830314198383649e-02,1.811700374821667126e+00,2.543446540934202194e+00,2.156802311861951149e-01,1.870157371074898378e-01,5.238095238095238360e-01,5.000000000000000000e-01,3.520961908917098260e+00,1.250000000000000000e-01,3.333333333333333148e-01,3.520961908917098260e+00
4.949000014754977019e+04,1.639306275706040816e+00,7.048891550934538452e-02,1.554320448555486900e+00,2.012651440761125343e+00,2.576693604012669225e-01,3.065902896397740829e-01,4.761904761904761640e-01,6.666666666666666297e-01,3.301999630933525331e+00,8.333333333333332871e-02,3.333333333333333148e-01,3.301999630933525331e+00
4.950000014757957979e+04,1.105228504971266457e+00,6.877147874324139598e-02,1.206486499669659374e+00,1.302415025000829729e+00,2.645044244034391312e-01,4.501558563759527343e-01,6.190476190476190688e-01,6.666666666666666297e-01,3.519711650735263042e+00,1.250000000000000000e-01,3.333333333333333148e-01,3.519711650735263042e+00
4.951000014760939666e+04,7.162015140018701542e-01,5.405991226909497016e-02,8.580526488868053248e-01,1.468391469785742087e+00,2.859518537675790895e-01,5.942320110881541551e-01,2.857142857142856984e-01,6.666666666666666297e-01,3.490609342871456633e+00,8.333333333333332871e-02,3.333333333333333148e-01,3.490609342871456633e+00
4.952000014763921354e+04,5.744287134556519403e-01,4.238513688162760112e-02,1.691030373665399322e+00,1.343988839218005493e+00,2.195985916465918730e-01,1.506310767282396101e-01,4.761904761904761640e-01,8.333333333333333703e-01,3.647626033071445395e+00,8.333333333333332871e-02,3.333333333333333148e-01,3.860823427946796116e+00
4.953000014766902314e+04,1.068248254309636103e+00,5.144224706170733019e-02,1.201286626913526723e+00,1.577406802036835032e+00,5.252158530114477974e-01,6.721995143874789358e-01,7.142857142857143016e-01,8.333333333333333703e-01,3.311068611479093260e+00,8.333333333333332871e-02,3.333333333333333148e-01,3.749206379165155756e+00
4.954000014769884001e+04,7.794233688110571157e-01,6.109896072744917112e-02,1.299538778759377733e+00,2.255508581502756016e+00,1.350102292347682698e-01,4.462266029401571465e-01,6.190476190476190688e-01,1.000000000000000000e+00,3.636449123576234843e+00,8.333333333333332871e-02,3.333333333333333148e-01,4.081707403568057835e+00
4.955000014772864961e+04,8.188338659592392377e-01,6.485774175276817766e-02,7.831949865712409808e-01,1.308615075543461348e+00,4.441071172754331720e-01,4.974864926911762852e-01,5.238095238095238360e-01,1.000000000000000000e+00,3.594844142861631564e+00,8.333333333333332871e-02,3.333333333333333148e-01,3.594844142861631564e+00
4.956000014775846648e+04,1.287340911285395517e+00,5.980776726516151554e-02,1.030646855234540471e+00,2.020960652353661846e+00,2.634112859756067015e-01,2.026177884485654557e-01,6.190476190476190688e-01,8.333333333333333703e-01,3.563891876310447682e+00,1.250000000000000000e-01,3.333333333333333148e-01,3.553495544774407211e+00
4.957000014778828336e+04,1.197120074384240507e+00,4.501598424889410865e-02,8.119267202352198343e-01,1.238884350963327607e+00,1.142366731821565368e-01,3.254412659834688970e-01,6.190476190476190688e-01,8.333333333333333703e-01,3.425449953426891181e+00,1.250000000000000000e-01,3.333333333333333148e-01,3.444164251828938372e+00
4.958000014781809296e+04,1.220321809713809103e+00,7.055024657927688736e-02,1.393643834849705554e+00,1.564395775132298327e+00,2.024560335555202761e-01,1.469745117324695316e-01,5.238095238095238360e-01,6.666666666666666297e-01,3.324248883246962993e+00,1.666666666666666574e-01,3.333333333333333148e-01,3.324248883246962993e+00
4.959000014784790983e+04,5.126754008399698748e-01,5.472284971937900477e-02,1.793547848832739877e+00,2.135539931323890528e+00,4.728602112684778813e-01,7.657843336192552419e-01,4.761904761904761640e-01,1.000000000000000000e+00,3.417095066885083909e+00,8.333333333333332871e-02,3.333333333333333148e-01,3.880511645442682234e+00
4.960000014787771943e+04,1.102774627075651770e+00,2.867834315603443734e-02,1.681107121776574065e+00,2.170459315245182097e+00,1.635584065632220974e-01,3.917315320294056935e-01,6.666666666666666297e-01,6.666666666666666297e-01,3.550165763457936663e+00,8.333333333333332871e-02,3.333333333333333148e-01,3.833249680937536041e+00
4.961000014790753630e+04,1.393863607757957368e+00,6.620608337036955338e-02,1.682424239448615966e+00,2.228784292076521734e+00,6.230567646071661914e-01,6.224861911793153624e-01,5.714285714285713969e-01,8.333333333333333703e-01,3.467634699466960679e+00,1.250000000000000000e-01,3.333333333333333148e-01,3.467634699466960679e+00
4.962000014793735318e+04,8.650880114712236058e-01,5.810723987213325947e-02,1.845034519792353667e+00,2.000531714128477745e+00,4.979299993145872016e-01,5.867675748508719424e-01,7.619047619047618625e-01,1.000000000000000000e+00,3.313766822873247531e+00,0.000000000000000000e+00,1.666666666666666574e-01,3.313766822873247531e+00
4.963000014796716277e+04,1.003865069804321442e+00,8.292163908642821712e-02,1.874782975557702569e+00,2.677060842042261246e+00,3.228093903186210478e-01,5.908740147891189398e-01,4.285714285714285476e-01,6.666666666666666297e-01,3.591705135943173754e+00,1.250000000000000000e-01,3.333333333333333148e-01,3.531268422315396727e+00
4.964000014799697965e+04,1.288170498171008704e+00,4.169942172779116107e-02,7.594383661630190741e-01,1.486858858634164671e+00,5.918776015717265304e-01,6.586677798816229501e-01,4.285714285714285476e-01,5.000000000000000000e-01,3.469190437285757600e+00,4.166666666666666435e-02,1.666666666666666574e-01,4.278442803951329587e+00
4.965000014802679652e+04,1.063526839292488368e+00,6.452200894531147368e-02,2.111606912588988472e+00,2.923676344430414353e+00,2.977444205231059016e-01,5.188237091311639348e-01,4.761904761904761640e-01,8.333333333333333703e-01,3.702923693651386738e+00,8.333333333333332871e-02,3.333333333333333148e-01,3.702923693651386738e+00
4.966000014805660612e+04,6.744041886615537162e-01,7.096071066695319729e-02,1.431798185149332436e+00,2.179681418096842460e+00,3.687999638923336598e-01,6.037817593462069254e-01,7.142857142857143016e-01,1.000000000000000000e+00,3.315505655531861606e+00,1.666666666666666574e-01,3.333333333333333148e-01,3.345187982413400540e+00
4.967000014808642300e+04,6.917211211507462432e-01,4.790977286605190011e-02,1.023482275407785247e+00,1.908538248357125156e+00,3.092061567629013075e-01,4.933997274824549750e-01,4.285714285714285476e-01,1.000000000000000000e+00,3.753980010352481855e+00,8.333333333333332871e-02,3.333333333333333148e-01,3.682060891846894890e+00
4.968000014811623259e+04,5.215353849003767639e-01,5.302831379416919622e-02,6.005249882245424775e-01,1.378447156962146591e+00,1.919883903806710868e-01,4.078757854918877435e-01,6.666666666666666297e-01,1.000000000000000000e+00,3.625304669302127358e+00,1.250000000000000000e-01,3.333333333333333148e-01,3.625304669302127358e+00
4.969000014814604947e+04,6.388168329240676568e-01,5.178940776195239959e-02,2.209657492585639815e+00,1.698842235794874922e+00,1.616115966626112121e-01,4.820506441666738140e-01,7.619047619047618625e-01,8.333333333333333703e-01,3.447417684328407450e+00,1.250000000000000000e-01,3.333333333333333148e-01,3.793376904425707963e+00
4.970000014817586634e+04,1.105957473700911242e+00,4.880285489169451651e-02,3.302266798952851801e+00,2.546983582195441631e+00,5.006401549319816624e-01,5.974118849593244018e-01,6.190476190476190688e-01,8.333333333333333703e-01,3.725785420634946554e+00,1.250000000000000000e-01,3.333333333333333148e-01,3.531800547544650559e+00
4.971000014820567594e+04,1.288808394125583678e+00,5.668175167725832131e-02,1.695332625467250498e+00,2.183536893674386636e+00,5.060729849516670820e-01,3.891036297472977856e-01,5.238095238095238360e-01,6.666666666666666297e-01,3.572105672602486681e+00,1.250000000000000000e-01,3.333333333333333148e-01,3.572105672602486681e+00
4.972000014823549282e+04,1.399588752586246487e+00,7.422649563481970025e-02,2.266883761004677922e+00,2.706467741381985981e+00,3.428511458651882227e-01,2.748060156041517987e-01,6.190476190476190688e-01,1.000000000000000000e+00,3.766268880760740068e+00,1.250000000000000000e-01,3.333333333333333148e-01,3.672989128972848238e+00
4.973000014826530241e+04,8.906377137513487030e-01,5.447816739302849265e-02,1.532252902936248828e+00,2.589768762222631082e+00,1.568884052696014886e-01,4.647380169296356778e-01,5.238095238095238360e-01,1.000000000000000000e+00,3.820515343093204397e+00,8.333333333333332871e-02,3.333333333333333148e-01,3.897567802808598714e+00
4.974000014829511929e+04,1.000470193165216903e+00,5.334339479356209335e-02,9.527585363721580158e-01,1.323721458247518967e+00,3.406713501053542092e-01,5.873628957520388161e-01,7.142857142857143016e-01,8.333333333333333703e-01,3.391841996775232015e+00,8.333333333333332871e-02,3.333333333333333148e-01,3.490704876158684300e+00
4.975000014832493616e+04,1.564856331700140712e+00,7.240850186345147710e-02,1.882227266282818556e+00,2.377807320679893532e+00,3.133681610401499174e-01,3.626465877874894828e-01,4.285714285714285476e-01,6.666666666666666297e-01,3.505644781302131641e+00,1.666666666666666574e-01,3.333333333333333148e-01,3.629395747946385864e+00
4.976000014835474576e+04,1.293335009479930076e+00,2.493417744616711895e-02,1.189109427444396516e+00,2.110420648367922425e+00,2.826338537658513173e-01,1.666532595506837189e-01,4.761904761904761640e-01,6.666666666666666297e-01,3.464391946733918815e+00,1.250000000000000000e-01,3.333333333333333148e-01,3.464391946733918815e+00
4.977000014838456264e+04,1.236917615398255288e+00,7.600550802121772143e-02,1.356604646431210703e+00,1.687358241486804022e+00,2.600049285366208829e-01,2.638627617004747905e-01,3.809523809523809312e-01,8.333333333333333703e-01,3.645354509166709001e+00,1.666666666666666574e-01,3.333333333333333148e-01,3.592249018344952471e+00
4.978000014841437223e+04,1.330505610494476798e+00,5.673610240391600140e-02,7.177727142459270349e-01,1.394298706382517405e+00,7.543540086811778567e-01,5.719578396543707477e-01,5.238095238095238360e-01,8.333333333333333703e-01,3.145687093846955218e+00,1.250000000000000000e-01,3.333333333333333148e-01,3.145687093846955218e+00
4.979000014844418911e+04,1.047195371481995929e+00,8.488870004664141045e-02,2.121409103743017610e+00,2.186219481419048538e+00,5.047888201315249290e-01,6.564945093668926868e-01,4.285714285714285476e-01,8.333333333333333703e-01,3.329925964990040566e+00,1.666666666666666574e-01,3.333333333333333148e-01,3.329925964990040566e+00
4.980000014847400598e+04,1.093894899134435494e+00,8.497199495420501569e-02,8.796192940757467937e-01,1.172383400220037508e+00,2.756572896451533472e-01,4.239741695459204318e-01,4.761904761904761640e-01,6.666666666666666297e-01,3.680699780450707337e+00,1.250000000000000000e-01,3.333333333333333148e-01,3.850390888722363680e+00
4.981000014850381558e+04,9.246639746873852594e-01,7.312898242608972810e-02,1.680637682614442907e+00,1.442340694678956536e+00,2.628076301112091673e-01,1.814042769408322764e-01,5.238095238095238360e-01,8.333333333333333703e-01,3.519353718076283943e+00,1.250000000000000000e-01,3.333333333333333148e-01,3.519353718076283943e+00
4.982000014853363245e+04,1.001798440670314427e+00,5.301053994853700824e-02,9.848856010328425059e-01,1.599929286715607191e+00,2.176945360823750175e-01,5.056633669671255493e-01,6.190476190476190688e-01,6.666666666666666297e-01,3.441094046028288833e+00,8.333333333333332871e-02,3.333333333333333148e-01,3.526902136532160004e+00
4.983000014856344933e+04,1.059322457032205733e+00,3.379756771945575250e-02,1.781140172234659147e+00,1.602056656946049040e+00,3.986262797492109433e-01,5.124784656476726319e-01,6.190476190476190688e-01,8.333333333333333703e-01,3.449539292259943046e+00,1.250000000000000000e-01,3.333333333333333148e-01,3.449539292259943046e+00
4.984000014859325893e+04,1.230512185044571494e+00,8.568143839920072669e-02,1.601216320514436076e+00,1.329755019676146288e+00,3.374766842444719694e-01,6.552006135573869017e-01,6.666666666666666297e-01,8.333333333333333703e-01,3.506104422370251772e+00,1.250000000000000000e-01,3.333333333333333148e-01,3.506104422370251772e+00
4.985000014862307580e+04,1.323772223163389272e+00,5.942507800880938995e-02,1.661258239946671322e+00,1.391771602453844014e+00,2.467104107145946246e-01,3.172907758243906362e-01,5.238095238095238360e-01,6.666666666666666297e-01,3.374234173944508086e+00,1.250000000000000000e-01,3.333333333333333148e-01,3.633749640123848934e+00
4.986000014865288540e+04,9.569169445125423890e-01,4.636972279866622554e-02,1.429822333641768362e+00,1.606558767104227625e+00,4.755940286615688017e-01,6.087413451893347593e-01,4.285714285714285476e-01,8.333333333333333703e-01,3.472268915401753198e+00,1.666666666666666574e-01,3.333333333333333148e-01,3.472268915401753198e+00
4.987000014868270227e+04,1.251298616430098987e+00,3.350409114821131101e-02,1.640450326740896747e+00,1.848563656813353662e+00,4.208002234607889358e-01,1.844184372764030577e-01,6.666666666666666297e-01,6.666666666666666297e-01,3.499331179552846116e+00,1.250000000000000000e-01,3.333333333333333148e-01,3.705651026676773263e+00
4.988000014871251915e+04,9.858914198198474033e-01,4.416768584484283278e-02,9.780444548771445312e-01,1.428134683446925290e+00,2.302507669954843017e-01,5.134033780606428454e-01,7.142857142857143016e-01,8.333333333333333703e-01,3.496061796366323193e+00,1.250000000000000000e-01,3.333333333333333148e-01,3.496061796366323193e+00
4.989000014874232875e+04,1.179873493509439930e+00,4.050289052847878823e-02,1.615550944796722677e+00,1.770345007842256457e+00,5.303902436955129085e-01,7.344613517955266291e-01,5.238095238095238360e-01,6.666666666666666297e-01,3.834610726003365055e+00,1.250000000000000000e-01,3.333333333333333148e-01,3.895908115980740050e+00
4.990000014877214562e+04,9.999420667759353343e-01,5.974264164932967247e-02,2.207230929423697141e+00,2.254541758143580488e+00,2.385957138007639700e-01,4.939785056418649067e-01,5.714285714285713969e-01,8.333333333333333703e-01,3.361087999528740156e+00,0.000000000000000000e+00,1.666666666666666574e-01,3.361087999528740156e+00
4.991000014880195522e+04,1.200171085774326629e+00,5.519312414904313513e-02,1.766174306462489518e+00,1.453529519376352441e+00,3.757761353115686154e-01,3.239806769890697935e-01,4.761904761904761640e-01,6.666666666666666297e-01,3.663476295393564008e+00,4.166666666666666435e-02,3.333333333333333148e-01,3.782518468056671246e+00
4.992000014883177209e+04,1.297561841239242453e+00,6.977968978282736434e-02,2.705593091221296653e+00,1.787274604277901080e+00,5.584603321230079409e-01,5.397048620538719144e-01,7.142857142857143016e-01,1.000000000000000000e+00,3.487193415673891739e+00,1.666666666666666574e-01,3.333333333333333148e-01,3.767714255502367049e+00
4.993000014886158897e+04,7.890854392947946883e-01,2.516633421707494683e-02,1.400626408035342996e+00,1.347991827941990906e+00,4.311198014634162745e-01,6.909675027911797995e-01,4.761904761904761640e-01,6.666666666666666297e-01,3.417072191440826412e+00,8.333333333333332871e-02,3.333333333333333148e-01,3.417072191440826412e+00
4.994000014889139857e+04,1.213827856851807274e+00,6.486428106377169212e-02,2.384012857520032558e+00,1.782410458196454606e+00,5.833461118494507325e-01,7.161481292606450832e-01,6.666666666666666297e-01,8.333333333333333703e-01,3.339896534450036647e+00,1.666666666666666574e-01,3.333333333333333148e-01,3.339896534450036647e+00
4.995000014892121544e+04,1.206485076903465847e+00,5.862162693464251922e-02,1.303049083171144762e+00,1.424818508341146872e+00,7.496468505791145098e-01,6.923724170473375406e-01,5.238095238095238360e-01,6.666666666666666297e-01,3.431150142681070658e+00,1.250000000000000000e-01,3.333333333333333148e-01,3.431150142681070658e+00
4.996000014895103232e+04,1.114441243598974118e+00,5.870662860338521361e-02,1.233471704565086480e+00,1.572146358000497290e+00,5.512137032666425407e-01,2.656777756396674905e-01,5.714285714285713969e-01,6.666666666666666297e-01,3.651106653960857429e+00,1.250000000000000000e-01,3.333333333333333148e-01,3.846612372934318014e+00
4.997000014898084191e+04,1.743790896866028506e+00,6.948215107717667371e-02,1.388794494502179511e+00,2.764449318120809185e+00,4.885033069834913699e-01,3.024173442391590028e-01,5.238095238095238360e-01,6.666666666666666297e-01,3.482446920492753506e+00,1.250000000000000000e-01,3.333333333333333148e-01,3.482446920492753506e+00
4.998000014901065879e+04,1.754527949515314988e+00,5.341183219938037963e-02,2.664739704330259862e+00,2.270764265787556635e+00,7.301099231563470404e-01,4.747244669514424920e-01,5.714285714285713969e-01,6.666666666666666297e-01,3.453815248290554418e+00,1.666666666666666574e-01,3.333333333333333148e-01,3.680040395574436740e+00
4.999000014904046839e+04,1.164444532607058491e+00,5.501442705524919180e-02,1.685824177976141591e+00,1.782509556578240506e+00,3.232925104863021426e-01,2.576362928712586098e-01,5.714285714285713969e-01,8.333333333333333703e-01,3.652822666112969241e+00,1.666666666666666574e-01,3.333333333333333148e-01,3.600006284898302322e+00
5.000000014907028526e+04,1.397033788776358421e+00,6.360393905740410747e-02,1.077992751428313190e+00,1.290052636764500660e+00,5.239443166140727026e-01,3.306637692729795797e-01,6.666666666666666297e-01,8.333333333333333703e-01,3.552295445904655846e+00,1.250000000000000000e-01,3.333333333333333148e-01,3.456195358999325506e+00
5.001000014910010213e+04,1.149385025148756290e+00,4.789332779770946735e-02,1.369391591420212384e+00,2.513958349878127052e+00,5.490629047862998213e-01,2.160948570865690865e-01,6.666666666666666297e-01,6.666666666666666297e-01,3.914359123770770665e+00,1.666666666666666574e-01,3.333333333333333148e-01,3.395191215005886498e+00
5.002000014912991173e+04,6.604765316075223991e-01,4.519734161916175164e-02,1.879355693114924231e+00,2.265770693962485538e+00,4.046467234601649476e-01,3.107180968083305128e-01,6.190476190476190688e-01,8.333333333333333703e-01,3.632070468697302434e+00,8.333333333333332871e-02,3.333333333333333148e-01,3.725569678812656882e+00
5.003000014915972861e+04,1.762376657016752279e+00,5.537872106869123900e-02,2.678755421127319014e+00,2.455380516491794562e+00,4.698133861743682416e-01,2.105128216556677034e-01,2.857142857142856984e-01,6.666666666666666297e-01,3.105477560669060555e+00,2.083333333333333426e-01,3.333333333333333148e-01,3.105477560669060555e+00
5.004000014918953821e+04,1.127867074171950534e+00,5.451574965147180235e-02,1.159978216285465935e+00,1.543427067516773166e+00,3.315383809036047125e-01,3.593481172209928576e-01,5.714285714285713969e-01,8.333333333333333703e-01,3.448468178796105121e+00,1.250000000000000000e-01,3.333333333333333148e-01,3.448468178796105121e+00
5.005000014921935508e+04,1.255777759379867353e+00,5.396002000617904082e-02,1.306656356177781086e+00,1.642635034125705662e+00,4.657073797208706734e-01,5.925386887000807512e-01,6.190476190476190688e-01,8.333333333333333703e-01,3.472723511861430357e+00,1.250000000000000000e-01,3.333333333333333148e-01,3.472723511861430357e+00
5.006000014924917195e+04,1.361529083501044290e+00,5.498520550823897401e-02,1.677083975175971409e+00,1.281474094074554149e+00,4.119913929283411380e-01,2.321767212532483415e-01,6.666666666666666297e-01,6.666666666666666297e-01,3.362835777399004300e+00,1.666666666666666574e-01,3.333333333333333148e-01,3.500579491977277247e+00
5.007000014927898155e+04,2.064222251643148542e+00,6.878404039916810597e-02,1.678851611299137847e+00,1.552523540497763088e+00,6.207938201096079300e-01,3.247652183009783200e-01,4.761904761904761640e-01,5.000000000000000000e-01,3.397415043211292840e+00,1.666666666666666574e-01,3.333333333333333148e-01,3.397415043211292840e+00
5.008000014930879843e+04,1.336970140672758101e+00,4.977737247860707787e-02,1.659959561554652074e+00,1.769609312287311997e+00,5.176613766309597908e-01,6.061686899014355756e-01,4.761904761904761640e-01,6.666666666666666297e-01,3.607960235965361750e+00,1.250000000000000000e-01,3.333333333333333148e-01,3.607960235965361750e+00
5.009000014933860803e+04,1.500568209074854220e+00,6.300074129289257030e-02,2.008160972498003183e+00,1.676376084713394610e+00,6.346524965930206985e-01,2.971164384673052328e-01,5.714285714285713969e-01,1.000000000000000000e+00,3.586677134401145661e+00,1.250000000000000000e-01,3.333333333333333148e-01,3.707491054215907855e+00
5.010000014936842490e+04,1.296821817506484509e+00,5.147591527762183927e-02,2.064234121429935342e+00,1.753195335699973878e+00,3.478636675970944170e-01,2.217998914644663810e-01,5.714285714285713969e-01,6.666666666666666297e-01,3.608602696877794003e+00,1.250000000000000000e-01,3.333333333333333148e-01,3.613839625922076859e+00
5.011000014939824177e+04,1.119229665865645540e+00,5.598861440037989495e-02,7.001553977497737558e-01,6.889897609360797759e-01,1.542957292126856117e-01,4.799363503095546157e-01,5.714285714285713969e-01,6.666666666666666297e-01,3.453821043096675147e+00,1.250000000000000000e-01,3.333333333333333148e-01,3.453821043096675147e+00
5.012000014942805137e+04,1.330691260654775165e+00,4.090933001314683154e-02,1.502025278926763407e+00,1.814362715130541703e+00,2.343037895691822137e-01,3.781157003050045207e-01,5.714285714285713969e-01,8.333333333333333703e-01,3.524445248158288191e+00,1.666666666666666574e-01,3.333333333333333148e-01,3.499256655275742034e+00
5.013000014945786825e+04,1.108698256065051124e+00,5.851941904926696164e-02,1.422588499854878563e+00,9.755976325849260444e-01,2.752292656657270298e-01,5.011049707048980117e-01,7.142857142857143016e-01,8.333333333333333703e-01,3.525511403971699487e+00,1.250000000000000000e-01,3.333333333333333148e-01,3.690091826769391403e+00
5.014000014948768512e+04,1.460259584403938993e+00,4.542346624114245585e-02,1.730527459523770517e+00,9.698797023238696635e-01,2.130225929000746365e-01,2.615572643435383204e-01,6.190476190476190688e-01,8.333333333333333703e-01,3.410994689188795448e+00,1.666666666666666574e-01,3.333333333333333148e-01,3.366792814440710657e+00
5.015000014951749472e+04,1.341706133429564574e+00,6.646523901616097074e-02,1.963438671969019556e+00,1.346034015089845770e+00,4.253894627618098889e-01,4.666415542539023575e-01,5.714285714285713969e-01,8.333333333333333703e-01,3.670270087435822060e+00,1.250000000000000000e-01,3.333333333333333148e-01,3.713746660403888900e+00
5.016000014954731159e+04,1.326540258853148968e+00,6.329557312481672027e-02,9.313627860780635537e-01,7.986980940305469234e-01,3.422233110407250090e-01,3.363785117476316699e-01,5.714285714285713969e-01,8.333333333333333703e-01,3.619902928455509095e+00,1.250000000000000000e-01,3.333333333333333148e-01,3.613562756984240121e+00
5.017000014957712119e+04,1.599715197792796584e+00,5.121088654113649385e-02,1.575009513655055926e+00,1.692899835269207731e+00,2.328002855531816628e-01,3.925013638912414060e-01,4.761904761904761640e-01,6.666666666666666297e-01,3.338408905442437735e+00,1.666666666666666574e-01,3.333333333333333148e-01,3.338408905442437735e+00
5.018000014960693807e+04,1.617479914136141561e+00,6.492590992715467635e-02,1.885269384084717448e+00,2.498968888129807997e+00,5.259050268139167095e-01,5.931291750411005204e-01,6.190476190476190688e-01,5.000000000000000000e-01,3.469533539678057998e+00,1.250000000000000000e-01,3.333333333333333148e-01,3.469533539678057998e+00
5.019000014963675494e+04,1.358290166104109797e+00,8.387318540744979900e-02,2.107275773328854740e+00,1.632666386177171969e+00,3.790893441604964442e-01,4.084403628968670263e-01,6.190476190476190688e-01,8.333333333333333703e-01,3.394028159391790922e+00,1.666666666666666574e-01,3.333333333333333148e-01,3.571083206634569684e+00
5.020000014966656454e+04,7.124941049755438849e-01,4.471354475698983283e-02,2.384129450601247591e+00,1.222321743558621332e+00,5.985636783832660734e-01,8.617460790673644455e-01,6.666666666666666297e-01,1.000000000000000000e+00,3.494134699554169554e+00,1.666666666666666574e-01,3.333333333333333148e-01,3.656058602567194615e+00
5.021000014969638141e+04,1.278745943000650476e+00,5.715457269552928765e-02,9.375505010532375616e-01,1.329950736868908079e+00,3.321855462242963575e-01,5.423813887087779451e-01,5.714285714285713969e-01,1.000000000000000000e+00,3.425179678162868502e+00,1.666666666666666574e-01,3.333333333333333148e-01,3.403616544713585323e+00
5.022000014972619101e+04,1.581957396721715092e+00,5.470815430912628202e-02,2.349491331069547773e+00,2.068463333851779939e+00,3.269657198312683755e-01,4.370425613879745930e-01,4.285714285714285476e-01,8.333333333333333703e-01,3.459571028631769796e+00,1.250000000000000000e-01,3.333333333333333148e-01,3.501925859185701650e+00
5.023000014975600789e+04,1.062196420108935335e+00,5.515811018152431966e-02,9.398267089509034777e-01,1.091671862253734471e+00,3.244965586835643068e-01,1.261706047764965533e-01,5.714285714285713969e-01,1.000000000000000000e+00,3.639195770345788894e+00,1.250000000000000000e-01,3.333333333333333148e-01,3.459250668680501128e+00
5.024000014978582476e+04,1.249454125330373699e+00,5.283127370906649106e-02,1.687203888810093533e+00,1.810629356486109121e+00,3.293088312103362170e-01,1.720019539458538527e-01,5.238095238095238360e-01,1.000000000000000000e+00,3.726624962077223824e+00,1.666666666666666574e-01,3.333333333333333148e-01,3.429772744145679564e+00
5.025000014981563436e+04,7.512403631171420404e-01,5.731695794758477625e-02,1.735832621600959857e+00,1.822938902706854991e+00,2.802410694685621428e-01,4.484527004081131918e-01,6.190476190476190688e-01,8.333333333333333703e-01,3.475032548701591395e+00,8.333333333333332871e-02,3.333333333333333148e-01,3.658121694836426574e+00
5.026000014984545123e+04,1.298302235594995135e+00,5.984079771003878584e-02,1.603744416814458562e+00,1.325772023212453243e+00,3.657937179623144686e-01,2.648069466752910328e-01,6.190476190476190688e-01,8.333333333333333703e-01,3.356286608448436848e+00,1.666666666666666574e-01,3.333333333333333148e-01,3.499594865518309117e+00
5.027000014987526811e+04,1.586855067770100325e+00,5.111328555823260733e-02,1.259017770029815075e+00,1.607992275341803001e+00,2.313408091422369250e-01,1.943630861276804678e-01,6.666666666666666297e-01,8.333333333333333703e-01,3.604477057511756843e+00,1.666666666666666574e-01,3.333333333333333148e-01,3.673850002619323263e+00
5.028000014990507771e+04,1.820672525883300752e+00,4.873240771658880754e-02,7.581176149089038363e-01,1.890698456164244812e+00,4.463606719743214435e-01,1.797394850921530396e-01,3.809523809523809312e-01,8.333333333333333703e-01,3.609796669542746805e+00,1.666666666666666574e-01,3.333333333333333148e-01,3.523064771784216731e+00
5.029000014993489458e+04,1.570526920167057527e+00,6.513291243305145695e-02,8.559584089062048928e-01,1.769398019396173583e+00,5.549696589486480258e-01,5.457823932485523777e-01,6.190476190476190688e-01,8.333333333333333703e-01,3.643660724273434681e+00,1.666666666666666574e-01,3.333333333333333148e-01,3.669123374889076139e+00
5.030000014996470418e+04,1.022751248421165604e+00,7.570214335738266465e-02,1.626502201803153635e+00,1.458315029081981518e+00,3.273928160848696978e-01,3.185212123527066397e-01,6.190476190476190688e-01,8.333333333333333703e-01,3.534824040153668356e+00,1.250000000000000000e-01,3.333333333333333148e-01,3.416294143150054197e+00
5.031000014999452105e+04,1.248068467789337888e+00,9.115606489494706977e-02,1.717064074937808327e+00,2.009104399621788772e+00,4.818687353448146138e-01,7.205674076673553863e-01,5.238095238095238360e-01,6.666666666666666297e-01,3.647427963355158287e+00,1.250000000000000000e-01,3.333333333333333148e-01,3.647427963355158287e+00
5.032000015002433793e+04,1.633752882542725438e+00,8.242043816500599362e-02,7.688142508248986262e-01,1.775910830527542839e+00,1.422692381412403451e-01,2.292125973417248053e-01,6.666666666666666297e-01,8.333333333333333703e-01,3.487614261240865599e+00,1.250000000000000000e-01,3.333333333333333148e-01,3.633773685455503610e+00
5.033000015005414753e+04,1.310349066633714310e+00,6.945561906462430213e-02,1.879089876133279269e+00,2.147957577345964264e+00,3.625072236495867628e-01,3.052721762750188472e-01,5.714285714285713969e-01,8.333333333333333703e-01,3.455428778721407745e+00,1.250000000000000000e-01,3.333333333333333148e-01,3.428248877902198455e+00
5.034000015008396440e+04,1.119209892590723232e+00,3.849735888616828694e-02,1.271330870425652293e+00,1.301829803394125129e+00,3.884744894775398194e-01,3.832113726996152492e-01,5.238095238095238360e-01,1.000000000000000000e+00,3.656658870673271888e+00,1.250000000000000000e-01,3.333333333333333148e-01,3.608942679648358354e+00
5.035000015011377400e+04,8.054626305323401292e-01,6.985092382777746689e-02,2.048299781651558238e+00,1.624659487091598464e+00,3.562727387524911027e-01,4.596095043227144683e-01,5.714285714285713969e-01,1.000000000000000000e+00,3.606567456627271628e+00,1.250000000000000000e-01,3.333333333333333148e-01,3.606567456627271628e+00
5.036000015014359087e+04,1.341924871711168255e+00,7.325434560381104132e-02,8.762110986642600574e-01,1.735082858133516703e+00,3.876122235058082621e-01,2.978080138394573195e-01,4.285714285714285476e-01,1.000000000000000000e+00,3.237440374464823911e+00,1.250000000000000000e-01,3.333333333333333148e-01,3.237440374464823911e+00
5.037000015017340775e+04,1.191596517015011791e+00,5.666304092923330621e-02,1.446266214451855436e+00,1.342720467481431923e+00,2.778948635082616470e-01,2.916489072833464147e-01,4.761904761904761640e-01,1.000000000000000000e+00,3.489673028032230118e+00,1.250000000000000000e-01,3.333333333333333148e-01,3.678706032868011455e+00
5.038000015020321734e+04,4.974726745548728735e-01,4.262990664929237200e-02,8.294342542625308123e-01,1.506351341789549769e+00,3.099567514242519972e-01,4.930973167704095217e-01,6.666666666666666297e-01,1.000000000000000000e+00,3.490685753379973555e+00,8.333333333333332871e-02,3.333333333333333148e-01,3.490685753379973555e+00
5.039000015023303422e+04,9.514563169330756409e-01,6.487430825362300313e-02,1.257959312803706320e+00,1.378922967236649422e+00,5.795693041401354106e-01,7.657779775744383288e-01,5.714285714285713969e-01,1.000000000000000000e+00,3.523942784760839331e+00,1.250000000000000000e-01,3.333333333333333148e-01,3.523942784760839331e+00
5.040000015026284382e+04,1.132107220261246994e+00,5.387516326569326275e-02,1.312188773527566577e+00,2.007024894852293961e+00,3.210758265758402730e-01,4.193890686553434777e-01,4.761904761904761640e-01,1.000000000000000000e+00,3.443325682475953275e+00,1.250000000000000000e-01,3.333333333333333148e-01,3.443325682475953275e+00
5.041000015029266069e+04,9.216110902453968912e-01,6.936345576080726882e-02,2.477908259681620873e+00,1.828526800482831227e+00,3.139914936888875130e-01,5.374925512891561841e-01,6.666666666666666297e-01,1.000000000000000000e+00,3.596501525729795201e+00,1.666666666666666574e-01,3.333333333333333148e-01,3.782407058472732952e+00
5.042000015032247757e+04,1.161596433280253304e+00,8.580366438253426986e-02,9.400580506965360295e-01,1.350160994087033384e+00,2.628481277649503678e-01,4.552644588244864066e-01,6.666666666666666297e-01,8.333333333333333703e-01,3.546930735517473288e+00,1.250000000000000000e-01,3.333333333333333148e-01,3.546930735517473288e+00
5.043000015035228716e+04,6.675644186407277969e-01,7.863828690704788293e-02,7.238762496948791814e-01,1.681092151388970724e+00,2.784401910833816940e-01,6.022567468010062708e-01,6.190476190476190688e-01,1.000000000000000000e+00,3.651336631548745881e+00,1.250000000000000000e-01,3.333333333333333148e-01,3.651336631548745881e+00
5.044000015038210404e+04,8.434197213657016468e-01,7.302844337608796477e-02,7.684853065241969983e-01,1.651047188268695454e+00,1.452162063859746555e-01,4.814293492780334915e-01,7.142857142857143016e-01,8.333333333333333703e-01,3.647775659260689807e+00,8.333333333333332871e-02,3.333333333333333148e-01,3.647775659260689807e+00
5.045000015041192091e+04,7.340995100526881423e-01,6.109794785253241933e-02,2.088459230823088486e+00,1.746573775746405710e+00,7.586242698406260310e-01,8.859260095727403694e-01,5.714285714285713969e-01,1.000000000000000000e+00,3.650245740592363397e+00,1.250000000000000000e-01,3.333333333333333148e-01,3.650245740592363397e+00
5.046000015044173051e+04,5.152174623310589174e-01,8.045208226113448324e-02,1.642133333625592329e+00,1.751813708239478462e+00,4.135921627556117808e-01,5.293212548375977322e-01,5.238095238095238360e-01,1.000000000000000000e+00,3.467812126066324385e+00,4.166666666666666435e-02,3.333333333333333148e-01,3.467812126066324385e+00
5.047000015047154739e+04,8.816685216060073937e-01,5.897452532506088085e-02,1.616508928410990142e+00,1.914602506046618302e+00,3.318976249208527851e-01,5.333948151744520860e-01,5.714285714285713969e-01,8.333333333333333703e-01,3.534888788061656406e+00,1.250000000000000000e-01,3.333333333333333148e-01,3.515800492012423284e+00
5.048000015050135698e+04,9.123158104286508419e-01,5.514165732225739802e-02,8.253091425152346838e-01,1.276044042427891156e+00,2.266289600906497281e-01,2.714957172222234316e-01,5.238095238095238360e-01,8.333333333333333703e-01,3.583527830290240246e+00,1.250000000000000000e-01,3.333333333333333148e-01,3.583527830290240246e+00
5.049000015053117386e+04,1.098654966169336555e+00,6.318686705017360905e-02,1.394524535027396706e+00,2.402465547619728081e+00,1.474639250584819650e-01,2.911185492010346931e-01,6.190476190476190688e-01,8.333333333333333703e-01,3.496201073410108773e+00,1.666666666666666574e-01,3.333333333333333148e-01,3.282793349922020099e+00
5.050000015056099073e+04,9.789838318049183252e-01,3.404789159817274424e-02,7.474326009200451537e-01,1.362082770055753844e+00,3.395069726631240181e-01,5.176658595998263612e-01,5.238095238095238360e-01,6.666666666666666297e-01,3.456453727434261491e+00,1.666666666666666574e-01,3.333333333333333148e-01,3.405845096423417040e+00
5.051000015059080033e+04,9.359528245718292672e-01,6.054829199345791724e-02,1.722724979615361196e+00,1.965229564046646615e+00,6.324963881334290106e-01,7.398480061660464013e-01,7.142857142857143016e-01,1.000000000000000000e+00,3.320356950011641661e+00,8.333333333333332871e-02,3.333333333333333148e-01,3.320356950011641661e+00
5.052000015062061721e+04,1.136962023283639045e+00,4.637786652719053798e-02,1.713013929522877232e+00,1.990270452898917020e+00,7.105153104868001668e-01,9.148693231733853182e-01,6.190476190476190688e-01,8.333333333333333703e-01,3.643264878839917120e+00,1.250000000000000000e-01,3.333333333333333148e-01,4.017710910233479815e+00
5.053000015065042680e+04,5.570648752054000452e-01,4.705689495980437675e-02,2.185251455141246080e+00,2.473627333152474961e+00,7.232142123857325799e-01,8.996011354440670571e-01,7.142857142857143016e-01,1.000000000000000000e+00,3.773162077200608699e+00,1.250000000000000000e-01,3.333333333333333148e-01,3.765097420171970022e+00
5.054000015068024368e+04,9.347754179511766903e-01,4.933115312147429848e-02,6.500298952629353089e-01,8.441605402186549423e-01,2.600681555089696673e-01,4.127054277920914060e-01,5.238095238095238360e-01,8.333333333333333703e-01,3.520366290581447011e+00,1.250000000000000000e-01,3.333333333333333148e-01,3.520366290581447011e+00
5.055000015071006055e+04,1.074797360080423481e+00,3.515950244420224663e-02,2.502460780417627539e+00,1.748969493736932890e+00,3.441288624726982492e-01,4.158636074669117000e-01,5.238095238095238360e-01,6.666666666666666297e-01,3.510708852441073446e+00,1.666666666666666574e-01,3.333333333333333148e-01,3.230601735518189077e+00
5.056000015073987015e+04,9.757622190951007468e-01,4.537920318079347731e-02,2.056794185756472437e+00,1.762142255003478430e+00,1.343042304018742528e-01,4.053768799751839014e-01,5.714285714285713969e-01,8.333333333333333703e-01,3.749267416452962465e+00,1.250000000000000000e-01,3.333333333333333148e-01,3.731000421254774491e+00
5.057000015076968702e+04,8.526819545785767618e-01,8.257827565083615540e-02,2.273744318631573336e+00,2.385717549329254616e+00,7.105093999065821286e-01,8.663217900254959192e-01,5.714285714285713969e-01,1.000000000000000000e+00,3.477971840973049567e+00,8.333333333333332871e-02,3.333333333333333148e-01,3.672939409088757934e+00
5.058000015079950390e+04,7.934484980143230448e-01,6.019033828461433505e-02,1.381234495412622554e+00,1.138175875794209091e+00,7.857119973391508971e-02,4.221299103554040366e-01,7.142857142857143016e-01,1.000000000000000000e+00,3.566954718437725713e+00,1.666666666666666574e-01,3.333333333333333148e-01,3.506713711190883931e+00
5.059000015082931350e+04,1.139826866995638399e+00,7.739094632394750983e-02,2.414193572977954449e+00,2.230848956848125564e+00,4.035460058192404387e-01,6.638257377885962152e-01,4.761904761904761640e-01,6.666666666666666297e-01,3.584873454252263336e+00,8.333333333333332871e-02,3.333333333333333148e-01,3.777135991992646158e+00
5.060000015085913037e+04,1.463083593589122211e+00,6.335386499958819972e-02,2.250473287718464555e+00,3.261779056132131149e+00,3.491601567958352859e-01,5.357739431177722667e-01,4.761904761904761640e-01,8.333333333333333703e-01,3.985775867973194053e+00,8.333333333333332871e-02,3.333333333333333148e-01,3.550928775125764769e+00
5.061000015088893997e+04,6.632688870255539770e-01,6.452492479322019525e-02,2.382224031627996119e+00,2.079609875097810701e+00,3.173525451517701934e-01,6.558400857250548110e-01,6.666666666666666297e-01,8.333333333333333703e-01,3.334603109877456006e+00,4.166666666666666435e-02,3.333333333333333148e-01,3.334603109877456006e+00
5.062000015091875684e+04,1.133588499880016975e+00,5.575555180267422611e-02,2.546409615764961387e+00,2.309307646897230004e+00,2.170609627818869403e-01,5.194607792822568682e-01,6.190476190476190688e-01,6.666666666666666297e-01,3.387061241477958173e+00,1.666666666666666574e-01,3.333333333333333148e-01,3.563670091103776194e+00
5.063000015094857372e+04,7.506844580043838810e-01,4.553967345802834021e-02,7.564952375162136144e-01,1.113804458935476749e+00,3.611622196968524157e-01,5.716385393191348863e-01,3.333333333333333148e-01,1.000000000000000000e+00,3.605168787572117672e+00,4.166666666666666435e-02,3.333333333333333148e-01,4.150659970714235314e+00
5.064000015097838332e+04,5.229405536667639520e-01,3.830376274094178524e-02,1.043377049584663263e+00,1.473550765150168695e+00,7.298452488419594486e-01,1.070911059784604547e+00,7.142857142857143016e-01,8.333333333333333703e-01,3.500309814420768717e+00,1.250000000000000000e-01,3.333333333333333148e-01,3.790478007016149675e+00
5.065000015100820019e+04,9.922722426597624379e-01,6.774581372989238459e-02,1.004890506038120357e+00,1.960629661868451779e+00,4.024534783490122947e-01,3.917678030627174124e-01,4.761904761904761640e-01,1.000000000000000000e+00,3.512394362781400936e+00,1.250000000000000000e-01,3.333333333333333148e-01,3.512394362781400936e+00
5.066000015103800979e+04,9.196070209052682465e-01,7.635527253777039947e-02,1.309126100007306226e+00,2.227963188130467120e+00,1.290249684829518351e-01,4.601183475736228545e-01,3.333333333333333148e-01,6.666666666666666297e-01,3.670605755456343822e+00,4.166666666666666435e-02,3.333333333333333148e-01,3.670605755456343822e+00
5.067000015106782666e+04,8.831917685426765585e-01,6.884562888325659880e-02,1.313431678263536684e+00,1.707736373531616447e+00,4.696038731176176428e-01,6.402233040341168691e-01,3.809523809523809312e-01,8.333333333333333703e-01,3.374110258745076418e+00,0.000000000000000000e+00,1.666666666666666574e-01,3.374110258745076418e+00
5.068000015109764354e+04,7.555808011613658337e-01,4.778484069110688209e-02,7.110546389765235453e-01,1.480967832022916042e+00,3.903680490687420068e-01,6.619511701068274689e-01,5.714285714285713969e-01,1.000000000000000000e+00,3.482342849436455001e+00,8.333333333333332871e-02,3.333333333333333148e-01,3.482342849436455001e+00
5.069000015112745314e+04,1.141833687170142442e+00,5.626124715984311825e-02,9.724468742106102681e-01,1.958482936991023271e+00,5.163721201680403494e-01,8.540670837774971824e-01,4.285714285714285476e-01,6.666666666666666297e-01,3.666526258871833033e+00,1.250000000000000000e-01,3.333333333333333148e-01,3.500040317523375411e+00
5.070000015115727001e+04,1.333521456346520528e+00,6.827194671295137851e-02,1.404186031951139668e+00,2.025929737668727970e+00,5.847363840704313809e-01,7.785819556495897631e-01,6.666666666666666297e-01,6.666666666666666297e-01,3.373436278952225642e+00,4.166666666666666435e-02,3.333333333333333148e-01,3.373436278952225642e+00
5.071000015118707961e+04,1.388642760605788062e+00,4.750050379845780629e-02,1.103122503031850776e+00,2.085008494929772915e+00,6.017217853688708873e-01,8.624251264325296651e-01,4.761904761904761640e-01,6.666666666666666297e-01,3.565670371836266561e+00,1.250000000000000000e-01,3.333333333333333148e-01,3.565670371836266561e+00
5.072000015121689648e+04,7.245965864703780568e-01,4.834072082741854709e-02,1.146847619900847937e+00,1.319386562161823706e+00,3.175380902416168327e-01,6.441148134838446948e-01,4.761904761904761640e-01,1.000000000000000000e+00,3.403847555115615542e+00,1.250000000000000000e-01,3.333333333333333148e-01,3.403847555115615542e+00
5.073000015124671336e+04,1.042469026557584000e+00,6.281652964586657839e-02,4.256702458082244900e-01,1.183796774896662019e+00,8.542904571556005078e-02,4.198978510309050449e-01,5.714285714285713969e-01,6.666666666666666297e-01,3.391510856668981333e+00,1.250000000000000000e-01,3.333333333333333148e-01,3.391510856668981333e+00
5.074000015127652296e+04,7.543581921971374005e-01,7.501580311882449781e-02,2.047583101902660907e+00,2.364868513339555722e+00,5.463799511689836352e-01,8.721889350869259649e-01,3.333333333333333148e-01,6.666666666666666297e-01,3.560295911099635280e+00,4.166666666666666435e-02,3.333333333333333148e-01,3.560295911099635280e+00
5.075000015130633983e+04,1.270816008659728658e+00,5.683279601956055943e-02,7.347334385123633904e-01,1.506229129405503242e+00,2.254354465291846243e-01,2.568264646095544390e-01,5.714285714285713969e-01,6.666666666666666297e-01,3.351217113172140216e+00,1.250000000000000000e-01,3.333333333333333148e-01,3.351217113172140216e+00
5.076000015133615670e+04,8.640262993293257310e-01,4.912815085192660108e-02,1.113077359555779022e+00,1.599172786285085968e+00,4.865038683789431606e-01,7.841962640145028196e-01,5.238095238095238360e-01,8.333333333333333703e-01,3.574956346968384047e+00,8.333333333333332871e-02,3.333333333333333148e-01,3.944519321587387495e+00
5.077000015136596630e+04,1.161961228639356580e+00,8.172965930319477101e-02,2.295367984653063242e+00,2.106557337684061615e+00,5.533614797505411742e-01,7.978148578543041713e-01,5.714285714285713969e-01,8.333333333333333703e-01,3.444388876305607639e+00,8.333333333333332871e-02,3.333333333333333148e-01,3.444388876305607639e+00
5.078000015139578318e+04,9.155496267268553590e-01,5.629303834442805909e-02,1.548118290421501841e+00,1.651699327224119829e+00,1.338312235623673851e+00,1.426591060626924312e+00,4.285714285714285476e-01,8.333333333333333703e-01,3.677526789362825177e+00,1.250000000000000000e-01,3.333333333333333148e-01,3.677526789362825177e+00
5.079000015142559278e+04,6.000234706912384031e-01,6.556577390096884894e-02,1.853278852007846034e+00,2.342636818609644234e+00,1.087878909936271343e+00,1.256316874680875717e+00,4.285714285714285476e-01,6.666666666666666297e-01,3.458163046502733540e+00,8.333333333333332871e-02,3.333333333333333148e-01,3.458163046502733540e+00
5.080000015145540965e+04,1.021392116150302343e+00,5.378582646993727151e-02,1.814242507406728766e+00,2.358889118552777386e+00,1.186666124321438032e+00,1.409190675933259751e+00,4.761904761904761640e-01,6.666666666666666297e-01,3.585842389227106075e+00,1.250000000000000000e-01,1.666666666666666574e-01,3.970038066213287475e+00
5.081000015148522652e+04,1.128014109451964675e+00,5.101262142929825077e-02,1.713005112832913568e+00,1.468686268514683091e+00,4.646714553062206154e-01,6.743905148094985202e-01,5.238095238095238360e-01,6.666666666666666297e-01,3.616783354546072360e+00,1.250000000000000000e-01,3.333333333333333148e-01,3.738029963266402689e+00
5.082000015151503612e+04,6.035505019445996933e-01,4.814960038255845093e-02,2.078487381794259736e+00,2.008774592081846500e+00,5.003552897557649315e-01,8.481606082271423430e-01,5.714285714285713969e-01,8.333333333333333703e-01,3.848591881898697942e+00,8.333333333333332871e-02,3.333333333333333148e-01,3.865946622868782878e+00
5.083000015154485300e+04,8.642779340650940112e-01,7.563569507338947784e-02,1.879670140843339388e+00,1.027937066674215583e+00,6.808464277732382275e-01,1.026667314416124022e+00,7.142857142857143016e-01,1.000000000000000000e+00,3.478016617327792659e+00,1.666666666666666574e-01,3.333333333333333148e-01,3.632466060658202878e+00
5.084000015157466260e+04,8.113463115922689983e-01,6.375514524355407886e-02,1.366282134427927675e+00,1.053874122264770286e+00,5.699852726748788623e-01,7.776219538521920160e-01,6.190476190476190688e-01,8.333333333333333703e-01,3.379200100185141942e+00,1.250000000000000000e-01,3.333333333333333148e-01,3.379200100185141942e+00
5.085000015160447947e+04,8.241441074097130004e-01,3.789919890613069331e-02,6.062668546975761297e-01,9.505770895655556441e-01,6.237915926046525561e-01,8.850263156805145970e-01,5.714285714285713969e-01,8.333333333333333703e-01,3.405751198183516237e+00,1.250000000000000000e-01,3.333333333333333148e-01,3.405751198183516237e+00
5.086000015163429634e+04,1.285532459286301776e+00,7.644727902760488358e-02,1.689754745042405304e+00,1.478252445757870515e+00,2.449268248903312684e-01,3.847568719973575857e-01,4.285714285714285476e-01,6.666666666666666297e-01,3.777228481698268858e+00,1.250000000000000000e-01,3.333333333333333148e-01,3.435068221651162101e+00
5.087000015166410594e+04,1.336653031877745201e+00,6.949803483610500487e-02,1.379249958454593195e+00,1.655782214362075955e+00,5.537227369295623092e-01,7.886736043966073861e-01,5.238095238095238360e-01,5.000000000000000000e-01,3.608135839317603732e+00,1.250000000000000000e-01,3.333333333333333148e-01,3.633638537748008268e+00
5.088000015169392282e+04,5.870619433018946509e-01,5.531963561468903473e-02,1.186066759796569725e+00,1.789632114551153341e+00,4.715358189957936652e-01,8.146868975301144733e-01,5.238095238095238360e-01,8.333333333333333703e-01,3.779465825195392981e+00,8.333333333333332871e-02,3.333333333333333148e-01,3.779465825195392981e+00
5.089000015172373969e+04,5.704109961583061494e-01,5.618614148071560122e-02,1.341547306246971605e+00,2.030296180065514378e+00,5.566280350723560311e-01,8.749834436819613481e-01,6.666666666666666297e-01,8.333333333333333703e-01,3.554121875808402109e+00,1.250000000000000000e-01,3.333333333333333148e-01,3.709465432460283818e+00
5.090000015175354929e+04,8.018256264812408940e-01,4.970485608735685651e-02,1.022051016022114123e+00,1.469589712525377401e+00,6.770690306807831682e-01,9.950853875653803415e-01,3.809523809523809312e-01,6.666666666666666297e-01,3.615057341475071517e+00,1.666666666666666574e-01,3.333333333333333148e-01,3.615057341475071517e+00
5.091000015178336616e+04,7.020333116020122111e-01,4.394568398864560910e-02,1.859178693393962023e+00,2.060182149760620529e+00,3.152232083314757682e-01,6.057835392037925759e-01,6.190476190476190688e-01,8.333333333333333703e-01,3.575565776863748546e+00,1.250000000000000000e-01,3.333333333333333148e-01,3.575565776863748546e+00
5.092000015181317576e+04,3.869818641723968833e-01,5.354920525957285876e-02,5.171077793967089331e-01,8.648797925727970126e-01,7.739665617077940984e-01,1.080724963508681746e+00,5.238095238095238360e-01,8.333333333333333703e-01,3.367857053908643650e+00,8.333333333333332871e-02,3.333333333333333148e-01,4.146878274844958412e+00
5.093000015184299264e+04,8.330781657364116910e-01,8.160113051223935599e-02,6.323554135072698701e-01,1.318962114237876460e+00,7.890906943325155520e-01,1.047997864985017458e+00,6.666666666666666297e-01,6.666666666666666297e-01,3.524014340882087204e+00,1.666666666666666574e-01,3.333333333333333148e-01,3.611605780397453724e+00
5.094000015187280951e+04,3.342515937691523109e-01,4.349500464328411725e-02,1.167580095306171239e+00,1.629446556613258545e+00,4.938273831860583440e-01,7.986333515517118897e-01,6.666666666666666297e-01,8.333333333333333703e-01,3.613206276689094665e+00,8.333333333333332871e-02,3.333333333333333148e-01,3.646856752640312394e+00
5.095000015190261911e+04,6.536632315071081445e-01,5.997380726149890290e-02,9.448234468535595676e-01,1.487883067010635108e+00,7.672303547855322536e-01,1.061533025779505479e+00,6.666666666666666297e-01,8.333333333333333703e-01,3.481680202694579229e+00,1.666666666666666574e-01,3.333333333333333148e-01,3.473501713096914578e+00
5.096000015193243598e+04,5.812287236324742423e-01,4.315797448948503062e-02,9.101580745057948896e-01,7.953911838032404757e-01,6.057107270189139303e-01,9.364264923004166352e-01,7.619047619047618625e-01,6.666666666666666297e-01,3.455018882200224350e+00,1.250000000000000000e-01,3.333333333333333148e-01,3.740286248490392929e+00
5.097000015196224558e+04,5.813401162642459763e-01,6.565121267295234708e-02,8.919939321758624251e-01,1.435314397099412664e+00,3.665627117108699595e-01,7.069472579910806020e-01,5.238095238095238360e-01,8.333333333333333703e-01,3.588532269441056854e+00,1.250000000000000000e-01,3.333333333333333148e-01,3.588532269441056854e+00
5.098000015199206246e+04,1.499333651301855808e+00,6.796815270902115125e-02,2.010504959084120191e+00,1.426303828854463829e+00,8.472678498958771121e-01,1.176136248459629385e+00,5.714285714285713969e-01,8.333333333333333703e-01,3.416003023572304009e+00,1.666666666666666574e-01,3.333333333333333148e-01,3.623224423155367635e+00
5.099000015202187933e+04,6.069347955902381075e-01,5.745249390716924975e-02,1.653473979678207195e+00,1.399475471695004858e+00,6.554121692846140990e-01,9.882537839510144861e-01,6.666666666666666297e-01,8.333333333333333703e-01,3.656336865228836608e+00,1.250000000000000000e-01,3.333333333333333148e-01,3.667062851145272528e+00
5.100000015205168893e+04,6.626458754055585265e-01,5.200471637800659769e-02,1.173937843767886013e+00,1.700171767522070887e+00,7.212420007351734164e-01,1.062962194707016694e+00,4.761904761904761640e-01,1.000000000000000000e+00,3.590200028119201470e+00,1.250000000000000000e-01,3.333333333333333148e-01,3.706556959400344020e+00
5.101000015208150580e+04,6.243962876344305579e-01,5.276320070326873807e-02,1.044438113426675807e+00,2.339614925637260701e+00,7.688263635376658689e-01,1.058671645168043352e+00,5.238095238095238360e-01,1.000000000000000000e+00,3.392187429889031769e+00,4.166666666666666435e-02,3.333333333333333148e-01,4.003015337699861398e+00
5.102000015211131540e+04,7.240202739889605166e-01,4.578634165636438075e-02,6.716191267430792200e-01,1.738730804585486789e+00,4.104268367967076059e-01,7.231720921051544293e-01,7.142857142857143016e-01,1.000000000000000000e+00,3.655561115322093713e+00,1.250000000000000000e-01,3.333333333333333148e-01,3.493038876516497027e+00
5.103000015214113228e+04,5.074262764526853431e-01,6.150751501348407368e-02,9.230951526073789548e-01,1.476085965345311779e+00,4.864650093740747194e-01,8.325371961864805881e-01,8.095238095238095344e-01,1.000000000000000000e+00,3.530033470082152736e+00,1.250000000000000000e-01,3.333333333333333148e-01,3.642541910945319206e+00
5.104000015217094915e+04,6.986891313378565949e-01,7.915531437156587968e-02,5.845127949971086201e-01,1.591055700911051085e+00,7.960804491468511657e-01,1.102456375315804982e+00,6.666666666666666297e-01,1.000000000000000000e+00,3.432124138927125756e+00,1.666666666666666574e-01,3.333333333333333148e-01,3.383665768607579061e+00
5.105000015220075875e+04,7.264645696692025867e-01,6.545100399252783141e-02,8.781513293667483344e-01,1.574139371934765830e+00,5.775072165356819331e-01,8.740211910612570856e-01,4.285714285714285476e-01,5.000000000000000000e-01,3.323678839616176717e+00,1.666666666666666574e-01,3.333333333333333148e-01,3.452089244320701411e+00
5.106000015223057562e+04,4.079471519401630664e-01,5.910981620958528915e-02,1.812416954016006221e+00,2.100828217742201520e+00,7.156156539323893506e-01,1.038097967758563778e+00,4.761904761904761640e-01,8.333333333333333703e-01,3.624634419061024460e+00,1.250000000000000000e-01,3.333333333333333148e-01,3.808016940563520247e+00
5.107000015226039250e+04,7.147289197074283562e-01,6.459751385928064193e-02,4.832835892241309494e-01,1.474068738172771287e+00,4.550467104659492446e-01,6.146733510422183189e-01,5.238095238095238360e-01,6.666666666666666297e-01,3.761250103711043291e+00,1.666666666666666574e-01,3.333333333333333148e-01,3.501145137430904164e+00
5.108000015229020210e+04,6.909116690252623538e-01,7.237731380989820273e-02,1.552505421981719369e+00,2.375031797235181319e+00,1.061254695363546885e+00,1.379102224548043099e+00,8.095238095238095344e-01,1.000000000000000000e+00,3.434247362589612607e+00,8.333333333333332871e-02,3.333333333333333148e-01,3.676284536695009209e+00
5.109000015232001897e+04,6.925207700944988609e-01,5.048987806311605597e-02,4.618838079689769893e-01,6.503623531389932655e-01,3.590509692326780966e-01,7.006309407587310023e-01,3.809523809523809312e-01,6.666666666666666297e-01,3.430482372767209132e+00,1.250000000000000000e-01,3.333333333333333148e-01,3.430482372767209132e+00
5.110000015234982857e+04,9.510519922200678655e-01,5.898032517265506397e-02,9.342388674075338129e-01,1.513153302775327447e+00,3.800044567516848715e-01,6.959033389781758006e-01,5.714285714285713969e-01,6.666666666666666297e-01,3.385876181509951621e+00,1.250000000000000000e-01,3.333333333333333148e-01,3.768979039709473344e+00
5.111000015237964544e+04,5.661600551700871620e-01,7.288607951347365888e-02,1.883527097907456982e+00,2.703548847909599928e+00,4.418116891844519056e-01,7.905136766073624921e-01,7.142857142857143016e-01,1.000000000000000000e+00,3.624613549658882050e+00,8.333333333333332871e-02,3.333333333333333148e-01,3.911445848219405441e+00
5.112000015240946232e+04,8.744507026659670279e-01,4.205814761887791825e-02,9.927355933017975032e-01,1.454738609686285544e+00,3.540673444619681365e-01,6.968088545871711226e-01,4.285714285714285476e-01,8.333333333333333703e-01,3.860946308511351788e+00,1.666666666666666574e-01,3.333333333333333148e-01,3.617578395668043179e+00
5.113000015243927191e+04,1.077976078699528717e+00,4.948317902884524777e-02,5.424355904587997435e-01,1.573455703037494491e+00,2.691959529962639763e-01,6.086660523983943305e-01,6.666666666666666297e-01,6.666666666666666297e-01,3.572956330148090220e+00,1.250000000000000000e-01,3.333333333333333148e-01,3.805515581946243397e+00
5.114000015246908879e+04,5.739285927370239015e-01,4.776917427363724933e-02,6.096539518108221589e-01,9.413941584008216346e-01,7.723146321533723713e-01,1.113192394379119321e+00,3.809523809523809312e-01,8.333333333333333703e-01,3.734373535684888612e+00,1.250000000000000000e-01,3.333333333333333148e-01,3.734373535684888612e+00
5.115000015249889839e+04,5.784423609664637311e-01,6.794691930636496957e-02,1.010327021060971164e+00,1.656608116119377083e+00,5.959491500479070503e-01,8.451829867692454146e-01,5.238095238095238360e-01,1.000000000000000000e+00,3.521333573589845223e+00,8.333333333333332871e-02,3.333333333333333148e-01,3.494302742013314145e+00
5.116000015252871526e+04,6.146597480054395435e-01,5.039634873240303459e-02,1.130954159718895236e+00,1.641385213167718460e+00,7.705914574218952762e-01,1.108765389897912179e+00,1.904761904761904656e-01,6.666666666666666297e-01,3.662974895218691351e+00,4.166666666666666435e-02,3.333333333333333148e-01,3.662974895218691351e+00
5.117000015255853214e+04,8.129448997681427702e-01,6.256494248035832095e-02,1.088989922787637621e+00,1.748586741339875017e+00,5.159487321473390509e-01,8.485536559680131319e-01,3.809523809523809312e-01,6.666666666666666297e-01,3.379417957990582089e+00,1.250000000000000000e-01,3.333333333333333148e-01,3.379417957990582089e+00
5.118000015258834173e+04,3.848443392687384002e-01,4.085659949675173042e-02,1.230504218290465523e+00,1.031130003447666477e+00,3.154717415489936005e-01,5.471169193006520937e-01,3.333333333333333148e-01,8.333333333333333703e-01,3.725084785476526328e+00,4.166666666666666435e-02,3.333333333333333148e-01,3.762087311154955760e+00
5.119000015261815861e+04,4.581658176835701757e-01,3.807011276822917789e-02,7.161135842482845293e-01,1.211048296739287933e+00,4.878545535493289953e-01,8.330029830514498190e-01,4.285714285714285476e-01,8.333333333333333703e-01,3.488442946829488189e+00,1.250000000000000000e-01,3.333333333333333148e-01,3.480960670801026779e+00
5.120000015264797548e+04,5.509362154157108060e-01,5.120211683959282473e-02,7.911877778160543162e-01,1.160579021730792526e+00,3.337954284461795984e-01,6.571763791207479999e-01,3.809523809523809312e-01,8.333333333333333703e-01,3.498099876395479146e+00,4.166666666666666435e-02,3.333333333333333148e-01,3.498099876395479146e+00
5.121000015267778508e+04,6.152491827392355672e-01,7.491644831540679450e-02,1.385829588762471642e+00,1.446784998844131032e+00,5.359258041259898908e-01,8.819823245573124026e-01,4.285714285714285476e-01,8.333333333333333703e-01,3.801775031624422763e+00,4.166666666666666435e-02,3.333333333333333148e-01,3.544428768776395788e+00
5.122000015270760196e+04,4.539803924855958517e-01,5.274398829524094834e-02,6.705882507547143989e-01,1.673960410120393982e+00,7.662542175947032463e-01,1.050362954536005144e+00,3.809523809523809312e-01,8.333333333333333703e-01,3.730175063052040052e+00,4.166666666666666435e-02,3.333333333333333148e-01,3.730602474257310064e+00
5.123000015273741155e+04,8.679946191374398046e-01,4.479846245458866255e-02,1.119126732160211635e+00,1.943223840972610139e+00,4.505013343204111176e-01,7.635849333711051123e-01,3.333333333333333148e-01,8.333333333333333703e-01,3.574124088830223922e+00,4.166666666666666435e-02,3.333333333333333148e-01,3.574124088830223922e+00
5.124000015276722843e+04,6.058489850517861930e-01,8.875119635901060344e-02,4.177175713195505069e-01,1.740208946031941650e+00,8.784935591177511771e-01,1.202012670863108257e+00,3.809523809523809312e-01,8.333333333333333703e-01,3.634212651066936139e+00,4.166666666666666435e-02,3.333333333333333148e-01,3.634212651066936139e+00
5.125000015279704530e+04,5.257551912343000344e-01,3.300959419395695787e-02,7.579927430940691657e-01,1.005469066227469455e+00,3.590664791239502329e-01,6.095662795719559712e-01,5.714285714285713969e-01,1.000000000000000000e+00,3.589482870210410237e+00,1.250000000000000000e-01,3.333333333333333148e-01,3.589482870210410237e+00
5.126000015282685490e+04,7.287164024175991628e-01,8.713781675066285815e-02,2.389796043528265468e+00,2.284085403439195971e+00,5.629281048061929305e-01,8.881040341854790077e-01,4.761904761904761640e-01,8.333333333333333703e-01,3.486413232072091972e+00,8.333333333333332871e-02,3.333333333333333148e-01,3.486413232072091972e+00
5.127000015285667178e+04,9.718762325705603278e-01,5.408312105773222661e-02,1.285336168369218601e+00,1.910706300559062987e+00,4.629792011431559939e-01,7.431504724701732956e-01,5.714285714285713969e-01,8.333333333333333703e-01,3.385561706163190632e+00,8.333333333333332871e-02,3.333333333333333148e-01,3.385561706163190632e+00
5.128000015288648137e+04,9.805453075304770838e-01,6.507450951942625461e-02,1.072952857369360302e+00,1.548053232675589586e+00,4.626923362967019226e-01,8.007207884843131618e-01,6.190476190476190688e-01,8.333333333333333703e-01,3.360708789938996688e+00,1.666666666666666574e-01,3.333333333333333148e-01,3.360708789938996688e+00
5.129000015291629825e+04,9.766313862116835498e-01,7.190388582612766699e-02,7.535416368524947561e-01,1.874967820176533406e+00,3.130062613818375139e-01,6.222202769693047086e-01,4.761904761904761640e-01,6.666666666666666297e-01,3.157616670289782768e+00,1.250000000000000000e-01,3.333333333333333148e-01,3.157616670289782768e+00
5.130000015294611512e+04,7.532677343132185843e-01,4.063710091065819013e-02,1.856421881838329790e+00,2.587843445003955356e+00,5.952086499731179536e-01,8.976275767498849145e-01,5.714285714285713969e-01,8.333333333333333703e-01,3.377711654438371180e+00,1.250000000000000000e-01,3.333333333333333148e-01,3.298683696206404559e+00
5.131000015297592472e+04,1.039327500114338720e+00,4.916443988364362777e-02,6.127739152608430162e-01,1.836805425296487604e+00,3.854908829126902914e-01,6.159067932844753956e-01,6.190476190476190688e-01,6.666666666666666297e-01,3.444273326764621057e+00,8.333333333333332871e-02,3.333333333333333148e-01,3.704047521853801150e+00
5.132000015300574159e+04,6.403916903159012630e-01,5.866017528943170273e-02,1.077563686852065272e+00,2.573589059377000776e+00,4.560778127721522024e-01,7.923240613489019868e-01,3.333333333333333148e-01,6.666666666666666297e-01,3.714118577700955104e+00,1.250000000000000000e-01,3.333333333333333148e-01,3.467324260211444464e+00
5.133000015303555119e+04,7.807457859435967817e-01,4.341338631933854691e-02,1.068168536815393255e+00,1.404438646559722059e+00,3.741958574830330231e-01,7.034358742284351207e-01,5.238095238095238360e-01,8.333333333333333703e-01,3.535361925694543661e+00,1.250000000000000000e-01,3.333333333333333148e-01,3.535361925694543661e+00
5.134000015306536807e+04,6.926383517889446173e-01,5.711982780059661480e-02,1.168923188734528384e+00,1.012656296239234255e+00,7.114404233324198579e-01,1.053857640516465910e+00,4.761904761904761640e-01,6.666666666666666297e-01,3.724668392098966940e+00,1.666666666666666574e-01,3.333333333333333148e-01,3.563538849560677679e+00
5.135000015309518494e+04,6.054907532652115121e-01,5.389594997806160942e-02,1.040711353982643139e+00,8.849867541224775147e-01,5.128987795788341186e-01,7.289482007980525591e-01,4.761904761904761640e-01,6.666666666666666297e-01,3.504997029823955224e+00,1.250000000000000000e-01,3.333333333333333148e-01,3.504997029823955224e+00
5.136000015312499454e+04,4.509245441163824419e-01,9.295045035733613681e-02,7.561511496934234522e-01,1.334000003858611061e+00,5.746784034970061628e-01,8.864525340051552238e-01,4.761904761904761640e-01,1.000000000000000000e+00,3.658562811545512883e+00,1.666666666666666574e-01,3.333333333333333148e-01,3.406925157432065809e+00
5.137000015315481141e+04,5.096935228011383323e-01,4.532772869120788722e-02,9.419622190809153750e-01,1.551238259132179609e+00,6.059319856127636239e-01,9.118431189617930421e-01,4.285714285714285476e-01,8.333333333333333703e-01,3.122414461142020148e+00,8.333333333333332871e-02,3.333333333333333148e-01,3.122414461142020148e+00
5.138000015318462829e+04,5.419330565644128184e-01,4.410553057442681557e-02,1.451625602219812627e+00,1.555907247798993920e+00,8.394892111192689965e-01,1.088612173926855275e+00,3.809523809523809312e-01,8.333333333333333703e-01,3.302755192434793319e+00,8.333333333333332871e-02,3.333333333333333148e-01,3.302755192434793319e+00
5.139000015321443789e+04,9.298059785717345260e-01,7.589456452635275074e-02,1.227587837144970662e+00,2.107450307150689817e+00,4.537186258634233194e-01,7.361730974987543696e-01,4.285714285714285476e-01,1.000000000000000000e+00,3.007767788398048925e+00,8.333333333333332871e-02,3.333333333333333148e-01,3.007767788398048925e+00
5.140000015324425476e+04,6.074662109901948215e-01,4.393067711022140970e-02,1.594825285376649582e+00,2.031109320021611264e+00,3.827270050771724441e-01,7.229101284539473093e-01,4.285714285714285476e-01,8.333333333333333703e-01,3.592793298510865263e+00,8.333333333333332871e-02,3.333333333333333148e-01,3.378947904598644136e+00
5.141000015327406436e+04,9.923872927067441951e-01,4.982961640843829032e-02,7.900838190523957749e-01,9.835517272872240646e-01,4.677332167376299088e-01,7.745913960804149401e-01,4.285714285714285476e-01,8.333333333333333703e-01,3.420391622000286347e+00,8.333333333333332871e-02,3.333333333333333148e-01,3.270468081508833169e+00
5.142000015330388123e+04,8.367741405266220234e-01,7.620017050281785442e-02,9.901142632412580635e-01,1.218296604339291989e+00,5.039112111546037998e-01,8.269565263478428907e-01,4.285714285714285476e-01,8.333333333333333703e-01,3.314731599687469998e+00,4.166666666666666435e-02,3.333333333333333148e-01,3.314731599687469998e+00
5.143000015333369811e+04,1.196678001763100685e+00,5.597106786446819082e-02,1.098732208165141166e+00,2.282848859442828893e+00,6.916646522544036557e-01,7.698197104824220371e-01,5.714285714285713969e-01,8.333333333333333703e-01,3.510182460536723337e+00,8.333333333333332871e-02,3.333333333333333148e-01,3.449149521998612133e+00
5.144000015336350771e+04,6.835510834092030086e-01,5.424380204538375300e-02,7.123278746410498519e-01,2.025380748538015308e+00,3.810864149414398550e-01,5.961958726053064872e-01,5.714285714285713969e-01,1.000000000000000000e+00,3.795814186137960622e+00,1.250000000000000000e-01,3.333333333333333148e-01,3.636755175870894696e+00
5.145000015339332458e+04,9.352478511408037765e-01,6.981397555663133858e-02,6.210615026571011388e-01,9.842103061954105003e-01,2.672520925845063844e-01,5.687629064453040284e-01,2.857142857142856984e-01,6.666666666666666297e-01,3.321944375059724397e+00,1.666666666666666574e-01,3.333333333333333148e-01,3.321944375059724397e+00
5.146000015342313418e+04,9.913093096451581765e-01,5.978647504754903280e-02,6.824111836827784217e-01,2.372789249367622588e+00,5.520708466566334183e-01,7.629455962418757453e-01,7.619047619047618625e-01,1.000000000000000000e+00,3.525309202879966186e+00,1.250000000000000000e-01,3.333333333333333148e-01,3.501886917683027622e+00
5.147000015345295105e+04,1.069838326432254183e+00,5.634799661449694380e-02,6.874578372654892577e-01,1.159045694338198373e+00,1.900461048549374754e-01,5.105618296991847327e-01,2.857142857142856984e-01,6.666666666666666297e-01,3.735722106529021591e+00,1.250000000000000000e-01,3.333333333333333148e-01,3.645639582434708093e+00
5.148000015348276793e+04,8.065527050590211022e-01,7.055430775675654298e-02,1.087876219394471544e+00,1.386992052552514565e+00,4.272585672833975612e-01,7.399243514500726260e-01,2.380952380952380820e-01,6.666666666666666297e-01,3.437729868513300868e+00,8.333333333333332871e-02,3.333333333333333148e-01,3.437729868513300868e+00
5.149000015351257753e+04,8.674591200796596402e-01,7.920180266093426735e-02,3.760526468341555129e-01,1.454040543218128478e+00,6.027471094564654797e-01,9.077163051498594593e-01,6.666666666666666297e-01,8.333333333333333703e-01,3.293715121380162092e+00,1.250000000000000000e-01,3.333333333333333148e-01,3.574148012640444794e+00
5.150000015354239440e+04,7.208297462128421262e-01,6.089572620670397757e-02,7.934155775779960784e-01,1.099539289760505634e+00,4.924199538905209006e-01,7.117171138697997446e-01,5.238095238095238360e-01,1.000000000000000000e+00,3.617975456753928398e+00,1.250000000000000000e-01,3.333333333333333148e-01,3.548453685070493080e+00
5.151000015357220400e+04,8.693697260465288457e-01,7.481827792290063339e-02,6.584999561278451763e-01,1.792235347392730382e+00,6.027005736298893801e-01,9.177801806332880341e-01,4.761904761904761640e-01,6.666666666666666297e-01,3.304227818751574564e+00,1.250000000000000000e-01,3.333333333333333148e-01,3.304227818751574564e+00
5.152000015360202087e+04,6.532910286909624498e-01,6.072861776772293940e-02,1.093074626614696010e+00,2.433166230974058486e+00,5.758346374665666012e-01,8.918685668134151978e-01,3.809523809523809312e-01,5.000000000000000000e-01,3.661650706689727031e+00,8.333333333333332871e-02,3.333333333333333148e-01,3.661650706689727031e+00
5.153000015363183775e+04,5.485558896714813892e-01,5.589509751261523968e-02,7.537836617771219716e-01,9.780251173408793797e-01,5.344597219467698279e-01,8.804148528602533386e-01,7.619047619047618625e-01,1.000000000000000000e+00,3.518726732363832266e+00,1.250000000000000000e-01,3.333333333333333148e-01,3.625523421526287482e+00
5.154000015366164735e+04,5.255609975746626805e-01,7.512495376744433850e-02,7.858063038570984871e-01,1.137140718845183640e+00,6.365992358457240874e-01,9.782811536103811489e-01,4.285714285714285476e-01,8.333333333333333703e-01,3.493486336353492927e+00,1.250000000000000000e-01,3.333333333333333148e-01,3.493486336353492927e+00
5.155000015369146422e+04,3.441448800177575595e-01,6.479515861351248240e-02,6.221951130408007735e-01,1.657038896019208840e+00,5.279529873192491118e-01,8.563923445421979253e-01,4.761904761904761640e-01,1.000000000000000000e+00,3.847373813500756246e+00,8.333333333333332871e-02,3.333333333333333148e-01,3.843789380334979633e+00
5.156000015372128109e+04,5.180938042006237865e-01,5.532059954053052120e-02,4.261526343105296322e-01,1.711097137458400974e+00,3.219619176000183547e-01,6.610100312065779748e-01,5.238095238095238360e-01,8.333333333333333703e-01,3.641740229320438171e+00,1.250000000000000000e-01,3.333333333333333148e-01,3.549241205998873827e+00
5.157000015375109069e+04,6.894079191088914316e-01,6.121642801816737367e-02,4.724540277780751030e-01,1.152252004036681488e+00,5.063100271888119064e-01,7.797794598315109793e-01,6.666666666666666297e-01,8.333333333333333703e-01,3.658661410645672962e+00,1.666666666666666574e-01,3.333333333333333148e-01,3.461498686970742700e+00
5.158000015378090757e+04,5.147442786015937743e-01,6.034352946404775847e-02,6.643540085829696684e-01,1.486453840560441053e+00,4.789664299927762769e-01,8.143416385540772628e-01,7.619047619047618625e-01,1.000000000000000000e+00,3.462934462543491243e+00,1.250000000000000000e-01,3.333333333333333148e-01,3.383332904225583082e+00
5.159000015381071717e+04,9.043999502101781607e-01,4.678627247980172293e-02,9.722197794772151624e-01,2.157971820970508769e+00,5.446674946039592458e-01,8.718578315269509549e-01,5.238095238095238360e-01,8.333333333333333703e-01,3.605283876669188370e+00,1.666666666666666574e-01,3.333333333333333148e-01,3.462798715248898151e+00
5.160000015384053404e+04,6.041938772061503649e-01,6.038603074077814048e-02,4.704350406332047929e-01,2.179474697008853212e+00,5.165837225669308586e-01,8.089604970139784301e-01,4.761904761904761640e-01,1.000000000000000000e+00,3.867916533000901769e+00,1.250000000000000000e-01,3.333333333333333148e-01,3.728331051844309574e+00
5.161000015387035091e+04,9.372901572814922311e-01,7.544019457113732008e-02,1.486125274415561082e+00,2.514370998150816661e+00,3.064098253930867544e-01,5.808010981611527734e-01,5.238095238095238360e-01,8.333333333333333703e-01,3.543808556950331479e+00,8.333333333333332871e-02,3.333333333333333148e-01,3.731079724959111221e+00
5.162000015390016051e+04,5.423907056126503479e-01,4.005869449161394286e-02,8.625406941710362929e-01,1.772985728484105961e+00,5.908599127034781517e-01,9.164389926806504327e-01,5.714285714285713969e-01,8.333333333333333703e-01,3.524572110331730013e+00,1.250000000000000000e-01,3.333333333333333148e-01,3.524572110331730013e+00
5.163000015392997739e+04,5.561545315167751857e-01,7.709374810236280240e-02,7.345239064432413922e-01,1.344325200456076841e+00,6.318590250200851743e-01,9.618949627901846045e-01,3.809523809523809312e-01,6.666666666666666297e-01,3.446736227619239923e+00,8.333333333333332871e-02,3.333333333333333148e-01,3.446736227619239923e+00
5.164000015395978699e+04,5.758638250475033304e-01,5.544898677259243319e-02,8.014037994580874846e-01,1.324529237988221642e+00,2.463140377977134643e-01,5.507785372386097000e-01,6.666666666666666297e-01,1.000000000000000000e+00,3.619229567830003269e+00,1.250000000000000000e-01,3.333333333333333148e-01,3.650511586532636965e+00
5.165000015398960386e+04,7.225750565675517212e-01,7.170795473603829018e-02,1.405550991738717448e+00,3.256626686344425536e+00,5.668554092176523174e-01,8.947068894821255114e-01,3.809523809523809312e-01,6.666666666666666297e-01,3.582294917745685758e+00,1.250000000000000000e-01,3.333333333333333148e-01,3.502734231836766021e+00
5.166000015401942073e+04,5.417202895761135117e-01,4.257584802095939341e-02,4.585325374020583489e-01,1.040273005653795213e+00,1.791920558351658976e-01,4.762687735179155224e-01,4.761904761904761640e-01,8.333333333333333703e-01,3.399056098439660278e+00,1.250000000000000000e-01,3.333333333333333148e-01,3.399056098439660278e+00
5.167000015404923033e+04,6.276756836435206655e-01,6.418393719402039344e-02,1.222983713363519520e+00,2.150460477358355771e+00,4.006878746746962427e-01,6.777167931828141922e-01,5.714285714285713969e-01,1.000000000000000000e+00,3.560340743079239534e+00,1.250000000000000000e-01,3.333333333333333148e-01,3.310739528506934093e+00
5.168000015407904721e+04,4.360544617711243909e-01,6.736376494316237418e-02,9.365461256089647746e-01,1.731034929870580497e+00,1.733324354005059131e-01,4.015955158564876726e-01,7.142857142857143016e-01,1.000000000000000000e+00,3.530838380066195104e+00,1.250000000000000000e-01,3.333333333333333148e-01,3.871258859689818976e+00
5.169000015410886408e+04,5.703261341941676665e-01,5.560435286448012215e-02,8.846338274540915814e-01,2.042927602590186353e+00,6.054844125816296607e-01,9.263631255165706291e-01,7.142857142857143016e-01,1.000000000000000000e+00,3.638295495677532188e+00,4.166666666666666435e-02,3.333333333333333148e-01,3.638295495677532188e+00
5.170000015413867368e+04,4.858185907577102225e-01,5.331342837106091415e-02,6.163577008162228754e-01,1.459186713319717166e+00,5.097316679428779418e-01,8.467928274409752820e-01,5.714285714285713969e-01,1.000000000000000000e+00,3.394747051710235386e+00,8.333333333333332871e-02,3.333333333333333148e-01,3.394747051710235386e+00
5.171000015416849055e+04,4.284842943619932565e-01,5.966420468115430503e-02,2.621452230852381882e-01,1.849813341749856566e+00,3.575225156203626908e-01,6.882194329176053449e-01,5.714285714285713969e-01,8.333333333333333703e-01,3.220012162798771893e+00,8.333333333333332871e-02,3.333333333333333148e-01,3.220012162798771893e+00
5.172000015419830015e+04,5.156887280102997462e-01,5.757913747691710549e-02,5.074244272520501697e-01,1.154576529815538155e+00,6.999391466186172250e-01,1.011174504381073813e+00,7.142857142857143016e-01,1.000000000000000000e+00,3.180673284457301797e+00,4.166666666666666435e-02,3.333333333333333148e-01,3.583442505501687414e+00
5.173000015422811703e+04,5.788727355375555828e-01,6.465857291488116831e-02,1.018763615418770030e+00,1.828287545902887556e+00,7.269586974776921506e-01,1.067059117512035193e+00,4.761904761904761640e-01,6.666666666666666297e-01,3.845038868332636195e+00,1.250000000000000000e-01,3.333333333333333148e-01,3.914432459049641988e+00
5.174000015425793390e+04,8.115231592508852509e-01,7.113916387185974244e-02,1.162389361859001102e+00,1.856988247565186878e+00,6.848024304268681695e-01,9.410552533396220332e-01,7.142857142857143016e-01,8.333333333333333703e-01,3.495505491471381454e+00,8.333333333333332871e-02,3.333333333333333148e-01,3.495505491471381454e+00
5.175000015428774350e+04,9.815423632957946953e-01,2.690597801609981299e-02,7.661901579610317370e-01,1.979690001255838716e+00,5.677633404801093464e-01,7.791877216224996072e-01,6.666666666666666297e-01,8.333333333333333703e-01,3.468421356691080426e+00,1.250000000000000000e-01,3.333333333333333148e-01,3.733615873588391310e+00
5.176000015431756037e+04,7.469356637421361578e-01,3.650350600636452503e-02,7.685653514744774650e-01,1.545531665543239841e+00,9.305729405779773478e-01,1.205051142500326744e+00,5.238095238095238360e-01,1.000000000000000000e+00,3.770262526505339107e+00,4.166666666666666435e-02,3.333333333333333148e-01,3.770262526505339107e+00
5.177000015434736997e+04,6.364905271696075229e-01,6.099800992039906139e-02,1.407597015576611543e+00,1.027464081174960020e+00,9.911459097295012288e-01,1.241513967978354893e+00,3.809523809523809312e-01,6.666666666666666297e-01,3.640397732471977399e+00,4.166666666666666435e-02,3.333333333333333148e-01,3.640397732471977399e+00
5.178000015437718685e+04,5.011780276776303111e-01,4.868215989709226421e-02,7.555495438360244620e-01,1.777097842030082697e+00,2.485740849425350785e-01,5.101312085453144629e-01,4.285714285714285476e-01,8.333333333333333703e-01,3.715489530412621644e+00,1.250000000000000000e-01,3.333333333333333148e-01,3.793810721225725047e+00
5.179000015440700372e+04,6.251741401609028914e-01,6.323186855557959285e-02,1.191224973504960927e+00,1.182885673369596713e+00,2.984767543062421535e-01,6.211836149026437326e-01,3.809523809523809312e-01,1.000000000000000000e+00,3.542771667382467626e+00,1.250000000000000000e-01,3.333333333333333148e-01,3.542771667382467626e+00
5.180000015443681332e+04,7.109931793981024706e-01,7.224288417238799997e-02,1.925755706547177759e+00,2.088883730816445183e+00,4.430735035712748404e-01,7.678207444014895078e-01,6.666666666666666297e-01,8.333333333333333703e-01,3.359608356972706655e+00,1.250000000000000000e-01,3.333333333333333148e-01,3.359608356972706655e+00
5.181000015446663019e+04,6.323883333862355682e-01,6.383429775323309907e-02,9.240533638336212441e-01,1.124410170700779865e+00,4.435302137878239237e-01,7.192681139018957115e-01,3.333333333333333148e-01,6.666666666666666297e-01,3.202048543541922587e+00,4.166666666666666435e-02,3.333333333333333148e-01,3.202048543541922587e+00
5.182000015449643979e+04,7.375923420749367354e-01,4.382052854679956838e-02,6.482030000340919251e-01,1.284336009204577467e+00,2.582489718708727566e-01,6.057155102176426942e-01,4.761904761904761640e-01,8.333333333333333703e-01,3.523577895573076546e+00,8.333333333333332871e-02,3.333333333333333148e-01,3.523577895573076546e+00
5.183000015452625667e+04,4.073217034899102029e-01,5.240591201166309998e-02,1.043344937526266225e+00,1.514859206462637831e+00,4.190028069922199228e-01,6.934070662167013399e-01,6.666666666666666297e-01,8.333333333333333703e-01,3.388040274957063058e+00,4.166666666666666435e-02,3.333333333333333148e-01,3.388040274957063058e+00
5.184000015455607354e+04,7.847809640436038681e-01,5.417283330876126318e-02,4.847426994466090822e-01,9.987468554258157605e-01,6.518870453383144303e-01,8.579174423799980076e-01,3.809523809523809312e-01,8.333333333333333703e-01,3.466267624052422835e+00,4.166666666666666435e-02,3.333333333333333148e-01,3.466267624052422835e+00
5.185000015458588314e+04,7.124446872086722671e-01,4.009270024624327078e-02,1.199977223180767938e+00,1.460617060451686822e+00,4.757561844363653036e-01,7.979591184000175419e-01,3.333333333333333148e-01,6.666666666666666297e-01,3.272942336943505115e+00,1.250000000000000000e-01,3.333333333333333148e-01,3.272942336943505115e+00
5.186000015461570001e+04,4.861917781280457040e-01,4.851049743328520597e-02,8.837874876513726052e-01,1.778002949565690161e+00,6.175014046717994809e-01,9.518900682670938806e-01,2.857142857142856984e-01,6.666666666666666297e-01,3.811401910607665311e+00,8.333333333333332871e-02,3.333333333333333148e-01,3.811401910607665311e+00
5.187000015464551689e+04,8.122629832991614673e-01,6.780403700880338613e-02,6.714922210628385679e-01,1.742603254838886118e+00,6.169890880443164027e-01,9.234224990975017366e-01,3.809523809523809312e-01,8.333333333333333703e-01,3.710552769451797239e+00,8.333333333333332871e-02,3.333333333333333148e-01,3.710552769451797239e+00
5.188000015467532648e+04,5.204084981330682202e-01,9.088650705620034131e-02,3.350842147974077978e-01,1.144199731751135207e+00,6.767945199307154880e-01,9.908582145670372654e-01,4.761904761904761640e-01,8.333333333333333703e-01,3.553855483768868062e+00,1.250000000000000000e-01,3.333333333333333148e-01,3.553855483768868062e+00
5.189000015470514336e+04,4.993681018264657379e-01,6.442862917379074683e-02,7.754523176113652383e-01,1.531641666038668026e+00,6.559641519969828805e-01,9.688779815710809595e-01,5.238095238095238360e-01,1.000000000000000000e+00,3.229621916092067835e+00,1.250000000000000000e-01,3.333333333333333148e-01,3.229621916092067835e+00
5.190000015473495296e+04,8.467473052003343659e-01,4.240443497322927274e-02,1.259848918014347730e+00,1.823345389523223892e+00,3.859599874848121392e-01,6.934406071424971119e-01,5.238095238095238360e-01,6.666666666666666297e-01,3.294786969455544501e+00,1.250000000000000000e-01,3.333333333333333148e-01,3.294786969455544501e+00
5.191000015476476983e+04,3.667247251899304339e-01,5.793359123553121215e-02,1.082942041268676769e+00,1.979452454600794331e+00,5.355028641407171275e-01,8.541414774556115308e-01,5.714285714285713969e-01,8.333333333333333703e-01,3.571750838473215506e+00,8.333333333333332871e-02,3.333333333333333148e-01,3.571750838473215506e+00
5.192000015479458671e+04,4.985369155635183125e-01,4.853073067730320767e-02,4.257498297100805185e-01,2.017908571910433047e+00,1.713739295561297893e-01,4.752364912426388366e-01,3.809523809523809312e-01,8.333333333333333703e-01,3.726834927065001857e+00,8.333333333333332871e-02,3.333333333333333148e-01,3.873088021525004088e+00
5.193000015482439630e+04,4.842617014790457919e-01,4.911563804389659782e-02,6.494994763871426713e-01,1.885831968932010660e+00,3.153026928528633310e-01,6.222251559810282329e-01,6.190476190476190688e-01,1.000000000000000000e+00,3.690412164625330504e+00,8.333333333333332871e-02,3.333333333333333148e-01,3.857107680479978207e+00
5.194000015485421318e+04,8.408425472734049055e-01,5.305954415440512772e-02,1.034616170021857240e+00,1.592710933671827700e+00,5.966060504318152491e-01,7.327714025182541224e-01,4.285714285714285476e-01,1.000000000000000000e+00,3.609113705616221690e+00,0.000000000000000000e+00,1.666666666666666574e-01,3.609113705616221690e+00
5.195000015488402278e+04,1.123639914832295306e+00,6.264782959121184547e-02,1.028604411797559237e+00,1.446314024663315490e+00,2.101826472794215417e-01,3.265091804189789726e-01,5.714285714285713969e-01,8.333333333333333703e-01,3.598777985669876500e+00,1.250000000000000000e-01,3.333333333333333148e-01,3.578609073238255611e+00
5.196000015491383965e+04,5.548820028035164054e-01,3.274831081560547474e-02,5.994502990093861783e-01,1.583865377502745142e+00,4.057810368423852565e-01,7.364062655483586406e-01,3.809523809523809312e-01,6.666666666666666297e-01,3.369822546572073918e+00,8.333333333333332871e-02,3.333333333333333148e-01,3.369822546572073918e+00
5.197000015494365653e+04,1.378018657036442995e+00,3.555743793567824051e-02,1.607046266345509400e+00,2.041608048182675272e+00,1.942901169736746536e-01,4.874465407167848929e-01,4.761904761904761640e-01,5.000000000000000000e-01,3.463501067946454182e+00,1.250000000000000000e-01,3.333333333333333148e-01,3.604629449647265282e+00
5.198000015497346612e+04,6.657750760582790139e-01,4.447504113524942265e-02,1.141397771880790835e+00,1.443909827378409894e+00,3.298180770098266268e-01,6.411035738784517379e-01,6.190476190476190688e-01,6.666666666666666297e-01,3.693207265656159866e+00,1.250000000000000000e-01,3.333333333333333148e-01,3.695280861480822576e+00
5.199000015500328300e+04,6.315340202814416770e-01,7.855389292067586904e-02,1.233635184387427586e+00,1.583267749715167039e+00,4.919565866940255328e-01,7.693333912061371960e-01,4.761904761904761640e-01,8.333333333333333703e-01,3.549891626596816341e+00,1.250000000000000000e-01,3.333333333333333148e-01,3.549891626596816341e+00
5.200000015503309987e+04,6.790816446284826391e-01,4.854840237911518114e-02,7.725417785745092303e-01,2.009486105418465396e+00,4.806617223154093788e-01,7.344780276057831792e-01,3.809523809523809312e-01,8.333333333333333703e-01,3.545449657598737314e+00,1.666666666666666574e-01,3.333333333333333148e-01,3.421740153121938910e+00
5.201000015506290947e+04,6.578622979964536821e-01,9.416959185240350583e-02,1.428650530020729725e+00,1.632555511439075513e+00,4.448891810375255051e-01,7.724304517680226079e-01,3.809523809523809312e-01,6.666666666666666297e-01,3.695692987270875030e+00,1.250000000000000000e-01,3.333333333333333148e-01,3.475925109057250939e+00
5.202000015509272635e+04,9.869356459083251654e-01,4.462858872837625890e-02,1.055823574584499935e+00,1.885145365071401846e+00,2.491399066821862185e-01,5.622824009226878861e-01,5.238095238095238360e-01,6.666666666666666297e-01,3.502157576672323636e+00,1.250000000000000000e-01,3.333333333333333148e-01,3.502157576672323636e+00
5.203000015512253594e+04,7.775797003314925959e-01,5.206275374143715107e-02,7.537289634926079840e-01,8.653167648545541102e-01,3.220144311432702744e-01,5.785662485565407076e-01,6.190476190476190688e-01,1.000000000000000000e+00,3.584709383886925060e+00,1.250000000000000000e-01,3.333333333333333148e-01,3.584709383886925060e+00
5.204000015515235282e+04,8.448251033819896838e-01,4.298855206898569148e-02,1.458541726450806486e+00,2.005891837737054928e+00,5.188212294515893719e-01,6.300158543970819647e-01,2.380952380952380820e-01,5.000000000000000000e-01,3.794198305422392448e+00,1.250000000000000000e-01,3.333333333333333148e-01,3.684165502128901704e+00
5.205000015518216969e+04,1.218050325539286494e+00,6.028415772075104706e-02,1.859218718769379830e+00,2.460330596334999065e+00,1.318148458200594231e-01,3.677187772414855504e-01,6.190476190476190688e-01,8.333333333333333703e-01,3.751019161026761140e+00,1.250000000000000000e-01,3.333333333333333148e-01,3.381931191584400587e+00
5.206000015521197929e+04,1.175773074536765828e+00,4.351878434379910510e-02,1.449878394575836005e+00,2.032798841054685557e+00,3.570649699469976013e-01,4.695351694118807262e-01,5.714285714285713969e-01,5.000000000000000000e-01,3.662050787030558308e+00,1.250000000000000000e-01,3.333333333333333148e-01,3.716787530085030156e+00
5.207000015524179616e+04,9.782590554128474114e-01,5.323458556723258822e-02,1.462041206411174299e+00,1.129591010087171332e+00,2.255571831413236972e-01,4.616574330019990735e-01,4.761904761904761640e-01,8.333333333333333703e-01,3.484766957735793369e+00,1.666666666666666574e-01,3.333333333333333148e-01,3.484766957735793369e+00
5.208000015527160576e+04,7.795312871112713982e-01,5.294307538389875917e-02,7.995989439102851870e-01,2.330928834532510319e+00,6.700700264302283937e-01,8.774468733185873948e-01,5.238095238095238360e-01,1.000000000000000000e+00,3.533913112002172952e+00,1.250000000000000000e-01,3.333333333333333148e-01,3.297730995464263515e+00
5.209000015530142264e+04,1.229305715361159512e+00,4.677190690839907322e-02,6.607552916373786722e-01,1.959763572174403778e+00,2.394950404417345025e-01,2.503218658239194649e-01,5.714285714285713969e-01,5.000000000000000000e-01,3.405754628056119504e+00,1.250000000000000000e-01,3.333333333333333148e-01,3.384120150595520293e+00
5.210000015533123951e+04,9.563113584365429132e-01,5.103635009992986415e-02,1.185961946771972642e+00,1.559924918598181609e+00,2.338351178763539151e-01,4.980615296612588838e-01,6.190476190476190688e-01,8.333333333333333703e-01,3.573150076702354294e+00,1.250000000000000000e-01,3.333333333333333148e-01,3.505037795013453028e+00
5.211000015536104911e+04,6.671378172002889739e-01,5.093903586483666118e-02,1.118968406277640160e+00,1.729298520115899906e+00,2.878987087589146010e-01,4.266991210327972239e-01,3.809523809523809312e-01,6.666666666666666297e-01,3.941288661421945783e+00,8.333333333333332871e-02,3.333333333333333148e-01,3.832044571493796958e+00
5.212000015539086598e+04,1.002221758355628989e+00,7.607603244835015044e-02,1.110716771203274611e+00,2.191056605716393157e+00,3.055478528768594826e-01,5.451344110321587610e-01,4.761904761904761640e-01,8.333333333333333703e-01,3.715358233597917614e+00,1.250000000000000000e-01,3.333333333333333148e-01,3.673460337325725966e+00
5.213000015542067558e+04,1.788368405228578206e+00,4.740938079409117573e-02,1.426593417338552161e+00,1.778398651753770210e+00,5.619355054218154732e-01,2.662145316971550324e-01,4.761904761904761640e-01,8.333333333333333703e-01,3.588538562388474240e+00,8.333333333333332871e-02,3.333333333333333148e-01,3.806425690476856083e+00
5.214000015545049246e+04,1.634122000250993301e+00,5.818097665442521077e-02,2.094718285665630564e+00,1.606742149760985061e+00,8.509764253494903619e-01,8.212734232235683329e-01,4.761904761904761640e-01,6.666666666666666297e-01,3.602763109680824805e+00,4.166666666666666435e-02,3.333333333333333148e-01,3.761931256733363149e+00
5.215000015548030933e+04,1.213847929513226731e+00,4.147555504214232858e-02,1.129261425035044564e+00,1.743770267597950285e+00,4.868532100949324315e-01,5.366278094284988587e-01,3.333333333333333148e-01,5.000000000000000000e-01,3.627011316103877725e+00,1.250000000000000000e-01,3.333333333333333148e-01,3.568993704865515593e+00
5.216000015551011893e+04,1.575654115723323923e+00,5.909667176582749509e-02,2.128102018465188205e+00,2.339940919644823314e+00,4.902033269863436682e-01,5.248804392954542486e-01,5.238095238095238360e-01,6.666666666666666297e-01,3.661227040151215917e+00,8.333333333333332871e-02,3.333333333333333148e-01,3.994189249718865575e+00
5.217000015553993580e+04,9.069849198136878954e-01,6.114034382924068978e-02,6.146262898811704067e-01,1.308160891214950272e+00,7.628754467427649733e-01,7.959721429115044211e-01,3.809523809523809312e-01,8.333333333333333703e-01,3.823961246552110449e+00,1.250000000000000000e-01,3.333333333333333148e-01,3.692522130517188916e+00
5.218000015556975268e+04,1.146901283735449306e+00,7.524071173276722369e-02,1.261711729528528059e+00,1.616582845283412562e+00,5.813369824249854378e-01,4.550398540706929729e-01,4.285714285714285476e-01,8.333333333333333703e-01,3.724813397380799085e+00,8.333333333333332871e-02,3.333333333333333148e-01,3.685348350000631434e+00
5.219000015559956228e+04,1.453587564988727099e+00,4.145044504868489188e-02,1.684455503186159220e+00,2.761116731527225809e+00,6.139549831780997113e-01,5.635546883696808118e-01,3.809523809523809312e-01,6.666666666666666297e-01,3.762694077414159288e+00,4.166666666666666435e-02,3.333333333333333148e-01,3.762694077414159288e+00
5.220000015562937915e+04,1.703074622053684539e+00,5.681934725888259513e-02,1.354224359209454942e+00,2.249064111325329574e+00,8.001482238680693859e-01,8.310946595811091742e-01,3.333333333333333148e-01,6.666666666666666297e-01,3.639856491982008446e+00,8.333333333333332871e-02,3.333333333333333148e-01,3.639856491982008446e+00
5.221000015565918875e+04,1.273331164053613129e+00,4.611290733313973961e-02,1.078400446087383946e+00,1.924178992087489215e+00,6.012803334106505693e-01,4.496439779706605244e-01,4.285714285714285476e-01,6.666666666666666297e-01,3.790311728613621423e+00,4.166666666666666435e-02,3.333333333333333148e-01,3.608669283985029175e+00
5.222000015568900562e+04,8.847873710472528019e-01,4.868197808178544028e-02,1.326510043970146935e+00,1.879189554262755468e+00,4.280527455517219582e-01,4.717928850776638705e-01,1.904761904761904656e-01,6.666666666666666297e-01,3.852058835845685980e+00,0.000000000000000000e+00,1.666666666666666574e-01,3.553376447180355946e+00
5.223000015571882250e+04,1.460728277486383675e+00,5.613644019231841392e-02,1.080293740755129850e+00,2.170501804450990502e+00,8.331250903559017651e-01,8.361265521724918770e-01,1.904761904761904656e-01,6.666666666666666297e-01,3.932499933808411896e+00,0.000000000000000000e+00,1.666666666666666574e-01,3.932499933808411896e+00
5.224000015574863210e+04,8.157641750158040050e-01,6.605384289861158942e-02,6.013544318844711301e-01,1.364847904562274783e+00,3.437782166960456354e-01,4.754782720009551600e-01,2.380952380952380820e-01,8.333333333333333703e-01,3.768594284093536473e+00,8.333333333333332871e-02,3.333333333333333148e-01,3.880739252527624750e+00
5.225000015577844897e+04,1.020234916485997845e+00,4.923020932840872776e-02,2.394342795823849013e+00,2.316251169772789886e+00,5.187662027494348571e-01,4.685310559118088247e-01,3.333333333333333148e-01,6.666666666666666297e-01,3.785317940379182122e+00,1.250000000000000000e-01,3.333333333333333148e-01,3.958279770387415741e+00
5.226000015580825857e+04,1.773135224289958511e+00,5.906221331642190486e-02,1.541840297216176880e+00,1.834123955273134765e+00,1.418832560066821236e+00,1.318559483075366634e+00,4.285714285714285476e-01,6.666666666666666297e-01,3.565108800178701021e+00,0.000000000000000000e+00,1.666666666666666574e-01,3.636503374002700628e+00
5.227000015583807544e+04,1.944931640499084846e+00,7.968272773619351768e-02,1.632312892403385840e+00,2.065760530151893537e+00,1.178034461644345443e+00,1.078838493103244422e+00,4.285714285714285476e-01,6.666666666666666297e-01,3.634117043614751186e+00,1.250000000000000000e-01,3.333333333333333148e-01,3.721843610885489095e+00
5.228000015586789232e+04,6.808771541052390797e-01,6.442746365162677069e-02,1.124955810298472914e+00,9.390024779437016189e-01,3.597693536181291729e-01,6.575654729572915080e-01,4.761904761904761640e-01,8.333333333333333703e-01,3.815261980513465989e+00,1.250000000000000000e-01,3.333333333333333148e-01,3.772575490724574099e+00
5.229000015589770192e+04,8.668153470261661386e-01,5.048605423929224817e-02,1.131757974138340783e+00,1.581396277371732273e+00,4.874286480624555606e-01,7.356985927819068571e-01,4.285714285714285476e-01,8.333333333333333703e-01,3.891610171781775041e+00,1.250000000000000000e-01,3.333333333333333148e-01,3.717747268359087531e+00
5.230000015592751879e+04,9.021199142128584203e-01,4.867874534465125441e-02,1.737545901599094167e+00,1.157778628881771521e+00,6.350071687490486116e-01,7.933107644569459271e-01,4.761904761904761640e-01,6.666666666666666297e-01,3.627593935764618305e+00,8.333333333333332871e-02,3.333333333333333148e-01,3.627593935764618305e+00
5.231000015595733566e+04,5.175407279336536881e-01,4.297653641826005427e-02,1.425284669079196709e+00,8.172108557703402498e-01,1.410991870210536736e-01,4.562584874303020621e-01,3.809523809523809312e-01,8.333333333333333703e-01,3.680416359786355951e+00,8.333333333333332871e-02,3.333333333333333148e-01,3.884249719632926645e+00
5.232000015598714526e+04,6.516108940748798206e-01,4.054118683064379669e-02,1.070848490847732482e+00,1.049760384080783426e+00,6.025535799390218106e-01,8.122709773010104994e-01,4.761904761904761640e-01,1.000000000000000000e+00,3.497317163120037709e+00,1.250000000000000000e-01,3.333333333333333148e-01,3.497317163120037709e+00
5.233000015601696214e+04,8.751744180755384184e-01,5.075473699038497016e-02,1.234648833427560488e+00,1.520124138449445494e+00,6.643835605717134385e-01,8.257461784865036680e-01,5.714285714285713969e-01,8.333333333333333703e-01,3.617427708913909967e+00,0.000000000000000000e+00,1.666666666666666574e-01,4.131968289512440329e+00
5.234000015604677174e+04,8.607525164106054616e-01,2.124227223589800553e-02,1.944600773845723385e+00,1.550123803974347236e+00,4.848175416472705335e-01,5.486833820000144302e-01,4.761904761904761640e-01,6.666666666666666297e-01,3.442464514485688909e+00,8.333333333333332871e-02,3.333333333333333148e-01,3.442464514485688909e+00
5.235000015607658861e+04,1.209131821753564706e+00,6.548200539732761116e-02,9.382146830533372173e-01,1.481436132188226118e+00,5.735893844175857792e-01,6.806783987781325207e-01,5.238095238095238360e-01,8.333333333333333703e-01,3.408147628893642089e+00,8.333333333333332871e-02,3.333333333333333148e-01,3.408147628893642089e+00
5.236000015610640548e+04,6.830081224612272184e-01,5.193601238505340251e-02,1.433399123090277838e+00,1.532682073611559392e+00,6.571008978378558574e-01,9.196229347912501240e-01,3.333333333333333148e-01,8.333333333333333703e-01,3.572492950476521489e+00,8.333333333333332871e-02,3.333333333333333148e-01,3.572492950476521489e+00
5.237000015613621508e+04,6.661044121234221960e-01,5.531360223967979328e-02,1.522331639063295272e+00,1.584617449166906278e+00,5.305434851637653715e-01,8.286334832103344761e-01,5.238095238095238360e-01,1.000000000000000000e+00,3.397329660757627767e+00,1.250000000000000000e-01,3.333333333333333148e-01,3.397329660757627767e+00
5.238000015616603196e+04,9.748203857595668653e-01,4.620197588976585751e-02,9.172149488111394078e-01,1.421382612638016907e+00,5.159382962530960626e-01,6.241248647665847971e-01,4.285714285714285476e-01,8.333333333333333703e-01,3.460111029694506346e+00,8.333333333333332871e-02,3.333333333333333148e-01,3.460111029694506346e+00
5.239000015619584156e+04,6.903187173532635557e-01,4.877904322271490317e-02,1.435373739069901955e+00,1.648802972567822600e+00,3.743103544025010998e-01,6.368714715306357244e-01,6.190476190476190688e-01,1.000000000000000000e+00,3.429090966797682327e+00,8.333333333333332871e-02,3.333333333333333148e-01,3.554331987281751370e+00
5.240000015622565843e+04,6.862048719690694298e-01,4.728495734598125999e-02,1.523283561468696590e+00,1.422809553983841013e+00,4.997531905325701129e-01,8.192405427519168226e-01,5.238095238095238360e-01,1.000000000000000000e+00,3.577684268616123653e+00,4.166666666666666435e-02,3.333333333333333148e-01,3.577684268616123653e+00
5.241000015625547530e+04,8.883311994380902465e-01,4.703057597802946799e-02,9.868573052521922850e-01,9.365470217100960726e-01,4.471528258725881444e-01,6.254916448806779883e-01,6.190476190476190688e-01,6.666666666666666297e-01,3.377411567504675194e+00,4.166666666666666435e-02,3.333333333333333148e-01,3.377411567504675194e+00
5.242000015628528490e+04,7.100121291861620776e-01,4.441154600169697902e-02,5.057295734930070674e-01,7.979610936356198447e-01,6.057615326192836713e-01,6.619374393147413604e-01,2.380952380952380820e-01,8.333333333333333703e-01,3.760264446377311387e+00,4.166666666666666435e-02,3.333333333333333148e-01,3.760264446377311387e+00
5.243000015631510178e+04,1.180038206362476583e+00,4.072665134767665396e-02,1.298284153958058962e+00,1.784411125956509414e+00,4.667524825482405881e-01,6.950382684476065220e-01,4.761904761904761640e-01,6.666666666666666297e-01,3.597074186000122964e+00,1.250000000000000000e-01,3.333333333333333148e-01,3.463085543293055846e+00
5.244000015634491137e+04,9.685903826417403550e-01,5.935985830891116199e-02,1.130951656884465750e+00,2.042866497162783901e+00,7.372349045006272306e-01,8.830750677462146925e-01,5.714285714285713969e-01,1.000000000000000000e+00,3.681188807531278862e+00,0.000000000000000000e+00,1.666666666666666574e-01,3.681188807531278862e+00
5.245000015637472825e+04,8.520729876947299442e-01,7.074445125995700023e-02,4.726994721740599426e-01,1.035995979638043352e+00,7.055714903029672858e-01,8.219833268201283127e-01,5.714285714285713969e-01,1.000000000000000000e+00,3.443040018693012350e+00,0.000000000000000000e+00,1.666666666666666574e-01,3.443040018693012350e+00
5.246000015640454512e+04,9.371517165242705394e-01,7.445885784875407032e-02,9.527149651357355031e-01,1.102535431140465594e+00,4.283928673753743532e-01,7.319638238732315560e-01,6.190476190476190688e-01,1.000000000000000000e+00,3.500731447725668577e+00,1.250000000000000000e-01,3.333333333333333148e-01,3.500731447725668577e+00
5.247000015643435472e+04,7.571927504182170976e-01,6.033925283960436120e-02,8.906396692218616629e-01,8.728350739846690853e-01,7.145386160707454248e-01,9.732421671725621781e-01,5.238095238095238360e-01,8.333333333333333703e-01,3.467488971720084301e+00,8.333333333333332871e-02,3.333333333333333148e-01,3.467488971720084301e+00
5.248000015646417160e+04,1.023835259566633349e+00,4.515117571791644330e-02,9.571108385920262807e-01,1.125990378347384580e+00,5.905789685916358334e-01,8.717278032486043271e-01,4.285714285714285476e-01,6.666666666666666297e-01,3.447217531687694958e+00,1.250000000000000000e-01,3.333333333333333148e-01,3.447217531687694958e+00
5.249000015649398847e+04,6.462920466193625701e-01,6.704276496046857048e-02,7.777371406174337087e-01,9.464963086724239583e-01,6.552000685548604597e-01,8.408473464868815306e-01,6.190476190476190688e-01,1.000000000000000000e+00,3.338232373584689494e+00,8.333333333333332871e-02,3.333333333333333148e-01,3.338232373584689494e+00
5.250000015652379807e+04,9.097835839933601232e-01,6.789795948273948112e-02,5.719576323320499922e-01,9.201941736793418647e-01,6.911557900789220277e-01,8.552366196108686092e-01,3.809523809523809312e-01,8.333333333333333703e-01,3.446139571973275917e+00,0.000000000000000000e+00,1.666666666666666574e-01,3.446139571973275917e+00
5.251000015655361494e+04,9.948814524278257743e-01,5.657541885673120913e-02,1.191709143104862534e+00,1.543685468295733054e+00,9.327492923240506828e-01,1.187571405281281800e+00,4.761904761904761640e-01,8.333333333333333703e-01,3.579035850799339169e+00,4.166666666666666435e-02,3.333333333333333148e-01,3.579035850799339169e+00
5.252000015658342454e+04,8.997620670218519079e-01,5.901109422769686141e-02,5.922868618745277258e-01,1.137508203368125193e+00,8.255733415798399699e-01,9.991556760504075596e-01,2.857142857142856984e-01,8.333333333333333703e-01,3.753164402165587443e+00,4.166666666666666435e-02,3.333333333333333148e-01,3.753164402165587443e+00
5.253000015661324142e+04,5.165704588729708169e-01,5.427217369127475960e-02,1.080160335984537534e+00,1.990233158407779479e+00,6.384283051303326628e-01,9.341143911740874550e-01,5.714285714285713969e-01,1.000000000000000000e+00,3.710474010953820567e+00,0.000000000000000000e+00,1.666666666666666574e-01,3.710474010953820567e+00
5.254000015664305829e+04,6.209893087045671445e-01,6.519727883123535572e-02,6.315274764052370982e-01,1.193191906536628100e+00,4.875137639263004141e-01,7.567433564152802328e-01,5.238095238095238360e-01,8.333333333333333703e-01,3.663354590899748242e+00,8.333333333333332871e-02,3.333333333333333148e-01,3.683933366884125427e+00
5.255000015667286789e+04,9.206426759543069327e-01,3.572269168473785755e-02,1.095262962205536095e+00,1.016976544552077311e+00,3.024375673569315026e-01,5.739434629571273927e-01,3.333333333333333148e-01,6.666666666666666297e-01,3.326208102744598882e+00,8.333333333333332871e-02,3.333333333333333148e-01,3.326208102744598882e+00
5.256000015670268476e+04,5.500484809164822853e-01,5.486905356815438561e-02,1.490809514749414477e+00,1.508731241574563509e+00,3.397469726639749110e-01,5.897808797165025041e-01,5.238095238095238360e-01,1.000000000000000000e+00,3.520166617268470688e+00,8.333333333333332871e-02,3.333333333333333148e-01,3.520166617268470688e+00
5.257000015673249436e+04,6.943034570387243143e-01,6.093504846302712913e-02,9.627684830843634689e-01,1.674039439185756706e+00,5.731050960799011218e-01,8.697180664842194542e-01,3.809523809523809312e-01,1.000000000000000000e+00,3.513375163882554997e+00,8.333333333333332871e-02,3.333333333333333148e-01,3.513375163882554997e+00
5.258000015676231124e+04,8.930037167555544553e-01,7.322158296581286752e-02,1.383378999756658345e+00,1.708641136836428487e+00,3.818960809613185514e-01,6.218277829276943613e-01,4.285714285714285476e-01,6.666666666666666297e-01,3.545392347317942061e+00,1.666666666666666574e-01,3.333333333333333148e-01,3.545392347317942061e+00
5.259000015679212811e+04,7.885191968161695542e-01,6.787670409439704178e-02,8.322758730275557904e-01,1.501554362126602760e+00,3.171693624074398699e-01,6.579171190775369160e-01,4.761904761904761640e-01,1.000000000000000000e+00,3.687653603095465193e+00,1.250000000000000000e-01,3.333333333333333148e-01,3.610705607437535214e+00
5.260000015682193771e+04,9.016327637206115186e-01,4.962045249930863156e-02,9.712799563068927888e-01,1.601640919681938557e+00,5.545741737177067865e-01,8.919650054890326807e-01,5.714285714285713969e-01,8.333333333333333703e-01,3.383620549952118139e+00,1.250000000000000000e-01,3.333333333333333148e-01,3.383620549952118139e+00
5.261000015685175458e+04,5.988151528336855822e-01,5.720932588568781313e-02,7.840382728081521924e-01,1.476024990204143128e+00,3.352657276958260768e-01,6.773782732949029661e-01,6.190476190476190688e-01,8.333333333333333703e-01,3.499889160251752340e+00,1.250000000000000000e-01,3.333333333333333148e-01,3.499889160251752340e+00
5.262000015688157146e+04,7.078546368185538729e-01,4.216568076249245511e-02,1.147925478780752018e+00,1.951545738907526584e+00,4.574830059550461514e-01,7.331423220685284736e-01,2.857142857142856984e-01,8.333333333333333703e-01,3.485019003719296293e+00,8.333333333333332871e-02,3.333333333333333148e-01,3.485019003719296293e+00
5.263000015691138105e+04,8.138312406596764914e-01,4.200556587036912565e-02,6.599942693541120953e-01,1.407473170481109870e+00,6.480438393050386159e-01,8.917210343803667616e-01,2.857142857142856984e-01,6.666666666666666297e-01,3.493538016763238385e+00,8.333333333333332871e-02,3.333333333333333148e-01,3.493538016763238385e+00
5.264000015694119793e+04,1.209568323807300283e+00,3.096376225587839370e-02,6.906892038401578615e-01,1.475424301177910902e+00,3.401921097922822601e-01,1.859447905807338486e-01,6.190476190476190688e-01,6.666666666666666297e-01,3.489870834249566567e+00,1.250000000000000000e-01,3.333333333333333148e-01,3.489870834249566567e+00
5.265000015697100753e+04,7.220973068389694438e-01,6.134677383809983287e-02,1.506788187402102963e+00,1.695358037747576763e+00,4.483435157189286091e-01,7.388288265498201834e-01,5.238095238095238360e-01,1.000000000000000000e+00,3.729655667190796553e+00,1.666666666666666574e-01,3.333333333333333148e-01,3.712516739573858970e+00
5.266000015700082440e+04,7.891953272441806222e-01,4.632080281309714637e-02,9.701438557093189363e-01,1.952958707743800648e+00,2.435915516293188920e-01,5.791990922794643115e-01,4.285714285714285476e-01,8.333333333333333703e-01,3.593679436282883444e+00,1.666666666666666574e-01,3.333333333333333148e-01,3.325985952657231071e+00
5.267000015703064128e+04,8.995574603181539786e-01,7.258395300395474592e-02,9.083970158798833072e-01,1.626289677583385496e+00,2.741109691594959541e-01,3.117410038606730494e-01,4.761904761904761640e-01,8.333333333333333703e-01,3.512404821195044491e+00,8.333333333333332871e-02,3.333333333333333148e-01,3.512404821195044491e+00
5.268000015706045087e+04,6.422347900855611691e-01,7.434000766748648237e-02,6.630647230937553038e-01,1.914502086173254458e+00,3.955980659133342958e-01,7.307990297334926444e-01,4.285714285714285476e-01,8.333333333333333703e-01,3.714441612411264249e+00,1.250000000000000000e-01,3.333333333333333148e-01,3.714441612411264249e+00
5.269000015709026775e+04,5.562356759949976803e-01,4.794585197952190569e-02,8.476328376850423840e-01,1.963344411802403044e+00,9.780046320339466637e-02,4.371808896185905291e-01,5.238095238095238360e-01,6.666666666666666297e-01,3.317128745580359084e+00,8.333333333333332871e-02,3.333333333333333148e-01,3.317128745580359084e+00
5.270000015712007735e+04,5.439260908321196242e-01,5.303736027834908551e-02,8.609485198990235455e-01,1.509922506785241314e+00,3.168015624969207633e-01,6.529813743045763674e-01,4.285714285714285476e-01,8.333333333333333703e-01,3.848702822649500366e+00,1.250000000000000000e-01,3.333333333333333148e-01,3.508233700086699436e+00
5.271000015714989422e+04,6.461489553012604858e-01,7.700994483481209130e-02,6.038704510917710655e-01,1.267180508304515563e+00,2.640326070180772922e-01,5.011695884497262554e-01,5.238095238095238360e-01,8.333333333333333703e-01,3.438664174420736686e+00,1.250000000000000000e-01,3.333333333333333148e-01,3.409645459073758378e+00
5.272000015717971110e+04,1.021099800579954531e+00,6.787501214088835499e-02,6.826610304853002464e-01,1.774712356259364521e+00,3.204474855126122623e-01,3.039767830693181905e-01,5.238095238095238360e-01,8.333333333333333703e-01,3.731371932617445708e+00,1.250000000000000000e-01,3.333333333333333148e-01,3.649303324805127424e+00
5.273000015720952069e+04,6.671216698064987849e-01,3.575905182041312635e-02,8.459584798269959016e-01,1.456860157988448146e+00,4.092567952650930652e-01,7.402286796910231281e-01,5.714285714285713969e-01,1.000000000000000000e+00,3.746784453958272643e+00,1.666666666666666574e-01,3.333333333333333148e-01,3.409102274396898835e+00
5.274000015723933757e+04,4.328654368078166392e-01,4.261674946292143273e-02,9.977201353179983023e-01,1.776418289438005171e+00,5.003650003877505581e-01,8.207978520400458500e-01,3.809523809523809312e-01,1.000000000000000000e+00,3.419760274826390667e+00,1.250000000000000000e-01,3.333333333333333148e-01,3.419760274826390667e+00
5.275000015726914717e+04,5.763748714038222642e-01,5.831519232099180439e-02,1.129727181888553256e+00,1.960593530459018963e+00,4.784175933210457199e-01,7.840437610094815879e-01,4.761904761904761640e-01,1.000000000000000000e+00,3.594230598692377932e+00,4.166666666666666435e-02,3.333333333333333148e-01,3.796826227947784460e+00
5.276000015729896404e+04,8.139506223894559245e-01,6.301457929955638082e-02,8.368675665266476216e-01,1.542950722878545067e+00,3.812980609110239727e-01,7.153485929880868399e-01,4.285714285714285476e-01,8.333333333333333703e-01,3.705360568303528446e+00,1.250000000000000000e-01,3.333333333333333148e-01,3.658883514429815076e+00
5.277000015732878092e+04,4.241962681632031607e-01,4.032268965978262620e-02,7.389563939745908971e-01,1.186040219129771423e+00,7.184644596345223233e-01,1.066132821513780193e+00,3.809523809523809312e-01,8.333333333333333703e-01,3.611495209311079702e+00,1.250000000000000000e-01,3.333333333333333148e-01,3.611495209311079702e+00
5.278000015735859051e+04,4.678521142398395782e-01,5.474111836258788166e-02,8.903157643005361610e-01,1.597319148622404095e+00,7.459961985250096461e-01,1.082726084437450442e+00,4.761904761904761640e-01,8.333333333333333703e-01,3.563020905509342917e+00,8.333333333333332871e-02,3.333333333333333148e-01,3.563020905509342917e+00
5.279000015738840739e+04,5.084385564991515949e-01,6.029992134012834848e-02,1.494231936491781765e+00,1.816282982850727201e+00,5.991030318725087955e-01,9.210990423820005768e-01,7.142857142857143016e-01,8.333333333333333703e-01,3.560720843485679854e+00,8.333333333333332871e-02,3.333333333333333148e-01,3.648549003287803405e+00
5.280000015741822426e+04,6.881904764350631476e-01,3.763545258287796791e-02,1.512334559254896904e+00,1.967268017323683171e+00,6.863089973119036458e-01,1.017977237317029937e+00,3.809523809523809312e-01,8.333333333333333703e-01,3.744465286074128318e+00,8.333333333333332871e-02,3.333333333333333148e-01,3.744465286074128318e+00
5.281000015744803386e+04,7.216383561076388231e-01,4.713383689109507113e-02,7.026749828375268292e-01,1.789010095800683153e+00,5.597653004994647130e-01,8.632979143085842688e-01,7.142857142857143016e-01,1.000000000000000000e+00,3.320536516683120443e+00,1.250000000000000000e-01,3.333333333333333148e-01,3.320536516683120443e+00
5.282000015747785073e+04,5.597341027469937558e-01,5.940648042885945251e-02,1.024035735708893391e+00,2.158415408108921962e+00,5.717451588142088426e-01,9.099656542451254326e-01,3.333333333333333148e-01,1.000000000000000000e+00,3.724263632269287250e+00,1.250000000000000000e-01,3.333333333333333148e-01,3.831149244552307209e+00
5.283000015750766033e+04,7.367085854206231188e-01,5.137386651918792596e-02,9.365307480509689197e-01,1.335005929861895035e+00,5.049507621874018692e-01,7.773838661601835121e-01,4.285714285714285476e-01,8.333333333333333703e-01,3.477782778857856805e+00,1.666666666666666574e-01,3.333333333333333148e-01,3.479077266506263477e+00
5.284000015753747721e+04,5.104553310772179664e-01,2.588542109647888265e-02,4.193380747641050066e-01,8.821467172029644477e-01,4.949388805367428978e-01,8.223415080537436195e-01,5.714285714285713969e-01,8.333333333333333703e-01,3.646130979909210090e+00,1.250000000000000000e-01,3.333333333333333148e-01,3.591643790349826837e+00
5.285000015756729408e+04,1.095463910177801203e+00,6.609993278522512117e-02,1.547813083686389923e+00,2.758830559649523284e+00,2.850010657520319901e-01,5.830641784481702672e-01,2.380952380952380820e-01,5.000000000000000000e-01,3.608029004265285167e+00,1.250000000000000000e-01,3.333333333333333148e-01,3.481871429152521902e+00
5.286000015759710368e+04,7.198720920984068572e-01,2.823073733549617131e-02,1.286393153031778480e+00,1.971440229479703543e+00,6.779895467824583744e-01,9.504501386961141662e-01,7.619047619047618625e-01,1.000000000000000000e+00,3.591239372192491341e+00,8.333333333333332871e-02,3.333333333333333148e-01,3.629117408518676591e+00
5.287000015762692055e+04,5.941908700983469238e-01,6.349932060921495425e-02,1.061039836278735216e+00,1.632629856031213578e+00,1.033153179915503594e+00,1.360638417764110875e+00,4.285714285714285476e-01,6.666666666666666297e-01,3.521344934487200096e+00,0.000000000000000000e+00,1.666666666666666574e-01,3.679924298520702131e+00
5.288000015765673015e+04,3.392844458624181825e-01,4.655630771347639418e-02,1.590741173427581145e+00,1.081480814489217845e+00,4.516116794625937847e-01,7.988917632617853481e-01,6.190476190476190688e-01,8.333333333333333703e-01,3.509572601081765164e+00,1.250000000000000000e-01,3.333333333333333148e-01,3.395982779322451073e+00
5.289000015768654703e+04,3.605299323881928641e-01,5.628265488617090889e-02,7.808155305215350728e-01,8.567439136556680435e-01,3.346995665304162704e-01,6.683942378285608887e-01,6.190476190476190688e-01,6.666666666666666297e-01,3.508366000266902596e+00,8.333333333333332871e-02,3.333333333333333148e-01,3.508366000266902596e+00
5.290000015771636390e+04,2.829144197191447718e-01,7.121078991502763356e-02,9.856745467431600183e-01,9.179860492712638154e-01,6.601133884499575943e-01,9.984911319422991038e-01,6.190476190476190688e-01,8.333333333333333703e-01,3.543214439283200790e+00,8.333333333333332871e-02,3.333333333333333148e-01,3.576284347815941178e+00
5.291000015774617350e+04,8.192991585062385784e-01,5.452935561335072595e-02,1.159681863936127488e+00,1.475585841531506404e+00,4.045975064160411971e-01,7.232338001858596988e-01,5.238095238095238360e-01,5.000000000000000000e-01,3.351193387289501224e+00,1.250000000000000000e-01,3.333333333333333148e-01,3.351193387289501224e+00
5.292000015777599037e+04,7.510008576362422472e-01,6.940955204713682158e-02,2.472204961389168787e+00,2.476373311131021548e+00,4.574652821486608900e-01,7.630898393662501888e-01,4.761904761904761640e-01,8.333333333333333703e-01,3.741742793142798895e+00,8.333333333333332871e-02,3.333333333333333148e-01,3.741742793142798895e+00
5.293000015780580725e+04,3.655543594289191178e-01,6.135092914368093370e-02,1.179864162114247383e+00,1.625282452840011826e+00,5.651765344006580705e-01,9.108929856063452402e-01,7.619047619047618625e-01,8.333333333333333703e-01,3.670893865779314424e+00,1.250000000000000000e-01,3.333333333333333148e-01,3.670893865779314424e+00
5.294000015783561685e+04,3.751663996188094874e-01,4.259762570062475273e-02,1.395814261834561698e+00,8.397839230776387165e-01,6.540738953171636449e-01,9.697493896982704031e-01,5.238095238095238360e-01,1.000000000000000000e+00,3.433116532428881040e+00,8.333333333333332871e-02,3.333333333333333148e-01,3.433116532428881040e+00
5.295000015786543372e+04,6.091934036169536215e-01,4.766340068685433889e-02,6.562651965314406644e-01,8.352890200280008726e-01,4.853469276906669516e-01,8.092063235352265904e-01,5.238095238095238360e-01,5.000000000000000000e-01,3.379534847038784928e+00,1.250000000000000000e-01,3.333333333333333148e-01,3.379534847038784928e+00
5.296000015789524332e+04,4.348039481973347553e-01,5.425279207218561967e-02,1.638377587749153097e+00,1.546812894690230200e+00,7.827122339073813162e-01,1.110554147101957101e+00,6.190476190476190688e-01,8.333333333333333703e-01,3.529506490734219515e+00,8.333333333333332871e-02,3.333333333333333148e-01,3.529506490734219515e+00
5.297000015792506019e+04,6.175328606294520073e-01,5.708100736972834821e-02,1.992114297750487539e+00,1.306020862295067753e+00,6.443498939844376494e-01,9.909559561403195049e-01,6.190476190476190688e-01,8.333333333333333703e-01,3.794622296083546953e+00,1.666666666666666574e-01,3.333333333333333148e-01,3.695271662627635401e+00
5.298000015795487707e+04,7.048300126884389227e-01,4.936775751113332139e-02,1.978453706684125679e+00,2.545433496819122787e+00,4.729882247783862015e-01,7.769152254100455401e-01,5.238095238095238360e-01,8.333333333333333703e-01,3.628843368776678791e+00,1.666666666666666574e-01,3.333333333333333148e-01,3.590942776654700630e+00
5.299000015798468667e+04,4.348323712151854203e-01,4.612350052203513517e-02,9.518616923726019863e-01,1.056646252611017189e+00,3.878683429248231951e-01,7.085098586922098374e-01,4.761904761904761640e-01,8.333333333333333703e-01,3.561500602622873934e+00,1.250000000000000000e-01,3.333333333333333148e-01,3.561500602622873934e+00
5.300000015801450354e+04,6.354311306516198243e-01,6.398414507917958571e-02,1.389433358290385501e+00,1.485009297471678202e+00,7.498672603877575282e-01,1.060980703227125677e+00,2.857142857142856984e-01,6.666666666666666297e-01,3.637207901487200523e+00,8.333333333333332871e-02,3.333333333333333148e-01,3.637207901487200523e+00
5.301000015804431314e+04,5.172101259763624004e-01,1.028520219738170982e-01,7.562754846705845857e-01,1.735130793541401317e+00,7.583200158738894192e-01,1.104739057215884390e+00,3.333333333333333148e-01,6.666666666666666297e-01,3.162297074131474872e+00,1.250000000000000000e-01,3.333333333333333148e-01,3.162297074131474872e+00
5.302000015807413001e+04,1.003353624924542276e+00,5.860240831212781831e-02,8.644418152429117486e-01,1.972230446538854487e+00,1.910734335769572467e-01,5.320458249128673378e-01,4.761904761904761640e-01,6.666666666666666297e-01,3.726648314398684825e+00,1.250000000000000000e-01,3.333333333333333148e-01,3.773907531358540624e+00
5.303000015810394689e+04,2.951235822309623558e-01,4.557042706010564631e-02,5.791915299708987330e-01,1.309415689845276232e+00,6.486500771758428874e-01,9.879881532568471902e-01,4.761904761904761640e-01,6.666666666666666297e-01,3.676270915583798704e+00,1.250000000000000000e-01,3.333333333333333148e-01,3.676270915583798704e+00
5.304000015813375649e+04,3.960733792608614467e-01,5.185841480601885434e-02,9.615663480674500052e-01,1.596846519456275981e+00,6.913005187871471557e-01,1.031869200715548995e+00,4.285714285714285476e-01,8.333333333333333703e-01,3.945155882537731529e+00,8.333333333333332871e-02,3.333333333333333148e-01,3.945155882537731529e+00
5.305000015816357336e+04,7.266691401510654291e-01,5.005484877619793826e-02,1.433268636652926586e+00,8.452861231973785028e-01,5.428949216653797816e-01,8.732177211376225268e-01,2.380952380952380820e-01,6.666666666666666297e-01,3.695904835811928635e+00,1.666666666666666574e-01,3.333333333333333148e-01,3.661706646612624905e+00
5.306000015819338296e+04,8.695587641622624098e-01,5.900618849387966741e-02,8.297211600539761145e-01,1.638256670007093074e+00,3.121648425270152072e-01,6.077830815395017794e-01,5.238095238095238360e-01,8.333333333333333703e-01,3.492435769940728463e+00,1.250000000000000000e-01,3.333333333333333148e-01,3.552378997699902285e+00
5.307000015822319983e+04,7.612164680757834700e-01,5.361736102587295189e-02,9.391368662362553632e-01,1.974278855226266893e+00,5.119227447170767720e-01,8.560653893836873696e-01,5.238095238095238360e-01,1.000000000000000000e+00,3.719824892722798371e+00,1.250000000000000000e-01,3.333333333333333148e-01,3.563873217430326257e+00
5.308000015825301671e+04,4.744127149622491824e-01,7.384697304166490395e-02,9.897826820442438001e-01,2.003546843643546627e+00,6.969783863760599107e-01,9.856386250551221195e-01,3.809523809523809312e-01,8.333333333333333703e-01,3.538510587301378685e+00,8.333333333333332871e-02,3.333333333333333148e-01,3.538510587301378685e+00
5.309000015828282631e+04,7.094332262972035119e-01,5.624780868820997148e-02,7.557330829534324446e-01,1.732148314793164889e+00,4.591839882474946788e-01,7.900934110156571100e-01,6.190476190476190688e-01,8.333333333333333703e-01,3.553616373823286878e+00,1.250000000000000000e-01,3.333333333333333148e-01,3.553616373823286878e+00
5.310000015831264318e+04,9.285410096287707304e-01,5.553269782280054884e-02,1.073117553165737315e+00,2.093132102206051837e+00,4.656780955250070519e-01,8.063049478685198057e-01,3.333333333333333148e-01,8.333333333333333703e-01,3.438432802992840820e+00,1.250000000000000000e-01,3.333333333333333148e-01,3.252169965561958254e+00
5.311000015834246005e+04,6.757569537664249726e-01,6.876560353857426311e-02,1.308467027738908550e+00,1.753442504789489487e+00,3.352441132500427745e-01,6.774772181254776759e-01,2.857142857142856984e-01,5.000000000000000000e-01,3.720029344179690778e+00,1.250000000000000000e-01,3.333333333333333148e-01,3.770461700939007343e+00
5.312000015837226965e+04,9.620288413853921305e-01,5.187105140064444952e-02,8.518169388251208840e-01,1.870554883974384186e+00,6.734266791479978087e-01,1.007865965853521395e+00,5.714285714285713969e-01,6.666666666666666297e-01,3.408774910943491054e+00,1.250000000000000000e-01,3.333333333333333148e-01,3.353219021148265977e+00
5.313000015840208653e+04,8.047649168952134557e-01,6.010857548431391278e-02,5.318936694239257967e-01,1.250343727827853524e+00,3.430520056639603244e-01,6.689271564319022589e-01,5.238095238095238360e-01,8.333333333333333703e-01,3.470158197498126373e+00,1.250000000000000000e-01,3.333333333333333148e-01,3.470158197498126373e+00
5.314000015843189612e+04,7.585567918738299609e-01,3.114944362524626337e-02,9.083592911863660468e-01,1.592511771097616879e+00,4.798612123533486096e-01,8.205233937558430446e-01,4.285714285714285476e-01,6.666666666666666297e-01,3.902280330804695385e+00,1.666666666666666574e-01,3.333333333333333148e-01,3.536350158109292874e+00
5.315000015846171300e+04,7.505423361324150555e-01,6.974923216396100578e-02,1.186424078545015970e+00,1.743106591984465492e+00,4.668322366715518812e-01,7.847607501534034080e-01,5.714285714285713969e-01,1.000000000000000000e+00,3.940422636225049402e+00,1.250000000000000000e-01,3.333333333333333148e-01,3.562942387461736526e+00
5.316000015849152987e+04,6.616884085643717217e-01,7.651684826003790629e-02,1.374345244576941072e+00,2.074761518067664401e+00,6.394945587958278388e-01,9.727142958880149459e-01,5.238095238095238360e-01,8.333333333333333703e-01,3.843030015842152647e+00,1.250000000000000000e-01,3.333333333333333148e-01,3.358107290579959603e+00
5.317000015852133947e+04,4.996361842842179102e-01,4.548093194979782594e-02,9.161208280551290661e-01,1.528276830463901392e+00,7.023545376246538297e-01,1.048892166385003710e+00,2.857142857142856984e-01,6.666666666666666297e-01,3.703049126399934110e+00,1.250000000000000000e-01,3.333333333333333148e-01,3.706009926220182660e+00
5.318000015855115635e+04,7.747924159966026458e-01,6.322391383450784441e-02,1.489508931822522086e+00,2.078523156260529525e+00,1.657633466449324189e-01,4.976996528676819187e-01,5.238095238095238360e-01,1.000000000000000000e+00,3.501277317013995027e+00,1.250000000000000000e-01,3.333333333333333148e-01,3.501277317013995027e+00
5.319000015858096594e+04,8.767027313374615716e-01,3.642941672905846556e-02,1.669747976109183796e+00,2.716452675070653466e+00,6.847614931209602407e-01,1.024541909347791435e+00,3.809523809523809312e-01,8.333333333333333703e-01,3.748960566136591677e+00,4.166666666666666435e-02,3.333333333333333148e-01,3.563871596912575157e+00
5.320000015861078282e+04,5.273450562285437737e-01,6.371455142256610138e-02,6.374383547435243935e-01,1.543398575971457687e+00,3.856688258411442582e-01,7.270641180260936087e-01,6.190476190476190688e-01,1.000000000000000000e+00,3.714204052703959480e+00,1.250000000000000000e-01,3.333333333333333148e-01,3.798297434495880864e+00
5.321000015864059969e+04,2.906409670539085721e-01,6.286852559962521902e-02,6.295361317999380590e-01,1.385305547692576633e+00,6.130730614419660496e-01,9.595222952625135360e-01,5.238095238095238360e-01,1.000000000000000000e+00,3.646107303467956307e+00,1.250000000000000000e-01,3.333333333333333148e-01,3.902396375046740307e+00
5.322000015867040929e+04,7.527727652975709782e-01,7.065602857773950474e-02,1.494396444497091636e+00,2.325423046630782142e+00,6.037250110518634916e-01,9.461575128836097193e-01,5.714285714285713969e-01,8.333333333333333703e-01,3.648777824536645120e+00,1.250000000000000000e-01,3.333333333333333148e-01,3.622912588483179874e+00
5.323000015870022617e+04,4.871466192829926878e-01,4.217607494851363659e-02,8.541221688042428539e-01,1.165198228488731447e+00,7.222343309363491448e-01,1.069041747784586605e+00,5.714285714285713969e-01,8.333333333333333703e-01,3.504744468737388541e+00,4.166666666666666435e-02,3.333333333333333148e-01,3.801177678974934970e+00
5.324000015873004304e+04,6.228896312034848393e-01,4.057207357632553607e-02,1.585479958750877438e+00,2.284235783400296871e+00,5.626923236087632008e-01,9.035778639269218537e-01,4.285714285714285476e-01,1.000000000000000000e+00,3.593191710290794649e+00,8.333333333333332871e-02,3.333333333333333148e-01,3.605779624462372102e+00
5.325000015875985264e+04,5.017632199389813197e-01,6.808589621761555744e-02,1.534783502206862993e+00,1.871224859852804512e+00,6.090097024204441656e-01,9.322563277029271012e-01,6.190476190476190688e-01,1.000000000000000000e+00,3.502315176003516495e+00,8.333333333333332871e-02,3.333333333333333148e-01,3.797504183789861099e+00
5.326000015878966951e+04,7.464275754648791450e-01,3.571996038147669250e-02,7.764438862932798724e-01,1.090366674067247299e+00,6.828305724399840182e-01,9.769255413576792835e-01,5.238095238095238360e-01,1.000000000000000000e+00,3.581765883190149768e+00,1.250000000000000000e-01,3.333333333333333148e-01,3.708209724314237565e+00
5.327000015881947911e+04,5.489024499370892540e-01,4.998392796657971648e-02,5.265474014430827632e-01,1.229072970998905001e+00,3.503972290246782917e-01,5.935442758587475831e-01,4.285714285714285476e-01,8.333333333333333703e-01,3.447789657576743938e+00,8.333333333333332871e-02,3.333333333333333148e-01,3.447789657576743938e+00
5.328000015884929599e+04,6.496353620697220554e-01,5.484048090874164838e-02,6.112422512414150688e-01,1.029538304308729835e+00,6.695106504926338076e-01,9.813324218132616350e-01,5.714285714285713969e-01,1.000000000000000000e+00,3.299567994694678319e+00,0.000000000000000000e+00,1.666666666666666574e-01,3.299567994694678319e+00
5.329000015887911286e+04,4.518620286315285783e-01,5.318940906776881139e-02,3.671264811903099945e-01,1.076691634456400370e+00,5.996279448607320095e-01,9.326275968143568074e-01,5.714285714285713969e-01,8.333333333333333703e-01,3.777714282916829092e+00,1.250000000000000000e-01,3.333333333333333148e-01,3.596682653258393980e+00
5.330000015890892246e+04,6.783775280255326390e-01,7.039201777591549969e-02,2.264821604110822229e+00,2.278209190948150553e+00,4.195564338596424192e-01,7.629687888043209520e-01,4.761904761904761640e-01,1.000000000000000000e+00,3.560083524530410326e+00,4.166666666666666435e-02,3.333333333333333148e-01,3.498017812208560340e+00
5.331000015893873933e+04,9.226450507522823141e-01,8.446370259386565271e-02,1.581063606288243273e+00,1.935144587238939451e+00,3.630279091348880272e-01,4.258878979145289123e-01,5.714285714285713969e-01,1.000000000000000000e+00,3.530441580582175387e+00,8.333333333333332871e-02,3.333333333333333148e-01,3.843252362952263024e+00
5.332000015896854893e+04,6.039193605071567772e-01,4.050155935415324093e-02,9.639607586717628962e-01,1.176758934175111682e+00,5.144274516988383006e-01,8.568558327167415944e-01,6.666666666666666297e-01,8.333333333333333703e-01,3.493473663706160082e+00,8.333333333333332871e-02,3.333333333333333148e-01,3.493473663706160082e+00
5.333000015899836581e+04,6.027487157272056750e-01,6.308447749522126669e-02,5.019704482871634177e-01,8.824764498540089708e-01,4.697397337685925156e-01,7.530936636540767060e-01,3.809523809523809312e-01,8.333333333333333703e-01,3.595886968188084065e+00,1.250000000000000000e-01,3.333333333333333148e-01,3.732435331807533174e+00
5.334000015902818268e+04,9.924078754130342128e-01,5.223451108501086376e-02,1.317903703541628779e+00,2.057153722906338800e+00,4.547031718971671355e-01,7.130201719449912323e-01,6.666666666666666297e-01,8.333333333333333703e-01,3.500952662317289743e+00,1.250000000000000000e-01,3.333333333333333148e-01,3.687483743846298623e+00
5.335000015905799228e+04,7.010868297190065990e-01,4.287627395425847032e-02,1.411679447132748733e+00,2.108872117152726489e+00,7.651261267589257731e-01,1.098972029123927774e+00,3.333333333333333148e-01,6.666666666666666297e-01,3.727201269783300130e+00,1.250000000000000000e-01,3.333333333333333148e-01,3.646957555475031754e+00
5.336000015908780915e+04,6.265291982903329338e-01,4.755141599996556834e-02,4.468883230680175678e-01,1.290606933572832293e+00,2.691344282195303195e-01,5.942665561069848668e-01,4.761904761904761640e-01,1.000000000000000000e+00,3.497293284738801411e+00,1.250000000000000000e-01,3.333333333333333148e-01,3.497293284738801411e+00
5.337000015911761875e+04,4.678834326992813986e-01,6.163562631509413720e-02,1.458423583972581206e+00,2.001845241916676787e+00,5.349089997710174682e-01,8.668683739731669613e-01,4.761904761904761640e-01,1.000000000000000000e+00,3.588423135591717550e+00,8.333333333333332871e-02,3.333333333333333148e-01,4.046665265423127877e+00
5.338000015914743562e+04,6.019731472813873996e-01,5.800029575033936735e-02,1.923462371578025021e+00,1.783676056734378568e+00,5.206957116534040031e-01,8.649324163843430391e-01,5.714285714285713969e-01,1.000000000000000000e+00,3.726067871914055196e+00,0.000000000000000000e+00,1.666666666666666574e-01,3.519497654592193658e+00
5.339000015917725250e+04,6.493070405223080321e-01,5.172049373958780699e-02,8.104682011037607214e-01,1.256310887877813753e+00,4.918930280131809107e-01,8.125838169370678266e-01,4.285714285714285476e-01,8.333333333333333703e-01,3.297078324999857202e+00,1.250000000000000000e-01,3.333333333333333148e-01,3.297078324999857202e+00
5.340000015920706210e+04,7.286321507595466818e-01,4.949711880941234238e-02,9.815083154786964359e-01,1.065189151304603010e+00,5.416159381377566584e-01,8.022851080866597595e-01,4.285714285714285476e-01,8.333333333333333703e-01,3.449408416193745719e+00,1.250000000000000000e-01,3.333333333333333148e-01,3.449408416193745719e+00
5.341000015923687897e+04,4.678433696150756660e-01,6.117242660921786562e-02,6.461555639276846952e-01,1.102275179197315769e+00,4.014126151368194173e-01,7.338679032655216483e-01,3.333333333333333148e-01,6.666666666666666297e-01,3.737005090573704447e+00,8.333333333333332871e-02,3.333333333333333148e-01,3.899482405451964340e+00
5.342000015926669585e+04,7.396056105943046299e-01,4.436527121806697199e-02,1.059581685333242707e+00,1.592075043231458098e+00,4.689735843765191481e-01,7.384040622134780962e-01,5.714285714285713969e-01,8.333333333333333703e-01,3.523474625958627371e+00,1.250000000000000000e-01,3.333333333333333148e-01,3.664675619462809841e+00
5.343000015929650544e+04,9.459310795860144117e-01,6.165754526791626666e-02,1.304991372780993864e+00,2.702722857471199447e+00,5.955578810165835790e-01,8.982420444359104916e-01,3.333333333333333148e-01,6.666666666666666297e-01,3.537140313348286380e+00,0.000000000000000000e+00,1.666666666666666574e-01,3.847799279017446228e+00
5.344000015932632232e+04,7.882580352205630358e-01,4.050028234867263793e-02,9.242138397792031279e-01,1.717464113420034133e+00,3.976911127455645678e-01,6.468740414204744438e-01,3.333333333333333148e-01,8.333333333333333703e-01,3.375516979050819710e+00,8.333333333333332871e-02,3.333333333333333148e-01,3.375516979050819710e+00
5.345000015935613192e+04,6.890283242018367948e-01,6.494452198640847385e-02,6.900054959691557244e-01,1.644273877399649697e+00,5.759785168520885623e-01,8.842472152347743419e-01,6.666666666666666297e-01,1.000000000000000000e+00,3.805830795114907072e+00,1.250000000000000000e-01,3.333333333333333148e-01,3.418338122609661855e+00
5.346000015938594879e+04,5.261044556446523579e-01,4.485081975930284293e-02,1.372748365155589623e+00,1.829664423451417443e+00,5.476930577677180390e-01,8.748718592746936862e-01,5.714285714285713969e-01,8.333333333333333703e-01,3.582723691506454422e+00,1.250000000000000000e-01,3.333333333333333148e-01,3.582723691506454422e+00
5.347000015941576567e+04,6.955296398456101148e-01,7.141198116042155042e-02,6.050498134541850703e-01,1.710728083425359758e+00,5.741779311355404980e-01,8.851160307749036393e-01,3.809523809523809312e-01,8.333333333333333703e-01,3.395535421995837133e+00,1.250000000000000000e-01,3.333333333333333148e-01,3.395535421995837133e+00
5.348000015944557526e+04,7.026404488895308109e-01,5.902329085055956631e-02,8.238699484270191054e-01,1.769008930346279040e+00,6.526493433269755506e-01,9.942293525678485011e-01,6.666666666666666297e-01,1.000000000000000000e+00,3.742342280180019021e+00,1.250000000000000000e-01,3.333333333333333148e-01,3.706136840040017866e+00
5.349000015947539214e+04,5.395845074392466856e-01,4.601093992642445868e-02,7.739122856725776378e-01,1.179986522090111345e+00,7.805902154387166503e-01,1.089071948356121755e+00,6.190476190476190688e-01,8.333333333333333703e-01,3.542798281806756489e+00,1.250000000000000000e-01,3.333333333333333148e-01,3.542798281806756489e+00
5.350000015950520174e+04,8.615688856812796503e-01,6.324997682570343560e-02,9.188259646421071958e-01,1.708300859673863581e+00,5.172353260922374352e-01,8.652429328431391342e-01,6.190476190476190688e-01,6.666666666666666297e-01,3.475957653145005821e+00,1.666666666666666574e-01,3.333333333333333148e-01,3.625783281520667867e+00
5.351000015953501861e+04,8.427402801401054910e-01,7.165712183633998755e-02,1.045560619368133048e+00,1.218683871572594279e+00,4.816339306985624180e-01,7.579490718013222050e-01,4.761904761904761640e-01,8.333333333333333703e-01,3.441483808131519329e+00,1.250000000000000000e-01,3.333333333333333148e-01,3.441483808131519329e+00
5.352000015956483549e+04,5.158291090794145939e-01,5.851264351575360956e-02,6.036763998720526825e-01,1.037652277357490993e+00,5.153716516488415778e-01,8.617552061487292470e-01,3.809523809523809312e-01,6.666666666666666297e-01,3.779150626425626491e+00,1.250000000000000000e-01,3.333333333333333148e-01,3.648351353823858112e+00
5.353000015959464508e+04,8.541978518745686477e-01,7.379534195969375543e-02,4.484278536302236939e-01,1.614525671044361621e+00,6.499484593939665045e-01,9.844196033329933870e-01,4.761904761904761640e-01,8.333333333333333703e-01,3.553693574864195348e+00,1.250000000000000000e-01,3.333333333333333148e-01,3.636994931741753589e+00
5.354000015962446196e+04,4.387389525758378928e-01,5.764164426491899529e-02,9.343837155292904484e-01,1.408558474042343578e+00,5.352267148345611902e-01,8.498630267458255894e-01,5.238095238095238360e-01,8.333333333333333703e-01,3.351379019856111086e+00,1.250000000000000000e-01,3.333333333333333148e-01,3.351379019856111086e+00
5.355000015965427883e+04,1.110165818890700207e+00,5.455213518511925486e-02,1.383964199327585076e+00,1.574521027376794224e+00,6.318493332688341901e-01,7.269212209122081214e-01,5.238095238095238360e-01,8.333333333333333703e-01,3.299574434610230256e+00,1.250000000000000000e-01,3.333333333333333148e-01,3.299574434610230256e+00
5.356000015968408843e+04,3.629303862416369264e-01,4.749672863179554838e-02,6.076186485725233455e-01,1.920899387662638569e+00,6.254330040897054799e-01,9.639170609826983593e-01,6.190476190476190688e-01,8.333333333333333703e-01,3.329415188042052609e+00,8.333333333333332871e-02,3.333333333333333148e-01,3.329415188042052609e+00
5.357000015971390530e+04,6.198662291629408738e-01,6.224920919365970612e-02,5.217064165705490586e-01,1.272773525981998555e+00,4.045321779274163032e-01,7.287733959167354003e-01,4.285714285714285476e-01,6.666666666666666297e-01,3.643485791244392313e+00,1.250000000000000000e-01,3.333333333333333148e-01,3.643485791244392313e+00
5.358000015974371490e+04,1.027410776198381059e+00,6.746120204494172878e-02,2.429413903122793261e+00,2.435789058390009476e+00,4.004685985330380116e-01,7.200066362522665742e-01,3.333333333333333148e-01,5.000000000000000000e-01,3.646903869557298172e+00,8.333333333333332871e-02,3.333333333333333148e-01,3.646903869557298172e+00
5.359000015977353178e+04,9.708405125789406620e-01,5.090825763231646844e-02,1.067281607250632813e+00,2.234262922246704974e+00,5.076419866078560883e-01,7.950051374212364630e-01,5.238095238095238360e-01,8.333333333333333703e-01,3.685824161373348229e+00,1.666666666666666574e-01,3.333333333333333148e-01,3.450926382094304135e+00
5.360000015980334865e+04,6.415417916427768041e-01,6.003522779795356090e-02,1.172439221407869603e+00,1.648044292990965998e+00,4.188309111317586875e-01,7.022320955125498365e-01,5.238095238095238360e-01,8.333333333333333703e-01,3.841011182247895395e+00,1.250000000000000000e-01,3.333333333333333148e-01,3.533190193044784877e+00
5.361000015983315825e+04,5.807695125330970543e-01,6.656201623607146955e-02,6.694054530723009266e-01,9.951256721277801365e-01,4.531876602597604276e-01,7.881856902227470929e-01,7.142857142857143016e-01,8.333333333333333703e-01,3.507730989670005073e+00,1.250000000000000000e-01,3.333333333333333148e-01,3.507730989670005073e+00
5.362000015986297512e+04,5.555101290238422251e-01,4.934694199360135231e-02,5.572470619758977950e-01,9.026150417411362703e-01,4.415868142873326518e-01,7.647308249302207095e-01,3.333333333333333148e-01,6.666666666666666297e-01,3.622798404467706401e+00,1.250000000000000000e-01,3.333333333333333148e-01,3.622798404467706401e+00
5.363000015989278472e+04,6.550670143191577033e-01,3.855521916014816031e-02,1.239859147768277436e+00,2.001286295838923479e+00,5.134384127138194032e-01,8.150890465795046502e-01,5.714285714285713969e-01,8.333333333333333703e-01,3.795887759708385101e+00,1.250000000000000000e-01,3.333333333333333148e-01,3.648738865054761860e+00
5.364000015992260160e+04,4.256853589967036222e-01,7.526190566929433223e-02,5.867319057813288330e-01,1.191059774171441932e+00,5.736279409133935303e-01,9.093923121565234968e-01,4.761904761904761640e-01,6.666666666666666297e-01,3.822795071680326728e+00,1.250000000000000000e-01,3.333333333333333148e-01,3.533242243017573614e+00
5.365000015995241847e+04,3.531434644504004572e-01,4.280305164639893606e-02,7.786677978488505403e-01,1.350984416679701594e+00,5.708051861661966875e-01,9.066392522025240597e-01,3.809523809523809312e-01,8.333333333333333703e-01,3.514073121048481685e+00,1.250000000000000000e-01,3.333333333333333148e-01,3.576857077747699787e+00
5.366000015998222807e+04,5.304823206973030558e-01,5.103820701799142989e-02,6.993441647243052728e-01,1.188311422214948898e+00,6.682304209460537825e-01,9.411749924462680106e-01,4.285714285714285476e-01,8.333333333333333703e-01,3.363015891102532962e+00,1.250000000000000000e-01,3.333333333333333148e-01,3.363015891102532962e+00
5.367000016001204494e+04,4.246615051482431902e-01,5.268452961701825671e-02,1.005773710784374275e+00,1.866954565098742247e+00,5.429990459269129488e-01,8.757542597731292622e-01,3.809523809523809312e-01,1.000000000000000000e+00,3.433723169417333132e+00,1.250000000000000000e-01,3.333333333333333148e-01,3.433723169417333132e+00
5.368000016004185454e+04,9.271512275949718163e-01,4.775222284215058927e-02,8.606126194257257556e-01,1.292407593466785576e+00,5.095720757852975069e-01,7.812349358409755862e-01,5.714285714285713969e-01,8.333333333333333703e-01,3.657377687903305308e+00,1.666666666666666574e-01,3.333333333333333148e-01,3.329907345432292498e+00
5.369000016007167142e+04,3.301484338409510499e-01,5.819882170940022387e-02,7.957062819712368285e-01,1.343195456045031877e+00,6.761597266255584548e-01,1.019513233629513405e+00,6.666666666666666297e-01,1.000000000000000000e+00,3.449814504746165689e+00,1.250000000000000000e-01,3.333333333333333148e-01,3.530073944529398489e+00
5.370000016010148829e+04,1.230763862323650981e+00,5.468154056442497274e-02,1.213144299620074751e+00,1.562515573990730822e+00,5.006466358964229979e-01,7.200732118045030106e-01,1.904761904761904656e-01,5.000000000000000000e-01,3.726658463094473905e+00,1.250000000000000000e-01,3.333333333333333148e-01,3.752480895243561321e+00
5.371000016013129789e+04,9.045791459932815970e-01,3.475922598021803644e-02,4.757929705997649972e-01,8.082786317715237034e-01,4.202757838552615421e-01,7.605571413653884338e-01,3.333333333333333148e-01,6.666666666666666297e-01,3.305674236981340108e+00,1.666666666666666574e-01,3.333333333333333148e-01,3.305674236981340108e+00
5.372000016016111476e+04,9.436718490387718816e-01,6.095851380978589001e-02,9.422850321712188393e-01,1.260349232458189750e+00,5.660080793347658235e-01,8.775027156378014670e-01,3.333333333333333148e-01,6.666666666666666297e-01,3.399439697626074786e+00,1.666666666666666574e-01,3.333333333333333148e-01,3.399439697626074786e+00
5.373000016019093164e+04,6.947721323940259097e-01,6.067622248649501976e-02,6.856364525116985797e-01,1.445181999979968213e+00,6.376910366081547377e-01,9.285662892275375890e-01,4.761904761904761640e-01,6.666666666666666297e-01,3.359189111422746343e+00,1.250000000000000000e-01,3.333333333333333148e-01,3.359189111422746343e+00
5.374000016022074124e+04,8.723267941962412619e-01,7.323949131285426017e-02,6.120358369007765642e-01,9.171034642763830069e-01,2.370334265754799052e-01,5.681662768034281275e-01,3.809523809523809312e-01,5.000000000000000000e-01,3.829391833770458220e+00,1.666666666666666574e-01,3.333333333333333148e-01,3.468798326807617016e+00
5.375000016025055811e+04,7.697916073493537015e-01,6.268314209485917332e-02,8.298425804854456800e-01,8.305010935230356939e-01,7.517487721990029348e-01,9.962155510612209497e-01,6.666666666666666297e-01,8.333333333333333703e-01,3.653025829003415215e+00,1.250000000000000000e-01,3.333333333333333148e-01,3.653025829003415215e+00
5.376000016028036771e+04,1.242328846344432858e+00,4.757094864282104124e-02,7.726106074555955106e-01,1.241735319291154216e+00,4.471796532847772121e-01,7.719808553434595044e-01,3.809523809523809312e-01,8.333333333333333703e-01,3.655542864825145344e+00,1.250000000000000000e-01,3.333333333333333148e-01,3.640373650550749129e+00
5.377000016031018458e+04,4.111167047879514813e-01,4.049164030309237994e-02,8.353719834257739008e-01,1.468551263937275086e+00,4.290477414211510965e-01,7.752692044239526403e-01,6.190476190476190688e-01,1.000000000000000000e+00,3.600287534433032732e+00,1.250000000000000000e-01,3.333333333333333148e-01,3.735373022851363078e+00
5.378000016034000146e+04,8.281111651982769883e-01,7.933043096185636578e-02,1.315004002026818108e+00,2.100910793916726860e+00,2.098048257893571633e-01,5.234348060630836796e-01,5.238095238095238360e-01,8.333333333333333703e-01,3.321245456587643474e+00,1.250000000000000000e-01,3.333333333333333148e-01,3.321245456587643474e+00
5.379000016036981106e+04,5.819883624585616699e-01,7.259894434729577406e-02,1.232450371974184389e+00,1.505954610104145663e+00,5.339787429670664887e-01,8.370783942623349905e-01,4.285714285714285476e-01,8.333333333333333703e-01,3.681849779473595152e+00,1.666666666666666574e-01,3.333333333333333148e-01,3.500197501058928129e+00
5.380000016039962793e+04,5.037825699949306513e-01,5.717991874416173542e-02,5.911030825931433696e-01,1.832607751257551376e+00,6.060779163799233649e-01,9.039151173737628442e-01,6.190476190476190688e-01,8.333333333333333703e-01,3.733370849948603354e+00,8.333333333333332871e-02,3.333333333333333148e-01,3.733370849948603354e+00
5.381000016042943753e+04,6.349626798407059791e-01,4.997998763287494345e-02,7.779032154552469880e-01,1.535603877610334678e+00,5.042079540127373249e-01,7.828681330643877390e-01,4.285714285714285476e-01,8.333333333333333703e-01,3.114826287820485984e+00,8.333333333333332871e-02,3.333333333333333148e-01,3.114826287820485984e+00
5.382000016045925440e+04,3.186854673917433045e-01,5.328452672730653317e-02,1.331107043568206416e+00,1.320254858527695196e+00,6.461818153806262455e-01,9.881082604871701536e-01,4.761904761904761640e-01,8.333333333333333703e-01,3.248075503827559718e+00,8.333333333333332871e-02,3.333333333333333148e-01,3.248075503827559718e+00
5.383000016048907128e+04,2.536712747771526222e-01,2.318824561844475690e-02,7.985658083272966223e-01,1.605920231538033427e+00,3.858895090605032330e-01,7.198616490242260024e-01,5.714285714285713969e-01,8.333333333333333703e-01,3.607464955055140532e+00,8.333333333333332871e-02,3.333333333333333148e-01,3.713308471266166144e+00
5.384000016051888088e+04,3.356738666370377433e-01,5.218371611683312455e-02,7.420033638571775780e-01,1.181564434454612789e+00,3.022400176479859146e-01,6.468601455300307945e-01,4.285714285714285476e-01,8.333333333333333703e-01,3.672270744031416179e+00,1.250000000000000000e-01,3.333333333333333148e-01,3.533017789150826093e+00
5.385000016054869775e+04,6.068954849219386771e-01,5.557730151259890339e-02,7.183887239308404116e-01,1.172085293879296053e+00,1.689790191124958263e-01,5.076533096747924967e-01,6.666666666666666297e-01,1.000000000000000000e+00,3.383509661913068456e+00,1.250000000000000000e-01,3.333333333333333148e-01,3.383509661913068456e+00
5.386000016057851462e+04,4.308250916396845764e-01,4.487490128346373341e-02,9.579462577418574876e-01,1.659322767172535018e+00,4.892651332266879649e-01,7.996717194313128774e-01,4.761904761904761640e-01,8.333333333333333703e-01,3.404752791138741852e+00,1.250000000000000000e-01,3.333333333333333148e-01,3.404752791138741852e+00
5.387000016060832422e+04,1.380415992068757536e+00,5.500040518711060006e-02,1.069776068545887693e+00,2.592190330574892787e+00,1.535834490839516620e-01,3.927281418190315398e-01,1.904761904761904656e-01,5.000000000000000000e-01,3.259216860804745153e+00,1.250000000000000000e-01,3.333333333333333148e-01,3.259216860804745153e+00
5.388000016063814110e+04,4.440257099336055169e-01,4.776016166764299187e-02,4.163027859116620322e-01,1.156278820171572796e+00,5.344341801030880745e-01,8.595053954572714483e-01,5.238095238095238360e-01,1.000000000000000000e+00,3.489721494676910396e+00,1.250000000000000000e-01,3.333333333333333148e-01,3.489721494676910396e+00
5.389000016066795069e+04,8.100818254665130835e-01,3.841778889644226896e-02,8.359974688416808020e-01,1.942024061709396898e+00,4.229423165853859468e-01,7.287869004754145008e-01,5.714285714285713969e-01,6.666666666666666297e-01,3.311713481738860487e+00,1.250000000000000000e-01,3.333333333333333148e-01,3.311713481738860487e+00
5.390000016069776757e+04,1.204616499875081015e+00,5.522677164972042418e-02,1.901998465476465006e+00,3.043659220173098312e+00,4.443394818357073728e-01,7.617075081665417580e-01,4.761904761904761640e-01,8.333333333333333703e-01,3.322982335644612206e+00,1.666666666666666574e-01,3.333333333333333148e-01,3.322982335644612206e+00
5.391000016072758444e+04,5.833026788510898841e-01,7.840122469979390885e-02,9.396461278548239315e-01,1.268011877739783300e+00,4.675556481425260369e-01,7.449817510296351530e-01,7.142857142857143016e-01,1.000000000000000000e+00,3.512832848993333812e+00,1.666666666666666574e-01,3.333333333333333148e-01,3.594155433919479226e+00
5.392000016075739404e+04,1.140384390360279276e+00,5.881674617728128995e-02,7.467141594326563991e-01,1.912128896510776777e+00,2.897350662914047748e-01,5.262284984676688371e-01,4.285714285714285476e-01,6.666666666666666297e-01,3.462987409917141157e+00,1.250000000000000000e-01,3.333333333333333148e-01,3.462987409917141157e+00
5.393000016078721092e+04,4.387771934830488885e-01,5.701693612190905647e-02,6.059698960155509573e-01,1.494556200293377435e+00,5.101142458688510128e-01,8.260675741513344716e-01,5.238095238095238360e-01,1.000000000000000000e+00,3.346794148381780687e+00,1.250000000000000000e-01,3.333333333333333148e-01,3.346794148381780687e+00
5.394000016081702051e+04,4.216987030328332442e-01,6.717043788869508925e-02,9.995598859433494354e-01,1.123798885900252564e+00,4.886285050776910666e-01,7.905903303274790517e-01,6.666666666666666297e-01,1.000000000000000000e+00,3.519668534245559588e+00,1.250000000000000000e-01,3.333333333333333148e-01,3.519668534245559588e+00
5.395000016084683739e+04,3.210075594572510682e-01,7.170529179009567378e-02,1.148036607328957626e+00,1.719248556744635170e+00,5.516745709782806539e-01,8.665537051613179109e-01,5.714285714285713969e-01,1.000000000000000000e+00,3.463132175115858136e+00,1.250000000000000000e-01,3.333333333333333148e-01,3.916622847976069188e+00
5.396000016087665426e+04,4.775344486653291809e-01,8.664565702109093548e-02,1.110098460311766511e+00,1.738567977446924484e+00,4.120523247061032013e-01,7.532762694087048461e-01,2.857142857142856984e-01,8.333333333333333703e-01,3.691985220326917450e+00,1.250000000000000000e-01,3.333333333333333148e-01,3.594431497205730519e+00
5.397000016090646386e+04,8.168617417780875689e-01,5.890367383661240797e-02,6.150469064478855108e-01,1.612595037177072976e+00,4.440030901860076429e-01,7.898457171050456971e-01,4.285714285714285476e-01,1.000000000000000000e+00,3.198387825695699238e+00,1.250000000000000000e-01,3.333333333333333148e-01,3.198387825695699238e+00
5.398000016093628074e+04,3.579795525628072239e-01,4.830889071054674661e-02,7.790145248136510769e-01,1.620980756433267667e+00,7.215445391015401500e-01,1.028328632986147850e+00,5.714285714285713969e-01,8.333333333333333703e-01,3.309509073253076750e+00,8.333333333333332871e-02,3.333333333333333148e-01,3.309509073253076750e+00
5.399000016096609033e+04,7.524604353877166751e-01,4.179814419070508602e-02,1.347831475259769096e+00,2.401087763410250542e+00,5.334210949527068424e-01,8.670464924358279868e-01,6.190476190476190688e-01,1.000000000000000000e+00,3.438680720858868334e+00,1.250000000000000000e-01,3.333333333333333148e-01,3.452208923973498766e+00
5.400000016099590721e+04,7.420609773483173299e-01,5.832696763544507890e-02,7.166172070344845046e-01,1.603607435008213455e+00,3.912658727798649094e-01,7.313360318094096479e-01,3.333333333333333148e-01,1.000000000000000000e+00,3.562026532544692259e+00,1.250000000000000000e-01,3.333333333333333148e-01,3.562026532544692259e+00
5.401000016102572408e+04,1.764101626843773418e-01,5.010263267828207051e-02,6.487862903530684511e-01,1.103235081146832330e+00,4.205838974418490972e-01,7.591545216494446358e-01,4.761904761904761640e-01,1.000000000000000000e+00,3.459604548663484547e+00,1.250000000000000000e-01,3.333333333333333148e-01,3.459604548663484547e+00
5.402000016105553368e+04,8.924739342785699137e-01,7.030248807707312197e-02,1.052650487278754099e+00,1.756419208513454455e+00,6.381346055128505057e-01,9.428833314713470637e-01,4.761904761904761640e-01,8.333333333333333703e-01,3.910620078625521412e+00,8.333333333333332871e-02,3.333333333333333148e-01,4.034575232262844757e+00
5.403000016108535056e+04,8.353094600427578564e-01,8.055648152910920012e-02,1.125089462651015726e+00,1.477307874376318164e+00,4.118436687032023813e-01,6.406840644517874939e-01,4.285714285714285476e-01,6.666666666666666297e-01,3.354448522432202040e+00,8.333333333333332871e-02,3.333333333333333148e-01,3.354448522432202040e+00
5.404000016111516743e+04,3.003759521660682164e-01,8.870568016715091320e-02,7.482411009083923537e-01,1.657724624850029027e+00,6.260265482515389168e-01,9.652475488642338064e-01,3.333333333333333148e-01,5.000000000000000000e-01,3.721436109561138128e+00,8.333333333333332871e-02,3.333333333333333148e-01,4.026186869777705901e+00
5.405000016114497703e+04,5.055217486412525441e-01,6.075880597494144608e-02,6.872251708283645399e-01,1.420226575734019780e+00,3.202221693647174239e-01,6.457347241946508332e-01,4.285714285714285476e-01,8.333333333333333703e-01,3.486095164818341807e+00,8.333333333333332871e-02,3.333333333333333148e-01,3.486095164818341807e+00
5.406000016117479390e+04,6.649279488751025369e-01,5.386050847394815294e-02,9.562990003636354652e-01,1.842667247106250406e+00,3.780439162876503834e-01,7.019515123415226432e-01,2.380952380952380820e-01,5.000000000000000000e-01,3.840082416981118296e+00,1.250000000000000000e-01,3.333333333333333148e-01,3.602754643869030549e+00
5.407000016120460350e+04,1.118613731742797768e+00,4.901363869506905613e-02,4.467358623014099361e-01,2.180489071811933410e+00,1.680853824613753877e-01,4.437898017491638258e-01,2.857142857142856984e-01,6.666666666666666297e-01,3.083677799766488370e+00,1.250000000000000000e-01,3.333333333333333148e-01,3.083677799766488370e+00
5.408000016123442037e+04,3.561826516837653389e-01,6.098289840171904064e-02,1.399540304970394056e+00,2.348761766968753495e+00,4.450702948921662072e-01,7.838380777436819713e-01,4.285714285714285476e-01,6.666666666666666297e-01,3.588859601776325015e+00,8.333333333333332871e-02,3.333333333333333148e-01,3.588859601776325015e+00
5.409000016126423725e+04,7.299570895000466741e-01,4.667696558686657005e-02,8.973830821681509917e-01,1.842671056580317490e+00,4.179637836767091663e-01,7.301329350786914807e-01,3.809523809523809312e-01,8.333333333333333703e-01,3.133161521885456935e+00,4.166666666666666435e-02,3.333333333333333148e-01,3.133161521885456935e+00
5.410000016129404685e+04,1.407914205445878419e+00,4.616548317329703666e-02,1.735932620193272768e+00,2.350062951862206706e+00,5.812800290433488559e-01,6.532794230336285146e-01,3.809523809523809312e-01,8.333333333333333703e-01,3.673730897018856911e+00,1.250000000000000000e-01,3.333333333333333148e-01,3.880136823724527506e+00
5.411000016132386372e+04,3.764946299015571318e-01,5.599315647963042097e-02,1.149482743081026159e+00,1.485113029222387970e+00,5.976931788985542227e-01,8.901979353240311310e-01,3.809523809523809312e-01,6.666666666666666297e-01,3.503742128589259153e+00,1.250000000000000000e-01,3.333333333333333148e-01,3.503742128589259153e+00
5.412000016135367332e+04,5.137747268788452892e-01,4.636202081704452610e-02,6.682755267222231232e-01,1.353674788273742768e+00,5.344081527882750260e-01,8.507654378637184989e-01,2.857142857142856984e-01,5.000000000000000000e-01,3.634799081344385119e+00,4.166666666666666435e-02,3.333333333333333148e-01,3.953285580822790468e+00
5.413000016138349019e+04,6.920795817571817610e-01,6.758327054424921598e-02,6.890062376272443334e-01,1.731108326740582459e+00,6.933119422188700476e-01,9.488853694389401960e-01,2.857142857142856984e-01,5.000000000000000000e-01,3.216533705897525852e+00,8.333333333333332871e-02,3.333333333333333148e-01,3.216533705897525852e+00
5.414000016141330707e+04,7.514108095043754432e-01,8.360320070140260518e-02,1.203607463209294348e+00,1.715774892857595990e+00,5.011705585349973679e-01,7.953500949639781270e-01,3.333333333333333148e-01,1.000000000000000000e+00,3.774105720862374280e+00,8.333333333333332871e-02,3.333333333333333148e-01,3.974031172083733132e+00
5.415000016144311667e+04,1.114289864748535974e+00,5.798699722526623468e-02,1.779077940353001264e+00,2.607439806391253168e+00,2.534918785683107356e-01,5.549925819915351166e-01,3.809523809523809312e-01,6.666666666666666297e-01,3.588578088146842315e+00,1.250000000000000000e-01,3.333333333333333148e-01,3.383047337903373197e+00
5.416000016147293354e+04,6.412067430257236689e-01,5.580660953764143145e-02,1.443778011514002424e+00,1.734020177731699475e+00,5.459934328349200783e-01,7.146930256488047695e-01,3.809523809523809312e-01,6.666666666666666297e-01,3.375155822781794157e+00,4.166666666666666435e-02,3.333333333333333148e-01,3.375155822781794157e+00
5.417000016150274314e+04,1.200056197866899321e+00,4.216839771791865837e-02,8.411595412838417385e-01,2.356025358994367824e+00,7.917665218170102381e-01,1.000952172967552789e+00,5.238095238095238360e-01,6.666666666666666297e-01,3.654628057372171224e+00,1.250000000000000000e-01,3.333333333333333148e-01,3.505468879103459390e+00
5.418000016153256001e+04,1.154543411848995449e+00,5.149065711285170238e-02,1.035753381834235931e+00,1.816828661680296664e+00,1.979745910810796483e-01,5.030604014184919537e-01,4.761904761904761640e-01,8.333333333333333703e-01,3.576671728722500276e+00,1.666666666666666574e-01,3.333333333333333148e-01,3.295349284967121761e+00
5.419000016156237689e+04,4.006481668764012571e-01,3.825947508669764324e-02,4.648576889615130825e-01,1.344229623051194311e+00,5.518454399897428919e-01,8.804051809764222858e-01,4.285714285714285476e-01,6.666666666666666297e-01,3.554686511424819617e+00,1.250000000000000000e-01,3.333333333333333148e-01,3.554686511424819617e+00
5.420000016159218649e+04,5.399901313359727340e-01,4.035730792050243321e-02,5.456050412514387160e-01,1.654067290209255914e+00,5.840626148544856289e-01,8.390478659401087169e-01,7.142857142857143016e-01,8.333333333333333703e-01,3.215064806560647526e+00,1.250000000000000000e-01,3.333333333333333148e-01,3.215064806560647526e+00
5.421000016162200336e+04,8.462214635836788901e-01,8.221798302256479174e-02,3.721413243348209443e-01,1.369960698379080410e+00,5.689740513041762204e-01,8.860905209612016664e-01,3.333333333333333148e-01,6.666666666666666297e-01,3.389803721897088007e+00,1.666666666666666574e-01,3.333333333333333148e-01,3.299139114861340705e+00
5.422000016165182024e+04,5.974059815434163978e-01,6.422401500168103960e-02,6.058640626108519056e-01,1.545596123947507783e+00,6.987457950820975539e-01,9.991866820006234384e-01,4.285714285714285476e-01,1.000000000000000000e+00,3.501091705017262079e+00,1.666666666666666574e-01,3.333333333333333148e-01,3.501091705017262079e+00
5.423000016168162983e+04,9.585722685094480999e-01,5.569798812806361910e-02,1.053121354748197458e+00,1.747823240697995217e+00,4.056931360446089374e-01,6.943994137621213314e-01,3.333333333333333148e-01,8.333333333333333703e-01,3.352879503949739437e+00,1.250000000000000000e-01,3.333333333333333148e-01,3.352879503949739437e+00
5.424000016171144671e+04,8.403451670641914895e-01,4.712364985227945891e-02,7.080785478568292213e-01,2.387725676809429487e+00,4.782269231519621355e-01,7.653850163285359498e-01,3.333333333333333148e-01,6.666666666666666297e-01,3.569915698028463424e+00,1.250000000000000000e-01,3.333333333333333148e-01,3.706585200818639070e+00
5.425000016174125631e+04,4.107915096623159790e-01,5.342831447358870056e-02,7.420134797927437909e-01,1.399716500154846388e+00,5.164021196442553086e-01,8.611207784664931530e-01,3.809523809523809312e-01,8.333333333333333703e-01,3.499315344686720231e+00,1.250000000000000000e-01,3.333333333333333148e-01,3.499315344686720231e+00
5.426000016177107318e+04,9.550413063942034819e-01,4.548165007157283640e-02,1.251672912708903906e+00,2.252931799811498603e+00,7.087981944022962999e-01,1.046684968194656840e+00,2.857142857142856984e-01,8.333333333333333703e-01,3.378725064833970393e+00,1.250000000000000000e-01,3.333333333333333148e-01,3.378725064833970393e+00
5.427000016180089006e+04,9.101954678515555841e-01,4.747890415225086008e-02,1.186779918936954115e+00,1.654047700671820165e+00,4.130683676242929980e-01,6.689282425734471849e-01,5.238095238095238360e-01,8.333333333333333703e-01,3.026658927795434995e+00,4.166666666666666435e-02,3.333333333333333148e-01,3.026658927795434995e+00
5.428000016183069965e+04,8.074874343941915722e-01,6.395576148655014725e-02,9.510365796499411495e-01,1.664592653992962523e+00,4.940717349691689519e-01,8.265085826589629869e-01,6.666666666666666297e-01,1.000000000000000000e+00,3.378305485965475974e+00,1.250000000000000000e-01,3.333333333333333148e-01,3.378305485965475974e+00
5.429000016186051653e+04,1.156995370385947242e+00,8.433421832041708421e-02,6.729509483257993807e-01,1.758891927399720778e+00,5.735559327055331780e-01,7.689426512948462911e-01,3.333333333333333148e-01,6.666666666666666297e-01,3.367672257592796647e+00,1.250000000000000000e-01,3.333333333333333148e-01,3.367672257592796647e+00
5.430000016189032613e+04,7.713946743038928577e-01,4.895881201165001168e-02,1.264348569648422016e+00,2.255152271184691415e+00,5.295230349484477683e-01,8.730195677055302417e-01,7.619047619047618625e-01,1.000000000000000000e+00,3.137148923838231962e+00,1.666666666666666574e-01,3.333333333333333148e-01,3.137148923838231962e+00
5.431000016192014300e+04,8.002710915496394906e-01,4.576560268050354485e-02,1.057359032575387880e+00,2.048289015893516307e+00,5.478807356301208520e-01,8.622487667069289596e-01,3.333333333333333148e-01,8.333333333333333703e-01,3.524717970329096950e+00,1.250000000000000000e-01,3.333333333333333148e-01,3.406354969445071212e+00
5.432000016194995987e+04,6.645899971105956316e-01,4.797167683697432794e-02,6.088800714204382070e-01,1.951787025216902061e+00,5.969655445869542776e-01,8.982186301742929313e-01,3.333333333333333148e-01,8.333333333333333703e-01,3.393114682451546571e+00,1.250000000000000000e-01,3.333333333333333148e-01,3.393114682451546571e+00
5.433000016197976947e+04,9.669969745998335808e-01,5.844157891341946603e-02,1.132812082108535900e+00,1.835618557496828673e+00,4.852796101315274280e-01,7.943702774976532099e-01,4.285714285714285476e-01,6.666666666666666297e-01,3.380371612998060105e+00,1.250000000000000000e-01,3.333333333333333148e-01,3.380371612998060105e+00
5.434000016200958635e+04,8.153580930046208097e-01,4.455221300750700913e-02,1.256962872858302660e+00,2.294803248525983275e+00,5.510171851154959111e-01,8.011304777833228030e-01,4.761904761904761640e-01,1.000000000000000000e+00,3.556940123669660281e+00,1.250000000000000000e-01,3.333333333333333148e-01,3.556940123669660281e+00
5.435000016203940322e+04,9.784787044187900351e-01,5.994831164591649802e-02,1.223761258833228949e+00,2.076650505925654144e+00,6.194116708691582707e-01,9.466893423141317099e-01,4.761904761904761640e-01,8.333333333333333703e-01,3.384200083269309101e+00,4.166666666666666435e-02,3.333333333333333148e-01,3.384200083269309101e+00
5.436000016206921282e+04,6.580690462401865837e-01,4.823184126577045872e-02,7.248649089975003346e-01,1.236571700381724481e+00,6.734107354649707666e-01,9.856626040598599481e-01,5.238095238095238360e-01,8.333333333333333703e-01,3.619429841610889209e+00,1.250000000000000000e-01,3.333333333333333148e-01,3.621079651380658238e+00
5.437000016209902969e+04,1.174127844368060947e+00,6.880214521861788279e-02,7.102357863486610245e-01,1.591680375225448474e+00,7.113143944637633220e-01,9.224644114164414210e-01,3.809523809523809312e-01,8.333333333333333703e-01,3.305358577144584142e+00,1.250000000000000000e-01,3.333333333333333148e-01,3.305358577144584142e+00
5.438000016212883929e+04,1.046407554690203190e+00,5.161986567228868394e-02,7.354330960502675207e-01,1.575247107745245678e+00,6.248056282754378410e-01,9.002010255719332665e-01,2.380952380952380820e-01,6.666666666666666297e-01,3.000041016376573833e+00,1.666666666666666574e-01,3.333333333333333148e-01,3.000041016376573833e+00
5.439000016215865617e+04,1.326053109190084234e+00,8.021687897287924085e-02,8.763391184809596890e-01,2.010359010506878708e+00,6.317240097367778917e-01,9.282568059468888633e-01,1.428571428571428492e-01,3.333333333333333148e-01,3.446757016894194336e+00,2.083333333333333426e-01,3.333333333333333148e-01,3.446757016894194336e+00
5.440000016218847304e+04,9.845661939163840026e-01,8.107793569774665587e-02,4.465389635874181806e-01,1.327054898368268843e+00,4.661579495146690455e-01,7.539584788568555185e-01,3.809523809523809312e-01,6.666666666666666297e-01,3.777398126193639794e+00,1.250000000000000000e-01,3.333333333333333148e-01,3.544490800949924303e+00
5.441000016221828264e+04,7.090301311398164996e-01,6.350632698666892895e-02,5.227013681602660222e-01,1.632458077867255497e+00,5.298506182339070003e-01,8.643791229053641167e-01,6.666666666666666297e-01,8.333333333333333703e-01,3.679232181814935387e+00,1.250000000000000000e-01,3.333333333333333148e-01,3.521848172626693252e+00
5.442000016224809951e+04,8.845030203523944756e-01,6.011777969871368033e-02,8.200853095733624532e-01,1.659294329166288051e+00,9.146527292997174152e-01,1.226969929631125167e+00,4.761904761904761640e-01,8.333333333333333703e-01,3.311475327868186103e+00,1.666666666666666574e-01,3.333333333333333148e-01,3.312781695309229946e+00
5.443000016227790911e+04,7.041778705355259405e-01,7.343233310803509717e-02,1.165405788010681842e+00,1.873419453799736623e+00,7.076175285721733044e-01,1.053745749205671434e+00,5.238095238095238360e-01,1.000000000000000000e+00,3.512461153381942314e+00,1.250000000000000000e-01,3.333333333333333148e-01,3.512461153381942314e+00
5.444000016230772599e+04,1.024233658039826800e+00,3.921814337433262437e-02,1.078360158326410634e+00,1.620163901902610171e+00,8.663394597275090314e-01,1.175485955056132958e+00,3.809523809523809312e-01,6.666666666666666297e-01,3.240654833141860536e+00,1.250000000000000000e-01,3.333333333333333148e-01,3.240654833141860536e+00
5.445000016233754286e+04,5.999382768354940554e-01,6.966984190237748842e-02,7.362124207563440770e-01,1.842119367533760821e+00,6.650858108306457739e-01,1.004584832463499611e+00,4.761904761904761640e-01,1.000000000000000000e+00,3.611218711754605515e+00,1.250000000000000000e-01,3.333333333333333148e-01,3.609629044120816310e+00
5.446000016236735246e+04,5.468343040402872113e-01,6.281825919134227665e-02,8.305456549235677999e-01,1.725074514114263824e+00,4.338045503061528363e-01,7.194068425806037226e-01,6.666666666666666297e-01,8.333333333333333703e-01,3.556334127912511356e+00,8.333333333333332871e-02,3.333333333333333148e-01,3.556334127912511356e+00
5.447000016239716933e+04,6.223302006920008456e-01,5.152213091758583996e-02,7.852184025589055150e-01,1.380464892741466665e+00,5.600781364073997848e-01,9.005581318074633579e-01,4.285714285714285476e-01,6.666666666666666297e-01,3.667343247146840124e+00,1.250000000000000000e-01,3.333333333333333148e-01,3.667343247146840124e+00
5.448000016242697893e+04,5.856470799216818568e-01,6.535929763660008884e-02,6.582637436614388049e-01,1.763689237294590706e+00,6.042099755778999048e-01,8.967287295756770638e-01,6.190476190476190688e-01,8.333333333333333703e-01,3.315867434808467795e+00,1.250000000000000000e-01,3.333333333333333148e-01,3.315867434808467795e+00
5.449000016245679581e+04,4.732280477580466105e-01,3.995831932652487567e-02,9.835432689554104435e-01,1.353388220288876509e+00,4.545404552496143391e-01,7.195344376727290658e-01,7.619047619047618625e-01,1.000000000000000000e+00,3.414719731047898943e+00,1.250000000000000000e-01,3.333333333333333148e-01,3.414719731047898943e+00
5.450000016248661268e+04,5.940737191763708624e-01,7.519434245336312217e-02,1.022216535256919023e+00,1.567082722671112816e+00,3.331647692984699427e-01,6.722394181661466295e-01,6.190476190476190688e-01,8.333333333333333703e-01,3.726668685595962316e+00,1.250000000000000000e-01,3.333333333333333148e-01,3.344108940759385362e+00
5.451000016251642228e+04,4.290454926684069692e-01,3.982796933664907446e-02,1.226621471814657527e+00,1.535151270532311596e+00,4.340249206754874245e-01,7.634733083992144564e-01,6.190476190476190688e-01,8.333333333333333703e-01,3.339608020650284725e+00,1.250000000000000000e-01,3.333333333333333148e-01,3.339608020650284725e+00
5.452000016254623915e+04,1.097808284351344810e+00,5.321194273802101055e-02,8.574155644782027741e-01,1.752951630188385179e+00,3.572460814038149746e-01,6.665489784245028915e-01,5.714285714285713969e-01,1.000000000000000000e+00,3.697793955871698568e+00,4.166666666666666435e-02,3.333333333333333148e-01,3.697793955871698568e+00
5.453000016257605603e+04,8.887105695708129582e-01,3.291965182900705167e-02,1.500157193439434211e+00,5.855906189645864179e-01,5.903228321780702448e-01,8.987880427848129461e-01,4.285714285714285476e-01,8.333333333333333703e-01,3.390319538917588194e+00,1.250000000000000000e-01,3.333333333333333148e-01,3.390319538917588194e+00
5.454000016260586563e+04,7.992160861088030144e-01,4.349792708920552364e-02,8.315497805484193261e-01,1.136306135767870762e+00,2.893877117206781202e-01,6.356016459575520861e-01,5.714285714285713969e-01,8.333333333333333703e-01,3.512409597168676179e+00,1.250000000000000000e-01,3.333333333333333148e-01,3.512409597168676179e+00
5.455000016263568250e+04,5.609555114232636086e-01,4.486072151526686314e-02,5.611859184260395983e-01,8.643704869316189976e-01,5.061227297927956004e-01,8.428557749391837328e-01,4.761904761904761640e-01,8.333333333333333703e-01,3.642342389417986048e+00,1.250000000000000000e-01,3.333333333333333148e-01,3.642342389417986048e+00
5.456000016266549210e+04,6.133967164650593329e-01,5.265394318898315718e-02,1.173867349469047472e+00,1.520411529965595587e+00,4.380285552235794744e-01,7.201710741082504308e-01,6.190476190476190688e-01,8.333333333333333703e-01,3.415217167354092087e+00,8.333333333333332871e-02,3.333333333333333148e-01,3.415217167354092087e+00
5.457000016269530897e+04,1.089177810819976333e+00,6.052656958554138156e-02,1.260318611564762881e+00,9.259058983686512256e-01,2.872849629408989469e-01,6.107361928429759779e-01,3.809523809523809312e-01,5.000000000000000000e-01,3.704551798429696063e+00,1.250000000000000000e-01,3.333333333333333148e-01,3.704551798429696063e+00
5.458000016272512585e+04,5.998535437327913167e-01,5.556762638170032603e-02,1.753831111645795193e+00,1.902296929485842059e+00,8.071446134993194299e-01,1.141115330159004460e+00,7.142857142857143016e-01,1.000000000000000000e+00,3.931948165813225149e+00,8.333333333333332871e-02,3.333333333333333148e-01,3.944466189425146041e+00
5.459000016275493545e+04,6.330712465217606111e-01,5.015826078475989214e-02,7.002708689032655087e-01,9.441995528241111657e-01,8.389537213576621077e-01,1.157491131218192804e+00,6.190476190476190688e-01,8.333333333333333703e-01,3.346049829921786234e+00,8.333333333333332871e-02,3.333333333333333148e-01,3.346049829921786234e+00
5.460000016278475232e+04,6.805039842947701034e-01,6.903538009199008951e-02,1.031637004811957414e+00,1.535714902560683548e+00,3.446959937873294022e-01,6.929639344284354019e-01,3.809523809523809312e-01,6.666666666666666297e-01,3.227288566274672643e+00,1.250000000000000000e-01,3.333333333333333148e-01,3.227288566274672643e+00
5.461000016281456192e+04,6.918333481576797173e-01,8.498426719609382396e-02,1.395463560665994862e+00,1.767031703440577806e+00,7.881887661622306585e-01,1.121592246576487373e+00,6.190476190476190688e-01,8.333333333333333703e-01,3.362588031210470785e+00,1.250000000000000000e-01,3.333333333333333148e-01,3.362588031210470785e+00
5.462000016284437879e+04,5.640238966764223871e-01,5.962937003197138486e-02,8.080238603706862976e-01,1.212745992368897463e+00,6.245477229486795512e-01,9.719707710091726183e-01,7.142857142857143016e-01,1.000000000000000000e+00,3.370286431933636973e+00,1.250000000000000000e-01,3.333333333333333148e-01,3.370286431933636973e+00
5.463000016287419567e+04,6.095329388134251847e-01,7.561440670856310609e-02,1.335121145337170967e+00,1.888115364207897384e+00,6.504584280583420863e-01,9.915906757116009773e-01,5.238095238095238360e-01,1.000000000000000000e+00,3.249675715043986557e+00,8.333333333333332871e-02,3.333333333333333148e-01,3.249675715043986557e+00
5.464000016290400526e+04,8.041957539898182405e-01,5.755572530529984299e-02,1.877476822884386998e+00,1.576318760531213226e+00,3.908499274397659873e-01,7.334052985549912584e-01,3.809523809523809312e-01,1.000000000000000000e+00,3.404327215536589346e+00,8.333333333333332871e-02,3.333333333333333148e-01,3.404327215536589346e+00
5.465000016293382214e+04,6.795397304760606438e-01,4.674478352952677468e-02,7.529712068157946581e-01,2.047560799024502387e+00,4.618118835383926424e-01,7.626516629693972371e-01,6.666666666666666297e-01,6.666666666666666297e-01,3.423570499895705499e+00,1.250000000000000000e-01,3.333333333333333148e-01,3.423570499895705499e+00
5.466000016296363901e+04,7.082814496841884910e-01,4.589698391697773217e-02,1.385224474324406652e+00,1.127517615790151639e+00,6.867059876626003811e-01,1.026959139000219068e+00,3.809523809523809312e-01,6.666666666666666297e-01,3.652626756975313693e+00,8.333333333333332871e-02,3.333333333333333148e-01,3.854826469107180742e+00
5.467000016299344861e+04,8.479729473891999270e-01,4.684991391504987612e-02,9.357544613471887596e-01,1.244387067706236971e+00,5.603521531989598126e-01,7.765606857295055399e-01,3.333333333333333148e-01,8.333333333333333703e-01,3.347262185013581082e+00,1.250000000000000000e-01,3.333333333333333148e-01,3.347262185013581082e+00
5.468000016302326549e+04,4.786739354536410640e-01,4.541529341705474038e-02,1.967123724949698005e+00,2.145725282004366186e+00,5.649706449601097358e-01,9.092721828869103629e-01,4.285714285714285476e-01,1.000000000000000000e+00,3.509859603623566304e+00,4.166666666666666435e-02,3.333333333333333148e-01,3.509859603623566304e+00
5.469000016305307508e+04,4.806604463679340355e-01,4.242070395777358671e-02,1.072109474617062519e+00,9.220810501958529581e-01,4.871654367322915680e-01,8.070494164752375355e-01,5.714285714285713969e-01,8.333333333333333703e-01,3.410109595597086596e+00,8.333333333333332871e-02,3.333333333333333148e-01,3.410109595597086596e+00
5.470000016308289196e+04,3.852110443263556672e-01,8.044415109430319566e-02,8.915726197393786245e-01,1.108631731991404967e+00,6.413118729751526859e-01,9.853762765808601332e-01,7.142857142857143016e-01,8.333333333333333703e-01,3.766856640248418930e+00,8.333333333333332871e-02,3.333333333333333148e-01,3.533753878044113783e+00
5.471000016311270883e+04,6.689624295001882492e-01,4.746430638197242369e-02,1.814356270982614427e+00,2.076033089470128434e+00,6.073045367479283918e-01,9.548399675831416022e-01,4.761904761904761640e-01,8.333333333333333703e-01,3.369571114560866221e+00,8.333333333333332871e-02,3.333333333333333148e-01,3.369571114560866221e+00
5.472000016314251843e+04,5.405761190140262462e-01,5.896241766487460984e-02,9.388095098286513007e-01,8.602103477042747359e-01,4.787305761410908800e-01,8.230478865375354669e-01,7.142857142857143016e-01,1.000000000000000000e+00,3.798635840013105724e+00,1.250000000000000000e-01,3.333333333333333148e-01,3.673056991925002013e+00
5.473000016317233531e+04,8.892589965113154582e-01,9.336757047265258069e-02,1.770849085928279054e+00,2.128405390608176351e+00,6.648427403358794230e-01,9.863351332826914009e-01,5.238095238095238360e-01,1.000000000000000000e+00,3.715086261382415600e+00,1.250000000000000000e-01,3.333333333333333148e-01,3.390918483582206822e+00
5.474000016320214490e+04,3.649955446529105085e-01,5.771544922904378594e-02,7.708803305326226152e-01,1.393816276883294458e+00,5.014929789590694131e-01,8.476157937546876520e-01,4.285714285714285476e-01,8.333333333333333703e-01,3.626807646135774998e+00,1.250000000000000000e-01,3.333333333333333148e-01,3.626807646135774998e+00
5.475000016323196178e+04,4.925916435091679535e-01,6.660119472101989901e-02,7.483720655117862552e-01,1.451725431367090646e+00,4.930671188784414016e-01,8.364437141786251750e-01,4.285714285714285476e-01,1.000000000000000000e+00,3.659981232496686498e+00,4.166666666666666435e-02,3.333333333333333148e-01,3.659981232496686498e+00
5.476000016326177865e+04,5.030409452985054042e-01,5.412865248977480337e-02,4.252192885015160795e-01,1.378369972943144450e+00,6.062850654619809099e-01,9.278574120147361493e-01,6.190476190476190688e-01,1.000000000000000000e+00,3.686150622267643673e+00,1.250000000000000000e-01,3.333333333333333148e-01,3.518323986205461829e+00
5.477000016329158825e+04,3.714121258130347880e-01,5.645651709608488777e-02,6.482100596742759180e-01,1.139823819872413768e+00,9.363194435351499534e-01,1.257030252518059887e+00,5.714285714285713969e-01,8.333333333333333703e-01,3.505336659377181086e+00,8.333333333333332871e-02,3.333333333333333148e-01,3.491508187635197658e+00
5.478000016332140513e+04,1.357638579696053727e+00,5.778002183406030084e-02,1.056476447671110597e+00,1.854136756356180582e+00,5.230671973967870869e-01,8.145438544585881235e-01,4.285714285714285476e-01,8.333333333333333703e-01,3.549068824011571532e+00,1.250000000000000000e-01,3.333333333333333148e-01,3.416362970177124314e+00
5.479000016335121472e+04,1.013268596691522028e+00,4.072364829977111189e-02,1.361973521896595374e+00,2.309446396918588551e+00,5.768439154799839264e-01,8.195377270796075919e-01,3.809523809523809312e-01,8.333333333333333703e-01,4.046734310026057990e+00,1.250000000000000000e-01,3.333333333333333148e-01,3.741174984907783774e+00
5.480000016338103160e+04,4.349670579810150373e-01,7.479537420600831932e-02,1.118332251654432064e+00,9.690944004831445469e-01,6.108933977715609309e-01,9.264859649061982783e-01,2.380952380952380820e-01,8.333333333333333703e-01,3.913057750291762282e+00,1.250000000000000000e-01,3.333333333333333148e-01,3.586436069853033093e+00
5.481000016341084847e+04,7.167535423725900356e-01,7.317371654990355301e-02,1.162094558467656302e+00,1.427384740474218150e+00,4.151313253018276139e-01,7.458265270713896333e-01,6.666666666666666297e-01,1.000000000000000000e+00,3.488819929236348205e+00,1.666666666666666574e-01,3.333333333333333148e-01,3.246393925012545090e+00
5.482000016344065807e+04,9.384696718014153838e-01,3.374711979595763217e-02,1.218008267806387046e+00,8.669151830973832462e-01,4.291471610018972038e-01,7.311081345849920199e-01,2.380952380952380820e-01,8.333333333333333703e-01,3.737852949523461366e+00,1.250000000000000000e-01,3.333333333333333148e-01,3.380241928263896689e+00
5.483000016347047494e+04,7.901885183166036386e-01,5.049618564444148527e-02,6.290729130850482020e-01,1.381373180672406775e+00,5.344382325967225178e-01,8.577911020232779071e-01,4.761904761904761640e-01,8.333333333333333703e-01,3.519302359977225958e+00,1.250000000000000000e-01,3.333333333333333148e-01,3.519302359977225958e+00
5.484000016350029182e+04,8.123789554670975965e-01,9.510268216620441917e-02,9.492264667551953972e-01,1.769786300276388724e+00,5.531282110863628976e-01,8.551038688288061795e-01,6.190476190476190688e-01,1.000000000000000000e+00,3.655993854054061742e+00,1.250000000000000000e-01,3.333333333333333148e-01,3.332790158729402208e+00
5.485000016353010142e+04,5.351351393911224497e-01,6.806777691887663795e-02,1.236167420573257125e+00,1.058820944747706605e+00,6.316112170941875492e-01,9.721019729973875423e-01,3.809523809523809312e-01,6.666666666666666297e-01,3.827415741654438541e+00,8.333333333333332871e-02,3.333333333333333148e-01,3.905067813295378887e+00
5.486000016355991829e+04,6.906614141239587612e-01,6.151207926225073230e-02,8.673548841113105645e-01,1.550368696982509675e+00,5.169705665207369183e-01,8.256373427480725447e-01,4.285714285714285476e-01,1.000000000000000000e+00,3.720805084512973426e+00,1.250000000000000000e-01,3.333333333333333148e-01,3.788943472264529433e+00
5.487000016358972789e+04,6.539378396485786560e-01,4.861151965746002279e-02,8.738875010290645395e-01,1.316903223642350351e+00,3.641123655362544786e-01,6.807178211667173073e-01,4.285714285714285476e-01,6.666666666666666297e-01,3.620776483172245541e+00,1.250000000000000000e-01,3.333333333333333148e-01,3.371061310570790948e+00
5.488000016361954476e+04,7.987231959167508943e-01,6.517975793753227887e-02,8.561981237223351693e-01,4.537306344626017007e-01,6.536717302552843556e-01,9.703779020820278989e-01,4.285714285714285476e-01,6.666666666666666297e-01,3.504094224257049195e+00,1.666666666666666574e-01,3.333333333333333148e-01,3.238400527084531522e+00
5.489000016364936164e+04,7.048414115589277662e-01,4.516869625619027162e-02,1.150166101783667960e+00,1.201421421137425005e+00,5.012151624323266663e-01,8.133574569871362403e-01,3.333333333333333148e-01,6.666666666666666297e-01,3.802300055094107734e+00,1.250000000000000000e-01,3.333333333333333148e-01,3.744776941673487070e+00
5.490000016367917124e+04,6.259642808819656512e-01,5.934523465958071314e-02,5.819728565721183910e-01,1.084849744867004251e+00,6.216001175964758207e-01,9.548012483750287771e-01,4.761904761904761640e-01,8.333333333333333703e-01,3.686623449676696307e+00,1.250000000000000000e-01,3.333333333333333148e-01,3.686623449676696307e+00
5.491000016370898811e+04,3.703510391936907786e-01,4.470329578598670334e-02,8.152686068823744581e-01,8.923901820364833481e-01,8.474415814605087416e-01,1.195569529872286818e+00,4.285714285714285476e-01,8.333333333333333703e-01,3.676894640662107250e+00,1.250000000000000000e-01,3.333333333333333148e-01,3.677513334662558808e+00
5.492000016373879771e+04,5.555087417815083306e-01,6.665741103500627540e-02,6.550871927324661836e-01,8.938490491748610767e-01,6.479814670149265377e-01,9.334318655330897663e-01,6.190476190476190688e-01,1.000000000000000000e+00,3.433145115291374783e+00,1.250000000000000000e-01,3.333333333333333148e-01,3.385479442097337976e+00
5.493000016376861458e+04,5.826034871636266432e-01,5.683288548585445354e-02,1.015482933989532599e+00,1.640845468315394573e+00,5.672368964618907938e-01,8.849902839096757123e-01,5.714285714285713969e-01,1.000000000000000000e+00,3.661694481715729310e+00,1.250000000000000000e-01,3.333333333333333148e-01,3.661694481715729310e+00
5.494000016379843146e+04,6.257000834612084228e-01,5.395425292262983480e-02,3.297518914610717000e-01,1.115844568806898085e+00,5.328088504900148070e-01,8.552487827426955569e-01,5.238095238095238360e-01,1.000000000000000000e+00,3.733201434559568987e+00,1.250000000000000000e-01,3.333333333333333148e-01,3.497917269154026343e+00
5.495000016382824106e+04,1.161156182774466084e+00,7.358450352928458393e-02,7.706285738145810527e-01,1.040197892539039826e+00,7.253131660987908180e-01,8.994116035935951770e-01,3.333333333333333148e-01,8.333333333333333703e-01,3.358710209093490384e+00,8.333333333333332871e-02,3.333333333333333148e-01,3.358710209093490384e+00
5.496000016385805793e+04,9.615860994204501466e-01,3.782049503984490080e-02,1.076960909117914422e+00,1.491154572274890011e+00,4.507968694857527603e-01,6.732249214652157310e-01,3.809523809523809312e-01,8.333333333333333703e-01,3.580174211110034310e+00,1.250000000000000000e-01,3.333333333333333148e-01,3.580174211110034310e+00
5.497000016388787481e+04,7.109808366903659360e-01,7.632831541251373919e-02,1.088532539296078516e+00,9.508380665495183015e-01,5.172574953424868838e-01,8.512404812561328304e-01,5.238095238095238360e-01,1.000000000000000000e+00,3.486562886942944139e+00,1.666666666666666574e-01,3.333333333333333148e-01,3.390611324263673065e+00
5.498000016391768440e+04,9.130349767928027660e-01,5.313609526511146181e-02,1.387325248767760089e+00,2.276255369636202897e+00,4.575086297762915311e-01,4.028436588244820871e-01,5.714285714285713969e-01,1.000000000000000000e+00,3.603238895471829739e+00,1.666666666666666574e-01,3.333333333333333148e-01,3.389071845122644255e+00
5.499000016394750128e+04,7.446259227079685683e-01,5.001035329428144688e-02,6.146216356542417714e-01,1.660956520893551058e+00,2.443652375776849961e-01,4.626101148093088589e-01,5.238095238095238360e-01,1.000000000000000000e+00,3.611575340763240938e+00,1.250000000000000000e-01,3.333333333333333148e-01,3.611575340763240938e+00
5.500000016397731088e+04,7.237174501636028934e-01,6.136655973011737042e-02,7.200311115334185885e-01,1.671828985273564383e+00,4.643900714611640113e-01,8.000736021725795011e-01,5.238095238095238360e-01,1.000000000000000000e+00,3.271228494903173800e+00,1.250000000000000000e-01,3.333333333333333148e-01,3.271228494903173800e+00
5.501000016400712775e+04,4.939522264265141516e-01,3.827561896512803735e-02,7.421310377359072730e-01,7.963296681988081271e-01,7.773110187193863485e-01,1.035176823273036062e+00,4.285714285714285476e-01,8.333333333333333703e-01,3.741070677415673007e+00,1.666666666666666574e-01,3.333333333333333148e-01,3.599872475689594786e+00
5.502000016403694462e+04,5.136910592433892031e-01,6.268533289554278909e-02,1.025525260707561337e+00,1.216308051336200569e+00,6.505572581128591381e-01,9.887132620023354468e-01,5.238095238095238360e-01,1.000000000000000000e+00,3.404874407402151970e+00,1.666666666666666574e-01,3.333333333333333148e-01,3.404874407402151970e+00
5.503000016406675422e+04,6.040570548181403154e-01,6.293750879141020438e-02,7.723554997961338264e-01,6.401240678631966441e-01,7.135245645398379244e-01,1.053756513729869670e+00,4.285714285714285476e-01,8.333333333333333703e-01,3.325480776711246200e+00,1.250000000000000000e-01,3.333333333333333148e-01,3.325480776711246200e+00
5.504000016409657110e+04,8.662646408461458503e-01,6.592322328685810973e-02,1.469268779418111848e+00,8.213799871855562706e-01,3.913355495903355075e-01,7.161146934475082215e-01,4.761904761904761640e-01,1.000000000000000000e+00,3.486575668985774534e+00,1.250000000000000000e-01,3.333333333333333148e-01,3.315021933369984186e+00
5.505000016412638070e+04,6.084057828540480051e-01,9.859329634212286864e-02,5.939103220363279867e-01,1.601087792745948368e+00,6.759695561418129772e-01,1.023379143093958055e+00,6.666666666666666297e-01,1.000000000000000000e+00,3.487266957355578789e+00,8.333333333333332871e-02,3.333333333333333148e-01,4.023037276034147958e+00
5.506000016415619757e+04,9.523859311260977067e-01,4.633632282697223298e-02,1.605250045018818073e+00,1.370647384727068596e+00,7.154327646935257912e-01,1.028588459144085254e+00,6.666666666666666297e-01,1.000000000000000000e+00,3.403820016483570132e+00,8.333333333333332871e-02,3.333333333333333148e-01,3.403820016483570132e+00
5.507000016418601444e+04,6.900197127820041354e-01,6.759264354395919105e-02,8.516228665363114736e-01,8.076070598634870201e-01,3.952312842117462477e-01,7.381043518554876171e-01,4.285714285714285476e-01,8.333333333333333703e-01,3.473532982526203572e+00,8.333333333333332871e-02,3.333333333333333148e-01,3.473532982526203572e+00
5.508000016421582404e+04,7.149642923342769407e-01,4.325046763396991206e-02,1.006305332040304590e+00,1.842094193858488937e+00,7.497345450885781748e-01,1.096743247677121058e+00,5.238095238095238360e-01,1.000000000000000000e+00,3.489822279430425667e+00,8.333333333333332871e-02,3.333333333333333148e-01,3.489822279430425667e+00
5.509000016424564092e+04,6.398187230056611163e-01,4.230618102808274966e-02,9.831300814730279392e-01,1.370791595976638577e+00,5.711925647821152197e-01,9.041542661716557294e-01,4.761904761904761640e-01,6.666666666666666297e-01,3.372430353529310754e+00,8.333333333333332871e-02,3.333333333333333148e-01,3.372430353529310754e+00
5.510000016427545052e+04,5.335980286028898512e-01,4.131051569061803402e-02,6.409641606166569527e-01,1.534041142004629377e+00,6.318484620767349513e-01,9.467618369935072442e-01,5.238095238095238360e-01,8.333333333333333703e-01,3.394947897759785782e+00,1.250000000000000000e-01,3.333333333333333148e-01,3.394947897759785782e+00
5.511000016430526739e+04,6.405060611106068169e-01,6.207371639184595252e-02,1.087904988357136338e+00,1.591112180572322066e+00,4.268788107777811702e-01,7.712945924793083163e-01,3.333333333333333148e-01,8.333333333333333703e-01,3.589207815810589786e+00,1.250000000000000000e-01,3.333333333333333148e-01,3.589207815810589786e+00
5.512000016433508426e+04,5.733798059844888995e-01,5.885100609743709049e-02,1.687960787006486774e+00,1.012663573487742941e+00,3.087896633273594094e-01,6.422354929476914442e-01,4.285714285714285476e-01,6.666666666666666297e-01,3.483430976461540318e+00,8.333333333333332871e-02,3.333333333333333148e-01,3.483430976461540318e+00
5.513000016436489386e+04,1.382071186694457721e+00,7.040641002360356615e-02,8.282651519816881525e-01,9.630949201489046319e-01,4.537913895374791062e-01,6.873235171811910016e-01,1.904761904761904656e-01,5.000000000000000000e-01,3.601562919422090392e+00,1.666666666666666574e-01,3.333333333333333148e-01,3.438558469231453696e+00
5.514000016439471074e+04,5.480332322427591274e-01,4.675523532059471660e-02,9.683029357749939336e-01,1.215625903215103554e+00,5.953978908468975373e-01,9.247301792461691816e-01,4.285714285714285476e-01,8.333333333333333703e-01,3.419098568019437234e+00,8.333333333333332871e-02,3.333333333333333148e-01,3.419098568019437234e+00
5.515000016442452761e+04,4.015344153311711239e-01,3.718058107676263518e-02,1.060394282890566142e+00,1.223390156629138747e+00,7.658408238340408403e-01,1.059876701037738345e+00,3.809523809523809312e-01,6.666666666666666297e-01,3.477588877253166011e+00,1.250000000000000000e-01,3.333333333333333148e-01,3.477588877253166011e+00
5.516000016445433721e+04,5.908285171758292931e-01,5.047954185119773313e-02,9.430231028999090936e-01,1.053233550237003824e+00,2.615544403318857958e-01,4.943807979588704105e-01,5.714285714285713969e-01,1.000000000000000000e+00,3.747729657625539446e+00,1.250000000000000000e-01,3.333333333333333148e-01,3.557804101288329246e+00
5.517000016448415408e+04,5.531318720295687053e-01,8.727802853952361384e-02,5.382234885228952548e-01,1.441457218153814557e+00,2.942195040554406171e-01,5.684809141497141338e-01,2.380952380952380820e-01,5.000000000000000000e-01,3.506446181022093711e+00,1.250000000000000000e-01,3.333333333333333148e-01,3.506446181022093711e+00
5.518000016451396368e+04,5.170592979262310651e-01,4.305883699702818534e-02,1.009868643397302534e+00,1.640778771060153352e+00,6.570314649359678683e-01,9.600713030238193779e-01,5.714285714285713969e-01,8.333333333333333703e-01,3.513201219160853928e+00,1.250000000000000000e-01,3.333333333333333148e-01,3.486264544688505218e+00
5.519000016454378056e+04,2.996733903731835791e-01,6.004642525470900438e-02,9.198712994710295243e-01,1.449177113034729958e+00,6.958711374106222314e-01,9.731219248772815522e-01,4.761904761904761640e-01,8.333333333333333703e-01,3.682249278642705015e+00,1.250000000000000000e-01,3.333333333333333148e-01,3.623734503704389098e+00
5.520000016457359743e+04,6.547918772992041836e-01,3.758042024658213298e-02,4.368863198270442338e-01,1.052724942958080501e+00,6.549250526463070710e-01,9.895251524812989086e-01,4.761904761904761640e-01,1.000000000000000000e+00,3.782181815775798039e+00,1.250000000000000000e-01,3.333333333333333148e-01,3.886470301742294353e+00
5.521000016460340703e+04,9.613747803675910530e-01,5.638972841924422275e-02,1.677878512467930072e+00,2.001567915224510052e+00,5.958554394025016299e-01,8.767248577420764244e-01,5.238095238095238360e-01,8.333333333333333703e-01,3.357085828586820586e+00,0.000000000000000000e+00,1.666666666666666574e-01,3.357085828586820586e+00
5.522000016463322390e+04,6.831420348274519494e-01,4.569343830601808876e-02,1.882550125583618561e+00,1.892548760330222901e+00,5.144861744554588556e-01,6.353931157087761017e-01,4.761904761904761640e-01,8.333333333333333703e-01,3.518423282859013845e+00,0.000000000000000000e+00,1.666666666666666574e-01,3.560577329931084112e+00
5.523000016466303350e+04,6.053586271974394917e-01,6.289322733136752663e-02,1.235309459334514637e+00,1.152451863188969527e+00,5.632393756631465243e-01,8.602566239811609838e-01,4.761904761904761640e-01,6.666666666666666297e-01,3.549494096882038097e+00,1.250000000000000000e-01,3.333333333333333148e-01,3.894605675585511406e+00
5.524000016469285038e+04,6.002905179435356064e-01,5.461776106110213802e-02,7.559396901781029188e-01,7.113667056655909038e-01,7.838424905976094648e-01,9.170894494580607015e-01,5.238095238095238360e-01,1.000000000000000000e+00,3.301656181734994533e+00,4.166666666666666435e-02,3.333333333333333148e-01,3.301656181734994533e+00
5.525000016472266725e+04,3.316870526109911843e-01,3.667491171021787510e-02,8.220175657392593260e-01,1.079877384118507866e+00,4.404403084360020704e-01,6.436701570851888210e-01,7.142857142857143016e-01,1.000000000000000000e+00,3.821650274987429707e+00,1.666666666666666574e-01,3.333333333333333148e-01,3.462020434246037670e+00
5.526000016475247685e+04,7.431257723717070718e-01,4.409004147069079532e-02,1.059915972761886094e+00,2.074162313698935556e+00,2.100192091805337391e-01,3.777216997221652939e-01,4.761904761904761640e-01,1.000000000000000000e+00,4.002473598742036565e+00,1.250000000000000000e-01,3.333333333333333148e-01,3.427146939282024185e+00
5.527000016478229372e+04,7.793092616514982751e-01,6.650517023866991950e-02,7.443741550661658879e-01,1.038150145183375894e+00,6.011607740640635411e-01,9.260920462537840514e-01,5.714285714285713969e-01,8.333333333333333703e-01,3.174794314769802117e+00,8.333333333333332871e-02,3.333333333333333148e-01,3.174794314769802117e+00
5.528000016481211060e+04,6.132584738737211216e-01,7.412524048347256256e-02,1.553264397918719730e+00,2.215497876323530679e+00,3.952199563925100079e-01,7.178284300606683210e-01,4.761904761904761640e-01,8.333333333333333703e-01,3.649331048712418202e+00,1.250000000000000000e-01,3.333333333333333148e-01,3.649331048712418202e+00
5.529000016484192020e+04,8.037355805620053362e-01,6.644705492361793753e-02,1.913919209023110746e+00,1.683250918612162472e+00,7.166547008087792436e-02,3.215735145851990606e-01,4.761904761904761640e-01,1.000000000000000000e+00,3.455069243770810150e+00,1.250000000000000000e-01,3.333333333333333148e-01,3.455069243770810150e+00
5.530000016487173707e+04,5.597456842871771920e-01,7.532288395749092702e-02,1.488204163272785374e+00,2.441015351406997436e+00,5.772753940861625743e-01,5.121468254110234097e-01,6.190476190476190688e-01,8.333333333333333703e-01,3.645241195263399625e+00,8.333333333333332871e-02,3.333333333333333148e-01,3.637841788101399576e+00
5.531000016490154667e+04,8.973812446062197079e-01,3.757698974329652664e-02,1.383124751325814694e+00,1.719309022819160315e+00,6.066349668794326355e-01,9.299279467761801810e-01,3.809523809523809312e-01,6.666666666666666297e-01,3.273212450655211381e+00,1.250000000000000000e-01,3.333333333333333148e-01,3.273212450655211381e+00
5.532000016493136354e+04,9.210729828960050325e-01,3.465548468858142134e-02,1.152395330299595955e+00,1.473754363089797792e+00,5.152261756157640038e-01,7.587929497374421572e-01,3.333333333333333148e-01,8.333333333333333703e-01,3.542006016707429872e+00,1.250000000000000000e-01,3.333333333333333148e-01,3.542006016707429872e+00
5.533000016496118042e+04,5.839082039104835919e-01,7.586652481259331671e-02,9.121008283035035857e-01,2.195094947544238284e+00,2.982894567766647409e-01,6.263783425553577366e-01,5.714285714285713969e-01,8.333333333333333703e-01,3.486919893297345308e+00,1.250000000000000000e-01,3.333333333333333148e-01,3.486919893297345308e+00
5.534000016499099002e+04,4.871506680839526315e-01,9.180959510990156780e-02,1.121266233240697296e+00,1.351945556431827011e+00,4.311894421925432930e-01,7.378591764847436396e-01,8.571428571428570953e-01,1.000000000000000000e+00,3.531390225735876243e+00,8.333333333333332871e-02,3.333333333333333148e-01,3.397190503687180563e+00
5.535000016502080689e+04,1.135306576451554195e+00,6.878516963100556048e-02,7.985151886589917369e-01,1.227587858581919988e+00,2.584989794969584365e-01,4.282804362375439711e-01,4.285714285714285476e-01,1.000000000000000000e+00,3.305148195775346132e+00,4.166666666666666435e-02,3.333333333333333148e-01,3.305148195775346132e+00
5.536000016505061649e+04,1.083550965702469115e+00,3.370589400601187863e-02,9.691205486259505397e-01,1.350312268000998461e+00,6.353579358226617568e-01,7.523027689071646318e-01,5.714285714285713969e-01,8.333333333333333703e-01,3.282852115339506049e+00,0.000000000000000000e+00,1.666666666666666574e-01,3.282852115339506049e+00
5.537000016508043336e+04,9.658147084776730340e-01,6.867586301473597998e-02,1.110035104300200359e+00,1.556873052208473052e+00,2.981789939428765579e-01,6.443993168567161423e-01,3.809523809523809312e-01,8.333333333333333703e-01,3.465134357036133483e+00,1.250000000000000000e-01,3.333333333333333148e-01,3.465134357036133483e+00
5.538000016511025024e+04,4.799738415884339804e-01,6.677819152165134775e-02,1.315391286645075208e+00,8.846962370363684602e-01,6.939045343344859562e-01,1.010026755448770297e+00,4.285714285714285476e-01,8.333333333333333703e-01,3.684290817333868429e+00,1.250000000000000000e-01,3.333333333333333148e-01,3.697540013429541084e+00
5.539000016514005983e+04,6.631251451834551114e-01,4.851946540787478723e-02,1.336857267087703471e+00,2.194992623654963282e+00,7.322690509948194260e-01,1.069152616297508240e+00,4.761904761904761640e-01,8.333333333333333703e-01,3.711868827351410882e+00,1.666666666666666574e-01,3.333333333333333148e-01,3.662044840351807551e+00
5.540000016516987671e+04,1.532773392023670356e+00,6.268283215798541030e-02,5.439886671040725652e-01,2.143637722038348237e+00,6.714701804315936773e-01,6.121398155642326921e-01,5.714285714285713969e-01,6.666666666666666297e-01,3.439465775965433458e+00,1.250000000000000000e-01,3.333333333333333148e-01,3.174005614035070533e+00
5.541000016519968631e+04,8.135701247266855507e-01,4.318799330789032526e-02,1.042189540776093271e+00,1.856117345830765375e+00,3.903503837640809326e-01,6.860996226007719523e-01,5.714285714285713969e-01,6.666666666666666297e-01,3.645701811382563218e+00,1.666666666666666574e-01,3.333333333333333148e-01,3.342175610973594502e+00
5.542000016522950318e+04,6.891470638227737977e-01,7.163769859639980420e-02,1.139359205725708257e+00,1.738784751852086252e+00,2.341338886448548207e-01,5.488263400008798198e-01,7.619047619047618625e-01,1.000000000000000000e+00,3.465025185854085699e+00,8.333333333333332871e-02,3.333333333333333148e-01,3.465025185854085699e+00
5.543000016525932006e+04,4.598307429888076614e-01,4.653499045005635160e-02,1.065748745194784908e+00,1.786512195786951640e+00,4.786730009226319305e-01,5.841157196966005882e-01,4.285714285714285476e-01,1.000000000000000000e+00,3.366494817585099941e+00,1.250000000000000000e-01,3.333333333333333148e-01,3.366494817585099941e+00
5.544000016528912965e+04,7.412642813452627877e-01,7.219889823069111645e-02,7.508074031924596436e-01,1.427142201692950030e+00,2.891049711276710843e-01,5.364604695243910815e-01,5.238095238095238360e-01,8.333333333333333703e-01,3.628223206264746370e+00,1.250000000000000000e-01,3.333333333333333148e-01,3.768084603093257101e+00
5.545000016531894653e+04,6.418830325309879958e-01,5.459035936469440464e-02,1.613634003228146430e+00,2.505847426410787726e+00,3.110063140393633518e-01,5.710127973356295961e-01,4.285714285714285476e-01,6.666666666666666297e-01,3.080662105346660518e+00,1.250000000000000000e-01,3.333333333333333148e-01,3.080662105346660518e+00
5.546000016534876340e+04,3.765917469019151032e-01,2.736726890717146657e-02,8.780921410080355649e-01,1.241068684592652849e+00,4.307893245578346963e-01,7.399431126218721788e-01,5.238095238095238360e-01,8.333333333333333703e-01,3.407140666708031951e+00,1.250000000000000000e-01,3.333333333333333148e-01,3.549078399229967040e+00
5.547000016537857300e+04,5.433270283157288771e-01,7.469279132538032828e-02,4.272810229722061037e-01,1.475702034587685008e+00,1.108441050577159276e-01,4.269780684884957878e-01,6.190476190476190688e-01,1.000000000000000000e+00,3.488768260275976640e+00,1.250000000000000000e-01,3.333333333333333148e-01,3.488768260275976640e+00
5.548000016540838988e+04,4.704263054505375408e-01,5.346346346083200030e-02,1.122588632874036652e+00,1.653825258044252067e+00,1.997444297117067780e-01,5.078468837445370143e-01,6.190476190476190688e-01,1.000000000000000000e+00,3.503424261905036197e+00,1.250000000000000000e-01,3.333333333333333148e-01,3.479432153947703998e+00
5.549000016543819947e+04,5.548071094064582764e-01,6.019886000866290360e-02,8.644390167716186069e-01,1.439181773399661690e+00,4.836045677492731287e-01,8.276191577104861086e-01,4.285714285714285476e-01,8.333333333333333703e-01,3.819172530337473059e+00,1.250000000000000000e-01,3.333333333333333148e-01,3.532014488678609343e+00
5.550000016546801635e+04,6.983110930253709769e-01,5.732003244331059649e-02,6.159423091782377790e-01,1.629291178937038787e+00,3.273427601934500997e-01,6.737284814498214480e-01,4.285714285714285476e-01,8.333333333333333703e-01,3.663965888417295869e+00,1.666666666666666574e-01,3.333333333333333148e-01,3.524649723275673718e+00
5.551000016549783322e+04,8.768697494760496758e-01,6.318117969476479134e-02,5.332082832307625253e-01,1.885737002404314744e+00,3.854775100856620007e-01,7.258267785023759799e-01,4.285714285714285476e-01,8.333333333333333703e-01,3.493221722808753871e+00,1.250000000000000000e-01,3.333333333333333148e-01,3.493221722808753871e+00
5.552000016552764282e+04,4.068324352266426969e-01,4.771471338190500650e-02,8.769666510385814018e-01,1.629831061010722948e+00,4.982059170214204746e-01,7.645128110450523096e-01,7.142857142857143016e-01,1.000000000000000000e+00,3.394743788211632030e+00,8.333333333333332871e-02,3.333333333333333148e-01,3.597681374915998820e+00
5.553000016555745970e+04,7.267280742736654808e-01,4.750189959413505386e-02,5.911753723607896527e-01,1.383121188209531338e+00,5.272005789856583080e-01,8.503580985420665650e-01,6.666666666666666297e-01,8.333333333333333703e-01,3.713307814707205168e+00,1.250000000000000000e-01,3.333333333333333148e-01,3.706668582480087792e+00
5.554000016558726929e+04,9.408911426731779715e-01,6.812817701895677869e-02,1.189707827389675510e+00,1.711184001611484984e+00,3.297703761585609183e-01,6.637535937569426503e-01,4.761904761904761640e-01,6.666666666666666297e-01,3.519556191150838842e+00,1.666666666666666574e-01,3.333333333333333148e-01,3.458964398647650373e+00
5.555000016561708617e+04,4.248694533799155515e-01,3.407010834385563319e-02,6.835548409031052541e-01,1.718622735601840423e+00,6.585930329715871112e-01,9.666820122858704734e-01,5.238095238095238360e-01,8.333333333333333703e-01,3.533600738253576790e+00,1.250000000000000000e-01,3.333333333333333148e-01,3.622968172426930700e+00
5.556000016564690304e+04,1.216178711675385049e+00,5.716718782624009842e-02,1.068729781536954082e+00,1.423744169513422309e+00,3.769359745444549326e-01,6.594448870733893298e-01,3.333333333333333148e-01,6.666666666666666297e-01,3.364314196025188775e+00,1.250000000000000000e-01,3.333333333333333148e-01,3.364314196025188775e+00
5.557000016567671264e+04,3.861012900018611083e-01,5.570615998028224936e-02,1.538216144422893672e+00,2.129683275852967572e+00,4.557560147374465909e-01,6.953096455850460433e-01,7.142857142857143016e-01,1.000000000000000000e+00,3.399476384896888970e+00,1.250000000000000000e-01,3.333333333333333148e-01,3.399476384896888970e+00
5.558000016570652951e+04,6.130489653404601613e-01,4.920740656075790059e-02,8.659796643918049597e-01,3.093493491182464528e+00,3.607723658145324253e-01,6.857281167345754547e-01,3.809523809523809312e-01,1.000000000000000000e+00,3.418117493306885191e+00,1.250000000000000000e-01,3.333333333333333148e-01,3.418117493306885191e+00
5.559000016573634639e+04,8.345530344176845805e-01,6.556292684292605588e-02,1.180956693392558821e+00,3.499964892904571023e+00,7.207858759944451021e-01,9.655942039368391461e-01,5.714285714285713969e-01,1.000000000000000000e+00,3.659794706046533452e+00,1.250000000000000000e-01,3.333333333333333148e-01,3.639734751489402509e+00
5.560000016576615599e+04,1.146012214728251655e+00,3.630168744758691113e-02,2.124369449774474727e+00,1.159120466413958273e+00,3.741053676175055132e-01,4.882161249099105094e-01,3.809523809523809312e-01,6.666666666666666297e-01,3.378534405884350722e+00,8.333333333333332871e-02,3.333333333333333148e-01,3.378534405884350722e+00
5.561000016579597286e+04,4.800081241890236661e-01,4.861982816772076471e-02,7.030438753368066784e-01,1.905430014842293129e+00,5.988379272832603517e-01,9.155412306128973832e-01,7.142857142857143016e-01,1.000000000000000000e+00,3.412779448128808735e+00,1.250000000000000000e-01,3.333333333333333148e-01,3.412779448128808735e+00
5.562000016582578246e+04,1.036323393721816588e+00,5.288016718911619368e-02,1.135580876914976001e+00,1.764018912259370575e+00,4.367475635852756666e-01,5.814465399691166603e-01,4.761904761904761640e-01,8.333333333333333703e-01,3.278848455006964535e+00,0.000000000000000000e+00,1.666666666666666574e-01,3.278848455006964535e+00
5.563000016585559933e+04,5.806801371744024776e-01,4.521075570583775460e-02,1.102139131457906540e+00,1.020078089243610986e+00,5.043923328341748391e-01,7.784682100823856477e-01,6.190476190476190688e-01,1.000000000000000000e+00,3.608714742070466386e+00,1.250000000000000000e-01,3.333333333333333148e-01,3.608714742070466386e+00
5.564000016588541621e+04,6.404770307590308409e-01,5.182612983488948249e-02,6.269142719116663764e-01,1.294260760701432256e+00,6.628300818037902165e-01,9.424747941062701084e-01,6.190476190476190688e-01,1.000000000000000000e+00,3.409007842001163802e+00,1.250000000000000000e-01,3.333333333333333148e-01,3.409007842001163802e+00
5.565000016591522581e+04,5.735610362072394164e-01,4.636707352089973477e-02,5.994383410930514966e-01,1.091994230830367174e+00,3.512205878194841757e-01,6.647269186515151196e-01,5.714285714285713969e-01,1.000000000000000000e+00,3.486204903942703215e+00,1.250000000000000000e-01,3.333333333333333148e-01,3.486204903942703215e+00
5.566000016594504268e+04,2.770984678187283778e-01,6.657679570814217795e-02,3.031255801430848273e-01,8.103582695874793629e-01,6.100466972168328006e-01,9.529489456107959056e-01,6.190476190476190688e-01,1.000000000000000000e+00,3.904055981106062667e+00,1.250000000000000000e-01,3.333333333333333148e-01,3.544669246227582615e+00
5.567000016597485228e+04,7.765502389736230748e-01,4.807913429838318875e-02,1.441997754271837850e+00,1.136284255032672608e+00,4.294592045144056680e-01,7.729710797379251153e-01,3.809523809523809312e-01,6.666666666666666297e-01,3.275869704235214730e+00,1.250000000000000000e-01,3.333333333333333148e-01,3.275869704235214730e+00
5.568000016600466915e+04,4.978198896648849403e-01,3.244954316918996495e-02,1.269494403196338439e+00,2.141679167506084003e+00,6.644423806406024591e-01,9.864638489342459904e-01,7.142857142857143016e-01,1.000000000000000000e+00,3.575540762102003001e+00,1.250000000000000000e-01,3.333333333333333148e-01,3.695223735583417657e+00
5.569000016603448603e+04,5.484938652948730953e-01,4.377228848198311262e-02,8.615304194701205454e-01,1.316467253266556225e+00,5.841086837018081290e-01,8.633689690199977118e-01,5.714285714285713969e-01,1.000000000000000000e+00,3.485586003782181752e+00,8.333333333333332871e-02,3.333333333333333148e-01,3.485586003782181752e+00
5.570000016606429563e+04,8.596792902510945744e-01,6.876256208141010018e-02,7.843108341597267996e-01,1.421874910835994488e+00,4.844255764265171793e-01,7.413121050380597765e-01,3.333333333333333148e-01,6.666666666666666297e-01,3.211427833841149493e+00,4.166666666666666435e-02,3.333333333333333148e-01,3.211427833841149493e+00
5.571000016609411250e+04,2.988667829792521213e-01,6.704742690871430544e-02,4.687770721704013210e-01,1.609657714450695165e+00,2.634139587072772404e-01,5.197405015548737239e-01,6.190476190476190688e-01,8.333333333333333703e-01,3.333133559255354150e+00,1.250000000000000000e-01,3.333333333333333148e-01,3.333133559255354150e+00
5.572000016612392210e+04,4.731212247487346922e-01,8.724771273494656698e-02,8.762942876143401394e-01,1.941018896455901199e+00,1.318683523064282936e-01,3.892710240727199067e-01,6.666666666666666297e-01,1.000000000000000000e+00,3.502556543331073691e+00,1.250000000000000000e-01,3.333333333333333148e-01,3.502556543331073691e+00
5.573000016615373897e+04,7.140149823017148956e-01,8.547993711236159808e-02,8.119747496310353307e-01,1.855736488001495488e+00,5.373234839111817873e-01,7.963812748182889090e-01,7.142857142857143016e-01,1.000000000000000000e+00,3.706768593279472945e+00,1.250000000000000000e-01,3.333333333333333148e-01,3.706768593279472945e+00
5.574000016618355585e+04,4.544552388766647244e-01,3.649946923030038953e-02,1.267398743231982206e+00,1.881387504525560361e+00,5.348659066709197107e-01,8.473798406880369560e-01,6.190476190476190688e-01,1.000000000000000000e+00,3.478758425565604995e+00,1.250000000000000000e-01,3.333333333333333148e-01,3.478758425565604995e+00
5.575000016621336545e+04,7.616475481467975817e-01,5.783658731679804793e-02,1.505978440204730706e+00,1.326027205599927150e+00,3.871005321370755703e-01,7.053632410791290663e-01,6.190476190476190688e-01,8.333333333333333703e-01,3.696590923077767599e+00,8.333333333333332871e-02,3.333333333333333148e-01,3.696590923077767599e+00
5.576000016624318232e+04,7.104209686400425605e-01,7.116856392826273470e-02,1.041998228498590251e+00,1.620120520204143766e+00,3.196382488128739485e-01,6.042121508989677370e-01,8.571428571428570953e-01,1.000000000000000000e+00,3.636229251249514682e+00,1.250000000000000000e-01,3.333333333333333148e-01,3.636229251249514682e+00
5.577000016627299919e+04,4.772768552916855089e-01,3.464803947155722236e-02,5.010458003775782876e-01,8.572741169878178580e-01,3.405154713936650035e-01,6.285388813993953994e-01,6.190476190476190688e-01,1.000000000000000000e+00,4.003617643447315189e+00,1.250000000000000000e-01,3.333333333333333148e-01,4.033241272228180740e+00
5.578000016630280879e+04,7.857948286329135001e-01,3.732781801584413722e-02,9.166368784094748312e-01,1.269508408262754573e+00,3.973451872994114287e-01,7.184003884938627849e-01,4.761904761904761640e-01,8.333333333333333703e-01,3.304881635279919294e+00,8.333333333333332871e-02,3.333333333333333148e-01,3.304881635279919294e+00
5.579000016633262567e+04,1.001081218744175549e+00,7.148285008528042217e-02,1.328830167358542980e+00,2.410321357528852904e+00,3.991016820509852292e-01,6.435848033230958665e-01,6.190476190476190688e-01,1.000000000000000000e+00,3.526762917632542127e+00,1.250000000000000000e-01,3.333333333333333148e-01,3.523223731538833281e+00
5.580000016636243527e+04,8.540232572496533336e-01,5.057986238412455482e-02,1.173713740188928600e+00,2.551718327110026330e+00,4.949491267873138423e-01,7.644388530011425598e-01,7.142857142857143016e-01,1.000000000000000000e+00,3.514145696380216677e+00,8.333333333333332871e-02,3.333333333333333148e-01,3.479672000453554404e+00
5.581000016639225214e+04,9.550015371717499590e-01,5.875379034440333936e-02,8.052788113570059636e-01,1.928923013763305105e+00,5.573448484561585037e-01,7.830153638327236321e-01,5.714285714285713969e-01,1.000000000000000000e+00,3.583576665415272089e+00,4.166666666666666435e-02,3.333333333333333148e-01,3.583576665415272089e+00
5.582000016642206901e+04,5.643468068607014887e-01,5.747188778377415597e-02,9.393981637971047238e-01,1.646415383387724196e+00,3.594019504073007187e-01,6.534501746157904689e-01,6.190476190476190688e-01,1.000000000000000000e+00,3.564636404510948431e+00,8.333333333333332871e-02,3.333333333333333148e-01,3.564636404510948431e+00
5.583000016645187861e+04,8.523685668850390362e-01,5.074233593204229009e-02,7.259020114629246567e-01,1.522168014208011400e+00,4.877526307072442280e-01,6.954838406607358747e-01,4.761904761904761640e-01,1.000000000000000000e+00,4.024551189699288933e+00,4.166666666666666435e-02,3.333333333333333148e-01,3.925382628693764087e+00
5.584000016648169549e+04,7.699790197941264180e-01,5.008779635436166888e-02,6.125432758931523836e-01,1.534474963984832740e+00,6.793954192962646799e-01,1.015224217105746618e+00,4.761904761904761640e-01,1.000000000000000000e+00,3.780961636269665860e+00,8.333333333333332871e-02,3.333333333333333148e-01,3.722726045565543984e+00
5.585000016651150509e+04,1.160191138474239603e+00,4.699790806362925955e-02,9.380820449202842415e-01,1.654784384770220607e+00,7.758237754980122913e-01,1.052996545696320396e+00,5.714285714285713969e-01,1.000000000000000000e+00,3.524719280426753532e+00,0.000000000000000000e+00,1.666666666666666574e-01,3.624715917169216262e+00
5.586000016654132196e+04,5.747588729672246100e-01,4.167605389413425732e-02,9.774948019167337687e-01,1.514826926248673988e+00,4.756041070244536040e-01,7.273167441467419669e-01,7.142857142857143016e-01,8.333333333333333703e-01,3.723214874586686651e+00,8.333333333333332871e-02,3.333333333333333148e-01,3.800902323407716388e+00
5.587000016657113883e+04,1.402740241984337333e+00,4.713194652197397194e-02,1.332181241257550663e+00,2.006824162324165606e+00,4.656973854237335675e-01,7.488674581633798510e-01,4.761904761904761640e-01,1.000000000000000000e+00,3.311311014285294618e+00,1.666666666666666574e-01,3.333333333333333148e-01,3.311311014285294618e+00
5.588000016660094843e+04,9.308490722672115858e-01,7.937713034236373866e-02,1.049643849593784983e+00,1.000711306270499090e+00,5.531403481166303759e-01,6.461919551615615820e-01,3.333333333333333148e-01,8.333333333333333703e-01,3.846313330926871554e+00,8.333333333333332871e-02,3.333333333333333148e-01,3.855110561728185115e+00
5.589000016663076531e+04,8.294818312048615194e-01,5.238091041063436953e-02,1.029950310264116764e+00,1.219201229878892123e+00,8.079300311447650262e-01,1.039844343450073039e+00,4.761904761904761640e-01,8.333333333333333703e-01,3.588960698900869328e+00,8.333333333333332871e-02,3.333333333333333148e-01,3.588960698900869328e+00
5.590000016666058218e+04,3.832370145446017951e-01,4.625215881516088479e-02,5.677858296924124248e-01,1.867799181896000915e+00,6.262921629573592330e-01,9.333746182523351420e-01,4.761904761904761640e-01,1.000000000000000000e+00,3.109838911835032249e+00,4.166666666666666435e-02,3.333333333333333148e-01,3.109838911835032249e+00
5.591000016669039178e+04,3.955909502302051295e-01,5.034699159646590511e-02,1.284950178498792006e+00,1.202422397705360746e+00,6.128014467135913801e-01,8.805553180134797486e-01,6.190476190476190688e-01,1.000000000000000000e+00,3.836916365153939079e+00,1.250000000000000000e-01,3.333333333333333148e-01,3.752881807022029559e+00
5.592000016672020865e+04,6.709945766137341838e-01,5.900997773147777237e-02,1.239347134745365064e+00,1.864109965346142150e+00,8.581550160868031130e-01,1.192231244776172039e+00,3.809523809523809312e-01,6.666666666666666297e-01,3.763849945949913511e+00,1.666666666666666574e-01,1.666666666666666574e-01,3.738434172781271325e+00
5.593000016675001825e+04,5.222546179447645764e-01,2.819132734535087850e-02,3.872881885161370552e-01,1.026990169769768313e+00,6.330848924953497159e-01,9.573104788587032399e-01,7.142857142857143016e-01,1.000000000000000000e+00,3.311208031597723256e+00,1.250000000000000000e-01,3.333333333333333148e-01,3.311208031597723256e+00
5.594000016677983513e+04,5.581345484871568230e-01,4.875278053153364599e-02,7.945715737284952951e-01,2.318275805728469141e+00,5.170249470356309551e-01,8.344720398854862387e-01,7.619047619047618625e-01,1.000000000000000000e+00,3.129550187904355685e+00,1.250000000000000000e-01,3.333333333333333148e-01,3.129550187904355685e+00
5.595000016680965200e+04,1.050152080207440664e+00,5.079076598980084706e-02,7.273089124533017591e-01,1.536521427417540719e+00,6.222929738567536395e-01,8.547920991867885565e-01,5.714285714285713969e-01,1.000000000000000000e+00,3.537007582477933454e+00,0.000000000000000000e+00,1.666666666666666574e-01,3.646533981682498204e+00
5.596000016683946160e+04,6.132542835099606959e-01,4.357730813588091973e-02,9.266162399891598733e-01,7.987067856449212577e-01,3.304718217154811177e-01,6.281504221611925454e-01,4.761904761904761640e-01,1.000000000000000000e+00,3.730059657117594796e+00,1.250000000000000000e-01,3.333333333333333148e-01,3.818221802493442230e+00
5.597000016686927847e+04,8.344367674722229511e-01,5.345527826854538922e-02,1.328905072488701711e+00,1.498253690156047480e+00,5.560682773884735308e-01,8.668013359799771056e-01,5.238095238095238360e-01,8.333333333333333703e-01,3.406894756925716639e+00,1.250000000000000000e-01,3.333333333333333148e-01,3.406894756925716639e+00
5.598000016689908807e+04,9.368794630889566433e-01,7.396589767509549607e-02,1.115748772892768859e+00,1.527847576172352007e+00,5.084381769536943096e-01,7.718455810777702375e-01,5.714285714285713969e-01,1.000000000000000000e+00,3.380549629114499410e+00,4.166666666666666435e-02,3.333333333333333148e-01,3.380549629114499410e+00
5.599000016692890495e+04,9.112073874236973348e-01,4.276464468510227795e-02,7.410107614701830769e-01,9.205250480134617996e-01,5.872650392827991617e-01,6.867234213699419110e-01,7.619047619047618625e-01,1.000000000000000000e+00,3.810657067979102752e+00,4.166666666666666435e-02,3.333333333333333148e-01,3.533956565954727846e+00
5.600000016695872182e+04,3.307492027819018410e-01,5.345177373207158494e-02,5.471234692430212432e-01,8.384644970256456276e-01,4.698243079263484390e-01,7.806311621771044873e-01,6.666666666666666297e-01,1.000000000000000000e+00,3.308137146427235109e+00,1.250000000000000000e-01,3.333333333333333148e-01,3.308137146427235109e+00
5.601000016698853142e+04,5.163831106889087419e-01,5.610636830524596413e-02,1.177043463368360632e+00,1.389648354454187773e+00,5.121462280471672512e-01,6.871734125888367961e-01,7.142857142857143016e-01,1.000000000000000000e+00,3.670784591629378202e+00,1.250000000000000000e-01,3.333333333333333148e-01,3.614690001684826903e+00
5.602000016701834829e+04,3.906294296951101086e-01,5.274562667825093143e-02,1.386857486594271327e+00,1.368105932577862172e+00,4.352766255836263420e-01,6.866444927170983759e-01,6.190476190476190688e-01,8.333333333333333703e-01,3.744969890486603337e+00,1.666666666666666574e-01,3.333333333333333148e-01,3.403068831731233868e+00
5.603000016704815789e+04,5.913884881550732775e-01,3.865114453946397882e-02,6.994965139643470886e-01,1.280317804753145605e+00,3.619073547225195586e-01,6.107120515808774908e-01,7.142857142857143016e-01,1.000000000000000000e+00,3.271517714023193246e+00,1.250000000000000000e-01,3.333333333333333148e-01,3.548141500794183223e+00
5.604000016707797477e+04,4.397201966192800793e-01,4.797666789736305254e-02,7.717090002867662557e-01,2.637914192826140258e+00,3.962463262346144766e-01,6.883853128431017820e-01,5.238095238095238360e-01,8.333333333333333703e-01,3.731713850028841151e+00,1.250000000000000000e-01,3.333333333333333148e-01,3.765374128701864276e+00
5.605000016710779164e+04,4.246055871274567184e-01,7.544197517063559733e-02,6.029586066557557356e-01,1.383800055868194434e+00,6.754522557642003155e-01,1.000579912135225458e+00,6.666666666666666297e-01,1.000000000000000000e+00,3.763136822795191794e+00,1.250000000000000000e-01,3.333333333333333148e-01,3.923734527379306503e+00
5.606000016713760124e+04,9.380880322242620695e-01,6.267604525757201894e-02,8.117044061371861963e-01,1.093519754199630656e+00,5.317599127908272383e-01,8.656422489197720394e-01,4.285714285714285476e-01,6.666666666666666297e-01,3.227737905000883867e+00,0.000000000000000000e+00,1.666666666666666574e-01,3.227737905000883867e+00
5.607000016716741811e+04,7.575670364392812495e-01,5.378949494289958499e-02,8.237742968060473014e-01,1.351471865340462930e+00,6.294275122120597254e-01,9.491741627295272599e-01,5.714285714285713969e-01,1.000000000000000000e+00,3.620630400500216339e+00,8.333333333333332871e-02,3.333333333333333148e-01,3.620630400500216339e+00
5.608000016719723499e+04,9.236869544284158628e-01,5.190055773204709649e-02,1.175544237940639336e+00,1.751451666765111215e+00,5.951089673236606981e-01,9.353883236316400396e-01,3.333333333333333148e-01,8.333333333333333703e-01,3.347907816194942043e+00,1.250000000000000000e-01,3.333333333333333148e-01,3.724168817157209599e+00
5.609000016722704459e+04,5.652383790461678048e-01,5.834036442593043548e-02,1.910525661898886618e+00,1.646477250307619711e+00,2.109193036781707165e-01,5.497037363527266240e-01,4.761904761904761640e-01,8.333333333333333703e-01,3.518311772026487816e+00,1.250000000000000000e-01,3.333333333333333148e-01,3.351934206167030084e+00
5.610000016725686146e+04,4.355618864312617022e-01,7.313257612366888538e-02,9.099698369902243789e-01,9.274527239693891589e-01,4.436148895664724923e-01,7.514684446449310107e-01,5.714285714285713969e-01,8.333333333333333703e-01,3.600512361330905797e+00,1.250000000000000000e-01,3.333333333333333148e-01,3.600512361330905797e+00
5.611000016728667106e+04,4.473128035417922033e-01,5.618489609415570907e-02,7.438396607261974491e-01,1.045501773408304302e+00,2.152856961895096011e-01,5.615697744570704586e-01,5.238095238095238360e-01,1.000000000000000000e+00,3.521586209050517002e+00,8.333333333333332871e-02,3.333333333333333148e-01,3.521586209050517002e+00
5.612000016731648793e+04,4.631293295337489679e-01,5.524781895389627162e-02,1.010930410766183840e+00,1.698410551192571116e+00,6.189794854258593437e-01,9.552202355802866807e-01,7.619047619047618625e-01,1.000000000000000000e+00,3.503989193595988816e+00,1.250000000000000000e-01,3.333333333333333148e-01,3.646457255123717101e+00
5.613000016734630481e+04,7.279432182308233079e-01,4.053793611593144858e-02,1.105839185407138769e+00,1.721620661711196654e+00,5.009343643794347267e-01,8.171522611450072748e-01,3.809523809523809312e-01,1.000000000000000000e+00,3.598567751333715758e+00,1.250000000000000000e-01,3.333333333333333148e-01,3.540484687824882126e+00
5.614000016737611440e+04,6.119406555783578616e-01,5.282390486885561037e-02,9.431627380979069608e-01,1.307943729061837201e+00,2.548948663352538224e-01,4.962244522386124457e-01,5.714285714285713969e-01,1.000000000000000000e+00,3.643559817899879150e+00,8.333333333333332871e-02,3.333333333333333148e-01,3.643559817899879150e+00
5.615000016740593128e+04,3.719021436269468461e-01,8.216609061612496767e-02,1.160864151658898447e+00,1.694239707289176167e+00,6.539889456544307755e-01,9.468354030699328572e-01,6.190476190476190688e-01,8.333333333333333703e-01,3.704594518589583885e+00,1.250000000000000000e-01,3.333333333333333148e-01,3.605673760514999326e+00
5.616000016743574088e+04,8.817640705015953317e-01,7.239372357693447946e-02,1.053826354890291750e+00,2.220359063045474368e+00,2.564600521772367192e-01,4.299361564321165785e-01,3.809523809523809312e-01,5.000000000000000000e-01,3.671769281489753567e+00,1.250000000000000000e-01,3.333333333333333148e-01,3.366335590477520956e+00
5.617000016746555775e+04,7.385810414708247063e-01,5.123352189354031527e-02,1.225153203371373900e+00,2.068129331385519798e+00,2.987922112456974921e-01,6.438462303229198769e-01,5.238095238095238360e-01,1.000000000000000000e+00,3.746810846801024830e+00,1.250000000000000000e-01,3.333333333333333148e-01,3.871468504689116408e+00
5.618000016749537463e+04,4.862777056669840281e-01,5.718040121680786902e-02,7.626167267651967618e-01,2.023520174847659003e+00,7.377359551980285923e-01,1.086281467848131621e+00,5.714285714285713969e-01,1.000000000000000000e+00,3.673430655737247363e+00,8.333333333333332871e-02,3.333333333333333148e-01,3.756694494747556234e+00
5.619000016752518422e+04,5.579472579667548171e-01,5.102546196124110173e-02,7.995921848612356220e-01,1.895539729602996770e+00,2.878480779903663245e-01,5.960492975873967758e-01,5.714285714285713969e-01,1.000000000000000000e+00,3.681032057324253870e+00,1.250000000000000000e-01,3.333333333333333148e-01,3.871807296169011092e+00
5.620000016755500110e+04,5.713763002091428733e-01,4.780037012644038769e-02,6.895557331175529159e-01,1.626649149550250861e+00,5.184570373546149025e-01,8.599579719680633394e-01,6.190476190476190688e-01,8.333333333333333703e-01,3.568944799587963068e+00,4.166666666666666435e-02,3.333333333333333148e-01,3.568944799587963068e+00
5.621000016758481797e+04,4.444151547295171478e-01,7.335474979750070124e-02,1.084154120819380562e+00,1.548411001083897176e+00,6.071889759252956376e-01,9.219740856563880538e-01,5.714285714285713969e-01,1.000000000000000000e+00,3.601479752531704825e+00,8.333333333333332871e-02,3.333333333333333148e-01,3.601479752531704825e+00
5.622000016761462757e+04,7.173007414227865475e-01,7.564697248155008436e-02,9.316998623045494865e-01,1.892866139160417571e+00,7.644910947068120910e-01,1.111868183593236026e+00,5.714285714285713969e-01,1.000000000000000000e+00,3.508790122694727565e+00,4.166666666666666435e-02,3.333333333333333148e-01,3.508790122694727565e+00
5.623000016764444445e+04,3.883518347297172379e-01,7.191804655525903256e-02,1.262930747421759925e+00,1.818055132552264030e+00,4.585054578875809583e-01,8.009585879669661734e-01,5.714285714285713969e-01,1.000000000000000000e+00,3.746689485307214795e+00,8.333333333333332871e-02,3.333333333333333148e-01,3.504009255921936905e+00
5.624000016767425404e+04,7.786102144966070560e-01,6.479150006063515155e-02,9.017968707640507953e-01,1.871184839196990968e+00,4.583926724810911679e-01,8.004373326395035626e-01,5.714285714285713969e-01,1.000000000000000000e+00,3.329563210751681268e+00,4.166666666666666435e-02,3.333333333333333148e-01,3.329563210751681268e+00
5.625000016770407092e+04,4.856341099023589458e-01,4.021758603816620592e-02,5.798796120239538832e-01,1.575959106349324568e+00,3.814233882043093216e-01,6.738104202604522364e-01,4.761904761904761640e-01,1.000000000000000000e+00,3.751705728764145320e+00,0.000000000000000000e+00,1.666666666666666574e-01,3.751705728764145320e+00
5.626000016773388779e+04,8.842774726941268204e-01,3.865001280582774229e-02,8.760780993255854465e-01,2.127432053077369822e+00,6.944677406123953567e-01,9.251087926772324499e-01,4.285714285714285476e-01,1.000000000000000000e+00,3.313135604173036430e+00,8.333333333333332871e-02,3.333333333333333148e-01,3.536304407204747591e+00
5.627000016776369739e+04,7.911643616094352627e-01,6.339447783443941109e-02,8.168131200072004106e-01,1.757603362446227058e+00,3.838556191862859679e-01,7.169517538711454030e-01,6.190476190476190688e-01,1.000000000000000000e+00,3.712255770627139295e+00,8.333333333333332871e-02,3.333333333333333148e-01,3.626382010648800946e+00
5.628000016779351427e+04,9.870730662263069721e-01,5.871384751019641940e-02,4.236095772350969013e-01,1.530552597078030708e+00,4.414392062085629731e-01,6.560127588841659918e-01,5.714285714285713969e-01,1.000000000000000000e+00,3.589522685354863185e+00,1.250000000000000000e-01,3.333333333333333148e-01,3.631779619085871769e+00
5.629000016782332386e+04,6.769784914822819522e-01,4.491654137746044217e-02,9.912314367409832405e-01,1.840047471406980995e+00,4.868443666582900620e-01,8.052209608905789295e-01,7.619047619047618625e-01,1.000000000000000000e+00,3.553099677305548987e+00,8.333333333333332871e-02,3.333333333333333148e-01,3.553099677305548987e+00
5.630000016785314074e+04,7.769344484881859358e-01,6.237707940728866307e-02,9.966561982092438932e-01,1.442260323008037748e+00,7.644506935109941503e-01,1.070130680152470593e+00,4.761904761904761640e-01,1.000000000000000000e+00,3.719116662402027096e+00,8.333333333333332871e-02,3.333333333333333148e-01,3.626803873909686615e+00
5.631000016788295761e+04,4.914884498801939672e-01,4.177435452531272353e-02,5.630574834529056272e-01,1.529069978651860007e+00,3.545979008390713894e-01,6.260813590456303368e-01,7.142857142857143016e-01,8.333333333333333703e-01,3.516177882698066526e+00,1.250000000000000000e-01,3.333333333333333148e-01,3.498556212547292432e+00
5.632000016791276721e+04,6.226845105687919268e-01,4.043431951233879273e-02,5.957097043223033017e-01,1.566079168040008573e+00,4.347648688318719867e-01,7.405993026004479285e-01,6.190476190476190688e-01,8.333333333333333703e-01,3.599013306528312306e+00,1.250000000000000000e-01,3.333333333333333148e-01,3.585611021050428171e+00
5.633000016794258408e+04,1.010357494571787251e+00,6.400572026388116897e-02,4.620116876458599808e-01,1.432080061979788210e+00,4.872693869081248796e-01,8.315143614396274252e-01,3.809523809523809312e-01,8.333333333333333703e-01,3.238410567936385931e+00,1.250000000000000000e-01,3.333333333333333148e-01,3.238410567936385931e+00
5.634000016797239368e+04,6.705046868066512067e-01,5.112838149414458688e-02,1.081530936068250792e+00,2.088901499270193529e+00,5.358889209571082723e-01,8.609095958869401599e-01,4.761904761904761640e-01,8.333333333333333703e-01,3.300929759711840106e+00,1.250000000000000000e-01,3.333333333333333148e-01,3.300929759711840106e+00
5.635000016800221056e+04,8.764910330235234914e-01,4.768790787818211890e-02,8.064311791622379433e-01,1.420478574731319332e+00,5.225019793230073484e-01,7.868006875392353772e-01,4.285714285714285476e-01,8.333333333333333703e-01,3.347928827177667266e+00,8.333333333333332871e-02,3.333333333333333148e-01,3.347928827177667266e+00
5.636000016803202743e+04,7.262054682415115536e-01,8.942400418275085749e-02,5.956693809492448199e-01,1.386405440647774379e+00,4.753339912512318244e-01,7.345186335219624496e-01,7.142857142857143016e-01,1.000000000000000000e+00,3.461839919553270750e+00,4.166666666666666435e-02,3.333333333333333148e-01,3.461839919553270750e+00
5.637000016806183703e+04,7.196336294712637471e-01,4.581708902954122892e-02,9.233924002633309147e-01,1.416864544224248457e+00,3.684392086853822135e-01,5.806866143575629691e-01,4.285714285714285476e-01,1.000000000000000000e+00,3.670320668946411846e+00,8.333333333333332871e-02,3.333333333333333148e-01,3.670320668946411846e+00
5.638000016809165390e+04,4.515646203148905302e-01,5.703732055666537598e-02,6.019907169749418863e-01,1.426224183986697369e+00,4.274915932822975217e-01,7.186480195580974284e-01,5.238095238095238360e-01,1.000000000000000000e+00,3.409561640334206167e+00,1.250000000000000000e-01,3.333333333333333148e-01,3.409561640334206167e+00
5.639000016812147078e+04,9.595438096636264014e-01,5.348329323696068144e-02,1.447730501610051901e+00,1.872302960430555441e+00,4.002371746830263310e-01,7.200720968842794223e-01,3.333333333333333148e-01,6.666666666666666297e-01,3.633946725529841437e+00,8.333333333333332871e-02,3.333333333333333148e-01,3.601131596549222991e+00
5.640000016815128038e+04,9.282743920569773710e-01,6.016927883663153453e-02,1.350624790343792903e+00,1.837228258994260788e+00,3.809687163998962678e-01,6.852218023731672103e-01,4.761904761904761640e-01,1.000000000000000000e+00,3.698664339348357366e+00,1.250000000000000000e-01,3.333333333333333148e-01,3.698664339348357366e+00
5.641000016818109725e+04,7.142178542903194760e-01,5.101231820184463223e-02,1.473518097947295047e+00,2.505048465501876986e+00,3.667363561625394675e-01,6.782122187638410793e-01,3.809523809523809312e-01,8.333333333333333703e-01,3.614916619635947903e+00,1.250000000000000000e-01,3.333333333333333148e-01,3.614916619635947903e+00
5.642000016821090685e+04,6.989093773803102261e-01,5.533617646302532028e-02,9.264128698444434873e-01,1.892615215206253199e+00,4.125507786801272947e-01,7.388815746668346840e-01,4.761904761904761640e-01,1.000000000000000000e+00,3.535418136114427234e+00,1.250000000000000000e-01,3.333333333333333148e-01,3.594574157380300061e+00
5.643000016824072372e+04,8.054246527712657366e-01,4.251525699963604882e-02,9.064612108867031726e-01,1.410976462155645095e+00,3.357934737253538415e-01,6.206366188895598990e-01,5.238095238095238360e-01,1.000000000000000000e+00,3.383057007713582198e+00,4.166666666666666435e-02,3.333333333333333148e-01,3.383057007713582198e+00
5.644000016827054060e+04,7.373493397956683015e-01,6.939993781137432372e-02,1.437103879130354755e+00,2.144361894442575078e+00,2.361372427300928722e-01,5.354899135481994144e-01,4.761904761904761640e-01,1.000000000000000000e+00,3.687277698510392554e+00,1.250000000000000000e-01,3.333333333333333148e-01,3.704697108153597540e+00
5.645000016830035020e+04,9.914331495899461055e-01,6.360647157970707177e-02,1.081749008228936937e+00,2.085486031934053130e+00,3.895896463603308879e-01,6.890981907709260446e-01,4.761904761904761640e-01,1.000000000000000000e+00,3.327498155170342642e+00,4.166666666666666435e-02,3.333333333333333148e-01,3.327498155170342642e+00
5.646000016833016707e+04,8.261524793944524658e-01,7.541959073130836966e-02,1.199051068290649891e+00,1.446280520882997411e+00,2.309107295177683095e-01,4.773152641066980006e-01,7.142857142857143016e-01,1.000000000000000000e+00,3.493285240970326555e+00,1.250000000000000000e-01,3.333333333333333148e-01,3.499766768913082693e+00
5.647000016835997667e+04,9.382485553506382248e-01,6.471567479683323909e-02,9.751035692048503067e-01,1.423458391665152423e+00,2.705908503071777216e-01,5.120425156746761797e-01,5.714285714285713969e-01,1.000000000000000000e+00,3.533314810121400029e+00,1.250000000000000000e-01,3.333333333333333148e-01,3.533314810121400029e+00
5.648000016838979354e+04,2.576623678699442310e-01,4.804486504496249116e-02,5.248925343516159803e-01,1.434683296265960140e+00,3.688031713920360000e-01,7.042916255912923251e-01,6.666666666666666297e-01,1.000000000000000000e+00,3.549125015690383300e+00,1.250000000000000000e-01,3.333333333333333148e-01,3.549125015690383300e+00
5.649000016841961042e+04,7.375596130681956186e-01,8.393351866295543917e-02,1.173674816762750872e+00,2.090390552294092430e+00,2.148324804444632918e-01,5.589734151890312086e-01,6.666666666666666297e-01,1.000000000000000000e+00,3.651396185804327121e+00,4.166666666666666435e-02,3.333333333333333148e-01,3.760371901573204667e+00
5.650000016844942002e+04,8.496112058706314363e-01,6.155137013900117970e-02,1.023809041588151780e+00,1.746300126140786224e+00,2.933591159607781829e-01,5.364767729197164048e-01,6.666666666666666297e-01,1.000000000000000000e+00,3.581822161380234792e+00,1.250000000000000000e-01,3.333333333333333148e-01,3.417157975419782279e+00
5.651000016847923689e+04,4.773598254516061568e-01,7.951333480913504170e-02,1.444778094912252842e+00,2.041465206083594275e+00,5.672349587891041267e-01,8.647868105796677751e-01,7.142857142857143016e-01,1.000000000000000000e+00,3.751418233121824652e+00,1.250000000000000000e-01,3.333333333333333148e-01,3.718219568839517652e+00
5.652000016850905376e+04,1.319621964613347576e+00,7.863702589593525583e-02,2.356087943401005802e+00,3.532253680970294685e+00,2.250508415102039916e-01,3.820875464884406769e-01,3.809523809523809312e-01,1.000000000000000000e+00,3.783021861788483875e+00,8.333333333333332871e-02,3.333333333333333148e-01,3.693175818248523257e+00
5.653000016853886336e+04,5.426891301237073417e-01,4.966922424856003854e-02,6.650698678276536491e-01,1.715147958597564415e+00,1.960047324851167116e-01,4.273861936940364648e-01,6.190476190476190688e-01,1.000000000000000000e+00,3.466831508387114180e+00,4.166666666666666435e-02,3.333333333333333148e-01,3.691809038122413789e+00
5.654000016856868024e+04,5.656604841746004642e-01,6.654358066550070117e-02,1.673707463212863233e+00,1.932942943740479036e+00,4.251830229291588825e-01,7.592493352404894313e-01,5.714285714285713969e-01,1.000000000000000000e+00,3.446935314114565774e+00,1.250000000000000000e-01,3.333333333333333148e-01,3.446935314114565774e+00
5.655000016859848984e+04,5.801058810968705570e-01,5.716913139643181596e-02,1.084563121073240266e+00,2.092895014903587647e+00,2.681263574473168321e-01,5.382360283936284961e-01,5.238095238095238360e-01,1.000000000000000000e+00,3.487944892794052176e+00,8.333333333333332871e-02,3.333333333333333148e-01,3.487944892794052176e+00
5.656000016862830671e+04,6.711414260880678162e-01,3.201015837313021806e-02,5.000194910570474605e-01,1.297078514949623118e+00,2.257514338525150321e-01,5.432496825868283752e-01,4.285714285714285476e-01,8.333333333333333703e-01,3.538228428321141372e+00,1.250000000000000000e-01,3.333333333333333148e-01,3.491219373372109747e+00
5.657000016865812358e+04,1.467819919038974297e-01,4.305937357737754656e-02,6.201146902457237431e-01,1.352287541314166841e+00,4.380560352515049938e-01,6.963281528458579173e-01,4.761904761904761640e-01,8.333333333333333703e-01,3.377384662488373657e+00,1.666666666666666574e-01,3.333333333333333148e-01,3.377384662488373657e+00
5.658000016868793318e+04,7.478066497106125032e-01,4.590998856548078599e-02,1.468607837579725572e+00,1.485934414440271745e+00,1.468852131930056260e-01,3.975516576844517758e-01,6.666666666666666297e-01,8.333333333333333703e-01,3.294425603098862787e+00,1.250000000000000000e-01,3.333333333333333148e-01,3.294425603098862787e+00
5.659000016871775006e+04,6.608173362008827878e-01,6.417275917947247443e-02,1.227825868727068892e+00,1.796896757349583984e+00,1.649835692475969395e-01,3.885182131950929429e-01,4.761904761904761640e-01,1.000000000000000000e+00,3.636544707957652278e+00,1.250000000000000000e-01,3.333333333333333148e-01,3.613074736122569686e+00
5.660000016874755966e+04,6.295693205065706621e-01,5.008607835561013771e-02,7.614027857464887861e-01,1.077355933702678348e+00,2.481893456325784675e-01,5.420759867603859306e-01,5.714285714285713969e-01,1.000000000000000000e+00,3.898018459824915460e+00,1.250000000000000000e-01,3.333333333333333148e-01,3.635920573085940521e+00
5.661000016877737653e+04,8.730857719455356047e-01,7.047830406086137700e-02,5.705961813332415256e-01,8.576233442737150048e-01,2.345977622688444064e-01,3.974269860208829996e-01,5.714285714285713969e-01,1.000000000000000000e+00,3.383050253984700717e+00,1.250000000000000000e-01,3.333333333333333148e-01,3.383050253984700717e+00
5.662000016880719340e+04,1.053740258895238036e+00,6.605083681156566355e-02,1.594417817496961653e+00,1.640721156796024705e+00,1.592640112915724437e-01,5.031081198546191180e-01,5.714285714285713969e-01,1.000000000000000000e+00,3.584915232148373487e+00,1.250000000000000000e-01,3.333333333333333148e-01,3.535503237888037553e+00
5.663000016883700300e+04,1.026333275707450587e+00,7.072031267081257955e-02,1.189111712237679308e+00,1.488183107827341312e+00,4.392730062364266219e-01,4.286578548423277124e-01,4.761904761904761640e-01,8.333333333333333703e-01,3.833411039547084176e+00,1.250000000000000000e-01,3.333333333333333148e-01,3.684408560370081798e+00
5.664000016886681988e+04,7.287595110315835401e-01,5.312711872529734397e-02,1.342720558099425476e+00,1.866565505260219915e+00,6.236729189628870129e-01,8.061865176700278024e-01,5.714285714285713969e-01,1.000000000000000000e+00,3.566497856374356790e+00,8.333333333333332871e-02,3.333333333333333148e-01,3.566497856374356790e+00
5.665000016889662948e+04,7.462846148993662609e-01,4.430694554930288825e-02,1.517138380891333904e+00,1.466588223470075114e+00,9.502024657202406965e-02,4.062531678583757855e-01,6.190476190476190688e-01,1.000000000000000000e+00,3.549588594588224844e+00,1.666666666666666574e-01,3.333333333333333148e-01,3.549588594588224844e+00
5.666000016892644635e+04,2.862245087259726040e-01,5.032186804546587983e-02,5.607370055114109242e-01,1.019755397024915577e+00,3.698611134893861618e-01,7.156360040472550255e-01,5.238095238095238360e-01,8.333333333333333703e-01,3.247180931785569769e+00,1.250000000000000000e-01,3.333333333333333148e-01,3.247180931785569769e+00
5.667000016895626322e+04,8.549860800337903965e-01,6.794253219692003576e-02,1.023221185038341252e+00,1.264295393091747766e+00,3.115496870797308526e-01,2.666441695726592398e-01,6.190476190476190688e-01,1.000000000000000000e+00,3.639051176931856535e+00,1.250000000000000000e-01,3.333333333333333148e-01,3.596457909026930189e+00
5.668000016898607282e+04,1.026229767661665626e+00,4.177959200091389824e-02,1.156758434783648370e+00,6.902587401612995111e-01,5.044467297728153499e-01,5.989216269277826132e-01,5.238095238095238360e-01,8.333333333333333703e-01,3.745205493188727974e+00,1.666666666666666574e-01,3.333333333333333148e-01,3.513031397821621660e+00
5.669000016901588970e+04,1.090288260513623486e+00,5.030381619943860572e-02,1.186261743642328170e+00,1.086485533250040048e+00,4.470814729985679303e-01,5.650290315400022800e-01,3.809523809523809312e-01,6.666666666666666297e-01,3.679145092727744260e+00,1.666666666666666574e-01,3.333333333333333148e-01,3.352763138176409807e+00
5.670000016904570657e+04,5.967465589103511103e-01,6.281642722356589603e-02,9.583886427274059816e-01,1.009998465839729409e+00,1.777026776910349826e-01,4.349534971512670767e-01,6.666666666666666297e-01,8.333333333333333703e-01,3.394796767383663205e+00,1.666666666666666574e-01,3.333333333333333148e-01,3.394796767383663205e+00
5.671000016907551617e+04,7.951499047340642168e-01,4.415963585949956444e-02,1.355540613099619929e+00,2.031914936173712771e+00,4.484213755414447333e-01,6.762428226027037415e-01,7.142857142857143016e-01,8.333333333333333703e-01,3.378206744442221687e+00,1.250000000000000000e-01,3.333333333333333148e-01,3.532706055564088565e+00
5.672000016910533304e+04,1.037116551993509272e+00,5.595268065325319923e-02,3.277691805102732392e+00,2.791229254202185484e+00,5.954657356922983258e-01,8.696581872974624705e-01,5.238095238095238360e-01,6.666666666666666297e-01,3.557908453034110963e+00,1.666666666666666574e-01,3.333333333333333148e-01,3.367130143052055047e+00
5.673000016913514264e+04,8.414747804248894347e-01,4.253715269509736330e-02,1.677298485056382571e+00,1.851317520076614098e+00,5.554707371668478055e-01,4.783634959538189957e-01,6.666666666666666297e-01,1.000000000000000000e+00,3.399793654193698167e+00,1.250000000000000000e-01,3.333333333333333148e-01,3.684463647806222042e+00
5.674000016916495952e+04,9.237380897196172391e-01,6.431558936670622728e-02,2.246813233661937748e+00,2.282416770465859113e+00,3.213281663014245781e-01,4.750586003191303863e-01,7.142857142857143016e-01,1.000000000000000000e+00,3.598830352845933334e+00,1.250000000000000000e-01,3.333333333333333148e-01,3.701590471660162418e+00
5.675000016919477639e+04,6.003128140894969933e-01,5.714060520371799096e-02,1.116856105330799487e+00,1.866037246106927228e+00,2.534471970915971872e-01,5.639295093940099868e-01,6.190476190476190688e-01,1.000000000000000000e+00,3.597535776929003060e+00,1.250000000000000000e-01,3.333333333333333148e-01,3.674449427617660913e+00
5.676000016922458599e+04,6.605130723295514761e-01,4.512018924759330502e-02,8.224277053896043022e-01,2.004054639028793439e+00,2.396902815191813974e-01,5.080217453328903510e-01,8.095238095238095344e-01,1.000000000000000000e+00,3.428815234529090539e+00,1.666666666666666574e-01,3.333333333333333148e-01,3.428815234529090539e+00
5.677000016925440286e+04,7.468639042029868724e-01,5.816752318408908995e-02,5.054949882195933775e-01,2.201311752516212028e+00,2.017866374448003819e-01,4.253133055446025046e-01,3.333333333333333148e-01,8.333333333333333703e-01,3.915094978625339728e+00,1.250000000000000000e-01,3.333333333333333148e-01,3.724142205504390013e+00
5.678000016928421246e+04,8.184223593497359506e-01,8.205141266460326543e-02,7.379570970461376556e-01,1.249272688187178515e+00,3.087330015430251873e-01,5.094633352003399285e-01,5.238095238095238360e-01,1.000000000000000000e+00,3.762970742894648168e+00,1.250000000000000000e-01,3.333333333333333148e-01,3.611160909326980750e+00
5.679000016931402934e+04,9.687810753588707025e-01,7.923716698235701295e-02,1.997209750146956786e+00,2.820919026862598766e+00,2.499268077118592390e-01,4.354509765518140285e-01,5.238095238095238360e-01,8.333333333333333703e-01,3.585848121302067870e+00,1.250000000000000000e-01,3.333333333333333148e-01,3.254255667732336210e+00
5.680000016934384621e+04,1.034462401555752198e+00,5.519769972357649324e-02,1.616363992734229260e+00,2.073699104843326424e+00,4.995384193108987625e-01,8.434468648514983347e-01,4.285714285714285476e-01,8.333333333333333703e-01,3.562029744278395249e+00,1.666666666666666574e-01,3.333333333333333148e-01,3.562029744278395249e+00
5.681000016937365581e+04,7.265560668860767679e-01,5.507715630457151595e-02,4.305764892770023722e-01,1.939523696743775227e+00,6.547757783866864356e-01,9.435868428889354620e-01,5.238095238095238360e-01,8.333333333333333703e-01,3.375561606887626187e+00,1.666666666666666574e-01,3.333333333333333148e-01,3.375561606887626187e+00
5.682000016940347268e+04,5.453279392530508973e-01,4.145934654077402387e-02,8.377172018751471994e-01,1.972352262018058688e+00,5.790678093111537583e-01,8.953075935321271883e-01,7.142857142857143016e-01,1.000000000000000000e+00,3.542797643176780475e+00,1.250000000000000000e-01,3.333333333333333148e-01,3.589282120116963792e+00
5.683000016943328956e+04,6.605216103851712095e-01,7.722700313405671257e-02,8.639501263001465592e-01,1.533189553234717950e+00,4.465947885298023889e-01,7.940939884238771285e-01,4.285714285714285476e-01,1.000000000000000000e+00,3.571062526219210387e+00,1.250000000000000000e-01,3.333333333333333148e-01,3.485565689796606748e+00
5.684000016946309916e+04,6.330541018975410772e-01,5.496896699557957122e-02,4.511988621914924669e-01,1.986545009636912162e+00,3.944160571117406588e-01,6.785547456702910596e-01,7.619047619047618625e-01,1.000000000000000000e+00,3.553110963058552674e+00,1.666666666666666574e-01,3.333333333333333148e-01,3.260774283481254532e+00
5.685000016949291603e+04,3.469848517445232594e-01,7.540771459803456700e-02,5.479220206723268705e-01,1.434405835158985676e+00,6.643536080779293140e-01,9.490275087647526142e-01,7.619047619047618625e-01,8.333333333333333703e-01,3.568612398441338929e+00,1.250000000000000000e-01,3.333333333333333148e-01,3.313723903592595832e+00
5.686000016952272563e+04,9.295152532389662214e-01,7.844494659243150814e-02,1.080336435704384312e+00,1.633879238204904549e+00,4.146508124933651063e-01,4.772161836855067230e-01,3.809523809523809312e-01,8.333333333333333703e-01,3.849104189605890181e+00,4.166666666666666435e-02,3.333333333333333148e-01,3.658138076598461907e+00
5.687000016955254250e+04,9.490792479015084382e-01,6.405145033721956760e-02,1.846140096059072144e+00,2.168364234528175949e+00,1.386454285151481058e-01,3.679709629129940263e-01,4.761904761904761640e-01,6.666666666666666297e-01,3.761460544565200070e+00,1.250000000000000000e-01,3.333333333333333148e-01,3.689069729959133515e+00
5.688000016958235938e+04,1.525554071979494219e+00,5.108706805614103563e-02,9.921477632317541318e-01,1.948584060757952319e+00,7.456129330219023466e-01,6.928180615297707678e-01,5.714285714285713969e-01,6.666666666666666297e-01,3.422697184860021835e+00,8.333333333333332871e-02,3.333333333333333148e-01,3.465381849342531684e+00
5.689000016961216897e+04,1.005959761880273140e+00,7.425899592371354441e-02,1.686698699151393921e+00,1.993265829944084633e+00,5.275854180751201605e-01,7.483005304776677580e-01,4.761904761904761640e-01,8.333333333333333703e-01,3.631750141369296525e+00,1.250000000000000000e-01,3.333333333333333148e-01,3.890502483695592151e+00
5.690000016964198585e+04,9.494051482161582900e-01,4.818174333189326891e-02,6.958881649242903977e-01,1.505702087157276159e+00,5.649140631877761498e-01,8.877177328167069614e-01,4.285714285714285476e-01,1.000000000000000000e+00,3.913830918393006453e+00,1.250000000000000000e-01,3.333333333333333148e-01,3.547861437381252259e+00
5.691000016967179545e+04,7.716750649242871685e-01,4.563163345097540763e-02,1.401652779264067616e+00,1.716120344722100510e+00,2.553805387599970556e-01,5.075466999306316174e-01,6.666666666666666297e-01,1.000000000000000000e+00,3.715733579279925536e+00,8.333333333333332871e-02,3.333333333333333148e-01,4.043837462706284747e+00
5.692000016970161232e+04,1.292053087303059344e+00,6.286939393222090722e-02,1.536440540336629024e+00,1.968478834257108456e+00,4.078950986293660153e-01,5.899978183524766662e-01,3.809523809523809312e-01,6.666666666666666297e-01,3.999195595690069993e+00,8.333333333333332871e-02,3.333333333333333148e-01,3.773684359242571951e+00
5.693000016973142920e+04,1.025537656869830672e+00,6.068641011073321045e-02,1.826562530426342423e+00,2.154515473985425533e+00,3.415806879358088133e-01,6.877816889159692471e-01,3.333333333333333148e-01,5.000000000000000000e-01,3.690863054781150066e+00,1.250000000000000000e-01,3.333333333333333148e-01,3.627011974390442983e+00
5.694000016976123879e+04,1.284265913642226531e+00,6.549222650805026913e-02,1.553214540439805225e+00,2.870121364143605192e+00,5.990884220672986205e-01,8.276695579824530080e-01,1.904761904761904656e-01,5.000000000000000000e-01,3.936870168011852300e+00,1.666666666666666574e-01,3.333333333333333148e-01,3.302557555178313287e+00
5.695000016979105567e+04,1.255320891135583761e+00,4.511939355172199517e-02,2.357292074194391240e+00,2.682977705441763838e+00,3.381505369262291505e-01,6.281862773845587888e-01,4.761904761904761640e-01,6.666666666666666297e-01,3.693284701529516489e+00,1.666666666666666574e-01,3.333333333333333148e-01,3.303901983760360483e+00
5.696000016982086527e+04,4.666457535037912274e-01,8.479068040236506509e-02,1.114508387143536394e+00,1.928476041124332019e+00,4.278476834871993151e-01,7.696773918839505679e-01,5.714285714285713969e-01,1.000000000000000000e+00,3.665942039241321559e+00,1.250000000000000000e-01,3.333333333333333148e-01,3.485481099920088255e+00
5.697000016985068214e+04,1.241268070813379865e+00,3.160428243358146677e-02,1.084067087946945618e+00,2.220077662231504156e+00,3.383172934935163578e-01,5.555763027872467896e-01,5.714285714285713969e-01,8.333333333333333703e-01,3.798200536917944792e+00,1.250000000000000000e-01,3.333333333333333148e-01,3.706654402814847149e+00
5.698000016988049902e+04,1.331349118566277356e+00,7.314951707508553225e-02,1.488176639798748813e+00,2.130467913459635376e+00,2.073695897485372808e-01,4.109054201554545593e-01,4.761904761904761640e-01,8.333333333333333703e-01,3.833557503759732921e+00,1.666666666666666574e-01,3.333333333333333148e-01,3.585693991163498850e+00
5.699000016991030861e+04,1.022033709115715894e+00,4.359469230037078119e-02,9.199698782902119287e-01,1.442414110845932518e+00,1.361434976288102561e-01,4.333784978121678066e-01,5.714285714285713969e-01,8.333333333333333703e-01,3.865841975306445910e+00,1.666666666666666574e-01,3.333333333333333148e-01,3.349423210250265459e+00
5.700000016994012549e+04,1.019193467658393137e+00,5.997635191390111170e-02,1.160278611383026348e+00,2.304856472481886076e+00,3.101801943916170368e-01,4.012561909750589351e-01,5.714285714285713969e-01,8.333333333333333703e-01,3.816184163552945652e+00,1.250000000000000000e-01,3.333333333333333148e-01,3.810700628568614690e+00
5.701000016996994236e+04,1.462488871708987448e+00,6.303817154220753283e-02,1.111181668546351808e+00,1.748968490241606055e+00,3.150883295663587935e-01,4.916776136681313969e-01,3.333333333333333148e-01,5.000000000000000000e-01,3.644846870000134409e+00,1.250000000000000000e-01,3.333333333333333148e-01,3.487451136772780291e+00
5.702000016999975196e+04,1.621321738020456982e+00,5.275288042437142194e-02,3.860195637258351242e-01,1.385509575135721594e+00,5.614476108337108640e-01,4.068116064129613241e-01,3.809523809523809312e-01,6.666666666666666297e-01,3.798042389916332695e+00,1.250000000000000000e-01,3.333333333333333148e-01,3.549757169174757809e+00
5.703000017002956884e+04,1.475769284429692796e+00,5.662687435439452133e-02,1.171550275512810213e+00,2.245013301221734814e+00,3.915418003657852308e-01,4.563959420658063038e-01,3.809523809523809312e-01,5.000000000000000000e-01,3.935171514518617908e+00,1.250000000000000000e-01,3.333333333333333148e-01,3.843850359142340967e+00
5.704000017005937843e+04,1.400167871742090675e+00,5.792623715136035328e-02,9.191027253774989303e-01,1.928803839358363970e+00,4.612176601429873180e-01,3.383796200753252936e-01,5.238095238095238360e-01,6.666666666666666297e-01,3.629825239496715650e+00,1.250000000000000000e-01,3.333333333333333148e-01,3.837301732686517308e+00
5.705000017008919531e+04,2.289223764785068393e+00,5.554696669303925416e-02,8.919204991111083780e-01,1.546480860967573090e+00,6.435653466039649162e-01,3.580195490384971424e-01,3.333333333333333148e-01,5.000000000000000000e-01,3.388987596719462037e+00,1.250000000000000000e-01,3.333333333333333148e-01,3.388987596719462037e+00
5.706000017011901218e+04,1.445612784905904835e+00,3.023244829079397428e-02,1.366141519806391313e+00,2.440325159448497594e+00,3.099619644615329017e-01,2.943675380162230626e-01,5.238095238095238360e-01,8.333333333333333703e-01,3.796707870367989290e+00,8.333333333333332871e-02,3.333333333333333148e-01,3.679134140910086614e+00
5.707000017014882178e+04,1.576404954357460309e+00,5.632400325778452732e-02,1.006565083065773081e+00,2.250881522565124193e+00,3.709386732768470418e-01,2.134541193770085887e-01,4.761904761904761640e-01,1.000000000000000000e+00,3.736772213562607359e+00,1.250000000000000000e-01,3.333333333333333148e-01,3.747420878730602922e+00
5.708000017017863865e+04,8.768945475454268390e-01,4.875773094669796220e-02,7.254664169268394414e-01,1.573146200545639806e+00,3.970419147921538383e-01,2.106740046006705391e-01,4.285714285714285476e-01,8.333333333333333703e-01,3.914589342481962220e+00,8.333333333333332871e-02,3.333333333333333148e-01,4.000781613784155866e+00
5.709000017020844825e+04,1.708442465886969686e+00,8.804915589250358887e-02,8.876860115897372561e-01,1.517905445013375765e+00,9.115539317192962177e-01,8.773350652651384918e-01,4.761904761904761640e-01,8.333333333333333703e-01,3.645433927479873937e+00,4.166666666666666435e-02,3.333333333333333148e-01,3.513979381699436466e+00
5.710000017023826513e+04,1.776685055516148637e+00,3.905077470725368260e-02,1.512545368560693104e+00,2.546581962851816705e+00,1.596939708354478127e-01,1.965199017955301108e-01,4.285714285714285476e-01,8.333333333333333703e-01,3.474261461318601807e+00,8.333333333333332871e-02,3.333333333333333148e-01,3.855831327390369268e+00
5.711000017026808200e+04,1.093509011845571921e+00,3.570035150240248589e-02,4.084045747526962034e-01,1.701247085625314570e+00,3.124084742338096299e-01,3.845442480454267509e-01,5.238095238095238360e-01,8.333333333333333703e-01,3.738003311077632507e+00,1.250000000000000000e-01,3.333333333333333148e-01,3.718026742128306417e+00
5.712000017029789160e+04,1.193922736060702094e+00,3.910734670286337977e-02,6.114722691802066956e-01,1.524810651826399743e+00,3.997379240683401891e-01,4.559647940232319785e-01,4.761904761904761640e-01,8.333333333333333703e-01,3.836162618450302819e+00,1.250000000000000000e-01,3.333333333333333148e-01,3.606123575436272155e+00
5.713000017032770847e+04,1.283570549588400667e+00,5.861654276534827845e-02,1.094596513019040707e+00,1.959472891079805379e+00,5.250877525735027085e-01,3.638517818085039712e-01,5.238095238095238360e-01,8.333333333333333703e-01,3.834204397644255469e+00,1.250000000000000000e-01,3.333333333333333148e-01,3.829951691129981128e+00
5.714000017035751807e+04,1.155565016578057103e+00,6.958310510723345055e-02,7.677892693914581956e-01,1.766362662818360407e+00,5.095409958456038613e-01,5.649790419316286227e-01,5.238095238095238360e-01,1.000000000000000000e+00,3.702654969740242663e+00,4.166666666666666435e-02,3.333333333333333148e-01,3.564535034137576108e+00
5.715000017038733495e+04,1.024218291971690675e+00,4.733844109129631966e-02,1.175736691145679469e+00,1.419333200278068308e+00,7.564898844375997911e-01,6.052030306599982534e-01,4.761904761904761640e-01,1.000000000000000000e+00,4.124786667276826968e+00,8.333333333333332871e-02,3.333333333333333148e-01,3.740682479594579668e+00
5.716000017041715182e+04,1.625390781788795591e+00,5.109703754840367457e-02,9.406743339197815024e-01,1.573179045204566640e+00,5.089870211763507513e-01,4.770751766771357261e-01,4.761904761904761640e-02,5.000000000000000000e-01,4.286168086818758383e+00,8.333333333333332871e-02,3.333333333333333148e-01,3.814266926259612500e+00
5.717000017044696142e+04,1.347784092384255450e+00,4.791640263607093581e-02,1.019956202052555216e+00,1.524072083178190429e+00,7.340256641976405927e-01,6.511307474349763424e-01,4.761904761904761640e-01,8.333333333333333703e-01,3.670266298044325470e+00,1.666666666666666574e-01,3.333333333333333148e-01,3.473908397222024824e+00
5.718000017047677829e+04,2.071455491327431009e+00,4.227912986463617379e-02,1.412928051065208912e+00,2.101096630948850574e+00,8.486971640063771805e-01,6.027257178290278405e-01,3.809523809523809312e-01,6.666666666666666297e-01,3.788808807998155004e+00,1.250000000000000000e-01,3.333333333333333148e-01,3.743548096133544778e+00
5.719000017050659517e+04,1.625865960687892242e+00,6.411296714736021418e-02,9.589423515825673539e-01,1.980808942950863072e+00,4.262707373361358520e-01,3.533573526938260101e-01,3.333333333333333148e-01,6.666666666666666297e-01,3.556069062048205165e+00,4.166666666666666435e-02,3.333333333333333148e-01,3.512834896196571854e+00
5.720000017053640477e+04,8.308887070194365121e-01,7.077426047134685594e-02,1.593029996282865568e+00,2.098647495984917288e+00,4.288740516712424289e-01,5.158228458205188494e-01,5.714285714285713969e-01,1.000000000000000000e+00,3.734186254954194428e+00,4.166666666666666435e-02,3.333333333333333148e-01,3.734720543994102027e+00
5.721000017056622164e+04,1.322470133432966266e+00,4.993959434130533503e-02,1.102665221950565044e+00,1.539262819115451819e+00,4.518000594609746789e-01,4.901767301982840053e-01,6.190476190476190688e-01,8.333333333333333703e-01,3.495526780566134306e+00,4.166666666666666435e-02,3.333333333333333148e-01,3.712236168071627151e+00
5.722000017059603124e+04,7.956589684639605586e-01,5.461726870291683245e-02,4.969008612956211657e-01,1.669758784524122186e+00,3.455749266463984948e-01,6.122324436276666004e-01,5.238095238095238360e-01,8.333333333333333703e-01,3.811718764310472629e+00,4.166666666666666435e-02,3.333333333333333148e-01,3.864251119623284492e+00
5.723000017062584811e+04,1.575013470610874267e+00,4.952082724472232911e-02,7.481707541911347681e-01,1.724139724502104842e+00,5.743994055057374259e-01,6.165213179387738496e-01,3.809523809523809312e-01,5.000000000000000000e-01,3.816049295669862396e+00,1.250000000000000000e-01,3.333333333333333148e-01,3.704771339647555450e+00
5.724000017065566499e+04,1.028786183135044663e+00,5.145153960662762066e-02,1.930324477627855417e+00,2.626293369545596335e+00,3.686366827826499937e-01,6.300954258459697810e-01,4.285714285714285476e-01,1.000000000000000000e+00,3.783857230530343951e+00,1.250000000000000000e-01,3.333333333333333148e-01,3.777649575837515705e+00
5.725000017068547459e+04,1.012586134950697936e+00,6.997811216844854187e-02,2.335278490900210446e+00,2.310043535360274181e+00,4.130564256599995043e-01,6.829551835542602145e-01,6.666666666666666297e-01,1.000000000000000000e+00,3.604806532484274850e+00,1.250000000000000000e-01,3.333333333333333148e-01,3.602926517063047562e+00
5.726000017071529146e+04,1.218840178816172903e+00,5.986545422509279707e-02,1.914205173638239943e+00,2.800262397299256190e+00,2.488938123139456116e-01,3.234429053389686892e-01,3.809523809523809312e-01,5.000000000000000000e-01,3.789537897465648619e+00,8.333333333333332871e-02,3.333333333333333148e-01,4.144880981361496630e+00
5.727000017074510106e+04,4.985040518786730823e-01,6.807901070283173262e-02,1.003242941254863574e+00,1.231553433038176326e+00,6.251324208228919987e-01,9.544433284174644871e-01,6.190476190476190688e-01,1.000000000000000000e+00,3.720103809421597685e+00,8.333333333333332871e-02,3.333333333333333148e-01,3.905343337924984226e+00
5.728000017077491793e+04,1.087270642694032174e+00,3.811590712675020504e-02,1.685089306136957399e+00,1.678652387525453760e+00,3.900468442680204983e-01,5.607652588541722771e-01,5.714285714285713969e-01,6.666666666666666297e-01,3.789900087200331225e+00,4.166666666666666435e-02,3.333333333333333148e-01,3.447475219504244848e+00
5.729000017080473481e+04,8.615528321064053197e-01,6.638585810700288470e-02,1.887086640745255561e+00,1.245131939829865697e+00,5.692361678838645522e-01,5.081411404894884409e-01,4.285714285714285476e-01,1.000000000000000000e+00,3.759631757253232731e+00,0.000000000000000000e+00,1.666666666666666574e-01,3.956411518891960188e+00
5.730000017083454441e+04,1.020773970080338211e+00,7.374017067362916011e-02,6.640588929694094533e-01,1.163256057522230380e+00,3.891686460478453458e-01,4.719165221875694649e-01,2.857142857142856984e-01,8.333333333333333703e-01,3.884197846781586527e+00,8.333333333333332871e-02,3.333333333333333148e-01,3.775198102866065497e+00
5.731000017086436128e+04,4.818482004933714036e-01,5.810624754010196291e-02,1.055239501719137607e+00,2.528685233121799492e+00,4.362135936552358761e-01,6.705480044747667012e-01,5.238095238095238360e-01,5.000000000000000000e-01,3.685618251480485608e+00,8.333333333333332871e-02,1.666666666666666574e-01,3.861514996320808191e+00
5.732000017089417815e+04,6.784836118377947090e-01,4.843549426457636337e-02,6.133029642775285062e-01,1.393559783831365584e+00,4.531348576101668635e-01,5.819930448082212271e-01,5.714285714285713969e-01,8.333333333333333703e-01,3.660169126602331957e+00,1.250000000000000000e-01,1.666666666666666574e-01,3.616300577264144334e+00
5.733000017092398775e+04,1.345840955182095344e+00,5.855930849910164632e-02,1.876523817025273377e+00,2.755161762350128551e+00,3.394322332626132921e-01,4.165191865308202623e-01,5.238095238095238360e-01,8.333333333333333703e-01,3.675440941167424480e+00,1.250000000000000000e-01,3.333333333333333148e-01,3.830186282948210952e+00
5.734000017095380463e+04,1.694452575580906117e+00,7.172542895317192413e-02,1.149564650107653296e+00,1.339089139571472131e+00,3.429107672502328952e-01,3.671961055246336092e-01,3.809523809523809312e-01,6.666666666666666297e-01,3.775218787174583479e+00,8.333333333333332871e-02,3.333333333333333148e-01,3.605494674110383269e+00
5.735000017098361423e+04,1.152064968112402665e+00,3.651543876553083740e-02,1.615138128203473133e+00,2.437936271537652466e+00,3.362613083490753607e-01,4.507553781157114803e-01,4.285714285714285476e-01,6.666666666666666297e-01,3.752292846914525803e+00,8.333333333333332871e-02,1.666666666666666574e-01,4.136582071272829175e+00
5.736000017101343110e+04,1.650719915300902674e+00,7.044739910239179725e-02,1.311670358363927313e+00,1.988974216105380277e+00,4.294335418299282114e-01,2.793207481498431455e-01,4.761904761904761640e-02,3.333333333333333148e-01,3.693898815881334841e+00,0.000000000000000000e+00,1.666666666666666574e-01,4.093557000225434450e+00
5.737000017104324797e+04,1.127973343482003621e+00,8.227426521541615634e-02,1.367046265032615393e+00,1.479203612829465886e+00,2.771673117704911982e-01,2.884306229126683552e-01,4.285714285714285476e-01,8.333333333333333703e-01,3.990284087255750123e+00,4.166666666666666435e-02,3.333333333333333148e-01,3.647318555467484291e+00
5.738000017107305757e+04,1.217405998217284013e+00,5.797953127196113499e-02,1.799195779805230266e+00,2.615660074271728419e+00,6.735245539950235338e-02,2.961879478819036127e-01,2.857142857142856984e-01,8.333333333333333703e-01,3.946336613434346940e+00,8.333333333333332871e-02,3.333333333333333148e-01,4.045361058598452075e+00
5.739000017110287445e+04,1.129075597298156319e+00,6.154320075869149781e-02,1.016954869714270737e+00,1.312898840850091009e+00,2.595412558035898321e-01,5.860797411754142816e-01,3.333333333333333148e-01,8.333333333333333703e-01,3.747338834303459709e+00,1.250000000000000000e-01,3.333333333333333148e-01,3.575431119641524269e+00
5.740000017113268405e+04,1.771087413185865156e+00,5.585026864591323414e-02,1.876461334683164672e+00,2.970563063119237235e+00,4.068714797368389591e-01,2.491978965115745071e-01,2.380952380952380820e-01,8.333333333333333703e-01,3.538530315840126672e+00,1.250000000000000000e-01,3.333333333333333148e-01,3.781489350937396132e+00
5.741000017116250092e+04,1.474156521725266789e+00,6.256695232303018106e-02,1.790920808539712361e+00,2.199053909679442143e+00,2.435526772249869687e-01,2.715079779624113288e-01,4.761904761904761640e-01,6.666666666666666297e-01,3.560359767362507810e+00,1.250000000000000000e-01,3.333333333333333148e-01,3.834187847547614325e+00
5.742000017119231779e+04,1.535902439928781726e+00,7.016541401961468027e-02,1.343109322108750892e+00,1.869811209088776183e+00,1.443468644375724697e-01,2.497013200023498469e-01,5.238095238095238360e-01,8.333333333333333703e-01,3.368796169732333201e+00,1.250000000000000000e-01,3.333333333333333148e-01,3.413445120285095502e+00
5.743000017122212739e+04,1.291925101994878089e+00,6.575687968718049725e-02,8.905433370119846259e-01,1.707240352034297137e+00,4.598262340696501194e-01,2.824009239888403133e-01,5.714285714285713969e-01,1.000000000000000000e+00,3.878573145121605226e+00,1.250000000000000000e-01,3.333333333333333148e-01,4.001120149557521266e+00
5.744000017125194427e+04,9.827583661856515995e-01,4.525375720906380655e-02,5.594594706245312743e-01,1.256348386535852901e+00,4.707748349757869266e-01,7.042872325176917636e-01,5.238095238095238360e-01,6.666666666666666297e-01,3.346431405016392802e+00,1.250000000000000000e-01,1.666666666666666574e-01,3.769215866475604138e+00
5.745000017128175386e+04,1.324825111723757498e+00,1.001721943907497303e-01,1.825490565928604036e+00,1.708688520419664236e+00,4.417899227231987247e-01,4.490578198410751787e-01,5.238095238095238360e-01,6.666666666666666297e-01,3.482310976167951377e+00,1.666666666666666574e-01,3.333333333333333148e-01,3.423148766593365533e+00
5.746000017131157074e+04,8.984925988982813694e-01,7.109951100939036761e-02,9.796258222592089115e-01,1.267553431025239652e+00,3.359715365781008045e-01,6.633787821168071197e-01,4.761904761904761640e-01,1.000000000000000000e+00,4.017763159996919242e+00,1.250000000000000000e-01,3.333333333333333148e-01,3.827350805614301521e+00
5.747000017134138761e+04,1.176193016143945780e+00,5.710378839525823841e-02,8.650034940394627503e-01,2.013152540767161103e+00,6.155882119133582187e-01,7.884228760427594018e-01,4.285714285714285476e-01,8.333333333333333703e-01,3.412848596543954560e+00,1.250000000000000000e-01,3.333333333333333148e-01,3.404220738662555590e+00
5.748000017137119721e+04,1.398097077439966140e+00,4.650925459212415514e-02,9.206291973208449164e-01,1.739272881299731566e+00,5.521887707280022095e-01,7.887426828451611360e-01,2.857142857142856984e-01,6.666666666666666297e-01,3.825197604802448748e+00,1.250000000000000000e-01,3.333333333333333148e-01,3.562558808167544999e+00
5.749000017140101409e+04,8.994932756332041368e-01,4.975057720838781117e-02,1.303438714952853905e+00,1.572582273803882158e+00,1.972539675860533470e-01,3.135200304391576043e-01,4.761904761904761640e-01,6.666666666666666297e-01,3.569287597920181909e+00,1.250000000000000000e-01,1.666666666666666574e-01,4.022533628518433879e+00
5.750000017143083096e+04,1.026460157308297649e+00,8.052732336548926173e-02,5.699585033418848035e-01,1.045128992186055594e+00,2.305613316044181071e-01,5.039225474983520803e-01,4.761904761904761640e-01,8.333333333333333703e-01,3.898860007527935156e+00,1.250000000000000000e-01,3.333333333333333148e-01,3.529107197636565552e+00
5.751000017146064056e+04,2.017484529556067052e+00,7.263799830639447452e-02,2.801470788313813465e+00,2.540986331705912260e+00,8.596861850829397300e-02,4.042512936872194595e-01,4.285714285714285476e-01,6.666666666666666297e-01,3.515958673372008292e+00,1.666666666666666574e-01,3.333333333333333148e-01,3.517373343283060283e+00
5.752000017149045743e+04,1.424225922432990510e+00,4.192959380430559546e-02,1.427311261973362777e+00,1.811480487863450950e+00,2.596182692256012725e-01,3.079109079398328341e-01,5.238095238095238360e-01,8.333333333333333703e-01,3.538823780003950592e+00,1.250000000000000000e-01,3.333333333333333148e-01,3.649324724717621482e+00
5.753000017152026703e+04,1.135828056747444803e+00,5.635080516081979879e-02,1.317442037153204959e+00,1.941032148310399830e+00,3.694926536024065733e-01,6.352850908432031707e-01,5.238095238095238360e-01,1.000000000000000000e+00,3.684813127859073667e+00,8.333333333333332871e-02,3.333333333333333148e-01,3.826957912157633590e+00
5.754000017155008391e+04,2.244682011844914005e+00,6.191131000904562254e-02,1.842802800752159520e+00,2.716745876625373146e+00,4.499552787605448634e-01,5.265745124498937280e-01,3.809523809523809312e-01,5.000000000000000000e-01,3.603822148047795881e+00,1.666666666666666574e-01,3.333333333333333148e-01,3.241621309311506938e+00
5.755000017157990078e+04,1.568955438272600977e+00,7.023561874463454813e-02,1.813291264729059771e+00,2.090838460379366381e+00,1.549573434264302219e-01,3.608257560064280778e-01,3.333333333333333148e-01,5.000000000000000000e-01,3.855458853388506579e+00,1.666666666666666574e-01,3.333333333333333148e-01,3.615927117125963264e+00
5.756000017160971038e+04,1.505235345099696032e+00,4.273952786808712934e-02,1.240977411831262200e+00,1.971191388392000032e+00,3.195029883651417379e-01,3.213538684946425916e-01,5.238095238095238360e-01,1.000000000000000000e+00,3.866439697201323966e+00,1.250000000000000000e-01,3.333333333333333148e-01,3.690783428462832916e+00
5.757000017163952725e+04,1.364847885626962798e+00,6.419428366834246946e-02,1.486818667500683144e+00,1.807539220763511922e+00,4.516177745849651037e-01,6.389924098064090341e-01,4.285714285714285476e-01,6.666666666666666297e-01,3.786101810649290744e+00,1.666666666666666574e-01,3.333333333333333148e-01,3.594125645906793842e+00
5.758000017166933685e+04,5.411520162918930232e-01,5.175081888631474086e-02,8.180578493827596054e-01,1.181016010764789126e+00,3.085978103151836849e-01,6.280033105599810428e-01,5.714285714285713969e-01,8.333333333333333703e-01,3.573883288737416120e+00,1.250000000000000000e-01,3.333333333333333148e-01,3.555597627326793742e+00
5.759000017169915373e+04,1.763504751054975062e+00,6.065913509743007387e-02,1.862164582077557196e+00,2.202196540344281139e+00,3.694413252381540946e-01,1.783264909440122059e-01,4.285714285714285476e-01,6.666666666666666297e-01,3.583770301041217188e+00,1.250000000000000000e-01,3.333333333333333148e-01,3.521941424095257567e+00
5.760000017172897060e+04,1.359834349955230781e+00,6.663539242534882723e-02,1.087535650570126355e+00,1.030583503730389872e+00,6.437551936011086662e-01,4.522379381317602753e-01,4.285714285714285476e-01,6.666666666666666297e-01,3.805146105675219381e+00,1.250000000000000000e-01,3.333333333333333148e-01,3.644167755144963383e+00
5.761000017175878020e+04,1.399016928494840162e+00,4.165478418599598276e-02,1.573671797808099182e+00,2.142460381297931704e+00,8.788136772591517154e-01,1.045007009714895130e+00,3.333333333333333148e-01,6.666666666666666297e-01,4.099321020999768805e+00,1.250000000000000000e-01,3.333333333333333148e-01,4.143648381908270117e+00
5.762000017178859707e+04,1.752428905392058756e+00,5.047939864104677293e-02,1.247088956968076312e+00,1.992505253536621002e+00,3.107707551096742238e-01,3.179477496230164180e-01,3.333333333333333148e-01,6.666666666666666297e-01,3.779206178912066338e+00,8.333333333333332871e-02,3.333333333333333148e-01,4.195149697643407727e+00
5.763000017181841395e+04,1.507684507621880554e+00,8.096494002386385447e-02,2.324967214270561300e+00,2.616355223630812521e+00,2.476897340326193464e-01,1.594431231777961588e-01,4.285714285714285476e-01,6.666666666666666297e-01,3.667185897983500364e+00,1.250000000000000000e-01,3.333333333333333148e-01,3.925529363557044071e+00
5.764000017184822354e+04,1.273627545357286062e+00,4.225521761349328859e-02,1.312767479262607839e+00,1.619347808753043516e+00,4.489855286730264350e-01,7.378149880031422692e-01,5.714285714285713969e-01,8.333333333333333703e-01,3.247962986733399671e+00,1.250000000000000000e-01,1.666666666666666574e-01,3.906172543515639806e+00
5.765000017187804042e+04,1.312420141891139869e+00,7.308605655465669204e-02,1.516271241375217071e+00,2.194376392121551778e+00,3.139302664471654847e-01,5.624350767549950447e-01,4.761904761904761640e-01,6.666666666666666297e-01,3.964239011952323644e+00,1.250000000000000000e-01,3.333333333333333148e-01,3.632436650426553726e+00
5.766000017190785002e+04,1.440353765302593958e+00,5.157040034003634171e-02,1.740445094675631799e+00,2.795958094683800521e+00,4.352865517347442870e-01,6.561983555624562037e-01,4.285714285714285476e-01,6.666666666666666297e-01,3.744517740122421667e+00,1.250000000000000000e-01,3.333333333333333148e-01,3.501327667408242306e+00
5.767000017193766689e+04,8.759281244409653500e-01,5.757731369409062328e-02,1.948288786513119764e+00,3.031765307301617529e+00,6.722841219493624898e-01,8.202393325121657419e-01,5.238095238095238360e-01,8.333333333333333703e-01,3.698699709484607467e+00,1.250000000000000000e-01,3.333333333333333148e-01,3.648465832997186187e+00
5.768000017196748377e+04,1.522055202258274065e+00,8.356694606467948705e-02,1.724156132556595278e+00,1.908604963188573089e+00,2.926795954192294991e-01,5.126554922102246614e-01,4.761904761904761640e-01,6.666666666666666297e-01,3.769017980418153169e+00,1.250000000000000000e-01,3.333333333333333148e-01,3.501203512505453919e+00
5.769000017199729336e+04,1.409570883613248782e+00,7.155799582584509988e-02,1.771732185881196076e+00,2.941440556943193840e+00,4.545527186925177876e-01,6.507001252644188938e-01,4.761904761904761640e-01,6.666666666666666297e-01,3.754517888181000629e+00,1.250000000000000000e-01,3.333333333333333148e-01,3.694766934440905537e+00
5.770000017202711024e+04,1.570875214563927758e+00,6.291237609376162943e-02,1.872665534063557624e+00,2.888770435597092234e+00,3.840895632833528639e-01,3.583663166395667510e-01,5.238095238095238360e-01,6.666666666666666297e-01,3.541994038447376258e+00,1.250000000000000000e-01,3.333333333333333148e-01,3.733450181232152776e+00
5.771000017205691984e+04,1.695652542750011538e+00,7.041512283130289818e-02,2.468656557417701958e+00,3.079023594732908986e+00,2.977472626888692520e-01,4.659901642433569857e-01,4.285714285714285476e-01,6.666666666666666297e-01,3.581627317137023425e+00,1.250000000000000000e-01,3.333333333333333148e-01,3.845590216889459789e+00
5.772000017208673671e+04,1.156334994905561908e+00,5.408216205715603297e-02,9.519571106146991202e-01,1.541394140513167477e+00,2.105290116501996878e-01,5.173672391518612246e-01,4.761904761904761640e-01,8.333333333333333703e-01,3.738591326227335365e+00,1.250000000000000000e-01,3.333333333333333148e-01,3.837079455284351681e+00
5.773000017211655359e+04,1.943865230353864382e+00,6.796488079933657445e-02,2.207865734430308979e+00,2.608797357467997458e+00,5.733922790577922202e-01,3.264440530329408841e-01,4.761904761904761640e-01,6.666666666666666297e-01,3.657030241206159271e+00,1.250000000000000000e-01,3.333333333333333148e-01,3.926038091486244941e+00
5.774000017214636318e+04,8.829617897513826197e-01,4.694542716437233310e-02,1.617111093380015685e+00,2.372287177801220892e+00,4.099102568606395325e-01,6.819791377341215544e-01,6.190476190476190688e-01,1.000000000000000000e+00,3.541816137745253279e+00,1.250000000000000000e-01,3.333333333333333148e-01,3.875948814959690569e+00
5.775000017217618006e+04,1.498234596808453389e+00,6.890395288452530465e-02,1.781340870074618943e+00,2.252302255918026130e+00,3.116313439665299723e-01,5.689136786322298578e-01,3.809523809523809312e-01,5.000000000000000000e-01,3.534333063165895794e+00,1.250000000000000000e-01,3.333333333333333148e-01,3.661315463982959262e+00
5.776000017220598966e+04,1.454291241325794681e+00,4.487704353369856292e-02,1.952194627571708807e+00,2.566197269555893445e+00,4.068772280820414644e-01,6.017810322344880891e-01,5.238095238095238360e-01,8.333333333333333703e-01,3.657168211588158968e+00,1.250000000000000000e-01,3.333333333333333148e-01,3.477223308657956924e+00
5.777000017223580653e+04,1.530239078570170941e+00,6.499181956265089044e-02,2.410889120184454892e+00,3.440889971527128832e+00,3.169108545521682752e-01,4.838413911287208768e-01,4.761904761904761640e-01,8.333333333333333703e-01,3.535334818321846484e+00,8.333333333333332871e-02,3.333333333333333148e-01,3.912145901032989315e+00
5.778000017226562341e+04,1.565447960641370706e+00,4.922482010983512263e-02,1.651228859071003363e+00,2.373494659142974417e+00,1.415445343636051734e-01,4.430220959911843615e-01,3.809523809523809312e-01,3.333333333333333148e-01,3.502628831713577640e+00,8.333333333333332871e-02,3.333333333333333148e-01,3.886692316783795675e+00
5.779000017229543300e+04,1.531592051766099916e+00,6.456274103746828530e-02,1.184770989502309968e+00,1.944847184284385522e+00,4.601812255621466896e-01,7.425574439183854070e-01,4.285714285714285476e-01,6.666666666666666297e-01,3.597473920586025997e+00,1.250000000000000000e-01,3.333333333333333148e-01,3.309030703366303339e+00
5.780000017232524988e+04,8.582884547995958124e-01,6.265632759674563679e-02,9.704284869048953599e-01,1.348913741097820029e+00,2.424154886543506693e-01,5.193279205860591441e-01,5.714285714285713969e-01,8.333333333333333703e-01,3.515878611646271246e+00,4.166666666666666435e-02,3.333333333333333148e-01,4.098149808605945132e+00
5.781000017235506675e+04,1.401697177214348500e+00,6.577127912747929295e-02,1.572168864242375008e+00,2.304304901243390713e+00,5.595307389364371220e-01,8.111991769527858720e-01,1.904761904761904656e-01,5.000000000000000000e-01,3.840901121756748360e+00,1.250000000000000000e-01,3.333333333333333148e-01,3.704826232773759997e+00
5.782000017238487635e+04,9.242531912241133130e-01,7.746947612241394943e-02,8.921288656571648712e-01,1.896802113087524777e+00,2.698070039623434724e-01,5.462541609253279695e-01,5.238095238095238360e-01,8.333333333333333703e-01,3.760470015209519623e+00,4.166666666666666435e-02,3.333333333333333148e-01,3.943031933031382774e+00
5.783000017241469322e+04,1.997474606091325988e+00,6.077467065328807233e-02,1.849449615700251792e+00,3.138119095903854738e+00,1.179570303631449768e-01,2.306847990715556462e-01,3.809523809523809312e-01,6.666666666666666297e-01,3.522370938323304390e+00,1.250000000000000000e-01,3.333333333333333148e-01,3.618605546056235855e+00
5.784000017244450282e+04,1.647405172602177892e+00,6.207300604451270604e-02,1.086737609980766184e+00,2.090896450992567157e+00,5.731475712317376514e-01,7.326039555033619921e-01,4.285714285714285476e-01,6.666666666666666297e-01,3.650164165956107265e+00,8.333333333333332871e-02,3.333333333333333148e-01,3.901068964223454394e+00
5.785000017247431970e+04,1.429817866403874538e+00,6.703142610088065612e-02,1.239985436132383212e+00,2.410567737756887041e+00,3.494589711460396320e-01,4.240957824317618807e-01,5.238095238095238360e-01,8.333333333333333703e-01,3.678005773986132709e+00,1.250000000000000000e-01,3.333333333333333148e-01,3.798084960213955252e+00
5.786000017250413657e+04,1.817643698942316810e+00,5.124072491981947197e-02,1.944540434967816367e+00,2.713291385605607342e+00,3.191785121728146213e-01,5.300205560019781714e-01,4.285714285714285476e-01,6.666666666666666297e-01,3.556084488199237281e+00,1.250000000000000000e-01,3.333333333333333148e-01,3.486959936730305021e+00
5.787000017253394617e+04,1.716929359755245521e+00,6.055187744238832437e-02,1.574845928523549432e+00,1.852123024532388085e+00,2.768729467670777433e-01,3.945805773277957229e-01,4.761904761904761640e-01,6.666666666666666297e-01,3.791639425099733618e+00,4.166666666666666435e-02,3.333333333333333148e-01,3.895218092617307004e+00
5.788000017256376304e+04,1.744851192503547477e+00,6.209888996215846141e-02,2.683263555986653781e+00,3.164866162059587040e+00,2.134679267499973165e-01,5.042073482765397907e-01,3.809523809523809312e-01,5.000000000000000000e-01,3.965368573198408075e+00,1.666666666666666574e-01,3.333333333333333148e-01,3.778684694685741086e+00
5.789000017259357264e+04,1.639041238286129465e+00,5.011540249278033377e-02,1.732376888754351363e+00,1.902872463350004484e+00,3.918839781239772946e-01,2.939075535322223653e-01,4.285714285714285476e-01,6.666666666666666297e-01,3.449008375638557666e+00,8.333333333333332871e-02,3.333333333333333148e-01,4.009714003884574218e+00
5.790000017262338952e+04,1.021555576583694336e+00,4.925799289213678850e-02,1.375869453390676789e+00,2.037238227097423415e+00,3.633274396727423361e-01,6.727216016320564096e-01,4.761904761904761640e-01,6.666666666666666297e-01,3.449498156500566459e+00,1.250000000000000000e-01,3.333333333333333148e-01,3.924462248586146451e+00
5.791000017265320639e+04,1.132701509444068666e+00,6.939390160915653860e-02,9.686006091775877236e-01,1.564233668727909032e+00,1.872795739159407724e-01,5.110777950364017164e-01,4.285714285714285476e-01,6.666666666666666297e-01,3.680860614662342378e+00,8.333333333333332871e-02,3.333333333333333148e-01,3.774706750515920639e+00
5.792000017268301599e+04,1.485632772946807512e+00,7.559725088161502182e-02,2.209992916159511545e+00,2.611993894723381171e+00,1.527138809862550184e-01,4.110241501372573492e-01,3.809523809523809312e-01,6.666666666666666297e-01,4.021214480156415583e+00,8.333333333333332871e-02,3.333333333333333148e-01,4.076295534503970863e+00
5.793000017271283286e+04,1.730232345667782168e+00,4.852149957010113562e-02,1.265928176994085330e+00,2.329846127866354699e+00,2.759839816551414304e-01,4.621153335913820159e-01,4.285714285714285476e-01,6.666666666666666297e-01,3.729582304927254732e+00,1.250000000000000000e-01,3.333333333333333148e-01,3.640351804096002564e+00
5.794000017274264974e+04,1.387548175215962853e+00,7.245395802135591590e-02,1.241989758228503771e+00,1.554357114580373844e+00,1.791622260513373033e-01,4.269525197598065813e-01,4.761904761904761640e-01,6.666666666666666297e-01,3.766456353447433347e+00,4.166666666666666435e-02,3.333333333333333148e-01,4.279409097183044075e+00
5.795000017277245934e+04,1.383681918250873943e+00,4.217136417901051065e-02,2.094294171356125833e+00,2.232616842287876935e+00,1.330441559334618329e-01,4.220411633977863008e-01,4.761904761904761640e-01,5.000000000000000000e-01,3.494364978809968658e+00,1.250000000000000000e-01,1.666666666666666574e-01,4.005406780796686661e+00
5.796000017280227621e+04,2.060076133637904316e+00,4.534649673180143198e-02,1.740362880904901433e+00,1.821009835868598215e+00,2.130993703545347728e-01,1.794250884182121697e-01,2.380952380952380820e-01,6.666666666666666297e-01,3.962679432815583880e+00,1.250000000000000000e-01,3.333333333333333148e-01,4.045820493273996732e+00
5.797000017283208581e+04,1.363272866269444217e+00,6.411570937089670907e-02,2.050929997060586096e+00,2.088058761170810129e+00,2.216445581550723909e-01,4.470064810211851203e-01,5.238095238095238360e-01,8.333333333333333703e-01,3.399440742255058989e+00,1.666666666666666574e-01,3.333333333333333148e-01,3.362391936443938079e+00
5.798000017286190268e+04,1.922134069209508800e+00,8.813085424036767868e-02,2.941696846564349155e+00,3.425146978734477266e+00,1.924604273679060840e-01,3.542144304332743854e-01,4.285714285714285476e-01,6.666666666666666297e-01,3.704906728638869939e+00,1.666666666666666574e-01,3.333333333333333148e-01,3.506605341615637084e+00
5.799000017289171956e+04,1.680243977700389912e+00,8.843219010336263175e-02,2.369199380976636071e+00,2.710013066283381900e+00,3.748411393419256443e-01,3.295194718230041731e-01,3.333333333333333148e-01,6.666666666666666297e-01,3.554965902062665606e+00,1.250000000000000000e-01,3.333333333333333148e-01,3.604348553281598200e+00
5.800000017292152916e+04,1.250541139533797308e+00,4.628174882931268552e-02,8.446670397531028662e-01,1.492989420707607762e+00,3.885941956965760502e-01,6.843352038669842097e-01,4.761904761904761640e-01,6.666666666666666297e-01,3.703225957131035972e+00,1.250000000000000000e-01,3.333333333333333148e-01,3.517808000863136275e+00
5.801000017295134603e+04,1.225086690069727036e+00,6.027837848484882133e-02,1.249198035796057482e+00,2.574244101673524021e+00,3.895232028768430554e-01,6.107602637083142660e-01,4.761904761904761640e-01,6.666666666666666297e-01,3.663460869086907934e+00,4.166666666666666435e-02,3.333333333333333148e-01,3.971629752747985798e+00
5.802000017298115563e+04,4.607809281083877773e-01,5.490075880229605687e-02,9.318549999912759674e-01,1.586010213876484887e+00,3.560140172603852848e-01,6.246108424897621747e-01,3.809523809523809312e-01,8.333333333333333703e-01,3.818650614746387006e+00,8.333333333333332871e-02,3.333333333333333148e-01,4.041810994463769902e+00
5.803000017301097250e+04,7.319013997569577823e-01,4.590050851588822756e-02,1.777099948349752490e+00,2.868129761418781953e+00,3.002640630709436653e-01,4.949325008927148994e-01,3.333333333333333148e-01,6.666666666666666297e-01,3.919416997415777093e+00,0.000000000000000000e+00,1.666666666666666574e-01,4.224139817090637017e+00
5.804000017304078938e+04,1.359522778300891854e+00,4.394015494718644943e-02,1.810269825134622979e+00,3.212368912008562560e+00,4.001118167587991992e-01,5.734703864119450323e-01,3.809523809523809312e-01,5.000000000000000000e-01,3.660827561307494982e+00,8.333333333333332871e-02,3.333333333333333148e-01,4.135332316087360738e+00
5.805000017307059898e+04,1.000218161040472564e+00,7.230253103263362124e-02,2.281730037772739639e+00,2.540965571610781737e+00,1.430400875598243637e-01,4.868607278460357346e-01,4.761904761904761640e-01,1.000000000000000000e+00,3.740334276775370004e+00,4.166666666666666435e-02,3.333333333333333148e-01,4.333394098390084714e+00
5.806000017310041585e+04,8.219974414070133628e-01,7.256074004206683470e-02,1.255271893839411845e+00,2.008183471962540878e+00,3.494579906880174724e-01,5.019749641445347965e-01,5.714285714285713969e-01,8.333333333333333703e-01,3.552980883414845081e+00,8.333333333333332871e-02,3.333333333333333148e-01,3.854995037409225667e+00
5.807000017313022545e+04,1.042468959251426019e+00,4.449098319896095666e-02,1.058802337300183138e+00,1.645642800982471066e+00,2.526344890898596929e-01,4.310445147857895898e-01,3.333333333333333148e-01,8.333333333333333703e-01,3.709646290521548373e+00,1.250000000000000000e-01,3.333333333333333148e-01,3.805789497735801330e+00
5.808000017316004232e+04,8.064957649981663312e-01,4.528822884085880601e-02,1.213041458953355134e+00,1.792094871774831066e+00,3.608153147372656910e-01,6.707339433070945711e-01,4.285714285714285476e-01,8.333333333333333703e-01,3.693104596390763383e+00,8.333333333333332871e-02,3.333333333333333148e-01,3.831591914842129132e+00
5.809000017318985920e+04,1.543591592658623224e+00,6.963892535952262430e-02,2.066092393125325888e+00,3.224510517414954869e+00,4.224361672758055741e-01,7.444825689074003883e-01,4.285714285714285476e-01,6.666666666666666297e-01,3.804640820424533221e+00,1.250000000000000000e-01,3.333333333333333148e-01,3.793328929755240608e+00
5.810000017321966880e+04,1.396004149429272090e+00,5.486953190090724380e-02,1.775196675762997112e+00,2.086565679594218903e+00,3.072167266241790928e-01,5.958675172762889494e-01,4.285714285714285476e-01,6.666666666666666297e-01,3.659343336582958628e+00,1.250000000000000000e-01,3.333333333333333148e-01,4.152260273726624540e+00
5.811000017324948567e+04,1.334431038579235063e+00,4.278255334531493037e-02,1.517682918039563900e+00,2.161729569667062645e+00,2.184202490476562786e-01,2.435972166495998514e-01,5.714285714285713969e-01,8.333333333333333703e-01,3.349962912367486112e+00,8.333333333333332871e-02,3.333333333333333148e-01,4.078711903148246165e+00
5.812000017327930254e+04,1.055225614624587305e+00,7.261516654221930600e-02,2.009879858528683005e+00,2.890843647380801684e+00,4.698990873330334272e-01,6.084877163954830470e-01,5.714285714285713969e-01,8.333333333333333703e-01,3.370803980271114941e+00,8.333333333333332871e-02,3.333333333333333148e-01,4.005955810656106841e+00
5.813000017330911214e+04,1.447984422784838632e+00,5.449261944419753201e-02,1.427109064324895593e+00,2.977184148833056820e+00,3.359075677771370949e-01,4.763878009840169514e-01,2.857142857142856984e-01,6.666666666666666297e-01,3.786319878639409886e+00,1.250000000000000000e-01,3.333333333333333148e-01,3.885902923424674249e+00
5.814000017333892902e+04,1.281715671042360727e+00,7.049284831199098544e-02,1.612943891885331382e+00,2.352540141529363193e+00,4.636273724501209781e-01,7.767603539657844669e-01,4.285714285714285476e-01,6.666666666666666297e-01,3.777924474381170405e+00,1.250000000000000000e-01,3.333333333333333148e-01,3.894028379527158634e+00
5.815000017336873861e+04,1.103952543960476262e+00,5.376513952413824321e-02,1.058514424130192033e+00,2.079583598462688698e+00,2.888779019346888188e-01,3.852272418691143896e-01,4.285714285714285476e-01,8.333333333333333703e-01,3.714983927221646720e+00,1.250000000000000000e-01,1.666666666666666574e-01,3.808094263026541970e+00
5.816000017339855549e+04,1.252529032079388482e+00,4.811794399724419330e-02,2.185667890733356433e+00,3.146784280473334583e+00,2.085879964937014941e-01,3.804065458888806761e-01,5.238095238095238360e-01,6.666666666666666297e-01,3.559696804765194234e+00,8.333333333333332871e-02,1.666666666666666574e-01,4.178923404808410069e+00
5.817000017342837236e+04,1.532760446082844563e+00,2.957202274677224810e-02,1.827599777383597468e+00,2.559457561284709026e+00,1.364983104796930469e-01,3.657877296432762160e-01,3.809523809523809312e-01,5.000000000000000000e-01,3.757502059593711863e+00,1.250000000000000000e-01,3.333333333333333148e-01,3.889339166236514433e+00
5.818000017345818196e+04,9.403648361659920907e-01,5.424205770849099134e-02,6.031669379946269505e-01,1.790163731007134551e+00,2.626901994171204624e-01,2.264688058764191547e-01,5.238095238095238360e-01,6.666666666666666297e-01,3.615036554817081083e+00,1.250000000000000000e-01,1.666666666666666574e-01,3.866923265331037030e+00
5.819000017348799884e+04,1.571723453871301190e+00,4.570792414098400619e-02,6.828993535942100568e-01,1.359949402478205061e+00,2.134459898270044398e-01,2.177127922164094065e-01,4.285714285714285476e-01,6.666666666666666297e-01,3.602480292339152346e+00,1.666666666666666574e-01,3.333333333333333148e-01,3.350481063798183445e+00
5.820000017351780843e+04,1.503938623357721882e+00,4.161542365129266424e-02,1.988452432136627257e+00,2.566056117544836201e+00,1.772553413254378818e-01,2.563125904817810663e-01,3.809523809523809312e-01,3.333333333333333148e-01,3.600636410760933437e+00,8.333333333333332871e-02,1.666666666666666574e-01,4.141115372305208098e+00
5.821000017354762531e+04,1.221857148891802636e+00,7.358950410921534513e-02,7.347856901193060564e-01,1.905013083954018693e+00,3.408673220028401452e-01,4.617391799871832792e-01,3.333333333333333148e-01,6.666666666666666297e-01,3.891430905982911526e+00,1.250000000000000000e-01,1.666666666666666574e-01,3.823921640078550954e+00
5.822000017357744218e+04,1.171355182669715500e+00,7.336210359316713836e-02,9.975441643049225426e-01,1.348791648174133329e+00,2.403889297932450264e-01,5.368450323970183069e-01,4.285714285714285476e-01,5.000000000000000000e-01,3.811677924572646869e+00,1.250000000000000000e-01,1.666666666666666574e-01,3.767268873853938604e+00
5.823000017360725178e+04,1.346035430202193739e+00,7.150909248404750673e-02,2.122219996333250869e+00,2.503579765919942801e+00,1.107713359518366913e-01,3.766264263852067140e-01,3.809523809523809312e-01,5.000000000000000000e-01,3.620693557780800376e+00,1.250000000000000000e-01,1.666666666666666574e-01,3.881203485536674602e+00
5.824000017363706866e+04,1.540310132671409482e+00,4.883686632062095995e-02,1.837597049428950413e+00,1.613605408704727573e+00,1.678443493068638714e-01,2.791957401454251975e-01,4.761904761904761640e-01,6.666666666666666297e-01,3.682760927658303540e+00,8.333333333333332871e-02,3.333333333333333148e-01,3.990078707961048909e+00
5.825000017366688553e+04,1.308416182274307671e+00,5.980331522274079381e-02,1.306189947260744111e+00,2.275402854190096580e+00,3.993412760297668229e-01,6.118650307793520593e-01,4.761904761904761640e-01,5.000000000000000000e-01,3.573452799358676213e+00,1.250000000000000000e-01,1.666666666666666574e-01,3.688644715414681752e+00
5.826000017369669513e+04,1.913680709373686284e+00,4.185114248194637260e-02,2.172058073114387700e+00,2.818702009408780018e+00,1.874514300143686474e-01,2.837619067529363881e-01,4.761904761904761640e-01,5.000000000000000000e-01,3.719877009426454162e+00,1.250000000000000000e-01,1.666666666666666574e-01,3.616807279926357310e+00
5.827000017372651200e+04,1.563104138721284064e+00,7.048848961438990146e-02,2.505035650889862353e+00,3.388335657791224698e+00,2.665075494795837163e-01,3.451224105342745596e-01,3.809523809523809312e-01,5.000000000000000000e-01,3.685489965504704202e+00,8.333333333333332871e-02,1.666666666666666574e-01,4.043000522105759664e+00
5.828000017375632160e+04,1.219291459042286530e+00,2.936728735930727030e-02,1.302011872072140308e+00,1.617224953789514030e+00,2.865468940571673784e-01,2.845353189029169449e-01,6.190476190476190688e-01,8.333333333333333703e-01,3.594777501779457651e+00,1.250000000000000000e-01,1.666666666666666574e-01,3.730969143473780392e+00
5.829000017378613848e+04,1.424283798871981643e+00,4.470154546907242205e-02,9.845828574446223724e-01,1.381229081105118883e+00,2.981472774541987780e-01,4.902906952692486775e-01,4.761904761904761640e-01,6.666666666666666297e-01,3.463240061422192539e+00,1.250000000000000000e-01,1.666666666666666574e-01,3.625624152450575011e+00
5.830000017381595535e+04,1.635750235919528395e+00,5.080619536094356514e-02,1.554864852359243210e+00,1.630543803517003232e+00,2.347303698400872163e-01,3.732652069662069638e-01,3.809523809523809312e-01,3.333333333333333148e-01,3.467702306750514829e+00,1.666666666666666574e-01,1.666666666666666574e-01,3.654205132739258843e+00
5.831000017384576495e+04,1.616352633709789766e+00,4.395845260270087040e-02,1.168320355698123869e+00,2.107777608745208919e+00,1.311057767275782826e-01,2.706183601424000384e-01,2.857142857142856984e-01,3.333333333333333148e-01,3.805266520495111493e+00,1.250000000000000000e-01,1.666666666666666574e-01,3.755324649252051117e+00
5.832000017387558182e+04,1.167702676832684361e+00,6.450210624882116162e-02,1.150887233404745524e+00,2.265888657478525303e+00,3.433336867601238240e-01,5.918907412626470688e-01,5.238095238095238360e-01,8.333333333333333703e-01,3.710087218057490421e+00,1.250000000000000000e-01,3.333333333333333148e-01,3.962559520027906235e+00
5.833000017390539142e+04,1.116734763688794096e+00,4.801834337230090344e-02,1.890063815906532385e+00,1.877470089717597768e+00,3.749131728897326377e-01,6.864103417770434090e-01,5.238095238095238360e-01,5.000000000000000000e-01,3.492179890158711775e+00,1.250000000000000000e-01,1.666666666666666574e-01,3.846934256465472934e+00
5.834000017393520830e+04,1.200455061029639170e+00,4.763261908627777069e-02,1.271518558701951740e+00,2.454322018912434178e+00,3.374664076613274055e-01,4.826338869064745740e-01,5.238095238095238360e-01,6.666666666666666297e-01,3.627811056822374702e+00,1.250000000000000000e-01,1.666666666666666574e-01,3.943006236902342199e+00
5.835000017396502517e+04,1.425173334183353013e+00,4.592455739447250107e-02,2.005368516738090356e+00,2.242515243639119582e+00,4.338142690793257428e-01,6.940273514529142762e-01,4.285714285714285476e-01,5.000000000000000000e-01,3.798327517020609889e+00,1.666666666666666574e-01,1.666666666666666574e-01,3.361556113326842343e+00
5.836000017399483477e+04,1.626028031912047478e+00,6.135454800494240246e-02,1.707612773899224834e+00,2.487668719660109939e+00,4.843669086536508961e-01,5.585259841274811121e-01,4.285714285714285476e-01,6.666666666666666297e-01,3.808023340472628249e+00,1.250000000000000000e-01,1.666666666666666574e-01,3.698255005425250541e+00
5.837000017402465164e+04,8.839705408113394114e-01,7.022403585118422442e-02,2.024903189190561559e+00,2.785344840386476672e+00,6.399617394724042008e-01,9.432503454343756921e-01,4.761904761904761640e-01,6.666666666666666297e-01,3.929881713452670677e+00,1.250000000000000000e-01,1.666666666666666574e-01,3.784084487635043459e+00
5.838000017405446124e+04,1.150813729721057666e+00,5.255402136260531321e-02,1.701836104026722696e+00,2.104830741259345217e+00,4.519188686104091968e-01,7.757424520138468393e-01,4.761904761904761640e-01,5.000000000000000000e-01,3.845214567575681919e+00,1.666666666666666574e-01,1.666666666666666574e-01,3.668072115741447536e+00
5.839000017408427811e+04,1.514297694212121126e+00,3.665697362261712000e-02,1.306992147997140918e+00,2.291552928990856941e+00,3.253334339070459991e-01,4.524653846403847157e-01,3.809523809523809312e-01,3.333333333333333148e-01,3.647337488611851697e+00,1.250000000000000000e-01,1.666666666666666574e-01,3.848829904275309577e+00
5.840000017411409499e+04,7.599389200151211998e-01,5.163209121916313010e-02,1.002014382204448495e+00,1.760398532733978172e+00,6.090122194439925307e-01,9.033289586925746795e-01,6.666666666666666297e-01,8.333333333333333703e-01,3.673093271148847982e+00,1.250000000000000000e-01,1.666666666666666574e-01,3.612049910596376368e+00
5.841000017414390459e+04,1.086859560579041650e+00,3.269310494022857616e-02,1.405735657867286159e+00,2.097716261116380654e+00,3.037003611090738908e-01,5.694874994669286705e-01,4.761904761904761640e-01,6.666666666666666297e-01,3.751377669667988801e+00,1.250000000000000000e-01,1.666666666666666574e-01,3.557847049012578200e+00
5.842000017417372146e+04,1.512169094417926463e+00,6.065708478713711244e-02,2.677725212343299965e+00,2.477646468190741746e+00,3.689556979582575003e-01,4.157998592789093339e-01,4.761904761904761640e-01,6.666666666666666297e-01,3.827729330055406276e+00,1.666666666666666574e-01,1.666666666666666574e-01,3.631119763728039018e+00
5.843000017420353834e+04,1.677679654373942508e+00,4.741355684667125647e-02,1.327526532650597613e+00,1.808291980316176550e+00,4.372462941160080163e-01,2.625282184030541810e-01,3.809523809523809312e-01,3.333333333333333148e-01,3.817800487736492610e+00,1.666666666666666574e-01,1.666666666666666574e-01,3.843177962859613217e+00
5.844000017423334793e+04,1.286012754194399976e+00,5.720325933747535951e-02,1.435045321601687185e+00,1.811269837514436931e+00,6.745364642054929583e-01,9.033171831155045739e-01,5.714285714285713969e-01,6.666666666666666297e-01,3.720902265345357396e+00,1.666666666666666574e-01,1.666666666666666574e-01,3.398788215794763978e+00
5.845000017426316481e+04,9.236438943680466140e-01,7.300327413753321393e-02,1.379791348023456266e+00,1.630883613800388598e+00,3.725874136986674912e-01,6.670419233574220730e-01,6.190476190476190688e-01,8.333333333333333703e-01,3.550593275928334513e+00,1.666666666666666574e-01,1.666666666666666574e-01,3.638890316248240442e+00
5.846000017429297441e+04,1.729678961565400019e+00,7.020762641296937612e-02,2.301717675468809787e+00,3.357455865489553215e+00,3.734838959568463346e-01,4.007542860877466584e-01,4.761904761904761640e-01,1.000000000000000000e+00,3.579303259689805561e+00,1.666666666666666574e-01,3.333333333333333148e-01,3.656883556628841792e+00
5.847000017432279128e+04,1.108669130693786364e+00,4.676666187719853013e-02,1.155765724033644304e+00,1.696597098421445571e+00,5.334752799700339665e-01,8.165508450484633141e-01,6.190476190476190688e-01,8.333333333333333703e-01,3.658605966300366052e+00,1.666666666666666574e-01,1.666666666666666574e-01,3.539260400036767340e+00
5.848000017435260816e+04,1.320153813839315848e+00,5.011751294540314067e-02,1.507596082117862890e+00,2.291601618933055473e+00,5.827855326434743244e-01,8.007338891088527921e-01,5.238095238095238360e-01,8.333333333333333703e-01,3.707261790040538685e+00,1.666666666666666574e-01,1.666666666666666574e-01,3.166677026557294550e+00
5.849000017438241775e+04,1.254026691461501919e+00,7.802249510348840955e-02,2.010643530535639378e+00,2.243635065706816700e+00,3.953961505932027110e-01,5.570670735751299674e-01,5.714285714285713969e-01,6.666666666666666297e-01,3.673816379987977943e+00,1.666666666666666574e-01,1.666666666666666574e-01,3.371905138023199910e+00
5.850000017441223463e+04,1.398406967366914833e+00,7.531113850970634627e-02,2.219273088310306452e+00,2.670936048606357804e+00,5.674028555828205533e-01,4.125203270744540185e-01,5.714285714285713969e-01,8.333333333333333703e-01,3.590849787292905937e+00,1.250000000000000000e-01,1.666666666666666574e-01,3.568874970854619910e+00
5.851000017444204423e+04,1.602956777940306443e+00,7.885361454612947740e-02,2.300106308129568955e+00,2.275953963170160410e+00,3.505577074608947075e-01,3.033732869804156573e-01,3.809523809523809312e-01,5.000000000000000000e-01,3.808890116147446214e+00,1.250000000000000000e-01,3.333333333333333148e-01,3.583092680396431806e+00
5.852000017447186110e+04,1.920885405952317049e+00,7.578933869411633162e-02,1.161263054573469233e+00,1.412995503436101696e+00,4.037773768436427879e-01,3.606214512335383371e-01,4.761904761904761640e-01,8.333333333333333703e-01,3.705248440368653196e+00,1.666666666666666574e-01,3.333333333333333148e-01,3.366094802012658427e+00
5.853000017450167798e+04,2.115691879060470626e+00,4.192631944050170117e-02,2.094440248369763946e+00,2.198517315267560779e+00,3.157952404831379511e-01,1.605674029904768096e-01,2.380952380952380820e-01,6.666666666666666297e-01,3.913814410892864526e+00,1.250000000000000000e-01,3.333333333333333148e-01,3.867227030072641902e+00
5.854000017453148757e+04,1.675208089910526388e+00,5.025601852428636385e-02,1.559867506650003177e+00,1.885762307242137004e+00,3.770506043364723614e-01,4.376658667057622965e-01,2.857142857142856984e-01,5.000000000000000000e-01,3.943695602079884122e+00,1.250000000000000000e-01,1.666666666666666574e-01,3.427542093939497381e+00
5.855000017456130445e+04,2.254330303414433967e+00,5.566533466909782957e-02,1.444250435088063167e+00,2.241958467763478513e+00,5.420614562811353343e-01,3.581784563768337648e-01,4.285714285714285476e-01,5.000000000000000000e-01,3.508705666878189966e+00,1.250000000000000000e-01,3.333333333333333148e-01,3.612283996230747363e+00
5.856000017459112132e+04,1.309364630551889119e+00,4.135201449354208858e-02,6.313516529784558573e-01,1.494752499017493186e+00,6.252466143798565135e-01,7.545255519765974306e-01,5.714285714285713969e-01,6.666666666666666297e-01,3.766804039779299895e+00,1.250000000000000000e-01,1.666666666666666574e-01,4.043233035467866721e+00
5.857000017462093092e+04,1.386198180141880787e+00,6.295128213316505961e-02,1.236812027569827110e+00,1.740458930673692395e+00,3.352276921907111906e-01,3.252720718648253739e-01,3.809523809523809312e-01,6.666666666666666297e-01,4.016289483793181070e+00,1.250000000000000000e-01,1.666666666666666574e-01,3.727843609708804351e+00
5.858000017465074779e+04,1.404737445210541447e+00,4.657365096718819875e-02,1.005753983872319290e+00,1.529929183999305220e+00,5.725004400161941565e-01,7.319158859953017737e-01,4.761904761904761640e-01,6.666666666666666297e-01,3.802072740171269061e+00,1.666666666666666574e-01,1.666666666666666574e-01,3.642285486521514848e+00
5.859000017468055739e+04,1.775619120190352840e+00,5.251582364513925766e-02,1.657153042853193092e+00,1.661448938506336015e+00,4.499512912249264418e-01,6.145907594402180152e-01,3.809523809523809312e-01,3.333333333333333148e-01,3.589771041963991216e+00,1.666666666666666574e-01,1.666666666666666574e-01,3.464520272021588188e+00
5.860000017471037427e+04,1.660643745871563937e+00,4.769222671810556535e-02,1.798788230087871032e+00,2.033873196959315344e+00,4.008621568790132206e-01,6.287778806284145539e-01,4.285714285714285476e-01,5.000000000000000000e-01,3.520054288877759952e+00,1.666666666666666574e-01,1.666666666666666574e-01,3.694435223280469138e+00
5.861000017474019114e+04,1.140827415281995938e+00,5.232493679628524852e-02,3.349395136115880245e-01,1.223130477374866132e+00,2.853803104302726767e-01,4.310588742604730683e-01,4.285714285714285476e-01,5.000000000000000000e-01,3.693885421843813077e+00,1.250000000000000000e-01,1.666666666666666574e-01,3.471973078810701274e+00
5.862000017477000074e+04,1.246777532788418297e+00,6.368512914267247804e-02,1.035930859453111141e+00,1.416642494988182399e+00,3.729796482929255141e-01,3.064082962825696588e-01,5.238095238095238360e-01,8.333333333333333703e-01,3.706441700719707466e+00,1.250000000000000000e-01,1.666666666666666574e-01,3.799834002060430205e+00
5.863000017479981761e+04,6.055226262540284177e-01,4.674561221682997647e-02,8.243218379980064014e-01,1.254021660807459915e+00,2.995726028004999097e-01,5.965114904254995576e-01,4.285714285714285476e-01,6.666666666666666297e-01,3.422745326941299293e+00,8.333333333333332871e-02,1.666666666666666574e-01,4.026224734461131938e+00
5.864000017482962721e+04,1.378034486848559004e+00,4.021589747981559049e-02,1.378761385299724473e+00,1.953489473914259422e+00,9.026992528622679313e-02,2.783234541840033383e-01,4.285714285714285476e-01,6.666666666666666297e-01,3.871823834481429305e+00,8.333333333333332871e-02,3.333333333333333148e-01,3.874932657938161107e+00
5.865000017485944409e+04,1.067072675934058967e+00,5.885166825670209295e-02,1.079121400670674635e+00,1.573462645212105437e+00,6.411565636705192084e-01,8.183710075840603393e-01,2.380952380952380820e-01,5.000000000000000000e-01,3.731178121238150069e+00,1.250000000000000000e-01,1.666666666666666574e-01,3.578314074566425251e+00
5.866000017488926096e+04,1.269512202431019476e+00,5.658059613377849212e-02,1.385028309465267782e+00,1.654588479737181039e+00,3.172381870168879958e-01,5.506839194721656616e-01,4.761904761904761640e-01,6.666666666666666297e-01,3.791109189350547748e+00,1.250000000000000000e-01,1.666666666666666574e-01,3.514412758281049154e+00
5.867000017491907056e+04,1.426666908133452427e+00,6.924662640341255893e-02,8.601572204471283900e-01,1.434591713190424667e+00,4.857479154930030019e-01,6.241429066903679823e-01,3.809523809523809312e-01,5.000000000000000000e-01,3.931589852148343667e+00,1.666666666666666574e-01,1.666666666666666574e-01,3.462199338719033292e+00
5.868000017494888743e+04,1.641402798835376098e+00,6.278289673000859994e-02,1.693877727521634124e+00,2.494495743787578768e+00,6.291111961783660833e-01,7.070189120671400707e-01,4.761904761904761640e-01,6.666666666666666297e-01,3.661856413936887655e+00,1.250000000000000000e-01,1.666666666666666574e-01,3.672822441362576296e+00
5.869000017497869703e+04,2.091091297657460935e+00,5.422296338326004078e-02,1.210810544952982903e+00,1.656734734388883190e+00,4.273741630530122348e-01,2.144028503830012755e-01,3.333333333333333148e-01,6.666666666666666297e-01,3.868323733607665904e+00,1.666666666666666574e-01,1.666666666666666574e-01,3.795698705871074274e+00
5.870000017500851391e+04,1.885435060658007922e+00,7.148450665993735798e-02,9.275714743950927987e-01,1.738678857299811531e+00,5.015569217805342372e-01,5.792228856086434341e-01,3.333333333333333148e-01,8.333333333333333703e-01,3.838430387898953189e+00,1.250000000000000000e-01,3.333333333333333148e-01,3.491469856177324527e+00
5.871000017503833078e+04,1.557295482463298963e+00,6.174819219393595793e-02,7.360014144093816046e-01,1.599001475411124362e+00,2.805375765501662566e-01,1.181780224088238990e-01,4.761904761904761640e-01,1.000000000000000000e+00,3.754316000495996786e+00,1.250000000000000000e-01,3.333333333333333148e-01,3.933125737491886209e+00
5.872000017506814038e+04,1.504428096755635158e+00,6.620133893660272439e-02,1.912744714131133561e+00,2.161099356292798479e+00,2.538816712436556267e-01,5.681292611892755362e-01,4.285714285714285476e-01,6.666666666666666297e-01,3.432508822322540176e+00,1.250000000000000000e-01,3.333333333333333148e-01,3.531382333912721716e+00
5.873000017509795725e+04,1.215779234113747442e+00,5.445513805930027318e-02,5.769918645318912187e-01,1.232782721776284784e+00,2.272669495347848512e-01,2.072745938517573105e-01,4.285714285714285476e-01,3.333333333333333148e-01,3.383179936474522975e+00,1.250000000000000000e-01,1.666666666666666574e-01,3.657917708985864103e+00
5.874000017512777413e+04,1.076021908333643973e+00,6.773010032450187123e-02,1.228437104842612371e+00,1.525196982121091560e+00,4.827985608323963618e-01,6.315258468260223079e-01,5.238095238095238360e-01,8.333333333333333703e-01,3.660906612799363469e+00,1.666666666666666574e-01,3.333333333333333148e-01,3.728433413468942526e+00
5.875000017515758373e+04,1.133479983879005948e+00,5.867308719912180115e-02,1.402256258745636863e+00,2.324356375153035170e+00,6.798097156421526455e-01,7.827418099650104155e-01,5.714285714285713969e-01,8.333333333333333703e-01,3.710840067530089215e+00,1.250000000000000000e-01,1.666666666666666574e-01,3.540918046941036401e+00
5.876000017518740060e+04,1.270175567960738050e+00,8.042923386256256579e-02,1.154367284985837738e+00,1.988556264437029375e+00,3.951781154143298447e-01,5.898041205172759316e-01,5.238095238095238360e-01,6.666666666666666297e-01,3.747067494160261525e+00,1.250000000000000000e-01,1.666666666666666574e-01,3.808500869530662580e+00
5.877000017521721020e+04,1.530467174297803989e+00,6.192280318191243499e-02,5.991123249549457075e-01,2.042779958383987626e+00,4.394660942818790494e-01,5.202550912824160934e-01,4.761904761904761640e-01,6.666666666666666297e-01,3.443372886014908207e+00,1.666666666666666574e-01,3.333333333333333148e-01,3.392042227259109755e+00
5.878000017524702707e+04,1.017786218763915729e+00,5.588261097945203260e-02,8.501811258295109974e-01,1.513370293001619515e+00,2.060953221155392145e-01,4.332866611629814235e-01,4.285714285714285476e-01,5.000000000000000000e-01,3.937820524917916565e+00,8.333333333333332871e-02,1.666666666666666574e-01,3.955424438976252954e+00
5.879000017527684395e+04,1.175481931532311730e+00,4.814003890246881801e-02,1.630127290443041277e+00,2.892987267367536752e+00,5.807648817712511846e-01,8.704271584962278707e-01,4.761904761904761640e-01,6.666666666666666297e-01,3.828393252300234195e+00,1.250000000000000000e-01,1.666666666666666574e-01,3.702337866648271358e+00
5.880000017530665355e+04,1.260421669262856481e+00,7.495790806984031773e-02,1.006790412704756887e+00,1.939388303512053602e+00,5.152414690060629354e-01,5.704186499238356189e-01,5.238095238095238360e-01,8.333333333333333703e-01,3.734436069915387790e+00,1.250000000000000000e-01,3.333333333333333148e-01,3.731401445775124781e+00
5.881000017533647042e+04,9.666442334221777566e-01,5.176954262230078901e-02,1.219358832584550578e+00,2.177172677633022246e+00,7.236458351288064250e-01,9.162071855794314823e-01,4.761904761904761640e-01,6.666666666666666297e-01,3.782409582668659453e+00,8.333333333333332871e-02,1.666666666666666574e-01,3.895756846342778967e+00
5.882000017536628002e+04,1.579260195053711291e+00,3.030098689565910441e-02,2.140745579166596801e+00,3.879163445699016055e+00,6.759237739899157660e-01,8.467333703726414029e-01,3.809523809523809312e-01,5.000000000000000000e-01,3.707491077154006387e+00,8.333333333333332871e-02,1.666666666666666574e-01,3.961500088125148089e+00
5.883000017539609689e+04,1.052651745051147891e+00,7.513465361986311486e-02,9.267038087025345483e-01,2.110802114789346984e+00,9.749407527532840678e-01,1.141268380323922083e+00,4.761904761904761640e-01,6.666666666666666297e-01,3.621239715310357266e+00,1.250000000000000000e-01,1.666666666666666574e-01,3.728743330506374409e+00
5.884000017542591377e+04,1.303677890089876890e+00,7.570041912143128660e-02,1.596076433638521808e+00,1.741730390916600646e+00,8.224825366249188807e-01,5.515730343620798282e-01,4.761904761904761640e-01,8.333333333333333703e-01,3.906223695809415641e+00,1.250000000000000000e-01,3.333333333333333148e-01,3.807099981609191719e+00
5.885000017545572337e+04,6.966088000925341195e-01,8.608497427855817119e-02,7.102499712112690933e-01,2.403280448756806464e+00,5.930629036664756271e-01,3.452838831464645764e-01,4.285714285714285476e-01,8.333333333333333703e-01,3.899373123123664353e+00,4.166666666666666435e-02,3.333333333333333148e-01,4.200414429057370391e+00
5.886000017548554024e+04,1.272490358829982515e+00,5.658070510421637361e-02,2.288280333440390280e+00,3.813175344732383287e+00,3.344521232732188820e-01,3.758014310079857978e-01,4.761904761904761640e-01,8.333333333333333703e-01,3.526792547733009986e+00,8.333333333333332871e-02,3.333333333333333148e-01,4.317766087981524059e+00
5.887000017551535711e+04,1.587974830027327977e+00,5.777523681885501222e-02,1.637960950683635009e+00,2.169164122145732954e+00,6.929353470775191370e-01,3.478894317481090459e-01,3.809523809523809312e-01,6.666666666666666297e-01,3.569638953267335602e+00,1.250000000000000000e-01,3.333333333333333148e-01,3.800544498279901706e+00
5.888000017554516671e+04,9.203618370836120777e-01,5.949345173443285756e-02,7.341593197820970307e-01,2.153142492092554150e+00,3.053634404713605477e-01,3.255485513862168001e-01,5.238095238095238360e-01,8.333333333333333703e-01,3.866587878957402413e+00,8.333333333333332871e-02,1.666666666666666574e-01,3.938096109700198966e+00
5.889000017557498359e+04,1.098379749541315675e+00,5.656081073913597074e-02,1.101763549646575857e+00,2.729381640028947231e+00,5.297443398433341333e-01,3.164633367678191811e-01,5.714285714285713969e-01,8.333333333333333703e-01,3.791732984454223132e+00,1.250000000000000000e-01,3.333333333333333148e-01,3.781875821515846336e+00
5.890000017560479318e+04,8.971652133739098645e-01,6.818634945314550055e-02,7.494140368640502814e-01,1.530218557587205153e+00,2.285454396560333001e-01,2.984797982657289017e-01,5.714285714285713969e-01,1.000000000000000000e+00,3.627387250243580663e+00,4.166666666666666435e-02,3.333333333333333148e-01,4.152576659411237436e+00
5.891000017563461006e+04,1.484100708702709381e+00,7.397171226791666998e-02,2.058271489672974575e+00,3.367874988851226714e+00,4.755933530194710324e-01,3.712640885501150012e-01,3.809523809523809312e-01,5.000000000000000000e-01,3.792479658633596262e+00,8.333333333333332871e-02,1.666666666666666574e-01,4.355203228308255348e+00
5.892000017566442693e+04,6.956446495703068056e-01,5.539479129720982498e-02,5.682086244351679527e-01,2.023913638831006168e+00,3.527572756981361968e-01,2.440458547619548668e-01,6.190476190476190688e-01,8.333333333333333703e-01,3.622743146370772660e+00,1.250000000000000000e-01,1.666666666666666574e-01,3.859127184446748959e+00
5.893000017569423653e+04,1.588512848417518830e+00,6.607185634605605706e-02,6.028670537562220710e-01,1.516365572221082481e+00,2.920465991357294455e-01,9.494278965402348780e-02,4.285714285714285476e-01,6.666666666666666297e-01,3.611471595700895598e+00,1.250000000000000000e-01,3.333333333333333148e-01,3.340770729595693211e+00
5.894000017572405341e+04,1.471542921736669340e+00,4.986697144745803889e-02,8.303083690937269612e-01,1.765310818800396531e+00,5.017157728529758609e-01,3.310392792321437683e-01,5.238095238095238360e-01,6.666666666666666297e-01,3.426784494684261162e+00,1.250000000000000000e-01,3.333333333333333148e-01,3.813665946433270282e+00
5.895000017575386300e+04,1.363436278787715894e+00,9.326125072748887856e-02,1.545989562902223557e+00,2.165097705702748954e+00,3.532434646738800699e-01,5.124376501135712303e-01,5.238095238095238360e-01,8.333333333333333703e-01,3.609181603215757317e+00,1.250000000000000000e-01,3.333333333333333148e-01,3.780476533612383339e+00
5.896000017578367988e+04,1.472123321715796740e+00,6.307370238621159975e-02,2.380737774697364362e+00,2.797154408337312770e+00,1.769223754893678169e-01,4.373702253241207871e-01,4.285714285714285476e-01,6.666666666666666297e-01,3.742634706312933268e+00,1.250000000000000000e-01,3.333333333333333148e-01,4.092131525103235745e+00
5.897000017581349675e+04,1.625281301626088526e+00,5.135328971300932854e-02,1.423076457650996218e+00,1.616057542928452495e+00,2.874284739794236154e-02,3.316530952102710872e-01,4.761904761904761640e-01,8.333333333333333703e-01,3.737112290151473282e+00,1.666666666666666574e-01,3.333333333333333148e-01,3.350419304162079115e+00
5.898000017584330635e+04,1.378222044313239136e+00,5.157534287408210849e-02,1.092086987106437590e+00,2.400174933897881946e+00,2.129374584680976956e-01,4.989396478686448644e-01,2.380952380952380820e-01,5.000000000000000000e-01,3.719709478207271935e+00,8.333333333333332871e-02,1.666666666666666574e-01,4.083829667752328696e+00
5.899000017587312323e+04,1.745443201799570687e+00,6.175396324120008967e-02,8.923531418083794353e-01,2.072547989312938377e+00,4.161935505575158900e-01,5.451056588146609982e-01,4.285714285714285476e-01,6.666666666666666297e-01,3.760584177638206960e+00,1.666666666666666574e-01,3.333333333333333148e-01,3.474580920715180987e+00
5.900000017590293282e+04,1.917670503016650541e+00,5.833763389328092130e-02,9.951052075177172496e-01,1.912051051227219522e+00,4.666881347105091282e-01,4.763942711598697088e-01,3.809523809523809312e-01,6.666666666666666297e-01,3.561217954312829725e+00,1.666666666666666574e-01,3.333333333333333148e-01,3.262152176172079976e+00
5.901000017593274970e+04,1.884319798621513664e+00,5.656289680117310842e-02,2.674030142211390348e+00,3.147829784092174066e+00,3.874560926051586751e-01,3.855913638641675356e-01,4.285714285714285476e-01,6.666666666666666297e-01,3.796042292815312358e+00,1.666666666666666574e-01,3.333333333333333148e-01,3.553935186439928007e+00
5.902000017596256657e+04,1.408997897298776225e+00,5.095952415198734542e-02,1.406076015423548542e+00,2.672726194486464646e+00,4.299070860174197262e-01,6.445491071430470287e-01,5.714285714285713969e-01,8.333333333333333703e-01,3.838926544175243816e+00,1.250000000000000000e-01,3.333333333333333148e-01,3.545821320774537710e+00
5.903000017599237617e+04,2.453274357257032356e+00,5.056017242630624769e-02,1.478352125575185028e+00,2.063592370113172425e+00,6.623092831828009119e-01,3.971575832519327331e-01,3.809523809523809312e-01,5.000000000000000000e-01,3.760199081764647566e+00,1.250000000000000000e-01,3.333333333333333148e-01,3.689360857067942145e+00
5.904000017602219305e+04,1.874847647251178806e+00,4.735245179941306726e-02,2.088847138165323081e+00,2.456532604903816086e+00,1.837985492819151634e-01,4.829611908087569350e-01,3.809523809523809312e-01,6.666666666666666297e-01,3.894302815469209644e+00,1.666666666666666574e-01,3.333333333333333148e-01,3.785411132825275082e+00
5.905000017605200992e+04,1.888545272587563550e+00,4.832950507824656378e-02,1.839980804217998589e+00,2.831559315955502143e+00,4.522025220183805150e-01,4.386482991906945350e-01,2.857142857142856984e-01,6.666666666666666297e-01,3.655278435697241868e+00,1.666666666666666574e-01,3.333333333333333148e-01,3.465280291329191797e+00
5.906000017608181952e+04,1.880601024957909040e+00,6.484991266706859048e-02,1.388471392561504869e+00,2.390181916273045548e+00,2.036928367840954157e-01,4.174933273824174007e-01,2.857142857142856984e-01,6.666666666666666297e-01,3.728197102065310631e+00,1.666666666666666574e-01,3.333333333333333148e-01,3.363917465345950930e+00
5.907000017611163639e+04,1.473388776839638759e+00,5.573845127022720308e-02,1.326953884940827777e+00,2.353133256004600327e+00,2.224902229073891513e-01,4.564556589427279376e-01,4.761904761904761640e-01,6.666666666666666297e-01,3.561937143434829256e+00,1.250000000000000000e-01,3.333333333333333148e-01,3.626115066839678214e+00
5.908000017614144599e+04,2.046206899913480814e+00,5.568340694073088681e-02,2.258225306748125938e+00,3.067668376476065273e+00,3.651061337876820856e-01,1.289961221584762507e-01,3.333333333333333148e-01,5.000000000000000000e-01,4.032794083966951604e+00,1.250000000000000000e-01,1.666666666666666574e-01,3.886055098666842955e+00
5.909000017617126286e+04,2.230406846657112307e+00,2.228211540656533166e-02,2.759328839460466920e+00,2.988721217965474963e+00,4.469193466375008250e-01,1.691501906099316666e-01,4.285714285714285476e-01,6.666666666666666297e-01,3.474956802043226212e+00,1.666666666666666574e-01,3.333333333333333148e-01,3.420552184087650716e+00
5.910000017620107974e+04,1.277017807688386464e+00,7.078206117950079646e-02,1.884986108235261471e+00,3.152392252053822119e+00,3.148747767808983689e-01,2.334376897369342396e-01,4.761904761904761640e-01,8.333333333333333703e-01,3.804085815025104900e+00,8.333333333333332871e-02,3.333333333333333148e-01,4.037313293121068902e+00
5.911000017623088934e+04,3.285999982299588673e+00,7.569974475950032311e-02,1.565241502252081363e+00,2.657522208833129174e+00,8.318302970787404549e-01,4.970569316260672332e-01,3.333333333333333148e-01,5.000000000000000000e-01,3.611829511777838508e+00,1.250000000000000000e-01,3.333333333333333148e-01,3.590333878210962393e+00
5.912000017626070621e+04,2.356235781152742348e+00,6.220007044711151067e-02,2.452102507454768432e+00,3.021715330663290011e+00,5.997092560836548847e-01,3.292530678980586933e-01,2.857142857142856984e-01,5.000000000000000000e-01,3.924474785124065335e+00,1.666666666666666574e-01,3.333333333333333148e-01,3.610873103173154686e+00
5.913000017629051581e+04,1.915553982195661753e+00,7.434218818514445881e-02,1.757262908243532040e+00,2.275628210647111516e+00,5.621205232301907939e-01,5.963850971517226096e-01,4.761904761904761640e-01,6.666666666666666297e-01,3.596864169266983158e+00,1.250000000000000000e-01,3.333333333333333148e-01,3.871386137743894729e+00
5.914000017632033268e+04,2.670195301240362529e+00,6.502716491550726563e-02,2.204409458729776450e+00,2.964376984371674961e+00,6.292012905911555931e-01,4.343901774401953686e-01,3.333333333333333148e-01,5.000000000000000000e-01,3.353579064183811465e+00,1.666666666666666574e-01,3.333333333333333148e-01,3.446153702984714684e+00
5.915000017635014956e+04,2.177754219249629308e+00,6.523083762502822347e-02,2.653835325724296812e+00,3.191400120824730458e+00,6.911294303243521453e-01,3.796244536736703701e-01,2.857142857142856984e-01,6.666666666666666297e-01,3.797886153824012290e+00,1.250000000000000000e-01,3.333333333333333148e-01,3.772249173186693838e+00
5.916000017637995916e+04,2.143214428250745041e+00,4.793042273813033494e-02,1.042833939835427381e+00,2.036377704252295473e+00,5.821584947987645808e-01,3.830239893048731914e-01,2.857142857142856984e-01,6.666666666666666297e-01,3.719571617486001180e+00,1.250000000000000000e-01,3.333333333333333148e-01,3.654170700975348574e+00
5.917000017640977603e+04,1.397984369982621322e+00,6.067478561785417251e-02,1.276424561888860332e+00,2.539838511427235268e+00,3.261537611091339106e-01,3.935636050366735361e-01,4.285714285714285476e-01,6.666666666666666297e-01,3.762984323978645129e+00,1.250000000000000000e-01,3.333333333333333148e-01,3.788758329268037350e+00
5.918000017643959291e+04,1.765242992393937893e+00,5.857486068713969873e-02,1.690496237201886798e+00,2.569543440630666531e+00,2.624267279029458555e-01,3.344210748420254342e-01,3.333333333333333148e-01,5.000000000000000000e-01,3.901166425789681647e+00,1.250000000000000000e-01,3.333333333333333148e-01,3.866806393086504645e+00
5.919000017646940250e+04,1.758343203704757718e+00,6.724176133973423786e-02,2.375644315708024035e+00,3.014656922986573839e+00,2.510222847188842143e-01,2.788098424641395900e-01,3.809523809523809312e-01,5.000000000000000000e-01,3.560402099282089505e+00,1.666666666666666574e-01,1.666666666666666574e-01,3.586477422568100426e+00
5.920000017649921938e+04,1.542665618704704311e+00,6.854405627605029971e-02,1.611907269820451738e+00,2.410351127511714875e+00,6.861456656452670222e-01,3.506051826358685397e-01,4.761904761904761640e-01,6.666666666666666297e-01,3.718078435490383082e+00,8.333333333333332871e-02,3.333333333333333148e-01,3.949631679217824320e+00
5.921000017652902898e+04,2.131488387868314405e+00,5.474446356159267529e-02,6.506741358252221552e-01,1.956381033364041677e+00,6.657444970561396946e-01,3.891228142282503466e-01,3.333333333333333148e-01,5.000000000000000000e-01,3.783718009798439308e+00,1.250000000000000000e-01,3.333333333333333148e-01,3.662765465981893787e+00
5.922000017655884585e+04,1.689090274641991130e+00,6.735562339012417243e-02,1.083323842179634733e+00,1.735378359513518154e+00,3.092347198882136050e-01,5.507415815012432075e-02,6.190476190476190688e-01,8.333333333333333703e-01,3.405946159766186643e+00,4.166666666666666435e-02,3.333333333333333148e-01,3.910446297172180952e+00
5.923000017658866273e+04,2.248753726820990728e+00,5.239407441544038924e-02,2.196209897745827533e+00,3.243399977730664574e+00,4.481845499974242419e-01,3.672906151959718923e-01,4.285714285714285476e-01,6.666666666666666297e-01,3.569748856636031142e+00,1.666666666666666574e-01,3.333333333333333148e-01,3.524803969560463823e+00
5.924000017661847232e+04,1.818211650585972006e+00,7.091360592042746103e-02,1.472241761973613006e+00,1.854153059664109371e+00,6.369792543057669620e-01,2.916714612829574560e-01,4.761904761904761640e-01,6.666666666666666297e-01,3.518767611058097433e+00,1.250000000000000000e-01,3.333333333333333148e-01,3.512444551869551734e+00
5.925000017664828920e+04,1.750101716079231151e+00,6.000333336860193961e-02,1.339749811629413534e+00,2.777736075443240527e+00,5.323374574357605526e-01,5.701301588680607324e-01,3.809523809523809312e-01,5.000000000000000000e-01,3.839351789068069731e+00,8.333333333333332871e-02,3.333333333333333148e-01,4.154993235393135365e+00
5.926000017667809880e+04,1.629145835861230296e+00,8.292879463733360268e-02,1.434582563596769278e+00,1.544832049823154696e+00,3.247457759753650253e-01,3.557101635433031206e-02,4.761904761904761640e-01,8.333333333333333703e-01,3.479336059315073282e+00,1.250000000000000000e-01,3.333333333333333148e-01,3.913195050162105559e+00
5.927000017670791567e+04,2.102189034429525982e+00,4.643019831949938420e-02,2.378014918471189176e+00,2.919708752602328872e+00,4.688927926757097686e-01,3.345181446598843311e-01,3.809523809523809312e-01,6.666666666666666297e-01,3.666058993715689773e+00,1.666666666666666574e-01,3.333333333333333148e-01,3.883702277375873368e+00
5.928000017673773255e+04,1.152739319092343839e+00,3.991307941366729201e-02,1.241392805381544395e+00,1.237229529735730971e+00,1.603170416077601135e-01,2.634229338819366606e-01,4.285714285714285476e-01,5.000000000000000000e-01,3.756616116699723840e+00,8.333333333333332871e-02,1.666666666666666574e-01,4.072582217167631136e+00
5.929000017676754214e+04,1.167368170385126191e+00,4.857201920809472995e-02,1.245441924211352580e+00,1.883737010196059769e+00,5.952487253119943533e-01,6.607984052852429180e-01,4.285714285714285476e-01,6.666666666666666297e-01,3.684579680060621421e+00,1.250000000000000000e-01,1.666666666666666574e-01,3.572861096518562096e+00
5.930000017679735902e+04,1.262969062316551039e+00,5.138150321022440931e-02,1.245235975969631204e+00,1.880696889860954846e+00,7.185958585220683092e-01,7.511250080483251601e-01,5.238095238095238360e-01,6.666666666666666297e-01,3.565472372769804554e+00,1.250000000000000000e-01,1.666666666666666574e-01,3.882241131913383825e+00
5.931000017682716862e+04,1.399061443140858785e+00,4.119765216938193336e-02,1.712958569906699591e+00,1.584203301429604416e+00,5.418506382492841444e-01,4.528679848415620990e-01,4.285714285714285476e-01,6.666666666666666297e-01,3.552393954097988082e+00,1.666666666666666574e-01,3.333333333333333148e-01,3.783682963972275548e+00
5.932000017685698549e+04,1.188588102268429036e+00,7.629308198102875693e-02,2.221349703987871127e+00,2.124030639978684132e+00,4.789945226357497643e-01,3.599480309301429370e-01,4.761904761904761640e-01,1.000000000000000000e+00,3.789843504987806533e+00,8.333333333333332871e-02,3.333333333333333148e-01,3.774362794797786691e+00
5.933000017688680236e+04,1.263454411838501823e+00,4.587114687826637088e-02,9.688172130850569719e-01,1.702335790122608161e+00,3.727766603857667893e-01,4.825429132152018186e-01,6.190476190476190688e-01,6.666666666666666297e-01,3.444531897387472341e+00,1.666666666666666574e-01,1.666666666666666574e-01,3.719904291646964012e+00
5.934000017691661196e+04,1.342460510894150305e+00,4.720572247489673162e-02,1.178881458077861266e+00,1.180800531958173138e+00,2.729199994876951862e-01,4.356217134300831018e-01,5.238095238095238360e-01,6.666666666666666297e-01,3.379322187157987933e+00,1.250000000000000000e-01,1.666666666666666574e-01,3.868712666035416525e+00
5.935000017694642884e+04,1.475168685885264841e+00,4.434810229549406707e-02,1.665271072591975043e+00,1.478025822584781102e+00,3.663948114150978319e-01,5.035150057255944889e-01,4.285714285714285476e-01,6.666666666666666297e-01,3.395517215987927884e+00,1.250000000000000000e-01,3.333333333333333148e-01,3.923518896507673936e+00
5.936000017697624571e+04,1.214676975679185311e+00,6.191292941761230434e-02,4.791226701535633570e-01,1.254691051119043221e+00,2.852989749626340665e-01,3.014539536515077334e-01,4.761904761904761640e-01,8.333333333333333703e-01,3.579779858393319802e+00,8.333333333333332871e-02,3.333333333333333148e-01,3.964242918262077975e+00
5.937000017700605531e+04,1.126841992230210199e+00,4.825064004698040310e-02,2.338577912425447547e+00,2.651760994490643064e+00,2.953345640691453777e-01,6.010348942675375339e-01,4.761904761904761640e-01,6.666666666666666297e-01,3.560881186893622097e+00,0.000000000000000000e+00,0.000000000000000000e+00,4.612911668208519167e+00
5.938000017703587218e+04,8.458943240723765244e-01,5.894759072262792388e-02,1.163082407006654551e+00,1.920786780808940497e+00,5.844716076874426625e-01,7.023695273239072279e-01,4.761904761904761640e-01,8.333333333333333703e-01,3.750824014973392906e+00,1.250000000000000000e-01,1.666666666666666574e-01,3.780304177590172010e+00
5.939000017706568178e+04,1.000674201778967820e+00,7.271447377242144794e-02,1.078538522058781313e+00,1.856637295408428701e+00,4.485600384659972351e-01,5.729964336727060292e-01,4.761904761904761640e-01,6.666666666666666297e-01,3.756088560044400282e+00,1.250000000000000000e-01,1.666666666666666574e-01,3.646972123068561888e+00
5.940000017709549866e+04,1.335234478465795904e+00,5.267432864679245930e-02,3.202081288534637249e-01,1.002541838648816519e+00,8.823013028119643941e-01,1.008135971541791243e+00,3.809523809523809312e-01,6.666666666666666297e-01,3.808434729663558116e+00,1.250000000000000000e-01,1.666666666666666574e-01,3.686305116757405909e+00
5.941000017712531553e+04,1.456545052036188448e+00,6.541014300058879682e-02,1.933137168402424555e+00,2.717758243958171782e+00,2.679928497630893469e-01,2.245013504767613688e-01,4.761904761904761640e-01,5.000000000000000000e-01,3.526388500000775750e+00,1.666666666666666574e-01,1.666666666666666574e-01,3.615528162771066256e+00
5.942000017715512513e+04,1.031996883331320891e+00,6.772913634938830529e-02,7.030536886849553246e-01,1.324863817133935529e+00,5.017799037098399362e-01,7.855369080456222619e-01,5.714285714285713969e-01,6.666666666666666297e-01,3.726969065205119502e+00,1.250000000000000000e-01,1.666666666666666574e-01,3.661549852133040517e+00
5.943000017718494200e+04,9.863752158293075389e-01,6.579008277667824922e-02,1.353615190830193660e+00,2.070156876929640788e+00,3.629622537118181724e-01,4.652008533017822911e-01,5.238095238095238360e-01,8.333333333333333703e-01,3.584947191293517577e+00,4.166666666666666435e-02,3.333333333333333148e-01,4.222411308339226288e+00
5.944000017721475160e+04,1.040881208405214586e+00,4.962877949126584531e-02,7.587370191934813546e-01,1.648844289128457152e+00,5.558172247497678020e-01,6.399567852472530793e-01,6.666666666666666297e-01,6.666666666666666297e-01,3.531647400239526835e+00,1.250000000000000000e-01,1.666666666666666574e-01,3.798729003617340449e+00
5.945000017724456848e+04,1.055992753966105813e+00,6.407531006874316037e-02,9.080883712671105057e-01,1.724019351694506819e+00,6.216987261329663950e-01,8.536437511531378419e-01,5.714285714285713969e-01,6.666666666666666297e-01,3.555025942150892071e+00,1.250000000000000000e-01,1.666666666666666574e-01,3.675517868143422628e+00
5.946000017727438535e+04,9.412719328743405223e-01,6.194861780418836616e-02,1.383431084611338679e+00,1.282603674645105940e+00,3.720805939057436063e-01,3.395453016611799657e-01,4.761904761904761640e-01,6.666666666666666297e-01,3.699038013135403702e+00,1.250000000000000000e-01,3.333333333333333148e-01,3.871432742928490711e+00
5.947000017730419495e+04,1.372084997361826320e+00,5.083282329359531393e-02,1.723888089585982941e+00,2.158948288190424059e+00,1.696950730106424887e-01,2.807672024360848839e-01,5.238095238095238360e-01,6.666666666666666297e-01,3.573813871059353442e+00,1.250000000000000000e-01,1.666666666666666574e-01,4.015654716819759606e+00
5.948000017733401182e+04,1.650773738209550867e+00,6.698230491093062899e-02,1.589735950694100231e+00,2.743480861099738544e+00,5.974358869676272832e-01,3.607805190907776849e-01,5.714285714285713969e-01,6.666666666666666297e-01,3.431879133372248258e+00,1.250000000000000000e-01,1.666666666666666574e-01,3.597190389632316521e+00
5.949000017736382870e+04,1.100924057882879392e+00,4.547636842624407094e-02,1.574300339928453862e+00,1.968367031948577761e+00,4.285743947541777454e-01,3.636725499875355649e-01,3.809523809523809312e-01,8.333333333333333703e-01,4.018686782223769960e+00,1.250000000000000000e-01,3.333333333333333148e-01,3.940346824604116005e+00
5.950000017739363830e+04,1.267740681522922852e+00,4.913482845863436504e-02,1.129620494389216967e+00,1.511111585578545524e+00,3.679830200365654669e-01,4.540251725472047029e-01,3.809523809523809312e-01,8.333333333333333703e-01,3.905987429996792937e+00,8.333333333333332871e-02,3.333333333333333148e-01,3.780292471547215261e+00
5.951000017742345517e+04,1.383980960581054021e+00,5.943341122741087335e-02,1.547963141074258031e+00,2.263110274338818506e+00,3.870632012823238544e-01,3.887818857032812603e-01,4.285714285714285476e-01,6.666666666666666297e-01,3.553736581658844873e+00,1.250000000000000000e-01,3.333333333333333148e-01,3.744958913600467731e+00
5.952000017745326477e+04,1.212439740888130002e+00,4.959565022849110605e-02,1.448053904702108152e+00,1.569991242021389288e+00,8.350788638495435512e-01,1.070598358471237077e+00,3.333333333333333148e-01,6.666666666666666297e-01,3.755954322192928796e+00,1.250000000000000000e-01,3.333333333333333148e-01,3.493988265723810382e+00
5.953000017748308164e+04,6.721067061491874384e-01,8.401418122742534966e-02,1.130721041092635826e+00,1.707438183500124884e+00,2.807389308822964558e-01,5.159557483270524880e-01,5.238095238095238360e-01,8.333333333333333703e-01,3.493747710827483477e+00,1.250000000000000000e-01,3.333333333333333148e-01,3.679767289842099220e+00
5.954000017751289852e+04,1.128779581231524887e+00,4.723020613069781048e-02,2.054499187544890582e+00,2.897604897248781786e+00,3.528999128834528487e-01,5.206686933475318524e-01,5.238095238095238360e-01,8.333333333333333703e-01,3.953234768469873206e+00,1.250000000000000000e-01,3.333333333333333148e-01,3.610092085499843506e+00
5.955000017754270812e+04,1.577897843570359226e+00,6.641992320844658515e-02,8.760783029256080656e-01,1.813458502386990689e+00,4.059500261513631636e-01,4.441872003123868429e-01,2.380952380952380820e-01,6.666666666666666297e-01,3.977122698802751710e+00,1.250000000000000000e-01,3.333333333333333148e-01,3.736645294701760545e+00
5.956000017757252499e+04,9.013811175102746098e-01,7.605824518378259680e-02,1.555834535771419835e+00,2.085304140419653507e+00,6.607783506078578339e-01,8.858982538563791032e-01,4.285714285714285476e-01,8.333333333333333703e-01,3.743647982108892602e+00,8.333333333333332871e-02,3.333333333333333148e-01,4.110174208235878979e+00
5.957000017760233459e+04,1.081436812148117266e+00,5.376756476732126588e-02,1.611933493467890166e+00,2.195915189478907070e+00,6.892972455431046752e-01,8.433928178853009605e-01,4.285714285714285476e-01,6.666666666666666297e-01,3.887808380996768065e+00,1.250000000000000000e-01,3.333333333333333148e-01,3.898753255511352656e+00
5.958000017763215146e+04,1.050653802178707297e+00,4.190128717890122256e-02,5.327344892249163966e-01,1.192866562792425755e+00,3.471400977046902314e-01,5.198179748127514932e-01,4.761904761904761640e-01,5.000000000000000000e-01,3.433976853432666232e+00,1.250000000000000000e-01,1.666666666666666574e-01,3.926066722413791066e+00
5.959000017766196834e+04,7.476437642974154141e-01,3.824191786654074915e-02,7.812640233840327797e-01,9.066480020702740728e-01,7.710775792031048237e-01,8.987865222042432656e-01,5.714285714285713969e-01,8.333333333333333703e-01,3.705478337925685040e+00,1.250000000000000000e-01,3.333333333333333148e-01,3.916467599918482367e+00
5.960000017769177794e+04,7.365040199854058223e-01,5.615193779593485868e-02,1.010995095889360096e+00,1.696730481310777083e+00,3.833350035173201387e-01,6.274335684136322921e-01,4.761904761904761640e-01,8.333333333333333703e-01,3.809337696815746632e+00,1.250000000000000000e-01,3.333333333333333148e-01,3.823594161633755206e+00
5.961000017772159481e+04,1.021337236139197913e+00,6.949468168859748718e-02,8.258996388135739775e-01,1.206973730897876074e+00,3.189070149273897092e-01,5.330347731677483880e-01,3.333333333333333148e-01,8.333333333333333703e-01,3.971848283445059913e+00,1.250000000000000000e-01,3.333333333333333148e-01,3.754860739434564998e+00
5.962000017775140441e+04,1.320448096422675244e+00,5.555677673806342504e-02,1.558734495597522418e+00,2.193028758389898414e+00,4.303550505003194138e-01,6.716710086593123963e-01,4.285714285714285476e-01,6.666666666666666297e-01,3.722886648629846640e+00,1.666666666666666574e-01,3.333333333333333148e-01,3.431385127185493378e+00
5.963000017778122128e+04,1.319176863218421314e+00,3.205887751330954716e-02,8.272194910972336945e-01,1.106006015837846412e+00,2.539484969701878980e-01,3.460098398322527524e-01,4.285714285714285476e-01,6.666666666666666297e-01,3.576127715690156972e+00,1.250000000000000000e-01,3.333333333333333148e-01,3.886511279688442677e+00
5.964000017781103816e+04,1.081278926274826357e+00,7.367870144865815152e-02,1.001842098982843154e+00,1.412836169376518791e+00,6.582182699509239177e-01,7.674574842704070532e-01,4.285714285714285476e-01,6.666666666666666297e-01,3.426248940533714649e+00,1.250000000000000000e-01,1.666666666666666574e-01,3.812412674867158735e+00
5.965000017784084775e+04,1.082383295625658715e+00,5.349745868264734611e-02,1.900192481830005109e+00,2.209088868735902711e+00,3.579702321309867763e-01,5.642121258482107882e-01,3.809523809523809312e-01,6.666666666666666297e-01,3.556297016580849846e+00,1.250000000000000000e-01,3.333333333333333148e-01,3.770737046111602098e+00
5.966000017787066463e+04,9.315880305930396288e-01,4.160303518346035456e-02,9.566936112117163660e-01,1.385572108221698739e+00,3.202143493949234920e-01,5.762301687726476551e-01,3.333333333333333148e-01,6.666666666666666297e-01,3.925674202833894011e+00,1.250000000000000000e-01,3.333333333333333148e-01,3.706180088556321195e+00
5.967000017790048150e+04,1.254538218167358110e+00,6.731687544846652604e-02,1.423207055924097242e+00,1.937721262963959079e+00,1.202929001274263693e-01,3.335043825825753094e-01,3.809523809523809312e-01,8.333333333333333703e-01,3.760349447508882559e+00,1.250000000000000000e-01,3.333333333333333148e-01,3.721136330038256279e+00
5.968000017793029110e+04,1.081521697282394223e+00,5.370196407941476430e-02,1.092699960484855293e+00,1.510178663697882451e+00,3.369284694510503164e-01,5.637618090105885882e-01,4.285714285714285476e-01,8.333333333333333703e-01,3.658481765764454607e+00,1.250000000000000000e-01,3.333333333333333148e-01,3.827579696556777655e+00
5.969000017796010798e+04,1.189943781756811259e+00,1.069802739144108950e-01,1.495827444643136994e+00,1.978685952582900809e+00,3.095488304520539469e-01,3.810222362618976288e-01,4.761904761904761640e-01,6.666666666666666297e-01,3.596807225034588384e+00,1.250000000000000000e-01,3.333333333333333148e-01,3.762556658656860620e+00
5.970000017798991757e+04,1.553486665026833524e+00,5.987114259200267824e-02,1.612284491466240866e+00,1.438636866067138698e+00,1.161408223224634911e-01,4.292828898234163360e-01,3.809523809523809312e-01,6.666666666666666297e-01,3.671543926273043823e+00,1.666666666666666574e-01,3.333333333333333148e-01,3.581851604160826597e+00
5.971000017801973445e+04,1.625895762329032435e+00,6.439897791326278098e-02,2.555605178353373308e+00,3.279775094966586479e+00,4.528866625341196328e-01,6.200440441833729999e-01,3.809523809523809312e-01,6.666666666666666297e-01,3.844675711487600012e+00,8.333333333333332871e-02,3.333333333333333148e-01,3.540233384996514854e+00
5.972000017804955132e+04,1.142569477352548546e+00,6.860140685633725477e-02,1.594786668806564167e+00,1.714272464895826742e+00,4.246800215808763101e-01,6.607713739725644686e-01,4.761904761904761640e-01,8.333333333333333703e-01,3.914562550447843403e+00,1.250000000000000000e-01,3.333333333333333148e-01,3.790950789117001563e+00
5.973000017807936092e+04,1.564319837487634146e+00,5.998760090711922205e-02,1.624345714501174154e+00,2.708781630010187236e+00,4.570648043983015496e-01,5.685094016168024122e-01,4.285714285714285476e-01,6.666666666666666297e-01,3.859073203404937313e+00,1.666666666666666574e-01,3.333333333333333148e-01,3.473002768047610989e+00
5.974000017810917780e+04,1.970866363451055259e+00,4.034691140120452019e-02,2.401392422198214138e+00,2.772712361735702569e+00,3.775278450968277411e-01,4.431926431668291588e-01,4.285714285714285476e-01,6.666666666666666297e-01,3.719860316799564526e+00,1.666666666666666574e-01,3.333333333333333148e-01,3.867093247063947192e+00
5.975000017813898739e+04,1.285257677178883062e+00,8.042033550838680045e-02,9.552855141375388159e-01,1.903636389678937224e+00,1.899632519518584806e-01,3.198605465742563325e-01,5.238095238095238360e-01,8.333333333333333703e-01,3.577882454018244562e+00,1.250000000000000000e-01,3.333333333333333148e-01,3.631888637266366349e+00
5.976000017816880427e+04,1.430197742251651194e+00,6.544137028008772949e-02,1.204321958507699852e+00,1.745700884408668108e+00,2.574568732480086442e-01,5.983669833281453077e-01,4.761904761904761640e-01,8.333333333333333703e-01,3.520305742727533715e+00,1.250000000000000000e-01,3.333333333333333148e-01,3.564976599842244909e+00
5.977000017819862114e+04,1.785543455641571908e+00,4.430804044725720342e-02,1.453226295487087594e+00,2.470838695533399409e+00,4.710124475979552416e-01,2.779934465710762193e-01,5.238095238095238360e-01,6.666666666666666297e-01,3.578584732889182440e+00,1.666666666666666574e-01,3.333333333333333148e-01,3.304661351385319801e+00
5.978000017822843074e+04,1.114115305552265456e+00,5.892367260736108142e-02,7.566674726226094716e-01,1.438214937819432659e+00,1.582295248410739985e-01,4.936121191412574660e-01,2.857142857142856984e-01,5.000000000000000000e-01,3.969241270829982682e+00,1.250000000000000000e-01,3.333333333333333148e-01,3.732172953749774980e+00
5.979000017825824762e+04,1.312728635697687718e+00,5.566210867063581952e-02,9.959753488661802212e-01,1.871543187266431874e+00,1.176106770631248771e-01,4.067455498127104940e-01,4.285714285714285476e-01,8.333333333333333703e-01,3.471567780777037981e+00,1.250000000000000000e-01,3.333333333333333148e-01,3.632446062487799221e+00
5.980000017828806449e+04,1.004023964731755481e+00,4.262144243955233447e-02,1.692113216654928642e+00,1.984167370262420738e+00,1.798120181434137432e-01,3.740669401496283242e-01,4.761904761904761640e-01,6.666666666666666297e-01,3.755217351701528816e+00,8.333333333333332871e-02,3.333333333333333148e-01,4.088661144337837783e+00
5.981000017831787409e+04,2.432973680193555310e+00,4.487117376263344282e-02,1.338367852569527505e+00,2.063845477122411065e+00,4.614428536602662723e-01,3.329370700457012222e-01,4.285714285714285476e-01,5.000000000000000000e-01,3.660543125820376442e+00,1.250000000000000000e-01,3.333333333333333148e-01,3.757663372997838813e+00
5.982000017834769096e+04,1.862510442936785138e+00,4.510138132676562439e-02,1.422520051979617728e+00,2.124529231004794738e+00,3.157647016373560378e-01,3.397024775413118869e-01,3.809523809523809312e-01,5.000000000000000000e-01,3.694186256979425931e+00,8.333333333333332871e-02,3.333333333333333148e-01,3.581325055718467265e+00
5.983000017837750056e+04,2.067141072110613820e+00,7.465674045009527970e-02,2.197545586568246279e+00,3.041947136988768285e+00,3.124739700880210802e-01,2.818044570765569357e-01,4.285714285714285476e-01,6.666666666666666297e-01,3.861146747441851712e+00,1.666666666666666574e-01,3.333333333333333148e-01,3.475987350041382484e+00
5.984000017840731743e+04,1.897016375681909839e+00,5.859440595897321552e-02,1.436553534475920157e+00,2.281610103686663393e+00,4.878403092315157230e-01,5.066003659328633946e-01,1.428571428571428492e-01,6.666666666666666297e-01,3.852251700404456525e+00,1.250000000000000000e-01,3.333333333333333148e-01,3.898797625975340519e+00
5.985000017843713431e+04,1.533824628221298614e+00,5.803202057787845702e-02,7.756583894023457715e-01,1.739419132463988715e+00,3.119487409275648049e-01,4.992777406025757925e-01,4.285714285714285476e-01,6.666666666666666297e-01,3.849288869207019737e+00,1.250000000000000000e-01,3.333333333333333148e-01,3.632051332611985650e+00
5.986000017846694391e+04,2.177424435395209024e+00,8.047286689895238876e-02,1.393063281346212046e+00,2.061957570938984574e+00,4.525285691662165322e-01,2.482194974957663280e-01,2.380952380952380820e-01,6.666666666666666297e-01,4.119000146321223355e+00,1.250000000000000000e-01,3.333333333333333148e-01,3.488999186951999842e+00
5.987000017849676078e+04,2.257657775957698121e+00,5.010436528006795981e-02,1.416899318131573882e+00,2.963398736557144364e+00,4.682688317572782366e-01,4.276859242932323224e-01,3.809523809523809312e-01,6.666666666666666297e-01,3.747221150779129317e+00,1.666666666666666574e-01,3.333333333333333148e-01,3.531638361980805385e+00
5.988000017852657038e+04,1.557820959371833069e+00,7.880171154952633761e-02,1.946883129968657533e+00,2.559654932873583366e+00,3.801303001978384444e-01,1.599232818279643642e-01,4.761904761904761640e-01,8.333333333333333703e-01,3.654004166953488841e+00,4.166666666666666435e-02,3.333333333333333148e-01,4.024537764160049491e+00
5.989000017855638725e+04,2.029762118851212715e+00,6.552770317183598259e-02,1.592304535560265855e+00,2.557964526132287197e+00,3.713384450185849839e-01,3.973915621459606640e-01,3.809523809523809312e-01,6.666666666666666297e-01,3.483946070206798584e+00,1.250000000000000000e-01,3.333333333333333148e-01,3.632298983530311887e+00
5.990000017858620413e+04,1.848976425963471337e+00,5.184268409688672780e-02,1.564346119784479461e+00,2.146567875474051590e+00,4.845611808969154111e-01,5.187765040098960556e-01,3.333333333333333148e-01,5.000000000000000000e-01,3.618441645221166958e+00,1.250000000000000000e-01,3.333333333333333148e-01,3.786441951425238095e+00
5.991000017861601373e+04,1.007948902563087668e+00,4.601415978249433908e-02,9.408407177456130643e-01,1.617153030732972452e+00,5.008977507083954839e-01,5.014447576144066554e-01,4.761904761904761640e-01,8.333333333333333703e-01,3.715859080071337583e+00,1.250000000000000000e-01,3.333333333333333148e-01,3.646862349903551515e+00
5.992000017864583060e+04,9.206579552546992895e-01,6.163871715670870416e-02,9.357151992189063350e-01,2.011734635033931351e+00,6.901226111245196693e-01,8.833837530013556316e-01,4.761904761904761640e-01,8.333333333333333703e-01,3.792500156384189136e+00,1.250000000000000000e-01,3.333333333333333148e-01,3.726650102849210278e+00
5.993000017867564020e+04,1.892660279929351042e+00,6.401194108045685227e-02,1.862395911697230177e+00,2.584086441412143387e+00,3.359293699678206901e-01,3.348823008670926415e-01,2.380952380952380820e-01,5.000000000000000000e-01,3.841499551855858563e+00,1.250000000000000000e-01,3.333333333333333148e-01,3.773703568212040782e+00
5.994000017870545707e+04,9.767003134237035589e-01,4.485114155233545924e-02,1.380244952640243605e+00,2.123106728606587001e+00,3.085363185441812317e-01,5.300457886924644368e-01,4.285714285714285476e-01,6.666666666666666297e-01,3.409871379019920212e+00,1.666666666666666574e-01,3.333333333333333148e-01,3.648590671663847651e+00
5.995000017873527395e+04,8.021606336198144893e-01,8.522987843441819089e-02,7.075858994905828148e-01,1.627429984447717359e+00,2.820961340661321537e-01,6.256317000648207172e-01,3.809523809523809312e-01,5.000000000000000000e-01,3.651215465577918984e+00,1.666666666666666574e-01,1.666666666666666574e-01,3.536530196414798599e+00
5.996000017876508355e+04,1.698602310820250150e+00,6.408181973914418850e-02,1.636749333829012443e+00,2.556303002764824139e+00,2.617991650902756207e-01,3.925164856164032323e-01,4.285714285714285476e-01,6.666666666666666297e-01,3.833885984979970019e+00,1.250000000000000000e-01,3.333333333333333148e-01,3.560965462865332665e+00
5.997000017879490042e+04,7.760272029943049432e-01,6.511023130060049346e-02,1.196987001627637159e+00,1.199771807780419142e+00,5.520585595176115135e-01,7.846679642017614364e-01,5.714285714285713969e-01,6.666666666666666297e-01,3.794553376081892804e+00,1.250000000000000000e-01,1.666666666666666574e-01,3.687536412562888000e+00
5.998000017882471730e+04,8.312134524106308264e-01,5.388376314227031477e-02,5.557957230879170263e-01,1.821361401115604295e+00,2.850485579408490455e-01,4.794163248904819707e-01,2.380952380952380820e-01,8.333333333333333703e-01,3.937488157263344668e+00,1.250000000000000000e-01,3.333333333333333148e-01,3.891484682801813921e+00
5.999000017885452689e+04,1.553949514893692374e+00,4.352088760016697283e-02,1.492132225538477464e+00,2.286138461413073752e+00,1.893329883468820862e-01,1.649058320535010114e-01,3.333333333333333148e-01,5.000000000000000000e-01,3.844865646262856984e+00,1.250000000000000000e-01,3.333333333333333148e-01,3.448025838731658244e+00
6.000000017888434377e+04,1.828244474066022640e+00,6.599978220961601194e-02,6.447776062110782691e-01,1.489569228709444637e+00,4.764517725780251789e-01,4.480582139592805824e-01,9.523809523809523281e-02,5.000000000000000000e-01,4.120657888465513174e+00,1.666666666666666574e-01,3.333333333333333148e-01,3.528657175506511923e+00
6.001000017891415337e+04,1.497960707408192427e+00,4.836748583502373244e-02,1.051660034079764383e+00,1.718111615958596738e+00,1.402652801926047577e-01,2.973221981167905592e-01,3.333333333333333148e-01,6.666666666666666297e-01,3.845158394977828742e+00,1.250000000000000000e-01,3.333333333333333148e-01,3.934144930684200236e+00
6.002000017894397024e+04,1.828165367862585100e+00,4.783152988179768111e-02,1.522755372382980976e+00,2.315946204764788519e+00,1.333356685504887562e-01,3.853698514069728853e-01,3.809523809523809312e-01,6.666666666666666297e-01,3.756702218863239295e+00,1.666666666666666574e-01,3.333333333333333148e-01,3.371387569850468058e+00
6.003000017897378711e+04,2.475002281916574898e+00,7.475855485659045618e-02,2.948543886612034370e+00,3.757182680865198243e+00,4.035752749892207447e-01,2.380994570816689637e-01,3.809523809523809312e-01,6.666666666666666297e-01,3.663106662450585915e+00,1.250000000000000000e-01,3.333333333333333148e-01,3.657998186951715969e+00
6.004000017900359671e+04,1.677140289344731583e+00,5.970420890217785492e-02,1.297540132417038583e+00,2.038309745980799725e+00,3.521929902083444364e-01,2.337541903029650703e-01,3.333333333333333148e-01,6.666666666666666297e-01,3.644318792924891692e+00,4.166666666666666435e-02,3.333333333333333148e-01,3.842537661492135825e+00
6.005000017903341359e+04,2.110630229845591010e+00,6.677410420576400385e-02,2.221530431354203916e+00,2.992239252813174488e+00,4.530581443954266319e-01,3.123639400865529381e-01,3.809523809523809312e-01,8.333333333333333703e-01,3.588609842161836205e+00,1.250000000000000000e-01,3.333333333333333148e-01,3.730279573683808803e+00
6.006000017906322319e+04,2.022572465783445850e+00,6.120211996991174741e-02,2.417565755428348950e+00,2.995575600065394806e+00,4.337838147766671093e-01,3.815067342792521354e-01,3.333333333333333148e-01,5.000000000000000000e-01,3.603647858817350613e+00,1.250000000000000000e-01,3.333333333333333148e-01,3.671564483402374623e+00
6.007000017909304006e+04,1.687363685632534027e+00,3.986184363227754379e-02,1.407420709475879717e+00,2.312735069180623437e+00,2.562388050081649271e-01,4.520111320038917024e-01,3.333333333333333148e-01,5.000000000000000000e-01,4.018220203878675179e+00,1.250000000000000000e-01,3.333333333333333148e-01,3.858167473173317763e+00
6.008000017912285693e+04,1.753562115311275704e+00,6.074791876728258266e-02,1.683102217301429393e+00,2.376682112155248827e+00,2.206531649341786361e-01,4.459132347700098253e-01,4.285714285714285476e-01,8.333333333333333703e-01,3.648691299663636922e+00,1.250000000000000000e-01,3.333333333333333148e-01,3.710369346791506651e+00
6.009000017915266653e+04,1.858110480647590768e+00,5.447818489241257334e-02,1.806406811929459399e+00,2.908062729990227080e+00,1.969065551082435361e-01,3.408483422614759228e-01,3.333333333333333148e-01,6.666666666666666297e-01,3.921184747678297722e+00,1.250000000000000000e-01,3.333333333333333148e-01,3.867996799216242731e+00
6.010000017918248341e+04,1.272884970878430000e+00,4.397907952059085940e-02,8.520888404838115049e-01,1.515300463998882519e+00,1.082736132136654927e-01,2.761243758941043791e-01,3.333333333333333148e-01,6.666666666666666297e-01,4.035854917096947325e+00,8.333333333333332871e-02,3.333333333333333148e-01,4.089629107907907013e+00
6.011000017921229301e+04,1.901196622328988006e+00,4.569014360543536407e-02,9.681222933004602904e-01,2.127469271662398409e+00,4.997181385490469530e-01,2.891019036293078215e-01,2.857142857142856984e-01,6.666666666666666297e-01,3.680805128778820823e+00,1.250000000000000000e-01,3.333333333333333148e-01,3.754973948844273046e+00
6.012000017924210988e+04,1.818041577016668908e+00,4.036008595904577723e-02,9.028367253581045526e-01,1.872101184636070892e+00,6.424733935622429781e-01,7.991720624945448659e-01,1.428571428571428492e-01,5.000000000000000000e-01,3.720450628204317933e+00,1.666666666666666574e-01,3.333333333333333148e-01,3.689587497601731769e+00
6.013000017927192675e+04,1.860320816620020246e+00,4.392356889820070442e-02,2.025839934729234404e+00,2.490203108460100623e+00,5.046189052010175979e-01,5.570411461681267218e-01,9.523809523809523281e-02,5.000000000000000000e-01,4.143096975391370229e+00,1.250000000000000000e-01,3.333333333333333148e-01,3.993897577268485488e+00
6.014000017930173635e+04,1.151847137423716250e+00,5.071201978958495699e-02,5.872732630732910852e-01,1.574770910780725730e+00,1.153171972241833210e-01,3.285082998695204592e-01,5.238095238095238360e-01,6.666666666666666297e-01,3.328527580580557199e+00,1.250000000000000000e-01,3.333333333333333148e-01,3.698945329454065511e+00
6.015000017933155323e+04,1.170024265843154998e+00,5.937643347244743464e-02,1.192541634127596284e+00,1.887655328013699618e+00,4.800966987712997902e-01,5.004981836166658704e-01,4.761904761904761640e-01,5.000000000000000000e-01,3.720160266073506694e+00,1.666666666666666574e-01,1.666666666666666574e-01,3.422071613478586904e+00
6.016000017936137010e+04,1.571305022373205684e+00,6.058260818936252179e-02,1.955642431042845297e+00,2.291662696713038461e+00,3.925976191088409450e-01,1.152879389490684831e-01,2.857142857142856984e-01,5.000000000000000000e-01,3.894049576463741058e+00,1.250000000000000000e-01,3.333333333333333148e-01,3.533922399716461271e+00
6.017000017939117970e+04,2.406708519063938123e+00,7.419709584692486815e-02,1.679750575830811776e+00,3.156637395560373704e+00,5.223346733132808728e-01,2.730814781561133331e-01,3.809523809523809312e-01,8.333333333333333703e-01,3.688142328490354060e+00,8.333333333333332871e-02,3.333333333333333148e-01,3.949810177328392680e+00
6.018000017942099657e+04,1.725338041724943983e+00,9.139489235266480549e-02,1.897542567652727108e+00,2.097910612263707897e+00,3.257217597285592681e-01,5.170750669708785718e-01,3.809523809523809312e-01,5.000000000000000000e-01,3.840387054763109820e+00,1.250000000000000000e-01,3.333333333333333148e-01,3.870480842972015445e+00
6.019000017945080617e+04,1.335927546383383957e+00,6.363241823735969749e-02,1.045349088834770290e+00,2.305492409979631230e+00,4.953927762799125167e-01,1.587153861041688818e-01,4.285714285714285476e-01,6.666666666666666297e-01,3.932960000154942737e+00,1.250000000000000000e-01,3.333333333333333148e-01,3.915211429917673680e+00
6.020000017948062305e+04,1.981151960508646059e+00,4.201957294171974888e-02,1.736913934667207782e+00,2.546081888657253600e+00,3.742166364809222934e-01,1.512875171067635804e-01,3.333333333333333148e-01,6.666666666666666297e-01,3.658528905264428754e+00,1.250000000000000000e-01,3.333333333333333148e-01,4.017067090126037243e+00
6.021000017951043992e+04,1.030387102711875391e+00,6.554183030764999807e-02,9.122361192122204754e-01,2.189977672293594857e+00,4.040678200945262977e-01,4.787651092514760287e-01,4.761904761904761640e-01,8.333333333333333703e-01,3.848091054058354388e+00,0.000000000000000000e+00,1.666666666666666574e-01,4.131841913125133381e+00
6.022000017954024952e+04,1.977657461465662347e+00,3.134619587538900465e-02,1.452631861778329148e+00,2.043783563991403707e+00,4.216265850164440665e-01,3.585402037465274527e-01,4.761904761904761640e-01,6.666666666666666297e-01,3.628426233059922179e+00,1.250000000000000000e-01,3.333333333333333148e-01,3.727243769322762024e+00
6.023000017957006639e+04,1.623390575882851961e+00,7.070762775818199841e-02,1.211150393925049640e+00,2.230220929116123241e+00,4.537210007417936120e-01,2.764635234632023542e-01,5.238095238095238360e-01,6.666666666666666297e-01,3.590757075624140704e+00,8.333333333333332871e-02,3.333333333333333148e-01,3.930285514726038709e+00
6.024000017959987599e+04,1.434730340946565708e+00,7.257025715865136895e-02,5.418531956300739472e-01,1.956949794745760585e+00,6.168842349390705193e-01,8.176009051953960771e-01,4.285714285714285476e-01,6.666666666666666297e-01,3.828158218716927852e+00,4.166666666666666435e-02,3.333333333333333148e-01,4.146031703205320440e+00
6.025000017962969287e+04,1.883591964009937891e+00,6.316509713828277750e-02,1.174137226275278723e+00,2.224658761950698338e+00,3.652861780105468581e-01,3.720029968506931017e-01,3.809523809523809312e-01,5.000000000000000000e-01,3.838181490414406483e+00,1.250000000000000000e-01,3.333333333333333148e-01,3.924575380416084336e+00
6.026000017965950974e+04,2.428379379263035709e+00,3.494866574616044275e-02,1.882391660317837889e+00,3.096886839547100312e+00,6.986687036439838128e-01,6.251248526152304308e-01,1.904761904761904656e-01,5.000000000000000000e-01,3.946304983396451416e+00,4.166666666666666435e-02,3.333333333333333148e-01,4.206632697249395036e+00
6.027000017968931934e+04,2.379889803103580004e+00,5.675758276423120002e-02,1.544408583980159122e+00,2.703642778188612539e+00,3.174900820709815052e-01,3.147131769907985377e-01,1.904761904761904656e-01,5.000000000000000000e-01,3.762568395263658605e+00,1.250000000000000000e-01,3.333333333333333148e-01,3.817456858854779256e+00
6.028000017971913621e+04,1.461194829112413052e+00,5.124807276634166242e-02,1.794706742095043106e+00,2.959300636444667010e+00,5.770182546762488984e-01,6.714435140241302724e-01,4.761904761904761640e-01,8.333333333333333703e-01,3.754716512835921893e+00,1.250000000000000000e-01,3.333333333333333148e-01,3.934918861590438244e+00
6.029000017974895309e+04,9.445749694584067990e-01,5.711066676073278670e-02,4.564490971419276066e-01,1.870549943225494838e+00,8.558811228966370366e-02,4.241018211670059546e-01,5.714285714285713969e-01,1.000000000000000000e+00,3.659314679985747887e+00,8.333333333333332871e-02,3.333333333333333148e-01,3.735689829743875201e+00
6.030000017977876269e+04,1.953682740643810645e+00,6.267734824631959745e-02,1.251650520762036312e+00,2.284727541853944999e+00,4.498426942061976019e-01,3.007648446909164663e-01,2.857142857142856984e-01,6.666666666666666297e-01,3.847057494565136349e+00,1.250000000000000000e-01,3.333333333333333148e-01,3.478372753022317632e+00
6.031000017980857956e+04,1.723454822196149205e+00,5.484153806764076322e-02,1.101944564123640502e+00,2.327050320169773645e+00,4.768952088504628817e-01,5.933107392953240744e-01,2.857142857142856984e-01,5.000000000000000000e-01,4.090211889331324180e+00,1.250000000000000000e-01,3.333333333333333148e-01,3.707788143344994403e+00
6.032000017983838916e+04,1.753277944001246924e+00,4.680312353593274466e-02,1.717655786303781795e+00,2.610618343505777705e+00,2.001761425071138245e-01,5.073983734718577887e-01,4.285714285714285476e-01,6.666666666666666297e-01,3.705479903810841691e+00,1.250000000000000000e-01,3.333333333333333148e-01,3.823251266087700273e+00
6.033000017986820603e+04,5.884300360505082539e-01,4.542388562766713767e-02,1.074772183928130564e+00,1.950931605544162117e+00,3.224839571621082035e-01,5.962674722470077127e-01,5.238095238095238360e-01,8.333333333333333703e-01,3.884017265530348428e+00,1.250000000000000000e-01,3.333333333333333148e-01,3.703132482637852885e+00
6.034000017989802291e+04,1.280708013084300712e+00,6.396585656304212830e-02,1.474784652804387086e+00,1.877215723346019383e+00,4.487378184779124424e-01,6.017925087907847193e-01,3.333333333333333148e-01,6.666666666666666297e-01,3.828294933328910243e+00,1.250000000000000000e-01,3.333333333333333148e-01,3.726759735680870378e+00
6.035000017992783251e+04,1.989384663684894639e+00,7.334343581510856247e-02,1.765099659679555399e+00,1.864569118155378069e+00,2.050907271198815773e-01,1.950113513582039382e-01,3.809523809523809312e-01,6.666666666666666297e-01,3.590069924802001822e+00,1.250000000000000000e-01,3.333333333333333148e-01,3.748970368993230551e+00
6.036000017995764938e+04,1.634451499516398565e+00,4.672386796256058905e-02,1.204917959436955455e+00,1.664961421468909464e+00,2.655766104332816790e-01,5.305940831417467196e-01,4.285714285714285476e-01,8.333333333333333703e-01,3.392682510502116777e+00,1.250000000000000000e-01,3.333333333333333148e-01,3.611358289116730180e+00
6.037000017998745898e+04,1.134381093724141865e+00,5.091781972632261621e-02,4.011936457390362087e-01,1.591476964170901232e+00,3.485238222706857902e-01,2.744495698694602304e-01,5.238095238095238360e-01,8.333333333333333703e-01,3.516096625589356428e+00,4.166666666666666435e-02,3.333333333333333148e-01,3.523849277290511228e+00
6.038000018001727585e+04,2.035226541078755336e+00,5.077256913036534702e-02,2.327862593360950694e+00,2.785874028191151375e+00,3.417424047845354362e-01,3.983338619631522914e-01,3.809523809523809312e-01,5.000000000000000000e-01,3.593772329730632098e+00,1.250000000000000000e-01,3.333333333333333148e-01,3.608644322800155901e+00
6.039000018004709273e+04,1.710738205493890662e+00,6.406540553529448123e-02,2.676653919070493437e+00,4.019252134878014360e+00,5.183859809457533885e-01,7.292687915717275260e-01,3.809523809523809312e-01,5.000000000000000000e-01,4.023314889375575021e+00,8.333333333333332871e-02,3.333333333333333148e-01,3.841871292474393851e+00
6.040000018007690232e+04,1.486021305863087560e+00,5.912193886517804614e-02,1.359889524394662264e+00,2.333402482060151772e+00,4.858518551807069485e-01,4.712992653513867758e-01,3.809523809523809312e-01,8.333333333333333703e-01,3.685575433286856217e+00,1.250000000000000000e-01,3.333333333333333148e-01,3.914496206619300089e+00
6.041000018010671920e+04,6.824866465295298390e-01,4.616030358032049974e-02,1.289475835446038721e+00,2.506811454652120741e+00,5.715879743060757745e-01,5.162505130378882701e-01,6.666666666666666297e-01,1.000000000000000000e+00,3.388409138930052578e+00,4.166666666666666435e-02,3.333333333333333148e-01,4.245059279697744437e+00
6.042000018013652880e+04,1.721575233008552974e+00,6.222510777705198004e-02,8.614840811129383935e-01,2.164669150977463374e+00,4.119016640563750720e-01,3.699615436883254005e-01,2.380952380952380820e-01,6.666666666666666297e-01,3.931411323433285254e+00,8.333333333333332871e-02,3.333333333333333148e-01,3.723124119609732663e+00
6.043000018016634567e+04,9.529247265491763708e-01,5.515479290411264696e-02,1.149521591514583108e+00,1.904739308432382039e+00,5.352591481711453936e-01,3.185076163513523850e-01,7.142857142857143016e-01,1.000000000000000000e+00,3.564683698855100946e+00,4.166666666666666435e-02,3.333333333333333148e-01,4.064704343793676067e+00
6.044000018019616255e+04,1.132645401817220066e+00,5.656213766809597976e-02,1.763197298590900131e+00,2.943801392645853277e+00,4.684347995148800403e-01,6.709663151324444241e-01,5.714285714285713969e-01,1.000000000000000000e+00,3.755477886144194866e+00,4.166666666666666435e-02,3.333333333333333148e-01,3.964648570701650776e+00
6.045000018022597214e+04,9.276372156838730287e-01,5.422403891322320063e-02,6.761561499415853493e-01,1.604353393007845519e+00,6.134558689413033283e-01,5.193644104336412326e-01,5.714285714285713969e-01,8.333333333333333703e-01,3.761205814477905918e+00,8.333333333333332871e-02,3.333333333333333148e-01,3.685283844302107426e+00
6.046000018025578902e+04,1.088396188058631253e+00,5.403716849933391103e-02,1.382875447962426341e+00,1.977668656940716030e+00,6.841056105787667319e-01,5.066194492436837393e-01,6.666666666666666297e-01,8.333333333333333703e-01,3.594531279095393383e+00,4.166666666666666435e-02,3.333333333333333148e-01,3.951386966422365088e+00
6.047000018028560589e+04,1.188126215020399723e+00,8.050558097049832773e-02,8.264048712632012794e-01,1.571386513177642108e+00,5.062433450868557561e-01,4.340789308413576797e-01,5.238095238095238360e-01,8.333333333333333703e-01,3.512642154453356813e+00,4.166666666666666435e-02,3.333333333333333148e-01,3.367611833063928195e+00
6.048000018031541549e+04,7.967887067744527929e-01,7.141739130340447883e-02,6.873675841601002423e-01,1.690964430137513297e+00,4.257852400907453649e-01,2.288347581424412802e-01,3.809523809523809312e-01,1.000000000000000000e+00,3.580744515894684454e+00,4.166666666666666435e-02,3.333333333333333148e-01,4.138541434278253384e+00
6.049000018034523237e+04,1.031389344666940877e+00,7.875545074645251553e-02,7.508763280245476235e-01,1.506497556914300207e+00,6.590063046497133259e-01,5.365776138989349908e-01,6.666666666666666297e-01,8.333333333333333703e-01,3.511966354765152509e+00,4.166666666666666435e-02,3.333333333333333148e-01,3.511966354765152509e+00
6.050000018037504196e+04,1.062863265964989035e+00,3.732070081852437160e-02,9.712434980051728450e-01,1.810736267118104870e+00,8.465066971607925206e-01,7.209676000976901200e-01,6.666666666666666297e-01,1.000000000000000000e+00,3.815214069278912490e+00,0.000000000000000000e+00,1.666666666666666574e-01,3.946407926621923856e+00
6.051000018040485884e+04,1.505162960323276344e+00,6.110275506972005083e-02,1.308439782329809065e+00,1.987171550331451320e+00,9.002046823642007034e-01,7.926998946086557529e-01,6.190476190476190688e-01,8.333333333333333703e-01,3.731588267540263626e+00,0.000000000000000000e+00,1.666666666666666574e-01,4.028058820746753810e+00
6.052000018043467571e+04,1.151813895575935387e+00,6.324720523307354736e-02,1.133881177508514471e+00,1.545417180858192907e+00,8.935641734693426930e-01,7.817887442886222171e-01,4.285714285714285476e-01,6.666666666666666297e-01,3.901153716308197517e+00,0.000000000000000000e+00,1.666666666666666574e-01,3.901153716308197517e+00
6.053000018046448531e+04,9.637257646401513611e-01,6.211659872729306114e-02,8.321214571863844167e-01,1.877411656877712831e+00,7.167386848774479624e-01,6.153461930532434510e-01,5.714285714285713969e-01,1.000000000000000000e+00,3.754967066652771024e+00,4.166666666666666435e-02,3.333333333333333148e-01,3.823185204466986509e+00
6.054000018049430219e+04,1.186996125756920151e+00,6.179017306693621731e-02,9.893238291763539749e-01,1.942593112568000935e+00,6.267322276239546408e-01,4.609307481162757680e-01,5.714285714285713969e-01,1.000000000000000000e+00,3.828865467032314118e+00,0.000000000000000000e+00,1.666666666666666574e-01,3.861757790660227396e+00
6.055000018052411178e+04,1.288326668159982535e+00,5.581699335095237358e-02,1.176997926947976669e+00,1.347200612097747774e+00,8.283052129675249065e-01,5.662292099924167710e-01,6.666666666666666297e-01,8.333333333333333703e-01,3.371862440660593485e+00,0.000000000000000000e+00,1.666666666666666574e-01,3.371862440660593485e+00
6.056000018055392866e+04,9.988798579109590126e-01,5.509077710322755894e-02,1.953053651446754246e+00,1.919726776363671172e+00,6.828208915392456335e-01,6.420440299763983116e-01,6.190476190476190688e-01,8.333333333333333703e-01,3.610105603474344615e+00,4.166666666666666435e-02,3.333333333333333148e-01,3.914780814202441395e+00
6.057000018058374553e+04,1.141138059030919250e+00,6.100114008584735237e-02,1.683184696320086493e+00,1.249131746711125368e+00,7.151192882293383457e-01,5.660422643324998226e-01,5.238095238095238360e-01,1.000000000000000000e+00,3.720196546442652963e+00,8.333333333333332871e-02,3.333333333333333148e-01,4.223131483036615563e+00
6.058000018061355513e+04,1.065948435890939683e+00,6.736940321993720171e-02,1.512268732487917822e+00,1.537727154603151680e+00,7.009707340867814551e-01,5.894895623377425231e-01,4.761904761904761640e-01,8.333333333333333703e-01,3.603248799731058050e+00,0.000000000000000000e+00,1.666666666666666574e-01,3.851274072880019439e+00
6.059000018064337200e+04,1.309869136809115098e+00,6.017784991370466602e-02,9.784090296506268158e-01,1.652081473041260296e+00,9.413254022209543992e-01,8.318447259373696889e-01,4.285714285714285476e-01,8.333333333333333703e-01,3.646946180774759405e+00,4.166666666666666435e-02,3.333333333333333148e-01,3.595008839054500083e+00
6.060000018067318888e+04,1.068667764800866005e+00,4.261225904598542336e-02,5.503640661547983814e-01,1.479120464274387592e+00,9.791810199816697313e-01,9.450824705672593584e-01,5.714285714285713969e-01,1.000000000000000000e+00,3.652362116577877238e+00,8.333333333333332871e-02,3.333333333333333148e-01,3.769860090182332257e+00
6.061000018070299848e+04,9.006338035336515224e-01,6.323023507027447643e-02,7.331078567341480223e-01,1.301204114177657134e+00,3.895202857972769328e-01,3.762642525781028091e-01,6.190476190476190688e-01,6.666666666666666297e-01,3.494110388113051968e+00,4.166666666666666435e-02,3.333333333333333148e-01,3.543297889158367742e+00
6.062000018073281535e+04,5.648522586696993475e-01,3.143278654666311484e-02,7.500649423508318758e-01,2.136273073176923276e+00,7.281887099845669731e-01,5.857850361070823242e-01,6.190476190476190688e-01,1.000000000000000000e+00,3.611548305845885931e+00,8.333333333333332871e-02,3.333333333333333148e-01,3.776321548046116749e+00
6.063000018076262495e+04,1.160168113724057593e+00,5.635540610259968247e-02,9.104676080630903501e-01,2.379373800035688991e+00,7.869674153295056485e-01,6.883164086911316426e-01,6.666666666666666297e-01,1.000000000000000000e+00,3.626296939649407136e+00,4.166666666666666435e-02,3.333333333333333148e-01,3.567559809208050492e+00
6.064000018079244182e+04,1.314216998805668002e+00,4.602397153956674924e-02,9.230790024414269324e-01,1.783493016828822997e+00,5.642858960569480109e-01,2.306757237948873218e-01,4.761904761904761640e-01,8.333333333333333703e-01,3.515193687647539811e+00,4.166666666666666435e-02,3.333333333333333148e-01,3.515193687647539811e+00
6.065000018082225870e+04,1.402811940099377930e+00,6.476740017422491502e-02,9.770737201515236059e-01,1.517792118897894671e+00,6.455301395286273669e-01,4.250964624097802180e-01,5.238095238095238360e-01,8.333333333333333703e-01,3.766170125373733857e+00,0.000000000000000000e+00,1.666666666666666574e-01,3.549193959868211845e+00
6.066000018085206830e+04,1.544861470765038547e+00,4.199767183483070487e-02,2.001463267641138355e+00,1.884416691090323726e+00,7.507064750450049839e-01,4.968595987880537468e-01,5.238095238095238360e-01,6.666666666666666297e-01,3.478278447160146225e+00,4.166666666666666435e-02,3.333333333333333148e-01,3.613153731730969209e+00
6.067000018088188517e+04,1.508390743651464305e+00,4.469948271330168726e-02,1.009673609930307192e+00,2.691610366837411394e+00,9.682192370919217028e-01,7.105532321946227414e-01,5.714285714285713969e-01,8.333333333333333703e-01,3.791802883157868731e+00,0.000000000000000000e+00,1.666666666666666574e-01,3.950865690688242005e+00
6.068000018091169477e+04,1.340121598027566030e+00,9.091763181694199891e-02,1.188602723874974565e+00,1.623719606142455474e+00,1.045739388589691288e+00,8.818586698347281594e-01,5.714285714285713969e-01,8.333333333333333703e-01,3.662755679124273467e+00,4.166666666666666435e-02,3.333333333333333148e-01,3.662755679124273467e+00
6.069000018094151164e+04,1.642486620715612800e+00,6.694847904800861615e-02,1.343216514372889581e+00,2.133018969608728277e+00,4.669231222710495399e-01,3.902487400322943167e-01,3.809523809523809312e-01,6.666666666666666297e-01,3.674008866146304175e+00,4.166666666666666435e-02,3.333333333333333148e-01,3.862887868264208269e+00
6.070000018097132852e+04,1.216059108987994852e+00,6.289672962163767034e-02,6.368663093961419719e-01,1.351007376871457666e+00,6.914688118317011689e-01,5.232989045159627262e-01,5.238095238095238360e-01,6.666666666666666297e-01,3.725581354584576399e+00,4.166666666666666435e-02,3.333333333333333148e-01,3.690646510254517842e+00
6.071000018100113812e+04,1.110399367669924420e+00,5.983981575502968220e-02,1.246573562002852631e+00,1.740290501686576841e+00,6.647309537126180334e-01,6.060030636784110580e-01,7.142857142857143016e-01,8.333333333333333703e-01,3.728986953686296069e+00,4.166666666666666435e-02,3.333333333333333148e-01,3.408326111771576628e+00
6.072000018103095499e+04,9.485073667548382659e-01,6.536463127096940606e-02,8.061493984529185530e-01,1.425356627789176933e+00,2.488322433397709421e-01,3.276886868118588647e-01,5.238095238095238360e-01,8.333333333333333703e-01,3.635004666366405957e+00,1.666666666666666574e-01,3.333333333333333148e-01,3.500215591450679842e+00
6.073000018106076459e+04,9.502836143071714536e-01,6.227432325085225512e-02,1.458967125193897152e+00,2.063749617582342211e+00,4.553630321588186813e-01,3.324585272361512134e-01,6.190476190476190688e-01,1.000000000000000000e+00,3.718954629214230589e+00,0.000000000000000000e+00,1.666666666666666574e-01,3.652681971611686507e+00
6.074000018109058146e+04,8.717878081156230641e-01,3.853101742461944451e-02,7.727115759486309354e-01,2.012541685295318405e+00,1.932075216050378463e-01,2.364783247371595176e-01,5.238095238095238360e-01,1.000000000000000000e+00,3.850664937218841288e+00,4.166666666666666435e-02,3.333333333333333148e-01,3.713042597990544369e+00
6.075000018112039834e+04,9.913650518214784935e-01,6.616589768464813115e-02,6.293441955116537700e-01,1.343857089263422289e+00,4.983780957199513972e-01,3.612189884891987002e-01,4.761904761904761640e-01,6.666666666666666297e-01,3.664542077014049770e+00,8.333333333333332871e-02,3.333333333333333148e-01,3.814833166387624264e+00
6.076000018115020794e+04,9.556235847667190475e-01,6.410491039955942827e-02,7.108077835554661439e-01,1.681336517320563884e+00,3.657597060901106034e-01,3.322001871784970306e-01,4.285714285714285476e-01,8.333333333333333703e-01,3.668036147868638075e+00,8.333333333333332871e-02,3.333333333333333148e-01,3.742380724836282813e+00
6.077000018118002481e+04,1.050622148490312657e+00,5.162964442514273583e-02,7.043871252454092513e-01,1.441281134602958591e+00,9.492087634506278793e-01,7.586045071126750194e-01,3.333333333333333148e-01,8.333333333333333703e-01,3.918609754147474256e+00,4.166666666666666435e-02,3.333333333333333148e-01,3.826284682211217980e+00
6.078000018120984168e+04,1.235271960275389436e+00,5.802382392230153590e-02,8.412226622694118916e-01,1.606908425761544912e+00,4.177821427726121639e-01,4.570148717920304859e-01,2.380952380952380820e-01,8.333333333333333703e-01,3.721794356336364906e+00,4.166666666666666435e-02,3.333333333333333148e-01,3.599320838234757680e+00
6.079000018123965128e+04,1.386252697253170574e+00,5.410560273217902838e-02,1.010827643705030310e+00,1.605190483408559521e+00,8.467794858212036591e-01,5.970352379069133741e-01,2.857142857142856984e-01,8.333333333333333703e-01,3.897024264019867346e+00,8.333333333333332871e-02,3.333333333333333148e-01,3.769469498431069709e+00
6.080000018126946816e+04,1.857711831742784536e+00,8.117996685352504849e-02,1.556173347741706348e+00,2.087939341895046486e+00,1.168123045143004690e+00,1.036368942642351465e+00,4.761904761904761640e-01,6.666666666666666297e-01,3.547408248612845316e+00,4.166666666666666435e-02,3.333333333333333148e-01,3.673601552553829031e+00
6.081000018129927776e+04,8.487827246317929397e-01,5.866786430212053705e-02,9.056252370029982401e-01,1.756671194224808108e+00,6.567272785903280896e-01,5.796602027529071943e-01,5.238095238095238360e-01,8.333333333333333703e-01,3.810865633278937459e+00,4.166666666666666435e-02,3.333333333333333148e-01,3.848916036196779800e+00
6.082000018132909463e+04,1.447426955151298822e+00,5.089736677120892255e-02,9.608328277603115364e-01,1.925294122401506325e+00,9.308585168181462421e-01,8.227756808207803418e-01,6.190476190476190688e-01,8.333333333333333703e-01,3.664985386007383550e+00,0.000000000000000000e+00,1.666666666666666574e-01,3.671592847347360244e+00
6.083000018135891150e+04,1.089701697109141998e+00,7.545190279733658689e-02,1.554680976228095979e+00,1.839261017075151772e+00,6.576197274231269096e-01,5.878385716575768027e-01,5.238095238095238360e-01,1.000000000000000000e+00,3.787066515922818510e+00,4.166666666666666435e-02,3.333333333333333148e-01,3.691550623971218137e+00
6.084000018138872110e+04,2.168637488450050999e+00,5.839907736899065810e-02,1.536002807787684166e+00,2.164623372426059955e+00,9.293786136925240582e-01,7.897377134203912297e-01,3.333333333333333148e-01,6.666666666666666297e-01,3.504619899782957404e+00,8.333333333333332871e-02,3.333333333333333148e-01,3.504619899782957404e+00
6.085000018141853798e+04,1.492612434018620426e+00,6.044461375973702449e-02,1.250225187261421622e+00,1.918916776574574934e+00,7.665918797455166800e-01,6.164765411338584133e-01,5.714285714285713969e-01,8.333333333333333703e-01,3.568252429142571014e+00,8.333333333333332871e-02,3.333333333333333148e-01,3.795406920777124604e+00
6.086000018144834758e+04,1.611223899331805320e+00,6.027762149476258852e-02,1.037029510936193777e+00,1.326910146872641416e+00,7.118628013297022550e-01,5.408008451285867269e-01,1.904761904761904656e-01,5.000000000000000000e-01,3.642412569958113355e+00,8.333333333333332871e-02,3.333333333333333148e-01,3.602113246438003902e+00
6.087000018147816445e+04,1.212047376406218957e+00,5.985517899534984615e-02,6.769060879092877459e-01,1.498271201384003382e+00,5.328970931879213335e-01,4.297717091514171583e-01,5.714285714285713969e-01,8.333333333333333703e-01,3.462702011153999671e+00,8.333333333333332871e-02,3.333333333333333148e-01,3.741691086375506181e+00
6.088000018150798132e+04,1.531711202669021166e+00,5.599710772930729247e-02,1.250654350965195283e+00,1.662773867545476181e+00,1.096213842062011112e+00,9.285439333798118922e-01,5.238095238095238360e-01,6.666666666666666297e-01,3.762443266098635775e+00,4.166666666666666435e-02,3.333333333333333148e-01,3.761019388537480523e+00
6.089000018153779092e+04,1.436902026109124320e+00,4.992706420235005355e-02,9.922535474929843335e-01,1.513067221337992541e+00,3.355011714338151374e-01,2.896988998420858552e-01,4.285714285714285476e-01,6.666666666666666297e-01,3.795284275664143614e+00,1.250000000000000000e-01,3.333333333333333148e-01,3.826311342309711705e+00
6.090000018156760780e+04,1.887557658307664532e+00,5.544492925556284563e-02,1.111745936965125914e+00,1.852891063179034514e+00,7.393053148727749546e-01,5.934330549764157414e-01,3.809523809523809312e-01,6.666666666666666297e-01,3.710999016494574754e+00,4.166666666666666435e-02,3.333333333333333148e-01,3.781335987467193682e+00
6.091000018159742467e+04,1.797585029602808859e+00,4.975610365507792537e-02,9.760372036626846493e-01,1.077075363484199855e+00,1.278930422706406222e+00,1.147016760096532195e+00,5.714285714285713969e-01,8.333333333333333703e-01,3.534593746798520453e+00,4.166666666666666435e-02,3.333333333333333148e-01,3.534593746798520453e+00
6.092000018162723427e+04,1.697170744453758040e+00,4.557710407071973585e-02,1.224404428033940784e+00,1.402524919371315626e+00,1.087201200123818490e+00,8.502144688855851618e-01,5.714285714285713969e-01,6.666666666666666297e-01,3.426507592803084812e+00,8.333333333333332871e-02,3.333333333333333148e-01,3.482408215265213158e+00
6.093000018165705114e+04,1.075378472625555748e+00,6.288825011207480054e-02,6.451526321086346050e-01,1.166503860761318956e+00,7.791683688039318101e-01,7.194345921129252641e-01,5.714285714285713969e-01,8.333333333333333703e-01,3.804579838115202062e+00,0.000000000000000000e+00,1.666666666666666574e-01,4.300471356510463750e+00
6.094000018168686074e+04,1.554580677618852214e+00,7.487921970705364860e-02,1.127735046805160124e+00,1.852803788447536792e+00,4.950873964491338541e-01,5.066080570542464967e-01,4.761904761904761640e-01,5.000000000000000000e-01,3.418652809204324683e+00,4.166666666666666435e-02,3.333333333333333148e-01,3.565754891583423181e+00
6.095000018171667762e+04,1.471041003756718091e+00,7.780955420286041202e-02,7.932923330148463625e-01,1.125129764195245352e+00,8.662742456474563646e-01,7.261675983096276266e-01,5.238095238095238360e-01,8.333333333333333703e-01,3.764619587987435789e+00,4.166666666666666435e-02,3.333333333333333148e-01,4.117652645493832253e+00
6.096000018174649449e+04,1.395880140929028235e+00,7.228119336755758906e-02,8.523006095746051836e-01,1.884428068218246377e+00,1.238080781635294558e+00,1.174792542339881063e+00,3.333333333333333148e-01,1.000000000000000000e+00,3.819001687330313199e+00,0.000000000000000000e+00,1.666666666666666574e-01,3.748804877624334342e+00
6.097000018177630409e+04,1.589171087436694885e+00,7.232927573607435268e-02,9.197772123078177264e-01,1.647178783767652144e+00,1.419504919450363722e+00,1.290061852319884128e+00,3.809523809523809312e-01,8.333333333333333703e-01,3.621190803651937351e+00,0.000000000000000000e+00,1.666666666666666574e-01,3.621190803651937351e+00
6.098000018180612096e+04,8.469426370984274310e-01,5.572954841497546052e-02,1.631977374653757584e+00,1.440092230688008623e+00,7.572458490476196014e-01,6.889676291143417286e-01,3.809523809523809312e-01,1.000000000000000000e+00,3.528278939256914271e+00,4.166666666666666435e-02,3.333333333333333148e-01,3.766089729348629511e+00
6.099000018183593056e+04,1.273948723875511613e+00,7.373759885489596100e-02,9.775042159206529524e-01,1.605624944915784447e+00,9.640031043583097148e-01,8.426774879732169543e-01,3.333333333333333148e-01,8.333333333333333703e-01,3.622411830807061861e+00,0.000000000000000000e+00,1.666666666666666574e-01,3.504125172462376092e+00
6.100000018186574744e+04,1.234650531028239184e+00,8.385034051984288639e-02,9.134809960736477441e-01,1.346226387287756232e+00,3.769620911718057910e-01,3.555638088932197571e-01,3.333333333333333148e-01,1.000000000000000000e+00,3.639697038719380995e+00,8.333333333333332871e-02,3.333333333333333148e-01,3.639697038719380995e+00
6.101000018189556431e+04,9.431038848670038055e-01,6.871297580235768976e-02,8.448662166795372075e-01,1.604072692803793609e+00,6.975463085687132470e-01,8.301659826714493651e-01,4.761904761904761640e-01,8.333333333333333703e-01,3.617944656812207338e+00,0.000000000000000000e+00,1.666666666666666574e-01,3.363985434093113014e+00
6.102000018192537391e+04,1.239879621236280816e+00,5.808207995955858710e-02,6.734594579695992733e-01,1.027223054856588602e+00,4.083755129476513979e-01,1.179825358590488454e-01,6.190476190476190688e-01,8.333333333333333703e-01,3.616061863046399427e+00,1.250000000000000000e-01,3.333333333333333148e-01,3.385194217986934095e+00
6.103000018195519078e+04,8.312838890764528976e-01,5.628162216892047820e-02,7.134404587428248012e-01,1.660083591785105339e+00,2.993360082193438632e-01,3.008602895836036129e-01,3.809523809523809312e-01,8.333333333333333703e-01,3.875878630294423477e+00,4.166666666666666435e-02,3.333333333333333148e-01,4.208836329311096414e+00
6.104000018198500038e+04,1.451789873505572759e+00,6.428827025472451384e-02,1.072545974801862867e+00,1.527397143259553225e+00,6.428035448824980236e-01,5.139361230389820623e-01,4.761904761904761640e-01,8.333333333333333703e-01,3.451116340537622396e+00,8.333333333333332871e-02,3.333333333333333148e-01,3.451116340537622396e+00
6.105000018201481726e+04,1.915414278143316773e+00,5.412200568422552427e-02,1.278239618061719041e+00,2.017581015743870942e+00,7.574687024874263708e-01,5.959150437594650240e-01,5.238095238095238360e-01,8.333333333333333703e-01,3.387941133649662540e+00,4.166666666666666435e-02,3.333333333333333148e-01,3.387941133649662540e+00
6.106000018204463413e+04,1.584069546785236371e+00,6.097116875445148659e-02,1.126642789682057444e+00,1.465298643600391193e+00,8.171762017193328065e-01,7.223143182052615963e-01,4.761904761904761640e-01,6.666666666666666297e-01,3.860654328293332327e+00,4.166666666666666435e-02,3.333333333333333148e-01,3.727177421175949412e+00
6.107000018207444373e+04,1.358099021019972374e+00,5.593608000307159073e-02,9.933861906734103853e-01,1.595140021183287793e+00,9.454214733956661787e-01,9.064679236408162977e-01,5.714285714285713969e-01,6.666666666666666297e-01,3.567288879163382997e+00,0.000000000000000000e+00,1.666666666666666574e-01,3.595891870770942855e+00
6.108000018210426060e+04,1.629123694689817992e+00,5.760493447614090101e-02,1.412942337268037196e+00,1.450243887414070398e+00,6.582944491772662055e-01,4.259810189630143240e-01,4.761904761904761640e-01,6.666666666666666297e-01,3.615825569754469448e+00,8.333333333333332871e-02,3.333333333333333148e-01,3.709846435669085896e+00
6.109000018213407748e+04,9.470676900872323500e-01,4.894037186056994504e-02,1.055867655642251712e+00,2.196575587533395879e+00,6.681194149149090045e-01,4.396883654430340793e-01,3.809523809523809312e-01,8.333333333333333703e-01,3.719987943918575457e+00,4.166666666666666435e-02,3.333333333333333148e-01,3.634607591976706686e+00
6.110000018216388708e+04,1.123668646284092798e+00,6.652737366563267474e-02,6.335207524411873292e-01,1.626784449591116566e+00,4.583444330440255010e-01,2.259968665031420187e-01,5.714285714285713969e-01,8.333333333333333703e-01,3.564268693413012556e+00,4.166666666666666435e-02,3.333333333333333148e-01,3.748930606424103917e+00
6.111000018219370395e+04,2.089643060587855317e+00,7.925644742469008242e-02,1.029887736879496751e+00,1.423706308382338692e+00,7.543396820261181190e-01,5.831087429379749887e-01,3.809523809523809312e-01,6.666666666666666297e-01,3.636574993149543022e+00,8.333333333333332871e-02,3.333333333333333148e-01,3.453050772577769489e+00
6.112000018222351355e+04,1.527515960151894392e+00,5.735790221395873495e-02,6.793286531610077672e-01,1.567131300758646262e+00,7.036262395337158360e-01,5.282106137456871187e-01,4.761904761904761640e-01,8.333333333333333703e-01,3.693587170037892164e+00,4.166666666666666435e-02,3.333333333333333148e-01,3.634147317734397920e+00
6.113000018225333042e+04,1.219496685730193208e+00,7.818498380728282349e-02,2.088719101167940906e+00,2.578940742606464998e+00,6.550128868254135872e-01,5.721276507407369039e-01,5.714285714285713969e-01,8.333333333333333703e-01,3.595190935970432378e+00,4.166666666666666435e-02,3.333333333333333148e-01,3.952721030672549318e+00
6.114000018228314730e+04,1.721913845971871693e+00,9.055370934421165530e-02,8.851727313304121880e-01,1.553680504083073455e+00,9.498692570384575928e-01,7.744405815444341812e-01,4.285714285714285476e-01,5.000000000000000000e-01,3.528611619820041234e+00,4.166666666666666435e-02,3.333333333333333148e-01,3.664633916354259391e+00
6.115000018231295689e+04,1.511612269566055877e+00,3.835661672074364148e-02,7.683607818204090112e-01,1.689388804352174533e+00,1.287848615377929606e+00,1.127018580427608718e+00,6.190476190476190688e-01,6.666666666666666297e-01,3.690791609780720517e+00,4.166666666666666435e-02,3.333333333333333148e-01,3.670214459936275375e+00
6.116000018234277377e+04,1.358938262951259413e+00,5.975477616784836271e-02,1.061044937610609473e+00,1.583970318645212538e+00,1.006735036245881121e+00,9.407517026860582332e-01,3.333333333333333148e-01,6.666666666666666297e-01,3.797653972494997809e+00,0.000000000000000000e+00,1.666666666666666574e-01,3.797653972494997809e+00
6.117000018237258337e+04,2.009578706461790709e+00,8.421470215248685887e-02,1.758943918807087448e+00,2.270193019718877547e+00,1.167514678264530481e+00,1.040189186669278731e+00,5.238095238095238360e-01,8.333333333333333703e-01,3.712669135034444068e+00,0.000000000000000000e+00,1.666666666666666574e-01,3.666453418585566837e+00
6.118000018240240024e+04,1.322189181256432366e+00,7.403588401723683321e-02,6.731934467000646460e-01,1.491815903297049051e+00,9.936248702166864399e-01,8.774713828965058360e-01,4.761904761904761640e-01,1.000000000000000000e+00,3.600155378408086637e+00,4.166666666666666435e-02,3.333333333333333148e-01,3.411845175859088641e+00
6.119000018243221712e+04,8.549252431622960113e-01,5.577579912144157992e-02,8.882072138181918985e-01,1.512386816791481792e+00,3.325835935100600049e-01,4.127326606001430198e-01,4.285714285714285476e-01,8.333333333333333703e-01,3.703790453146257544e+00,4.166666666666666435e-02,3.333333333333333148e-01,3.670131950098711737e+00
6.120000018246202671e+04,1.108053522966641058e+00,7.289881579368370779e-02,7.431559861900903785e-01,1.550590753499494934e+00,5.695861871625660378e-01,5.074465916235041396e-01,6.190476190476190688e-01,8.333333333333333703e-01,3.509305903085886413e+00,8.333333333333332871e-02,3.333333333333333148e-01,3.572750519667223568e+00
6.121000018249184359e+04,1.155278241108914417e+00,5.590819063406404082e-02,4.123384920013460353e-01,1.348340891469115288e+00,6.514987921827566364e-01,4.239186531037788530e-01,4.285714285714285476e-01,8.333333333333333703e-01,3.578887776233604434e+00,8.333333333333332871e-02,3.333333333333333148e-01,3.867540821714980037e+00
6.122000018252166046e+04,1.596740353500442966e+00,7.801032014590540686e-02,1.286654063036144047e+00,1.476382445038177726e+00,5.902043905494716025e-01,3.804493612583683126e-01,5.714285714285713969e-01,8.333333333333333703e-01,3.335642948463766189e+00,1.250000000000000000e-01,3.333333333333333148e-01,3.628260131319749782e+00
6.123000018255147006e+04,1.212724369687099069e+00,5.237950420143427238e-02,6.537605930933628740e-01,1.866145426577799915e+00,2.727397664321595250e-01,3.294859497109490221e-01,4.285714285714285476e-01,6.666666666666666297e-01,3.543549249838236825e+00,8.333333333333332871e-02,3.333333333333333148e-01,3.678027928989710205e+00
6.124000018258128694e+04,1.003478607847526849e+00,4.882812638550740325e-02,1.295310598613496511e+00,1.844785393243677296e+00,4.639704676569939013e-01,3.237181476231217880e-01,6.190476190476190688e-01,1.000000000000000000e+00,3.521435706283737144e+00,4.166666666666666435e-02,3.333333333333333148e-01,3.871792684741555579e+00
6.125000018261109653e+04,1.218011715451092103e+00,5.251321589361695324e-02,1.605718576098430495e+00,1.561896031224965897e+00,9.293116472465670075e-01,7.639403252394078025e-01,5.714285714285713969e-01,8.333333333333333703e-01,3.659927414573221238e+00,8.333333333333332871e-02,3.333333333333333148e-01,3.672916440816891726e+00
6.126000018264091341e+04,1.947709425964691432e+00,7.199104613651839679e-02,1.722012394064342367e+00,2.118525129974189181e+00,8.000206015128412673e-01,6.093103513600254262e-01,5.714285714285713969e-01,8.333333333333333703e-01,3.491629042099962277e+00,8.333333333333332871e-02,3.333333333333333148e-01,3.368080157879206560e+00
6.127000018267073028e+04,1.278954921213674600e+00,5.223675445959227032e-02,1.147314907919042337e+00,1.508676016649460383e+00,7.333346241929314946e-01,6.329267381097494205e-01,6.190476190476190688e-01,6.666666666666666297e-01,3.562372288690357269e+00,8.333333333333332871e-02,3.333333333333333148e-01,3.780238267111632577e+00
6.128000018270053988e+04,1.485822476877543208e+00,4.956584221650939953e-02,6.670040826913834486e-01,2.059012199761875994e+00,7.165366488232526310e-01,6.377550664579788586e-01,4.285714285714285476e-01,6.666666666666666297e-01,3.269214387681825595e+00,8.333333333333332871e-02,3.333333333333333148e-01,3.269214387681825595e+00
6.129000018273035676e+04,1.265294769637600458e+00,4.179325170559684138e-02,7.050936113199479660e-01,1.542845164967390215e+00,4.884889765439199838e-01,3.791162327066744386e-01,6.190476190476190688e-01,8.333333333333333703e-01,3.499540970733293843e+00,8.333333333333332871e-02,3.333333333333333148e-01,3.920927722053469289e+00
6.130000018276016635e+04,1.310343011009355685e+00,5.672595360829963546e-02,5.772538137143372605e-01,1.882679962170702659e+00,7.330947221380476053e-01,5.799377315354653506e-01,5.714285714285713969e-01,8.333333333333333703e-01,3.912727407923834999e+00,0.000000000000000000e+00,1.666666666666666574e-01,3.698297004632509211e+00
6.131000018278998323e+04,1.246799144782246627e+00,6.494582888358060857e-02,1.214430560604280451e+00,1.747563208988362371e+00,3.913295261085326660e-01,2.012317241034802529e-01,4.761904761904761640e-01,8.333333333333333703e-01,3.596514396539781000e+00,1.250000000000000000e-01,3.333333333333333148e-01,4.051418256175393751e+00
6.132000018281980010e+04,1.467279077707549062e+00,6.931711163684102506e-02,4.632253777445378695e-01,1.409095551581126982e+00,7.119065981923399233e-01,6.082455785126715808e-01,5.714285714285713969e-01,8.333333333333333703e-01,3.417086039882573534e+00,8.333333333333332871e-02,3.333333333333333148e-01,3.325294957867955148e+00
6.133000018284960970e+04,1.150809419699677427e+00,5.013153377583447201e-02,1.659023875303104134e+00,2.764050089543309774e+00,5.159594051105808044e-01,4.396849592692352870e-01,6.190476190476190688e-01,1.000000000000000000e+00,3.730455832539693262e+00,1.250000000000000000e-01,3.333333333333333148e-01,3.758767346989484004e+00
6.134000018287942657e+04,1.315624067932477104e+00,7.943997367328860248e-02,1.174550792747037553e+00,2.242788561702619532e+00,8.158607939629606287e-01,7.918666350610763516e-01,2.857142857142856984e-01,1.000000000000000000e+00,3.545303999480307944e+00,4.166666666666666435e-02,3.333333333333333148e-01,3.963960773725924369e+00
6.135000018290923617e+04,1.293139272488659675e+00,4.733658542836009092e-02,1.120058549777973811e+00,1.422183360494279736e+00,8.867116821305115471e-01,8.834886896802933709e-01,5.714285714285713969e-01,8.333333333333333703e-01,3.533970521777830331e+00,4.166666666666666435e-02,3.333333333333333148e-01,3.533970521777830331e+00
6.136000018293905305e+04,9.567585425397879817e-01,7.498802477951668766e-02,1.399647036943309830e+00,2.149593207618346824e+00,3.154022940084178495e-01,3.387362263564242526e-01,5.238095238095238360e-01,8.333333333333333703e-01,3.640386034756493139e+00,8.333333333333332871e-02,3.333333333333333148e-01,4.063158577714771624e+00
6.137000018296886992e+04,1.155645463842386977e+00,4.620481828010545439e-02,8.983822013953386421e-01,1.614746572602043351e+00,7.685608326245283450e-01,7.195672403087436386e-01,4.761904761904761640e-01,8.333333333333333703e-01,3.586722486844010849e+00,8.333333333333332871e-02,3.333333333333333148e-01,3.586722486844010849e+00
6.138000018299867952e+04,1.214809648071428105e+00,6.522866578788187597e-02,1.540014574965647531e+00,2.178867708414935933e+00,6.587934547607877667e-01,5.151746501699093761e-01,6.190476190476190688e-01,8.333333333333333703e-01,3.588066517297061608e+00,4.166666666666666435e-02,3.333333333333333148e-01,3.685798397187896036e+00
6.139000018302849639e+04,1.238145696579787902e+00,5.576835411808056531e-02,1.142199138334790920e+00,2.102226513668961960e+00,1.291990398542178342e+00,1.271537891979968471e+00,6.666666666666666297e-01,1.000000000000000000e+00,3.437765660815674806e+00,4.166666666666666435e-02,3.333333333333333148e-01,3.665947095629182417e+00
6.140000018305831327e+04,1.235098539532341277e+00,4.335168932501731048e-02,9.538342983295690081e-01,8.706859464166870621e-01,8.779165392318234451e-01,8.560080837243294605e-01,5.714285714285713969e-01,8.333333333333333703e-01,3.512130264638824606e+00,8.333333333333332871e-02,3.333333333333333148e-01,3.512130264638824606e+00
6.141000018308812287e+04,1.220645293590816083e+00,6.328508962973390661e-02,6.496512589519695124e-01,1.448959506897533611e+00,8.366549927517433760e-01,8.285339009048413583e-01,4.285714285714285476e-01,8.333333333333333703e-01,3.416909080446250524e+00,0.000000000000000000e+00,1.666666666666666574e-01,3.416909080446250524e+00
6.142000018311793974e+04,1.632376330365154171e+00,3.932662009214747678e-02,7.823398186415067013e-01,9.656794838103992529e-01,5.762087164593342470e-01,4.133534991505990464e-01,5.238095238095238360e-01,6.666666666666666297e-01,3.494386176230226848e+00,8.333333333333332871e-02,3.333333333333333148e-01,3.494386176230226848e+00
6.143000018314774934e+04,1.373273892196663626e+00,5.552305460636913076e-02,9.287562252990794187e-01,1.180970303468103388e+00,1.203909188829313859e+00,1.140715377962266963e+00,5.714285714285713969e-01,8.333333333333333703e-01,3.601311827217982042e+00,4.166666666666666435e-02,3.333333333333333148e-01,3.701446930823516279e+00
6.144000018317756621e+04,1.627935261881002793e+00,5.400904881214574349e-02,1.264717533458497023e+00,1.588263379567240063e+00,9.838114498208692105e-01,8.753653653089189524e-01,3.809523809523809312e-01,8.333333333333333703e-01,3.538915163030948996e+00,0.000000000000000000e+00,1.666666666666666574e-01,3.538915163030948996e+00
6.145000018320738309e+04,1.161588892225432712e+00,5.299765271287110169e-02,5.639017622839573862e-01,1.426304708850461456e+00,6.257731189770964209e-01,6.720956006589768883e-01,3.333333333333333148e-01,8.333333333333333703e-01,3.877596013003198117e+00,4.166666666666666435e-02,3.333333333333333148e-01,3.951338142877175663e+00
6.146000018323719269e+04,1.329399989758255352e+00,9.433265846677438282e-02,1.427559346558216147e+00,2.013430235845146576e+00,4.976351334010268856e-01,3.201861569372393967e-01,5.238095238095238360e-01,1.000000000000000000e+00,3.543723864795414791e+00,4.166666666666666435e-02,3.333333333333333148e-01,3.543723864795414791e+00
6.147000018326700956e+04,1.075063613286457498e+00,8.359607628199491880e-02,9.673259732160326418e-01,1.137681415861526490e+00,2.077413309470435565e-01,2.490939452532557052e-01,6.190476190476190688e-01,1.000000000000000000e+00,3.605680430754888199e+00,1.250000000000000000e-01,3.333333333333333148e-01,3.717467454462282106e+00
6.148000018329681916e+04,5.222233736549652949e-01,5.878186844393278043e-02,8.631142887572988975e-01,1.705653457103120552e+00,1.393844173921306440e-01,4.585355899148435554e-01,6.190476190476190688e-01,8.333333333333333703e-01,3.657669060595201582e+00,1.250000000000000000e-01,3.333333333333333148e-01,3.700662389108335670e+00
6.149000018332663603e+04,1.048807311651537066e+00,7.923039172690460319e-02,1.783643225416893907e+00,1.581592361719347473e+00,4.004502979692551867e-01,1.788199143725309748e-01,3.809523809523809312e-01,1.000000000000000000e+00,3.571351461101559543e+00,8.333333333333332871e-02,3.333333333333333148e-01,3.571351461101559543e+00
6.150000018335645291e+04,1.433632912202801535e+00,5.430124832118750355e-02,1.806522459673656433e+00,1.392016613099903433e+00,3.917363793452361964e-01,3.811885707265367240e-01,5.238095238095238360e-01,6.666666666666666297e-01,3.668279026152094335e+00,1.250000000000000000e-01,3.333333333333333148e-01,3.683011366466800496e+00
6.151000018338626251e+04,1.195032363566056466e+00,5.496273605978068549e-02,1.025146464681035097e+00,1.738479705523157337e+00,5.610957403292388124e-01,5.977769682869230605e-01,2.857142857142856984e-01,6.666666666666666297e-01,3.634361456534144885e+00,0.000000000000000000e+00,1.666666666666666574e-01,3.493755055795571440e+00
6.152000018341607938e+04,1.253672909235205912e+00,4.745623424642483185e-02,1.302903709323693482e+00,9.804856542154299914e-01,7.879963481893026422e-01,6.837302005201705279e-01,6.190476190476190688e-01,8.333333333333333703e-01,3.223129584515720403e+00,8.333333333333332871e-02,3.333333333333333148e-01,3.223129584515720403e+00
6.153000018344589625e+04,1.321270148860459459e+00,6.549994315569274139e-02,1.964388519730370986e+00,1.558683345319715752e+00,7.653517110935716128e-02,3.408309524546702107e-01,6.190476190476190688e-01,1.000000000000000000e+00,3.598262709850584162e+00,1.250000000000000000e-01,3.333333333333333148e-01,3.529404427528755939e+00
6.154000018347570585e+04,1.178393469116664205e+00,4.643146542629471296e-02,1.020722619736472714e+00,8.330031308059856476e-01,5.874604744313083327e-01,3.201246132520301768e-01,5.238095238095238360e-01,6.666666666666666297e-01,3.637890689206205952e+00,8.333333333333332871e-02,3.333333333333333148e-01,3.558188029916331985e+00
6.155000018350552273e+04,1.094327113423853692e+00,6.018703086779601807e-02,1.505845247594581160e+00,1.529546117586200848e+00,4.377835876472647714e-01,4.761585151274932981e-01,5.714285714285713969e-01,6.666666666666666297e-01,3.544381784115639977e+00,1.250000000000000000e-01,3.333333333333333148e-01,3.574411163262739333e+00
6.156000018353533233e+04,1.671642512521795521e+00,4.844450565539418913e-02,8.096683941821845032e-01,1.248099019659732800e+00,1.242244433092689837e+00,9.731356409319599221e-01,4.761904761904761640e-01,8.333333333333333703e-01,3.687941353160749003e+00,4.166666666666666435e-02,3.333333333333333148e-01,3.714783764366679009e+00
6.157000018356514920e+04,7.044083162970247169e-01,6.614836719575750701e-02,1.436470386712022096e+00,1.410927868972897237e+00,2.519125925244349862e-01,3.442189972226353811e-01,6.666666666666666297e-01,1.000000000000000000e+00,3.807210470734286645e+00,0.000000000000000000e+00,1.666666666666666574e-01,4.031650983320871795e+00
6.158000018359496607e+04,1.647104579079628150e+00,4.700217437940720777e-02,1.405553840982300295e+00,1.386283046748387315e+00,9.115183142539347028e-01,7.956075665039383793e-01,4.285714285714285476e-01,6.666666666666666297e-01,3.506615007738255407e+00,8.333333333333332871e-02,3.333333333333333148e-01,3.507311808037945067e+00
6.159000018362477567e+04,6.920927263011423802e-01,4.703254434504924864e-02,1.194994064771757625e+00,1.649543653200424620e+00,1.035127624794278667e+00,1.059509864861748030e+00,6.190476190476190688e-01,1.000000000000000000e+00,3.647188588330183556e+00,4.166666666666666435e-02,3.333333333333333148e-01,4.055841823358631970e+00
6.160000018365459255e+04,1.506090158466451001e+00,4.319940780925134172e-02,1.601386729517342511e+00,1.060319643776798992e+00,1.108037765693034471e+00,9.776579152477359314e-01,4.761904761904761640e-01,8.333333333333333703e-01,3.728469021381343840e+00,4.166666666666666435e-02,3.333333333333333148e-01,3.826941787393190797e+00
6.161000018368440215e+04,1.511221130320919315e+00,3.789569348026728540e-02,1.243366142382077211e+00,1.222118195487080561e+00,1.028789793012034437e+00,8.617126920363913367e-01,6.190476190476190688e-01,8.333333333333333703e-01,3.513494075136914141e+00,8.333333333333332871e-02,3.333333333333333148e-01,3.410984557601468570e+00
6.162000018371421902e+04,1.064970530996711684e+00,9.483283582555392111e-02,1.203808438503967571e+00,1.603633869635565201e+00,3.532671556804043989e-01,2.449938458881508740e-01,4.761904761904761640e-01,8.333333333333333703e-01,3.496816427175502007e+00,4.166666666666666435e-02,3.333333333333333148e-01,3.496816427175502007e+00
6.163000018374403589e+04,1.358758015442408151e+00,5.615732433274275154e-02,2.038173143552057809e+00,2.111463703786716550e+00,9.615427539406498081e-01,8.209344968778425899e-01,5.238095238095238360e-01,8.333333333333333703e-01,3.690814637455202885e+00,0.000000000000000000e+00,1.666666666666666574e-01,3.690814637455202885e+00
6.164000018377384549e+04,1.410584630522046856e+00,6.675792523494532282e-02,1.264287293910664856e+00,1.491996959217501528e+00,8.662771967243851901e-01,6.523367237918058503e-01,5.238095238095238360e-01,1.000000000000000000e+00,3.579619239958783172e+00,0.000000000000000000e+00,1.666666666666666574e-01,3.579619239958783172e+00
6.165000018380366237e+04,1.356280284474683073e+00,4.444182467314025664e-02,1.599980538956008225e+00,9.669090291083402011e-01,5.648954150339957625e-01,4.012637828363327941e-01,5.714285714285713969e-01,8.333333333333333703e-01,3.422203020636309656e+00,0.000000000000000000e+00,1.666666666666666574e-01,3.422203020636309656e+00
6.166000018383347197e+04,9.569345456111577608e-01,6.272203043133128819e-02,1.288086701794044941e+00,1.384290218073519929e+00,9.123775298082822394e-01,7.369313601023691485e-01,4.761904761904761640e-01,1.000000000000000000e+00,3.563767324350158638e+00,4.166666666666666435e-02,3.333333333333333148e-01,3.563767324350158638e+00
6.167000018386328884e+04,1.397589492107673470e+00,6.887181221013197185e-02,9.100726408818917701e-01,8.736974001264374845e-01,8.720072469868875853e-01,7.782794580254270844e-01,5.238095238095238360e-01,8.333333333333333703e-01,3.465720547243974270e+00,4.166666666666666435e-02,3.333333333333333148e-01,3.465720547243974270e+00
6.168000018389310571e+04,1.514581845970771390e+00,4.238160871184742245e-02,9.923538037779854326e-01,1.186620459695148844e+00,1.066969141434280566e+00,8.827570859089315380e-01,5.238095238095238360e-01,8.333333333333333703e-01,3.523579980272369294e+00,4.166666666666666435e-02,3.333333333333333148e-01,3.462492380829996552e+00
6.169000018392291531e+04,9.534546759633415469e-01,6.122475924798491398e-02,1.297190832558538620e+00,1.419179135328397345e+00,9.665892988654126716e-01,8.420138819739255709e-01,4.285714285714285476e-01,1.000000000000000000e+00,3.728663526176031251e+00,4.166666666666666435e-02,3.333333333333333148e-01,3.728663526176031251e+00
6.170000018395273219e+04,1.065352531438893857e+00,5.820805341318308068e-02,1.322562482689285224e+00,9.176364842318817105e-01,7.668978203301142216e-01,7.830895231609229512e-01,5.238095238095238360e-01,8.333333333333333703e-01,3.713136378003063065e+00,0.000000000000000000e+00,1.666666666666666574e-01,3.564387073610695733e+00
6.171000018398254906e+04,1.068952985755132756e+00,4.937787067024927701e-02,1.824167651954159419e+00,9.339765711547046712e-01,3.836112385544077075e-01,2.734743972631619169e-01,4.285714285714285476e-01,6.666666666666666297e-01,3.388431229249451615e+00,8.333333333333332871e-02,3.333333333333333148e-01,3.388431229249451615e+00
6.172000018401235866e+04,1.338848777359353148e+00,6.913100916523533257e-02,1.235135546459193989e+00,1.052686673289810138e+00,1.083483849710625835e+00,1.005712860929324437e+00,5.238095238095238360e-01,8.333333333333333703e-01,3.619065512246970595e+00,0.000000000000000000e+00,1.666666666666666574e-01,3.405103489753591450e+00
6.173000018404217553e+04,1.482331626361565124e+00,5.390083958232314704e-02,9.246117693454113384e-01,1.095792937972376757e+00,1.299080710100952274e+00,1.278236396739325320e+00,5.238095238095238360e-01,6.666666666666666297e-01,3.696211998369298257e+00,8.333333333333332871e-02,3.333333333333333148e-01,3.535653827992049969e+00
6.174000018407198513e+04,6.765645744254230598e-01,6.211057080210839743e-02,1.686453655748102687e+00,1.075373602538459483e+00,1.048022659977470017e+00,9.982797497367127404e-01,5.238095238095238360e-01,8.333333333333333703e-01,3.661988679885956888e+00,0.000000000000000000e+00,1.666666666666666574e-01,3.626081090414189578e+00
6.175000018410180201e+04,9.669649950857842624e-01,5.176999145666298652e-02,1.307431887042817653e+00,2.116931524517477570e+00,9.855983364153496629e-01,9.494947552030850169e-01,6.190476190476190688e-01,1.000000000000000000e+00,3.625870887511908336e+00,4.166666666666666435e-02,3.333333333333333148e-01,3.615059167255747496e+00
6.176000018413161888e+04,1.018855163391059415e+00,4.271330113242570448e-02,1.179129132953051329e+00,1.452886617959940674e+00,8.240415311266297005e-01,7.987709334343268130e-01,7.142857142857143016e-01,1.000000000000000000e+00,3.749322113584749427e+00,0.000000000000000000e+00,1.666666666666666574e-01,3.882143098689798233e+00
6.177000018416142848e+04,1.241145287592206659e+00,4.879166270018843454e-02,1.016991372288254203e+00,1.110545964344765490e+00,7.743796731667358380e-01,6.328835577499359877e-01,5.238095238095238360e-01,8.333333333333333703e-01,3.737851132871572446e+00,0.000000000000000000e+00,1.666666666666666574e-01,3.702134900317436639e+00
6.178000018419124535e+04,7.362705635040523999e-01,3.412419420296935318e-02,9.131910023007140387e-01,1.644317160378733211e+00,7.471718867268224429e-01,7.371977470415119749e-01,7.619047619047618625e-01,1.000000000000000000e+00,3.618949791686072892e+00,0.000000000000000000e+00,1.666666666666666574e-01,3.618949791686072892e+00
6.179000018422105495e+04,9.736088100856720162e-01,6.639119819174663095e-02,8.754789570019485545e-01,1.134746369506305141e+00,7.766915454863648760e-01,7.530352796351497124e-01,6.190476190476190688e-01,8.333333333333333703e-01,3.502102167352660000e+00,8.333333333333332871e-02,3.333333333333333148e-01,3.502102167352660000e+00
6.180000018425087183e+04,1.214924125889970119e+00,8.658002869277266200e-02,6.873716597255915550e-01,1.611368539949596279e+00,6.817055077975051613e-01,4.677847559939611877e-01,3.333333333333333148e-01,8.333333333333333703e-01,3.864390962477924685e+00,0.000000000000000000e+00,1.666666666666666574e-01,3.488394625824929651e+00
6.181000018428068870e+04,9.411805281919066735e-01,6.996944663024176614e-02,1.055302530871326194e+00,1.163884818437528779e+00,4.528739342988428729e-01,2.188011435739323773e-01,5.238095238095238360e-01,8.333333333333333703e-01,3.745317473524294893e+00,8.333333333333332871e-02,3.333333333333333148e-01,3.660959779754529464e+00
6.182000018431049830e+04,3.513925977962124025e-01,5.514492587460483042e-02,9.204124847586004909e-01,2.831013240772382478e+00,5.486769105850062278e-01,4.415548422453250410e-01,2.380952380952380820e-01,5.000000000000000000e-01,3.427722647571931791e+00,1.250000000000000000e-01,1.666666666666666574e-01,3.707786892900156062e+00
6.183000018434031517e+04,9.533282808896287319e-01,5.834634609667078281e-02,1.936005120784699107e+00,2.734811809990965514e+00,5.640931141527950610e-01,5.882551351997838962e-01,5.714285714285713969e-01,1.000000000000000000e+00,3.797770143121766306e+00,1.250000000000000000e-01,3.333333333333333148e-01,3.671014842524579436e+00
6.184000018437013205e+04,1.213513705682739197e+00,5.229937456442793758e-02,1.485575861163628497e+00,1.983370500987254426e+00,8.346518259275358398e-01,6.758772492418101407e-01,6.666666666666666297e-01,1.000000000000000000e+00,3.572417363555780767e+00,1.250000000000000000e-01,3.333333333333333148e-01,3.439923137445931367e+00
6.185000018439994165e+04,4.941348294325995649e-01,6.623213095357818880e-02,1.333768405389016642e+00,2.057050816834190332e+00,6.883350875704643546e-01,7.486438986720886923e-01,3.333333333333333148e-01,8.333333333333333703e-01,3.655307393424131135e+00,4.166666666666666435e-02,3.333333333333333148e-01,3.764100846916558663e+00
6.186000018442975852e+04,5.391743851088225403e-01,8.050532768320999011e-02,6.265155750929454204e-01,1.442531273062439334e+00,5.028459165247695095e-01,4.794723954508993691e-01,7.619047619047618625e-01,1.000000000000000000e+00,3.747204456718402632e+00,4.166666666666666435e-02,3.333333333333333148e-01,3.421475560881118039e+00
6.187000018445956812e+04,6.954250383662865520e-01,4.843832296689663808e-02,1.268348839343464762e+00,2.364880920551103216e+00,7.721727099774531311e-01,7.123704703993086751e-01,4.285714285714285476e-01,1.000000000000000000e+00,3.660106751844550921e+00,8.333333333333332871e-02,3.333333333333333148e-01,3.837240504605321956e+00
6.188000018448938499e+04,1.215293732074312238e+00,6.239407859732793576e-02,9.751480496612900950e-01,1.656996053858657225e+00,6.018470046870880719e-01,4.589076149777603364e-01,5.714285714285713969e-01,1.000000000000000000e+00,3.764248421516184884e+00,4.166666666666666435e-02,3.333333333333333148e-01,4.023210956508029845e+00
6.189000018451920187e+04,1.394418346287592092e+00,5.112195255062372545e-02,9.340976447420125117e-01,1.335006221978194407e+00,6.553493464319094519e-01,4.922947912002749726e-01,4.761904761904761640e-01,8.333333333333333703e-01,3.588683324360481208e+00,4.166666666666666435e-02,3.333333333333333148e-01,3.806485470672105631e+00
6.190000018454901146e+04,8.616130098892643696e-01,6.211957017823474536e-02,8.925988730598629628e-01,1.462284532039864748e+00,4.431980845061952445e-01,5.002135452838546437e-01,6.666666666666666297e-01,1.000000000000000000e+00,3.532309737708356767e+00,4.166666666666666435e-02,3.333333333333333148e-01,3.970319251111074532e+00
6.191000018457882834e+04,1.209250580612188930e+00,3.759353185928214491e-02,1.367978834962497503e+00,1.367623445701473761e+00,6.274046616945272437e-01,5.587980445143215791e-01,4.761904761904761640e-01,8.333333333333333703e-01,3.807261321234167273e+00,4.166666666666666435e-02,3.333333333333333148e-01,3.821677702679364685e+00
6.192000018460863794e+04,8.604675736501865568e-01,5.874437051162124251e-02,1.249978674752437513e+00,1.573420342562813490e+00,7.492653788558324424e-01,5.958871724250798252e-01,5.238095238095238360e-01,1.000000000000000000e+00,3.583501591960486454e+00,8.333333333333332871e-02,3.333333333333333148e-01,3.874707104666768487e+00
6.193000018463845481e+04,1.129015252592588725e+00,3.988732199542780604e-02,9.364188688825301199e-01,1.773344472990323162e+00,5.151322776524971392e-01,6.072815331807913664e-01,3.809523809523809312e-01,1.000000000000000000e+00,3.899397648920293058e+00,0.000000000000000000e+00,1.666666666666666574e-01,3.539504767886214154e+00
6.194000018466827169e+04,1.228957510770523509e+00,5.833069508911442602e-02,1.039251509034327281e+00,1.979341400826198694e+00,5.002285775920723987e-01,3.984293255039744186e-01,5.238095238095238360e-01,8.333333333333333703e-01,3.766265540939119916e+00,4.166666666666666435e-02,3.333333333333333148e-01,3.295560967463394775e+00
6.195000018469808128e+04,1.666869235727964416e+00,4.129367730350294585e-02,8.934774326815951850e-01,1.790841198635270803e+00,6.619353928291928923e-01,5.446451589651752911e-01,4.285714285714285476e-01,6.666666666666666297e-01,3.588694874093174114e+00,4.166666666666666435e-02,3.333333333333333148e-01,3.312428228924559903e+00
6.196000018472789816e+04,8.776886885621882906e-01,6.067934597830360044e-02,9.266233732965601932e-01,2.796891510131635616e+00,5.648117636894819382e-01,3.146597653925864990e-01,5.238095238095238360e-01,1.000000000000000000e+00,3.670624155889177676e+00,0.000000000000000000e+00,1.666666666666666574e-01,3.752260159865462796e+00
6.197000018475770776e+04,8.606097184472732975e-01,4.757392264999241172e-02,6.123224401068154688e-01,1.702874258796461815e+00,4.041779571845758312e-01,1.813075567961097423e-01,6.666666666666666297e-01,1.000000000000000000e+00,3.591036234173885067e+00,4.166666666666666435e-02,3.333333333333333148e-01,3.970814881255162021e+00
6.198000018478752463e+04,9.673176480072690486e-01,8.659209603531385635e-02,1.099055296141148164e+00,2.412920423652223700e+00,8.361610116679121241e-01,6.645559630902546644e-01,7.142857142857143016e-01,1.000000000000000000e+00,3.642133006718202726e+00,4.166666666666666435e-02,3.333333333333333148e-01,3.768438540624769573e+00
6.199000018481734151e+04,1.217745964028424055e+00,5.148649947825794521e-02,7.668128209529975203e-01,1.474215351294595910e+00,1.078687695055773554e+00,8.342253149773166676e-01,4.761904761904761640e-01,8.333333333333333703e-01,3.879899453707286394e+00,4.166666666666666435e-02,3.333333333333333148e-01,3.978234674238594781e+00
6.200000018484715110e+04,1.174081617091305985e+00,5.563001204203671390e-02,7.509448891050192199e-01,1.917456671687732372e+00,6.383740746158294010e-01,4.509264274660679805e-01,4.285714285714285476e-01,8.333333333333333703e-01,3.672273873899863261e+00,4.166666666666666435e-02,3.333333333333333148e-01,3.610063012186233600e+00
6.201000018487696798e+04,1.256425402068745534e+00,4.905670052075984666e-02,9.403523438084445685e-01,1.461306575913634331e+00,1.049469824702985443e+00,9.057536270861903382e-01,3.809523809523809312e-01,1.000000000000000000e+00,3.530995957946740038e+00,0.000000000000000000e+00,1.666666666666666574e-01,4.058382063872940648e+00
6.202000018490678485e+04,1.705606829056074414e+00,5.754066956132464217e-02,1.640023494194832399e+00,2.010866227636741055e+00,8.127425307053005588e-01,6.881235803029468467e-01,2.857142857142856984e-01,8.333333333333333703e-01,4.096944675623205967e+00,0.000000000000000000e+00,1.666666666666666574e-01,3.849881556468138122e+00
6.203000018493659445e+04,1.664457752199053342e+00,8.542968614233627245e-02,7.865276079119436492e-01,1.753509020651812689e+00,4.833574212058283082e-01,3.919619002893446891e-01,5.238095238095238360e-01,8.333333333333333703e-01,3.669530439887473960e+00,4.166666666666666435e-02,3.333333333333333148e-01,3.498212453678093414e+00
6.204000018496641133e+04,1.339431164592944423e+00,3.540376965965819772e-02,9.610761324524937921e-01,1.349311398806307460e+00,1.091659748478831515e+00,1.013414895590692977e+00,4.285714285714285476e-01,8.333333333333333703e-01,3.782807658574412368e+00,4.166666666666666435e-02,3.333333333333333148e-01,3.529605886276072191e+00
6.205000018499622092e+04,1.156598379405100463e+00,4.658060718649516957e-02,8.979360945145588024e-01,1.341992920079654983e+00,8.849057571093996710e-01,7.812525496971598482e-01,6.190476190476190688e-01,8.333333333333333703e-01,3.527485839153045255e+00,4.166666666666666435e-02,3.333333333333333148e-01,3.527485839153045255e+00
6.206000018502603780e+04,7.472956320706928279e-01,8.742095249802613044e-02,9.078848974223737711e-01,1.510530697229229613e+00,6.929214435285183660e-01,7.411706358471226164e-01,6.190476190476190688e-01,1.000000000000000000e+00,3.384170979858591277e+00,0.000000000000000000e+00,1.666666666666666574e-01,4.031102505845143291e+00
6.207000018505585467e+04,1.324836990255480629e+00,4.717951314036646776e-02,3.914150390402612589e-01,1.464680977056087352e+00,5.991601002444386648e-01,3.882118537598664432e-01,4.761904761904761640e-01,6.666666666666666297e-01,3.731027977980663213e+00,4.166666666666666435e-02,3.333333333333333148e-01,3.731027977980663213e+00
6.208000018508566427e+04,1.047955873610311173e+00,7.226200962006995576e-02,1.410436823201129730e+00,1.664017803534999951e+00,7.728067063061575537e-01,8.072120191945957313e-01,2.857142857142856984e-01,6.666666666666666297e-01,3.706027123625229791e+00,0.000000000000000000e+00,1.666666666666666574e-01,4.102815073027731962e+00
6.209000018511548114e+04,1.183970991187734523e+00,5.778496817787694834e-02,1.217639667625608491e+00,1.844596012145642394e+00,8.838478866103166576e-01,8.603716155761853557e-01,3.809523809523809312e-01,1.000000000000000000e+00,3.619675891012663183e+00,4.166666666666666435e-02,3.333333333333333148e-01,3.754195977822431640e+00
6.210000018514529074e+04,1.293857108751297114e+00,7.255206035364554495e-02,9.880732886980022611e-01,1.963823315275508463e+00,1.188492567715305537e+00,1.098962652151436181e+00,5.238095238095238360e-01,1.000000000000000000e+00,3.856199474999081112e+00,4.166666666666666435e-02,3.333333333333333148e-01,3.856199474999081112e+00
6.211000018517510762e+04,1.439315381943335082e+00,7.540571485656229200e-02,1.267309971479239294e+00,1.821580750079749622e+00,6.500998029580472570e-01,7.206292339835962402e-01,3.333333333333333148e-01,8.333333333333333703e-01,4.049458377368188700e+00,0.000000000000000000e+00,1.666666666666666574e-01,3.873126704097182849e+00
6.212000018520492449e+04,1.141478376933852790e+00,4.944683349100513492e-02,1.119476356691136765e+00,1.669953893265807121e+00,4.088227922486977195e-01,4.889182826056977516e-01,2.857142857142856984e-01,8.333333333333333703e-01,3.838515628863706119e+00,0.000000000000000000e+00,1.666666666666666574e-01,3.789252913775957410e+00
6.213000018523473409e+04,1.374025014595630534e+00,6.624761984465271647e-02,5.917870971137901837e-01,1.655608346810042875e+00,5.547521212840857974e-01,3.479382909604078478e-01,4.285714285714285476e-01,8.333333333333333703e-01,3.430208922894058432e+00,4.166666666666666435e-02,3.333333333333333148e-01,3.430208922894058432e+00
6.214000018526455096e+04,1.448797313420987720e+00,5.902488632327754919e-02,7.368214978242334512e-01,2.231679376992452557e+00,7.229060716730744129e-01,6.073017169986100194e-01,4.761904761904761640e-01,8.333333333333333703e-01,3.642840859470652060e+00,0.000000000000000000e+00,1.666666666666666574e-01,3.616609699746395457e+00
6.215000018529436784e+04,1.816315870707905455e+00,6.313073615837108687e-02,6.077946745518704175e-01,1.660465800391392799e+00,1.000245839698115535e+00,9.286907169956900576e-01,2.380952380952380820e-01,6.666666666666666297e-01,3.703540810011907602e+00,0.000000000000000000e+00,1.666666666666666574e-01,3.888440447023064017e+00
6.216000018532417744e+04,1.194135737911393269e+00,6.147699199086800737e-02,1.009740918983113023e+00,1.390852573937869874e+00,7.657828137113894540e-01,6.670091442178419650e-01,3.809523809523809312e-01,6.666666666666666297e-01,3.945377050585685552e+00,0.000000000000000000e+00,1.666666666666666574e-01,3.989755957685086951e+00
6.217000018535399431e+04,1.594547027081671953e+00,5.140799394112995774e-02,1.779469369780589449e+00,1.484198887073203466e+00,1.181009537811424925e+00,9.607973931219216945e-01,3.809523809523809312e-01,1.000000000000000000e+00,3.493911157979996851e+00,4.166666666666666435e-02,3.333333333333333148e-01,3.493911157979996851e+00
6.218000018538380391e+04,1.452362701088169894e+00,5.140474967532444178e-02,9.676131747200427125e-01,1.345329615061133577e+00,8.603363419271979895e-01,7.119260832107136006e-01,4.285714285714285476e-01,1.000000000000000000e+00,3.869666679322057323e+00,4.166666666666666435e-02,3.333333333333333148e-01,3.485227436513426813e+00
6.219000018541362078e+04,1.045718030259989995e+00,6.787731345342114253e-02,1.305486193190479982e+00,1.716403239469562969e+00,8.633786526708574494e-01,8.801333403698243796e-01,5.714285714285713969e-01,1.000000000000000000e+00,3.598493524551765077e+00,8.333333333333332871e-02,3.333333333333333148e-01,4.192826249720298826e+00
6.220000018544343766e+04,1.584922446546205510e+00,4.446414825339660426e-02,1.424949759503781221e+00,1.930665551973337113e+00,1.247790414969830008e+00,1.059123004052117567e+00,4.761904761904761640e-01,6.666666666666666297e-01,3.742141826153565276e+00,8.333333333333332871e-02,3.333333333333333148e-01,3.462764814030135696e+00
6.221000018547324726e+04,2.019358563329743728e+00,5.712677946174046784e-02,1.768019736247256724e+00,3.053585645168319651e+00,7.384078184024402969e-01,4.366234337044858638e-01,2.380952380952380820e-01,6.666666666666666297e-01,3.615419640165614457e+00,8.333333333333332871e-02,3.333333333333333148e-01,3.355769532551483803e+00
6.222000018550306413e+04,1.283779057410531887e+00,6.891746929996481197e-02,1.360101966597268897e+00,1.721023440865774079e+00,9.096381687168082486e-01,8.492208700339783922e-01,5.238095238095238360e-01,6.666666666666666297e-01,3.565357741697619431e+00,8.333333333333332871e-02,3.333333333333333148e-01,3.565357741697619431e+00
6.223000018553287373e+04,1.742683283994266086e+00,6.672071183385643034e-02,7.217395160975984547e-01,1.543376781310806578e+00,1.110491500497359674e+00,9.293501231114904559e-01,4.285714285714285476e-01,6.666666666666666297e-01,3.667454853259922487e+00,8.333333333333332871e-02,3.333333333333333148e-01,3.763310515804336731e+00
6.224000018556269060e+04,1.864940948675433585e+00,6.731081367946258054e-02,1.212828751998690668e+00,1.498830391869292011e+00,1.226416210484027713e+00,1.055290631243417820e+00,2.857142857142856984e-01,6.666666666666666297e-01,3.620309521420905785e+00,4.166666666666666435e-02,3.333333333333333148e-01,3.623297673558319332e+00
6.225000018559250748e+04,1.361051201484628992e+00,5.903087491228412725e-02,1.560797248389384606e+00,2.050832026183749601e+00,9.623675691790386511e-01,9.026264768877643174e-01,3.333333333333333148e-01,1.000000000000000000e+00,3.621809909531878979e+00,0.000000000000000000e+00,1.666666666666666574e-01,3.919158052736324116e+00
6.226000018562231708e+04,9.861035173426713207e-01,8.996975412581652287e-02,1.380334767018694064e+00,2.244669933125586603e+00,9.332235408417326461e-01,9.697848117158403003e-01,4.761904761904761640e-01,8.333333333333333703e-01,3.851758218185364679e+00,4.166666666666666435e-02,1.666666666666666574e-01,4.377854326516648520e+00
6.227000018565213395e+04,1.153167931341797292e+00,8.578084305036383361e-02,8.420487788182828837e-01,1.639566722495171991e+00,9.889164397607760337e-01,9.156924837264194261e-01,3.809523809523809312e-01,1.000000000000000000e+00,3.604254694811762416e+00,0.000000000000000000e+00,1.666666666666666574e-01,3.604254694811762416e+00
6.228000018568194355e+04,4.156668507150756975e-01,5.744425879558796855e-02,9.693703213503569449e-01,1.820715016461037727e+00,6.480781763556082709e-01,7.209423206660647843e-01,7.619047619047618625e-01,1.000000000000000000e+00,3.585877118562847521e+00,4.166666666666666435e-02,3.333333333333333148e-01,3.982598361890377081e+00
6.229000018571176042e+04,1.696391682219655639e+00,6.665073247801908685e-02,1.067150480156661363e+00,1.632856136462190744e+00,1.314638169802651246e+00,1.139404112848753314e+00,3.809523809523809312e-01,6.666666666666666297e-01,3.644672082699203397e+00,8.333333333333332871e-02,3.333333333333333148e-01,3.644672082699203397e+00
6.230000018574157730e+04,1.147498727693060827e+00,5.329337960609838859e-02,1.392730408977927326e+00,1.797098413047367504e+00,8.983763867886994658e-01,7.490286717734429001e-01,5.238095238095238360e-01,8.333333333333333703e-01,3.631199315429657126e+00,0.000000000000000000e+00,1.666666666666666574e-01,3.700442952312809730e+00
6.231000018577138690e+04,1.092679005175061446e+00,3.908151023645312083e-02,9.547257649980749328e-01,1.507393702336789154e+00,8.722267984948557373e-01,7.062463876547342423e-01,6.190476190476190688e-01,8.333333333333333703e-01,3.664218635324456130e+00,4.166666666666666435e-02,3.333333333333333148e-01,3.580838256102933048e+00
6.232000018580120377e+04,1.086208540172740822e+00,7.078903779970405208e-02,1.285300862902337249e+00,1.590106481564866669e+00,9.729559313896380957e-01,9.822934785637467137e-01,5.714285714285713969e-01,8.333333333333333703e-01,3.395752570837110351e+00,0.000000000000000000e+00,1.666666666666666574e-01,3.395752570837110351e+00
6.233000018583102064e+04,1.068303546912850122e+00,5.843845216373572821e-02,9.462830307777515548e-01,1.497324467973296658e+00,8.793639125417076485e-01,8.337041605225400387e-01,4.761904761904761640e-01,1.000000000000000000e+00,3.724077836678037823e+00,0.000000000000000000e+00,1.666666666666666574e-01,3.741819386345670129e+00
6.234000018586083024e+04,1.188455252390046457e+00,3.762362270945426163e-02,1.024034212456860438e+00,1.865445900795053458e+00,2.793243289276843844e-01,2.261481461253824488e-01,5.238095238095238360e-01,8.333333333333333703e-01,3.605521962242364875e+00,8.333333333333332871e-02,3.333333333333333148e-01,3.659596851710897436e+00
6.235000018589064712e+04,7.311938535898726554e-01,4.479716454569054179e-02,6.215021373161737639e-01,1.192249856596883539e+00,2.501172132160384143e-01,4.741905857906667521e-01,3.809523809523809312e-01,8.333333333333333703e-01,3.584872689110109700e+00,1.250000000000000000e-01,3.333333333333333148e-01,3.584872689110109700e+00
6.236000018592045672e+04,8.768872364600652780e-01,7.774169737971810268e-02,1.360636005038055485e+00,2.076953291172795257e+00,5.172411189124602737e-01,7.018341556265729198e-01,3.809523809523809312e-01,8.333333333333333703e-01,3.578193705048693385e+00,8.333333333333332871e-02,3.333333333333333148e-01,3.578193705048693385e+00
6.237000018595027359e+04,4.211567706755732776e-01,7.243503041461811509e-02,1.041900397180852700e+00,1.687633157746622148e+00,3.856036082238766816e-01,2.875772236661833237e-01,6.190476190476190688e-01,1.000000000000000000e+00,3.413823122899857232e+00,4.166666666666666435e-02,3.333333333333333148e-01,3.413823122899857232e+00
6.238000018598009046e+04,1.039739813748609132e+00,7.296337935457541946e-02,1.686297100405972582e+00,2.918048425259187173e+00,4.775632761887891320e-01,5.055153938931843394e-01,6.190476190476190688e-01,8.333333333333333703e-01,3.287537476404020165e+00,8.333333333333332871e-02,3.333333333333333148e-01,3.079602430454622564e+00
6.239000018600990006e+04,1.053666141851055116e+00,5.133179959745366727e-02,9.549767968394947681e-01,1.667215191760058390e+00,7.433367142360324253e-01,7.114573013299785309e-01,4.285714285714285476e-01,8.333333333333333703e-01,3.421523610637565938e+00,4.166666666666666435e-02,3.333333333333333148e-01,3.421523610637565938e+00
6.240000018603971694e+04,1.108739155334986570e+00,8.959242713184424611e-02,1.062077487869463877e+00,1.697299490547435452e+00,7.254170074241362842e-01,7.197971524632983398e-01,4.761904761904761640e-01,8.333333333333333703e-01,3.856570881639556969e+00,4.166666666666666435e-02,3.333333333333333148e-01,3.707819531929262613e+00
6.241000018606952653e+04,1.083104108711038016e+00,6.357417497088291292e-02,1.256848754050301720e+00,1.345087352220315724e+00,1.148149798370649677e+00,1.081314150141872821e+00,6.190476190476190688e-01,1.000000000000000000e+00,3.742017538198266546e+00,8.333333333333332871e-02,3.333333333333333148e-01,3.637124579474313890e+00
6.242000018609934341e+04,1.593589593370276614e+00,5.751706247414831857e-02,1.213475064904853795e+00,1.657076221970098295e+00,1.406416423061504384e+00,1.337860917227489788e+00,4.761904761904761640e-01,8.333333333333333703e-01,3.627536283662815997e+00,0.000000000000000000e+00,1.666666666666666574e-01,3.627536283662815997e+00
6.243000018612916028e+04,6.907219007292974000e-01,5.571894723272773770e-02,1.257800565304224349e+00,1.592125570425883874e+00,6.392258004012241202e-01,5.902307912769289011e-01,6.190476190476190688e-01,1.000000000000000000e+00,3.511628895557217245e+00,4.166666666666666435e-02,3.333333333333333148e-01,3.511628895557217245e+00
6.244000018615896988e+04,1.147009651880271486e+00,6.169973733364617074e-02,1.134422800302644196e+00,1.488407969715977774e+00,1.009652155323178313e+00,9.785065833687394132e-01,8.095238095238095344e-01,1.000000000000000000e+00,3.306130960293688137e+00,0.000000000000000000e+00,1.666666666666666574e-01,3.231750400488848207e+00
6.245000018618878676e+04,8.912193302083399882e-01,8.454118070561598974e-02,1.355237660160922841e+00,2.179618255201208665e+00,8.344099089624900101e-01,7.867157749659229315e-01,7.619047619047618625e-01,1.000000000000000000e+00,3.531420653902713536e+00,8.333333333333332871e-02,3.333333333333333148e-01,3.665716397461071807e+00
6.246000018621860363e+04,1.303815088062877825e+00,5.270281331087317556e-02,9.405736752552379398e-01,2.262320351511470484e+00,1.231766274937235783e+00,1.172503143569536777e+00,6.190476190476190688e-01,1.000000000000000000e+00,3.497838311932753630e+00,0.000000000000000000e+00,1.666666666666666574e-01,3.398244222888254562e+00
6.247000018624841323e+04,7.927824680757526998e-01,7.410689188974568797e-02,1.329319472188222662e+00,1.986228929723313552e+00,1.070282410886859159e+00,1.049855468574066863e+00,6.666666666666666297e-01,1.000000000000000000e+00,3.378836158476712370e+00,4.166666666666666435e-02,3.333333333333333148e-01,3.465946125852893633e+00
6.248000018627823010e+04,1.309370294713884553e+00,5.451450000804627244e-02,1.233498861283393699e+00,1.627632745410993786e+00,1.133722566851137703e+00,1.046363743712596994e+00,5.714285714285713969e-01,8.333333333333333703e-01,3.625540205989783438e+00,0.000000000000000000e+00,1.666666666666666574e-01,3.625540205989783438e+00
6.249000018630803970e+04,1.439040831559058375e+00,6.369637160296291734e-02,1.050608047455755756e+00,2.111496133310101886e+00,1.321762013533593016e+00,1.239690940376144024e+00,6.190476190476190688e-01,1.000000000000000000e+00,3.543007071321812695e+00,4.166666666666666435e-02,3.333333333333333148e-01,3.440392898114498443e+00
6.250000018633785658e+04,1.472150308303512567e+00,6.000958012745279818e-02,1.239551444021259163e+00,1.820698387650149686e+00,1.365089419361572798e+00,1.277247527534121962e+00,3.809523809523809312e-01,8.333333333333333703e-01,3.681063965558522888e+00,0.000000000000000000e+00,1.666666666666666574e-01,3.692321342938402307e+00
6.251000018636767345e+04,1.070797188937143041e+00,5.899195878291258605e-02,1.018317976275265213e+00,1.478217393948136893e+00,9.943812000518190697e-01,8.979241643979379850e-01,7.142857142857143016e-01,1.000000000000000000e+00,3.652616757963863758e+00,0.000000000000000000e+00,1.666666666666666574e-01,3.652616757963863758e+00
6.252000018639748305e+04,6.332830861137230816e-01,4.453104173374757002e-02,1.293658796429583369e+00,1.697009277683435569e+00,8.348209191060266265e-01,9.044021102022576919e-01,7.142857142857143016e-01,1.000000000000000000e+00,3.659498882991111035e+00,4.166666666666666435e-02,3.333333333333333148e-01,3.882176854763396356e+00
6.253000018642729992e+04,1.056734987125531822e+00,5.812140845501087560e-02,1.620713587114058996e+00,1.572796336352230595e+00,9.759043611135282958e-01,8.585009816363724511e-01,7.142857142857143016e-01,1.000000000000000000e+00,3.553420641222117649e+00,4.166666666666666435e-02,3.333333333333333148e-01,3.487527695065907540e+00
6.254000018645710952e+04,1.237046495905834043e+00,5.965948249978742651e-02,1.718604116946558902e+00,1.590205606779252934e+00,1.083364078641762429e+00,9.931769669811839618e-01,4.761904761904761640e-01,1.000000000000000000e+00,3.773681889511465215e+00,0.000000000000000000e+00,1.666666666666666574e-01,3.572047067106831175e+00
6.255000018648692640e+04,7.687745125642944100e-01,3.648505701498468839e-02,7.979825262432872490e-01,1.887128424350322797e+00,5.383919341493211830e-01,5.734634965980771604e-01,4.285714285714285476e-01,1.000000000000000000e+00,3.735971761926597079e+00,0.000000000000000000e+00,1.666666666666666574e-01,3.451618742583948407e+00
6.256000018651674327e+04,1.148988570792208286e+00,6.235859149230107285e-02,1.397526256299728820e+00,1.546426661506375311e+00,1.079240443638860958e+00,9.732683372575959835e-01,4.285714285714285476e-01,8.333333333333333703e-01,3.665326202486796081e+00,4.166666666666666435e-02,3.333333333333333148e-01,4.071961535636057228e+00
6.257000018654655287e+04,1.230407261313583245e+00,4.508906752803839429e-02,1.261451663156529346e+00,1.541386019956397790e+00,1.369446372634376186e+00,1.326665762256582504e+00,3.809523809523809312e-01,1.000000000000000000e+00,3.774867253196177774e+00,0.000000000000000000e+00,1.666666666666666574e-01,3.689416426399667603e+00
6.258000018657636974e+04,6.952898629341250913e-01,4.075936008169093322e-02,1.384551475893536665e+00,1.500225676247720630e+00,9.336282200767991313e-01,9.150528146301615262e-01,7.142857142857143016e-01,1.000000000000000000e+00,3.839641957212409640e+00,4.166666666666666435e-02,3.333333333333333148e-01,3.644368388846597639e+00
6.259000018660617934e+04,1.118036804379638927e+00,6.400050270869538094e-02,1.143153348098532307e+00,1.679955571842119300e+00,9.495466760467210499e-01,9.444193045082793780e-01,7.619047619047618625e-01,1.000000000000000000e+00,3.612326420298116680e+00,0.000000000000000000e+00,1.666666666666666574e-01,3.703021060181480806e+00
6.260000018663599622e+04,1.007019019299591367e+00,4.965843677632686415e-02,1.215140331193447221e+00,1.760601737046441739e+00,1.086446693868502233e+00,1.031562206904487633e+00,4.761904761904761640e-01,1.000000000000000000e+00,3.690271041579756606e+00,0.000000000000000000e+00,1.666666666666666574e-01,3.562614176402330468e+00
6.261000018666581309e+04,9.350209091855635757e-01,5.420229632313559864e-02,1.012364511364687969e+00,1.568426332006572999e+00,1.013656316979228977e+00,9.527896555048450677e-01,6.190476190476190688e-01,1.000000000000000000e+00,3.603974906318796911e+00,0.000000000000000000e+00,1.666666666666666574e-01,3.366051255456362412e+00
6.262000018669562269e+04,1.189948382594252951e+00,3.498562143004012304e-02,1.100255970369053760e+00,1.762714570146760140e+00,1.290030672590051442e+00,1.135954454390891488e+00,7.142857142857143016e-01,8.333333333333333703e-01,3.530483270200749146e+00,0.000000000000000000e+00,1.666666666666666574e-01,3.381026357828041284e+00
6.263000018672543956e+04,1.122894660977434844e+00,5.667191175629377603e-02,9.257898717313034487e-01,1.700468792230293680e+00,8.789062339955986403e-01,7.950447736764481022e-01,3.333333333333333148e-01,8.333333333333333703e-01,3.561659794035784365e+00,0.000000000000000000e+00,1.666666666666666574e-01,3.561659794035784365e+00
6.264000018675525644e+04,1.171514419993692657e+00,5.482407385957092233e-02,1.621530902016308451e+00,1.642524735359679244e+00,1.467449723553520435e+00,1.385944649427165221e+00,6.666666666666666297e-01,1.000000000000000000e+00,3.536467595164609623e+00,4.166666666666666435e-02,3.333333333333333148e-01,3.372292635592188947e+00
6.265000018678506603e+04,1.557760882834147376e+00,4.382280829537595762e-02,1.585156229892866087e+00,1.541535380862355753e+00,1.350598846458570534e+00,1.230657322267717069e+00,5.714285714285713969e-01,8.333333333333333703e-01,3.594708082601784760e+00,4.166666666666666435e-02,3.333333333333333148e-01,3.414341124197137312e+00
6.266000018681488291e+04,9.444724048814502337e-01,6.526535181076491277e-02,1.066195922123642115e+00,2.064160315568512427e+00,7.169091460327164933e-01,6.591937587245106922e-01,5.238095238095238360e-01,1.000000000000000000e+00,3.755162911294217754e+00,0.000000000000000000e+00,1.666666666666666574e-01,3.657347452725122849e+00
6.267000018684469251e+04,1.026578778085398103e+00,6.219411099477051980e-02,1.237744004072459214e+00,2.463703475159102485e+00,8.699783552412181376e-01,8.085395605109321204e-01,7.142857142857143016e-01,8.333333333333333703e-01,3.687838721293823951e+00,4.166666666666666435e-02,3.333333333333333148e-01,3.659561358470914350e+00
6.268000018687450938e+04,7.699047534234750856e-01,5.836616729368061113e-02,1.196381239503572669e+00,1.405448586781592457e+00,7.554118279437292971e-01,7.631456717776419207e-01,7.619047619047618625e-01,1.000000000000000000e+00,3.657254058612590786e+00,4.166666666666666435e-02,3.333333333333333148e-01,3.636460470377895327e+00
6.269000018690432626e+04,1.369670498461233343e+00,6.287410182133106040e-02,1.158347620253029397e+00,1.667041075553116425e+00,1.205469578914249995e+00,1.057474447874799495e+00,5.238095238095238360e-01,1.000000000000000000e+00,3.872314025552485717e+00,4.166666666666666435e-02,3.333333333333333148e-01,3.275892083516607656e+00
6.270000018693413585e+04,1.022374461170298510e+00,5.727817103979262331e-02,1.269266589709969972e+00,1.964040337988510965e+00,1.036559880034351622e+00,8.395727777798576152e-01,4.285714285714285476e-01,8.333333333333333703e-01,3.686061143291242903e+00,8.333333333333332871e-02,3.333333333333333148e-01,3.972624368694073205e+00
6.271000018696395273e+04,1.170401445550748099e+00,4.750165149464317255e-02,1.476992481597476203e+00,2.176613781937197345e+00,1.232884567528631736e+00,1.036177976584682137e+00,6.190476190476190688e-01,1.000000000000000000e+00,3.589313200682557436e+00,8.333333333333332871e-02,3.333333333333333148e-01,3.330369704679584153e+00
6.272000018699376233e+04,8.659414975445701712e-01,4.652729383561359650e-02,1.121623751009803716e+00,1.500823661810983367e+00,6.026405324132595442e-01,4.817705142099845128e-01,4.761904761904761640e-01,8.333333333333333703e-01,3.964750429430671907e+00,4.166666666666666435e-02,3.333333333333333148e-01,3.985689316982193198e+00
6.273000018702357920e+04,1.449894731872230391e+00,6.945732343281424415e-02,9.460805444513226137e-01,2.297689135220327028e+00,9.577103165379622363e-01,7.912344359464076327e-01,5.714285714285713969e-01,1.000000000000000000e+00,3.537450652800744333e+00,0.000000000000000000e+00,1.666666666666666574e-01,3.537450652800744333e+00
6.274000018705339608e+04,1.414564801348271672e+00,6.975936325667037030e-02,1.021585316468338389e+00,1.672764592806669226e+00,1.095096997478145262e+00,9.598764852881603860e-01,2.857142857142856984e-01,8.333333333333333703e-01,3.405745544388947277e+00,0.000000000000000000e+00,1.666666666666666574e-01,3.405745544388947277e+00
6.275000018708320567e+04,1.391731279735792803e+00,5.290444875287038384e-02,1.063627601280330959e+00,1.437734243932250022e+00,1.179726539837272048e+00,1.062970261055760757e+00,5.238095238095238360e-01,1.000000000000000000e+00,3.733905610860162483e+00,4.166666666666666435e-02,3.333333333333333148e-01,3.751706861983814090e+00
6.276000018711302255e+04,1.410728658943784408e+00,6.101681728032774810e-02,1.065405177967944095e+00,1.597470927747267844e+00,1.054751488436316720e+00,9.473530817543244220e-01,2.857142857142856984e-01,8.333333333333333703e-01,3.671423882623486179e+00,0.000000000000000000e+00,1.666666666666666574e-01,3.883069531722700862e+00
6.277000018714283942e+04,1.384448275917084636e+00,7.300455776481122594e-02,1.295535830276243194e+00,1.506686519734214302e+00,1.247650845436581557e+00,1.182601422318489526e+00,3.333333333333333148e-01,8.333333333333333703e-01,3.625047948447803758e+00,4.166666666666666435e-02,3.333333333333333148e-01,3.625047948447803758e+00
6.278000018717264902e+04,1.097363522183522955e+00,5.607787085363233337e-02,1.526127599614110819e+00,1.517310278444951477e+00,1.158138341116937919e+00,1.103499595272643630e+00,3.809523809523809312e-01,8.333333333333333703e-01,3.351782752455402026e+00,0.000000000000000000e+00,1.666666666666666574e-01,3.951565173452596280e+00
6.279000018720246590e+04,1.464974943289450549e+00,4.306284489766396689e-02,9.416512412411032207e-01,1.592330246338191424e+00,1.235950134615078078e+00,1.104084685793206511e+00,2.380952380952380820e-01,8.333333333333333703e-01,3.781043383187585594e+00,0.000000000000000000e+00,1.666666666666666574e-01,4.295402721336155416e+00
6.280000018723227549e+04,1.438269218369069069e+00,6.545358448732503664e-02,8.696121803049524646e-01,1.547249514351860089e+00,1.386828518566891599e+00,1.169980121765667569e+00,4.761904761904761640e-01,8.333333333333333703e-01,3.735632460819334089e+00,0.000000000000000000e+00,1.666666666666666574e-01,3.746942685179303290e+00
6.281000018726209237e+04,1.714721471000871800e+00,6.378283552837142600e-02,1.143638026530043650e+00,1.856345533568987127e+00,1.407034585620668743e+00,1.222969193329683346e+00,5.714285714285713969e-01,8.333333333333333703e-01,3.627623163631754188e+00,0.000000000000000000e+00,1.666666666666666574e-01,3.787190178111521810e+00
6.282000018729190924e+04,1.204204715972691853e+00,7.850546754221195134e-02,1.270566764051002329e+00,1.435519240082317793e+00,8.335614933541449778e-01,6.743856110090634681e-01,4.285714285714285476e-01,8.333333333333333703e-01,3.402229200709876000e+00,0.000000000000000000e+00,1.666666666666666574e-01,3.251511124091773119e+00
6.283000018732171884e+04,1.232123394399848859e+00,6.843953159907469053e-02,1.035785495607116191e+00,2.643770196501233016e+00,1.220845248723450682e+00,1.142407204479892080e+00,4.285714285714285476e-01,1.000000000000000000e+00,3.569867053880223740e+00,0.000000000000000000e+00,1.666666666666666574e-01,4.042106279420276671e+00
6.284000018735153571e+04,1.438552016273958012e+00,4.776361375267302450e-02,9.166461339825722199e-01,1.619262354155196926e+00,9.232753664652738612e-01,8.631746139995049028e-01,5.238095238095238360e-01,8.333333333333333703e-01,3.568624322897115508e+00,4.166666666666666435e-02,3.333333333333333148e-01,3.597917306038564078e+00
6.285000018738134531e+04,1.571618281815400309e+00,3.771044984744857664e-02,1.181596009789730450e+00,1.910770780255733436e+00,1.278814477867572075e+00,1.126076485810445726e+00,3.333333333333333148e-01,8.333333333333333703e-01,3.857711233071655865e+00,0.000000000000000000e+00,1.666666666666666574e-01,3.795130990263263726e+00
6.286000018741116219e+04,1.046872561973863913e+00,5.785718967993800504e-02,1.093351894299234850e+00,1.739456054320589029e+00,8.224283924630980680e-01,7.556782968638351417e-01,3.809523809523809312e-01,8.333333333333333703e-01,3.418078860133304087e+00,0.000000000000000000e+00,1.666666666666666574e-01,3.418078860133304087e+00
6.287000018744097906e+04,1.272297327052400950e+00,5.479446337057597427e-02,1.152096395221521963e+00,1.992272168871575877e+00,8.284555226422626317e-01,6.133264446581521145e-01,1.428571428571428492e-01,6.666666666666666297e-01,3.732871971578197279e+00,0.000000000000000000e+00,1.666666666666666574e-01,4.044312389392276330e+00
6.288000018747078866e+04,1.037395848121261510e+00,8.420807111247866072e-02,1.863303641005532141e+00,1.419086795706904880e+00,9.865750253991719676e-01,9.095831151056610331e-01,2.380952380952380820e-01,8.333333333333333703e-01,3.599981627600680412e+00,4.166666666666666435e-02,3.333333333333333148e-01,4.090925911458286990e+00
6.289000018750060553e+04,9.341417028444964910e-01,5.165068996408134910e-02,1.689459644978991371e+00,1.710580377482979531e+00,1.110364770891495656e+00,1.058334213482943875e+00,3.333333333333333148e-01,8.333333333333333703e-01,3.571553977369667621e+00,0.000000000000000000e+00,1.666666666666666574e-01,4.421072686314419187e+00
6.290000018753041513e+04,9.154907154226382682e-01,6.813563062379379698e-02,1.049047998002915483e+00,1.503877446794181560e+00,7.007325141835688553e-01,5.295170565329180290e-01,3.809523809523809312e-01,1.000000000000000000e+00,3.622522321801553868e+00,0.000000000000000000e+00,1.666666666666666574e-01,3.723643459046072302e+00
6.291000018756023201e+04,6.934012407051394211e-01,5.539472269081947148e-02,6.947662080113088390e-01,1.508911621336629594e+00,7.981501970865799711e-01,6.851630259002476908e-01,7.142857142857143016e-01,1.000000000000000000e+00,3.351562597060833593e+00,4.166666666666666435e-02,3.333333333333333148e-01,4.027216807036619883e+00
6.292000018759004888e+04,9.503406970176890844e-01,3.674260156177147629e-02,6.272502711737676373e-01,1.523305408404922012e+00,1.080878953093797668e+00,9.449657915989114754e-01,4.285714285714285476e-01,1.000000000000000000e+00,3.394377119114962316e+00,0.000000000000000000e+00,1.666666666666666574e-01,3.394377119114962316e+00
6.293000018761985848e+04,9.411132304895352130e-01,5.097039858651073591e-02,1.530495932275690585e+00,1.584035185040353788e+00,6.805415086948118919e-01,7.251123086772464088e-01,6.190476190476190688e-01,1.000000000000000000e+00,3.410673045256126468e+00,0.000000000000000000e+00,1.666666666666666574e-01,4.024967643508215787e+00
6.294000018764967535e+04,6.189835628754379870e-01,7.252071164445213214e-02,7.543754090016623337e-01,1.978080240179074467e+00,5.223360158345344839e-01,3.912276017454068278e-01,4.285714285714285476e-01,1.000000000000000000e+00,3.761560275868747638e+00,4.166666666666666435e-02,3.333333333333333148e-01,3.908926048963966782e+00
6.295000018767949223e+04,1.201147821326493892e+00,6.477133510564613006e-02,6.372068790979799058e-01,1.903905496276768528e+00,9.875243339011254839e-01,8.163994956480198351e-01,3.809523809523809312e-01,1.000000000000000000e+00,3.733307908560590249e+00,4.166666666666666435e-02,3.333333333333333148e-01,3.653861612674149661e+00
6.296000018770930183e+04,1.238819986482304847e+00,6.079933962161022248e-02,1.939671435328769622e+00,3.045441197896478158e+00,3.293302928485209446e-01,4.701097020212337552e-01,4.761904761904761640e-01,8.333333333333333703e-01,3.692207674108378690e+00,4.166666666666666435e-02,3.333333333333333148e-01,3.692207674108378690e+00
6.297000018773911870e+04,1.197104196446769242e+00,4.912022139446052538e-02,1.098665831100317458e+00,1.462130682058840891e+00,9.771837218912347023e-01,9.579136735077079523e-01,5.238095238095238360e-01,1.000000000000000000e+00,3.751241558823214195e+00,0.000000000000000000e+00,1.666666666666666574e-01,3.847712139993996860e+00
6.298000018776892830e+04,1.041404401461563545e+00,6.331607785871452843e-02,8.117430556410757392e-01,1.418640192964021329e+00,9.736195405388390345e-01,9.115906496646410950e-01,4.285714285714285476e-01,8.333333333333333703e-01,3.759238569947922048e+00,4.166666666666666435e-02,3.333333333333333148e-01,3.854279893726958228e+00
6.299000018779874517e+04,1.154408106472347484e+00,4.417913925176141648e-02,7.142529812723173999e-01,1.359863122542602998e+00,9.726626237043407563e-01,8.315610821412021680e-01,4.761904761904761640e-01,8.333333333333333703e-01,3.945623246892611569e+00,4.166666666666666435e-02,3.333333333333333148e-01,3.973370686679102537e+00
6.300000018782856205e+04,1.568734377842150085e+00,4.915269455962857637e-02,9.194494135931804424e-01,1.715406776096297214e+00,1.203451732717501610e+00,1.025172372690852818e+00,5.714285714285713969e-01,8.333333333333333703e-01,3.505611886745381600e+00,0.000000000000000000e+00,1.666666666666666574e-01,3.505611886745381600e+00
6.301000018785837165e+04,1.850539367513164279e+00,7.282796910025425563e-02,1.260016699541832264e+00,1.578913724175628586e+00,1.478921722299011865e+00,1.277374795689583564e+00,3.333333333333333148e-01,8.333333333333333703e-01,3.778598134433402755e+00,0.000000000000000000e+00,1.666666666666666574e-01,3.567208864221569353e+00
6.302000018788818852e+04,1.365232084276676527e+00,6.587584764630513567e-02,7.793834978411611214e-01,1.413160457075852916e+00,1.260767050585961391e+00,1.082278505423771575e+00,3.333333333333333148e-01,8.333333333333333703e-01,3.345274658760282183e+00,0.000000000000000000e+00,1.666666666666666574e-01,3.345274658760282183e+00
6.303000018791799812e+04,1.316385588129928230e+00,4.234042661616936598e-02,5.020532588363890714e-01,2.036830952159821351e+00,8.694941248759193719e-01,5.930182727666614140e-01,3.809523809523809312e-01,8.333333333333333703e-01,3.783054620602481766e+00,0.000000000000000000e+00,1.666666666666666574e-01,4.340368825862830349e+00
6.304000018794781499e+04,1.117481265066509577e+00,6.514755470421432215e-02,8.967623759750708023e-01,1.805646879911494418e+00,9.916878961450479313e-01,7.128200153692592078e-01,4.761904761904761640e-01,8.333333333333333703e-01,3.617912189933237155e+00,4.166666666666666435e-02,3.333333333333333148e-01,3.703355279503235398e+00
6.305000018797763187e+04,1.343103583257346356e+00,4.677820916256974354e-02,1.427160679371208607e+00,1.392298780186640883e+00,1.003112803277730336e+00,8.631289848917836904e-01,5.714285714285713969e-01,8.333333333333333703e-01,3.438798991545625849e+00,0.000000000000000000e+00,1.666666666666666574e-01,3.653585149006695953e+00
6.306000018800744147e+04,1.324366650934067025e+00,5.202008112876085888e-02,7.851791368581292341e-01,2.017300180083522854e+00,1.105346778127188179e+00,9.426020578172897846e-01,3.333333333333333148e-01,1.000000000000000000e+00,3.815820578474530933e+00,0.000000000000000000e+00,1.666666666666666574e-01,3.815820578474530933e+00
6.307000018803725834e+04,1.342596660664265862e+00,6.111101664185917409e-02,1.030081589872064551e+00,1.752454727405990287e+00,8.570170281925150180e-01,7.064036248235241455e-01,4.761904761904761640e-01,1.000000000000000000e+00,3.844651963266545902e+00,0.000000000000000000e+00,1.666666666666666574e-01,3.844651963266545902e+00
6.308000018806706794e+04,1.363587182590886071e+00,3.775823704061651021e-02,1.428658760615152401e+00,1.499172654136767813e+00,9.868717317289450452e-01,7.886667193427980838e-01,6.190476190476190688e-01,8.333333333333333703e-01,3.747299143655661524e+00,8.333333333333332871e-02,3.333333333333333148e-01,3.806211834773166824e+00
6.309000018809688481e+04,1.299552911599514582e+00,5.089653469027487220e-02,7.081753487032850236e-01,1.689231812798543064e+00,9.799657137649639971e-01,7.467572343289382575e-01,6.190476190476190688e-01,8.333333333333333703e-01,3.757858955564477021e+00,4.166666666666666435e-02,3.333333333333333148e-01,3.944386170657169899e+00
6.310000018812670169e+04,1.524678287201774340e+00,7.495238970455285477e-02,1.119149879279956350e+00,1.448202140473276778e+00,1.272917014498152977e+00,1.085774714508338956e+00,6.666666666666666297e-01,8.333333333333333703e-01,3.419544038752740267e+00,0.000000000000000000e+00,1.666666666666666574e-01,3.419544038752740267e+00
6.311000018815651129e+04,1.675697198416623790e+00,5.847030635909929858e-02,8.803813289180850710e-01,1.959287831988153705e+00,1.368375203583920285e+00,1.190925501348903959e+00,3.809523809523809312e-01,8.333333333333333703e-01,3.491835935938365054e+00,0.000000000000000000e+00,1.666666666666666574e-01,3.491835935938365054e+00
6.312000018818632816e+04,1.243198523482913043e+00,5.355513660905924372e-02,7.997712275819104377e-01,1.094737426714580630e+00,8.243671553605387281e-01,6.855228459236666350e-01,3.333333333333333148e-01,8.333333333333333703e-01,3.834369755164138471e+00,4.166666666666666435e-02,3.333333333333333148e-01,3.624794135347400470e+00
6.313000018821614503e+04,1.262059234568984500e+00,4.915725615638402018e-02,3.433629031529888964e-01,1.525901610064408276e+00,1.096254098373690145e+00,9.703876176991497182e-01,4.761904761904761640e-01,1.000000000000000000e+00,3.298289358058234644e+00,0.000000000000000000e+00,1.666666666666666574e-01,4.029866067787729378e+00
6.314000018824595463e+04,1.041052634807549948e+00,4.565223205320773775e-02,1.171049272651427886e+00,1.204731212514990046e+00,8.544588368486391028e-01,6.922536545112288886e-01,6.666666666666666297e-01,8.333333333333333703e-01,3.280687573158764359e+00,0.000000000000000000e+00,1.666666666666666574e-01,4.093349634769062995e+00
6.315000018827577151e+04,1.319926857119851027e+00,5.768181154988192422e-02,1.358196487061352764e+00,2.531615543310736793e+00,4.380566008498802955e-01,4.879231321928965137e-01,4.761904761904761640e-01,1.000000000000000000e+00,3.594397264165754446e+00,0.000000000000000000e+00,1.666666666666666574e-01,4.401541340910315903e+00
6.316000018830558110e+04,1.537832763756966870e+00,4.835057486614610656e-02,5.785342153088907091e-01,9.883561771830842169e-01,3.875111053749823453e-01,1.514770137329325694e-01,5.714285714285713969e-01,8.333333333333333703e-01,3.504074940239575220e+00,1.250000000000000000e-01,3.333333333333333148e-01,3.580827102514922533e+00
6.317000018833539798e+04,1.371978928628981631e+00,5.564434057187555432e-02,1.289310592216253770e+00,1.730314130057806432e+00,5.128719785834257028e-01,4.834367758300702755e-01,5.714285714285713969e-01,8.333333333333333703e-01,3.789997531030794509e+00,8.333333333333332871e-02,3.333333333333333148e-01,3.789997531030794509e+00
6.318000018836521485e+04,1.595848601770605946e+00,4.131287036754736908e-02,7.603617612446688101e-01,1.290957187812967311e+00,6.307378438044717317e-01,3.342534019531200329e-01,5.238095238095238360e-01,6.666666666666666297e-01,3.728407042334642263e+00,0.000000000000000000e+00,1.666666666666666574e-01,3.769606857892695118e+00
6.319000018839502445e+04,1.472572187346543160e+00,8.631659115469125787e-02,1.677107736319117581e+00,2.948664994014458696e+00,2.009209249995890512e-01,3.561738776745833612e-01,4.285714285714285476e-01,6.666666666666666297e-01,3.726109242959770196e+00,8.333333333333332871e-02,3.333333333333333148e-01,4.066259455653144173e+00
6.320000018842484133e+04,1.631482562086949306e+00,8.178055264626300780e-02,1.996436838861375795e+00,3.141064589815833585e+00,5.520030987272620537e-01,4.848956556339136248e-01,6.190476190476190688e-01,6.666666666666666297e-01,3.414557308854337503e+00,8.333333333333332871e-02,3.333333333333333148e-01,3.366110115544198145e+00
6.321000018845465092e+04,9.381745043758908942e-01,5.632440274826750609e-02,7.165395040032748186e-01,1.500494446106482194e+00,4.765678299189862188e-01,5.927896485541259697e-01,5.714285714285713969e-01,8.333333333333333703e-01,3.718801810774919225e+00,4.166666666666666435e-02,3.333333333333333148e-01,4.021953273832283848e+00
6.322000018848446780e+04,9.618984175346048104e-01,6.505679325848015560e-02,1.585374360426186957e+00,2.926196704571372376e+00,3.559225157840033016e-01,2.375785265682542613e-01,5.714285714285713969e-01,1.000000000000000000e+00,3.818415074025793388e+00,8.333333333333332871e-02,3.333333333333333148e-01,3.873137580927977996e+00
6.323000018851428467e+04,1.235919741632867552e+00,6.732577072701625975e-02,6.663378307148211110e-01,1.602925145439864751e+00,5.629540760944381494e-01,6.628288407096749602e-01,6.190476190476190688e-01,1.000000000000000000e+00,3.734199029855801211e+00,4.166666666666666435e-02,3.333333333333333148e-01,3.517506050302321885e+00
6.324000018854409427e+04,1.207310490272568426e+00,8.642093536271265586e-02,1.471807340222083038e+00,2.024366574887601189e+00,3.478356290179382970e-01,4.677009601006320016e-01,5.714285714285713969e-01,1.000000000000000000e+00,3.659046625411423559e+00,4.166666666666666435e-02,3.333333333333333148e-01,3.701008458232350584e+00
6.325000018857391115e+04,9.976446643803283942e-01,4.949005938978793401e-02,6.097473845151960559e-01,9.380224735177362660e-01,2.938900058432308282e-01,3.135900591203817922e-01,4.761904761904761640e-01,1.000000000000000000e+00,3.745198638773685751e+00,8.333333333333332871e-02,3.333333333333333148e-01,3.865246545347640783e+00
6.326000018860372802e+04,1.373265679792393001e+00,4.892257891862756419e-02,7.549374345287709343e-01,9.800041606612486245e-01,3.656957486022777148e-01,2.737336952810797697e-01,4.761904761904761640e-01,8.333333333333333703e-01,3.691306499409829911e+00,4.166666666666666435e-02,3.333333333333333148e-01,3.791232543912818276e+00
6.327000018863353762e+04,9.653351662943450151e-01,6.131546897333409185e-02,8.894654600641274111e-01,1.331834134743822284e+00,2.631124367665774733e-01,3.588263429435681329e-01,6.666666666666666297e-01,1.000000000000000000e+00,3.280776477291963200e+00,0.000000000000000000e+00,1.666666666666666574e-01,3.280776477291963200e+00
6.328000018866335449e+04,1.068296501379583763e+00,4.288533454699147013e-02,6.375971562856571628e-01,1.434964595211021710e+00,5.028447967153775178e-01,4.645110468429829997e-01,4.285714285714285476e-01,1.000000000000000000e+00,3.198390289571059419e+00,4.166666666666666435e-02,3.333333333333333148e-01,3.883479809701781083e+00
6.329000018869316409e+04,1.057719631113172909e+00,8.320984591620445014e-02,5.437782942135899189e-01,1.592839654314985420e+00,7.762810801825552609e-01,7.227203601595203475e-01,6.190476190476190688e-01,1.000000000000000000e+00,3.744561277395054510e+00,4.166666666666666435e-02,3.333333333333333148e-01,3.744561277395054510e+00
6.330000018872298097e+04,9.403053570870338884e-01,5.747130012063041138e-02,1.761950498855177960e+00,1.256351810681826997e+00,5.654038481554689577e-01,4.925924639055162535e-01,3.809523809523809312e-01,1.000000000000000000e+00,3.430217838895954774e+00,8.333333333333332871e-02,3.333333333333333148e-01,3.430217838895954774e+00
6.331000018875279784e+04,8.928030260066849300e-01,4.620974369924198133e-02,9.045411274923943479e-01,1.395248366952888119e+00,5.980662337875728429e-01,4.643621823436874241e-01,6.190476190476190688e-01,8.333333333333333703e-01,3.631866098308631052e+00,0.000000000000000000e+00,0.000000000000000000e+00,4.606636476374159628e+00
6.332000018878260744e+04,8.213615750451381814e-01,5.016873514324088346e-02,7.225191586621637629e-01,1.457049940482935346e+00,5.094340695461095914e-01,5.723093091765993901e-01,4.285714285714285476e-01,8.333333333333333703e-01,3.529587575623610807e+00,0.000000000000000000e+00,1.666666666666666574e-01,3.642691709009772794e+00
6.333000018881242431e+04,1.239439960760920778e+00,2.097446879452717280e-02,1.306667243433362824e+00,1.289985969243092390e+00,8.066593671035868773e-01,8.011306710741760151e-01,5.238095238095238360e-01,1.000000000000000000e+00,3.518238337038020802e+00,4.166666666666666435e-02,3.333333333333333148e-01,3.873137481115732417e+00
6.334000018884223391e+04,1.200500023300711261e+00,6.683158968764943419e-02,7.257367819702620348e-01,1.251554903200170932e+00,6.061869870328501220e-01,6.943493298489386012e-01,3.333333333333333148e-01,1.000000000000000000e+00,3.925819873762844470e+00,4.166666666666666435e-02,3.333333333333333148e-01,3.925819873762844470e+00
6.335000018887205078e+04,1.130526844929629515e+00,7.963188942645355040e-02,9.219854941192541231e-01,2.278785722787473045e+00,8.513047504979889268e-01,7.912986902625729346e-01,5.714285714285713969e-01,1.000000000000000000e+00,3.660187412593615797e+00,4.166666666666666435e-02,3.333333333333333148e-01,3.593644444406751237e+00
6.336000018890186766e+04,1.305717543454867346e+00,4.969207556536818504e-02,9.747502967958693310e-01,1.213456294584158046e+00,1.288184568720963430e+00,1.165854356115572310e+00,5.714285714285713969e-01,1.000000000000000000e+00,3.773698397602313737e+00,0.000000000000000000e+00,1.666666666666666574e-01,3.773698397602313737e+00
6.337000018893167726e+04,1.133133908611096086e+00,5.692242835013765906e-02,1.760060215487128987e+00,3.151578903246231800e+00,7.330039507530934362e-01,6.038626224488687910e-01,5.714285714285713969e-01,8.333333333333333703e-01,3.608815055198916433e+00,0.000000000000000000e+00,1.666666666666666574e-01,3.716534153309714483e+00
6.338000018896149413e+04,8.371118932676473445e-01,6.522263188795734967e-02,7.411060689387255485e-01,2.016565411815371966e+00,5.332538896142966500e-01,5.281941833315622059e-01,4.285714285714285476e-01,8.333333333333333703e-01,3.463159101331873213e+00,4.166666666666666435e-02,3.333333333333333148e-01,3.463159101331873213e+00
6.339000018899130373e+04,7.865265617271768317e-01,6.452140542953985203e-02,7.203977475161228439e-01,1.380174473088304321e+00,4.234048190036893700e-01,3.242872931881070064e-01,4.285714285714285476e-01,1.000000000000000000e+00,3.754686690985093112e+00,0.000000000000000000e+00,1.666666666666666574e-01,3.279200740024017513e+00
6.340000018902112060e+04,1.344722205379837332e+00,6.211057089890862498e-02,1.424462476845091974e+00,1.573038432250813745e+00,6.001837088153723077e-01,3.892403304332288094e-01,3.809523809523809312e-01,8.333333333333333703e-01,3.706275913732548055e+00,4.166666666666666435e-02,3.333333333333333148e-01,3.906517955878238357e+00
6.341000018905093748e+04,1.249741689265120526e+00,4.465474065116717406e-02,8.552579167947057526e-01,1.967088751874105812e+00,4.390154108236167807e-01,3.381751764289580575e-01,4.285714285714285476e-01,6.666666666666666297e-01,3.571604157751832265e+00,4.166666666666666435e-02,3.333333333333333148e-01,3.571604157751832265e+00
6.342000018908074708e+04,8.459477020542421899e-01,5.423983849385818901e-02,8.976379681081131379e-01,1.389998544168036254e+00,3.660980586854590269e-01,4.045114283556001111e-01,5.238095238095238360e-01,1.000000000000000000e+00,3.822083343006211553e+00,0.000000000000000000e+00,1.666666666666666574e-01,3.822083343006211553e+00
6.343000018911056395e+04,6.369476011990597986e-01,4.356774626000566031e-02,6.388022693785566641e-01,1.562730842799064268e+00,5.249580583010584611e-01,2.772748453305858840e-01,7.142857142857143016e-01,1.000000000000000000e+00,3.780204308981519379e+00,4.166666666666666435e-02,3.333333333333333148e-01,3.780204308981519379e+00
6.344000018914038083e+04,1.405162738309648551e+00,6.793611896736460876e-02,6.063380807699242370e-01,1.439251374367705338e+00,3.060191924148341625e-01,1.743957850496792861e-01,4.285714285714285476e-01,6.666666666666666297e-01,3.464218575291439173e+00,8.333333333333332871e-02,3.333333333333333148e-01,3.325370828745956242e+00
6.345000018917019042e+04,1.339696087115151091e+00,4.321065318499417440e-02,8.827952573467228170e-01,2.400864062310119174e+00,7.191602599580885213e-01,6.830213472611957881e-01,2.380952380952380820e-01,6.666666666666666297e-01,3.508015501373103806e+00,8.333333333333332871e-02,3.333333333333333148e-01,3.578854970650123590e+00
6.346000018920000730e+04,8.209431164814618986e-01,6.754813063719165844e-02,9.784081428723803153e-01,1.429941048861608444e+00,5.105500499532898973e-01,6.129610609917726105e-01,5.238095238095238360e-01,1.000000000000000000e+00,3.667158100118974584e+00,4.166666666666666435e-02,3.333333333333333148e-01,3.318250718702988156e+00
6.347000018922981690e+04,1.433948332529704883e+00,6.553862679880745334e-02,2.493808883749565997e+00,1.558402097420458210e+00,8.144411025952206229e-01,7.047271464812324693e-01,3.809523809523809312e-01,1.000000000000000000e+00,3.826392658883054576e+00,4.166666666666666435e-02,3.333333333333333148e-01,3.622165155701122519e+00
6.348000018925963377e+04,9.733585144093266361e-01,6.280356877369673574e-02,1.288666074769218683e+00,1.339251422437470529e+00,5.599971028537974460e-01,7.520864180093990159e-01,4.761904761904761640e-01,8.333333333333333703e-01,3.429031705659229434e+00,4.166666666666666435e-02,3.333333333333333148e-01,3.429031705659229434e+00
6.349000018928945065e+04,1.128571068315637360e+00,5.915032414299490476e-02,5.266464625716302805e-01,1.645801721661903860e+00,1.143114377584362629e+00,9.993657873285123339e-01,3.809523809523809312e-01,8.333333333333333703e-01,3.477229588243940572e+00,0.000000000000000000e+00,1.666666666666666574e-01,3.477229588243940572e+00
6.350000018931926024e+04,1.335293617649053299e+00,4.114639602512600719e-02,6.368391126352171971e-01,1.544110869855039203e+00,4.881908846147418601e-01,4.835886153235714469e-01,4.285714285714285476e-01,8.333333333333333703e-01,3.452344354795627623e+00,4.166666666666666435e-02,3.333333333333333148e-01,3.186331563213248064e+00
6.351000018934907712e+04,1.093110929464570225e+00,5.612966297109486108e-02,4.628561887078745385e-01,1.341992752931965294e+00,1.217440326596477940e+00,1.115585231289895507e+00,7.142857142857143016e-01,1.000000000000000000e+00,3.505464017605186555e+00,4.166666666666666435e-02,3.333333333333333148e-01,3.660185322720761025e+00
6.352000018937888672e+04,9.567250610006690081e-01,6.128712158388888859e-02,4.455157833663368483e-01,1.585292931480083434e+00,5.537043467182231060e-01,4.707272306375958615e-01,6.666666666666666297e-01,1.000000000000000000e+00,3.595730149893670902e+00,0.000000000000000000e+00,1.666666666666666574e-01,3.595730149893670902e+00
6.353000018940870359e+04,5.421204529746174172e-01,5.261572699813438225e-02,1.204941287438177744e+00,1.296203368723751304e+00,1.613701972718956656e-01,2.680207051862326662e-01,8.095238095238095344e-01,1.000000000000000000e+00,3.556646471186179603e+00,8.333333333333332871e-02,3.333333333333333148e-01,3.411738372704295585e+00
6.354000018943852047e+04,1.149099831485578926e+00,6.191230018626370235e-02,1.122381167605030816e+00,1.795553600747750833e+00,9.337087109378635619e-01,7.018756646670460952e-01,5.714285714285713969e-01,1.000000000000000000e+00,3.581984396376850288e+00,0.000000000000000000e+00,1.666666666666666574e-01,3.609761564673052536e+00
6.355000018946833006e+04,8.751436947039693548e-01,6.541219509978266067e-02,2.186515345101175622e+00,1.596778777198748500e+00,7.279180842017728414e-01,5.849842897120482998e-01,7.142857142857143016e-01,1.000000000000000000e+00,3.690906375634833037e+00,4.166666666666666435e-02,3.333333333333333148e-01,3.923885725820286829e+00
6.356000018949814694e+04,1.035821111461773469e+00,5.680363118997889399e-02,1.133101537515480484e+00,1.487952307694742959e+00,6.342301097161888723e-01,3.543639413212142930e-01,3.809523809523809312e-01,8.333333333333333703e-01,3.855588936712418313e+00,4.166666666666666435e-02,3.333333333333333148e-01,3.855588936712418313e+00
6.357000018952796381e+04,1.226746586146329587e+00,4.063076429836267461e-02,6.247826477400203471e-01,1.555858274666252816e+00,4.160365892876874971e-01,2.000848128712445495e-01,5.238095238095238360e-01,8.333333333333333703e-01,3.372626938809661024e+00,4.166666666666666435e-02,3.333333333333333148e-01,3.372626938809661024e+00
6.358000018955777341e+04,1.211294719591758939e+00,5.829001920834649825e-02,1.118402791669921736e+00,1.832989162506178049e+00,9.958956029507296526e-01,7.780839900717876345e-01,5.714285714285713969e-01,8.333333333333333703e-01,3.333807873307337744e+00,0.000000000000000000e+00,1.666666666666666574e-01,3.333807873307337744e+00
6.359000018958759028e+04,9.594990160986588412e-01,4.566826351765311542e-02,9.080282286420247040e-01,1.667943833150619559e+00,7.834063481666175832e-01,6.372097609093664294e-01,5.714285714285713969e-01,1.000000000000000000e+00,3.881648352499808663e+00,4.166666666666666435e-02,3.333333333333333148e-01,3.990005713953473254e+00
6.360000018961739988e+04,1.232671959006070184e+00,4.710291486509630976e-02,7.514957431011936029e-01,2.039642400038716552e+00,7.942966200336943894e-01,6.080958946295464962e-01,4.285714285714285476e-01,1.000000000000000000e+00,3.791527780343264542e+00,4.166666666666666435e-02,3.333333333333333148e-01,3.791527780343264542e+00
6.361000018964721676e+04,1.712262347493764825e+00,5.717469805954499690e-02,4.942831848485328416e-01,1.690322355106372854e+00,7.365411400198126346e-01,5.553861050430706214e-01,3.333333333333333148e-01,5.000000000000000000e-01,3.629007856835463564e+00,4.166666666666666435e-02,3.333333333333333148e-01,3.724537573121760925e+00
6.362000018967703363e+04,9.665803581686921442e-01,6.222078714120739956e-02,6.534680079109254081e-01,1.540949244304594012e+00,7.751691108256236751e-01,5.235917924490114395e-01,5.714285714285713969e-01,1.000000000000000000e+00,3.822217147678281801e+00,0.000000000000000000e+00,1.666666666666666574e-01,3.894063248571939084e+00
6.363000018970684323e+04,8.113272835677937111e-01,2.493570013781625308e-02,1.501583347493042675e+00,1.838833668018460932e+00,4.791490960901571006e-01,1.944517603233249792e-01,5.714285714285713969e-01,8.333333333333333703e-01,3.656910743656290652e+00,0.000000000000000000e+00,1.666666666666666574e-01,3.656910743656290652e+00
6.364000018973666010e+04,1.266021962926642930e+00,4.455172314692163599e-02,1.189860549243652033e+00,1.786094765554691044e+00,6.790467750137161307e-01,4.558075494541999895e-01,4.761904761904761640e-01,5.000000000000000000e-01,3.629588844662500868e+00,4.166666666666666435e-02,3.333333333333333148e-01,3.629588844662500868e+00
6.365000018976646970e+04,1.186726390021473287e+00,4.152278265084692610e-02,1.964368132365067687e+00,1.561091260857689456e+00,1.152320565973665278e+00,9.840057447373786736e-01,6.666666666666666297e-01,1.000000000000000000e+00,3.732504516837547914e+00,4.166666666666666435e-02,3.333333333333333148e-01,3.700963508693114079e+00
6.366000018979628658e+04,9.757010531544392240e-01,5.965624859817978548e-02,1.402095216853670001e+00,1.642727825099023820e+00,8.765983900215545965e-01,7.621061764899986768e-01,8.095238095238095344e-01,1.000000000000000000e+00,3.511304468861999872e+00,4.166666666666666435e-02,3.333333333333333148e-01,3.361859937353874006e+00
6.367000018982610345e+04,1.078871549043887823e+00,4.540734948349106626e-02,9.879372156940529059e-01,1.687142970624152749e+00,1.041212906647411840e+00,8.636059155536153220e-01,6.190476190476190688e-01,1.000000000000000000e+00,3.648807949568303677e+00,4.166666666666666435e-02,3.333333333333333148e-01,3.748248607324531356e+00
6.368000018985591305e+04,7.343365442895818385e-01,7.077199708345464912e-02,1.350970522065397361e+00,1.777986506225022190e+00,9.430849097991853558e-01,8.337218065745698459e-01,3.333333333333333148e-01,1.000000000000000000e+00,3.755278964486104432e+00,4.166666666666666435e-02,3.333333333333333148e-01,3.839529508362180543e+00
6.369000018988572992e+04,1.392000053668721371e+00,5.678859572966560298e-02,1.151983141625839924e+00,1.421529747631824048e+00,1.191252075791128240e+00,1.004029161543639415e+00,4.285714285714285476e-01,8.333333333333333703e-01,3.644140791206708752e+00,4.166666666666666435e-02,3.333333333333333148e-01,3.752494801982117600e+00
6.370000018991553952e+04,1.052144143158287637e+00,4.688129260827224309e-02,9.121926240155543431e-01,2.343470056943750990e+00,1.014653705980631093e+00,8.250186793204644653e-01,3.333333333333333148e-01,8.333333333333333703e-01,3.681443654738079552e+00,0.000000000000000000e+00,1.666666666666666574e-01,3.708903372930647535e+00
6.371000018994535640e+04,1.113278496218851554e+00,4.944374238963730045e-02,6.346696259226414227e-01,1.871939041710154239e+00,9.235826054248720274e-01,7.818547004654151644e-01,3.809523809523809312e-01,1.000000000000000000e+00,3.498386918089544384e+00,0.000000000000000000e+00,1.666666666666666574e-01,3.498386918089544384e+00
6.372000018997517327e+04,1.223723894745161411e+00,5.859286576878251773e-02,1.074968098941523564e+00,1.911584609413300884e+00,7.202617038670006133e-01,7.225281753304978460e-01,5.714285714285713969e-01,8.333333333333333703e-01,3.692110170235953337e+00,4.166666666666666435e-02,3.333333333333333148e-01,3.692110170235953337e+00
6.373000019000498287e+04,1.391959704467777614e+00,4.626205722642396517e-02,7.035999600016904498e-01,2.067515659807393380e+00,6.213907066174351179e-01,3.362264172556765351e-01,6.190476190476190688e-01,8.333333333333333703e-01,3.638763076784811812e+00,8.333333333333332871e-02,3.333333333333333148e-01,3.638763076784811812e+00
6.374000019003479974e+04,1.110545631177688453e+00,4.758207652293555689e-02,7.765934664671046983e-01,1.793643221099075369e+00,7.550432601226761964e-01,5.158305290905331741e-01,6.190476190476190688e-01,6.666666666666666297e-01,3.443291884304290118e+00,4.166666666666666435e-02,3.333333333333333148e-01,3.514134022147457959e+00
6.375000019006461662e+04,1.150771642836250663e+00,6.225374958150936555e-02,5.100003960422840876e-01,1.701619877193148112e+00,5.197102083946079087e-01,4.700952855872255198e-01,4.761904761904761640e-01,5.000000000000000000e-01,3.787941242416248855e+00,4.166666666666666435e-02,3.333333333333333148e-01,3.657373477121607763e+00
6.376000019009442622e+04,1.209792771911926357e+00,4.785532016709451164e-02,9.016394532642365567e-01,2.403759496960784947e+00,7.429015073206959308e-01,4.476756371840652782e-01,5.714285714285713969e-01,8.333333333333333703e-01,3.789673353949721157e+00,8.333333333333332871e-02,3.333333333333333148e-01,3.747282063302047828e+00
6.377000019012424309e+04,1.179355929788520330e+00,6.529840746557030728e-02,9.273836376455290020e-01,1.633476468283474592e+00,1.134354379609270991e+00,9.793713073561661764e-01,7.619047619047618625e-01,1.000000000000000000e+00,3.429344575075049750e+00,0.000000000000000000e+00,1.666666666666666574e-01,3.429344575075049750e+00
6.378000019015405269e+04,1.100258869512487303e+00,5.851548310413953735e-02,1.170874187199953509e+00,1.771325456407868426e+00,8.204685372930491383e-01,6.381607757210645548e-01,5.714285714285713969e-01,1.000000000000000000e+00,3.742180901897040446e+00,4.166666666666666435e-02,3.333333333333333148e-01,3.734823940553904986e+00
6.379000019018386956e+04,1.042074156877565549e+00,3.982991333298649406e-02,7.340781071073709807e-01,2.789533082578298462e+00,7.466671939694339288e-01,6.854562814132810766e-01,7.142857142857143016e-01,1.000000000000000000e+00,3.507605520902861151e+00,0.000000000000000000e+00,1.666666666666666574e-01,3.414926257100987073e+00
6.380000019021368644e+04,1.115803092024117538e+00,6.376319213459689939e-02,1.667334244653958963e+00,1.989737962353346878e+00,9.129065036530952248e-01,8.375999697531305577e-01,5.714285714285713969e-01,1.000000000000000000e+00,3.448845935273544772e+00,0.000000000000000000e+00,1.666666666666666574e-01,4.236050960333668236e+00
6.381000019024349604e+04,7.956822716220776082e-01,5.373291572690131607e-02,1.659866726564206418e+00,2.018193024155061632e+00,9.119151842354141779e-01,7.230733977962761072e-01,5.714285714285713969e-01,1.000000000000000000e+00,3.446147074832669244e+00,0.000000000000000000e+00,1.666666666666666574e-01,3.792108962762148483e+00
6.382000019027331291e+04,1.285517195305855065e+00,5.944470664116585645e-02,8.181630904443943919e-01,1.579587493534589937e+00,8.092149816667456586e-01,6.315921209798350811e-01,4.761904761904761640e-01,5.000000000000000000e-01,3.645865865700823605e+00,4.166666666666666435e-02,3.333333333333333148e-01,3.476915749362898378e+00
6.383000019030312251e+04,1.466981973350334867e+00,6.299044479796453433e-02,1.048018548290658103e+00,2.242000281112888516e+00,4.800541702674762101e-01,4.457927739361067232e-01,3.809523809523809312e-01,5.000000000000000000e-01,3.365840267296531962e+00,4.166666666666666435e-02,3.333333333333333148e-01,3.365840267296531962e+00
6.384000019033293938e+04,6.778261929684871179e-01,5.882574659235659253e-02,1.208203077507716383e+00,1.949333718981382635e+00,7.999919278571958614e-01,5.818830870965022717e-01,7.142857142857143016e-01,1.000000000000000000e+00,3.626951218695203316e+00,1.250000000000000000e-01,3.333333333333333148e-01,3.351546076880173697e+00
6.385000019036275626e+04,1.272555640058689930e+00,5.348725067713643727e-02,1.257185192446336419e+00,1.860167342449350558e+00,9.512191423093564469e-01,9.201459219281252766e-01,6.190476190476190688e-01,8.333333333333333703e-01,3.439900813593280038e+00,0.000000000000000000e+00,1.666666666666666574e-01,3.439900813593280038e+00
6.386000019039256586e+04,1.249893423567340234e+00,8.338386494154505224e-02,1.615132260837976785e+00,1.604830740394089794e+00,9.885028546829675022e-01,8.427989521267374995e-01,3.809523809523809312e-01,8.333333333333333703e-01,3.485279385125198193e+00,4.166666666666666435e-02,3.333333333333333148e-01,3.189357065434489602e+00
6.387000019042238273e+04,7.980516981196118520e-01,3.848590742251187941e-02,1.620993890813560157e+00,1.712951062026340621e+00,5.652390338369259748e-01,3.386632915500254470e-01,3.809523809523809312e-01,1.000000000000000000e+00,3.472044493526784237e+00,4.166666666666666435e-02,3.333333333333333148e-01,3.616024702513489508e+00
6.388000019045219960e+04,6.990698156677723762e-01,4.897552650068479757e-02,1.397939838826327774e+00,1.544743469563149896e+00,7.444362740027057335e-01,5.569482567623424973e-01,8.095238095238095344e-01,1.000000000000000000e+00,3.541202309894151856e+00,0.000000000000000000e+00,1.666666666666666574e-01,3.516226752528941457e+00
6.389000019048200920e+04,5.961226343931239624e-01,3.646116192877864315e-02,1.527222883296963207e+00,1.641972934975903131e+00,5.906831643867677117e-01,5.001734471285843586e-01,7.619047619047618625e-01,1.000000000000000000e+00,3.854281222867668166e+00,4.166666666666666435e-02,3.333333333333333148e-01,3.428803738524007994e+00
6.390000019051182608e+04,5.522379360636469059e-01,4.415372932004012207e-02,8.103084018336030869e-01,1.383455792256432115e+00,5.949496917003368468e-01,4.530253638680923900e-01,6.666666666666666297e-01,1.000000000000000000e+00,3.514911758135269793e+00,8.333333333333332871e-02,3.333333333333333148e-01,3.514911758135269793e+00
6.391000019054163567e+04,1.029974762413671252e+00,6.158137731072764465e-02,4.854806976843272781e-01,1.412126255441175982e+00,8.442368650376341765e-01,5.708390289270763862e-01,6.190476190476190688e-01,8.333333333333333703e-01,3.560602140440582541e+00,8.333333333333332871e-02,3.333333333333333148e-01,3.461081800445332313e+00
6.392000019057145255e+04,8.471780783465858722e-01,7.341279123077995572e-02,1.278942069339512821e+00,1.739186307015475386e+00,6.663564611550236716e-01,5.266114593998485471e-01,6.190476190476190688e-01,1.000000000000000000e+00,3.492931779569338868e+00,0.000000000000000000e+00,1.666666666666666574e-01,3.492931779569338868e+00
6.393000019060126942e+04,8.111188220847600494e-01,7.901498733414938358e-02,1.626284982515860289e+00,1.624961069989453888e+00,7.572886708698409741e-01,4.852208437297156340e-01,8.095238095238095344e-01,1.000000000000000000e+00,3.465512587594651528e+00,0.000000000000000000e+00,1.666666666666666574e-01,3.465512587594651528e+00
6.394000019063107902e+04,1.049285035319168280e+00,5.510686289335065685e-02,8.447210032923562206e-01,1.862057725467071823e+00,7.770962782441924732e-01,5.417389241189991544e-01,6.666666666666666297e-01,8.333333333333333703e-01,3.815691330784004798e+00,8.333333333333332871e-02,3.333333333333333148e-01,3.552026508717914144e+00
6.395000019066089590e+04,1.337249428559214914e+00,5.115408570401863003e-02,9.542509373541053774e-01,1.756170071583031067e+00,7.849508070735988774e-01,4.906427501867966501e-01,5.238095238095238360e-01,6.666666666666666297e-01,3.700737274529672938e+00,0.000000000000000000e+00,1.666666666666666574e-01,3.637842661435425562e+00
6.396000019069070549e+04,9.778409695279800529e-01,4.813348860126722556e-02,6.775456742876748706e-01,1.930131176551258987e+00,9.568390177837524657e-01,7.939902768984991033e-01,7.142857142857143016e-01,1.000000000000000000e+00,3.541459257623002621e+00,0.000000000000000000e+00,1.666666666666666574e-01,3.664238921007660910e+00
6.397000019072052237e+04,1.369535672752113520e+00,6.232790680820737839e-02,5.984147456241143415e-01,1.504210269029774727e+00,8.517994856448657393e-01,6.257678166895618288e-01,5.238095238095238360e-01,8.333333333333333703e-01,3.633392941603423409e+00,8.333333333333332871e-02,3.333333333333333148e-01,3.484280816576814210e+00
6.398000019075033924e+04,9.435857069721071966e-01,6.910841569658804362e-02,7.395953675192130650e-01,2.301144871942885750e+00,5.138829814378047534e-01,5.214493142524878611e-01,4.285714285714285476e-01,1.000000000000000000e+00,3.808088683190232082e+00,4.166666666666666435e-02,3.333333333333333148e-01,3.808088683190232082e+00
6.399000019078014884e+04,1.097417173033759630e+00,5.915773728044901314e-02,5.515697441002315182e-01,2.065894779543269166e+00,8.144212791414786601e-01,7.992418674253241040e-01,4.285714285714285476e-01,1.000000000000000000e+00,3.547906430320719728e+00,0.000000000000000000e+00,1.666666666666666574e-01,3.440246086464203490e+00
6.400000019080996572e+04,9.047296990548476803e-01,6.194798171364431644e-02,5.083431163330262015e-01,1.610492274871564433e+00,9.464599238427680028e-01,8.370962540915960481e-01,4.761904761904761640e-01,8.333333333333333703e-01,3.577091024966164046e+00,8.333333333333332871e-02,3.333333333333333148e-01,3.797236540409730132e+00
6.401000019083977531e+04,1.443214522945104550e+00,5.531441979539327564e-02,6.494178426595050846e-01,1.324895632705872739e+00,1.014380499625307852e+00,9.302939553746105705e-01,4.285714285714285476e-01,8.333333333333333703e-01,3.508777295567443222e+00,0.000000000000000000e+00,1.666666666666666574e-01,3.508777295567443222e+00
6.402000019086959219e+04,1.245050296172173443e+00,6.505937261055397269e-02,6.162659271942716455e-01,1.392128435259770702e+00,9.818638601606498595e-01,8.514122895726718987e-01,4.761904761904761640e-01,6.666666666666666297e-01,3.537349304612582568e+00,4.166666666666666435e-02,3.333333333333333148e-01,3.792893828058250261e+00
6.403000019089940906e+04,1.390786321822537808e+00,5.335778301757495429e-02,1.801041452470448334e+00,1.524974855798640894e+00,7.326566111471617404e-01,5.841698719592436362e-01,4.285714285714285476e-01,6.666666666666666297e-01,3.292876118033299271e+00,8.333333333333332871e-02,3.333333333333333148e-01,3.292876118033299271e+00
6.404000019092921866e+04,7.513917964744010192e-01,3.935064216582036950e-02,3.143880893587704950e-01,1.580987631310236008e+00,5.202312165290750023e-01,5.024159282261955184e-01,6.190476190476190688e-01,1.000000000000000000e+00,3.673838079460392425e+00,4.166666666666666435e-02,3.333333333333333148e-01,3.755799128249404983e+00
6.405000019095903554e+04,1.500371058598505503e+00,6.558717803817569469e-02,9.876618976317581566e-01,1.485922175918582333e+00,4.033681936227185849e-01,2.502444207874914839e-01,5.238095238095238360e-01,6.666666666666666297e-01,3.441881153857561770e+00,1.250000000000000000e-01,3.333333333333333148e-01,3.377634374722367827e+00
6.406000019098885241e+04,9.170561468557070217e-01,4.382880552882146424e-02,8.445767858697309505e-01,1.539200012522122352e+00,5.179804836697536885e-01,4.400710663953559809e-01,6.190476190476190688e-01,1.000000000000000000e+00,3.570766030184030715e+00,8.333333333333332871e-02,3.333333333333333148e-01,3.570766030184030715e+00
6.407000019101866201e+04,1.531067145640680582e+00,6.503298481216852889e-02,3.234045816052455447e-01,1.499504536959382461e+00,9.740608700528453623e-01,7.905351602627248564e-01,4.285714285714285476e-01,8.333333333333333703e-01,3.439404327928190952e+00,4.166666666666666435e-02,3.333333333333333148e-01,3.439404327928190952e+00
6.408000019104847888e+04,6.920710417859953223e-01,5.275649800768038300e-02,9.551858112499116427e-01,1.914425932365460437e+00,8.600887766575178173e-01,6.233296282640286012e-01,7.142857142857143016e-01,1.000000000000000000e+00,3.759404101023696487e+00,4.166666666666666435e-02,3.333333333333333148e-01,4.051487104233172154e+00
6.409000019107828848e+04,1.401881510912651008e+00,3.285403979287145060e-02,9.281088395428160887e-01,1.964452610104387764e+00,6.262960609815018120e-01,4.431755554993356272e-01,3.809523809523809312e-01,8.333333333333333703e-01,3.494608134643875541e+00,4.166666666666666435e-02,3.333333333333333148e-01,3.494608134643875541e+00
6.410000019110810535e+04,1.918198671354563123e+00,5.477589189371450534e-02,2.008256140154573544e+00,2.197985156425506403e+00,3.618691231511519391e-01,1.937753071080379197e-01,5.238095238095238360e-01,8.333333333333333703e-01,3.597167504145176942e+00,1.250000000000000000e-01,3.333333333333333148e-01,3.447837918491246434e+00
6.411000019113792223e+04,1.232675196512606375e+00,3.501863518849183260e-02,4.977069673586427823e-01,1.449745691126075764e+00,6.641075679821061284e-01,3.757263979368242746e-01,4.761904761904761640e-01,1.000000000000000000e+00,3.711025443868233076e+00,4.166666666666666435e-02,3.333333333333333148e-01,3.952542534830291387e+00
6.412000019116773183e+04,1.470459880661036722e+00,6.349232730452250562e-02,1.154684478773793321e+00,1.737180281036156959e+00,5.552299403377626286e-01,2.207190528298232091e-01,4.285714285714285476e-01,6.666666666666666297e-01,3.803136087944994692e+00,1.250000000000000000e-01,3.333333333333333148e-01,3.610982249269128364e+00
6.413000019119754870e+04,1.518670218655409743e+00,5.961101674116802557e-02,1.287269058149236534e+00,2.021008468912344203e+00,5.140788200127893726e-01,1.867077586580760673e-01,4.761904761904761640e-01,6.666666666666666297e-01,3.713497014436566435e+00,4.166666666666666435e-02,3.333333333333333148e-01,3.641011035820412634e+00
6.414000019122735830e+04,1.689189592202942292e+00,5.726407572986327160e-02,4.170986699459372504e-01,1.573309392604752333e+00,1.223265195396655791e+00,9.662991755362005941e-01,5.714285714285713969e-01,8.333333333333333703e-01,3.623801926855751976e+00,8.333333333333332871e-02,3.333333333333333148e-01,3.620146557898499928e+00
6.415000019125717517e+04,1.444698148218853895e+00,5.590527323080705935e-02,1.360655022469320352e+00,1.658043770037892939e+00,2.502702333760978837e-01,1.501142146278297007e-01,6.190476190476190688e-01,8.333333333333333703e-01,3.556642160965167054e+00,1.250000000000000000e-01,3.333333333333333148e-01,3.556642160965167054e+00
6.416000019128699205e+04,1.691605090328673011e+00,5.365483663003425135e-02,1.390693709251647814e+00,1.569753996754313929e+00,2.682328378523056167e-01,3.076220650092762465e-01,5.714285714285713969e-01,8.333333333333333703e-01,3.676078708130192219e+00,1.250000000000000000e-01,3.333333333333333148e-01,3.728578335148647671e+00
6.417000019131680165e+04,8.033584242677769272e-01,5.703987042992130635e-02,7.773795263692083735e-01,1.428672191413504100e+00,1.765018367003662325e-01,2.197716456318677958e-01,6.190476190476190688e-01,1.000000000000000000e+00,3.884468822235387808e+00,1.250000000000000000e-01,3.333333333333333148e-01,3.703250273063395603e+00
6.418000019134661852e+04,1.573321645990422679e+00,6.507293511604689273e-02,2.502437272767425114e+00,1.952657934180556998e+00,3.654606135159469971e-01,2.256364567973364044e-01,5.238095238095238360e-01,8.333333333333333703e-01,3.683574546137185379e+00,1.250000000000000000e-01,3.333333333333333148e-01,3.532025979224357570e+00
6.419000019137643540e+04,1.265154165791602781e+00,4.946894078619510499e-02,1.542678057084644339e+00,2.655978537756966240e+00,5.837895503150204446e-01,2.890690324569652470e-01,4.761904761904761640e-01,1.000000000000000000e+00,3.444622867984934445e+00,8.333333333333332871e-02,3.333333333333333148e-01,3.796857948512704084e+00
6.420000019140624499e+04,1.559357337596962712e+00,5.976285402973148531e-02,7.058739541854783806e-01,1.308554431776315807e+00,1.035503869344205796e+00,7.133933645648034005e-01,6.190476190476190688e-01,8.333333333333333703e-01,3.399230127603613205e+00,1.250000000000000000e-01,3.333333333333333148e-01,3.430729468611212418e+00
6.421000019143606187e+04,1.762607850984371893e+00,5.830794540464283304e-02,1.277327530882093942e+00,2.396932365233253481e+00,7.745540954902644382e-01,5.339672908098681559e-01,3.809523809523809312e-01,8.333333333333333703e-01,3.683195002820240482e+00,1.250000000000000000e-01,3.333333333333333148e-01,3.795467994496860786e+00
6.422000019146587147e+04,1.452981419495279036e+00,2.861946689379726502e-02,8.793662400829910242e-01,1.652228127480658504e+00,5.261337594876147605e-01,3.434411040769854151e-01,5.238095238095238360e-01,6.666666666666666297e-01,3.716032882200621668e+00,1.250000000000000000e-01,3.333333333333333148e-01,3.522326633117471850e+00
6.423000019149568834e+04,1.426519811035083629e+00,6.759129258972508547e-02,2.098107124112476018e+00,2.952622573335944356e+00,5.182040029994983144e-01,3.121745433349879528e-01,5.714285714285713969e-01,6.666666666666666297e-01,3.588938288916125874e+00,4.166666666666666435e-02,3.333333333333333148e-01,3.497198270799948272e+00
6.424000019152550522e+04,9.964565908754596801e-01,6.695502635067719643e-02,7.466918248051935825e-01,1.511868634832947533e+00,6.266985869311142432e-01,3.959116529709418297e-01,8.095238095238095344e-01,1.000000000000000000e+00,3.695250900784974757e+00,1.250000000000000000e-01,3.333333333333333148e-01,3.258076574387536173e+00
6.425000019155531481e+04,1.271143655895235591e+00,4.154297952203634542e-02,6.129456339711318869e-01,1.432099643457738436e+00,5.910743211545441689e-01,3.317798644181176315e-01,4.761904761904761640e-01,6.666666666666666297e-01,3.788996782400403607e+00,8.333333333333332871e-02,3.333333333333333148e-01,3.765933727343834914e+00
6.426000019158513169e+04,1.529075263203352630e+00,4.745340783927647771e-02,1.266964631597857327e+00,2.122298920250995646e+00,9.015643297971905890e-01,7.512224318998940165e-01,5.714285714285713969e-01,8.333333333333333703e-01,3.660646336986719707e+00,0.000000000000000000e+00,1.666666666666666574e-01,3.660646336986719707e+00
6.427000019161494129e+04,1.190701313514057169e+00,5.425177177190408651e-02,7.103321377906073320e-01,1.477580237507734928e+00,9.373191014849912017e-01,6.869606102462947339e-01,7.142857142857143016e-01,1.000000000000000000e+00,3.515930757740212353e+00,1.250000000000000000e-01,3.333333333333333148e-01,3.652037198668976359e+00
6.428000019164475816e+04,1.411514224770604731e+00,4.546353820029542386e-02,9.495493757538669977e-01,1.983599253747219571e+00,6.947993177751884408e-01,4.971592919529013721e-01,5.714285714285713969e-01,6.666666666666666297e-01,3.729348072010567172e+00,8.333333333333332871e-02,3.333333333333333148e-01,3.700006920934384436e+00
6.429000019167457503e+04,1.188268866034531746e+00,4.286026381968734145e-02,1.259473227315597077e+00,1.544537672804372042e+00,8.983041425459850071e-01,8.106398963201383312e-01,6.666666666666666297e-01,1.000000000000000000e+00,3.792910077732427609e+00,0.000000000000000000e+00,1.666666666666666574e-01,3.848909533450203924e+00
6.430000019170438463e+04,1.367900850427822501e+00,5.713838656037425329e-02,1.840850058889932805e+00,2.574856032916415405e+00,3.376302766553954671e-01,4.929480818788847807e-01,3.809523809523809312e-01,8.333333333333333703e-01,3.812369293217728217e+00,1.250000000000000000e-01,3.333333333333333148e-01,3.694495310159250145e+00
6.431000019173420151e+04,9.792142564744518163e-01,4.262783149084146961e-02,6.426572041633905608e-01,1.385796950051478404e+00,4.206280560866955676e-01,2.933774871088706826e-01,6.190476190476190688e-01,8.333333333333333703e-01,3.518088058126460638e+00,4.166666666666666435e-02,3.333333333333333148e-01,3.312453243628283417e+00
6.432000019176401111e+04,1.467526161810237761e+00,5.606494416742236614e-02,8.505990407393485553e-01,1.545086467331852065e+00,6.140095944279210238e-01,5.282073528541322283e-01,6.666666666666666297e-01,8.333333333333333703e-01,3.561269286111542698e+00,1.250000000000000000e-01,3.333333333333333148e-01,3.777017614392607303e+00
6.433000019179382798e+04,1.039167134345729604e+00,8.283240621885232247e-02,8.845932526305952948e-01,1.695841449504960963e+00,5.071022955399233645e-01,4.102375351467086317e-01,6.666666666666666297e-01,8.333333333333333703e-01,3.334778519256033302e+00,8.333333333333332871e-02,3.333333333333333148e-01,3.131048122413901069e+00
6.434000019182364485e+04,1.293398808764807395e+00,4.912476328154870286e-02,1.165481894243605154e+00,1.653619750108764164e+00,5.076410401915391057e-01,4.092087732746628737e-01,5.714285714285713969e-01,8.333333333333333703e-01,3.551770994773805867e+00,1.250000000000000000e-01,3.333333333333333148e-01,3.624959711147665686e+00
6.435000019185345445e+04,8.183051170846781242e-01,5.006489666421431312e-02,1.318089159295602775e+00,1.583975711816294041e+00,7.451260376056142443e-01,5.924493341705157068e-01,2.857142857142856984e-01,6.666666666666666297e-01,3.815954328214291813e+00,4.166666666666666435e-02,3.333333333333333148e-01,3.480863274485461734e+00
6.436000019188327133e+04,8.641997903519583746e-01,5.739838892394850955e-02,1.390331352806327914e+00,2.132366527253965138e+00,9.428184569878144128e-01,8.491732733308525738e-01,7.619047619047618625e-01,1.000000000000000000e+00,3.578590243118068059e+00,4.166666666666666435e-02,3.333333333333333148e-01,3.439892443346985740e+00
6.437000019191308820e+04,7.181761182075588890e-01,3.551828577390250818e-02,9.998018176536570545e-01,2.514973707593526342e+00,7.538344375805502429e-01,6.047634061597032540e-01,6.190476190476190688e-01,1.000000000000000000e+00,3.646428474940742959e+00,0.000000000000000000e+00,1.666666666666666574e-01,3.872092257162559115e+00
6.438000019194289780e+04,7.026076741386869662e-01,4.644927730353024670e-02,8.101282423058906446e-01,1.560336813537656298e+00,6.393403900322173206e-01,6.000661238119653351e-01,5.714285714285713969e-01,1.000000000000000000e+00,3.525702558540638076e+00,4.166666666666666435e-02,3.333333333333333148e-01,4.208939832409442694e+00
6.439000019197271467e+04,9.980781539570020566e-01,5.510597339318306503e-02,1.101143231489287277e+00,1.883788267638836222e+00,9.726184749162802845e-01,8.107366865226157682e-01,8.095238095238095344e-01,1.000000000000000000e+00,3.509953677350479140e+00,1.250000000000000000e-01,3.333333333333333148e-01,3.356201282707189648e+00
6.440000019200252427e+04,8.295649067403875199e-01,6.261620908681993225e-02,1.096803146064695422e+00,1.905917664703944858e+00,8.790164433384816123e-01,7.819456923485520461e-01,8.095238095238095344e-01,1.000000000000000000e+00,3.473126596005892797e+00,4.166666666666666435e-02,3.333333333333333148e-01,3.646050405317174725e+00
6.441000019203234115e+04,1.139775946146544872e+00,5.389726566079267034e-02,1.182810050620189068e+00,1.615462344201505474e+00,5.834403243679801010e-01,5.564383894423948762e-01,6.190476190476190688e-01,8.333333333333333703e-01,3.645606694424656347e+00,1.250000000000000000e-01,3.333333333333333148e-01,3.807634219901959938e+00
6.442000019206215802e+04,7.877375749802089100e-01,6.756890945149780781e-02,4.661846814951448037e-01,2.591108922894072020e+00,3.904475067068690630e-01,2.594343972592424996e-01,3.333333333333333148e-01,8.333333333333333703e-01,3.566968246608336113e+00,4.166666666666666435e-02,3.333333333333333148e-01,4.170569217607408063e+00
6.443000019209196762e+04,1.569150624817506445e+00,6.290120005768538858e-02,4.213916042056404243e-01,1.351015128261622511e+00,7.176181326060369070e-01,4.705005717446189561e-01,4.285714285714285476e-01,6.666666666666666297e-01,3.715183028029898082e+00,8.333333333333332871e-02,3.333333333333333148e-01,3.326076156485922475e+00
6.444000019212178449e+04,9.854470714765644068e-01,5.195894696643826166e-02,7.100470798129474570e-01,1.471210338689175723e+00,5.929877525694374762e-01,5.543697004274955598e-01,5.238095238095238360e-01,1.000000000000000000e+00,3.421696038415438235e+00,0.000000000000000000e+00,1.666666666666666574e-01,3.421696038415438235e+00
6.445000019215159409e+04,8.434277503997680281e-01,5.928655811202463571e-02,1.208767389339500786e+00,2.024315872167061769e+00,7.960344639969166858e-01,7.607820058272277697e-01,7.619047619047618625e-01,1.000000000000000000e+00,3.337139220635229275e+00,4.166666666666666435e-02,3.333333333333333148e-01,3.604637085764955895e+00
6.446000019218141097e+04,7.854456920170382883e-01,4.319876810563829522e-02,1.315806738044038582e+00,1.692306390138276218e+00,9.460552171975240565e-01,7.934396111233585902e-01,4.285714285714285476e-01,1.000000000000000000e+00,3.562226524862282862e+00,1.250000000000000000e-01,3.333333333333333148e-01,3.820885441524508597e+00
6.447000019221122784e+04,1.145407285407062714e+00,6.279279876886691147e-02,1.687137217135257439e+00,1.497883769638288287e+00,1.014403583125931929e+00,9.234887092586521185e-01,4.285714285714285476e-01,1.000000000000000000e+00,3.640675028187695172e+00,0.000000000000000000e+00,1.666666666666666574e-01,3.960899297880009051e+00
6.448000019224103744e+04,9.112472770031547764e-01,4.911046255807142991e-02,1.172422509543849412e+00,1.737083374386278134e+00,9.521785421125126270e-01,8.476205888792420762e-01,7.619047619047618625e-01,1.000000000000000000e+00,3.717044645912946255e+00,4.166666666666666435e-02,3.333333333333333148e-01,3.632084473698729887e+00
6.449000019227085431e+04,9.004855818976151838e-01,3.262414753943514156e-02,1.106742474130923082e+00,1.756567002960126134e+00,7.405504244266208902e-01,8.591881815692569146e-01,6.190476190476190688e-01,8.333333333333333703e-01,3.716423768980476439e+00,4.166666666666666435e-02,3.333333333333333148e-01,3.653458584803560782e+00
6.450000019230067119e+04,1.241551611584563952e+00,4.370402120006561253e-02,1.013748885869634186e+00,1.770857641104444991e+00,1.235582610723550356e+00,1.101550765846732283e+00,4.761904761904761640e-01,8.333333333333333703e-01,3.624838253275231903e+00,4.166666666666666435e-02,3.333333333333333148e-01,3.624838253275231903e+00
6.451000019233048079e+04,1.281784339556676144e+00,6.485303310986409442e-02,9.395329887021549586e-01,1.646335092227750652e+00,1.111947785784052289e+00,1.041615704221904748e+00,6.666666666666666297e-01,8.333333333333333703e-01,3.385816402049485863e+00,0.000000000000000000e+00,1.666666666666666574e-01,3.664312018902292856e+00
6.452000019236029766e+04,1.130152525321256318e+00,6.198789025350297938e-02,1.475148189521352515e+00,2.419568071965358502e+00,1.026922374722317510e+00,9.821398153041087653e-01,5.714285714285713969e-01,1.000000000000000000e+00,3.627338328589296168e+00,0.000000000000000000e+00,1.666666666666666574e-01,3.627338328589296168e+00
6.453000019239010726e+04,8.000585367811744453e-01,5.090055268680770267e-02,9.290327012869707968e-01,2.469990058236598340e+00,8.418739733197450059e-01,7.377707711518066702e-01,8.095238095238095344e-01,1.000000000000000000e+00,3.637756856026312491e+00,4.166666666666666435e-02,3.333333333333333148e-01,3.471648469070679255e+00
6.454000019241992413e+04,7.928184788200465238e-01,5.989702642097520513e-02,1.263802752414054043e+00,1.654639880985267153e+00,6.140227171674136342e-01,6.233603405803360697e-01,6.190476190476190688e-01,1.000000000000000000e+00,3.399670343935280226e+00,4.166666666666666435e-02,3.333333333333333148e-01,3.266705798865615407e+00
6.455000019244974101e+04,1.171701525787497644e+00,5.761619498498373598e-02,1.152717379493976457e+00,2.686147800947519482e+00,7.959615925453895624e-01,6.653092908996205423e-01,6.666666666666666297e-01,1.000000000000000000e+00,3.631266113568216269e+00,0.000000000000000000e+00,1.666666666666666574e-01,3.796026162447858621e+00
6.456000019247955061e+04,1.528513991571994968e+00,3.945782111632262223e-02,1.034451841501442537e+00,1.603803116064795864e+00,7.551557054784553413e-01,4.788071091663387846e-01,4.761904761904761640e-01,8.333333333333333703e-01,3.873127400836918532e+00,4.166666666666666435e-02,3.333333333333333148e-01,4.031880301867457383e+00
6.457000019250936748e+04,6.030118670203186149e-01,5.909365403063081973e-02,9.066410988821714811e-01,3.132687408840845400e+00,6.003641500458463121e-01,4.492357173195901110e-01,5.714285714285713969e-01,1.000000000000000000e+00,3.424980083119280927e+00,4.166666666666666435e-02,3.333333333333333148e-01,3.935782126518233781e+00
6.458000019253917708e+04,1.289672945914614122e+00,8.777777863375693657e-02,1.044145184774433854e+00,1.676539913354380573e+00,4.650228083389442157e-01,3.144438860878744912e-01,4.761904761904761640e-01,6.666666666666666297e-01,3.488330264822112614e+00,4.166666666666666435e-02,3.333333333333333148e-01,3.488330264822112614e+00
6.459000019256899395e+04,1.029587852305378526e+00,4.943206069469269215e-02,1.027972757069156140e+00,2.241568328614734096e+00,5.182872495495307597e-01,4.923553283495987198e-01,4.761904761904761640e-01,1.000000000000000000e+00,3.840614671993427987e+00,8.333333333333332871e-02,3.333333333333333148e-01,4.008702625186947976e+00
6.460000019259881083e+04,1.474819102864165288e+00,6.377520995899783884e-02,8.390437143951500198e-01,1.951464743739999008e+00,1.071376292513513517e+00,9.359585020790522902e-01,6.666666666666666297e-01,8.333333333333333703e-01,3.503906884247474096e+00,4.166666666666666435e-02,3.333333333333333148e-01,3.503906884247474096e+00
6.461000019262862043e+04,1.022430407304771860e+00,5.430146980421977215e-02,6.252952031472894801e-01,1.647163888535012388e+00,9.653223672570652170e-01,8.093136401067744234e-01,5.714285714285713969e-01,1.000000000000000000e+00,3.473431814281722652e+00,0.000000000000000000e+00,1.666666666666666574e-01,3.638619930780918388e+00
6.462000019265843730e+04,6.962109749314651097e-01,6.263140956129459314e-02,7.325646190400819657e-01,2.106696564984879227e+00,8.140683270896627022e-01,5.926895779126702957e-01,5.714285714285713969e-01,1.000000000000000000e+00,3.616206713006777651e+00,4.166666666666666435e-02,3.333333333333333148e-01,3.616206713006777651e+00
6.463000019268824690e+04,9.761269777044327967e-01,5.400044554063134633e-02,4.734868036876024866e-01,1.493870537660114461e+00,5.837830350189163742e-01,4.721973326200258336e-01,3.809523809523809312e-01,8.333333333333333703e-01,3.998880693198521019e+00,4.166666666666666435e-02,3.333333333333333148e-01,3.998880693198521019e+00
6.464000019271806377e+04,1.121593260340756126e+00,7.505010264383706053e-02,4.393021035817940567e-01,2.186726381075642323e+00,5.862150753576894635e-01,4.539491177097702557e-01,3.809523809523809312e-01,8.333333333333333703e-01,3.632224196128613691e+00,4.166666666666666435e-02,3.333333333333333148e-01,3.632224196128613691e+00
6.465000019274788065e+04,9.178819418360538718e-01,5.613091616377434423e-02,1.257991568701142482e+00,2.022210726410133219e+00,8.567874059220886851e-01,7.096111323387580549e-01,7.619047619047618625e-01,1.000000000000000000e+00,3.772274697188228831e+00,8.333333333333332871e-02,3.333333333333333148e-01,3.867868734591706659e+00
6.466000019277769024e+04,8.861037529914573829e-01,5.327122101971400181e-02,7.441129908570885965e-01,1.629185647868468756e+00,6.870734041142625426e-01,5.135164534565102024e-01,4.285714285714285476e-01,8.333333333333333703e-01,3.884082829690592931e+00,4.166666666666666435e-02,3.333333333333333148e-01,4.113355721567858225e+00
6.467000019280750712e+04,1.189417039449443214e+00,5.969857713212578521e-02,4.122901736201048384e-01,1.586331014643490800e+00,6.801826708454339343e-01,4.073253416266510163e-01,6.666666666666666297e-01,8.333333333333333703e-01,3.531055317427489904e+00,4.166666666666666435e-02,3.333333333333333148e-01,3.560131005395596571e+00
6.468000019283732399e+04,1.466350672845169179e+00,7.477568933928463446e-02,2.541066758564575867e+00,2.512667637444457647e+00,5.847448469949441119e-01,3.933710884761226212e-01,5.238095238095238360e-01,8.333333333333333703e-01,3.420562645312153816e+00,1.250000000000000000e-01,3.333333333333333148e-01,3.736414625653276644e+00
6.469000019286713359e+04,1.160790713528966789e+00,5.473124574923127206e-02,1.541389602959849725e+00,1.846192670181131312e+00,8.552962839340482182e-01,8.719089275882930812e-01,5.714285714285713969e-01,1.000000000000000000e+00,3.766040661423471825e+00,1.250000000000000000e-01,3.333333333333333148e-01,3.735619607775692241e+00
6.470000019289695047e+04,1.571533272383641933e+00,6.843559734652945870e-02,8.583178566835775181e-01,1.442287292570500146e+00,9.018427207367357701e-01,6.803974954942931808e-01,4.761904761904761640e-01,6.666666666666666297e-01,3.603320339256297800e+00,4.166666666666666435e-02,3.333333333333333148e-01,3.691499853014722721e+00
6.471000019292676006e+04,1.853358728994521920e+00,7.106648091211027751e-02,9.981604602494724698e-01,1.670150805466929178e+00,7.072237521978967933e-01,5.122535071556089115e-01,5.238095238095238360e-01,8.333333333333333703e-01,3.477908456909877266e+00,1.250000000000000000e-01,3.333333333333333148e-01,3.503264821272720653e+00
6.472000019295657694e+04,1.582748320571806477e+00,4.529583784532503765e-02,7.038501726150282467e-01,1.550561505382036742e+00,9.514435767528509613e-01,8.486317217443740679e-01,3.333333333333333148e-01,6.666666666666666297e-01,3.468091196021434897e+00,0.000000000000000000e+00,1.666666666666666574e-01,3.468091196021434897e+00
6.473000019298639381e+04,1.425862983357109037e+00,5.480807686673740131e-02,1.365795204842675581e+00,1.307847229593440463e+00,4.328783186164958385e-01,3.909335191906858076e-01,4.761904761904761640e-01,6.666666666666666297e-01,3.696227217746868909e+00,1.250000000000000000e-01,3.333333333333333148e-01,3.629059571757520697e+00
6.474000019301620341e+04,1.372404004560102031e+00,3.978629176316145211e-02,1.188461698037767356e+00,1.658041782456928903e+00,8.737587003336051428e-01,6.483391572505508016e-01,5.238095238095238360e-01,8.333333333333333703e-01,3.761188016231055364e+00,8.333333333333332871e-02,3.333333333333333148e-01,3.392662858437440310e+00
6.475000019304602029e+04,8.282870725953042079e-01,5.892371169350192617e-02,1.246801920349795978e+00,1.327411512282358652e+00,6.122344748813379756e-01,5.666466376102284874e-01,4.761904761904761640e-01,1.000000000000000000e+00,3.620474536915888386e+00,0.000000000000000000e+00,1.666666666666666574e-01,3.604800335559151137e+00
6.476000019307582988e+04,9.981633266961201789e-01,3.673400883782455134e-02,7.900353588425200746e-01,1.608620827853360025e+00,4.464841945905478893e-01,3.365725436666016646e-01,4.761904761904761640e-01,1.000000000000000000e+00,3.808827562354245799e+00,8.333333333333332871e-02,3.333333333333333148e-01,3.690137960621445501e+00
6.477000019310564676e+04,1.373366085517614188e+00,4.826327092630414151e-02,1.161444470586534550e+00,1.886105129933112634e+00,7.297585909335585486e-01,5.693823849508679036e-01,5.714285714285713969e-01,1.000000000000000000e+00,3.753393964855305409e+00,4.166666666666666435e-02,3.333333333333333148e-01,3.438499299866994097e+00
6.478000019313546363e+04,1.637149393712729495e+00,5.505426133727754634e-02,1.729411721853175710e+00,1.809926874135835639e+00,6.251864378463163341e-01,4.503029221651201897e-01,5.238095238095238360e-01,8.333333333333333703e-01,3.658157614831494264e+00,8.333333333333332871e-02,3.333333333333333148e-01,3.385228271684489254e+00
6.479000019316527323e+04,1.675136547333546888e+00,5.861498851409376043e-02,7.260999765425003583e-01,1.917111531247133849e+00,9.078114484089677694e-01,7.469146837065131495e-01,4.285714285714285476e-01,6.666666666666666297e-01,3.733181071165488252e+00,0.000000000000000000e+00,1.666666666666666574e-01,3.956330893067524723e+00
6.480000019319509011e+04,2.095482439582380785e+00,5.649604731645142819e-02,9.902769427868097774e-01,1.664555982099618525e+00,1.009545155547408646e+00,7.682802055969869537e-01,2.857142857142856984e-01,5.000000000000000000e-01,3.784519288528715109e+00,8.333333333333332871e-02,3.333333333333333148e-01,3.620544912300145413e+00
6.481000019322490698e+04,1.673093632878344783e+00,4.897206584426371662e-02,1.263377132457303542e+00,2.301064268864752904e+00,7.236689976967899396e-01,6.230529104912760907e-01,3.809523809523809312e-01,8.333333333333333703e-01,3.652375820330564959e+00,1.250000000000000000e-01,3.333333333333333148e-01,3.636039753765194504e+00
6.482000019325471658e+04,1.418119306615456710e+00,6.325756327541703916e-02,5.751109836054991709e-01,1.360146979472336870e+00,6.003627157269536552e-01,4.389199190744908496e-01,6.190476190476190688e-01,6.666666666666666297e-01,3.572281352120665776e+00,1.250000000000000000e-01,3.333333333333333148e-01,3.727934981596868536e+00
6.483000019328453345e+04,1.122393493517536811e+00,1.107415031796735033e-01,1.188380591383283891e+00,1.564881976383552198e+00,6.559160358651084932e-01,6.790080588047217036e-01,4.285714285714285476e-01,8.333333333333333703e-01,3.735519215205395760e+00,1.250000000000000000e-01,3.333333333333333148e-01,3.660683357924799708e+00
6.484000019331434305e+04,1.385903713637067769e+00,5.364215943568483719e-02,1.046968209277632678e+00,1.393608966153472739e+00,6.190852273576104015e-01,3.851520592217632655e-01,5.238095238095238360e-01,8.333333333333333703e-01,3.717216799020390816e+00,4.166666666666666435e-02,3.333333333333333148e-01,4.034646726914812298e+00
6.485000019334415992e+04,9.323652993756708085e-01,4.605290124887689851e-02,1.015331188468913570e+00,2.240671700853407611e+00,3.268770729095318850e-01,4.868638545232298886e-01,5.238095238095238360e-01,6.666666666666666297e-01,3.639353468190392515e+00,1.250000000000000000e-01,3.333333333333333148e-01,3.858012912028475405e+00
6.486000019337397680e+04,1.719265543279096420e+00,5.860534934651133454e-02,9.562990370590417344e-01,1.751841730697763388e+00,8.870998552340254584e-01,6.113414551593037150e-01,4.761904761904761640e-01,5.000000000000000000e-01,3.663056065847075882e+00,4.166666666666666435e-02,3.333333333333333148e-01,3.604909144504120366e+00
6.487000019340378640e+04,9.984071807359720108e-01,4.428049741214125368e-02,5.179993359574615042e-01,1.502498740470998184e+00,4.939150452418759607e-01,3.287098765775669507e-01,6.190476190476190688e-01,8.333333333333333703e-01,3.479768143183603168e+00,4.166666666666666435e-02,3.333333333333333148e-01,3.429330191950263007e+00
6.488000019343360327e+04,1.407788706288878755e+00,4.984818942677356202e-02,7.751839401071841662e-01,1.799669389070809089e+00,7.356168757048271445e-01,5.811436149489965786e-01,6.190476190476190688e-01,6.666666666666666297e-01,3.527235262884875766e+00,4.166666666666666435e-02,3.333333333333333148e-01,3.883023522917821158e+00
6.489000019346341287e+04,1.306328807304807826e+00,4.405791025531463623e-02,9.689037221230071273e-01,1.573433455160877736e+00,5.055124157668915430e-01,4.307160925625203030e-01,6.190476190476190688e-01,8.333333333333333703e-01,3.535449288813014679e+00,1.250000000000000000e-01,3.333333333333333148e-01,3.573408188460214685e+00
6.490000019349322974e+04,1.071269034150519994e+00,6.056508031370225892e-02,1.023630969704570459e+00,1.939278902850243957e+00,5.164094946817961995e-01,3.444081849620077573e-01,6.666666666666666297e-01,8.333333333333333703e-01,3.665628404138298269e+00,4.166666666666666435e-02,3.333333333333333148e-01,3.703815967756365346e+00
6.491000019352304662e+04,8.159299267404921396e-01,4.816373237163560500e-02,6.891843810716942187e-01,1.633184116529320828e+00,6.517259796927666882e-01,6.843321141344582692e-01,8.095238095238095344e-01,1.000000000000000000e+00,3.586962831450617450e+00,0.000000000000000000e+00,1.666666666666666574e-01,4.095872382073149964e+00
6.492000019355285622e+04,1.753580865472435635e+00,6.719445384804319243e-02,8.812956091555084193e-01,1.384974088201835318e+00,1.199517365545261782e+00,9.892066845230339522e-01,5.714285714285713969e-01,8.333333333333333703e-01,3.314256527472728031e+00,4.166666666666666435e-02,3.333333333333333148e-01,3.314256527472728031e+00
6.493000019358267309e+04,1.685386301178616542e+00,4.975157588807086612e-02,1.601290787190101650e+00,2.450303451152610279e+00,7.718183405385417029e-01,5.620495926125279595e-01,4.761904761904761640e-01,6.666666666666666297e-01,3.666479822747880313e+00,4.166666666666666435e-02,3.333333333333333148e-01,3.644910659309036127e+00
6.494000019361248269e+04,1.146927594060989097e+00,7.207655984063175703e-02,1.236530055337728085e+00,1.762837650884781837e+00,5.785453026611681038e-01,4.298549208329799365e-01,7.142857142857143016e-01,8.333333333333333703e-01,3.546521032617351743e+00,1.250000000000000000e-01,3.333333333333333148e-01,3.691774215734320741e+00
6.495000019364229956e+04,1.764279800677521770e+00,5.566871809673993449e-02,1.303390198402125888e+00,1.789210030756649861e+00,1.198128475226068801e+00,1.068307636948506500e+00,4.761904761904761640e-01,8.333333333333333703e-01,3.491677307944637487e+00,4.166666666666666435e-02,3.333333333333333148e-01,3.973082759548759224e+00
6.496000019367211644e+04,1.401825118814982840e+00,8.764980543133062130e-02,1.424420522176104820e+00,1.984055249098882978e+00,9.151274433953170417e-01,7.367126504118229890e-01,4.285714285714285476e-01,8.333333333333333703e-01,3.678968274926827764e+00,0.000000000000000000e+00,1.666666666666666574e-01,3.678968274926827764e+00
6.497000019370192604e+04,1.237053443849932544e+00,5.267253099792894994e-02,1.063219478278518482e+00,1.531766008746831886e+00,6.812268213059305966e-01,6.281779918618277669e-01,6.190476190476190688e-01,8.333333333333333703e-01,3.687857882032494317e+00,8.333333333333332871e-02,3.333333333333333148e-01,3.579200920841290046e+00
6.498000019373174291e+04,1.469088275923489118e+00,5.442169361344041667e-02,7.296981662782107136e-01,1.717715497692035020e+00,4.458207161793017459e-01,3.904589696542189459e-01,5.714285714285713969e-01,8.333333333333333703e-01,3.539424644831989042e+00,8.333333333333332871e-02,3.333333333333333148e-01,3.598035598754899755e+00
6.499000019376155979e+04,1.377690816927397144e+00,5.326258209311187514e-02,1.016044695462725134e+00,1.333792050904421655e+00,9.366158792771592800e-01,7.994818105019237953e-01,4.285714285714285476e-01,6.666666666666666297e-01,3.809304351944442946e+00,8.333333333333332871e-02,3.333333333333333148e-01,3.809304351944442946e+00
6.500000019379136938e+04,1.557459260608546225e+00,3.505527497844353191e-02,1.217751484625896108e+00,2.500790456217484081e+00,3.538470753627080412e-01,1.256268497260973338e-01,5.714285714285713969e-01,6.666666666666666297e-01,3.444263442157557087e+00,8.333333333333332871e-02,3.333333333333333148e-01,3.999341066290296620e+00
6.501000019382118626e+04,1.639147338517405572e+00,5.315021697372442067e-02,8.060993310228390385e-01,1.738038079068066954e+00,9.468395564811600273e-01,8.618807385606548355e-01,6.666666666666666297e-01,8.333333333333333703e-01,3.307574026047352955e+00,4.166666666666666435e-02,3.333333333333333148e-01,3.784478079089578006e+00
6.502000019385099586e+04,1.408155734869288800e+00,5.068271251816799938e-02,3.866050157108927299e-01,1.526854980021468355e+00,5.178322284934455677e-01,3.512091031760100623e-01,5.238095238095238360e-01,5.000000000000000000e-01,3.580533586123472389e+00,1.250000000000000000e-01,3.333333333333333148e-01,3.411851850272804132e+00
6.503000019388081273e+04,1.206241710296114933e+00,6.191706710481320597e-02,1.331128263687642699e+00,1.610386911451646030e+00,9.282315467623292182e-01,8.762135270104705054e-01,5.714285714285713969e-01,6.666666666666666297e-01,3.689123155794969744e+00,4.166666666666666435e-02,3.333333333333333148e-01,3.743368113979101519e+00
6.504000019391062960e+04,1.133330653331275473e+00,3.883454938495953940e-02,1.516944415005403668e+00,1.936286917641070859e+00,4.284666776197522675e-01,1.648080583362159790e-01,3.333333333333333148e-01,6.666666666666666297e-01,4.010629284641121117e+00,8.333333333333332871e-02,3.333333333333333148e-01,3.669352339706760446e+00
6.505000019394043920e+04,1.304761333086297936e+00,5.339396899289575171e-02,1.683004899232105833e+00,2.922375865560448371e+00,5.607594015759186368e-01,4.024042832971476691e-01,6.190476190476190688e-01,8.333333333333333703e-01,3.420209301294213411e+00,4.166666666666666435e-02,3.333333333333333148e-01,3.909684727881210797e+00
6.506000019397025608e+04,1.438182168054280563e+00,4.029757408711320127e-02,1.218845240835479515e+00,1.936139449005735980e+00,3.265546912938849800e-01,3.260606984212516268e-01,4.761904761904761640e-01,8.333333333333333703e-01,3.618535933282764461e+00,8.333333333333332871e-02,3.333333333333333148e-01,3.714170826336323117e+00
6.507000019400006568e+04,1.347210561841918786e+00,3.727825045127642484e-02,9.673456803189889319e-01,1.427179837031253617e+00,4.461982054518683349e-01,1.036196795868133125e-01,4.761904761904761640e-01,6.666666666666666297e-01,3.625394615264855069e+00,8.333333333333332871e-02,3.333333333333333148e-01,3.688416778678098584e+00
6.508000019402988255e+04,1.053274928152017953e+00,6.156829216113715586e-02,1.152768555188276922e+00,2.115448413778692416e+00,4.368650800772125864e-01,1.756693943189091833e-01,4.285714285714285476e-01,6.666666666666666297e-01,3.738909379101098551e+00,4.166666666666666435e-02,3.333333333333333148e-01,3.723257999461006218e+00
6.509000019405969942e+04,1.083471805815729327e+00,7.068448435603369440e-02,1.653632340419581848e+00,2.453420815930704713e+00,3.637672131139050857e-01,4.263212912167252955e-01,5.238095238095238360e-01,1.000000000000000000e+00,3.772938165412495604e+00,4.166666666666666435e-02,3.333333333333333148e-01,3.987564066319144285e+00
6.510000019408950902e+04,8.915604584419954959e-01,6.655839033464254484e-02,7.378482275484179453e-01,1.454503833709756666e+00,6.504820699397947381e-01,6.745681838875458025e-01,3.333333333333333148e-01,8.333333333333333703e-01,3.705723187179891465e+00,1.250000000000000000e-01,3.333333333333333148e-01,3.774636198604780724e+00
6.511000019411932590e+04,1.875992532684964242e+00,7.377933492802205007e-02,1.727544910167486236e+00,2.236024739177084886e+00,5.596130947413598955e-01,2.685954068287805252e-01,5.238095238095238360e-01,6.666666666666666297e-01,3.497198030396557300e+00,8.333333333333332871e-02,3.333333333333333148e-01,3.693998788028215685e+00
6.512000019414914277e+04,1.359658873733934126e+00,5.303961816730805301e-02,8.166899889150118774e-01,1.784867910155034210e+00,8.090743272413702947e-01,6.085069214685037142e-01,6.190476190476190688e-01,8.333333333333333703e-01,3.686708532265868588e+00,8.333333333333332871e-02,3.333333333333333148e-01,3.598181384620430912e+00
6.513000019417895237e+04,1.091670493799388186e+00,4.931323896517422062e-02,6.773694358422993611e-01,1.707927063667214362e+00,4.040446775959870562e-01,4.722024804777716911e-01,4.285714285714285476e-01,8.333333333333333703e-01,3.846774272302723396e+00,1.250000000000000000e-01,3.333333333333333148e-01,3.506902797669619432e+00
6.514000019420876924e+04,1.327144634272592105e+00,6.083841862511098209e-02,6.564091044884503567e-01,1.779268300473671793e+00,2.681386328674703057e-01,5.669190046877828904e-01,2.857142857142856984e-01,8.333333333333333703e-01,3.952149582994152421e+00,1.250000000000000000e-01,3.333333333333333148e-01,3.788797403391345409e+00
6.515000019423857884e+04,9.488345327626807046e-01,4.238481841728284488e-02,7.965175393508420187e-01,1.700346090644456964e+00,2.577920267196990300e-01,2.585537903884220778e-01,5.238095238095238360e-01,8.333333333333333703e-01,3.547302236427116284e+00,1.250000000000000000e-01,3.333333333333333148e-01,3.961876987580838172e+00
6.516000019426839572e+04,1.583145649151863621e+00,6.795512271690334893e-02,1.157387091057315187e+00,2.444759920318867685e+00,3.954112430732159567e-01,3.263482338937816474e-01,4.761904761904761640e-01,6.666666666666666297e-01,3.669290510392570592e+00,1.250000000000000000e-01,3.333333333333333148e-01,3.626053357595841131e+00
6.517000019429821259e+04,8.720513764852393379e-01,4.303287049262409514e-02,1.623478763737031372e+00,2.309031725519280265e+00,3.779020350299186481e-01,4.309904333415700561e-01,4.761904761904761640e-01,8.333333333333333703e-01,3.879060126899083194e+00,1.250000000000000000e-01,3.333333333333333148e-01,3.954405346554576539e+00
6.518000019432802219e+04,1.341672467008008685e+00,4.623142536060969449e-02,8.245938461848533185e-01,1.712986899076162750e+00,4.209296407015762354e-01,2.373063947538260887e-01,6.666666666666666297e-01,8.333333333333333703e-01,3.449762780163639686e+00,8.333333333333332871e-02,3.333333333333333148e-01,3.843314489730171868e+00
6.519000019435783906e+04,1.301251267132437661e+00,6.668554089227721193e-02,9.256457395616192185e-01,1.766844378578200647e+00,5.970168665361359484e-01,2.629517844508164615e-01,6.190476190476190688e-01,8.333333333333333703e-01,3.435744569793105718e+00,4.166666666666666435e-02,3.333333333333333148e-01,4.087663053865257190e+00
6.520000019438764866e+04,1.421371154108705070e+00,6.106606407772596778e-02,5.671656627187658950e-01,1.491951616395806202e+00,7.453668212034172402e-01,4.670186493496926716e-01,4.285714285714285476e-01,5.000000000000000000e-01,3.824571853523310416e+00,8.333333333333332871e-02,3.333333333333333148e-01,3.596533389057208208e+00
6.521000019441746554e+04,1.606315447041284594e+00,7.263419336587983999e-02,7.613167084994597600e-01,1.427864252794296185e+00,8.653341555317671796e-01,6.499402473723610019e-01,3.809523809523809312e-01,6.666666666666666297e-01,3.980950797030703203e+00,4.166666666666666435e-02,3.333333333333333148e-01,4.077345044603133850e+00
6.522000019444728241e+04,1.322771169418359483e+00,5.427333439103391999e-02,8.469368631674238923e-01,1.387782030790631449e+00,7.275542262575005470e-01,4.386634904080658481e-01,4.761904761904761640e-01,5.000000000000000000e-01,3.677203367535878176e+00,8.333333333333332871e-02,3.333333333333333148e-01,3.952966895860979601e+00
6.523000019447709201e+04,1.182518607083628659e+00,6.575205898817106098e-02,1.443798454837285750e+00,1.552559621953153002e+00,4.546650873490237221e-01,2.583274038118791860e-01,5.238095238095238360e-01,6.666666666666666297e-01,3.531035651580018531e+00,1.250000000000000000e-01,3.333333333333333148e-01,3.788256547184652323e+00
6.524000019450690888e+04,1.143887151415148073e+00,7.222609334917826085e-02,1.394552571978919797e+00,1.939535096591813224e+00,6.179945069665107038e-01,5.699750441663675726e-01,5.714285714285713969e-01,8.333333333333333703e-01,3.624963559031032290e+00,8.333333333333332871e-02,3.333333333333333148e-01,3.944724891316393034e+00
6.525000019453671848e+04,1.596945084075240606e+00,4.653440902078403996e-02,4.958312856448404138e-01,1.553587739164170589e+00,8.352532382922555065e-01,6.223257409861973066e-01,5.238095238095238360e-01,6.666666666666666297e-01,3.875293766936233730e+00,8.333333333333332871e-02,3.333333333333333148e-01,3.855791206592687814e+00
6.526000019456653536e+04,1.587474159165847443e+00,3.327287169801311506e-02,8.447171810821541005e-01,1.650282221978600861e+00,7.403035955944642366e-01,6.151115643432291114e-01,5.238095238095238360e-01,6.666666666666666297e-01,3.553292481417692272e+00,4.166666666666666435e-02,3.333333333333333148e-01,3.213520165380730820e+00
6.527000019459635223e+04,1.112013763973553448e+00,6.920511717916501271e-02,1.628202891402670938e+00,2.498764950027227982e+00,3.917775272908236017e-01,2.556154953799719687e-01,5.238095238095238360e-01,6.666666666666666297e-01,3.847868444284356482e+00,1.250000000000000000e-01,3.333333333333333148e-01,3.675897504035321450e+00
6.528000019462616183e+04,1.501390896808132425e+00,5.103082767474723808e-02,1.337339587045339950e+00,1.981867889127671756e+00,5.072007588628406616e-01,4.596864715226869347e-01,5.238095238095238360e-01,6.666666666666666297e-01,3.546460044048453941e+00,8.333333333333332871e-02,3.333333333333333148e-01,3.919722903932845171e+00
6.529000019465597870e+04,1.634558942193096831e+00,3.750155275908185343e-02,8.960932771752999626e-01,1.316556576743160623e+00,8.552836765105984451e-01,6.153369796938302771e-01,2.380952380952380820e-01,5.000000000000000000e-01,3.876290303547990757e+00,8.333333333333332871e-02,3.333333333333333148e-01,3.630493925445219094e+00
6.530000019468579558e+04,1.019429268742851002e+00,4.993461904256399353e-02,6.997684612057267772e-01,1.554726075611169378e+00,2.718775013006238250e-01,3.698230749144685858e-01,5.238095238095238360e-01,8.333333333333333703e-01,3.734309245635151875e+00,8.333333333333332871e-02,3.333333333333333148e-01,3.754207700314239116e+00
6.531000019471560518e+04,1.283194908376830368e+00,7.176778571586538147e-02,1.842590469709726397e+00,1.995615906360929559e+00,2.174135400633855630e-01,3.364924245636303768e-01,4.285714285714285476e-01,5.000000000000000000e-01,3.758068077904320514e+00,1.250000000000000000e-01,3.333333333333333148e-01,3.559597417014230825e+00
6.532000019474542205e+04,1.602702553257130180e+00,4.770618411684419274e-02,5.580711582902690981e-01,1.551497989600064686e+00,1.099642123025763141e+00,9.461459894140271665e-01,4.761904761904761640e-01,6.666666666666666297e-01,3.548800660522069439e+00,0.000000000000000000e+00,1.666666666666666574e-01,3.548800660522069439e+00
6.533000019477523165e+04,1.178808553862724207e+00,4.497046083446307185e-02,1.024150466418313643e+00,2.112438729140924121e+00,1.086867384650701096e+00,1.039339290554760042e+00,2.857142857142856984e-01,8.333333333333333703e-01,3.923132082664167353e+00,0.000000000000000000e+00,1.666666666666666574e-01,3.652888863884071746e+00
6.534000019480504852e+04,1.441244011647638157e+00,6.219833897430431663e-02,1.060165950257633272e+00,1.765329163260885847e+00,9.605004166693343892e-01,7.489956008916059949e-01,4.761904761904761640e-01,5.000000000000000000e-01,3.776435883528173498e+00,1.250000000000000000e-01,3.333333333333333148e-01,3.746986798991669865e+00
6.535000019483486540e+04,6.572915223964093112e-01,3.470336432436878227e-02,5.211965800826945383e-01,1.792607308632303553e+00,2.973011694474747557e-01,1.745235597300877350e-01,3.809523809523809312e-01,8.333333333333333703e-01,3.913799026756146660e+00,8.333333333333332871e-02,3.333333333333333148e-01,3.868812884021604503e+00
6.536000019486467500e+04,1.184068865108393265e+00,4.133688001920070298e-02,1.068149036040014543e+00,1.830913395132735211e+00,6.106636581687638898e-01,4.703354432215844927e-01,4.761904761904761640e-01,8.333333333333333703e-01,3.718040153000578218e+00,0.000000000000000000e+00,1.666666666666666574e-01,3.743286377222084127e+00
6.537000019489449187e+04,9.748609297544418295e-01,7.903232748075608716e-02,1.355917706501404973e+00,2.707799735354900150e+00,7.937175263540069414e-01,7.853456215942067331e-01,5.714285714285713969e-01,1.000000000000000000e+00,3.732809787415881431e+00,8.333333333333332871e-02,3.333333333333333148e-01,3.575953051720441422e+00
6.538000019492430147e+04,6.409666054692521042e-01,7.553154401755629577e-02,1.225047665370274874e+00,2.956928376006273673e+00,4.390889431383014907e-01,4.892302248537763742e-01,3.333333333333333148e-01,8.333333333333333703e-01,3.658915577786754803e+00,1.250000000000000000e-01,3.333333333333333148e-01,3.699534689427839140e+00
6.539000019495411834e+04,8.417469693962208455e-01,6.158027138128641803e-02,6.691172931341982100e-01,1.660697749103522414e+00,8.809790979680567347e-01,7.244847484988871100e-01,5.238095238095238360e-01,8.333333333333333703e-01,3.833120619141491936e+00,4.166666666666666435e-02,3.333333333333333148e-01,3.845772376692155436e+00
6.540000019498393522e+04,1.266285606068965119e+00,4.053822710045042188e-02,5.807593340894593448e-01,1.506078894297720128e+00,4.736880508278051849e-01,2.622853792751781432e-01,4.761904761904761640e-01,6.666666666666666297e-01,3.879614652433589939e+00,1.250000000000000000e-01,3.333333333333333148e-01,3.702468728312876323e+00
6.541000019501374481e+04,6.259286081655356382e-01,4.648762997103500494e-02,8.661992502393820459e-01,2.782660528855807947e+00,1.798738714465238364e-01,3.075837187166956532e-01,6.190476190476190688e-01,8.333333333333333703e-01,3.394627763956922895e+00,1.250000000000000000e-01,3.333333333333333148e-01,3.935922804193098035e+00
6.542000019504356169e+04,1.308476904651589168e+00,6.434691533016959064e-02,1.148483712040245575e+00,2.298825511426084933e+00,4.569582716410969803e-01,3.794095158927482947e-01,5.714285714285713969e-01,6.666666666666666297e-01,3.556712240643271628e+00,1.250000000000000000e-01,3.333333333333333148e-01,3.781338514664459804e+00
6.543000019507337856e+04,1.476730994107406936e+00,4.536513272721974521e-02,8.226008898355490206e-01,1.840680428293852922e+00,2.846115376407424291e-01,2.742963465891474772e-01,4.761904761904761640e-01,6.666666666666666297e-01,3.521908701903846417e+00,1.250000000000000000e-01,3.333333333333333148e-01,3.480282124776168384e+00
6.544000019510318816e+04,1.153054933953930883e+00,6.123566347389388514e-02,1.504999451418776113e+00,1.687605193998148234e+00,5.409673569370246904e-01,6.077484608961777335e-01,6.666666666666666297e-01,8.333333333333333703e-01,3.510400669035236287e+00,4.166666666666666435e-02,3.333333333333333148e-01,4.201598004495433969e+00
6.545000019513300504e+04,1.475860539305860142e+00,3.969309181237856005e-02,1.700168745620240118e+00,2.209652253487273121e+00,2.267426292727635906e-01,3.647127363199500483e-01,4.761904761904761640e-01,5.000000000000000000e-01,3.413517482174120321e+00,1.250000000000000000e-01,3.333333333333333148e-01,3.599555295329270876e+00
6.546000019516281463e+04,1.394391808516356912e+00,3.717222508839813921e-02,1.181787650542930557e+00,1.669623751025275382e+00,6.288791747215732864e-01,5.704200008811823874e-01,5.238095238095238360e-01,8.333333333333333703e-01,3.521281245309451080e+00,1.250000000000000000e-01,3.333333333333333148e-01,3.521281245309451080e+00
6.547000019519263151e+04,1.113040175471414539e+00,5.247019746810890894e-02,2.093721628777455823e+00,2.582633250898839439e+00,5.380446810432152338e-01,4.765341458572798783e-01,5.238095238095238360e-01,8.333333333333333703e-01,3.576178901519803777e+00,8.333333333333332871e-02,3.333333333333333148e-01,3.860104381517050598e+00
6.548000019522244838e+04,1.539473473497370293e+00,5.676755252576652644e-02,1.472673152679089714e+00,2.175500903245659590e+00,7.690275758873696965e-01,6.776625447075018682e-01,4.761904761904761640e-01,5.000000000000000000e-01,3.845194097403608069e+00,4.166666666666666435e-02,3.333333333333333148e-01,3.845194097403608069e+00
6.549000019525225798e+04,1.354331111428096035e+00,7.219139212432416908e-02,1.459008438259636664e+00,2.568495238268454273e+00,5.288472683798680629e-01,6.182352643006685522e-01,3.333333333333333148e-01,6.666666666666666297e-01,3.820280394736326635e+00,8.333333333333332871e-02,3.333333333333333148e-01,3.745403309352529853e+00
6.550000019528207486e+04,1.395266011684815455e+00,4.648850970862394849e-02,7.597562572254623614e-01,1.477709366838196869e+00,8.210578253289624318e-01,6.151392256307233186e-01,5.238095238095238360e-01,8.333333333333333703e-01,3.848408640086913302e+00,8.333333333333332871e-02,3.333333333333333148e-01,3.995813775396700684e+00
6.551000019531188445e+04,1.414827823313777433e+00,4.209923141051794687e-02,1.192826748286968108e+00,1.520302066139414210e+00,9.903144130864762751e-01,8.219046593145332702e-01,3.809523809523809312e-01,8.333333333333333703e-01,3.792582815607072444e+00,4.166666666666666435e-02,3.333333333333333148e-01,3.792582815607072444e+00
6.552000019534170133e+04,1.211433082177739706e+00,8.381189833115738896e-02,1.992988496055688730e+00,2.828204001299857939e+00,7.350902453925812763e-01,6.545801490609141071e-01,3.809523809523809312e-01,6.666666666666666297e-01,4.056173909598031813e+00,4.166666666666666435e-02,3.333333333333333148e-01,3.798905484482075323e+00
6.553000019537151820e+04,1.051218242336129594e+00,6.223688437384621019e-02,1.110879104270467765e+00,2.043812766556743821e+00,7.565688084794039980e-01,6.558096794720280620e-01,6.666666666666666297e-01,1.000000000000000000e+00,3.556458832395243963e+00,8.333333333333332871e-02,3.333333333333333148e-01,3.966725532848493607e+00
6.554000019540132780e+04,1.303663646711246571e+00,6.038191392996815343e-02,1.366911861579434007e+00,2.135449562867495654e+00,4.562252475216972414e-01,4.022287884119706836e-01,7.142857142857143016e-01,1.000000000000000000e+00,3.391108457009949007e+00,4.166666666666666435e-02,3.333333333333333148e-01,3.784604315811255670e+00
6.555000019543114468e+04,1.223023361716625956e+00,7.987099103669104139e-02,2.004362011534522203e+00,3.315719313296066506e+00,8.772989824200460030e-01,6.675373828758562889e-01,6.190476190476190688e-01,8.333333333333333703e-01,3.698142649557639494e+00,8.333333333333332871e-02,3.333333333333333148e-01,3.887967876494801800e+00
6.556000019546096155e+04,1.794480858071562990e+00,3.527291194122369328e-02,1.653647878426060203e+00,2.043759396579361454e+00,9.985663409144086566e-01,7.821702777571303278e-01,4.761904761904761640e-01,6.666666666666666297e-01,3.660653118761811875e+00,8.333333333333332871e-02,3.333333333333333148e-01,3.690058755165568805e+00
6.557000019549077842e+04,1.415980393108404733e+00,5.495678532051022358e-02,1.178200562970505016e+00,1.853834592661121050e+00,8.975812820108083345e-01,7.588466762908064878e-01,4.761904761904761640e-01,8.333333333333333703e-01,3.793888076529227327e+00,4.166666666666666435e-02,3.333333333333333148e-01,3.793888076529227327e+00
6.558000019552058075e+04,1.378975231369453880e+00,8.726827153688766769e-02,1.861456801756785406e+00,3.627620079133654141e+00,8.118924666344656815e-01,5.723013326824821778e-01,4.761904761904761640e-01,6.666666666666666297e-01,3.661361640949328145e+00,8.333333333333332871e-02,3.333333333333333148e-01,3.661361640949328145e+00
6.559000019555039762e+04,1.062437958824399065e+00,4.066197988016151399e-02,1.041996792412084094e+00,1.728001427877272178e+00,4.856920267495689614e-01,2.640442407470653396e-01,5.714285714285713969e-01,8.333333333333333703e-01,3.585705829725477578e+00,1.250000000000000000e-01,3.333333333333333148e-01,3.605960937772261676e+00
6.560000019558021449e+04,1.259117078053269223e+00,4.171967660931353433e-02,7.941063097979852436e-01,1.952021567436396765e+00,3.543737313984440807e-01,3.347299451852367991e-01,4.761904761904761640e-01,5.000000000000000000e-01,3.447923680408293112e+00,1.250000000000000000e-01,3.333333333333333148e-01,3.672214299808208793e+00
6.561000019561003137e+04,1.364419351382177181e+00,6.212985098398117467e-02,1.662286471835127566e+00,3.359619605809467391e+00,5.764445204618977581e-01,3.946690458421376890e-01,5.238095238095238360e-01,8.333333333333333703e-01,3.678866705757294131e+00,1.250000000000000000e-01,3.333333333333333148e-01,3.694752381902648875e+00
6.562000019563984824e+04,1.489226685158186791e+00,5.926832646650215947e-02,1.011520870760296953e+00,1.853421369980532640e+00,6.327839847732791290e-01,4.550948249299039405e-01,5.238095238095238360e-01,6.666666666666666297e-01,3.717770144401480792e+00,8.333333333333332871e-02,3.333333333333333148e-01,3.656269467209365853e+00
6.563000019566965057e+04,1.687571890507730599e+00,3.396898348279939889e-02,7.517774957300186189e-01,1.579594458723276196e+00,5.204910140337805080e-01,4.510788291289804519e-01,4.761904761904761640e-01,8.333333333333333703e-01,3.325436139627885535e+00,8.333333333333332871e-02,3.333333333333333148e-01,3.809735335798716260e+00
6.564000019569946744e+04,1.424648772491440729e+00,6.234086880765678240e-02,8.547942382468688427e-01,1.605046013701251884e+00,3.595789670735993204e-01,4.550866258195282454e-02,4.761904761904761640e-01,8.333333333333333703e-01,3.497007874222390456e+00,8.333333333333332871e-02,3.333333333333333148e-01,3.594583897406748996e+00
6.565000019572928431e+04,1.245753870926003870e+00,4.125243992926405645e-02,5.605630685250603262e-01,1.386634244328516674e+00,4.669448658498281390e-01,5.090550587243803937e-01,5.238095238095238360e-01,6.666666666666666297e-01,3.712028087557073697e+00,1.250000000000000000e-01,3.333333333333333148e-01,3.712028087557073697e+00
6.566000019575910119e+04,9.117291760927014321e-01,4.074448121902038422e-02,3.951320445449200136e-01,1.847657461562837833e+00,3.869065435337543657e-01,3.832402198608225730e-01,7.619047619047618625e-01,8.333333333333333703e-01,3.692173477270910720e+00,1.250000000000000000e-01,3.333333333333333148e-01,3.873165089497111691e+00
6.567000019578891806e+04,1.642035744840160794e+00,5.727097850161087800e-02,6.720552592270825354e-01,1.428011493340576976e+00,6.754022770484213734e-01,3.469370309395620744e-01,4.285714285714285476e-01,5.000000000000000000e-01,3.479490027406589192e+00,8.333333333333332871e-02,3.333333333333333148e-01,3.479490027406589192e+00
6.568000019581872039e+04,1.630523926742061258e+00,4.466573188009833467e-02,1.124369504398573971e+00,1.622370547876039293e+00,2.675598903582634414e-01,2.053787719589117988e-01,4.761904761904761640e-01,6.666666666666666297e-01,3.833865686707266018e+00,1.666666666666666574e-01,3.333333333333333148e-01,3.319710271576783889e+00
6.569000019584853726e+04,1.727715654656528654e+00,4.623396016069192954e-02,1.557764822768270552e+00,2.010147415879263821e+00,6.846776927825440895e-01,3.776652680801922402e-01,4.761904761904761640e-01,5.000000000000000000e-01,3.582962249664662480e+00,8.333333333333332871e-02,3.333333333333333148e-01,3.890564899586393288e+00
6.570000019587835413e+04,9.309080734630488241e-01,5.583218032101455730e-02,5.786611543709798688e-01,1.669243383388349766e+00,4.865329921081953390e-01,2.061380233901702053e-01,6.190476190476190688e-01,1.000000000000000000e+00,3.722098359316718508e+00,1.250000000000000000e-01,3.333333333333333148e-01,3.738572516473712248e+00
6.571000019590817101e+04,1.407791477184743956e+00,5.402451779309098978e-02,1.287196779421264203e+00,1.943738886470366634e+00,4.262119202881787250e-01,8.345447213231749206e-02,5.714285714285713969e-01,6.666666666666666297e-01,3.676560230761111825e+00,8.333333333333332871e-02,3.333333333333333148e-01,3.649589810606051810e+00
6.572000019593798788e+04,1.894844180038609105e+00,5.150416001115590281e-02,1.062327858002015901e+00,2.957881491075958991e+00,7.504524535056561474e-01,4.272309329435299285e-01,3.333333333333333148e-01,5.000000000000000000e-01,3.847441356162722759e+00,1.250000000000000000e-01,3.333333333333333148e-01,3.837572365202391200e+00
6.573000019596779021e+04,1.571502727934426691e+00,7.113646068832435443e-02,1.205464025601948874e+00,2.416982050799859394e+00,4.587671385111927735e-01,2.618193830585867077e-01,5.714285714285713969e-01,6.666666666666666297e-01,3.756058342538378003e+00,4.166666666666666435e-02,3.333333333333333148e-01,4.013537000276159006e+00
6.574000019599760708e+04,1.678960734110789499e+00,5.902365065350809181e-02,1.337119861797954723e+00,1.769469285328852726e+00,5.337074027746354643e-01,2.082368501107992043e-01,3.809523809523809312e-01,6.666666666666666297e-01,3.966219390178697068e+00,1.250000000000000000e-01,3.333333333333333148e-01,3.723309846927245204e+00
6.575000019602742395e+04,1.224166732754111253e+00,4.813654902636637506e-02,8.183621187287924981e-01,1.699858166688261063e+00,3.908050193306232267e-01,2.806833231112395577e-01,5.714285714285713969e-01,1.000000000000000000e+00,3.646511391055023754e+00,8.333333333333332871e-02,3.333333333333333148e-01,3.671422423826036230e+00
6.576000019605724083e+04,1.436268787289847193e+00,6.561557445217520990e-02,9.057545852518905649e-01,1.853908037176775769e+00,5.646024876505451040e-01,2.462472483532901213e-01,6.190476190476190688e-01,1.000000000000000000e+00,3.687380259597501819e+00,1.250000000000000000e-01,3.333333333333333148e-01,3.791800414467941582e+00
6.577000019608705770e+04,1.774151523574008626e+00,7.160248471162977690e-02,1.462025408317651154e+00,2.484569037393494995e+00,7.145184430636829509e-01,4.239896658528073403e-01,4.761904761904761640e-01,6.666666666666666297e-01,3.661413648203749371e+00,4.166666666666666435e-02,3.333333333333333148e-01,3.390377243777811689e+00
6.578000019611686002e+04,7.985019049214217013e-01,5.027042929589059517e-02,5.223814769246324374e-01,9.819073161116176340e-01,3.798156042668594523e-01,2.695374122795778926e-01,5.238095238095238360e-01,8.333333333333333703e-01,3.912117659035446948e+00,1.250000000000000000e-01,3.333333333333333148e-01,3.725160753049084672e+00
6.579000019614667690e+04,6.927591301301273541e-01,3.888803686656860936e-02,1.319739898260030797e+00,1.410628830247744769e+00,1.010556007976171483e-01,3.424455461719469462e-01,5.714285714285713969e-01,1.000000000000000000e+00,3.710141430597076351e+00,8.333333333333332871e-02,3.333333333333333148e-01,3.495302262434031970e+00
6.580000019617649377e+04,1.399382422567234663e+00,3.973733273176303926e-02,8.285845559542019956e-01,1.068820031937295134e+00,8.652420299530142467e-01,7.872129656445715495e-01,2.857142857142856984e-01,8.333333333333333703e-01,3.737780955755635848e+00,4.166666666666666435e-02,3.333333333333333148e-01,3.690742386518744755e+00
6.581000019620631065e+04,1.646415773052004816e+00,6.509540896413851252e-02,1.323474294901205939e+00,1.408453944944854985e+00,8.455410308181753321e-01,7.959120156401934265e-01,4.285714285714285476e-01,6.666666666666666297e-01,3.656199671594683398e+00,4.166666666666666435e-02,3.333333333333333148e-01,3.896411109036797882e+00
6.582000019623612752e+04,8.325259950469509063e-01,6.317112321665095676e-02,1.141192650137028197e+00,1.593176499915820443e+00,3.228362827997958151e-01,4.365224546780207548e-01,5.714285714285713969e-01,1.000000000000000000e+00,3.496751685534865040e+00,4.166666666666666435e-02,3.333333333333333148e-01,4.019367878642084335e+00
6.583000019626594440e+04,1.373560386005731493e+00,4.376755859722899350e-02,9.751905985888457140e-01,1.691885889166926171e+00,6.062218520100566277e-01,4.655502154521468094e-01,3.809523809523809312e-01,6.666666666666666297e-01,3.780175676481941860e+00,1.250000000000000000e-01,3.333333333333333148e-01,3.545144351681620787e+00
6.584000019629574672e+04,1.423249980913368518e+00,5.213071501974045341e-02,3.774726524703245212e-01,1.045426071307401505e+00,8.045970613474563438e-01,6.877054756940078617e-01,5.238095238095238360e-01,6.666666666666666297e-01,3.562649860297381288e+00,1.250000000000000000e-01,3.333333333333333148e-01,3.656275399560903860e+00
6.585000019632556359e+04,3.434039711044815091e-01,5.076178290673825227e-02,4.971167012361282223e-01,2.264184201009969311e+00,3.438634636907020870e-01,5.254122531511169480e-01,6.190476190476190688e-01,1.000000000000000000e+00,3.709639481883049150e+00,1.250000000000000000e-01,3.333333333333333148e-01,3.679664921221240448e+00
6.586000019635538047e+04,7.671261505560748040e-01,6.355771204706121835e-02,1.457465738226429108e+00,2.459457382846612639e+00,3.253118489868902508e-01,4.609669232356909396e-01,4.285714285714285476e-01,8.333333333333333703e-01,3.687561021395959759e+00,1.250000000000000000e-01,3.333333333333333148e-01,3.895680183517344020e+00
6.587000019638519734e+04,1.426806911300914082e+00,6.018745211077044382e-02,7.293397603407378860e-01,1.119009550331099501e+00,7.709572884481612487e-01,6.432895403100883369e-01,5.238095238095238360e-01,6.666666666666666297e-01,3.730254050135255017e+00,1.250000000000000000e-01,3.333333333333333148e-01,3.653260464471829838e+00
6.588000019641501422e+04,1.252167014013452651e+00,7.031363698973538967e-02,9.194367688508351399e-01,1.426728275640189114e+00,7.525989021483021624e-01,5.654644011552686367e-01,4.761904761904761640e-01,6.666666666666666297e-01,3.752231065099441931e+00,1.250000000000000000e-01,3.333333333333333148e-01,3.854501945837315091e+00
6.589000019644481654e+04,1.319046920925789124e+00,7.209436152585878277e-02,6.599287875822322791e-01,1.710754413115733952e+00,6.169888920212861505e-01,4.600415985266577690e-01,3.333333333333333148e-01,5.000000000000000000e-01,3.748262077511594459e+00,1.250000000000000000e-01,3.333333333333333148e-01,3.604989565187269651e+00
6.590000019647463341e+04,1.719110007616628133e+00,4.844773603895368569e-02,2.245974595815447117e+00,3.209743103632404448e+00,5.467557958747268909e-01,2.225685331461443872e-01,4.761904761904761640e-01,6.666666666666666297e-01,3.561751527126994610e+00,8.333333333333332871e-02,3.333333333333333148e-01,3.782424059266618066e+00
6.591000019650445029e+04,9.068145983023632173e-01,7.942078605437731531e-02,7.796402967562545694e-01,1.276895237658209226e+00,3.982205179368687453e-01,3.763275048901876252e-01,5.238095238095238360e-01,8.333333333333333703e-01,3.723068873454582928e+00,1.250000000000000000e-01,3.333333333333333148e-01,3.742215163400329114e+00
6.592000019653426716e+04,1.642894868035717604e+00,2.497477915458184636e-02,8.720741708434004424e-01,1.022156942336462260e+00,4.273708080713852775e-01,2.773232256220891090e-01,6.190476190476190688e-01,8.333333333333333703e-01,3.901333049514876805e+00,1.666666666666666574e-01,3.333333333333333148e-01,3.391150848959329611e+00
6.593000019656408404e+04,1.325699235031576384e+00,5.633524159550483412e-02,1.619318856287886632e+00,2.285589731642376776e+00,7.411642800848690094e-01,4.247204445895907954e-01,5.238095238095238360e-01,5.000000000000000000e-01,3.659246529314785334e+00,1.250000000000000000e-01,3.333333333333333148e-01,3.820512266303558668e+00
6.594000019659388636e+04,1.874113767059216507e+00,5.579742698507764859e-02,1.264051312203340327e+00,1.182115486567966833e+00,6.628412925889054508e-01,5.779558663013699693e-01,4.285714285714285476e-01,5.000000000000000000e-01,3.556929900791130361e+00,1.666666666666666574e-01,3.333333333333333148e-01,3.526227236427904366e+00
6.595000019662370323e+04,1.431641999318749470e+00,5.902796358242036467e-02,1.035755027095564440e+00,1.682251081451547892e+00,6.257268128963416887e-01,4.563368309300906978e-01,5.238095238095238360e-01,5.000000000000000000e-01,3.431627624629655315e+00,1.250000000000000000e-01,3.333333333333333148e-01,3.527661509093742875e+00
6.596000019665352011e+04,1.994144075783785830e+00,6.937089530345752486e-02,2.107628812260545992e+00,3.224368620047342038e+00,4.041758706944294510e-01,2.681722847241500562e-01,3.333333333333333148e-01,5.000000000000000000e-01,3.649437465548957427e+00,8.333333333333332871e-02,3.333333333333333148e-01,3.462703818009758017e+00
6.597000019668333698e+04,1.115343677321223970e+00,4.717279964242342832e-02,1.385580433077885143e+00,1.932130904031471585e+00,4.519772579220821540e-01,3.242457211056563038e-01,6.666666666666666297e-01,8.333333333333333703e-01,3.480618664736316870e+00,1.250000000000000000e-01,3.333333333333333148e-01,3.668910850475787466e+00
6.598000019671315385e+04,1.488690962765401249e+00,5.696603657049152669e-02,5.465820101032549116e-01,8.726156543415645173e-01,7.148148167448747925e-01,5.880572316295141766e-01,4.285714285714285476e-01,5.000000000000000000e-01,3.841364612527733868e+00,1.250000000000000000e-01,3.333333333333333148e-01,3.743252173970107233e+00
6.599000019674295618e+04,1.643271512534302259e+00,3.497917035390585988e-02,7.324973074479761426e-01,1.378479067498584731e+00,3.799918895635580052e-01,2.158478147500814959e-01,4.761904761904761640e-01,5.000000000000000000e-01,3.713776793260108011e+00,1.250000000000000000e-01,3.333333333333333148e-01,3.482835257597556300e+00
6.600000019677277305e+04,1.135423924798029338e+00,6.610005270327133642e-02,8.791935482145594172e-01,1.229461121537146928e+00,1.878388369185140794e-01,2.707253489040558625e-01,4.285714285714285476e-01,6.666666666666666297e-01,3.718375734664520316e+00,1.250000000000000000e-01,3.333333333333333148e-01,3.519166290469812886e+00
6.601000019680258993e+04,1.487726697014823074e+00,5.359081597169509242e-02,9.275203634545087228e-01,8.859610060723813740e-01,3.807991297681412868e-01,2.919464376258515959e-01,5.238095238095238360e-01,8.333333333333333703e-01,3.696107366055908283e+00,1.250000000000000000e-01,3.333333333333333148e-01,3.540973858662945339e+00
6.602000019683240680e+04,1.023664678319632371e+00,4.812908085753873910e-02,1.133879632865854026e+00,1.147582822409595193e+00,4.761314262588443036e-01,4.059664188846003885e-01,5.714285714285713969e-01,8.333333333333333703e-01,3.569671344918052824e+00,4.166666666666666435e-02,3.333333333333333148e-01,3.522756363846977656e+00
6.603000019686222367e+04,9.469356988100234851e-01,5.925011216672414205e-02,8.430168815021027440e-01,1.538936580166684331e+00,4.553400414366832738e-01,3.848186473567141164e-01,4.285714285714285476e-01,1.000000000000000000e+00,3.837170729071230912e+00,1.250000000000000000e-01,3.333333333333333148e-01,4.057563250324225379e+00
6.604000019689202600e+04,6.788120679347638964e-01,7.797471429876164095e-02,9.716442419043643808e-01,1.680788824875615539e+00,2.342380775845636920e-01,4.819603187996968074e-01,6.666666666666666297e-01,1.000000000000000000e+00,3.545328017993125247e+00,1.250000000000000000e-01,3.333333333333333148e-01,3.811524599367178023e+00
6.605000019692184287e+04,1.414855049756110317e+00,7.781954582399766562e-02,1.368054697512554263e+00,2.997813505955628788e+00,5.497742572265743588e-01,4.169508303765150914e-01,3.333333333333333148e-01,8.333333333333333703e-01,3.532931374189671736e+00,8.333333333333332871e-02,3.333333333333333148e-01,4.077173700844396897e+00
6.606000019695165975e+04,1.204523719883964006e+00,5.609492013450884107e-02,1.127829039953086587e+00,1.238113163643457248e+00,7.567344000881988109e-01,6.595532721790385855e-01,4.761904761904761640e-01,6.666666666666666297e-01,3.793419991727393192e+00,4.166666666666666435e-02,3.333333333333333148e-01,3.638329502166169682e+00
6.607000019698147662e+04,7.963056935805882253e-01,6.833802933383381628e-02,8.798494220861956538e-01,9.228867787144260371e-01,2.773198771880004410e-01,3.252055099101189839e-01,6.190476190476190688e-01,8.333333333333333703e-01,3.464492884580368859e+00,1.250000000000000000e-01,3.333333333333333148e-01,3.407600745804747699e+00
6.608000019701129349e+04,1.144215704690076718e+00,5.211799242479261268e-02,1.472139496599379038e+00,1.438960023732258175e+00,4.946969303634684567e-01,3.720719769833497614e-01,4.761904761904761640e-01,8.333333333333333703e-01,3.707128195470444698e+00,8.333333333333332871e-02,3.333333333333333148e-01,3.393366999411624896e+00
6.609000019704109582e+04,1.679427392604689429e+00,4.871882745421078631e-02,7.412279298441566411e-01,9.136582664195660453e-01,5.818256259852621071e-01,5.073446388922854267e-01,2.857142857142856984e-01,6.666666666666666297e-01,3.420977506858431827e+00,4.166666666666666435e-02,3.333333333333333148e-01,3.505296068681364119e+00
6.610000019707091269e+04,1.185514070835982592e+00,5.398111927565713702e-02,1.250716849490675964e+00,1.208527579165635357e+00,5.524646241287383130e-01,3.871928396004966633e-01,6.190476190476190688e-01,6.666666666666666297e-01,3.665695651656345699e+00,1.250000000000000000e-01,3.333333333333333148e-01,3.614228273091304011e+00
6.611000019710072957e+04,1.573589038818243413e+00,5.602325216708586159e-02,1.860904171946851982e+00,2.415365799043617479e+00,5.704889032730865450e-01,4.825306446442124697e-01,3.333333333333333148e-01,5.000000000000000000e-01,3.754817848412931092e+00,1.250000000000000000e-01,3.333333333333333148e-01,3.637376424781753492e+00
6.612000019713054644e+04,1.067496738838751513e+00,6.772400839373886317e-02,1.502676869327706832e+00,2.540231802459135046e+00,3.836291622812996738e-01,4.292686718753149222e-01,5.238095238095238360e-01,6.666666666666666297e-01,3.615108973243124524e+00,8.333333333333332871e-02,3.333333333333333148e-01,3.473803945123703052e+00
6.613000019716036331e+04,9.628613276675587196e-01,6.937950987603591635e-02,9.195006330627297775e-01,8.696094516798700269e-01,5.345904614414315192e-01,4.433459192104392543e-01,4.285714285714285476e-01,6.666666666666666297e-01,3.717849265886856269e+00,1.250000000000000000e-01,3.333333333333333148e-01,3.674729619607842945e+00
6.614000019719018019e+04,1.345851037635331648e+00,5.707149727870761829e-02,9.989880139802063130e-01,1.744028647862809533e+00,9.062514871890681167e-01,8.041970499102777392e-01,7.142857142857143016e-01,1.000000000000000000e+00,3.873121793266495416e+00,4.166666666666666435e-02,3.333333333333333148e-01,3.669463288192917005e+00
6.615000019721998251e+04,1.047146140384387136e+00,6.175341503167093571e-02,4.982775378752204443e-01,1.594575991629253453e+00,6.392482466426729903e-01,6.092406473787097543e-01,6.666666666666666297e-01,1.000000000000000000e+00,3.778868906840963771e+00,8.333333333333332871e-02,3.333333333333333148e-01,3.482545799019587829e+00
6.616000019724979938e+04,1.235238152957328417e+00,7.101635677361484156e-02,1.101833617613287464e+00,2.424754015758190828e+00,4.466340622161292240e-01,4.942230646777057701e-01,4.761904761904761640e-01,8.333333333333333703e-01,3.772977753497336106e+00,4.166666666666666435e-02,3.333333333333333148e-01,3.664855167422309989e+00
6.617000019727961626e+04,6.036955344112252542e-01,4.075175357057315983e-02,9.866472639351746565e-01,1.261924705963203497e+00,6.595723154677618494e-01,6.563869544079173890e-01,5.238095238095238360e-01,8.333333333333333703e-01,3.580478733084685672e+00,8.333333333333332871e-02,3.333333333333333148e-01,3.755009046291537089e+00
6.618000019730943313e+04,1.454246322571203676e+00,6.381494874872874201e-02,9.731751733106139834e-01,1.738133639029654676e+00,6.870909643003391132e-01,4.762458282476452198e-01,4.285714285714285476e-01,5.000000000000000000e-01,3.714138440712296596e+00,4.166666666666666435e-02,3.333333333333333148e-01,3.878282939470219848e+00
6.619000019733925001e+04,8.919643500276989156e-01,4.496141071585326582e-02,7.729176963184211102e-01,1.141475880209128713e+00,4.765479241284351630e-01,6.035369993473918004e-01,5.238095238095238360e-01,6.666666666666666297e-01,3.610928031199734711e+00,1.250000000000000000e-01,3.333333333333333148e-01,3.713106839187465535e+00
6.620000019736905233e+04,1.620647653932247856e+00,4.818132702879152768e-02,5.303982031216333271e-01,1.041737051071973896e+00,7.053494994913488414e-01,5.466951902581679290e-01,3.809523809523809312e-01,6.666666666666666297e-01,3.688397529142626308e+00,4.166666666666666435e-02,3.333333333333333148e-01,3.535705392544399306e+00
6.621000019739886920e+04,5.284708229653670708e-01,3.907081968896343460e-02,8.375146555596105769e-01,1.703667027070982831e+00,3.490598995234513446e-01,4.282238623521264498e-01,6.666666666666666297e-01,1.000000000000000000e+00,3.861512837158525002e+00,1.250000000000000000e-01,3.333333333333333148e-01,3.675527984962692951e+00
6.622000019742868608e+04,7.293949605052667540e-01,3.364729987505137021e-02,7.425836090589463812e-01,1.322734546152530610e+00,5.052892518555354151e-01,5.610146362170143064e-01,5.238095238095238360e-01,1.000000000000000000e+00,3.710230636590929887e+00,1.250000000000000000e-01,3.333333333333333148e-01,3.647323823254318587e+00
6.623000019745850295e+04,8.738450287881008860e-01,5.073192914018477551e-02,1.076919890087985276e+00,1.223047535940503971e+00,6.605894051059808536e-01,4.972392968432888249e-01,4.285714285714285476e-01,8.333333333333333703e-01,3.828156453095261647e+00,1.250000000000000000e-01,3.333333333333333148e-01,3.807228210151930803e+00
6.624000019748831983e+04,7.121409962804026161e-01,3.876157561938683993e-02,9.328160996794350179e-01,1.002826608580386525e+00,3.641034655800349795e-01,4.195419872062853828e-01,4.285714285714285476e-01,8.333333333333333703e-01,3.864832821213182168e+00,1.250000000000000000e-01,3.333333333333333148e-01,3.857533421726912159e+00
6.625000019751812215e+04,1.519583152882833854e+00,5.705755091314919369e-02,8.294959545453638450e-01,1.662610003354498156e+00,5.293710608926678329e-01,2.814939348187269763e-01,5.714285714285713969e-01,6.666666666666666297e-01,3.476710827830456818e+00,1.250000000000000000e-01,3.333333333333333148e-01,3.403963267206844723e+00
6.626000019754793902e+04,7.167309591007330338e-01,4.907405716119874611e-02,4.418379020459627382e-01,1.232386174190122974e+00,6.142180262049184991e-01,6.609719663678371715e-01,6.190476190476190688e-01,1.000000000000000000e+00,3.582908048767502240e+00,8.333333333333332871e-02,3.333333333333333148e-01,3.527009328759024509e+00
6.627000019757775590e+04,1.127418252314883018e+00,7.446894700731426786e-02,4.728715379623241177e-01,1.097736076773186076e+00,8.473999557512914560e-01,6.831525858641867011e-01,4.761904761904761640e-01,1.000000000000000000e+00,3.703442414941678251e+00,4.166666666666666435e-02,3.333333333333333148e-01,3.615209311235951795e+00
6.628000019760757277e+04,1.182490790307547002e+00,4.144943574207564374e-02,9.106201694999175311e-01,1.023207078487861965e+00,8.076381753471559843e-01,6.088514795270665303e-01,4.761904761904761640e-01,8.333333333333333703e-01,3.720565729940414457e+00,8.333333333333332871e-02,3.333333333333333148e-01,3.838827145675456798e+00
6.629000019763738965e+04,1.411772176909463328e+00,6.597765484505095646e-02,4.099103682663868264e-01,1.204609874586773932e+00,8.403535110054153323e-01,7.683717630187129055e-01,3.333333333333333148e-01,5.000000000000000000e-01,3.678111838443574477e+00,1.250000000000000000e-01,3.333333333333333148e-01,3.604169283611261765e+00
6.630000019766719197e+04,9.865152821035679809e-01,6.518525300609454010e-02,7.326427289875038218e-01,1.123325763452961645e+00,5.201841383756354853e-01,4.751586470303398868e-01,7.142857142857143016e-01,1.000000000000000000e+00,3.588532214857927283e+00,4.166666666666666435e-02,3.333333333333333148e-01,3.378025067279973648e+00
6.631000019769700884e+04,1.282132252039373643e+00,6.504480310999281867e-02,9.242674181876345818e-01,9.076663854207479565e-01,4.035450521280392056e-01,2.611301392766426921e-01,4.761904761904761640e-01,8.333333333333333703e-01,3.659666352787702692e+00,1.250000000000000000e-01,3.333333333333333148e-01,3.537996741960076186e+00
6.632000019772682572e+04,1.491179723955139202e+00,6.453218633000896987e-02,5.969187618311426746e-01,1.020683994891327329e+00,6.593321663632251139e-01,5.541877906841624624e-01,3.809523809523809312e-01,5.000000000000000000e-01,3.651783532940446886e+00,1.250000000000000000e-01,3.333333333333333148e-01,3.303053563647234903e+00
6.633000019775664259e+04,1.047813369589211341e+00,5.859999232263928687e-02,6.360314321376080438e-01,1.236484818867711777e+00,8.128926886158700515e-01,7.200306183232755286e-01,6.190476190476190688e-01,8.333333333333333703e-01,3.766556511751129932e+00,1.250000000000000000e-01,3.333333333333333148e-01,3.764128638554026463e+00
6.634000019778645947e+04,9.496789705018411354e-01,7.654840777387804385e-02,1.068645803748419665e+00,1.569188641241752169e+00,8.139023273199031960e-01,6.129655466389120066e-01,5.714285714285713969e-01,1.000000000000000000e+00,3.748356095518630138e+00,8.333333333333332871e-02,3.333333333333333148e-01,3.845989858396666961e+00
6.635000019781626179e+04,1.237889859765102907e+00,6.413034804649261900e-02,8.432802259324577721e-01,9.667541859200191601e-01,9.221923441124189047e-01,8.023099164208771228e-01,6.190476190476190688e-01,8.333333333333333703e-01,3.576555561982967646e+00,8.333333333333332871e-02,3.333333333333333148e-01,3.677837754264781100e+00
6.636000019784607866e+04,1.087063160637401049e+00,5.938668774278609008e-02,1.248582402257417900e+00,1.035195778167963487e+00,2.596437567671237012e-01,2.491861826792814150e-01,5.714285714285713969e-01,8.333333333333333703e-01,3.722510075395163209e+00,1.250000000000000000e-01,3.333333333333333148e-01,3.557387146796921140e+00
6.637000019787589554e+04,1.066109651135554559e+00,7.071580718840766999e-02,8.312671721137522285e-01,1.362833117855963616e+00,4.845568143499301428e-01,2.378291893821227465e-01,6.190476190476190688e-01,1.000000000000000000e+00,3.748132693857874287e+00,4.166666666666666435e-02,3.333333333333333148e-01,3.829627092602453597e+00
6.638000019790571241e+04,1.458064550665752801e+00,3.336555653572263053e-02,6.646013693689244439e-01,1.197759861626925826e+00,6.562755162587420310e-01,5.193454383203935931e-01,4.285714285714285476e-01,6.666666666666666297e-01,3.877029001788081963e+00,1.250000000000000000e-01,3.333333333333333148e-01,3.438840848016985419e+00
6.639000019793552929e+04,1.616218530801239561e+00,6.360722503957508267e-02,4.426462973083761243e-01,1.307853542253913259e+00,7.377238176719410623e-01,4.658637542851546964e-01,4.285714285714285476e-01,8.333333333333333703e-01,3.404704556041830088e+00,1.250000000000000000e-01,3.333333333333333148e-01,3.400530472187893505e+00
6.640000019796533161e+04,1.272796454373841701e+00,4.334450788248112724e-02,7.947764777880480525e-01,1.313017022520679866e+00,4.829706970228904717e-01,4.048492308378689453e-01,6.666666666666666297e-01,8.333333333333333703e-01,3.756435173652857618e+00,1.250000000000000000e-01,3.333333333333333148e-01,3.822224297344170019e+00
6.641000019799514848e+04,1.121962357375510644e+00,6.095447101463678102e-02,5.079630998061439584e-01,1.043888140300741618e+00,3.725439295677854257e-01,2.580824815372824710e-01,5.714285714285713969e-01,1.000000000000000000e+00,3.751644831843078620e+00,1.250000000000000000e-01,3.333333333333333148e-01,3.652468057435869220e+00
6.642000019802496536e+04,1.607934335262773518e+00,4.967373737084410101e-02,1.310722084603833437e+00,2.258236193143637216e+00,5.134110374481422046e-01,2.470460114518397976e-01,4.761904761904761640e-01,8.333333333333333703e-01,3.640335017141751894e+00,1.250000000000000000e-01,3.333333333333333148e-01,3.725558017636983354e+00
6.643000019805478223e+04,1.402281296988308057e+00,4.353099426073568645e-02,5.805549897879710430e-01,1.457482505971957165e+00,6.546062659010485341e-01,4.485355672095803770e-01,4.761904761904761640e-01,8.333333333333333703e-01,3.731564365966007824e+00,1.250000000000000000e-01,3.333333333333333148e-01,3.673268048897140758e+00
6.644000019808459911e+04,1.121083052314304940e+00,4.448076031991025914e-02,8.067457382672366117e-01,1.184898321586846492e+00,6.305317173896769489e-01,4.145852988436920517e-01,4.761904761904761640e-01,6.666666666666666297e-01,3.771869387624164460e+00,1.250000000000000000e-01,3.333333333333333148e-01,3.786504467758404324e+00
6.645000019811441598e+04,1.490696783636783929e+00,4.152818648623855802e-02,5.032583956848494244e-01,1.311191894603690900e+00,7.156915733507475119e-01,4.046834718305052370e-01,5.714285714285713969e-01,6.666666666666666297e-01,3.793607581942028961e+00,1.250000000000000000e-01,3.333333333333333148e-01,3.756491853649843726e+00
6.646000019814421830e+04,1.442150543809928243e+00,5.285462133331426948e-02,7.152110044313365611e-01,1.354562205769472394e+00,8.644410990213180490e-01,6.476193288687694949e-01,4.761904761904761640e-01,5.000000000000000000e-01,3.472977724562153590e+00,8.333333333333332871e-02,3.333333333333333148e-01,3.524075295496003513e+00
6.647000019817403518e+04,1.090872918284610638e+00,6.088805030699056403e-02,9.236922822126647503e-01,1.055260454028237538e+00,8.206009904281883482e-01,7.035426848839544389e-01,5.238095238095238360e-01,8.333333333333333703e-01,3.677306600085004096e+00,4.166666666666666435e-02,3.333333333333333148e-01,3.697146856511809521e+00
6.648000019820385205e+04,1.273444038830813474e+00,5.007760888021102474e-02,7.066558964909592788e-01,1.510934413296874945e+00,5.345349363340496929e-01,5.899924961079094921e-01,4.285714285714285476e-01,5.000000000000000000e-01,3.619469278485585750e+00,8.333333333333332871e-02,3.333333333333333148e-01,3.711134569299033625e+00
6.649000019823366893e+04,1.049541592496690434e+00,4.763498611392454757e-02,5.602901194534865015e-01,1.424728421668784772e+00,4.503071886343320007e-01,5.372774217195614987e-01,4.285714285714285476e-01,1.000000000000000000e+00,3.711918094640157317e+00,8.333333333333332871e-02,3.333333333333333148e-01,3.934334798675774625e+00
6.650000019826348580e+04,1.079680119581660325e+00,6.605754674499647594e-02,7.278236934853832274e-01,1.026939375408298938e+00,6.534651511748131858e-01,7.156732923221643672e-01,3.809523809523809312e-01,8.333333333333333703e-01,3.765600264035173783e+00,1.250000000000000000e-01,3.333333333333333148e-01,3.337891840740874638e+00
6.651000019829328812e+04,1.563390542821939455e+00,4.021406665063175651e-02,1.160286926110336125e+00,1.803932243756843024e+00,7.429955732002000435e-01,5.955511861903575177e-01,4.761904761904761640e-01,6.666666666666666297e-01,3.670767762550088076e+00,8.333333333333332871e-02,3.333333333333333148e-01,3.545453780778978548e+00
6.652000019832310500e+04,9.109769935010506581e-01,6.606908304681974320e-02,7.734404939836171389e-01,1.513972748835138660e+00,9.630878723944624742e-01,8.485584477688025151e-01,6.190476190476190688e-01,1.000000000000000000e+00,3.541545321797094470e+00,4.166666666666666435e-02,3.333333333333333148e-01,4.037370480868369249e+00
6.653000019835292187e+04,8.656324043924077394e-01,6.605869875029216076e-02,8.075171637472149389e-01,1.739249097265359145e+00,6.459733704471536386e-01,4.554388724819947165e-01,3.809523809523809312e-01,1.000000000000000000e+00,3.994381335728935944e+00,4.166666666666666435e-02,3.333333333333333148e-01,4.014984411656060459e+00
6.654000019838273874e+04,1.256397929414333703e+00,6.068970508363432520e-02,1.015524960680321387e+00,1.419098417813237756e+00,1.030928573499694245e+00,9.214853996959816440e-01,2.857142857142856984e-01,6.666666666666666297e-01,3.839500696231011645e+00,4.166666666666666435e-02,3.333333333333333148e-01,3.445312015026262387e+00
6.655000019841255562e+04,1.108293598490555754e+00,4.905267959628201863e-02,4.461612236678068610e-01,1.001912506014047688e+00,6.536906705929161898e-01,5.722531683868485874e-01,3.333333333333333148e-01,6.666666666666666297e-01,3.703228566854681159e+00,1.250000000000000000e-01,3.333333333333333148e-01,3.572564507534734091e+00
6.656000019844235794e+04,1.295079555811318395e+00,4.368181474126248132e-02,4.730465863622527189e-01,8.458818825576075451e-01,1.089750773830362007e+00,1.011717905405366436e+00,4.285714285714285476e-01,8.333333333333333703e-01,3.698017559156726364e+00,0.000000000000000000e+00,1.666666666666666574e-01,3.344062481044967505e+00
6.657000019847217482e+04,1.529384177443893655e+00,4.818195050029985133e-02,4.634510951966073211e-01,1.642997186585527958e+00,1.123221339949396214e+00,9.473134372295919370e-01,3.809523809523809312e-01,8.333333333333333703e-01,3.588837694739132722e+00,0.000000000000000000e+00,1.666666666666666574e-01,3.412357519014663332e+00
6.658000019850199169e+04,1.899340367524065654e+00,5.022238256065705148e-02,7.200986978459762433e-01,1.750981469801999646e+00,1.037899897535103255e+00,9.196892404714310798e-01,3.809523809523809312e-01,8.333333333333333703e-01,3.484089426909865228e+00,0.000000000000000000e+00,1.666666666666666574e-01,3.850839236556626854e+00
6.659000019853180856e+04,1.256193342735018925e+00,4.819824829975681568e-02,1.305129286616925954e+00,1.621191093762375024e+00,1.177065304643011290e+00,1.111490436378787638e+00,5.714285714285713969e-01,1.000000000000000000e+00,3.626162347007006570e+00,0.000000000000000000e+00,1.666666666666666574e-01,3.984039324938860371e+00
6.660000019856162544e+04,1.486352931950543743e+00,6.786647373326544497e-02,9.845856211390805468e-01,1.103253657376621844e+00,1.438911350439867620e+00,1.311320349470804780e+00,6.190476190476190688e-01,1.000000000000000000e+00,3.542522430592835558e+00,0.000000000000000000e+00,1.666666666666666574e-01,4.031131136594891196e+00
6.661000019859142776e+04,6.845933641453083585e-01,4.834921054611373420e-02,1.047712464162715129e+00,1.095834217289096912e+00,4.114926551861580184e-01,3.572664453279845720e-01,5.238095238095238360e-01,1.000000000000000000e+00,3.788218253486272058e+00,4.166666666666666435e-02,3.333333333333333148e-01,3.598681593497663478e+00
6.662000019862124464e+04,1.393364534425776347e+00,4.301110385086686499e-02,1.689336342656234669e+00,1.018455059664286511e+00,1.085976352948510470e+00,9.865241698530714531e-01,6.190476190476190688e-01,6.666666666666666297e-01,3.416842889133957950e+00,4.166666666666666435e-02,3.333333333333333148e-01,3.416842889133957950e+00
6.663000019865106151e+04,1.100913583599905099e+00,6.589432051158738979e-02,6.471734421920617431e-01,1.265143342401742199e+00,1.127965651632546695e+00,9.692485466091286250e-01,6.666666666666666297e-01,1.000000000000000000e+00,3.561575047001564798e+00,4.166666666666666435e-02,3.333333333333333148e-01,3.412432874431967189e+00
6.664000019868087838e+04,7.888559590372430375e-01,6.136825944106907155e-02,6.488838259677571774e-01,1.465580217330804347e+00,8.042015740911419019e-01,6.432504675617629619e-01,4.761904761904761640e-01,1.000000000000000000e+00,3.582915655101807317e+00,4.166666666666666435e-02,3.333333333333333148e-01,3.390837982698408304e+00
6.665000019871069526e+04,1.305689460583163708e+00,5.851733593331490124e-02,5.013382701316769774e-01,1.277576201629004649e+00,7.398935539555581142e-01,6.493711326366818914e-01,3.333333333333333148e-01,8.333333333333333703e-01,3.591836105725237260e+00,4.166666666666666435e-02,3.333333333333333148e-01,3.591836105725237260e+00
6.666000019874049758e+04,8.361753076327984591e-01,5.565026725637176735e-02,1.055698247820165747e+00,1.829291319318737674e+00,1.142462368229214764e+00,1.041422672589944476e+00,5.238095238095238360e-01,1.000000000000000000e+00,3.939444304023592469e+00,4.166666666666666435e-02,3.333333333333333148e-01,4.298071454103837397e+00
6.667000019877031446e+04,1.205969804583475469e+00,7.229752810336548263e-02,7.952271239818619053e-01,2.459635186596423218e+00,1.364362963886708080e+00,1.225238917983308751e+00,3.809523809523809312e-01,1.000000000000000000e+00,3.707240099522551180e+00,0.000000000000000000e+00,1.666666666666666574e-01,3.441874248192897223e+00
6.668000019880013133e+04,1.007155771669241417e+00,5.149290381258397192e-02,1.820317807830292400e+00,1.878584290197216289e+00,7.949912955062969910e-01,6.905066052421303668e-01,3.333333333333333148e-01,8.333333333333333703e-01,3.772863469058004515e+00,0.000000000000000000e+00,1.666666666666666574e-01,3.904813620676971464e+00
6.669000019882994820e+04,9.792847941419768887e-01,3.917884591436095881e-02,1.447677867089463000e+00,1.894653945129471939e+00,1.154633496563337358e+00,1.072654973181084825e+00,7.619047619047618625e-01,1.000000000000000000e+00,3.474755393229795430e+00,0.000000000000000000e+00,1.666666666666666574e-01,3.519347237354842228e+00
6.670000019885976508e+04,1.303076134670783759e+00,7.076495724979103841e-02,1.404654583341331975e+00,1.170713620924819676e+00,1.190125895539166034e+00,9.963852920562751292e-01,7.619047619047618625e-01,1.000000000000000000e+00,3.514683782309306448e+00,0.000000000000000000e+00,1.666666666666666574e-01,3.514683782309306448e+00
6.671000019888956740e+04,1.246423951089183246e+00,6.093842161188262052e-02,5.545014567754072976e-01,1.456858115144158861e+00,8.515114646123510544e-01,7.518850223401341015e-01,4.285714285714285476e-01,8.333333333333333703e-01,3.695737804372259738e+00,4.166666666666666435e-02,3.333333333333333148e-01,3.536075943838196345e+00
6.672000019891938427e+04,1.867575252424336973e+00,6.393356791762908053e-02,5.975970642404146993e-01,1.787346371536391088e+00,1.062549001317254493e+00,8.634764089249673535e-01,1.904761904761904656e-01,6.666666666666666297e-01,3.343357866370771259e+00,0.000000000000000000e+00,1.666666666666666574e-01,3.343357866370771259e+00
6.673000019894920115e+04,8.518793733116930555e-01,6.492067647264156138e-02,9.856845413399302203e-01,2.104960262684413497e+00,6.769256304344839492e-01,5.765166299035409114e-01,4.761904761904761640e-01,1.000000000000000000e+00,3.464333003369361119e+00,4.166666666666666435e-02,3.333333333333333148e-01,3.551268036558507646e+00
6.674000019897901802e+04,1.238092164036060039e+00,5.374476409567193608e-02,1.438305320413350907e+00,1.940094563870467193e+00,7.937315173163339566e-01,5.396929059816218954e-01,6.666666666666666297e-01,8.333333333333333703e-01,3.515932205951425082e+00,8.333333333333332871e-02,3.333333333333333148e-01,3.618855227295622701e+00
6.675000019900883490e+04,1.142219448339178767e+00,3.016111479412270091e-02,1.334610897973826260e+00,1.698746345404200886e+00,8.754574274324689043e-01,7.905908099498462072e-01,5.714285714285713969e-01,6.666666666666666297e-01,3.382669942998281165e+00,4.166666666666666435e-02,3.333333333333333148e-01,3.371222711281443019e+00
6.676000019903865177e+04,1.182317145544436343e+00,8.557262888412747737e-02,1.905641741670995870e+00,1.745787456464529264e+00,8.358661102086869521e-01,8.300654201103879748e-01,3.809523809523809312e-01,8.333333333333333703e-01,3.840028536953134175e+00,4.166666666666666435e-02,3.333333333333333148e-01,3.672223900496898175e+00
6.677000019906845409e+04,1.497614129553363593e+00,8.656884654099890331e-02,8.224864254879464820e-01,1.373254106938360142e+00,6.605389224376011503e-01,4.501444677107380721e-01,3.809523809523809312e-01,6.666666666666666297e-01,3.547518244292528156e+00,4.166666666666666435e-02,3.333333333333333148e-01,3.354822264889200323e+00
6.678000019909827097e+04,1.196141373255630969e+00,6.089399385464509123e-02,1.413222972847749004e+00,1.282308510986745365e+00,8.451335767317309511e-01,6.502646029604548517e-01,6.190476190476190688e-01,8.333333333333333703e-01,3.598482452362601780e+00,4.166666666666666435e-02,3.333333333333333148e-01,3.487489593139270649e+00
6.679000019912808784e+04,1.100313662504631251e+00,4.047563507810093830e-02,1.572381056033883562e+00,1.251570015277192471e+00,7.925068734608660126e-01,5.515049570044139315e-01,6.666666666666666297e-01,6.666666666666666297e-01,3.780587328540947922e+00,4.166666666666666435e-02,3.333333333333333148e-01,3.541385194781613510e+00
6.680000019915790472e+04,1.247044204882048701e+00,5.691039813696988775e-02,1.274554484921863517e+00,2.016692837040637620e+00,5.677202037450550520e-01,3.230826661063422311e-01,5.238095238095238360e-01,6.666666666666666297e-01,3.723124123694834697e+00,8.333333333333332871e-02,3.333333333333333148e-01,3.480951199507885896e+00
6.681000019918772159e+04,9.963851818102121838e-01,7.570109608585168237e-02,1.565699144857961134e+00,1.547948581593506789e+00,6.106295559177171706e-01,6.170714247742579150e-01,8.095238095238095344e-01,1.000000000000000000e+00,3.495496187642518127e+00,4.166666666666666435e-02,3.333333333333333148e-01,3.849998138077604271e+00
6.682000019921752391e+04,6.252672519467381562e-01,5.271859779227258680e-02,1.131376261548242557e+00,1.625462628820470767e+00,2.731420274480680366e-01,1.408044804296537666e-01,7.142857142857143016e-01,1.000000000000000000e+00,3.561758965753229145e+00,1.250000000000000000e-01,3.333333333333333148e-01,3.669558448300723086e+00
6.683000019924734079e+04,1.059941020979757287e+00,4.048221122686529450e-02,1.561282205387102273e+00,8.720790279773615872e-01,6.816591095779602760e-01,5.634724058854488904e-01,7.619047619047618625e-01,1.000000000000000000e+00,3.701448590050459675e+00,8.333333333333332871e-02,3.333333333333333148e-01,3.384184729749384779e+00
6.684000019927715766e+04,1.221432696982959198e+00,3.549594989565955233e-02,1.977441482226073299e+00,1.209886657312686520e+00,8.021129875466463943e-01,6.783473875108356754e-01,2.380952380952380820e-01,8.333333333333333703e-01,3.850462881749733057e+00,0.000000000000000000e+00,1.666666666666666574e-01,3.787832705368925801e+00
6.685000019930697454e+04,1.076179405599283490e+00,6.722458062969201287e-02,1.477016270564835532e+00,1.204795692543489727e+00,9.867395490883364984e-01,9.069726323009676960e-01,6.190476190476190688e-01,1.000000000000000000e+00,3.673311914992247296e+00,4.166666666666666435e-02,3.333333333333333148e-01,3.908223020780868584e+00
6.686000019933679141e+04,1.350411655917784781e+00,7.700270757715935166e-02,1.752903631581014254e+00,1.330608599925356517e+00,6.323965456931489593e-01,7.152379408029070351e-01,6.190476190476190688e-01,8.333333333333333703e-01,3.810838897774301071e+00,0.000000000000000000e+00,1.666666666666666574e-01,3.697259885604502028e+00
6.687000019936659373e+04,6.859262021973916434e-01,6.007105664305650156e-02,1.379314575381114238e+00,1.921492306890451252e+00,9.752020975213177012e-01,9.489438668110472541e-01,7.619047619047618625e-01,1.000000000000000000e+00,3.647131128397369970e+00,8.333333333333332871e-02,3.333333333333333148e-01,3.876301452294672600e+00
6.688000019939641061e+04,1.272487322942465360e+00,4.040479004650186085e-02,2.362263729040374738e+00,1.231262827635513535e+00,1.160337304590278285e+00,1.002462154076982248e+00,4.761904761904761640e-01,1.000000000000000000e+00,3.852486900946265891e+00,0.000000000000000000e+00,1.666666666666666574e-01,4.343549212484755451e+00
6.689000019942622748e+04,1.127723232050357849e+00,5.253050056623262409e-02,1.062451237087288947e+00,1.435210467168310799e+00,7.825132900185910456e-01,6.220262172885201446e-01,5.238095238095238360e-01,1.000000000000000000e+00,3.828585241225964886e+00,0.000000000000000000e+00,1.666666666666666574e-01,3.598102409401512158e+00
6.690000019945604436e+04,1.098923635786479780e+00,6.356790783358269581e-02,1.502072293007687742e+00,1.729436248891175421e+00,8.741491505344397561e-01,8.105561309860477293e-01,7.142857142857143016e-01,8.333333333333333703e-01,3.674885350922640015e+00,0.000000000000000000e+00,1.666666666666666574e-01,3.706718405843885566e+00
6.691000019948586123e+04,1.192637931533475859e+00,5.182088212855731624e-02,1.516117854749331029e+00,1.207339525387442380e+00,1.106018757329486624e+00,8.779168344220670273e-01,7.142857142857143016e-01,1.000000000000000000e+00,3.613912465824207665e+00,4.166666666666666435e-02,3.333333333333333148e-01,3.609112918299694162e+00
6.692000019951566355e+04,1.582676211287969981e+00,8.184138435737350892e-02,1.170002537422369260e+00,6.372303809861987745e-01,1.420571511958849564e+00,1.251665835618670952e+00,4.285714285714285476e-01,8.333333333333333703e-01,3.572544558687066552e+00,4.166666666666666435e-02,3.333333333333333148e-01,3.360719730919100812e+00
6.693000019954548043e+04,1.618039688474547377e+00,5.972046647763325222e-02,7.124529331948620259e-01,1.506248534698349628e+00,8.264745670031355962e-01,6.485978246116882451e-01,4.285714285714285476e-01,6.666666666666666297e-01,3.577493830609607794e+00,4.166666666666666435e-02,3.333333333333333148e-01,3.379808347883712649e+00
6.694000019957529730e+04,1.243788578921670274e+00,5.681463327467031060e-02,1.195672061679029952e+00,2.656879273717998924e+00,4.767042041849298140e-01,5.233840312680483331e-01,4.761904761904761640e-01,8.333333333333333703e-01,3.832011351264047683e+00,8.333333333333332871e-02,3.333333333333333148e-01,4.098603691695243967e+00
6.695000019960511418e+04,1.137802856547011299e+00,4.339328267994974064e-02,1.615246207537368806e+00,1.470655563151900491e+00,8.855509388247000402e-01,9.085026524692493277e-01,4.285714285714285476e-01,8.333333333333333703e-01,3.801385674887004296e+00,8.333333333333332871e-02,1.666666666666666574e-01,3.935631752699162433e+00
6.696000019963493105e+04,1.136002595878111698e+00,4.524979259070629339e-02,7.285033146431000306e-01,1.632249882338820512e+00,9.265387859394815795e-01,8.556363628917194042e-01,4.761904761904761640e-01,1.000000000000000000e+00,3.826488516647171156e+00,0.000000000000000000e+00,1.666666666666666574e-01,3.843638063988490838e+00
6.697000019966473337e+04,9.592798630948690120e-01,6.019190545913966073e-02,8.736074428167585060e-01,1.479168162961782551e+00,4.284708415549307037e-01,3.509083472056429009e-01,6.190476190476190688e-01,1.000000000000000000e+00,3.425649434875116750e+00,4.166666666666666435e-02,3.333333333333333148e-01,3.810592116732893775e+00
6.698000019969455025e+04,1.135736369796144229e+00,4.767525417554726447e-02,9.542374869417702410e-01,1.761175282128490949e+00,6.204065905209316112e-01,5.995760921205940397e-01,5.238095238095238360e-01,6.666666666666666297e-01,3.912535004596980670e+00,4.166666666666666435e-02,3.333333333333333148e-01,3.758798738883375457e+00
6.699000019972436712e+04,1.105239127887630346e+00,4.748120695423400234e-02,1.341445887470910536e+00,1.429932057434374126e+00,8.018724893966415745e-01,6.493076259023952135e-01,7.142857142857143016e-01,1.000000000000000000e+00,3.587688576773420568e+00,4.166666666666666435e-02,3.333333333333333148e-01,3.588584787501721163e+00
6.700000019975418400e+04,1.612433938303006631e+00,7.928521295788934498e-02,1.788666233744793166e+00,1.916108294452228966e+00,1.280229110912376678e+00,1.085277166396259485e+00,6.666666666666666297e-01,1.000000000000000000e+00,3.428966033163953764e+00,0.000000000000000000e+00,1.666666666666666574e-01,3.428140031079473182e+00
6.701000019978400087e+04,1.223008114281907144e+00,5.082807144426461365e-02,2.015802602212913186e+00,1.789951164985774668e+00,1.130727126425061568e+00,1.041567970998965809e+00,8.095238095238095344e-01,1.000000000000000000e+00,3.611967890999260078e+00,4.166666666666666435e-02,3.333333333333333148e-01,3.927496908799318120e+00
6.702000019981380319e+04,1.128798305166442972e+00,3.717187655977968741e-02,2.106585339699715842e+00,1.801360248022368715e+00,1.002572222786977107e+00,8.907689930637301412e-01,6.190476190476190688e-01,1.000000000000000000e+00,3.696509345281224324e+00,0.000000000000000000e+00,1.666666666666666574e-01,3.935484463024217394e+00
6.703000019984362007e+04,1.295095245371708392e+00,5.971412723373337172e-02,1.085209016574587126e+00,1.634999891344946388e+00,6.936882456579794853e-01,4.757493539642289049e-01,5.714285714285713969e-01,8.333333333333333703e-01,3.378049585525695342e+00,4.166666666666666435e-02,3.333333333333333148e-01,3.378049585525695342e+00
6.704000019987343694e+04,9.280400389088324653e-01,3.896630755916683647e-02,1.345469755512045840e+00,1.340504242121241862e+00,3.845629244173467964e-01,4.802161903440258506e-01,5.714285714285713969e-01,1.000000000000000000e+00,3.627501326368724133e+00,0.000000000000000000e+00,1.666666666666666574e-01,3.729863513374293227e+00
6.705000019990325382e+04,9.352693209541675934e-01,6.138914282773029474e-02,1.406178778581105515e+00,2.324384547586306304e+00,5.044918661419408590e-01,4.132676439897135512e-01,6.666666666666666297e-01,6.666666666666666297e-01,3.496853826570401225e+00,0.000000000000000000e+00,1.666666666666666574e-01,3.593828288818804229e+00
6.706000019993307069e+04,9.589988179117574507e-01,6.344924795203167600e-02,1.130628292627148701e+00,1.732078447379538089e+00,6.771677421250881235e-01,4.903802823669486943e-01,7.142857142857143016e-01,1.000000000000000000e+00,3.438778456835551722e+00,8.333333333333332871e-02,3.333333333333333148e-01,3.702345584633853992e+00
6.707000019996288756e+04,1.340618590827276746e+00,7.420799546621519027e-02,8.986700406605253599e-01,1.516307743659401241e+00,9.602345812408608072e-01,8.595555612287699709e-01,8.095238095238095344e-01,1.000000000000000000e+00,3.502725129290420902e+00,0.000000000000000000e+00,1.666666666666666574e-01,3.502725129290420902e+00
6.708000019999268989e+04,9.911171510186443934e-01,5.069481977864993133e-02,1.646876347940464447e+00,1.517071070839494551e+00,8.745609572271051402e-01,7.136278082249758459e-01,7.619047619047618625e-01,1.000000000000000000e+00,3.519747902725489208e+00,4.166666666666666435e-02,3.333333333333333148e-01,4.099319949973462052e+00
6.709000020002250676e+04,1.949323166085350945e+00,6.980119264228915044e-02,1.079855572005538278e+00,1.879043927557848326e+00,1.739717345875896992e+00,1.671956676885667736e+00,6.666666666666666297e-01,1.000000000000000000e+00,3.597303551563218349e+00,0.000000000000000000e+00,1.666666666666666574e-01,3.597303551563218349e+00
6.710000020005232363e+04,1.505108058466857246e+00,5.125685001093588378e-02,1.357343569847567322e+00,1.789828845920386602e+00,9.777003246898099409e-01,9.320200563608158628e-01,3.809523809523809312e-01,1.000000000000000000e+00,3.918076306673828668e+00,4.166666666666666435e-02,3.333333333333333148e-01,3.590113592283139088e+00
6.711000020008214051e+04,1.358153187110970661e+00,4.409235533298479226e-02,5.774609478017952435e-01,2.224557339159062952e+00,7.974391797428821427e-01,6.125794950405329953e-01,6.666666666666666297e-01,1.000000000000000000e+00,3.637695642605575319e+00,4.166666666666666435e-02,3.333333333333333148e-01,3.637695642605575319e+00
6.712000020011195738e+04,1.384087038933581759e+00,3.205309641009560645e-02,1.219517089893384920e+00,1.476858410234651808e+00,9.767270762329058886e-01,7.404395512508703536e-01,3.333333333333333148e-01,6.666666666666666297e-01,3.362130696730638579e+00,0.000000000000000000e+00,1.666666666666666574e-01,3.362130696730638579e+00
6.713000020014175971e+04,1.263897821865296756e+00,7.511133927898620832e-02,7.000897994851711381e-01,2.376678837589515147e+00,6.023864207653228942e-01,4.553728680515611860e-01,5.714285714285713969e-01,1.000000000000000000e+00,3.655001277017547068e+00,0.000000000000000000e+00,1.666666666666666574e-01,3.780561472789099042e+00
6.714000020017157658e+04,1.215781250080204989e+00,5.863856023905784226e-02,1.373061474500031132e+00,1.454862603006260580e+00,5.814908278454306023e-01,5.952248460772282534e-01,6.190476190476190688e-01,1.000000000000000000e+00,3.716087636799604077e+00,4.166666666666666435e-02,3.333333333333333148e-01,3.716087636799604077e+00
6.715000020020139345e+04,1.046768115370381391e+00,4.856235756581808033e-02,1.209097854477379164e+00,1.804373847212958015e+00,8.481545486009266499e-01,8.157969903474712181e-01,7.142857142857143016e-01,8.333333333333333703e-01,3.449122482798485656e+00,0.000000000000000000e+00,1.666666666666666574e-01,3.543428091971680960e+00
6.716000020023121033e+04,1.043036559653114370e+00,5.076269741370492694e-02,1.100128944698638422e+00,2.121001444666417157e+00,6.086718527777050802e-01,6.216312938471494354e-01,4.285714285714285476e-01,1.000000000000000000e+00,3.585066424302318921e+00,0.000000000000000000e+00,1.666666666666666574e-01,3.977280101300830317e+00
6.717000020026102720e+04,1.491234643712018970e+00,6.904907729505993519e-02,9.081746939513059003e-01,2.701271193916652269e+00,1.332122656303569297e+00,1.323725329009415086e+00,5.714285714285713969e-01,1.000000000000000000e+00,3.808801695780609453e+00,0.000000000000000000e+00,1.666666666666666574e-01,3.874691172759434643e+00
6.718000020029082953e+04,1.171819180156401297e+00,3.704650111218570074e-02,1.596480305365276076e+00,1.822723176507645482e+00,1.064256624161332265e+00,9.066194406231897762e-01,6.190476190476190688e-01,8.333333333333333703e-01,3.618646557611425507e+00,0.000000000000000000e+00,1.666666666666666574e-01,3.448297616376001073e+00
6.719000020032064640e+04,1.443098509318366807e+00,4.442809872919255276e-02,9.856064411490278454e-01,1.471858772939850235e+00,1.194471041104190778e+00,9.913507666267724616e-01,5.238095238095238360e-01,8.333333333333333703e-01,3.545282765336649877e+00,0.000000000000000000e+00,1.666666666666666574e-01,3.590793347631464627e+00
6.720000020035046327e+04,1.149050502514320726e+00,5.374538722489727305e-02,1.383962143191225236e+00,1.642119143639922063e+00,1.117055570005498488e+00,9.272708194114827052e-01,6.666666666666666297e-01,1.000000000000000000e+00,3.740097876330549465e+00,0.000000000000000000e+00,1.666666666666666574e-01,3.541369208431186077e+00
6.721000020038028015e+04,1.268401744147173993e+00,4.852905153559274043e-02,1.493826050312459186e+00,1.698382712602608313e+00,1.174482326526569587e+00,1.039308686702294260e+00,6.666666666666666297e-01,6.666666666666666297e-01,3.556085764417238781e+00,0.000000000000000000e+00,1.666666666666666574e-01,3.609731746183996837e+00
6.722000020041009702e+04,8.886219063431399778e-01,5.178784821132528110e-02,2.064197227529050771e+00,1.745221329649191633e+00,6.978025988220022402e-01,5.395886310582952428e-01,4.761904761904761640e-01,8.333333333333333703e-01,3.719880070154549578e+00,4.166666666666666435e-02,3.333333333333333148e-01,3.719880070154549578e+00
6.723000020043989934e+04,1.126938032601846551e+00,8.327054866074391770e-02,1.015774133364030440e+00,1.370308538063216508e+00,8.773969978779784240e-01,7.499566085463346132e-01,6.190476190476190688e-01,8.333333333333333703e-01,3.625785355338273064e+00,0.000000000000000000e+00,1.666666666666666574e-01,3.322996323451807843e+00
6.724000020046971622e+04,1.291693751790872202e+00,5.385663447561025996e-02,1.855504873014907963e+00,1.892186360383768307e+00,8.151814159244229474e-01,7.452920027618596954e-01,4.761904761904761640e-01,8.333333333333333703e-01,3.812837197514524323e+00,0.000000000000000000e+00,1.666666666666666574e-01,3.812837197514524323e+00
6.725000020049953309e+04,9.355306841717114796e-01,6.885361563459792278e-02,1.218639588692838949e+00,2.111437179389867858e+00,7.821695190740564074e-01,7.306559590508969748e-01,5.714285714285713969e-01,8.333333333333333703e-01,3.665262713174962439e+00,0.000000000000000000e+00,1.666666666666666574e-01,3.911845637668226239e+00
6.726000020052934997e+04,1.011068967903331561e+00,3.678845132146206509e-02,1.120435854740033044e+00,1.599857060337658288e+00,8.548923617856050150e-01,7.286820439800759663e-01,5.714285714285713969e-01,8.333333333333333703e-01,3.674623735237225297e+00,0.000000000000000000e+00,1.666666666666666574e-01,3.674623735237225297e+00
6.727000020055916684e+04,1.109891465427103707e+00,4.204707446239806801e-02,1.965037788426843512e+00,1.571980556337228441e+00,8.711775034797158979e-01,6.966716236840024834e-01,6.190476190476190688e-01,1.000000000000000000e+00,3.665732187937065234e+00,0.000000000000000000e+00,1.666666666666666574e-01,4.015628208128528165e+00
6.728000020058896916e+04,1.107252721271053009e+00,4.277138791397132322e-02,1.075207986504311819e+00,1.734150485667040442e+00,8.918137803007705200e-01,8.618854908268477333e-01,8.095238095238095344e-01,1.000000000000000000e+00,3.628532449300626350e+00,0.000000000000000000e+00,1.666666666666666574e-01,4.092765821986398933e+00
6.729000020061878604e+04,1.072104986564348383e+00,2.626189892509232446e-02,8.536919435664679368e-01,1.897206063841746282e+00,6.995040349324792572e-01,4.227637165665984464e-01,6.190476190476190688e-01,6.666666666666666297e-01,3.360377905552939914e+00,4.166666666666666435e-02,3.333333333333333148e-01,3.630858378807771292e+00
6.730000020064860291e+04,1.101968271532237864e+00,5.758743679483403766e-02,2.098292297931493966e+00,1.732671577147824271e+00,9.650166482896440634e-01,9.514039797843086843e-01,4.761904761904761640e-01,1.000000000000000000e+00,3.629140236320609780e+00,4.166666666666666435e-02,3.333333333333333148e-01,4.344844591608828743e+00
6.731000020067841979e+04,1.605938198980659815e+00,4.357462294350949311e-02,1.479903523535432974e+00,1.597858133145237725e+00,9.370792375560467180e-01,7.828648670802411669e-01,4.285714285714285476e-01,6.666666666666666297e-01,3.780559601710514528e+00,0.000000000000000000e+00,1.666666666666666574e-01,3.635774169082019558e+00
6.732000020070823666e+04,1.259660942882584234e+00,3.883381731074841275e-02,6.353686840662120527e-01,2.085715945144864580e+00,8.460740199945118167e-01,7.469265193361642741e-01,8.095238095238095344e-01,1.000000000000000000e+00,3.580951605323994702e+00,0.000000000000000000e+00,1.666666666666666574e-01,3.554457047979313167e+00
6.733000020073803898e+04,8.952412424298390459e-01,6.327273995318365152e-02,1.227921314762583593e+00,1.821730529537967769e+00,6.365853671168389960e-01,6.244727123048934292e-01,6.666666666666666297e-01,1.000000000000000000e+00,3.423164589808074698e+00,0.000000000000000000e+00,1.666666666666666574e-01,3.970686739508697105e+00
6.734000020076785586e+04,1.060751982427924123e+00,5.346257082695267393e-02,1.936322945431376397e+00,1.747651189324906706e+00,6.577250616821591622e-01,6.171952714207026292e-01,4.761904761904761640e-01,8.333333333333333703e-01,3.686372203263045488e+00,0.000000000000000000e+00,1.666666666666666574e-01,3.686372203263045488e+00
6.735000020079767273e+04,1.124259746759996847e+00,2.976833248593737866e-02,9.033755161794972954e-01,1.767791206324764941e+00,8.498832579287618483e-01,7.106836057753073144e-01,7.142857142857143016e-01,1.000000000000000000e+00,3.646038614381980292e+00,0.000000000000000000e+00,1.666666666666666574e-01,3.858580731348466131e+00
6.736000020082748961e+04,1.148829974245247243e+00,6.789575986567641941e-02,4.784367299251696126e-01,1.479944429811437923e+00,7.750080364783945575e-01,6.997433463266773401e-01,6.190476190476190688e-01,8.333333333333333703e-01,3.505997585998749777e+00,0.000000000000000000e+00,1.666666666666666574e-01,3.505997585998749777e+00
6.737000020085730648e+04,1.935338335707057045e+00,4.712925821173202801e-02,9.098360692618194800e-01,1.487299800323714560e+00,1.271598325038437949e+00,1.211052599315428857e+00,5.238095238095238360e-01,5.000000000000000000e-01,3.365600337513103391e+00,4.166666666666666435e-02,3.333333333333333148e-01,3.365600337513103391e+00
6.738000020088710880e+04,9.375732721460942054e-01,7.546237737186640981e-02,1.573587519880285557e+00,1.723593440916640462e+00,5.029574538576403464e-01,3.841272039838202756e-01,7.619047619047618625e-01,1.000000000000000000e+00,3.676729731638829879e+00,4.166666666666666435e-02,3.333333333333333148e-01,3.676729731638829879e+00
6.739000020091692568e+04,9.847637057868006139e-01,6.536950596381176093e-02,1.550977850592775820e+00,1.912700757747512581e+00,4.161663751216115870e-01,5.113168030015579069e-01,6.666666666666666297e-01,1.000000000000000000e+00,3.666892637720070347e+00,4.166666666666666435e-02,3.333333333333333148e-01,4.008623318787956968e+00
6.740000020094674255e+04,9.733351312026941038e-01,3.674032407704151681e-02,9.513634892687563571e-01,1.697013754081752923e+00,7.911255288725229651e-01,7.016202254377744696e-01,5.238095238095238360e-01,1.000000000000000000e+00,3.849344125372454961e+00,0.000000000000000000e+00,1.666666666666666574e-01,3.849344125372454961e+00
6.741000020097655943e+04,1.232108819046692672e+00,6.070787310572312023e-02,1.056985181258641937e+00,1.297428883966775359e+00,4.798245415506252054e-01,3.592578485089897855e-01,4.285714285714285476e-01,8.333333333333333703e-01,3.789982088943717020e+00,4.166666666666666435e-02,3.333333333333333148e-01,3.789982088943717020e+00
6.742000020100637630e+04,9.685697745746040255e-01,5.935468244817077021e-02,8.607740665793132129e-01,1.342596561187962445e+00,8.167817665012712114e-01,8.484338344439918966e-01,5.714285714285713969e-01,1.000000000000000000e+00,3.965305951230254866e+00,0.000000000000000000e+00,1.666666666666666574e-01,3.965305951230254866e+00
6.743000020103619318e+04,6.426477845348176343e-01,5.468091638529647830e-02,1.472479669994447349e+00,1.707099623639863228e+00,4.226612224892278835e-01,5.987597133641060498e-01,6.190476190476190688e-01,8.333333333333333703e-01,3.753968527115445930e+00,1.250000000000000000e-01,3.333333333333333148e-01,3.814172125323982421e+00
6.744000020106599550e+04,1.521127198802777247e+00,6.284077110247288100e-02,1.429334005339226499e+00,1.631849472791039757e+00,9.119085972249912908e-01,8.723935620884107900e-01,4.761904761904761640e-01,6.666666666666666297e-01,3.812775725256667414e+00,4.166666666666666435e-02,3.333333333333333148e-01,4.000409304978382430e+00
6.745000020109581237e+04,9.656357426582795611e-01,5.572225355177400086e-02,9.375485781756368597e-01,1.427947557067835715e+00,3.983999151520245530e-01,4.910200330191519247e-01,3.333333333333333148e-01,8.333333333333333703e-01,3.673967947210049267e+00,4.166666666666666435e-02,3.333333333333333148e-01,3.919871657070964854e+00
6.746000020112562925e+04,1.205776752867245394e+00,5.615335811340933098e-02,6.680612957060396706e-01,1.869543399727264132e+00,6.588570266657728380e-01,7.769027875649995307e-01,4.761904761904761640e-01,5.000000000000000000e-01,3.565041028563010084e+00,1.250000000000000000e-01,3.333333333333333148e-01,3.565041028563010084e+00
6.747000020115544612e+04,1.621595148526653096e+00,5.189168383264416290e-02,1.023830254209585622e+00,1.506987235722345719e+00,6.375638545527767542e-01,7.288880276950294723e-01,3.809523809523809312e-01,5.000000000000000000e-01,3.755738296891759642e+00,1.250000000000000000e-01,3.333333333333333148e-01,3.580302628982460877e+00
6.748000020118526299e+04,9.161207003141303984e-01,6.021653735441678118e-02,7.269521041904518643e-01,1.229139074310241941e+00,6.754799130606942148e-01,7.226193741082002076e-01,5.714285714285713969e-01,8.333333333333333703e-01,3.492787022021274446e+00,0.000000000000000000e+00,1.666666666666666574e-01,3.492787022021274446e+00
6.749000020121506532e+04,4.395765678275312949e-01,7.431578057806483006e-02,1.129852490631073625e+00,1.532921542230032630e+00,2.959871386568324603e-01,5.886476509579984251e-01,5.714285714285713969e-01,6.666666666666666297e-01,3.517267473968213043e+00,1.250000000000000000e-01,3.333333333333333148e-01,3.456947408104390274e+00
6.750000020124488219e+04,1.265200913932971183e+00,4.191169203858472608e-02,9.553739843724582403e-01,1.123238304661512199e+00,1.641027628366243940e-01,3.194279999731609032e-01,3.809523809523809312e-01,8.333333333333333703e-01,3.968104974580096478e+00,8.333333333333332871e-02,3.333333333333333148e-01,3.706818700733661931e+00
6.751000020127469907e+04,1.469185097639214233e+00,6.471015297334015148e-02,3.947683934488267488e-01,9.127842459442037093e-01,3.125899601309642950e-01,3.163359975172979066e-01,4.761904761904761640e-01,5.000000000000000000e-01,3.504767473740329820e+00,1.250000000000000000e-01,3.333333333333333148e-01,3.677156171037276877e+00
6.752000020130451594e+04,1.133480123819248009e+00,7.299262495652571181e-02,1.123791985944084804e+00,1.409750135600071452e+00,4.492753984574500703e-01,7.006043641990986615e-01,5.238095238095238360e-01,1.000000000000000000e+00,3.544581327359054956e+00,4.166666666666666435e-02,3.333333333333333148e-01,3.544581327359054956e+00
6.753000020133433281e+04,1.275782552132965542e+00,6.088689925565676092e-02,1.402713073131502286e+00,2.521786169866623073e+00,2.159784616071292740e-01,5.478039498214344327e-01,5.714285714285713969e-01,6.666666666666666297e-01,3.731036429278781430e+00,8.333333333333332871e-02,3.333333333333333148e-01,3.731036429278781430e+00
6.754000020136413514e+04,1.613354705102139741e+00,5.692474930584941195e-02,9.251732306647409976e-01,1.541556636543456316e+00,9.245847048292171744e-01,9.665495961711617623e-01,3.809523809523809312e-01,8.333333333333333703e-01,3.769487738345095096e+00,8.333333333333332871e-02,3.333333333333333148e-01,3.912996714539541898e+00
6.755000020139395201e+04,1.136803524127666387e+00,5.235813838765595446e-02,1.398229492793008566e+00,2.495489519255378319e+00,4.790970932486269263e-01,6.062903462796489507e-01,5.238095238095238360e-01,8.333333333333333703e-01,3.666243632738345859e+00,4.166666666666666435e-02,3.333333333333333148e-01,3.853425691741925618e+00
6.756000020142376889e+04,1.428312514181761861e+00,6.750585397959796286e-02,1.360322302463037980e+00,1.795719139465347336e+00,3.661067867659912878e-01,4.471601258234029763e-01,2.380952380952380820e-01,5.000000000000000000e-01,3.731448441190232224e+00,4.166666666666666435e-02,3.333333333333333148e-01,3.731448441190232224e+00
6.757000020145358576e+04,1.019771986341066805e+00,5.580359085708398031e-02,7.625558132031591274e-01,1.373023896323773529e+00,7.382274869377062343e-01,6.999958125415054466e-01,7.619047619047618625e-01,1.000000000000000000e+00,3.567675517009314845e+00,8.333333333333332871e-02,3.333333333333333148e-01,4.047109268513167990e+00
6.758000020148340263e+04,1.122291889327046599e+00,5.525862289366904878e-02,1.011830654548952158e+00,1.741016638002160777e+00,9.219391749597062313e-01,9.247309491090176525e-01,5.714285714285713969e-01,1.000000000000000000e+00,3.719572284841381027e+00,0.000000000000000000e+00,1.666666666666666574e-01,3.912436606056699073e+00
6.759000020151320496e+04,8.696208450587633587e-01,7.128683785236129833e-02,9.315387047265918374e-01,1.758866198772343736e+00,4.743058754689516987e-01,7.578632026016034473e-01,6.190476190476190688e-01,8.333333333333333703e-01,3.586317290633846078e+00,1.250000000000000000e-01,3.333333333333333148e-01,3.761892999520342951e+00
6.760000020154302183e+04,1.159757907868560922e+00,7.914903575246329259e-02,8.748153559054050454e-01,1.081322908094200397e+00,5.014941299719135603e-01,6.417668108981270381e-01,5.714285714285713969e-01,1.000000000000000000e+00,3.673585836600993471e+00,4.166666666666666435e-02,3.333333333333333148e-01,3.731472866524818688e+00
6.761000020157283871e+04,1.293900412251010490e+00,6.138328764532528792e-02,7.235910155693311419e-01,2.007022194649579205e+00,2.490822135141842475e-01,1.377137358597099182e-01,5.238095238095238360e-01,5.000000000000000000e-01,3.676425930864104963e+00,1.250000000000000000e-01,3.333333333333333148e-01,3.684866893196864890e+00
6.762000020160265558e+04,7.672249978709524409e-01,6.380084194738067094e-02,7.889419256545707748e-01,1.215858565565127503e+00,4.402314620980747883e-01,5.054013440986476757e-01,4.761904761904761640e-01,1.000000000000000000e+00,3.688422938272302165e+00,4.166666666666666435e-02,3.333333333333333148e-01,3.602210149394666772e+00
6.763000020163247245e+04,1.162340733206650656e+00,4.321310668153829221e-02,1.052235472346268352e+00,1.421517079651600568e+00,4.758611335210687354e-01,6.014035237047336002e-01,5.238095238095238360e-01,5.000000000000000000e-01,3.649807291848771396e+00,1.250000000000000000e-01,3.333333333333333148e-01,3.889545620899257372e+00
6.764000020166227478e+04,7.212965194615087450e-01,7.525820075622274841e-02,3.053865072423840865e-01,1.155855540658400127e+00,4.678486717056503652e-01,6.415721590371735727e-01,4.285714285714285476e-01,6.666666666666666297e-01,3.815916986853497672e+00,4.166666666666666435e-02,3.333333333333333148e-01,4.074054351191997547e+00
6.765000020169209165e+04,9.536395485479303158e-01,4.890005443054120521e-02,1.040171109561362828e+00,1.006906656845122372e+00,4.547561456487587139e-01,5.485310226971514824e-01,4.285714285714285476e-01,1.000000000000000000e+00,3.868378552025041994e+00,8.333333333333332871e-02,3.333333333333333148e-01,3.608274678564179272e+00
6.766000020172190852e+04,9.051269126624487127e-01,6.054504471368648416e-02,5.585129869950482551e-01,9.990990216882394970e-01,4.439846664596973635e-01,4.868299158818124028e-01,6.666666666666666297e-01,1.000000000000000000e+00,3.735530236844148089e+00,0.000000000000000000e+00,1.666666666666666574e-01,3.458827193166570169e+00
6.767000020175172540e+04,8.765461088574351134e-01,4.830341229168980122e-02,1.457758927298534291e+00,1.737948083453990211e+00,7.437820189169969121e-01,8.580601146263605594e-01,6.666666666666666297e-01,8.333333333333333703e-01,3.753750483432285456e+00,4.166666666666666435e-02,3.333333333333333148e-01,3.568893801887166095e+00
6.768000020178154227e+04,9.735772252249890180e-01,5.716466086153131065e-02,6.453325625982714309e-01,1.781382985086032544e+00,4.618186219121678260e-01,7.013978827607555422e-01,5.714285714285713969e-01,1.000000000000000000e+00,3.585709784781071274e+00,8.333333333333332871e-02,3.333333333333333148e-01,3.585709784781071274e+00
6.769000020181134460e+04,6.894019395817100326e-01,5.922250024485033182e-02,1.128490171666017394e+00,1.539691546279806200e+00,3.324507845061285827e-01,5.832829505114947022e-01,3.333333333333333148e-01,8.333333333333333703e-01,3.766325469775854806e+00,4.166666666666666435e-02,3.333333333333333148e-01,3.766325469775854806e+00
6.770000020184116147e+04,1.700936668788396444e+00,6.135424644159866159e-02,8.469771324832310322e-01,1.648565653940882836e+00,6.202413148099957807e-01,7.370737982795343424e-01,3.809523809523809312e-01,5.000000000000000000e-01,3.484173541432774357e+00,8.333333333333332871e-02,3.333333333333333148e-01,3.468663945809824067e+00
6.771000020187097834e+04,1.297242886186622535e+00,7.189847961748484229e-02,7.376932368566370135e-01,1.753472991107482670e+00,4.833910559911502869e-01,5.931509541077873982e-01,5.714285714285713969e-01,8.333333333333333703e-01,3.840939283888452405e+00,8.333333333333332871e-02,3.333333333333333148e-01,3.877450439891779066e+00
6.772000020190079522e+04,1.550547069625290320e+00,3.232638807091620797e-02,1.026058009708095131e+00,1.839913535093589569e+00,8.756906219439648531e-01,7.680904421052971998e-01,3.809523809523809312e-01,6.666666666666666297e-01,3.615750104775933504e+00,4.166666666666666435e-02,3.333333333333333148e-01,3.565052093287126134e+00
6.773000020193061209e+04,1.031744693973587257e+00,6.084872718794823859e-02,8.812568724129108411e-01,1.369645379238420668e+00,5.111447091885359395e-01,5.306136266841658955e-01,4.761904761904761640e-01,6.666666666666666297e-01,3.792147954708151580e+00,1.250000000000000000e-01,3.333333333333333148e-01,3.851196869313991744e+00
6.774000020196042897e+04,1.219827433417917995e+00,4.701198334641167043e-02,1.182553213109692303e+00,2.568801758837669702e+00,6.493662751300255387e-01,7.348339471929009603e-01,4.285714285714285476e-01,6.666666666666666297e-01,3.919931608118063071e+00,1.250000000000000000e-01,3.333333333333333148e-01,3.935929092193465983e+00
6.775000020199023129e+04,1.599829508110251819e+00,4.143272438322181950e-02,7.753301216587853428e-01,1.948871560022195082e+00,3.888987084945240702e-01,4.973322009552827994e-01,3.809523809523809312e-01,6.666666666666666297e-01,3.512920596094058823e+00,1.250000000000000000e-01,3.333333333333333148e-01,3.683062652762581379e+00
6.776000020202004816e+04,8.022327530241601945e-01,5.088268560107548494e-02,1.045767257991091048e+00,2.058025142608807645e+00,2.694335923868446114e-01,5.656883068349072285e-01,5.714285714285713969e-01,1.000000000000000000e+00,3.830162077642107032e+00,1.250000000000000000e-01,3.333333333333333148e-01,3.730267579840090608e+00
6.777000020204986504e+04,1.100604778452552335e+00,5.977790524201000155e-02,8.521963795147363685e-01,1.664575214742717746e+00,5.232595841194371822e-01,5.594380260618443401e-01,4.285714285714285476e-01,1.000000000000000000e+00,3.794285589913330980e+00,4.166666666666666435e-02,3.333333333333333148e-01,3.794285589913330980e+00
6.778000020207968191e+04,1.271641905719843813e+00,5.314104277293182216e-02,7.124134131192971786e-01,1.784651474603454302e+00,4.133851656944116937e-01,2.245167666617252922e-01,7.142857142857143016e-01,8.333333333333333703e-01,3.580559047974080755e+00,4.166666666666666435e-02,3.333333333333333148e-01,3.580559047974080755e+00
6.779000020210949879e+04,1.536204304210099236e+00,5.607210433301361430e-02,1.791985648602631764e+00,1.440231711943895654e+00,6.386617907333007604e-01,4.928602749485104795e-01,4.285714285714285476e-01,8.333333333333333703e-01,3.545676616776296530e+00,4.166666666666666435e-02,3.333333333333333148e-01,3.448533840503064329e+00
6.780000020213930111e+04,1.593039983193448306e+00,6.650713661665229315e-02,7.101425896661993642e-01,1.749503797044943187e+00,8.543531840519802412e-01,8.146122396226567197e-01,4.285714285714285476e-01,8.333333333333333703e-01,3.357119665938995912e+00,0.000000000000000000e+00,1.666666666666666574e-01,3.357119665938995912e+00
6.781000020216911798e+04,1.447961664033062812e+00,4.767061069493040010e-02,5.386695430835208853e-01,1.445414815616694382e+00,5.153705391528146107e-01,3.708809950371471098e-01,5.238095238095238360e-01,6.666666666666666297e-01,3.590407175273197193e+00,1.250000000000000000e-01,3.333333333333333148e-01,3.500884983652694515e+00
6.782000020219893486e+04,1.113275690930928707e+00,6.481749105293548030e-02,9.265004890396013604e-01,1.421036684670113237e+00,6.704346486278159878e-01,6.175463390934436969e-01,4.761904761904761640e-01,1.000000000000000000e+00,3.717560332469959317e+00,4.166666666666666435e-02,3.333333333333333148e-01,3.979985963606746058e+00
6.783000020222875173e+04,1.656804570536278831e+00,6.868696851805181081e-02,1.047192024024768076e+00,1.726586958385009751e+00,1.420782269897412853e+00,1.302812833932804670e+00,6.190476190476190688e-01,8.333333333333333703e-01,3.504479652709538318e+00,4.166666666666666435e-02,3.333333333333333148e-01,3.711958024214943030e+00
6.784000020225856861e+04,1.393353800212881799e+00,7.504620611108965555e-02,6.239198836690570404e-01,1.457961485728071604e+00,4.708104119281983913e-01,3.005372225050281787e-01,5.238095238095238360e-01,6.666666666666666297e-01,3.555682771869811631e+00,1.250000000000000000e-01,3.333333333333333148e-01,3.713895840451828967e+00
6.785000020228837093e+04,8.938333456686425871e-01,5.345809742836982181e-02,1.033948617444816698e+00,1.747707829889727504e+00,4.327951998738553963e-01,6.014582306016298396e-01,3.809523809523809312e-01,8.333333333333333703e-01,3.883662425811110097e+00,1.250000000000000000e-01,3.333333333333333148e-01,3.682048628582097916e+00
6.786000020231818780e+04,1.153808797911249240e+00,5.691858842664821588e-02,1.455336675627412868e+00,1.427115638537246989e+00,7.806501738059409279e-01,9.237415717984461816e-01,6.666666666666666297e-01,8.333333333333333703e-01,3.559276326313392858e+00,4.166666666666666435e-02,3.333333333333333148e-01,3.542416688615741105e+00
6.787000020234800468e+04,1.213596411090209326e+00,4.208948425795992765e-02,1.073203990024570009e+00,1.980754773348854858e+00,6.360719118456104049e-01,7.019082494801907046e-01,4.285714285714285476e-01,8.333333333333333703e-01,3.821092214020858968e+00,4.166666666666666435e-02,3.333333333333333148e-01,3.688157450393879877e+00
6.788000020237782155e+04,1.468945516536508178e+00,5.384849776973165553e-02,7.515973633428096878e-01,1.368501492357222959e+00,4.100577981217710666e-01,4.129151332055583934e-01,3.809523809523809312e-01,5.000000000000000000e-01,3.404918014531274295e+00,1.250000000000000000e-01,3.333333333333333148e-01,3.521362882857139720e+00
6.789000020240763843e+04,1.598849404889745918e+00,5.426027943753144317e-02,9.169514238481111246e-01,2.412821772360338457e+00,2.953241024814877158e-01,1.573610289533347029e-01,4.761904761904761640e-01,6.666666666666666297e-01,3.620353025531124036e+00,8.333333333333332871e-02,3.333333333333333148e-01,3.591508417681195997e+00
6.790000020243744075e+04,1.360351877112329966e+00,7.957847439018671254e-02,5.962762255328465377e-01,1.636405564234938881e+00,5.307765464882663320e-01,5.801514396221678638e-01,5.238095238095238360e-01,6.666666666666666297e-01,3.525247120350239793e+00,8.333333333333332871e-02,3.333333333333333148e-01,3.310050571520959384e+00
6.791000020246725762e+04,1.257909197595489914e+00,4.595473618941049027e-02,1.178008192930799725e+00,1.650488500026442873e+00,4.304402981982146659e-01,5.128937308007716078e-01,6.190476190476190688e-01,1.000000000000000000e+00,3.554667372710190953e+00,1.250000000000000000e-01,3.333333333333333148e-01,3.996454331634287538e+00
6.792000020249707450e+04,1.284254867288818991e+00,6.152310574437499374e-02,7.879500668273824449e-01,1.858828957488379396e+00,2.625117472521460438e-01,4.914178973481023172e-01,4.761904761904761640e-01,5.000000000000000000e-01,3.650462658104202340e+00,1.250000000000000000e-01,3.333333333333333148e-01,3.620661701269514587e+00
6.793000020252689137e+04,8.846021664511243277e-01,4.451038534822415738e-02,9.762161480944128167e-01,2.539671194068722659e+00,1.887792687465078001e-01,5.314500208801244963e-01,5.714285714285713969e-01,8.333333333333333703e-01,3.829452628098157341e+00,1.250000000000000000e-01,3.333333333333333148e-01,3.849198985368835757e+00
6.794000020255670825e+04,1.283293084233684045e+00,8.047599536016525335e-02,9.989979211472874709e-01,2.693985344039620422e+00,8.660414688592680266e-01,9.287216781701913559e-01,5.714285714285713969e-01,8.333333333333333703e-01,3.660097328569426267e+00,8.333333333333332871e-02,3.333333333333333148e-01,3.832251845140201674e+00
6.795000020258651057e+04,9.615119519355672661e-01,5.438734903078348143e-02,9.692162004546299725e-01,2.922638403080448644e+00,4.202404841230034105e-01,4.861181667923532013e-01,6.190476190476190688e-01,6.666666666666666297e-01,3.655449902215089697e+00,1.250000000000000000e-01,3.333333333333333148e-01,3.625379098146066070e+00
6.796000020261632744e+04,9.347289171232798788e-01,6.030342385310681619e-02,4.825318749418792130e-01,1.500573192677414402e+00,7.194950676277003243e-01,8.984193731602116983e-01,4.761904761904761640e-01,6.666666666666666297e-01,3.949310023065133457e+00,4.166666666666666435e-02,3.333333333333333148e-01,3.769697947450428632e+00
6.797000020264614432e+04,9.496788061950557358e-01,6.910134255231216438e-02,1.390557224423805804e+00,1.518883249621480358e+00,1.393038009273000477e-01,3.578316930787362460e-01,1.428571428571428492e-01,5.000000000000000000e-01,3.418002568790773132e+00,4.166666666666666435e-02,3.333333333333333148e-01,3.936399352678223718e+00
6.798000020267596119e+04,1.248473669236649153e+00,5.182893890585330010e-02,1.157010911225801797e+00,1.842630838547071770e+00,9.091445071783751386e-01,8.242819549560151948e-01,6.190476190476190688e-01,8.333333333333333703e-01,3.526190941766372156e+00,4.166666666666666435e-02,3.333333333333333148e-01,4.103002289825266935e+00
6.799000020270577807e+04,9.297997315891263215e-01,5.064832996666981946e-02,8.737451147686079445e-01,1.999415385131631862e+00,3.820702886947517918e-01,5.647295928430883238e-01,7.619047619047618625e-01,8.333333333333333703e-01,3.568086381575287458e+00,1.250000000000000000e-01,3.333333333333333148e-01,3.813524836000116824e+00
6.800000020273558039e+04,1.094366180746966233e+00,4.702424072777253855e-02,8.242661425217152615e-01,1.863427208286743131e+00,6.706841612428281474e-01,6.280821271490115709e-01,5.714285714285713969e-01,8.333333333333333703e-01,3.871414707615044470e+00,4.166666666666666435e-02,3.333333333333333148e-01,4.123217577936686418e+00
6.801000020276539726e+04,1.144784002494275477e+00,6.085360586422638302e-02,1.001158119301143623e+00,1.895303783322106028e+00,4.593069277853709109e-01,4.306930766596290261e-01,5.714285714285713969e-01,6.666666666666666297e-01,3.578693883978594670e+00,8.333333333333332871e-02,3.333333333333333148e-01,3.344052102839619955e+00
6.802000020279521414e+04,1.178150226598625894e+00,5.197394882226055030e-02,4.263480586770164171e-01,1.615537594674747890e+00,4.380535201772984277e-01,4.675429630960228899e-01,3.333333333333333148e-01,5.000000000000000000e-01,4.087773343174698759e+00,1.250000000000000000e-01,3.333333333333333148e-01,3.888209471030124487e+00
6.803000020282503101e+04,1.157627309350210298e+00,6.351066852820648478e-02,6.130918778533633873e-01,1.431035563651047893e+00,4.009120170763601498e-01,4.058637170437569552e-01,5.238095238095238360e-01,8.333333333333333703e-01,3.314884171634150167e+00,4.166666666666666435e-02,3.333333333333333148e-01,3.314884171634150167e+00
6.804000020285484788e+04,1.445253844264744458e+00,3.898779108588731890e-02,1.517309391113201844e+00,1.479019534914036482e+00,7.711011174632623755e-01,6.736232255082784670e-01,2.857142857142856984e-01,6.666666666666666297e-01,3.494939011414448071e+00,4.166666666666666435e-02,3.333333333333333148e-01,3.494939011414448071e+00
6.805000020288466476e+04,1.223927723535259249e+00,6.624981232765350669e-02,4.759743889510697490e-01,1.508237838636005579e+00,6.136097073789006373e-01,5.745558312664386102e-01,3.809523809523809312e-01,6.666666666666666297e-01,3.749287133909787961e+00,0.000000000000000000e+00,1.666666666666666574e-01,4.144042302730199800e+00
6.806000020291446708e+04,8.502169972645932106e-01,3.772595146488583878e-02,1.351587626536999931e+00,1.221689969593695357e+00,3.982015388456636162e-01,4.723559777170902585e-01,4.285714285714285476e-01,6.666666666666666297e-01,3.637158914412328414e+00,4.166666666666666435e-02,3.333333333333333148e-01,3.780932415719266970e+00
6.807000020294428396e+04,1.141549104988525132e+00,5.900201753474304533e-02,1.271550342186323457e+00,2.726224288512401728e+00,1.548200769488495832e-01,3.903355070275130179e-01,6.190476190476190688e-01,6.666666666666666297e-01,3.379841891414614885e+00,8.333333333333332871e-02,3.333333333333333148e-01,3.366723832179478570e+00
6.808000020297410083e+04,7.820371557510490401e-01,5.243983275933473964e-02,5.884321165306714008e-01,1.455074927391791340e+00,4.957405760095878189e-01,6.831576036841628952e-01,5.238095238095238360e-01,8.333333333333333703e-01,3.562335130096749403e+00,8.333333333333332871e-02,3.333333333333333148e-01,3.663161130644001506e+00
6.809000020300391770e+04,8.282645796300087682e-01,5.926815626612157856e-02,1.000453794595298485e+00,1.871242982362122831e+00,8.957465710792034130e-01,8.719559443422093548e-01,5.714285714285713969e-01,6.666666666666666297e-01,3.615605843989631474e+00,4.166666666666666435e-02,3.333333333333333148e-01,3.811258051072360153e+00
6.810000020303373458e+04,1.499778770468559896e+00,5.640669332983643675e-02,1.165431441228548248e+00,1.543767217391063928e+00,4.551508643733526149e-01,6.611539344142790542e-01,2.380952380952380820e-01,5.000000000000000000e-01,3.595664076576958301e+00,8.333333333333332871e-02,3.333333333333333148e-01,3.502640011015975663e+00
6.811000020306353690e+04,8.332145410386435636e-01,4.326599707952650392e-02,6.489833944931936438e-01,1.834132004792811577e+00,5.290462245225096005e-01,6.192595382199235221e-01,5.238095238095238360e-01,8.333333333333333703e-01,3.691501847619836685e+00,1.250000000000000000e-01,3.333333333333333148e-01,3.560717586883690000e+00
6.812000020309335378e+04,8.554899588958777557e-01,5.547128190712384554e-02,8.920550899118302457e-01,1.949238063621766992e+00,7.657503974973913774e-01,9.301495848393331878e-01,7.142857142857143016e-01,8.333333333333333703e-01,3.730711157468209027e+00,4.166666666666666435e-02,3.333333333333333148e-01,3.910421365574635377e+00
6.813000020312317065e+04,8.079315634285303416e-01,6.278057850549029206e-02,1.301121180627950569e+00,2.281770099292269816e+00,3.495157440718930086e-01,6.474799362458266705e-01,5.714285714285713969e-01,8.333333333333333703e-01,3.680027493089423896e+00,1.250000000000000000e-01,3.333333333333333148e-01,3.467224742278901317e+00
6.814000020315298752e+04,1.233401731481087893e+00,4.062389759509561771e-02,5.383611147016649223e-01,1.861606941236723989e+00,9.678491589383734217e-01,1.032368341971666936e+00,8.095238095238095344e-01,1.000000000000000000e+00,3.726899231045793126e+00,0.000000000000000000e+00,1.666666666666666574e-01,3.823084711015686032e+00
6.815000020318280440e+04,6.167588777626071828e-01,5.301570569791465987e-02,7.633719501626815562e-01,1.480241581647853799e+00,6.898438999004425920e-01,7.470012268526732280e-01,5.238095238095238360e-01,6.666666666666666297e-01,3.640885982807297250e+00,4.166666666666666435e-02,1.666666666666666574e-01,4.285500132326202305e+00
6.816000020321260672e+04,1.136559935699911206e+00,5.058146642745034449e-02,7.359175639680916037e-01,1.664605340037998982e+00,8.382346625059144962e-01,8.406646929504917320e-01,5.714285714285713969e-01,6.666666666666666297e-01,3.702942379485512969e+00,4.166666666666666435e-02,3.333333333333333148e-01,3.608701747047505126e+00
6.817000020324242359e+04,8.898432884076884486e-01,7.201232039427081510e-02,5.174590090088881933e-01,1.914315434231802504e+00,2.927779218603273059e-01,5.265192372405900212e-01,4.761904761904761640e-01,6.666666666666666297e-01,3.709276112434298334e+00,1.250000000000000000e-01,3.333333333333333148e-01,3.662124754392009685e+00
6.818000020327224047e+04,1.085138135203137955e+00,5.854689725543792134e-02,8.026117022383837396e-01,2.399753682433318325e+00,9.545829889710398808e-01,1.088000390982347243e+00,5.238095238095238360e-01,8.333333333333333703e-01,3.874731784590934591e+00,8.333333333333332871e-02,3.333333333333333148e-01,3.959693309406282946e+00
6.819000020330205734e+04,9.806227199724223409e-01,3.797138916241966922e-02,8.268010239518566173e-01,1.572883854260351599e+00,5.347064636465950205e-01,7.173666332305266291e-01,6.666666666666666297e-01,1.000000000000000000e+00,3.365010885026989307e+00,8.333333333333332871e-02,3.333333333333333148e-01,3.365010885026989307e+00
6.820000020333187422e+04,1.659702877192849924e+00,8.172886529884607065e-02,1.701659702846460620e+00,1.676363342156419467e+00,7.586740999726955259e-01,8.899732237709473415e-01,3.809523809523809312e-01,8.333333333333333703e-01,3.288951613061919410e+00,8.333333333333332871e-02,3.333333333333333148e-01,3.223648152910991271e+00
6.821000020336167654e+04,1.072606522318503508e+00,5.055798918576363127e-02,4.931013756335509424e-01,1.562231145396854259e+00,3.989515404754642725e-01,7.099980830567688139e-01,5.238095238095238360e-01,6.666666666666666297e-01,3.477600479767247510e+00,1.250000000000000000e-01,3.333333333333333148e-01,3.477600479767247510e+00
6.822000020339149341e+04,1.145155437784225905e+00,7.140500605967979586e-02,6.416073836458781043e-01,1.473823280940628866e+00,7.679218350668837179e-01,1.081770721592047124e+00,1.904761904761904656e-01,5.000000000000000000e-01,3.969314113515263642e+00,1.250000000000000000e-01,3.333333333333333148e-01,3.624994764535905745e+00
6.823000020342131029e+04,1.171208169994200077e+00,4.146087049228831117e-02,8.778220118835925456e-01,1.307752424779104139e+00,6.204973539524540893e-01,8.716215649316355618e-01,3.333333333333333148e-01,6.666666666666666297e-01,3.561170654336870633e+00,1.250000000000000000e-01,3.333333333333333148e-01,3.629785138787978926e+00
6.824000020345112716e+04,1.174296630933431507e+00,6.121638156090174893e-02,8.372093255011490154e-01,1.390031288476589744e+00,3.199605738720757153e-01,4.773361754748137731e-01,5.238095238095238360e-01,6.666666666666666297e-01,3.664837377513799233e+00,1.666666666666666574e-01,3.333333333333333148e-01,3.457248177511546672e+00
6.825000020348094404e+04,1.052806747425544698e+00,7.388896251681596750e-02,1.195957801846406543e+00,2.379442336235108701e+00,4.541313449704523775e-01,5.973461266379663792e-01,5.714285714285713969e-01,6.666666666666666297e-01,3.477061601683506531e+00,4.166666666666666435e-02,3.333333333333333148e-01,3.555064077567138714e+00
6.826000020351074636e+04,9.620239066758122792e-01,5.811576747409328420e-02,7.963323871899226081e-01,1.523415609242674496e+00,4.400417046259781917e-01,6.627589586116346965e-01,4.761904761904761640e-01,6.666666666666666297e-01,3.506380493619483563e+00,1.250000000000000000e-01,3.333333333333333148e-01,3.506380493619483563e+00
6.827000020354056323e+04,6.123599834230191163e-01,6.586184143383931600e-02,9.948304925634594564e-01,2.240782430144301784e+00,5.320184572349601071e-01,8.574068691709004764e-01,7.142857142857143016e-01,8.333333333333333703e-01,3.466944613831545396e+00,1.250000000000000000e-01,3.333333333333333148e-01,3.633696308772515149e+00
6.828000020357038011e+04,1.237094801990860526e+00,6.317158436934386390e-02,9.734876902867319881e-01,2.660444617939563106e+00,4.424961765110854706e-01,7.381110259192462664e-01,6.666666666666666297e-01,8.333333333333333703e-01,3.598037723171294999e+00,4.166666666666666435e-02,3.333333333333333148e-01,3.777043506510206594e+00
6.829000020360019698e+04,8.278728120211868990e-01,4.497289634188597618e-02,1.118880886897198446e+00,2.340517271206342453e+00,4.459705776767856622e-01,7.921575922425939664e-01,5.238095238095238360e-01,8.333333333333333703e-01,3.816766160480833392e+00,1.250000000000000000e-01,3.333333333333333148e-01,3.772834715930342142e+00
6.830000020363001386e+04,1.848741106500932485e+00,4.402825512195360919e-02,1.992260924539156708e+00,2.782329295058147078e+00,4.747285183589110003e-01,5.425290050152160592e-01,3.809523809523809312e-01,5.000000000000000000e-01,3.709309857965931378e+00,1.666666666666666574e-01,3.333333333333333148e-01,3.567407996881047261e+00
6.831000020365981618e+04,9.543203639188965193e-01,5.346991705669425915e-02,4.872030544393191609e-01,1.601302237324903510e+00,4.991787346511399326e-01,7.007299265590299919e-01,5.238095238095238360e-01,6.666666666666666297e-01,3.550966499486186478e+00,8.333333333333332871e-02,3.333333333333333148e-01,3.535611271587532745e+00
6.832000020368963305e+04,1.057678672380124141e+00,7.053659492261371566e-02,8.264360581067172751e-01,1.937713974099173786e+00,3.744653275823913718e-01,6.221514726185256583e-01,5.238095238095238360e-01,8.333333333333333703e-01,3.556160291588272848e+00,8.333333333333332871e-02,3.333333333333333148e-01,3.556160291588272848e+00
6.833000020371944993e+04,1.072259178349081798e+00,8.340523143094989711e-02,1.405010145997444893e+00,2.577591212201303605e+00,2.930241440885451021e-01,5.602123832299593653e-01,6.190476190476190688e-01,8.333333333333333703e-01,3.622533895487598965e+00,1.250000000000000000e-01,3.333333333333333148e-01,3.470745159481952058e+00
6.834000020374926680e+04,1.300915698499986783e+00,4.792123024192704306e-02,1.146217482604821258e+00,2.414785885319186143e+00,4.317734508503220936e-01,5.654913856170580289e-01,3.333333333333333148e-01,5.000000000000000000e-01,3.662975672059977317e+00,8.333333333333332871e-02,3.333333333333333148e-01,3.662975672059977317e+00
6.835000020377908368e+04,1.186539685694615320e+00,5.287019742159963787e-02,8.747605457134598472e-01,2.061863771206944751e+00,7.272854429401676146e-01,7.328970317547690572e-01,5.714285714285713969e-01,8.333333333333333703e-01,3.480571216544195767e+00,8.333333333333332871e-02,3.333333333333333148e-01,3.480571216544195767e+00
6.836000020380890055e+04,8.237830136018814420e-01,4.111669814271464579e-02,1.286723907469637274e+00,1.397836654285840030e+00,4.201157535053433034e-01,5.789027753865414461e-01,5.714285714285713969e-01,1.000000000000000000e+00,3.659944657577695271e+00,8.333333333333332871e-02,3.333333333333333148e-01,3.659944657577695271e+00
6.837000020383870287e+04,6.512328585277383786e-01,5.828303520409448824e-02,8.968275261168725532e-01,1.519009105797296755e+00,3.462435348824365877e-01,5.436037893078133898e-01,6.666666666666666297e-01,8.333333333333333703e-01,3.838566575362905908e+00,8.333333333333332871e-02,3.333333333333333148e-01,3.780945637852788366e+00
6.838000020386851975e+04,1.330790787366012085e+00,6.896145896948145670e-02,1.546784855282310023e+00,3.578345402131776432e+00,6.622381229567938510e-01,6.889661112135466725e-01,4.761904761904761640e-01,6.666666666666666297e-01,3.614801948496588757e+00,8.333333333333332871e-02,3.333333333333333148e-01,3.612788283885916663e+00
6.839000020389833662e+04,1.692351166931663320e+00,5.397329605820426479e-02,9.463902482720356613e-01,2.179914046250595927e+00,4.876638096752894391e-01,4.875629876636973781e-01,3.809523809523809312e-01,5.000000000000000000e-01,3.404559821375589213e+00,8.333333333333332871e-02,3.333333333333333148e-01,3.396249132603904375e+00
6.840000020392815350e+04,1.465129833752945920e+00,4.752827923560724172e-02,9.959025690664150554e-01,2.161146726947467567e+00,1.131220968496527757e+00,1.074776393007317532e+00,7.142857142857143016e-01,1.000000000000000000e+00,3.517213077484729666e+00,4.166666666666666435e-02,3.333333333333333148e-01,3.642957099688110656e+00
6.841000020395797037e+04,1.189080495204781096e+00,4.071648253955826441e-02,1.000624152547135326e+00,2.111065869717529520e+00,4.543491834563685439e-01,6.184415835322263355e-01,4.761904761904761640e-01,6.666666666666666297e-01,3.690244363925407889e+00,1.250000000000000000e-01,3.333333333333333148e-01,3.721443899499331742e+00
6.842000020398777269e+04,1.023670935435552432e+00,5.796541969668463773e-02,7.204130494633267379e-01,1.537848479118248957e+00,4.733678293801973358e-01,5.614392328687529687e-01,5.238095238095238360e-01,6.666666666666666297e-01,3.762757676459866918e+00,1.250000000000000000e-01,3.333333333333333148e-01,3.758844045620742147e+00
6.843000020401758957e+04,1.435125159877538081e+00,5.318078979389427585e-02,1.363376820037538684e+00,2.423311686771922879e+00,3.020066218642464273e-01,4.702380357494759799e-01,5.238095238095238360e-01,6.666666666666666297e-01,3.801464794524290980e+00,1.250000000000000000e-01,3.333333333333333148e-01,3.649544373526053764e+00
6.844000020404740644e+04,1.317056060765588121e+00,2.985223480667946808e-02,1.047456276127314290e+00,2.094236083155665895e+00,3.916215186961217176e-01,6.600165648925384598e-01,5.238095238095238360e-01,8.333333333333333703e-01,3.897607918143180861e+00,1.250000000000000000e-01,3.333333333333333148e-01,3.910194662403495336e+00
6.845000020407722332e+04,9.730931874141399707e-01,8.613478507659662331e-02,1.788299565509775979e+00,2.951765315079942109e+00,3.526914470923203093e-01,6.044160751253452313e-01,5.238095238095238360e-01,6.666666666666666297e-01,3.773306760746367949e+00,8.333333333333332871e-02,3.333333333333333148e-01,3.677646627973428561e+00
6.846000020410704019e+04,1.570053422910773211e+00,7.307946964075562324e-02,1.564024599769140655e+00,2.411865596543750545e+00,4.831675838704511117e-01,6.079493946944158900e-01,3.809523809523809312e-01,5.000000000000000000e-01,3.588024997296000329e+00,1.250000000000000000e-01,3.333333333333333148e-01,3.284374406970503646e+00
6.847000020413684251e+04,1.299287047441636256e+00,6.052515554215820437e-02,6.053425119141400135e-01,1.850250569021389069e+00,3.619099036738445685e-01,3.337957637649187626e-01,5.238095238095238360e-01,6.666666666666666297e-01,3.683485784804024998e+00,8.333333333333332871e-02,3.333333333333333148e-01,3.887150965206314535e+00
6.848000020416665939e+04,1.426269868343601477e+00,6.353896428080967052e-02,9.470251608345194860e-01,1.861043902043664211e+00,3.163785164846361631e-01,5.257409803248608293e-01,5.714285714285713969e-01,6.666666666666666297e-01,3.461083497856256574e+00,1.250000000000000000e-01,3.333333333333333148e-01,3.617136365775062590e+00
6.849000020419647626e+04,1.169732079788654344e+00,4.299384338092283875e-02,1.114523330047968441e+00,1.949754493384047382e+00,5.411948198649266795e-01,6.968814557011645539e-01,4.761904761904761640e-01,5.000000000000000000e-01,3.484927935954329925e+00,1.250000000000000000e-01,3.333333333333333148e-01,3.484927935954329925e+00
6.850000020422629314e+04,1.049677156111146203e+00,4.480476837956558211e-02,1.369050655182966647e+00,1.361287244539656882e+00,4.888348601681890004e-01,5.689508221738136529e-01,6.666666666666666297e-01,1.000000000000000000e+00,3.865748689414922890e+00,4.166666666666666435e-02,3.333333333333333148e-01,3.652940342233292448e+00
6.851000020425611001e+04,1.214180349477483212e+00,6.330926280082468938e-02,8.649838949757313600e-01,1.867880516083778142e+00,9.888041592425423909e-01,9.591187423645998189e-01,3.809523809523809312e-01,8.333333333333333703e-01,3.918858228121305132e+00,0.000000000000000000e+00,1.666666666666666574e-01,3.918858228121305132e+00
6.852000020428591233e+04,1.203903112719941104e+00,6.372144794202282136e-02,1.042003254768830267e+00,2.732548470499786220e+00,9.588888157163062420e-01,8.942361958090437879e-01,5.238095238095238360e-01,6.666666666666666297e-01,3.639204080315355583e+00,4.166666666666666435e-02,3.333333333333333148e-01,3.639204080315355583e+00
6.853000020431572921e+04,1.170226207633518367e+00,4.954957780427217406e-02,9.432677617114756385e-01,1.701945751855007849e+00,1.108707184272365476e+00,1.120350296632609099e+00,8.095238095238095344e-01,1.000000000000000000e+00,3.328423418922815014e+00,4.166666666666666435e-02,3.333333333333333148e-01,3.295497884547384793e+00
6.854000020434554608e+04,1.236850691205557018e+00,5.870056083641445738e-02,1.309803979879261338e+00,1.685774064398759320e+00,8.670170852791009297e-01,8.455317044010581817e-01,5.714285714285713969e-01,1.000000000000000000e+00,3.846668190374746832e+00,4.166666666666666435e-02,3.333333333333333148e-01,3.653156969712139990e+00
6.855000020437536296e+04,1.444333847976744245e+00,8.948656179516327469e-02,9.691189653758499611e-01,1.338062253082151765e+00,7.477765524571334810e-01,8.706563302470442522e-01,4.285714285714285476e-01,8.333333333333333703e-01,3.620324821797647363e+00,4.166666666666666435e-02,3.333333333333333148e-01,3.451840316741281445e+00
6.856000020440517983e+04,1.141013074861223942e+00,4.641334540262147951e-02,1.696463692895868292e+00,1.523053496905428572e+00,1.001326993861111347e+00,1.035755834255044583e+00,6.666666666666666297e-01,1.000000000000000000e+00,3.621626276997426785e+00,4.166666666666666435e-02,3.333333333333333148e-01,3.621626276997426785e+00
6.857000020443498215e+04,1.433058268099825616e+00,8.068774637612492751e-02,1.547426729938889300e+00,2.865832288867547373e+00,3.258949779388009560e-01,6.139095225617801077e-01,2.857142857142856984e-01,6.666666666666666297e-01,3.777928270862077831e+00,4.166666666666666435e-02,3.333333333333333148e-01,3.372570833760367037e+00
6.858000020446479903e+04,1.488637282651835037e+00,4.713199369922841525e-02,1.414277719439237968e+00,2.377873645947875758e+00,5.775211996424041150e-01,7.209131241484285635e-01,5.238095238095238360e-01,8.333333333333333703e-01,3.560208474515833110e+00,4.166666666666666435e-02,3.333333333333333148e-01,3.168174631792101792e+00
6.859000020449461590e+04,2.045831270655578127e+00,4.473488122189058641e-02,1.084537337044500172e+00,2.225196416366978180e+00,6.996662114778017250e-01,8.477667232963238542e-01,2.857142857142856984e-01,5.000000000000000000e-01,3.728481035828568935e+00,1.250000000000000000e-01,3.333333333333333148e-01,3.680223778940620694e+00
6.860000020452443277e+04,1.883845712894655966e+00,6.322669873368383375e-02,1.830330158393297157e+00,2.368332763624348747e+00,6.768568452078699282e-01,9.160524616231596751e-01,3.809523809523809312e-01,6.666666666666666297e-01,3.518227311892990983e+00,8.333333333333332871e-02,3.333333333333333148e-01,3.462583725585667072e+00
6.861000020455424965e+04,1.331848947884407552e+00,5.988494277073849043e-02,7.825805358000145207e-01,2.112863998728797377e+00,9.388339062558324066e-01,8.567619464231015503e-01,6.190476190476190688e-01,1.000000000000000000e+00,3.600420590919046759e+00,0.000000000000000000e+00,1.666666666666666574e-01,3.336050030754296181e+00
6.862000020458405197e+04,1.234339771524245899e+00,6.277829028625395158e-02,5.631757036110024428e-01,1.446131770483455758e+00,1.110826936459015535e+00,1.108620768767357045e+00,5.714285714285713969e-01,8.333333333333333703e-01,3.626231640057882899e+00,4.166666666666666435e-02,3.333333333333333148e-01,3.770148395619955295e+00
6.863000020461386885e+04,8.275299041992124627e-01,3.651268546696347789e-02,4.558606246394725781e-01,1.426138451268058382e+00,4.203560228104969987e-01,7.535155174029845027e-01,3.333333333333333148e-01,6.666666666666666297e-01,3.760532358788545082e+00,1.250000000000000000e-01,3.333333333333333148e-01,3.926811045482731632e+00
6.864000020464368572e+04,1.264802236535675473e+00,6.724355098997540636e-02,8.516307134928253753e-01,1.768377679144606418e+00,5.542126460322782666e-01,7.105632674266568749e-01,6.190476190476190688e-01,8.333333333333333703e-01,3.464287027579811884e+00,4.166666666666666435e-02,3.333333333333333148e-01,3.464287027579811884e+00
6.865000020467350259e+04,1.371916770590059009e+00,4.331070963352617181e-02,7.881211702391437424e-01,2.384949190853863144e+00,5.232893330290464551e-01,7.245082544122488644e-01,4.761904761904761640e-01,6.666666666666666297e-01,3.691814074638148480e+00,1.250000000000000000e-01,3.333333333333333148e-01,3.863208016560837788e+00
6.866000020470331947e+04,1.095428873442424678e+00,9.440149464437996851e-02,8.349965487124193508e-01,2.827099165315114071e+00,8.177883773960301639e-01,8.753287896814402336e-01,4.285714285714285476e-01,8.333333333333333703e-01,3.819064091448712617e+00,4.166666666666666435e-02,3.333333333333333148e-01,4.121268837436252497e+00
6.867000020473313634e+04,1.513911075553478591e+00,6.012779705167487637e-02,2.110930056951892730e+00,2.867507028904939137e+00,6.025674298823930908e-01,7.801750525875202902e-01,4.285714285714285476e-01,5.000000000000000000e-01,3.691252461345345459e+00,1.250000000000000000e-01,3.333333333333333148e-01,3.550188456595693598e+00
6.868000020476293867e+04,1.024269776205936733e+00,5.904940930355715573e-02,1.050607119226499631e+00,1.799397058982817210e+00,7.666418993402288606e-01,9.678897789921574457e-01,6.666666666666666297e-01,6.666666666666666297e-01,3.327133112636762924e+00,1.250000000000000000e-01,3.333333333333333148e-01,3.515959980795786866e+00
6.869000020479275554e+04,1.451236096168843748e+00,7.652181654673834155e-02,1.315255972254860906e+00,3.151760561790668991e+00,8.779956597225119230e-01,9.739723738427422672e-01,4.285714285714285476e-01,8.333333333333333703e-01,3.537765691830315973e+00,0.000000000000000000e+00,1.666666666666666574e-01,3.537765691830315973e+00
6.870000020482257241e+04,1.228865791602133051e+00,5.083991785333187574e-02,7.224800425518345115e-01,2.203494694913330942e+00,6.025875278947349090e-01,8.459182365844489793e-01,4.285714285714285476e-01,8.333333333333333703e-01,3.770024430963730300e+00,4.166666666666666435e-02,3.333333333333333148e-01,3.586870400119515523e+00
6.871000020485238929e+04,1.013415515490379892e+00,4.106535363480346562e-02,6.196110696172448806e-01,1.867838069348169316e+00,1.044960300685106036e+00,1.104750463551190887e+00,5.238095238095238360e-01,8.333333333333333703e-01,3.667169630616979870e+00,4.166666666666666435e-02,3.333333333333333148e-01,3.745194890415705302e+00
6.872000020488220616e+04,1.028151790983769187e+00,5.787850963047918434e-02,9.438899182466259363e-01,1.614289502024336631e+00,8.509427241570525213e-01,8.833603694165966802e-01,4.285714285714285476e-01,6.666666666666666297e-01,3.869649439878807051e+00,8.333333333333332871e-02,3.333333333333333148e-01,3.419028057689265321e+00
6.873000020491200848e+04,1.426549197481622899e+00,6.956149818834655996e-02,1.188168187328759284e+00,2.550676925751389490e+00,1.302728915184909741e+00,1.383082547088913650e+00,6.666666666666666297e-01,1.000000000000000000e+00,3.367232242214133642e+00,0.000000000000000000e+00,1.666666666666666574e-01,3.271482786878970650e+00
6.874000020494182536e+04,1.418208817633578755e+00,5.548537358534903069e-02,7.097971473296694755e-01,1.341318699658507141e+00,1.147941124040866567e+00,1.161620839072459388e+00,4.761904761904761640e-01,5.000000000000000000e-01,3.531980496898703414e+00,4.166666666666666435e-02,3.333333333333333148e-01,3.359169813862328713e+00
6.875000020497164223e+04,1.265707315657540022e+00,6.696749291465939335e-02,7.968842966627679436e-01,1.523529893605931607e+00,9.288648228797216078e-01,8.705409265620367432e-01,7.142857142857143016e-01,1.000000000000000000e+00,3.514441091386607763e+00,4.166666666666666435e-02,3.333333333333333148e-01,3.381347864599709485e+00
6.876000020500145911e+04,1.153398046992288872e+00,6.325380210936594472e-02,1.711425450347442423e+00,2.423197434491444646e+00,2.479643164026927304e-01,4.308288951459876004e-01,5.238095238095238360e-01,6.666666666666666297e-01,3.625047960691891724e+00,4.166666666666666435e-02,3.333333333333333148e-01,3.504967725461268557e+00
6.877000020503127598e+04,9.755411819564986375e-01,9.272084523597193262e-02,7.746246747052427661e-01,1.740771633246785299e+00,7.842372486512624308e-01,8.730001030011701468e-01,6.666666666666666297e-01,6.666666666666666297e-01,3.487924415186495875e+00,4.166666666666666435e-02,3.333333333333333148e-01,3.457364383867714164e+00
6.878000020506107830e+04,1.044642921286939918e+00,5.724075883833758954e-02,1.547537486620970570e+00,1.718722779049147720e+00,4.911504685809514048e-01,8.140126508999248056e-01,5.238095238095238360e-01,6.666666666666666297e-01,3.719587555761793674e+00,8.333333333333332871e-02,3.333333333333333148e-01,3.811550553714815770e+00
6.879000020509089518e+04,1.107072908852103632e+00,3.587327297290252709e-02,9.951074631129797066e-01,1.665007368975272684e+00,4.870131738426417556e-01,6.524761698169712076e-01,3.809523809523809312e-01,5.000000000000000000e-01,3.590224549508441498e+00,8.333333333333332871e-02,3.333333333333333148e-01,3.179312808468285123e+00
6.880000020512071205e+04,1.270278762159107844e+00,6.161569373813966660e-02,1.382659924191815826e+00,1.812210763290880600e+00,6.999455608643352367e-01,8.408088953836766466e-01,4.285714285714285476e-01,6.666666666666666297e-01,3.695683454540989121e+00,0.000000000000000000e+00,1.666666666666666574e-01,3.304531776622365857e+00
6.881000020515052893e+04,8.382417759232719812e-01,6.899314016543746375e-02,1.124012360994961268e+00,2.070820804301942264e+00,4.351463807212831991e-01,7.196261313690258676e-01,4.761904761904761640e-01,5.000000000000000000e-01,3.650840387577533264e+00,4.166666666666666435e-02,3.333333333333333148e-01,3.312950062895795078e+00
6.882000020518034580e+04,1.439079609382039937e+00,3.664186958629024604e-02,1.370062294846261075e+00,1.964565023593992654e+00,5.020915649760600008e-01,6.783795395352726354e-01,3.809523809523809312e-01,5.000000000000000000e-01,3.442895724714264194e+00,4.166666666666666435e-02,3.333333333333333148e-01,3.693131809532371523e+00
6.883000020521014812e+04,1.177505863996642921e+00,4.419776587795925388e-02,6.434583749419483523e-01,1.529858470648492785e+00,3.421707832904143931e-01,4.237167199076529167e-01,2.857142857142856984e-01,5.000000000000000000e-01,3.544087468361277082e+00,8.333333333333332871e-02,3.333333333333333148e-01,3.544087468361277082e+00
6.884000020523996500e+04,1.575563465280797937e+00,6.518896353490639950e-02,7.277977662511910806e-01,1.407664451326382071e+00,6.083271078868792703e-01,6.439048731213561361e-01,1.904761904761904656e-01,5.000000000000000000e-01,3.460441882330414831e+00,4.166666666666666435e-02,3.333333333333333148e-01,3.460441882330414831e+00
6.885000020526978187e+04,1.702114241761977675e+00,6.772967150425897309e-02,1.360232222331544838e+00,1.955025903032601819e+00,4.753370560095285802e-01,5.164515487480795253e-01,3.809523809523809312e-01,6.666666666666666297e-01,3.353590198909470743e+00,1.666666666666666574e-01,3.333333333333333148e-01,3.353590198909470743e+00
6.886000020529959875e+04,1.110557115052555277e+00,4.411535552987051745e-02,1.105196076846693520e+00,1.642124098563326973e+00,5.845037277323235081e-01,7.029299899985899103e-01,5.714285714285713969e-01,6.666666666666666297e-01,3.822728359309902402e+00,8.333333333333332871e-02,3.333333333333333148e-01,3.202383201103382593e+00
6.887000020532941562e+04,8.175916859332907904e-01,5.346999560361313103e-02,1.198565484146342675e+00,1.488215778389918365e+00,2.804696084532177225e-01,5.910447382472852063e-01,6.190476190476190688e-01,6.666666666666666297e-01,3.688305885759558311e+00,4.166666666666666435e-02,3.333333333333333148e-01,3.805524394000534993e+00
6.888000020535921794e+04,1.248900516987007103e+00,4.918470330014042269e-02,1.133849608374461360e+00,1.606373177772840277e+00,5.080168526734480938e-01,7.910997537220848530e-01,4.761904761904761640e-01,6.666666666666666297e-01,3.699972332727173630e+00,1.250000000000000000e-01,3.333333333333333148e-01,3.632020853834626362e+00
6.889000020538903482e+04,2.008210895660095030e+00,5.268904033153316152e-02,1.191948052828973870e+00,2.363342218884150192e+00,5.116106201762614658e-01,7.125231496503622308e-01,2.857142857142856984e-01,5.000000000000000000e-01,3.722026199862866314e+00,1.666666666666666574e-01,3.333333333333333148e-01,3.622730723160580535e+00
6.890000020541885169e+04,7.867824168100088222e-01,6.844544976519723045e-02,6.680513603921014454e-01,1.356211589057236155e+00,3.967234548911415803e-01,5.742099037866508215e-01,5.714285714285713969e-01,6.666666666666666297e-01,3.372848334719187324e+00,1.250000000000000000e-01,3.333333333333333148e-01,3.214807791605524656e+00
6.891000020544866857e+04,1.383642863971129788e+00,4.100613492780560282e-02,8.209765652559529725e-01,9.302350404381004578e-01,5.441671770459933777e-01,7.041200578950222999e-01,4.761904761904761640e-01,6.666666666666666297e-01,3.451943608021370569e+00,8.333333333333332871e-02,3.333333333333333148e-01,3.451943608021370569e+00
6.892000020547848544e+04,1.299836963571918691e+00,6.555994179576998815e-02,9.428084849403192136e-01,2.742317637782897943e+00,4.985578226199626206e-01,6.507929055305052835e-01,1.904761904761904656e-01,5.000000000000000000e-01,3.741423604491080912e+00,4.166666666666666435e-02,3.333333333333333148e-01,3.737014981313448558e+00
6.893000020550828776e+04,7.486976702031820086e-01,5.157680482812123518e-02,1.192546772306580571e+00,1.102253612664183313e+00,3.567908335116101726e-01,5.429569626356370859e-01,3.809523809523809312e-01,6.666666666666666297e-01,3.667714752623882024e+00,4.166666666666666435e-02,3.333333333333333148e-01,3.851160097162958262e+00
6.894000020553810464e+04,1.067824691815007609e+00,6.102876521043372471e-02,7.062676865965200612e-01,7.929335740587253323e-01,8.625713865454608387e-01,9.652128226128500188e-01,4.285714285714285476e-01,8.333333333333333703e-01,3.802901576946497997e+00,4.166666666666666435e-02,3.333333333333333148e-01,4.046867062096390022e+00
6.895000020556792151e+04,1.206353320512226990e+00,7.883715408866116825e-02,9.783854555968617417e-01,1.306687901999460388e+00,4.424559715932978032e-01,6.232552693868793625e-01,4.285714285714285476e-01,5.000000000000000000e-01,3.610442924275109267e+00,1.250000000000000000e-01,3.333333333333333148e-01,3.646367253646371154e+00
6.896000020559773839e+04,1.078763984343886762e+00,5.873338037645114973e-02,4.932057070274203370e-01,4.412903720842687449e-01,4.289580406162268877e-01,4.062282784426366478e-01,7.142857142857143016e-01,1.000000000000000000e+00,3.493953798734123595e+00,1.250000000000000000e-01,3.333333333333333148e-01,3.543887100101613896e+00
6.897000020562755526e+04,6.470995223127826712e-01,3.411334259065794405e-02,1.011211629176895332e+00,7.466932348008713527e-01,1.576547281886589713e-01,4.603254209073933123e-01,5.238095238095238360e-01,8.333333333333333703e-01,3.606203551100927385e+00,8.333333333333332871e-02,3.333333333333333148e-01,3.606203551100927385e+00
6.898000020565737213e+04,1.269343364620460379e+00,6.210597636575045100e-02,1.163257088108234694e+00,1.676226069949270148e+00,2.690911958458793718e-01,4.551808449066914175e-01,5.238095238095238360e-01,5.000000000000000000e-01,3.602677393508876946e+00,4.166666666666666435e-02,3.333333333333333148e-01,3.590075352153875965e+00
6.899000020568717446e+04,6.776951963421007363e-01,3.952572614102099757e-02,1.615720880615231225e+00,2.209765044339087048e+00,4.150082908154330563e-01,6.395137197747611246e-01,5.714285714285713969e-01,1.000000000000000000e+00,3.995792989512061855e+00,8.333333333333332871e-02,3.333333333333333148e-01,4.010065863538793351e+00
6.900000020571699133e+04,1.262414082323201070e+00,4.610684982878193727e-02,7.996076815412790362e-01,1.317901243769187047e+00,1.494397645174949385e-01,3.545786667951765780e-01,5.714285714285713969e-01,6.666666666666666297e-01,3.518316558834786889e+00,4.166666666666666435e-02,3.333333333333333148e-01,3.516153106862909716e+00
6.901000020574680821e+04,1.539818581801706276e+00,4.653342064113786397e-02,1.741904784212861879e+00,2.207375606173958893e+00,2.438323570412980479e-01,2.960856392469349840e-01,4.285714285714285476e-01,6.666666666666666297e-01,3.623656879195475522e+00,1.250000000000000000e-01,3.333333333333333148e-01,3.528799781260379742e+00
6.902000020577662508e+04,1.471359363163459388e+00,5.267604674247947788e-02,6.195873182024482784e-01,1.449178586984701145e+00,8.915315337724596390e-01,8.380409779776653023e-01,4.285714285714285476e-01,6.666666666666666297e-01,3.340135819398971417e+00,0.000000000000000000e+00,1.666666666666666574e-01,3.340135819398971417e+00
6.903000020580644195e+04,1.264538933774608020e+00,4.346831113705353772e-02,2.086441020428471127e+00,2.777343814798110433e+00,2.183305628645489938e-01,4.385942427395877474e-01,3.809523809523809312e-01,5.000000000000000000e-01,3.740042972493252016e+00,1.250000000000000000e-01,3.333333333333333148e-01,3.901531603957725469e+00
6.904000020583624428e+04,8.591795511914431804e-01,4.043046722376373442e-02,4.579783928875953425e-01,9.534530418775841731e-01,5.182869091656689964e-01,6.433331824578245595e-01,6.666666666666666297e-01,8.333333333333333703e-01,3.574956379662738826e+00,4.166666666666666435e-02,3.333333333333333148e-01,3.974571829619235608e+00
6.905000020586606115e+04,5.927977528214696257e-01,4.729847409566271393e-02,5.365728140748234898e-01,1.511993611669655291e+00,3.206231180456672880e-01,5.703616597222738172e-01,7.142857142857143016e-01,1.000000000000000000e+00,3.748358190075654850e+00,8.333333333333332871e-02,3.333333333333333148e-01,3.746124930664433528e+00
6.906000020589587803e+04,1.025462641413453557e+00,6.376768512992588012e-02,1.529540417918858974e+00,1.751709709354432487e+00,2.479082643877232317e-01,5.896948507850364729e-01,2.380952380952380820e-01,6.666666666666666297e-01,4.032905431109377936e+00,1.250000000000000000e-01,3.333333333333333148e-01,3.548518388539418478e+00
6.907000020592569490e+04,5.196112955217846441e-01,4.771364218584910055e-02,8.977373863475685001e-01,1.440015317748750689e+00,3.172562174445220928e-01,6.369773204929277677e-01,6.190476190476190688e-01,1.000000000000000000e+00,3.766775102131759478e+00,1.250000000000000000e-01,3.333333333333333148e-01,3.926902893290132202e+00
6.908000020595551177e+04,7.732165168449336434e-01,6.947618303184821542e-02,8.264720222382382353e-01,1.380572485933796001e+00,3.069682139030682766e-01,5.973625739161226855e-01,7.142857142857143016e-01,1.000000000000000000e+00,3.450541921826626446e+00,8.333333333333332871e-02,3.333333333333333148e-01,3.674463140482965073e+00
6.909000020598531410e+04,1.749027937033785562e+00,5.822144353358989222e-02,8.253640409288967028e-01,1.620284765665035209e+00,7.090809875917024607e-01,4.486649114336163646e-01,3.809523809523809312e-01,5.000000000000000000e-01,3.706653268073198060e+00,4.166666666666666435e-02,3.333333333333333148e-01,3.676761374122719861e+00
6.910000020601513097e+04,6.552523944803597677e-01,4.748942241345480847e-02,6.599004435519553180e-01,1.214353096611325178e+00,2.207653366332353040e-01,4.388322715904537374e-01,8.095238095238095344e-01,1.000000000000000000e+00,3.578351233162502698e+00,8.333333333333332871e-02,3.333333333333333148e-01,3.637028836472486315e+00
6.911000020604494784e+04,8.072803109097407281e-01,6.942426829726051907e-02,9.077844257104791259e-01,1.006511449959065940e+00,4.579765513615899897e-01,6.826690794707956922e-01,4.761904761904761640e-01,8.333333333333333703e-01,3.754605360558827432e+00,1.250000000000000000e-01,3.333333333333333148e-01,3.750604962226039341e+00
6.912000020607476472e+04,1.055981646352836201e+00,7.439462287891134007e-02,1.286401817422250682e+00,2.152246377246898490e+00,4.980613504493312527e-01,6.052451938702513301e-01,5.238095238095238360e-01,1.000000000000000000e+00,3.958181871048267908e+00,1.250000000000000000e-01,3.333333333333333148e-01,3.800747899372274752e+00
6.913000020610458159e+04,1.536713397093900424e+00,4.833435944390496869e-02,7.832619471008205325e-01,1.944543021541282890e+00,4.097724395441580958e-01,3.341107331264387970e-01,3.809523809523809312e-01,5.000000000000000000e-01,3.693881747430576734e+00,8.333333333333332871e-02,3.333333333333333148e-01,3.886552020103809291e+00
6.914000020613438392e+04,1.207285963420423602e+00,2.935709105588653681e-02,1.004128035765859739e+00,1.995902691518210759e+00,5.440261055310667837e-01,7.924798843910099144e-01,5.238095238095238360e-01,8.333333333333333703e-01,3.639413553850929794e+00,8.333333333333332871e-02,3.333333333333333148e-01,3.639413553850929794e+00
6.915000020616420079e+04,1.224089828760660081e+00,5.259163924301827470e-02,5.844530835903867239e-01,1.508201173387052396e+00,5.662026817370847676e-01,5.933936680629491311e-01,5.714285714285713969e-01,8.333333333333333703e-01,3.634464052016058933e+00,8.333333333333332871e-02,3.333333333333333148e-01,3.634464052016058933e+00
6.916000020619401766e+04,1.124202342827580470e+00,3.440241133149797570e-02,1.692491226993935172e+00,1.483992262501099502e+00,4.057483950346816304e-01,5.853814977850859691e-01,3.809523809523809312e-01,6.666666666666666297e-01,3.987772439171853200e+00,4.166666666666666435e-02,3.333333333333333148e-01,4.059881362080114187e+00
6.917000020622383454e+04,1.764644932736047833e+00,3.091074329172566887e-02,7.050168341396406690e-01,1.629585900935808462e+00,6.246818246760177384e-01,4.613175317227275474e-01,3.333333333333333148e-01,5.000000000000000000e-01,3.511018265841539865e+00,4.166666666666666435e-02,3.333333333333333148e-01,3.511018265841539865e+00
6.918000020625365141e+04,1.193870206857497118e+00,4.375326445345362886e-02,4.902838375712438301e-01,2.024242603856333034e+00,5.709458512445664269e-01,5.583500038257938058e-01,3.809523809523809312e-01,6.666666666666666297e-01,3.622368784600018987e+00,4.166666666666666435e-02,3.333333333333333148e-01,3.896058682915195526e+00
6.919000020628345374e+04,1.361869835763393155e+00,6.957951935157968837e-02,7.202275777523372557e-01,1.382762760928210266e+00,5.276293311827475740e-01,4.562177882012174446e-01,3.809523809523809312e-01,5.000000000000000000e-01,3.700323578765334798e+00,4.166666666666666435e-02,3.333333333333333148e-01,3.328578919337108033e+00
6.920000020631327061e+04,1.053475983299891672e+00,5.287080762277644036e-02,6.798891194009285543e-01,2.586610632912178520e+00,6.617343977551181089e-01,6.400202863464843350e-01,4.285714285714285476e-01,6.666666666666666297e-01,3.706639951820424717e+00,8.333333333333332871e-02,3.333333333333333148e-01,3.348285566646538758e+00
6.921000020634308748e+04,1.612183373248176954e+00,4.553011373959172520e-02,5.846613603946170246e-01,1.759338707924680723e+00,5.084398602052473404e-01,4.430539648200972902e-01,3.809523809523809312e-01,5.000000000000000000e-01,3.500303789287250833e+00,1.666666666666666574e-01,3.333333333333333148e-01,3.383987756881275288e+00
6.922000020637290436e+04,6.093537538747422211e-01,5.385575470324489161e-02,7.926551827507645198e-01,1.940610280805479482e+00,3.581807355655420300e-01,6.106576443629997408e-01,6.190476190476190688e-01,8.333333333333333703e-01,3.752890675463633308e+00,1.250000000000000000e-01,3.333333333333333148e-01,3.885945343188380363e+00
6.923000020640272123e+04,1.059514862615297703e+00,4.709481753168741347e-02,6.531816285619811424e-01,1.643138611699558105e+00,5.914278537804908975e-01,4.554050105827008865e-01,6.190476190476190688e-01,8.333333333333333703e-01,3.512940095448858990e+00,1.250000000000000000e-01,3.333333333333333148e-01,3.641127800497049094e+00
6.924000020643252356e+04,1.301258311882860008e+00,5.683616590737968627e-02,1.584907880649484291e+00,3.135723700577603523e+00,2.471503967126929824e-01,4.859102868539437736e-01,5.714285714285713969e-01,8.333333333333333703e-01,3.733822002664056949e+00,8.333333333333332871e-02,3.333333333333333148e-01,3.533801574694119818e+00
6.925000020646234043e+04,1.111720625676159147e+00,4.480891625688558644e-02,1.247754176403131909e+00,1.359278156988297903e+00,4.741626977078729488e-01,5.120819661158015901e-01,5.238095238095238360e-01,6.666666666666666297e-01,3.651541338898131261e+00,8.333333333333332871e-02,3.333333333333333148e-01,3.574514696484821563e+00
6.926000020649215730e+04,1.630324451486281134e+00,5.273989712431487176e-02,7.639818023554125759e-01,1.788405775089243699e+00,7.068703924194386090e-01,5.382954367205403656e-01,4.285714285714285476e-01,6.666666666666666297e-01,3.159347757042628047e+00,4.166666666666666435e-02,3.333333333333333148e-01,3.159347757042628047e+00
6.927000020652197418e+04,6.217663579783142547e-01,5.208763584642594341e-02,1.077653953213718374e+00,1.484606709150564363e+00,4.802310418197376363e-01,4.681460846889656247e-01,6.666666666666666297e-01,1.000000000000000000e+00,3.653313377931068473e+00,4.166666666666666435e-02,3.333333333333333148e-01,3.700502561741410013e+00
6.928000020655179105e+04,7.837392443295468913e-01,7.097496921114000712e-02,9.994837121170501160e-01,1.485234757753455037e+00,1.349605506503957220e-01,4.446630834475489569e-01,6.666666666666666297e-01,1.000000000000000000e+00,3.415223973559863957e+00,8.333333333333332871e-02,3.333333333333333148e-01,3.895963106239866747e+00
6.929000020658160793e+04,8.284239656482431657e-01,4.893032262718492037e-02,1.738634621371701883e+00,1.473960052144761335e+00,5.707707677014237646e-01,5.813304617983149347e-01,7.619047619047618625e-01,1.000000000000000000e+00,3.720767356225278988e+00,8.333333333333332871e-02,3.333333333333333148e-01,3.866305514461178650e+00
6.930000020661141025e+04,1.208999280356178430e+00,4.411669564058169624e-02,3.552782220805053570e-01,1.375038933948447006e+00,5.854298434439773047e-01,5.351991969415107464e-01,5.238095238095238360e-01,8.333333333333333703e-01,3.501735472256353177e+00,4.166666666666666435e-02,3.333333333333333148e-01,3.501735472256353177e+00
6.931000020664122712e+04,1.558182875746354723e+00,4.602820883127555635e-02,6.707329839417366379e-01,1.388537221408470579e+00,3.484043481064834080e-01,3.856016035686744559e-01,4.285714285714285476e-01,6.666666666666666297e-01,3.551357949269109415e+00,8.333333333333332871e-02,3.333333333333333148e-01,3.517135285349577867e+00
6.932000020667104400e+04,1.056597190680753195e+00,7.124911422559720986e-02,6.537633828715533335e-01,1.539201040562442779e+00,3.989622882635999179e-01,4.771802428621844672e-01,4.761904761904761640e-01,8.333333333333333703e-01,3.600805947137180940e+00,4.166666666666666435e-02,3.333333333333333148e-01,3.401817538860990364e+00
6.933000020670086087e+04,7.314093678329209869e-01,7.127612424130060076e-02,1.046800832572473139e+00,1.475539703607204656e+00,5.048145955304428334e-01,3.866911409050247106e-01,7.619047619047618625e-01,8.333333333333333703e-01,3.680833684724049704e+00,4.166666666666666435e-02,3.333333333333333148e-01,3.882785501623686297e+00
6.934000020673067775e+04,1.165671680271975319e+00,7.599026655106787265e-02,9.952828869670413692e-01,1.845406076713190568e+00,4.091655948154406253e-01,3.787728832152485459e-01,5.714285714285713969e-01,6.666666666666666297e-01,3.357676505982954751e+00,8.333333333333332871e-02,3.333333333333333148e-01,3.651671981850047821e+00
6.935000020676048007e+04,9.738627420515704181e-01,3.582396923072031503e-02,6.297282209332688563e-01,2.290501016472143547e+00,4.596728718222174437e-01,5.519298293314000015e-01,5.238095238095238360e-01,8.333333333333333703e-01,3.707974585331300865e+00,1.250000000000000000e-01,3.333333333333333148e-01,3.732999620381978634e+00
6.936000020679029694e+04,1.214814716474294842e+00,4.095817799544109600e-02,8.043845293720406353e-01,2.283667699498399983e+00,2.964924253473085192e-01,4.326417455020266645e-01,4.285714285714285476e-01,5.000000000000000000e-01,3.663065974099659616e+00,1.250000000000000000e-01,3.333333333333333148e-01,3.461368029986524153e+00
6.937000020682011382e+04,1.141923425037981055e+00,4.107006310793135523e-02,9.647142915601212287e-01,2.221826425675372807e+00,4.738429419944438226e-01,7.756536852075773814e-01,4.761904761904761640e-01,8.333333333333333703e-01,3.109740036178434863e+00,1.250000000000000000e-01,3.333333333333333148e-01,3.486613508263816996e+00
6.938000020684993069e+04,6.168408745944259364e-01,6.504962366302534382e-02,7.353091924999113349e-01,1.525556736155587734e+00,4.411514380853507888e-01,7.002404249992681962e-01,5.714285714285713969e-01,1.000000000000000000e+00,3.759300859398651884e+00,1.250000000000000000e-01,3.333333333333333148e-01,3.673418121507544321e+00
6.939000020687974757e+04,1.379127509605286850e+00,7.253122567261843789e-02,1.285787280072490768e+00,2.433184447171369502e+00,1.615732775310891878e-01,2.606122919276182004e-01,4.285714285714285476e-01,6.666666666666666297e-01,3.728464718279057344e+00,4.166666666666666435e-02,3.333333333333333148e-01,3.674811993005071997e+00
6.940000020690954989e+04,8.790991691172868050e-01,5.863577984952846739e-02,5.932967068092084295e-01,1.828031561470101707e+00,2.674740152532610327e-01,5.247950752115322359e-01,4.761904761904761640e-01,8.333333333333333703e-01,3.434368669067643598e+00,1.250000000000000000e-01,3.333333333333333148e-01,3.412591908520618222e+00
6.941000020693936676e+04,5.468340635068148492e-01,6.335434263965207535e-02,1.281307171975039960e+00,1.613847896956255745e+00,3.148423451056114875e-01,5.043856092941324532e-01,8.095238095238095344e-01,1.000000000000000000e+00,3.628144961244303968e+00,1.250000000000000000e-01,3.333333333333333148e-01,3.452548943389705638e+00
6.942000020696918364e+04,8.196729259600339379e-01,4.324013108142151646e-02,1.494510948968902353e+00,1.271868706191788156e+00,5.227292421456417593e-01,6.491191671813467678e-01,8.095238095238095344e-01,1.000000000000000000e+00,3.448121852267594711e+00,4.166666666666666435e-02,3.333333333333333148e-01,3.169909848552357801e+00
6.943000020699900051e+04,9.612000651938142903e-01,5.149854153783048338e-02,1.734472012183984502e+00,1.435917947652879390e+00,7.062544173744834675e-01,6.381338661749530461e-01,8.571428571428570953e-01,1.000000000000000000e+00,3.601119766702118419e+00,0.000000000000000000e+00,1.666666666666666574e-01,3.408973343455906857e+00
6.944000020702881739e+04,7.857131749647253693e-01,6.089535246008086211e-02,4.054408496655787508e-01,1.481465391687841970e+00,3.766293653640052086e-01,3.357705394553841538e-01,7.619047619047618625e-01,8.333333333333333703e-01,3.355596821345679270e+00,4.166666666666666435e-02,3.333333333333333148e-01,3.307702069322890015e+00
6.945000020705861971e+04,1.572286196270669345e+00,5.399674406072467459e-02,1.848978570303208890e+00,1.786076462935687337e+00,4.980307193660024057e-01,7.572058095448536141e-01,2.857142857142856984e-01,6.666666666666666297e-01,3.614578065721163469e+00,4.166666666666666435e-02,3.333333333333333148e-01,3.614578065721163469e+00
6.946000020708843658e+04,7.254317987621199393e-01,5.596399059574691526e-02,6.659502886930521726e-01,2.983497812589360532e+00,4.627810916614394365e-01,5.902509556030979265e-01,7.142857142857143016e-01,8.333333333333333703e-01,3.724699718127459036e+00,8.333333333333332871e-02,3.333333333333333148e-01,3.640671094934931240e+00
6.947000020711825346e+04,1.317261391187806385e+00,7.062679904563158584e-02,1.203060916740637420e+00,1.391838589362475620e+00,6.547323551277721698e-01,7.006751799380794843e-01,4.285714285714285476e-01,6.666666666666666297e-01,3.386888062835101465e+00,8.333333333333332871e-02,3.333333333333333148e-01,3.262000516268635852e+00
6.948000020714807033e+04,1.477541598925527833e+00,4.378111388913159124e-02,9.282022507599125838e-01,1.484212846181043988e+00,8.510498703440566581e-01,7.926494469230650486e-01,4.285714285714285476e-01,5.000000000000000000e-01,3.365908785133178149e+00,4.166666666666666435e-02,3.333333333333333148e-01,3.288945091107798202e+00
6.949000020717788721e+04,8.561546161125072052e-01,5.981626923534638651e-02,2.375182154174713567e+00,3.030469701080538147e+00,3.302027730095219438e-01,5.070236275172762541e-01,4.761904761904761640e-01,8.333333333333333703e-01,3.695596607967320146e+00,8.333333333333332871e-02,3.333333333333333148e-01,3.973043129340129820e+00
6.950000020720768953e+04,1.086903072018727379e+00,5.163926492951163155e-02,6.838658757293013535e-01,1.918094643182324477e+00,1.334330552048993423e-01,4.685206919319016006e-01,4.761904761904761640e-01,5.000000000000000000e-01,3.709314894215633096e+00,1.250000000000000000e-01,3.333333333333333148e-01,3.501446922665047090e+00
6.951000020723750640e+04,9.392497427350381400e-01,5.892431299163608527e-02,1.176613592488551019e+00,1.609401235904605265e+00,3.232275745258872957e-01,5.763032398603586959e-01,5.238095238095238360e-01,6.666666666666666297e-01,3.602717455073063402e+00,1.250000000000000000e-01,3.333333333333333148e-01,3.602717455073063402e+00
6.952000020726732328e+04,1.452185971416987131e+00,7.511009146772761047e-02,6.954056587644192877e-01,1.629709353026444374e+00,3.169348198970004526e-01,6.083032559897066927e-01,1.904761904761904656e-01,6.666666666666666297e-01,3.928413135027608138e+00,1.250000000000000000e-01,3.333333333333333148e-01,3.542888100283782205e+00
6.953000020729714015e+04,5.104699294652760289e-01,5.448307110156928174e-02,3.712405935504975996e-01,1.155428197351670461e+00,2.150160467321424185e-01,5.043384336048509775e-01,5.238095238095238360e-01,6.666666666666666297e-01,3.465684364288227126e+00,8.333333333333332871e-02,3.333333333333333148e-01,3.465684364288227126e+00
6.954000020732695702e+04,1.453101795930405560e+00,6.685513294363022718e-02,4.009182475848067639e-01,1.309945349888594235e+00,2.457734030930072977e-01,3.588710972915102881e-01,3.333333333333333148e-01,5.000000000000000000e-01,3.466593614508240773e+00,1.250000000000000000e-01,3.333333333333333148e-01,3.439544856312590326e+00
6.955000020735675935e+04,5.511086987409860027e-01,7.051110996400350439e-02,7.817144519786255463e-01,1.823647790540249281e+00,2.586200155399029921e-01,5.874911120346090199e-01,6.666666666666666297e-01,1.000000000000000000e+00,3.886425687550337571e+00,4.166666666666666435e-02,3.333333333333333148e-01,3.985976911791302424e+00
6.956000020738657622e+04,1.249808549815308645e+00,5.732008367005302085e-02,8.970972913446337849e-01,1.863903399550803641e+00,6.248007430746239654e-01,6.572420421274001168e-01,6.666666666666666297e-01,1.000000000000000000e+00,3.756197987347003941e+00,1.250000000000000000e-01,3.333333333333333148e-01,3.598167367626514235e+00
6.957000020741639310e+04,1.269171723713114153e+00,5.872441334691395204e-02,1.114071344946016229e+00,2.377939917027837247e+00,5.418347121394528898e-01,6.532426801593889110e-01,6.190476190476190688e-01,8.333333333333333703e-01,3.485255813208990361e+00,8.333333333333332871e-02,3.333333333333333148e-01,3.581163149912266253e+00
6.958000020744620997e+04,6.983952957918613258e-01,5.305054698741867858e-02,8.200122425647350388e-01,1.554561553821511843e+00,5.353607138656306663e-01,7.488664050404215677e-01,4.285714285714285476e-01,1.000000000000000000e+00,3.268613747291419180e+00,4.166666666666666435e-02,3.333333333333333148e-01,3.954712842491971969e+00
6.959000020747602684e+04,9.547898364734977994e-01,3.555769541834303410e-02,9.067548648273788814e-01,1.609100892766778923e+00,3.706264769716658414e-01,7.087674177113885143e-01,5.714285714285713969e-01,8.333333333333333703e-01,3.744842403529625052e+00,1.250000000000000000e-01,3.333333333333333148e-01,3.459033007775177637e+00
6.960000020750584372e+04,1.249260768875175787e+00,5.972336112285027421e-02,7.579844451581797538e-01,1.496394916637983297e+00,1.965686109296953810e-01,5.086791635577622150e-01,4.285714285714285476e-01,6.666666666666666297e-01,3.587280347451498486e+00,1.250000000000000000e-01,3.333333333333333148e-01,3.435088998459111753e+00
6.961000020753564604e+04,7.612711623787485893e-01,5.067978872396977641e-02,5.792417830715147486e-01,1.529090626724137758e+00,4.038121848216538190e-01,6.611141790961684306e-01,4.761904761904761640e-01,6.666666666666666297e-01,3.537067576534250080e+00,1.250000000000000000e-01,3.333333333333333148e-01,3.763020030468978039e+00
6.962000020756546292e+04,1.109983177375448937e+00,4.113845509737990708e-02,6.087428392266172050e-01,1.437952944047934611e+00,2.199372387028236397e-01,5.006325030220405425e-01,3.809523809523809312e-01,6.666666666666666297e-01,3.614234377371039919e+00,1.250000000000000000e-01,3.333333333333333148e-01,3.546959042956340014e+00
6.963000020759527979e+04,1.027314757576288651e+00,7.480311437449865819e-02,1.049140139286733220e+00,1.315622169220768356e+00,6.899686863526736103e-01,7.225720709955415488e-01,5.238095238095238360e-01,8.333333333333333703e-01,3.413910438490161070e+00,1.250000000000000000e-01,3.333333333333333148e-01,3.413910438490161070e+00
6.964000020762509666e+04,9.390973016629911019e-01,6.564044487113158965e-02,1.095731068417460818e+00,2.284021799954370380e+00,3.121405757385079527e-01,5.668558149181189831e-01,3.809523809523809312e-01,6.666666666666666297e-01,4.157457026222100005e+00,8.333333333333332871e-02,3.333333333333333148e-01,3.986279195873442038e+00
6.965000020765491354e+04,1.178238636945216911e+00,4.536345561683775146e-02,9.010290617555335446e-01,1.740719571230022078e+00,3.876966191053975996e-01,6.919879587575333835e-01,3.333333333333333148e-01,8.333333333333333703e-01,3.602221941658545035e+00,1.250000000000000000e-01,3.333333333333333148e-01,3.602221941658545035e+00
6.966000020768471586e+04,1.055092490385836079e+00,6.246364341026831163e-02,1.178072845243579803e+00,1.270719593349349363e+00,1.505796765927689129e-01,4.530794078206874520e-01,4.285714285714285476e-01,8.333333333333333703e-01,3.620161486773010306e+00,4.166666666666666435e-02,3.333333333333333148e-01,3.620161486773010306e+00
6.967000020771453273e+04,1.248963228247416568e+00,6.108641869356234988e-02,8.010077173956472452e-01,1.252817804171947325e+00,3.270687799700130460e-01,4.526380093131681659e-01,4.761904761904761640e-01,5.000000000000000000e-01,3.355537871568492037e+00,1.666666666666666574e-01,3.333333333333333148e-01,3.214268109224666325e+00
6.968000020774434961e+04,1.474684377354968268e+00,5.586155624488891441e-02,1.197434844936988263e+00,1.464497883351371321e+00,6.230839293130704393e-01,7.660722179444792168e-01,2.857142857142856984e-01,6.666666666666666297e-01,3.371993551653750032e+00,1.666666666666666574e-01,3.333333333333333148e-01,3.469820712242084326e+00
6.969000020777416648e+04,8.573187626369730419e-01,7.683041653109216884e-02,8.290079242113956859e-01,1.675032975033362792e+00,8.949647071868452319e-02,2.997289519267945512e-01,6.666666666666666297e-01,1.000000000000000000e+00,3.675223986224105399e+00,8.333333333333332871e-02,3.333333333333333148e-01,3.851239895380554223e+00
6.970000020780398336e+04,1.078543977952238997e+00,5.985094688004952840e-02,1.010026532900321072e+00,2.541720011748254571e+00,5.865063729208561671e-01,5.276836341129762520e-01,4.761904761904761640e-01,1.000000000000000000e+00,3.590460590264939356e+00,8.333333333333332871e-02,3.333333333333333148e-01,3.232950085538277119e+00
6.971000020783378568e+04,7.828246828929037449e-01,5.162985646828766040e-02,1.128987713468836640e+00,1.194290082305323741e+00,2.385138243558988513e-01,3.328622642682949051e-01,5.238095238095238360e-01,8.333333333333333703e-01,3.607022098325011417e+00,4.166666666666666435e-02,3.333333333333333148e-01,3.194900741146808887e+00
6.972000020786360255e+04,7.683716036132360871e-01,3.819907163134542843e-02,6.722575352105939483e-01,7.334340991706556068e-01,1.213330637068869150e-01,3.374228875695435836e-01,5.714285714285713969e-01,6.666666666666666297e-01,3.577819110356372789e+00,1.250000000000000000e-01,3.333333333333333148e-01,3.560750377853755921e+00
6.973000020789341943e+04,5.650802573736330991e-01,4.988710771785563602e-02,1.257349276595197241e+00,1.083330960434709445e+00,3.696173988792872955e-01,6.729345941907557416e-01,5.714285714285713969e-01,6.666666666666666297e-01,3.677445845728538831e+00,8.333333333333332871e-02,3.333333333333333148e-01,3.642419921866435928e+00
6.974000020792323630e+04,1.435968763762766054e+00,8.183729655332534769e-02,5.325545478007492894e-01,1.101343315384784693e+00,6.555552938697658538e-01,7.515647301891815735e-01,4.285714285714285476e-01,6.666666666666666297e-01,3.692851882274299502e+00,1.250000000000000000e-01,3.333333333333333148e-01,3.504987793909121851e+00
6.975000020795305318e+04,6.162448272335967481e-01,5.732406985982148317e-02,1.283971158873623564e+00,1.505680750810127755e+00,6.793571886213509714e-01,6.691240970794622989e-01,8.095238095238095344e-01,8.333333333333333703e-01,3.464326556066141816e+00,1.250000000000000000e-01,3.333333333333333148e-01,3.464326556066141816e+00
6.976000020798285550e+04,6.123496926440612498e-01,4.859200269392376093e-02,5.924290622749689428e-01,1.536591038406526222e+00,1.226983717794742079e-01,2.343102367134211328e-01,8.095238095238095344e-01,8.333333333333333703e-01,3.621501467775733563e+00,1.250000000000000000e-01,3.333333333333333148e-01,3.720101669177272807e+00
6.977000020801267237e+04,9.865512856954994358e-01,6.538222248945856074e-02,8.597063217993373696e-01,1.446796624284410138e+00,4.860994098170782762e-01,2.877512203502592403e-01,7.619047619047618625e-01,1.000000000000000000e+00,3.438372119720606523e+00,8.333333333333332871e-02,3.333333333333333148e-01,3.811023671879453012e+00
6.978000020804248925e+04,8.436549080424707858e-01,7.462497577865587206e-02,5.695711778464226382e-01,1.035866063484607080e+00,3.544665643680824374e-01,5.843968230649899676e-01,5.238095238095238360e-01,6.666666666666666297e-01,3.699499368926949305e+00,8.333333333333332871e-02,3.333333333333333148e-01,3.684795991634633339e+00
6.979000020807230612e+04,7.533176878432225054e-01,5.515723809809858907e-02,6.085768697965669993e-01,1.806523464667399104e+00,5.411817233020832507e-01,6.743011651994731404e-01,5.238095238095238360e-01,1.000000000000000000e+00,3.886586617538207111e+00,1.250000000000000000e-01,3.333333333333333148e-01,3.926148728600907134e+00
6.980000020810212300e+04,1.155196570936894318e+00,7.098195204340997100e-02,1.063308651715190178e+00,1.857195896594410423e+00,5.292469009006466329e-01,5.977626195250056451e-01,3.333333333333333148e-01,8.333333333333333703e-01,3.905573672545060049e+00,1.250000000000000000e-01,3.333333333333333148e-01,3.415985480759762272e+00
6.981000020813192532e+04,1.129475999058678681e+00,4.864462784245769666e-02,8.386609533128431826e-01,1.403445728912853241e+00,3.871424481876613033e-01,3.574210072284479955e-01,5.714285714285713969e-01,1.000000000000000000e+00,3.362019341837742203e+00,4.166666666666666435e-02,3.333333333333333148e-01,3.362019341837742203e+00
6.982000020816174219e+04,8.104265343022747370e-01,4.897892538573908605e-02,9.834356566949262746e-01,1.412140877210390721e+00,5.059494862419103844e-01,4.598085938786251603e-01,7.142857142857143016e-01,1.000000000000000000e+00,3.547377509643317772e+00,8.333333333333332871e-02,3.333333333333333148e-01,3.779488029738330646e+00
6.983000020819155907e+04,1.046038067443401776e+00,6.460803841941098469e-02,6.835285087366154144e-01,1.777029670327992417e+00,5.595453837024056964e-01,6.230259712154124774e-01,7.142857142857143016e-01,1.000000000000000000e+00,3.409005557281027166e+00,1.250000000000000000e-01,3.333333333333333148e-01,3.409005557281027166e+00
6.984000020822137594e+04,7.740176436407096849e-01,7.875313576768935842e-02,1.102629753829371007e+00,8.476645262834503480e-01,3.165613362020701649e-01,5.624741950131187940e-01,6.190476190476190688e-01,1.000000000000000000e+00,3.669642199364285151e+00,1.250000000000000000e-01,3.333333333333333148e-01,3.532257104333788256e+00
6.985000020825119282e+04,1.075923151064358096e+00,6.818016778418806156e-02,1.130970294065971826e+00,1.556721399613171686e+00,4.168358208339413284e-01,6.179842214308356452e-01,5.714285714285713969e-01,6.666666666666666297e-01,3.696681401463463246e+00,4.166666666666666435e-02,3.333333333333333148e-01,3.792928501359452031e+00
6.986000020828099514e+04,1.086140298176874186e+00,6.318838811241049569e-02,1.081728224806466354e+00,1.762276229988138931e+00,1.113657154758101175e-01,4.420276085331149019e-01,3.809523809523809312e-01,6.666666666666666297e-01,3.791783230604879762e+00,4.166666666666666435e-02,3.333333333333333148e-01,3.410124864529787914e+00
6.987000020831081201e+04,4.264240702150440265e-01,4.699595760175661469e-02,6.897054170735987810e-01,8.374331323295055585e-01,3.944164520001516294e-01,7.395016899871811322e-01,4.761904761904761640e-01,1.000000000000000000e+00,3.923694365900653125e+00,8.333333333333332871e-02,3.333333333333333148e-01,4.051119229632026197e+00
6.988000020834062889e+04,1.147283941755360637e+00,3.517503855217975206e-02,8.954171315316882263e-01,1.683762552955665903e+00,3.058043599376750188e-01,5.043366754665936647e-01,5.714285714285713969e-01,6.666666666666666297e-01,3.581653081512464531e+00,1.250000000000000000e-01,3.333333333333333148e-01,3.423057799140656332e+00
6.989000020837044576e+04,8.325227130722936408e-01,5.828823111204079616e-02,9.436527395686750141e-01,2.180233268355104226e+00,5.392343456973840432e-01,8.073047091366420958e-01,6.190476190476190688e-01,8.333333333333333703e-01,3.726880651255068067e+00,8.333333333333332871e-02,3.333333333333333148e-01,3.852204373920590452e+00
6.990000020840026264e+04,1.205232775332325756e+00,7.254128396885219099e-02,8.103018157927739384e-01,1.516179159694803769e+00,7.300844223956600709e-01,8.367296190944938372e-01,4.285714285714285476e-01,8.333333333333333703e-01,3.595919271071322587e+00,4.166666666666666435e-02,3.333333333333333148e-01,3.595919271071322587e+00
6.991000020843007951e+04,1.172943708890216152e+00,5.424499414558121846e-02,1.238699714548427977e+00,1.701183836066907595e+00,4.225486419010187067e-01,6.094704843915378367e-01,5.238095238095238360e-01,8.333333333333333703e-01,3.512602236464419381e+00,4.166666666666666435e-02,3.333333333333333148e-01,3.512602236464419381e+00
6.992000020845988183e+04,6.563112672254244329e-01,4.420984351268914675e-02,1.164504676038945918e+00,2.445985499284258236e+00,4.369446387715261171e-01,7.209022041148213100e-01,7.142857142857143016e-01,8.333333333333333703e-01,3.551517517831982662e+00,4.166666666666666435e-02,3.333333333333333148e-01,3.814467241023116628e+00
6.993000020848969871e+04,1.113602153847475629e+00,4.987682546457043037e-02,5.088438234026713136e-01,1.162366118026102679e+00,3.184708906989668908e-01,4.507919544841779702e-01,6.190476190476190688e-01,1.000000000000000000e+00,3.721369221701470220e+00,1.250000000000000000e-01,3.333333333333333148e-01,3.461382147994035652e+00
6.994000020851951558e+04,6.716124459877516051e-01,4.948429301564643418e-02,4.686208894264609071e-01,1.151402521543277491e+00,3.710648189364801897e-01,6.730192774205798756e-01,7.142857142857143016e-01,8.333333333333333703e-01,3.620395523505627544e+00,4.166666666666666435e-02,3.333333333333333148e-01,4.150061127479094836e+00
6.995000020854933246e+04,1.381333192246386954e+00,7.034752780097948410e-02,1.700053866902076827e+00,2.505037661522610648e+00,5.190893313476192539e-01,6.639443749689544205e-01,3.809523809523809312e-01,5.000000000000000000e-01,3.747982212602086083e+00,1.250000000000000000e-01,3.333333333333333148e-01,3.736858567302435041e+00
6.996000020857914933e+04,1.064091876309755325e+00,6.626559981966732849e-02,1.301177008128932000e+00,2.752301989288842510e+00,4.554661510563974836e-01,4.756939520777128672e-01,5.238095238095238360e-01,6.666666666666666297e-01,3.647715622092844168e+00,4.166666666666666435e-02,3.333333333333333148e-01,3.511712615296069373e+00
6.997000020860895165e+04,1.356829754043122671e+00,4.095548509349624527e-02,1.709544397035733798e+00,1.755528284952720286e+00,3.953181889556043882e-01,7.076227758310582594e-01,3.809523809523809312e-01,6.666666666666666297e-01,3.748812575210467291e+00,1.250000000000000000e-01,3.333333333333333148e-01,3.571702481067792423e+00
6.998000020863876853e+04,1.059322234096358839e+00,5.716511393223942111e-02,1.422658941636097074e+00,1.393744000205034750e+00,5.695089017476868687e-01,6.435373173627015886e-01,6.666666666666666297e-01,6.666666666666666297e-01,3.536087320610573848e+00,1.250000000000000000e-01,3.333333333333333148e-01,3.642855536156310414e+00
6.999000020866858540e+04,1.292978445214989724e+00,5.559761209320629449e-02,1.158787561921795550e+00,1.948438333520194687e+00,2.219808906824945471e-01,3.712700106676090073e-01,1.428571428571428492e-01,6.666666666666666297e-01,3.627931762924400783e+00,8.333333333333332871e-02,3.333333333333333148e-01,3.998343701360134173e+00
7.000000020869840228e+04,1.009234535813107181e+00,7.124945373946413307e-02,9.525366952021148137e-01,1.717821490251170813e+00,5.894508605826288550e-01,7.334985139679640609e-01,4.285714285714285476e-01,6.666666666666666297e-01,3.749299513304858333e+00,1.250000000000000000e-01,3.333333333333333148e-01,3.624551561480975792e+00
