Table_section,stage,n,definition,ChemicalID,ChemicalName,phase1_scope,gene_cards_k,phase1_unfiltered_rank,phase1_bh_fdr,phase1_degree_matched_bh_fdr,phase1_n_ctd_human_genes,phase1_crc_overlap,molecular_level,molecular_M2_definition_met,entity_E_tag,entity_E_reason,entity_manual_review_required,canonical_name,synonyms,entity_type,parent_compound,metabolite_of,exposure_family,exposure_axis,candidate_to_axis_relationship,all_candidate_biomarkers,mapping_confidence,mapping_source,searched_domain_count,searched_domains,mapping_status,selection_reason,all_biomarker_summary,above_lod_pct,min_cycle_above_lod_pct,median_cycle_above_lod_pct,max_cycle_above_lod_pct,n_measured,n_above_lod,D_tag,n_cycles_available,cycle_list,first_cycle,last_cycle,biological_matrix,nhanes_lab_component,analyte_available_n,crc_outcome_available_n,exposure_plus_outcome_n,complete_covariate_n,available_crc_cases,available_controls,survey_weight_available,strata_psu_available,creatinine_available_if_urine,core_covariates_available,T_tag,T_reason,selected_primary_biomarker,chemical_class,CasRN,PubChemCID,DTXSID,X_tag,B_tag,human_biomarker,nhanes_variable,biomarker_type,nhanes_cycles,n_cycles,C_tag,E_tag,N_tag,M_tag,eligible_permissive,eligible_moderate,eligible_strict,audit_status,audit_evidence,what_was_checked,databases_checked,possible_proxy,reason_unresolved,manual_review_required,manual_review_reason,priority_tier,final_disposition,PRIORITIZATION_OUTCOME_BLINDED
267-chemical attrition flow,total_core_chemicals,267.0,all Phase 1 primary chemicals,,,,,,,,,,,,,,,,,,,,,,,,,,,,,,,,,,,,,,,,,,,,,,,,,,,,,,,,,,,,,,,,,,,,,,,,,,,,,,,,,,,,,
267-chemical attrition flow,E_entity_valid,259.0,E_tag == 1,,,,,,,,,,,,,,,,,,,,,,,,,,,,,,,,,,,,,,,,,,,,,,,,,,,,,,,,,,,,,,,,,,,,,,,,,,,,,,,,,,,,,
267-chemical attrition flow,E_and_X_interpretable_exposure,135.0,E_tag == 1 and X_tag == 1,,,,,,,,,,,,,,,,,,,,,,,,,,,,,,,,,,,,,,,,,,,,,,,,,,,,,,,,,,,,,,,,,,,,,,,,,,,,,,,,,,,,,
267-chemical attrition flow,E_X_and_B_biomarker_available,134.0,E/X/B gates,,,,,,,,,,,,,,,,,,,,,,,,,,,,,,,,,,,,,,,,,,,,,,,,,,,,,,,,,,,,,,,,,,,,,,,,,,,,,,,,,,,,,
267-chemical attrition flow,E_X_B_and_D_detectable,127.0,E/X/B and D >= 1,,,,,,,,,,,,,,,,,,,,,,,,,,,,,,,,,,,,,,,,,,,,,,,,,,,,,,,,,,,,,,,,,,,,,,,,,,,,,,,,,,,,,
267-chemical attrition flow,E_X_B_D_and_C_coverage,124.0,E/X/B/D and C >= 1,,,,,,,,,,,,,,,,,,,,,,,,,,,,,,,,,,,,,,,,,,,,,,,,,,,,,,,,,,,,,,,,,,,,,,,,,,,,,,,,,,,,,
267-chemical attrition flow,E_X_B_D_C_and_T_testable,87.0,E=1 & X=1 & B=1 & D>=1 & C>=1 & T>=1,,,,,,,,,,,,,,,,,,,,,,,,,,,,,,,,,,,,,,,,,,,,,,,,,,,,,,,,,,,,,,,,,,,,,,,,,,,,,,,,,,,,,
267-chemical attrition flow,moderate_eligibility,87.0,E=1 & X=1 & B=1 & D>=1 & C>=2 & T>=1,,,,,,,,,,,,,,,,,,,,,,,,,,,,,,,,,,,,,,,,,,,,,,,,,,,,,,,,,,,,,,,,,,,,,,,,,,,,,,,,,,,,,
267-chemical attrition flow,strict_eligibility,27.0,E=1 & X=1 & B=1 & D=2 & C=2 & T=2,,,,,,,,,,,,,,,,,,,,,,,,,,,,,,,,,,,,,,,,,,,,,,,,,,,,,,,,,,,,,,,,,,,,,,,,,,,,,,,,,,,,,
267-chemical actionability matrix,,,,C573544,mono(carboxy-isooctyl)phthalate,GeneCards_Disorders,1000.0,78.0,0.2841687474373862,0.2993944830679524,19.0,2.0,M0,False,1.0,specific_entity_identifier:PubChemCID,False,mono carboxy isooctyl phthalate,mono(carboxy-isooctyl)phthalate;phthalate;plasticizer,phthalate parent or monoester metabolite,DINP,DINP,phthalates,DINP-related exposure axis,direct urinary metabolite,URXCOP,high,CDC NHANES phthalate/plasticizer metabolite panel and codebook,161.0,"Phthalates & Plasticizers Metabolites - Urine;Phthalates - Urine;Phthalates and Plasticizers Metabolites - Urine;Phthalates, Phytoestrogens & PAHs - Urine;Phthalates, Phytoestrogens & PAHs - Urine PHPYPA Urinary Phthalates",mapped,"validated/specificity mapping first; detectability, cycle coverage, and measured N used as non-CRC tie-breakers","[{""variable"": ""URXCOP"", ""n_cycles_available"": 7, ""total_measured"": 18812, ""total_above_lod"": 18579, ""pooled_above_lod_pct"": 98.76142887518606, ""min_cycle_above_lod_pct"": 96.03610675039246, ""median_cycle_above_lod_pct"": 99.49312092686459, ""max_cycle_above_lod_pct"": 100.0}]",98.76142887518606,96.03610675039246,99.4931209268646,100.0,18812.0,18579.0,2.0,7.0,2005-2006;2007-2008;2009-2010;2011-2012;2013-2014;2015-2016;2017-2018,2005-2006,2017-2018,urine,Phthalates & Plasticizers Metabolites - Urine;Phthalates - Urine;Phthalates and Plasticizers Metabolites - Urine,18812.0,17382.0,12113.0,10863.0,70.0,9866.0,True,True,True,True,2.0,predefined primary survey model feasible,URXCOP,phthalates,,CID:121232681,,1.0,1.0,URXCOP,URXCOP,urinary biomarker,2005-2006;2007-2008;2009-2010;2011-2012;2013-2014;2015-2016;2017-2018,7.0,2.0,1.0,pending_manual_review,M0,True,True,True,resolved_mapped,"CDC NHANES catalog domains checked: Phthalates & Plasticizers Metabolites - Urine;Phthalates - Urine;Phthalates and Plasticizers Metabolites - Urine;Phthalates, Phytoestrogens & PAHs - Urine;Phthalates, Phytoestrogens & PAHs - Urine PHPYPA Urinary Phthalates; CDC NHANES phthalate/plasticizer metabolite panel and codebook; local XPT registry variables checked for candidate aliases.",CTD identifiers/name; CDC NHANES laboratory catalog; 161 relevant laboratory domains; downloaded XPT value/LOD/weight columns.,CTD Phase 1 export; CDC NHANES continuous laboratory catalog; CDC NHANES environmental XPT files,direct urinary metabolite,,False,,Tier_A_strict,enter_systematic_human_screen,True
267-chemical actionability matrix,,,,D008982,Molybdenum,GeneCards_Disorders,1000.0,56.0,0.0604774578570994,0.2015318015318015,7.0,2.0,M0,False,1.0,"specific_entity_identifier:CasRN,PubChemCID,DTXSID,InChIKey",False,molybdenum,Molybdenum;7439-98-7,elemental species or metal compound,,,heavy_metals,metal exposure axis,elemental urinary biomarker for parent metal/species,URXUMO,moderate,CDC NHANES metals blood/urine panels and codebooks,119.0,Metals - Urine,mapped,"validated/specificity mapping first; detectability, cycle coverage, and measured N used as non-CRC tie-breakers","[{""variable"": ""URXUMO"", ""n_cycles_available"": 10, ""total_measured"": 26592, ""total_above_lod"": 26587, ""pooled_above_lod_pct"": 99.98119735258724, ""min_cycle_above_lod_pct"": 99.88272087568413, ""median_cycle_above_lod_pct"": 100.0, ""max_cycle_above_lod_pct"": 100.0}]",99.98119735258724,99.88272087568411,100.0,100.0,26592.0,26587.0,2.0,10.0,1999-2000;2001-2002;2003-2004;2005-2006;2007-2008;2009-2010;2011-2012;2013-2014;2015-2016;2017-2018,1999-2000,2017-2018,urine,Metals - Urine,26592.0,17382.0,1715.0,1531.0,10.0,1409.0,True,True,True,True,0.0,insufficient complete-case events/sample or survey infrastructure,URXUMO,heavy_metals,7439-98-7,CID:23932,DTXSID1024207,1.0,1.0,URXUMO,URXUMO,urinary biomarker,1999-2000;2001-2002;2003-2004;2005-2006;2007-2008;2009-2010;2011-2012;2013-2014;2015-2016;2017-2018,10.0,2.0,1.0,pending_manual_review,M0,False,False,False,resolved_mapped,CDC NHANES catalog domains checked: Metals - Urine; CDC NHANES metals blood/urine panels and codebooks; local XPT registry variables checked for candidate aliases.,CTD identifiers/name; CDC NHANES laboratory catalog; 119 relevant laboratory domains; downloaded XPT value/LOD/weight columns.,CTD Phase 1 export; CDC NHANES continuous laboratory catalog; CDC NHANES environmental XPT files,elemental urinary biomarker for parent metal/species,,False,,not_human_testable,retain_with_resolved_audit_no_primary_screen,True
267-chemical actionability matrix,,,,C033729,fluorotelomer alcohols,GeneCards_Disorders,1000.0,63.0,0.1196765367734294,0.6540445855514349,26.0,3.0,M0,False,1.0,specific_ctd_entity_id:C033729,False,fluorotelomer alcohols,fluorotelomer alcohols,PFAS or fluorinated compound,,,pfas_perfluoro,,none,,unresolved,,0.0,,resolved_no_candidate_specific_analyte,no analyte rows,,,,,,,,,0.0,,,,,,0.0,0.0,0.0,0.0,0.0,0.0,False,False,False,False,0.0,no analyte mapping,,pfas_perfluoro,,,,0.0,0.0,,,,,0.0,0.0,1.0,pending_manual_review,M0,False,False,False,resolved_no_supported_candidate_specific_analyte,CDC NHANES catalog domains checked: none matched; ; local XPT registry variables checked for candidate aliases.,CTD identifiers/name; CDC NHANES laboratory catalog; 0 relevant laboratory domains; downloaded XPT value/LOD/weight columns.,CTD Phase 1 export; CDC NHANES continuous laboratory catalog; CDC NHANES environmental XPT files,,,False,,not_human_testable,retain_with_resolved_audit_no_primary_screen,True
267-chemical actionability matrix,,,,C008745,"4,4'-bisphenol F",GeneCards_Disorders,1000.0,67.0,0.1919163627038211,0.9257213374860436,32.0,3.0,M0,False,1.0,specific_entity_identifier:PubChemCID,False,4 4 bisphenol f,"4,4'-bisphenol F",bisphenol or bisphenol-related compound,,,bisphenols,bisphenol exposure axis,direct urinary analyte,URXBPH,high,CDC NHANES environmental phenols panel and codebook,33.0,Environmental Phenols;Environmental Phenols & Parabens,mapped,"validated/specificity mapping first; detectability, cycle coverage, and measured N used as non-CRC tie-breakers","[{""variable"": ""URXBPH"", ""n_cycles_available"": 5, ""total_measured"": 12907, ""total_above_lod"": 11918, ""pooled_above_lod_pct"": 92.3374912837995, ""min_cycle_above_lod_pct"": 89.71474487746083, ""median_cycle_above_lod_pct"": 92.85714285714286, ""max_cycle_above_lod_pct"": 93.62519201228879}]",92.3374912837995,89.71474487746083,92.85714285714286,93.6251920122888,12907.0,11918.0,2.0,5.0,2003-2004;2005-2006;2007-2008;2009-2010;2011-2012,2003-2004,2011-2012,urine,Environmental Phenols;Environmental Phenols & Parabens,12907.0,17382.0,6912.0,6261.0,45.0,5706.0,True,True,True,True,1.0,survey model feasible but event/sample margin is limited,URXBPH,bisphenols,,CID:12111,,1.0,1.0,URXBPH,URXBPH,urinary biomarker,2003-2004;2005-2006;2007-2008;2009-2010;2011-2012,5.0,2.0,1.0,pending_manual_review,M0,True,True,False,resolved_mapped,CDC NHANES catalog domains checked: Environmental Phenols;Environmental Phenols & Parabens; CDC NHANES environmental phenols panel and codebook; local XPT registry variables checked for candidate aliases.,CTD identifiers/name; CDC NHANES laboratory catalog; 33 relevant laboratory domains; downloaded XPT value/LOD/weight columns.,CTD Phase 1 export; CDC NHANES continuous laboratory catalog; CDC NHANES environmental XPT files,direct urinary analyte,,False,,Tier_A_moderate,enter_systematic_human_screen,True
267-chemical actionability matrix,,,,D013793,Thallium,GeneCards_Disorders,1000.0,68.0,0.2175573691374303,0.2667332667332667,15.0,2.0,M0,False,1.0,"specific_entity_identifier:CasRN,DTXSID,InChIKey",False,thallium,Thallium;7440-28-0,elemental species or metal compound,,,heavy_metals,metal exposure axis,elemental urinary biomarker for parent metal/species,URXUTL,moderate,CDC NHANES metals blood/urine panels and codebooks,119.0,Metals - Urine,mapped,"validated/specificity mapping first; detectability, cycle coverage, and measured N used as non-CRC tie-breakers","[{""variable"": ""URXUTL"", ""n_cycles_available"": 10, ""total_measured"": 26712, ""total_above_lod"": 26612, ""pooled_above_lod_pct"": 99.62563641808924, ""min_cycle_above_lod_pct"": 99.21171171171171, ""median_cycle_above_lod_pct"": 99.60598105377915, ""max_cycle_above_lod_pct"": 100.0}]",99.62563641808924,99.21171171171171,99.60598105377916,100.0,26712.0,26612.0,2.0,10.0,1999-2000;2001-2002;2003-2004;2005-2006;2007-2008;2009-2010;2011-2012;2013-2014;2015-2016;2017-2018,1999-2000,2017-2018,urine,Metals - Urine,26712.0,17382.0,1715.0,1531.0,10.0,1409.0,True,True,True,True,0.0,insufficient complete-case events/sample or survey infrastructure,URXUTL,heavy_metals,7440-28-0,,DTXSID2036035,1.0,1.0,URXUTL,URXUTL,urinary biomarker,1999-2000;2001-2002;2003-2004;2005-2006;2007-2008;2009-2010;2011-2012;2013-2014;2015-2016;2017-2018,10.0,2.0,1.0,pending_manual_review,M0,False,False,False,resolved_mapped,CDC NHANES catalog domains checked: Metals - Urine; CDC NHANES metals blood/urine panels and codebooks; local XPT registry variables checked for candidate aliases.,CTD identifiers/name; CDC NHANES laboratory catalog; 119 relevant laboratory domains; downloaded XPT value/LOD/weight columns.,CTD Phase 1 export; CDC NHANES continuous laboratory catalog; CDC NHANES environmental XPT files,elemental urinary biomarker for parent metal/species,,False,,not_human_testable,retain_with_resolved_audit_no_primary_screen,True
267-chemical actionability matrix,,,,C031721,naphthalene,GeneCards_Disorders,1000.0,71.0,0.2560022531987447,1.0,60.0,4.0,M0,False,1.0,"specific_entity_identifier:CasRN,PubChemCID,DTXSID,InChIKey",False,naphthalene,naphthalene;91-20-3,CTD entity,,,pahs,PAH exposure axis,parent PAH to validated urinary OH-PAH proxy,URXP02,moderate,CDC NHANES urinary OH-PAH panel; parent-specificity is limited,68.0,Polyaromatic Hydrocarbons (PAHs) - Urine;Polyaromatic Hydrocarbons -Urine;Polycyclic Aromatic Hydrocarbons (PAH) - Urine,mapped,"validated/specificity mapping first; detectability, cycle coverage, and measured N used as non-CRC tie-breakers","[{""variable"": ""URXP02"", ""n_cycles_available"": 8, ""total_measured"": 21166, ""total_above_lod"": 21164, ""pooled_above_lod_pct"": 99.99055088349239, ""min_cycle_above_lod_pct"": 99.95911692559281, ""median_cycle_above_lod_pct"": 100.0, ""max_cycle_above_lod_pct"": 100.0}]",99.9905508834924,99.9591169255928,100.0,100.0,21166.0,21164.0,2.0,8.0,2001-2002;2003-2004;2005-2006;2007-2008;2009-2010;2011-2012;2013-2014;2015-2016,2001-2002,2015-2016,urine,"Phthalates, Phytoestrogens & PAHs - Urine;Polyaromatic Hydrocarbons (PAHs) - Urine;Polyaromatic Hydrocarbons -Urine;Polycyclic Aromatic Hydrocarbons (PAH) - Urine",21166.0,17382.0,9931.0,9016.0,71.0,8230.0,True,True,True,True,2.0,predefined primary survey model feasible,URXP02,pahs,91-20-3,CID:931,DTXSID8020913,1.0,1.0,URXP02,URXP02,urinary biomarker,2001-2002;2003-2004;2005-2006;2007-2008;2009-2010;2011-2012;2013-2014;2015-2016,8.0,2.0,1.0,pending_manual_review,M0,True,True,True,resolved_mapped,CDC NHANES catalog domains checked: Polyaromatic Hydrocarbons (PAHs) - Urine;Polyaromatic Hydrocarbons -Urine;Polycyclic Aromatic Hydrocarbons (PAH) - Urine; CDC NHANES urinary OH-PAH panel; parent-specificity is limited; local XPT registry variables checked for candidate aliases.,CTD identifiers/name; CDC NHANES laboratory catalog; 68 relevant laboratory domains; downloaded XPT value/LOD/weight columns.,CTD Phase 1 export; CDC NHANES continuous laboratory catalog; CDC NHANES environmental XPT files,parent PAH to validated urinary OH-PAH proxy,,False,,Tier_A_strict,enter_systematic_human_screen,True
267-chemical actionability matrix,,,,C032279,phthalic acid,GeneCards_Disorders,1000.0,72.0,0.2573944694418675,0.8232508232508233,17.0,2.0,M0,False,0.0,broad_or_umbrella_name:\bphthalic acids?\b,True,phthalic acid,phthalic acid;88-99-3,CTD entity,,,phthalates,,none,,unresolved,,0.0,,resolved_no_candidate_specific_analyte,no analyte rows,,,,,,,,,0.0,,,,,,0.0,0.0,0.0,0.0,0.0,0.0,False,False,False,False,0.0,no analyte mapping,,phthalates,88-99-3,,DTXSID8021484,0.0,0.0,,,,,0.0,0.0,0.0,pending_manual_review,M0,False,False,False,resolved_no_supported_candidate_specific_analyte,CDC NHANES catalog domains checked: none matched; ; local XPT registry variables checked for candidate aliases.,CTD identifiers/name; CDC NHANES laboratory catalog; 0 relevant laboratory domains; downloaded XPT value/LOD/weight columns.,CTD Phase 1 export; CDC NHANES continuous laboratory catalog; CDC NHANES environmental XPT files,,,True,broad_or_umbrella_name:\bphthalic acids?\b,not_human_testable,retain_with_resolved_audit_no_primary_screen,True
267-chemical actionability matrix,,,,C011363,terephthalic acid,GeneCards_Disorders,1000.0,73.0,0.2602858133866392,0.6155383078460002,3.0,1.0,M0,False,1.0,"specific_entity_identifier:CasRN,DTXSID,InChIKey",False,terephthalic acid,terephthalic acid;100-21-0,CTD entity,,,phthalates,,none,,unresolved,,0.0,,resolved_no_candidate_specific_analyte,no analyte rows,,,,,,,,,0.0,,,,,,0.0,0.0,0.0,0.0,0.0,0.0,False,False,False,False,0.0,no analyte mapping,,phthalates,100-21-0,,DTXSID6026080,0.0,0.0,,,,,0.0,0.0,1.0,pending_manual_review,M0,False,False,False,resolved_no_supported_candidate_specific_analyte,CDC NHANES catalog domains checked: none matched; ; local XPT registry variables checked for candidate aliases.,CTD identifiers/name; CDC NHANES laboratory catalog; 0 relevant laboratory domains; downloaded XPT value/LOD/weight columns.,CTD Phase 1 export; CDC NHANES continuous laboratory catalog; CDC NHANES environmental XPT files,,,False,,not_human_testable,retain_with_resolved_audit_no_primary_screen,True
267-chemical actionability matrix,,,,C041260,mono-n-octyl phthalate,GeneCards_Disorders,1000.0,74.0,0.2602858133866392,0.4644837920699989,3.0,1.0,M0,False,1.0,"specific_entity_identifier:CasRN,DTXSID,InChIKey",False,mono n octyl phthalate,mono-n-octyl phthalate;5393-19-1;phthalate;plasticizer,phthalate parent or monoester metabolite,,,phthalates,,none,,unresolved,,161.0,"Phthalates & Plasticizers Metabolites - Urine;Phthalates - Urine;Phthalates and Plasticizers Metabolites - Urine;Phthalates, Phytoestrogens & PAHs - Urine;Phthalates, Phytoestrogens & PAHs - Urine PHPYPA Urinary Phthalates",resolved_no_candidate_specific_analyte,no analyte rows,,,,,,,,,0.0,,,,,,0.0,0.0,0.0,0.0,0.0,0.0,False,False,False,False,0.0,no analyte mapping,,phthalates,5393-19-1,,DTXSID4052714,0.0,0.0,,,,,0.0,0.0,1.0,pending_manual_review,M0,False,False,False,resolved_no_supported_candidate_specific_analyte,"CDC NHANES catalog domains checked: Phthalates & Plasticizers Metabolites - Urine;Phthalates - Urine;Phthalates and Plasticizers Metabolites - Urine;Phthalates, Phytoestrogens & PAHs - Urine;Phthalates, Phytoestrogens & PAHs - Urine PHPYPA Urinary Phthalates; ; local XPT registry variables checked for candidate aliases.",CTD identifiers/name; CDC NHANES laboratory catalog; 161 relevant laboratory domains; downloaded XPT value/LOD/weight columns.,CTD Phase 1 export; CDC NHANES continuous laboratory catalog; CDC NHANES environmental XPT files,,,False,,not_human_testable,retain_with_resolved_audit_no_primary_screen,True
267-chemical actionability matrix,,,,C005020,folpet,GeneCards_Disorders,1000.0,75.0,0.2602858133866392,0.612652972027972,3.0,1.0,M0,False,1.0,"specific_entity_identifier:CasRN,PubChemCID,DTXSID,InChIKey",False,folpet,folpet;133-07-3,CTD entity,,,phthalates,,none,,unresolved,,0.0,,resolved_no_candidate_specific_analyte,no analyte rows,,,,,,,,,0.0,,,,,,0.0,0.0,0.0,0.0,0.0,0.0,False,False,False,False,0.0,no analyte mapping,,phthalates,133-07-3,CID:8607,DTXSID0021385,0.0,0.0,,,,,0.0,0.0,1.0,pending_manual_review,M0,False,False,False,resolved_no_supported_candidate_specific_analyte,CDC NHANES catalog domains checked: none matched; ; local XPT registry variables checked for candidate aliases.,CTD identifiers/name; CDC NHANES laboratory catalog; 0 relevant laboratory domains; downloaded XPT value/LOD/weight columns.,CTD Phase 1 export; CDC NHANES continuous laboratory catalog; CDC NHANES environmental XPT files,,,False,,not_human_testable,retain_with_resolved_audit_no_primary_screen,True
267-chemical actionability matrix,,,,C035197,nickel nitrate,GeneCards_Disorders,1000.0,76.0,0.2602858133866392,0.612652972027972,3.0,1.0,M0,False,1.0,"specific_entity_identifier:CasRN,DTXSID,InChIKey",False,nickel nitrate,nickel nitrate;13138-45-9,elemental species or metal compound,,,heavy_metals,metal exposure axis,metal family searched; no mapped elemental analyte,,unresolved,CDC NHANES Metals - Urine and blood metal panels searched,119.0,Metals - Urine,resolved_no_candidate_specific_analyte,no analyte rows,,,,,,,,,0.0,,,,,,0.0,0.0,0.0,0.0,0.0,0.0,False,False,False,False,0.0,no analyte mapping,,heavy_metals,13138-45-9,,DTXSID70872958,0.0,0.0,,,,,0.0,0.0,1.0,pending_manual_review,M0,False,False,False,resolved_no_supported_candidate_specific_analyte,CDC NHANES catalog domains checked: Metals - Urine; CDC NHANES Metals - Urine and blood metal panels searched; local XPT registry variables checked for candidate aliases.,CTD identifiers/name; CDC NHANES laboratory catalog; 119 relevant laboratory domains; downloaded XPT value/LOD/weight columns.,CTD Phase 1 export; CDC NHANES continuous laboratory catalog; CDC NHANES environmental XPT files,metal family searched; no mapped elemental analyte,CDC NHANES Metals - Urine and blood metal panels searched,False,,not_human_testable,retain_with_resolved_audit_no_primary_screen,True
267-chemical actionability matrix,,,,C028419,cuprous chloride,GeneCards_Disorders,1000.0,81.0,0.2899248115825032,0.6432978785919963,4.0,1.0,M0,False,1.0,"specific_entity_identifier:CasRN,PubChemCID,DTXSID,InChIKey",False,cuprous chloride,cuprous chloride;7758-89-6,elemental species or metal compound,,,heavy_metals,metal exposure axis,metal family searched; no mapped elemental analyte,,unresolved,CDC NHANES Metals - Urine and blood metal panels searched,119.0,Metals - Urine,resolved_no_candidate_specific_analyte,no analyte rows,,,,,,,,,0.0,,,,,,0.0,0.0,0.0,0.0,0.0,0.0,False,False,False,False,0.0,no analyte mapping,,heavy_metals,7758-89-6,CID:62652,DTXSID5035242,0.0,0.0,,,,,0.0,0.0,1.0,pending_manual_review,M0,False,False,False,resolved_no_supported_candidate_specific_analyte,CDC NHANES catalog domains checked: Metals - Urine; CDC NHANES Metals - Urine and blood metal panels searched; local XPT registry variables checked for candidate aliases.,CTD identifiers/name; CDC NHANES laboratory catalog; 119 relevant laboratory domains; downloaded XPT value/LOD/weight columns.,CTD Phase 1 export; CDC NHANES continuous laboratory catalog; CDC NHANES environmental XPT files,metal family searched; no mapped elemental analyte,CDC NHANES Metals - Urine and blood metal panels searched,False,,not_human_testable,retain_with_resolved_audit_no_primary_screen,True
267-chemical actionability matrix,,,,D005708,Gallium,GeneCards_Disorders,1000.0,82.0,0.2899248115825032,0.7681918081918081,4.0,1.0,M0,False,1.0,"specific_entity_identifier:CasRN,PubChemCID,DTXSID,InChIKey",False,gallium,Gallium;7440-55-3,elemental species or metal compound,,,heavy_metals,metal exposure axis,metal family searched; no mapped elemental analyte,,unresolved,CDC NHANES Metals - Urine and blood metal panels searched,119.0,Metals - Urine,resolved_no_candidate_specific_analyte,no analyte rows,,,,,,,,,0.0,,,,,,0.0,0.0,0.0,0.0,0.0,0.0,False,False,False,False,0.0,no analyte mapping,,heavy_metals,7440-55-3,CID:5360835,DTXSID401029758,0.0,0.0,,,,,0.0,0.0,1.0,pending_manual_review,M0,False,False,False,resolved_no_supported_candidate_specific_analyte,CDC NHANES catalog domains checked: Metals - Urine; CDC NHANES Metals - Urine and blood metal panels searched; local XPT registry variables checked for candidate aliases.,CTD identifiers/name; CDC NHANES laboratory catalog; 119 relevant laboratory domains; downloaded XPT value/LOD/weight columns.,CTD Phase 1 export; CDC NHANES continuous laboratory catalog; CDC NHANES environmental XPT files,metal family searched; no mapped elemental analyte,CDC NHANES Metals - Urine and blood metal panels searched,False,,not_human_testable,retain_with_resolved_audit_no_primary_screen,True
267-chemical actionability matrix,,,,C018520,"2,6-diisopropylnaphthalene",GeneCards_Disorders,1000.0,83.0,0.2899248115825032,0.6596241596241597,4.0,1.0,M0,False,1.0,"specific_entity_identifier:CasRN,PubChemCID,DTXSID,InChIKey",False,2 6 diisopropylnaphthalene,"2,6-diisopropylnaphthalene;24157-81-1",CTD entity,,,pahs,PAH exposure axis,parent PAH to validated urinary OH-PAH proxy,URXP02,moderate,CDC NHANES urinary OH-PAH panel; parent-specificity is limited,68.0,Polyaromatic Hydrocarbons (PAHs) - Urine;Polyaromatic Hydrocarbons -Urine;Polycyclic Aromatic Hydrocarbons (PAH) - Urine,mapped,"validated/specificity mapping first; detectability, cycle coverage, and measured N used as non-CRC tie-breakers","[{""variable"": ""URXP02"", ""n_cycles_available"": 8, ""total_measured"": 21166, ""total_above_lod"": 21164, ""pooled_above_lod_pct"": 99.99055088349239, ""min_cycle_above_lod_pct"": 99.95911692559281, ""median_cycle_above_lod_pct"": 100.0, ""max_cycle_above_lod_pct"": 100.0}]",99.9905508834924,99.9591169255928,100.0,100.0,21166.0,21164.0,2.0,8.0,2001-2002;2003-2004;2005-2006;2007-2008;2009-2010;2011-2012;2013-2014;2015-2016,2001-2002,2015-2016,urine,"Phthalates, Phytoestrogens & PAHs - Urine;Polyaromatic Hydrocarbons (PAHs) - Urine;Polyaromatic Hydrocarbons -Urine;Polycyclic Aromatic Hydrocarbons (PAH) - Urine",21166.0,17382.0,9931.0,9016.0,71.0,8230.0,True,True,True,True,2.0,predefined primary survey model feasible,URXP02,pahs,24157-81-1,CID:32241,DTXSID7035272,1.0,1.0,URXP02,URXP02,urinary biomarker,2001-2002;2003-2004;2005-2006;2007-2008;2009-2010;2011-2012;2013-2014;2015-2016,8.0,2.0,1.0,pending_manual_review,M0,True,True,True,resolved_mapped,CDC NHANES catalog domains checked: Polyaromatic Hydrocarbons (PAHs) - Urine;Polyaromatic Hydrocarbons -Urine;Polycyclic Aromatic Hydrocarbons (PAH) - Urine; CDC NHANES urinary OH-PAH panel; parent-specificity is limited; local XPT registry variables checked for candidate aliases.,CTD identifiers/name; CDC NHANES laboratory catalog; 68 relevant laboratory domains; downloaded XPT value/LOD/weight columns.,CTD Phase 1 export; CDC NHANES continuous laboratory catalog; CDC NHANES environmental XPT files,parent PAH to validated urinary OH-PAH proxy,,False,,Tier_A_strict,enter_systematic_human_screen,True
267-chemical actionability matrix,,,,C019174,dinonylphthalate,GeneCards_Disorders,1000.0,84.0,0.2899248115825032,0.5979987754181302,4.0,1.0,M0,False,1.0,"specific_entity_identifier:CasRN,PubChemCID,DTXSID,InChIKey",False,dinonylphthalate,dinonylphthalate;84-76-4;phthalate;plasticizer,phthalate parent or monoester metabolite,DINP,DINP,phthalates,DINP-related exposure axis,parent-to-validated-urinary-metabolite axis,URXCOP;URXMNP,moderate,CDC NHANES phthalate/plasticizer metabolite panel and codebook,161.0,"Phthalates & Plasticizers Metabolites - Urine;Phthalates - Urine;Phthalates and Plasticizers Metabolites - Urine;Phthalates, Phytoestrogens & PAHs - Urine;Phthalates, Phytoestrogens & PAHs - Urine PHPYPA Urinary Phthalates",mapped,"validated/specificity mapping first; detectability, cycle coverage, and measured N used as non-CRC tie-breakers","[{""variable"": ""URXCOP"", ""n_cycles_available"": 7, ""total_measured"": 18812, ""total_above_lod"": 18579, ""pooled_above_lod_pct"": 98.76142887518606, ""min_cycle_above_lod_pct"": 96.03610675039246, ""median_cycle_above_lod_pct"": 99.49312092686459, ""max_cycle_above_lod_pct"": 100.0}, {""variable"": ""URXMNP"", ""n_cycles_available"": 10, ""total_measured"": 26740, ""total_above_lod"": 10881, ""pooled_above_lod_pct"": 40.69184741959611, ""min_cycle_above_lod_pct"": 5.834932821497121, ""median_cycle_above_lod_pct"": 32.662034475485356, ""max_cycle_above_lod_pct"": 100.0}]",98.76142887518606,96.03610675039246,99.4931209268646,100.0,18812.0,18579.0,2.0,7.0,2005-2006;2007-2008;2009-2010;2011-2012;2013-2014;2015-2016;2017-2018,2005-2006,2017-2018,urine,Phthalates & Plasticizers Metabolites - Urine;Phthalates - Urine;Phthalates and Plasticizers Metabolites - Urine,18812.0,17382.0,12113.0,10863.0,70.0,9866.0,True,True,True,True,2.0,predefined primary survey model feasible,URXCOP,phthalates,84-76-4,CID:6787,DTXSID9047966,1.0,1.0,URXCOP,URXCOP,urinary biomarker,2005-2006;2007-2008;2009-2010;2011-2012;2013-2014;2015-2016;2017-2018,7.0,2.0,1.0,pending_manual_review,M0,True,True,True,resolved_mapped,"CDC NHANES catalog domains checked: Phthalates & Plasticizers Metabolites - Urine;Phthalates - Urine;Phthalates and Plasticizers Metabolites - Urine;Phthalates, Phytoestrogens & PAHs - Urine;Phthalates, Phytoestrogens & PAHs - Urine PHPYPA Urinary Phthalates; CDC NHANES phthalate/plasticizer metabolite panel and codebook; local XPT registry variables checked for candidate aliases.",CTD identifiers/name; CDC NHANES laboratory catalog; 161 relevant laboratory domains; downloaded XPT value/LOD/weight columns.,CTD Phase 1 export; CDC NHANES continuous laboratory catalog; CDC NHANES environmental XPT files,parent-to-validated-urinary-metabolite axis,,False,,Tier_A_strict,enter_systematic_human_screen,True
267-chemical actionability matrix,,,,C027718,didecyl phthalate,GeneCards_Disorders,1000.0,85.0,0.2899248115825032,0.5979987754181302,4.0,1.0,M0,False,1.0,"specific_entity_identifier:CasRN,PubChemCID,DTXSID,InChIKey",False,didecyl phthalate,didecyl phthalate;84-77-5;phthalate;plasticizer,phthalate parent or monoester metabolite,,,phthalates,,none,,unresolved,,161.0,"Phthalates & Plasticizers Metabolites - Urine;Phthalates - Urine;Phthalates and Plasticizers Metabolites - Urine;Phthalates, Phytoestrogens & PAHs - Urine;Phthalates, Phytoestrogens & PAHs - Urine PHPYPA Urinary Phthalates",resolved_no_candidate_specific_analyte,no analyte rows,,,,,,,,,0.0,,,,,,0.0,0.0,0.0,0.0,0.0,0.0,False,False,False,False,0.0,no analyte mapping,,phthalates,84-77-5,CID:6788,DTXSID3026512,0.0,0.0,,,,,0.0,0.0,1.0,pending_manual_review,M0,False,False,False,resolved_no_supported_candidate_specific_analyte,"CDC NHANES catalog domains checked: Phthalates & Plasticizers Metabolites - Urine;Phthalates - Urine;Phthalates and Plasticizers Metabolites - Urine;Phthalates, Phytoestrogens & PAHs - Urine;Phthalates, Phytoestrogens & PAHs - Urine PHPYPA Urinary Phthalates; ; local XPT registry variables checked for candidate aliases.",CTD identifiers/name; CDC NHANES laboratory catalog; 161 relevant laboratory domains; downloaded XPT value/LOD/weight columns.,CTD Phase 1 export; CDC NHANES continuous laboratory catalog; CDC NHANES environmental XPT files,,,False,,not_human_testable,retain_with_resolved_audit_no_primary_screen,True
267-chemical actionability matrix,,,,C049841,mono-n-hexyl phthalate,GeneCards_Disorders,1000.0,86.0,0.2899248115825032,0.6409560588665065,4.0,1.0,M0,False,1.0,"specific_entity_identifier:CasRN,PubChemCID,DTXSID,InChIKey",False,mono n hexyl phthalate,mono-n-hexyl phthalate;24539-57-9;phthalate;plasticizer,phthalate parent or monoester metabolite,,,phthalates,,none,,unresolved,,161.0,"Phthalates & Plasticizers Metabolites - Urine;Phthalates - Urine;Phthalates and Plasticizers Metabolites - Urine;Phthalates, Phytoestrogens & PAHs - Urine;Phthalates, Phytoestrogens & PAHs - Urine PHPYPA Urinary Phthalates",resolved_no_candidate_specific_analyte,no analyte rows,,,,,,,,,0.0,,,,,,0.0,0.0,0.0,0.0,0.0,0.0,False,False,False,False,0.0,no analyte mapping,,phthalates,24539-57-9,CID:90532,DTXSID40947420,0.0,0.0,,,,,0.0,0.0,1.0,pending_manual_review,M0,False,False,False,resolved_no_supported_candidate_specific_analyte,"CDC NHANES catalog domains checked: Phthalates & Plasticizers Metabolites - Urine;Phthalates - Urine;Phthalates and Plasticizers Metabolites - Urine;Phthalates, Phytoestrogens & PAHs - Urine;Phthalates, Phytoestrogens & PAHs - Urine PHPYPA Urinary Phthalates; ; local XPT registry variables checked for candidate aliases.",CTD identifiers/name; CDC NHANES laboratory catalog; 161 relevant laboratory domains; downloaded XPT value/LOD/weight columns.,CTD Phase 1 export; CDC NHANES continuous laboratory catalog; CDC NHANES environmental XPT files,,,False,,not_human_testable,retain_with_resolved_audit_no_primary_screen,True
267-chemical actionability matrix,,,,D001729,Bismuth,GeneCards_Disorders,1000.0,87.0,0.2899248115825032,0.6540445855514349,4.0,1.0,M0,False,1.0,"specific_entity_identifier:CasRN,PubChemCID,DTXSID,InChIKey",False,bismuth,Bismuth;7440-69-9,elemental species or metal compound,,,heavy_metals,metal exposure axis,metal family searched; no mapped elemental analyte,,unresolved,CDC NHANES Metals - Urine and blood metal panels searched,119.0,Metals - Urine,resolved_no_candidate_specific_analyte,no analyte rows,,,,,,,,,0.0,,,,,,0.0,0.0,0.0,0.0,0.0,0.0,False,False,False,False,0.0,no analyte mapping,,heavy_metals,7440-69-9,CID:5359367,DTXSID3052484,0.0,0.0,,,,,0.0,0.0,1.0,pending_manual_review,M0,False,False,False,resolved_no_supported_candidate_specific_analyte,CDC NHANES catalog domains checked: Metals - Urine; CDC NHANES Metals - Urine and blood metal panels searched; local XPT registry variables checked for candidate aliases.,CTD identifiers/name; CDC NHANES laboratory catalog; 119 relevant laboratory domains; downloaded XPT value/LOD/weight columns.,CTD Phase 1 export; CDC NHANES continuous laboratory catalog; CDC NHANES environmental XPT files,metal family searched; no mapped elemental analyte,CDC NHANES Metals - Urine and blood metal panels searched,False,,not_human_testable,retain_with_resolved_audit_no_primary_screen,True
267-chemical actionability matrix,,,,C073340,ranitidine bismuth citrate,GeneCards_Disorders,1000.0,88.0,0.2899248115825032,0.7721226142278773,4.0,1.0,M0,False,1.0,specific_entity_identifier:PubChemCID,False,ranitidine bismuth citrate,ranitidine bismuth citrate,elemental species or metal compound,,,heavy_metals,metal exposure axis,metal family searched; no mapped elemental analyte,,unresolved,CDC NHANES Metals - Urine and blood metal panels searched,119.0,Metals - Urine,resolved_no_candidate_specific_analyte,no analyte rows,,,,,,,,,0.0,,,,,,0.0,0.0,0.0,0.0,0.0,0.0,False,False,False,False,0.0,no analyte mapping,,heavy_metals,,CID:62984,,0.0,0.0,,,,,0.0,0.0,1.0,pending_manual_review,M0,False,False,False,resolved_no_supported_candidate_specific_analyte,CDC NHANES catalog domains checked: Metals - Urine; CDC NHANES Metals - Urine and blood metal panels searched; local XPT registry variables checked for candidate aliases.,CTD identifiers/name; CDC NHANES laboratory catalog; 119 relevant laboratory domains; downloaded XPT value/LOD/weight columns.,CTD Phase 1 export; CDC NHANES continuous laboratory catalog; CDC NHANES environmental XPT files,metal family searched; no mapped elemental analyte,CDC NHANES Metals - Urine and blood metal panels searched,False,,not_human_testable,retain_with_resolved_audit_no_primary_screen,True
267-chemical actionability matrix,,,,C043041,gold cyanide,GeneCards_Disorders,1000.0,89.0,0.2899248115825032,0.6540445855514349,4.0,1.0,M0,False,1.0,"specific_entity_identifier:CasRN,DTXSID,InChIKey",False,gold cyanide,gold cyanide;506-65-0,elemental species or metal compound,,,heavy_metals,metal exposure axis,metal family searched; no mapped elemental analyte,,unresolved,CDC NHANES Metals - Urine and blood metal panels searched,119.0,Metals - Urine,resolved_no_candidate_specific_analyte,no analyte rows,,,,,,,,,0.0,,,,,,0.0,0.0,0.0,0.0,0.0,0.0,False,False,False,False,0.0,no analyte mapping,,heavy_metals,506-65-0,,DTXSID1060136,0.0,0.0,,,,,0.0,0.0,1.0,pending_manual_review,M0,False,False,False,resolved_no_supported_candidate_specific_analyte,CDC NHANES catalog domains checked: Metals - Urine; CDC NHANES Metals - Urine and blood metal panels searched; local XPT registry variables checked for candidate aliases.,CTD identifiers/name; CDC NHANES laboratory catalog; 119 relevant laboratory domains; downloaded XPT value/LOD/weight columns.,CTD Phase 1 export; CDC NHANES continuous laboratory catalog; CDC NHANES environmental XPT files,metal family searched; no mapped elemental analyte,CDC NHANES Metals - Urine and blood metal panels searched,False,,not_human_testable,retain_with_resolved_audit_no_primary_screen,True
267-chemical actionability matrix,,,,C034020,anthracene,GeneCards_Disorders,1000.0,90.0,0.2899248115825032,1.0,20.0,2.0,M0,False,1.0,"specific_entity_identifier:CasRN,PubChemCID,DTXSID,InChIKey",False,anthracene,anthracene;120-12-7,CTD entity,,,pahs,PAH exposure axis,parent PAH to validated urinary OH-PAH proxy,URXP25,moderate,CDC NHANES urinary OH-PAH panel; parent-specificity is limited,68.0,Polyaromatic Hydrocarbons (PAHs) - Urine;Polyaromatic Hydrocarbons -Urine;Polycyclic Aromatic Hydrocarbons (PAH) - Urine,mapped,"validated/specificity mapping first; detectability, cycle coverage, and measured N used as non-CRC tie-breakers","[{""variable"": ""URXP25"", ""n_cycles_available"": 3, ""total_measured"": 8459, ""total_above_lod"": 8416, ""pooled_above_lod_pct"": 99.49166568152263, ""min_cycle_above_lod_pct"": 99.20692141312185, ""median_cycle_above_lod_pct"": 99.54716981132076, ""max_cycle_above_lod_pct"": 99.70345963756178}]",99.49166568152263,99.20692141312183,99.54716981132076,99.70345963756178,8459.0,8416.0,2.0,3.0,2013-2014;2015-2016;2017-2018,2013-2014,2017-2018,urine,Polycyclic Aromatic Hydrocarbons (PAH) - Urine,8459.0,17382.0,0.0,0.0,0.0,0.0,False,True,True,True,0.0,insufficient complete-case events/sample or survey infrastructure,URXP25,pahs,120-12-7,CID:8418,DTXSID0023878,1.0,1.0,URXP25,URXP25,urinary biomarker,2013-2014;2015-2016;2017-2018,3.0,1.0,1.0,pending_manual_review,M0,False,False,False,resolved_mapped,CDC NHANES catalog domains checked: Polyaromatic Hydrocarbons (PAHs) - Urine;Polyaromatic Hydrocarbons -Urine;Polycyclic Aromatic Hydrocarbons (PAH) - Urine; CDC NHANES urinary OH-PAH panel; parent-specificity is limited; local XPT registry variables checked for candidate aliases.,CTD identifiers/name; CDC NHANES laboratory catalog; 68 relevant laboratory domains; downloaded XPT value/LOD/weight columns.,CTD Phase 1 export; CDC NHANES continuous laboratory catalog; CDC NHANES environmental XPT files,parent PAH to validated urinary OH-PAH proxy,,False,,not_human_testable,retain_with_resolved_audit_no_primary_screen,True
267-chemical actionability matrix,,,,C517113,bisphenol Z,GeneCards_Disorders,1000.0,91.0,0.2899248115825032,1.0,67.0,4.0,M0,False,1.0,specific_entity_identifier:PubChemCID,False,bisphenol z,bisphenol Z,bisphenol or bisphenol-related compound,,,bisphenols,bisphenol exposure axis,direct urinary analyte,URXBPH,high,CDC NHANES environmental phenols panel and codebook,33.0,Environmental Phenols;Environmental Phenols & Parabens,mapped,"validated/specificity mapping first; detectability, cycle coverage, and measured N used as non-CRC tie-breakers","[{""variable"": ""URXBPH"", ""n_cycles_available"": 5, ""total_measured"": 12907, ""total_above_lod"": 11918, ""pooled_above_lod_pct"": 92.3374912837995, ""min_cycle_above_lod_pct"": 89.71474487746083, ""median_cycle_above_lod_pct"": 92.85714285714286, ""max_cycle_above_lod_pct"": 93.62519201228879}]",92.3374912837995,89.71474487746083,92.85714285714286,93.6251920122888,12907.0,11918.0,2.0,5.0,2003-2004;2005-2006;2007-2008;2009-2010;2011-2012,2003-2004,2011-2012,urine,Environmental Phenols;Environmental Phenols & Parabens,12907.0,17382.0,6912.0,6261.0,45.0,5706.0,True,True,True,True,1.0,survey model feasible but event/sample margin is limited,URXBPH,bisphenols,,CID:232446,,1.0,1.0,URXBPH,URXBPH,urinary biomarker,2003-2004;2005-2006;2007-2008;2009-2010;2011-2012,5.0,2.0,1.0,pending_manual_review,M0,True,True,False,resolved_mapped,CDC NHANES catalog domains checked: Environmental Phenols;Environmental Phenols & Parabens; CDC NHANES environmental phenols panel and codebook; local XPT registry variables checked for candidate aliases.,CTD identifiers/name; CDC NHANES laboratory catalog; 33 relevant laboratory domains; downloaded XPT value/LOD/weight columns.,CTD Phase 1 export; CDC NHANES continuous laboratory catalog; CDC NHANES environmental XPT files,direct urinary analyte,,False,,Tier_A_moderate,enter_systematic_human_screen,True
267-chemical actionability matrix,,,,C035983,dimethoxyethyl phthalate,GeneCards_Disorders,1000.0,92.0,0.2910890710350086,0.9841537772572256,21.0,2.0,M0,False,1.0,"specific_entity_identifier:CasRN,PubChemCID,DTXSID,InChIKey",False,dimethoxyethyl phthalate,dimethoxyethyl phthalate;117-82-8;phthalate;plasticizer,phthalate parent or monoester metabolite,,,phthalates,,none,,unresolved,,161.0,"Phthalates & Plasticizers Metabolites - Urine;Phthalates - Urine;Phthalates and Plasticizers Metabolites - Urine;Phthalates, Phytoestrogens & PAHs - Urine;Phthalates, Phytoestrogens & PAHs - Urine PHPYPA Urinary Phthalates",resolved_no_candidate_specific_analyte,no analyte rows,,,,,,,,,0.0,,,,,,0.0,0.0,0.0,0.0,0.0,0.0,False,False,False,False,0.0,no analyte mapping,,phthalates,117-82-8,CID:8344,DTXSID8025094,0.0,0.0,,,,,0.0,0.0,1.0,pending_manual_review,M0,False,False,False,resolved_no_supported_candidate_specific_analyte,"CDC NHANES catalog domains checked: Phthalates & Plasticizers Metabolites - Urine;Phthalates - Urine;Phthalates and Plasticizers Metabolites - Urine;Phthalates, Phytoestrogens & PAHs - Urine;Phthalates, Phytoestrogens & PAHs - Urine PHPYPA Urinary Phthalates; ; local XPT registry variables checked for candidate aliases.",CTD identifiers/name; CDC NHANES laboratory catalog; 161 relevant laboratory domains; downloaded XPT value/LOD/weight columns.,CTD Phase 1 export; CDC NHANES continuous laboratory catalog; CDC NHANES environmental XPT files,,,False,,not_human_testable,retain_with_resolved_audit_no_primary_screen,True
267-chemical actionability matrix,,,,D010984,Platinum,GeneCards_Disorders,1000.0,93.0,0.3115777452452527,1.0,22.0,2.0,M0,False,1.0,"specific_entity_identifier:CasRN,PubChemCID,DTXSID,InChIKey",False,platinum,Platinum;7440-06-4,elemental species or metal compound,,,heavy_metals,metal exposure axis,elemental urinary biomarker for parent metal/species,URXUPT,moderate,CDC NHANES metals blood/urine panels and codebooks,119.0,Metals - Urine,mapped,"validated/specificity mapping first; detectability, cycle coverage, and measured N used as non-CRC tie-breakers","[{""variable"": ""URXUPT"", ""n_cycles_available"": 6, ""total_measured"": 15763, ""total_above_lod"": 5953, ""pooled_above_lod_pct"": 37.76565374611432, ""min_cycle_above_lod_pct"": 0.39093041438623927, ""median_cycle_above_lod_pct"": 11.847779726725527, ""max_cycle_above_lod_pct"": 100.0}]",37.76565374611432,0.3909304143862392,11.847779726725529,100.0,15763.0,5953.0,0.0,6.0,1999-2000;2001-2002;2003-2004;2005-2006;2007-2008;2009-2010,1999-2000,2009-2010,urine,Metals - Urine,15763.0,17382.0,0.0,0.0,0.0,0.0,False,True,True,True,0.0,insufficient complete-case events/sample or survey infrastructure,URXUPT,heavy_metals,7440-06-4,CID:23939,DTXSID9064681,1.0,1.0,URXUPT,URXUPT,urinary biomarker,1999-2000;2001-2002;2003-2004;2005-2006;2007-2008;2009-2010,6.0,2.0,1.0,pending_manual_review,M0,False,False,False,resolved_mapped,CDC NHANES catalog domains checked: Metals - Urine; CDC NHANES metals blood/urine panels and codebooks; local XPT registry variables checked for candidate aliases.,CTD identifiers/name; CDC NHANES laboratory catalog; 119 relevant laboratory domains; downloaded XPT value/LOD/weight columns.,CTD Phase 1 export; CDC NHANES continuous laboratory catalog; CDC NHANES environmental XPT files,elemental urinary biomarker for parent metal/species,,False,,not_human_testable,retain_with_resolved_audit_no_primary_screen,True
267-chemical actionability matrix,,,,C007379,diethyl phthalate,GeneCards_Disorders,1000.0,94.0,0.3198742674870402,1.0,72.0,4.0,M0,False,1.0,"specific_entity_identifier:CasRN,PubChemCID,DTXSID,InChIKey",False,diethyl phthalate,diethyl phthalate;84-66-2;phthalate;plasticizer,phthalate parent or monoester metabolite,,,phthalates,,none,,unresolved,,161.0,"Phthalates & Plasticizers Metabolites - Urine;Phthalates - Urine;Phthalates and Plasticizers Metabolites - Urine;Phthalates, Phytoestrogens & PAHs - Urine;Phthalates, Phytoestrogens & PAHs - Urine PHPYPA Urinary Phthalates",resolved_no_candidate_specific_analyte,no analyte rows,,,,,,,,,0.0,,,,,,0.0,0.0,0.0,0.0,0.0,0.0,False,False,False,False,0.0,no analyte mapping,,phthalates,84-66-2,CID:6781,DTXSID7021780,0.0,0.0,,,,,0.0,0.0,1.0,pending_manual_review,M0,False,False,False,resolved_no_supported_candidate_specific_analyte,"CDC NHANES catalog domains checked: Phthalates & Plasticizers Metabolites - Urine;Phthalates - Urine;Phthalates and Plasticizers Metabolites - Urine;Phthalates, Phytoestrogens & PAHs - Urine;Phthalates, Phytoestrogens & PAHs - Urine PHPYPA Urinary Phthalates; ; local XPT registry variables checked for candidate aliases.",CTD identifiers/name; CDC NHANES laboratory catalog; 161 relevant laboratory domains; downloaded XPT value/LOD/weight columns.,CTD Phase 1 export; CDC NHANES continuous laboratory catalog; CDC NHANES environmental XPT files,,,False,,not_human_testable,retain_with_resolved_audit_no_primary_screen,True
267-chemical actionability matrix,,,,D009764,o-Phthalaldehyde,GeneCards_Disorders,1000.0,96.0,0.3238097564374529,0.8232508232508233,5.0,1.0,M0,False,1.0,"specific_entity_identifier:CasRN,PubChemCID,DTXSID,InChIKey",False,o phthalaldehyde,o-Phthalaldehyde;643-79-8,CTD entity,,,phthalates,,none,,unresolved,,0.0,,resolved_no_candidate_specific_analyte,no analyte rows,,,,,,,,,0.0,,,,,,0.0,0.0,0.0,0.0,0.0,0.0,False,False,False,False,0.0,no analyte mapping,,phthalates,643-79-8,CID:4807,DTXSID6032514,0.0,0.0,,,,,0.0,0.0,1.0,pending_manual_review,M0,False,False,False,resolved_no_supported_candidate_specific_analyte,CDC NHANES catalog domains checked: none matched; ; local XPT registry variables checked for candidate aliases.,CTD identifiers/name; CDC NHANES laboratory catalog; 0 relevant laboratory domains; downloaded XPT value/LOD/weight columns.,CTD Phase 1 export; CDC NHANES continuous laboratory catalog; CDC NHANES environmental XPT files,,,False,,not_human_testable,retain_with_resolved_audit_no_primary_screen,True
267-chemical actionability matrix,,,,C047969,"2,2'-bisphenol F",GeneCards_Disorders,1000.0,97.0,0.3238097564374529,0.8232508232508233,5.0,1.0,M0,False,1.0,specific_entity_identifier:PubChemCID,False,2 2 bisphenol f,"2,2'-bisphenol F",bisphenol or bisphenol-related compound,,,bisphenols,bisphenol exposure axis,direct urinary analyte,URXBPH,high,CDC NHANES environmental phenols panel and codebook,33.0,Environmental Phenols;Environmental Phenols & Parabens,mapped,"validated/specificity mapping first; detectability, cycle coverage, and measured N used as non-CRC tie-breakers","[{""variable"": ""URXBPH"", ""n_cycles_available"": 5, ""total_measured"": 12907, ""total_above_lod"": 11918, ""pooled_above_lod_pct"": 92.3374912837995, ""min_cycle_above_lod_pct"": 89.71474487746083, ""median_cycle_above_lod_pct"": 92.85714285714286, ""max_cycle_above_lod_pct"": 93.62519201228879}]",92.3374912837995,89.71474487746083,92.85714285714286,93.6251920122888,12907.0,11918.0,2.0,5.0,2003-2004;2005-2006;2007-2008;2009-2010;2011-2012,2003-2004,2011-2012,urine,Environmental Phenols;Environmental Phenols & Parabens,12907.0,17382.0,6912.0,6261.0,45.0,5706.0,True,True,True,True,1.0,survey model feasible but event/sample margin is limited,URXBPH,bisphenols,,CID:75575,,1.0,1.0,URXBPH,URXBPH,urinary biomarker,2003-2004;2005-2006;2007-2008;2009-2010;2011-2012,5.0,2.0,1.0,pending_manual_review,M0,True,True,False,resolved_mapped,CDC NHANES catalog domains checked: Environmental Phenols;Environmental Phenols & Parabens; CDC NHANES environmental phenols panel and codebook; local XPT registry variables checked for candidate aliases.,CTD identifiers/name; CDC NHANES laboratory catalog; 33 relevant laboratory domains; downloaded XPT value/LOD/weight columns.,CTD Phase 1 export; CDC NHANES continuous laboratory catalog; CDC NHANES environmental XPT files,direct urinary analyte,,False,,Tier_A_moderate,enter_systematic_human_screen,True
267-chemical actionability matrix,,,,C049098,diallyl phthalate,GeneCards_Disorders,1000.0,98.0,0.3238097564374529,0.8319537605251891,5.0,1.0,M0,False,1.0,"specific_entity_identifier:CasRN,PubChemCID,DTXSID,InChIKey",False,diallyl phthalate,diallyl phthalate;131-17-9;phthalate;plasticizer,phthalate parent or monoester metabolite,,,phthalates,,none,,unresolved,,161.0,"Phthalates & Plasticizers Metabolites - Urine;Phthalates - Urine;Phthalates and Plasticizers Metabolites - Urine;Phthalates, Phytoestrogens & PAHs - Urine;Phthalates, Phytoestrogens & PAHs - Urine PHPYPA Urinary Phthalates",resolved_no_candidate_specific_analyte,no analyte rows,,,,,,,,,0.0,,,,,,0.0,0.0,0.0,0.0,0.0,0.0,False,False,False,False,0.0,no analyte mapping,,phthalates,131-17-9,CID:8560,DTXSID7020392,0.0,0.0,,,,,0.0,0.0,1.0,pending_manual_review,M0,False,False,False,resolved_no_supported_candidate_specific_analyte,"CDC NHANES catalog domains checked: Phthalates & Plasticizers Metabolites - Urine;Phthalates - Urine;Phthalates and Plasticizers Metabolites - Urine;Phthalates, Phytoestrogens & PAHs - Urine;Phthalates, Phytoestrogens & PAHs - Urine PHPYPA Urinary Phthalates; ; local XPT registry variables checked for candidate aliases.",CTD identifiers/name; CDC NHANES laboratory catalog; 161 relevant laboratory domains; downloaded XPT value/LOD/weight columns.,CTD Phase 1 export; CDC NHANES continuous laboratory catalog; CDC NHANES environmental XPT files,,,False,,not_human_testable,retain_with_resolved_audit_no_primary_screen,True
267-chemical actionability matrix,,,,D003678,"Defoliants, Chemical",GeneCards_Disorders,1000.0,99.0,0.3238097564374529,0.458594037541406,5.0,1.0,M0,False,1.0,specific_ctd_entity_id:D003678,False,defoliants chemical,"Defoliants, Chemical",CTD entity,,,pesticides,pesticide exposure axis,candidate-specific pesticide biomarker not established from NHANES domains,,unresolved,"CDC NHANES pesticide, organophosphate, carbamate, and organochlorine panels searched",168.0,"Pesticides - Carbamates & Organophosphorus Metabolites - Urine;Pesticides - Current Use - Urine (Formerly Priority Pesticides, Non-persistent Pesticide Metabolites);Pesticides - Environmental - Urine;Pesticides - Organochlorine Metabolites - Serum (Surplus)",resolved_no_candidate_specific_analyte,no analyte rows,,,,,,,,,0.0,,,,,,0.0,0.0,0.0,0.0,0.0,0.0,False,False,False,False,0.0,no analyte mapping,,pesticides,,,,0.0,0.0,,,,,0.0,0.0,1.0,pending_manual_review,M0,False,False,False,resolved_no_supported_candidate_specific_analyte,"CDC NHANES catalog domains checked: Pesticides - Carbamates & Organophosphorus Metabolites - Urine;Pesticides - Current Use - Urine (Formerly Priority Pesticides, Non-persistent Pesticide Metabolites);Pesticides - Environmental - Urine;Pesticides - Organochlorine Metabolites - Serum (Surplus); CDC NHANES pesticide, organophosphate, carbamate, and organochlorine panels searched; local XPT registry variables checked for candidate aliases.",CTD identifiers/name; CDC NHANES laboratory catalog; 168 relevant laboratory domains; downloaded XPT value/LOD/weight columns.,CTD Phase 1 export; CDC NHANES continuous laboratory catalog; CDC NHANES environmental XPT files,candidate-specific pesticide biomarker not established from NHANES domains,"CDC NHANES pesticide, organophosphate, carbamate, and organochlorine panels searched",False,,not_human_testable,retain_with_resolved_audit_no_primary_screen,True
267-chemical actionability matrix,,,,C040654,titanium nickelide,GeneCards_Disorders,1000.0,100.0,0.3238097564374529,0.8232508232508233,5.0,1.0,M0,False,1.0,"specific_entity_identifier:CasRN,PubChemCID,DTXSID,InChIKey",False,titanium nickelide,titanium nickelide;12035-60-8,elemental species or metal compound,,,heavy_metals,metal exposure axis,metal family searched; no mapped elemental analyte,,unresolved,CDC NHANES Metals - Urine and blood metal panels searched,119.0,Metals - Urine,resolved_no_candidate_specific_analyte,no analyte rows,,,,,,,,,0.0,,,,,,0.0,0.0,0.0,0.0,0.0,0.0,False,False,False,False,0.0,no analyte mapping,,heavy_metals,12035-60-8,CID:159408,DTXSID40923345,0.0,0.0,,,,,0.0,0.0,1.0,pending_manual_review,M0,False,False,False,resolved_no_supported_candidate_specific_analyte,CDC NHANES catalog domains checked: Metals - Urine; CDC NHANES Metals - Urine and blood metal panels searched; local XPT registry variables checked for candidate aliases.,CTD identifiers/name; CDC NHANES laboratory catalog; 119 relevant laboratory domains; downloaded XPT value/LOD/weight columns.,CTD Phase 1 export; CDC NHANES continuous laboratory catalog; CDC NHANES environmental XPT files,metal family searched; no mapped elemental analyte,CDC NHANES Metals - Urine and blood metal panels searched,False,,not_human_testable,retain_with_resolved_audit_no_primary_screen,True
267-chemical actionability matrix,,,,C056699,picene,GeneCards_Disorders,1000.0,101.0,0.3238097564374529,1.0,74.0,4.0,M0,False,1.0,"specific_entity_identifier:CasRN,PubChemCID,DTXSID,InChIKey",False,picene,picene;213-46-7,CTD entity,,,pahs,PAH exposure axis,parent PAH to validated urinary OH-PAH proxy,URXP10,moderate,CDC NHANES urinary OH-PAH panel; parent-specificity is limited,68.0,Polyaromatic Hydrocarbons (PAHs) - Urine;Polyaromatic Hydrocarbons -Urine;Polycyclic Aromatic Hydrocarbons (PAH) - Urine,mapped,"validated/specificity mapping first; detectability, cycle coverage, and measured N used as non-CRC tie-breakers","[{""variable"": ""URXP10"", ""n_cycles_available"": 9, ""total_measured"": 23952, ""total_above_lod"": 21231, ""pooled_above_lod_pct"": 88.63977955911824, ""min_cycle_above_lod_pct"": 60.21621621621622, ""median_cycle_above_lod_pct"": 99.3638170974155, ""max_cycle_above_lod_pct"": 100.0}]",88.63977955911824,60.21621621621622,99.3638170974155,100.0,23952.0,21231.0,1.0,9.0,2001-2002;2003-2004;2005-2006;2007-2008;2009-2010;2011-2012;2013-2014;2015-2016;2017-2018,2001-2002,2017-2018,urine,"Phthalates, Phytoestrogens & PAHs - Urine;Polyaromatic Hydrocarbons (PAHs) - Urine;Polyaromatic Hydrocarbons -Urine;Polycyclic Aromatic Hydrocarbons (PAH) - Urine",23952.0,17382.0,9896.0,8980.0,70.0,8195.0,True,True,True,True,2.0,predefined primary survey model feasible,URXP10,pahs,213-46-7,CID:9162,DTXSID8073895,1.0,1.0,URXP10,URXP10,urinary biomarker,2001-2002;2003-2004;2005-2006;2007-2008;2009-2010;2011-2012;2013-2014;2015-2016;2017-2018,9.0,2.0,1.0,pending_manual_review,M0,True,True,False,resolved_mapped,CDC NHANES catalog domains checked: Polyaromatic Hydrocarbons (PAHs) - Urine;Polyaromatic Hydrocarbons -Urine;Polycyclic Aromatic Hydrocarbons (PAH) - Urine; CDC NHANES urinary OH-PAH panel; parent-specificity is limited; local XPT registry variables checked for candidate aliases.,CTD identifiers/name; CDC NHANES laboratory catalog; 68 relevant laboratory domains; downloaded XPT value/LOD/weight columns.,CTD Phase 1 export; CDC NHANES continuous laboratory catalog; CDC NHANES environmental XPT files,parent PAH to validated urinary OH-PAH proxy,,False,,Tier_A_moderate,enter_systematic_human_screen,True
267-chemical actionability matrix,,,,C063732,sulfluramid,GeneCards_Disorders,1000.0,102.0,0.3512289518839802,1.0,25.0,2.0,M0,False,1.0,"specific_entity_identifier:CasRN,PubChemCID,DTXSID,InChIKey",False,sulfluramid,sulfluramid;4151-50-2,CTD entity,,,pfas_perfluoro,PFAS exposure axis,PFAS class searched; no candidate-specific NHANES variable,,unresolved,CDC NHANES PFAS panels searched; no specific analyte name match,0.0,,resolved_no_candidate_specific_analyte,no analyte rows,,,,,,,,,0.0,,,,,,0.0,0.0,0.0,0.0,0.0,0.0,False,False,False,False,0.0,no analyte mapping,,pfas_perfluoro,4151-50-2,CID:77797,DTXSID1032646,0.0,0.0,,,,,0.0,0.0,1.0,pending_manual_review,M0,False,False,False,resolved_no_supported_candidate_specific_analyte,CDC NHANES catalog domains checked: none matched; CDC NHANES PFAS panels searched; no specific analyte name match; local XPT registry variables checked for candidate aliases.,CTD identifiers/name; CDC NHANES laboratory catalog; 0 relevant laboratory domains; downloaded XPT value/LOD/weight columns.,CTD Phase 1 export; CDC NHANES continuous laboratory catalog; CDC NHANES environmental XPT files,PFAS class searched; no candidate-specific NHANES variable,CDC NHANES PFAS panels searched; no specific analyte name match,False,,not_human_testable,retain_with_resolved_audit_no_primary_screen,True
267-chemical actionability matrix,,,,C000606252,ARV-825,GeneCards_Disorders,1000.0,103.0,0.3745821931773477,0.8319537605251891,6.0,1.0,M0,False,1.0,specific_entity_identifier:PubChemCID,False,arv 825,ARV-825,CTD entity,,,phthalates,,none,,unresolved,,0.0,,resolved_no_candidate_specific_analyte,no analyte rows,,,,,,,,,0.0,,,,,,0.0,0.0,0.0,0.0,0.0,0.0,False,False,False,False,0.0,no analyte mapping,,phthalates,,CID:92044400,,0.0,0.0,,,,,0.0,0.0,1.0,pending_manual_review,M0,False,False,False,resolved_no_supported_candidate_specific_analyte,CDC NHANES catalog domains checked: none matched; ; local XPT registry variables checked for candidate aliases.,CTD identifiers/name; CDC NHANES laboratory catalog; 0 relevant laboratory domains; downloaded XPT value/LOD/weight columns.,CTD Phase 1 export; CDC NHANES continuous laboratory catalog; CDC NHANES environmental XPT files,,,False,,not_human_testable,retain_with_resolved_audit_no_primary_screen,True
267-chemical actionability matrix,,,,D005466,Fluorocarbons,GeneCards_Disorders,1000.0,104.0,0.3901070552728524,1.0,27.0,2.0,M0,False,1.0,specific_entity_identifier:PubChemCID,False,fluorocarbons,Fluorocarbons,CTD entity,,,pfas_perfluoro,VOC exposure axis,candidate not matched to NHANES VOC biomarker variable,,unresolved,CDC NHANES VOC blood and urinary metabolite panels searched,0.0,,resolved_no_candidate_specific_analyte,no analyte rows,,,,,,,,,0.0,,,,,,0.0,0.0,0.0,0.0,0.0,0.0,False,False,False,False,0.0,no analyte mapping,,pfas_perfluoro,,CID:6393,,0.0,0.0,,,,,0.0,0.0,1.0,pending_manual_review,M0,False,False,False,resolved_no_supported_candidate_specific_analyte,CDC NHANES catalog domains checked: none matched; CDC NHANES VOC blood and urinary metabolite panels searched; local XPT registry variables checked for candidate aliases.,CTD identifiers/name; CDC NHANES laboratory catalog; 0 relevant laboratory domains; downloaded XPT value/LOD/weight columns.,CTD Phase 1 export; CDC NHANES continuous laboratory catalog; CDC NHANES environmental XPT files,candidate not matched to NHANES VOC biomarker variable,CDC NHANES VOC blood and urinary metabolite panels searched,False,,not_human_testable,retain_with_resolved_audit_no_primary_screen,True
267-chemical actionability matrix,,,,C020758,indium trichloride,GeneCards_Disorders,1000.0,106.0,0.4193192195611165,1.0,7.0,1.0,M0,False,1.0,"specific_entity_identifier:CasRN,PubChemCID,DTXSID,InChIKey",False,indium trichloride,indium trichloride;10025-82-8,elemental species or metal compound,,,heavy_metals,metal exposure axis,metal family searched; no mapped elemental analyte,,unresolved,CDC NHANES Metals - Urine and blood metal panels searched,119.0,Metals - Urine,resolved_no_candidate_specific_analyte,no analyte rows,,,,,,,,,0.0,,,,,,0.0,0.0,0.0,0.0,0.0,0.0,False,False,False,False,0.0,no analyte mapping,,heavy_metals,10025-82-8,CID:24812,DTXSID8033566,0.0,0.0,,,,,0.0,0.0,1.0,pending_manual_review,M0,False,False,False,resolved_no_supported_candidate_specific_analyte,CDC NHANES catalog domains checked: Metals - Urine; CDC NHANES Metals - Urine and blood metal panels searched; local XPT registry variables checked for candidate aliases.,CTD identifiers/name; CDC NHANES laboratory catalog; 119 relevant laboratory domains; downloaded XPT value/LOD/weight columns.,CTD Phase 1 export; CDC NHANES continuous laboratory catalog; CDC NHANES environmental XPT files,metal family searched; no mapped elemental analyte,CDC NHANES Metals - Urine and blood metal panels searched,False,,not_human_testable,retain_with_resolved_audit_no_primary_screen,True
267-chemical actionability matrix,,,,C012125,diisononyl phthalate,GeneCards_Disorders,1000.0,107.0,0.4487741961738642,1.0,86.0,4.0,M0,False,1.0,"specific_entity_identifier:CasRN,DTXSID",False,diisononyl phthalate,diisononyl phthalate;28553-12-0;phthalate;plasticizer,phthalate parent or monoester metabolite,DINP,DINP,phthalates,DINP-related exposure axis,parent-to-validated-urinary-metabolite axis,URXCOP;URXMNP,moderate,CDC NHANES phthalate/plasticizer metabolite panel and codebook,161.0,"Phthalates & Plasticizers Metabolites - Urine;Phthalates - Urine;Phthalates and Plasticizers Metabolites - Urine;Phthalates, Phytoestrogens & PAHs - Urine;Phthalates, Phytoestrogens & PAHs - Urine PHPYPA Urinary Phthalates",mapped,"validated/specificity mapping first; detectability, cycle coverage, and measured N used as non-CRC tie-breakers","[{""variable"": ""URXCOP"", ""n_cycles_available"": 7, ""total_measured"": 18812, ""total_above_lod"": 18579, ""pooled_above_lod_pct"": 98.76142887518606, ""min_cycle_above_lod_pct"": 96.03610675039246, ""median_cycle_above_lod_pct"": 99.49312092686459, ""max_cycle_above_lod_pct"": 100.0}, {""variable"": ""URXMNP"", ""n_cycles_available"": 10, ""total_measured"": 26740, ""total_above_lod"": 10881, ""pooled_above_lod_pct"": 40.69184741959611, ""min_cycle_above_lod_pct"": 5.834932821497121, ""median_cycle_above_lod_pct"": 32.662034475485356, ""max_cycle_above_lod_pct"": 100.0}]",98.76142887518606,96.03610675039246,99.4931209268646,100.0,18812.0,18579.0,2.0,7.0,2005-2006;2007-2008;2009-2010;2011-2012;2013-2014;2015-2016;2017-2018,2005-2006,2017-2018,urine,Phthalates & Plasticizers Metabolites - Urine;Phthalates - Urine;Phthalates and Plasticizers Metabolites - Urine,18812.0,17382.0,12113.0,10863.0,70.0,9866.0,True,True,True,True,2.0,predefined primary survey model feasible,URXCOP,phthalates,28553-12-0,,DTXSID4022521,1.0,1.0,URXCOP,URXCOP,urinary biomarker,2005-2006;2007-2008;2009-2010;2011-2012;2013-2014;2015-2016;2017-2018,7.0,2.0,1.0,pending_manual_review,M0,True,True,True,resolved_mapped,"CDC NHANES catalog domains checked: Phthalates & Plasticizers Metabolites - Urine;Phthalates - Urine;Phthalates and Plasticizers Metabolites - Urine;Phthalates, Phytoestrogens & PAHs - Urine;Phthalates, Phytoestrogens & PAHs - Urine PHPYPA Urinary Phthalates; CDC NHANES phthalate/plasticizer metabolite panel and codebook; local XPT registry variables checked for candidate aliases.",CTD identifiers/name; CDC NHANES laboratory catalog; 161 relevant laboratory domains; downloaded XPT value/LOD/weight columns.,CTD Phase 1 export; CDC NHANES continuous laboratory catalog; CDC NHANES environmental XPT files,parent-to-validated-urinary-metabolite axis,,False,,Tier_A_strict,enter_systematic_human_screen,True
267-chemical actionability matrix,,,,C089799,diheptyl phthalate,GeneCards_Disorders,1000.0,108.0,0.4621966226226112,0.9614803800850312,8.0,1.0,M0,False,1.0,"specific_entity_identifier:CasRN,DTXSID,InChIKey",False,diheptyl phthalate,diheptyl phthalate;3648-21-3;phthalate;plasticizer,phthalate parent or monoester metabolite,,,phthalates,,none,,unresolved,,161.0,"Phthalates & Plasticizers Metabolites - Urine;Phthalates - Urine;Phthalates and Plasticizers Metabolites - Urine;Phthalates, Phytoestrogens & PAHs - Urine;Phthalates, Phytoestrogens & PAHs - Urine PHPYPA Urinary Phthalates",resolved_no_candidate_specific_analyte,no analyte rows,,,,,,,,,0.0,,,,,,0.0,0.0,0.0,0.0,0.0,0.0,False,False,False,False,0.0,no analyte mapping,,phthalates,3648-21-3,,DTXSID8040779,0.0,0.0,,,,,0.0,0.0,1.0,pending_manual_review,M0,False,False,False,resolved_no_supported_candidate_specific_analyte,"CDC NHANES catalog domains checked: Phthalates & Plasticizers Metabolites - Urine;Phthalates - Urine;Phthalates and Plasticizers Metabolites - Urine;Phthalates, Phytoestrogens & PAHs - Urine;Phthalates, Phytoestrogens & PAHs - Urine PHPYPA Urinary Phthalates; ; local XPT registry variables checked for candidate aliases.",CTD identifiers/name; CDC NHANES laboratory catalog; 161 relevant laboratory domains; downloaded XPT value/LOD/weight columns.,CTD Phase 1 export; CDC NHANES continuous laboratory catalog; CDC NHANES environmental XPT files,,,False,,not_human_testable,retain_with_resolved_audit_no_primary_screen,True
267-chemical actionability matrix,,,,C000720117,fluorotelomer sulfonic acids,GeneCards_Disorders,1000.0,109.0,0.4621966226226112,1.0,31.0,2.0,M0,False,1.0,specific_ctd_entity_id:C000720117,False,fluorotelomer sulfonic acids,fluorotelomer sulfonic acids,PFAS or fluorinated compound,,,pfas_perfluoro,,none,,unresolved,,0.0,,resolved_no_candidate_specific_analyte,no analyte rows,,,,,,,,,0.0,,,,,,0.0,0.0,0.0,0.0,0.0,0.0,False,False,False,False,0.0,no analyte mapping,,pfas_perfluoro,,,,0.0,0.0,,,,,0.0,0.0,1.0,pending_manual_review,M0,False,False,False,resolved_no_supported_candidate_specific_analyte,CDC NHANES catalog domains checked: none matched; ; local XPT registry variables checked for candidate aliases.,CTD identifiers/name; CDC NHANES laboratory catalog; 0 relevant laboratory domains; downloaded XPT value/LOD/weight columns.,CTD Phase 1 export; CDC NHANES continuous laboratory catalog; CDC NHANES environmental XPT files,,,False,,not_human_testable,retain_with_resolved_audit_no_primary_screen,True
267-chemical actionability matrix,,,,C108042,perfluorobutane,GeneCards_Disorders,1000.0,110.0,0.5020925019513068,1.0,9.0,1.0,M0,False,1.0,specific_entity_identifier:PubChemCID,False,perfluorobutane,perfluorobutane;PFAS;PFbutane,PFAS or fluorinated compound,,,pfas_perfluoro,PFAS exposure axis,PFAS class searched; no candidate-specific NHANES variable,,unresolved,CDC NHANES PFAS panels searched; no specific analyte name match,27.0,Perfluoroalkyl and Polyfluoroalkyl;Perfluoroalkyl and Polyfluoroalkyl Substances;Perfluoroalkyl and Polyfluoroalkyl Substances (formerly Polyfluoroalkyl Chemicals - PFC),resolved_no_candidate_specific_analyte,no analyte rows,,,,,,,,,0.0,,,,,,0.0,0.0,0.0,0.0,0.0,0.0,False,False,False,False,0.0,no analyte mapping,,pfas_perfluoro,,CID:9638,,0.0,0.0,,,,,0.0,0.0,1.0,pending_manual_review,M0,False,False,False,resolved_no_supported_candidate_specific_analyte,CDC NHANES catalog domains checked: Perfluoroalkyl and Polyfluoroalkyl;Perfluoroalkyl and Polyfluoroalkyl Substances;Perfluoroalkyl and Polyfluoroalkyl Substances (formerly Polyfluoroalkyl Chemicals - PFC); CDC NHANES PFAS panels searched; no specific analyte name match; local XPT registry variables checked for candidate aliases.,CTD identifiers/name; CDC NHANES laboratory catalog; 27 relevant laboratory domains; downloaded XPT value/LOD/weight columns.,CTD Phase 1 export; CDC NHANES continuous laboratory catalog; CDC NHANES environmental XPT files,PFAS class searched; no candidate-specific NHANES variable,CDC NHANES PFAS panels searched; no specific analyte name match,False,,not_human_testable,retain_with_resolved_audit_no_primary_screen,True
267-chemical actionability matrix,,,,C028541,zirconium oxide,GeneCards_Disorders,1000.0,111.0,0.5020925019513068,1.0,9.0,1.0,M0,False,1.0,"specific_entity_identifier:CasRN,DTXSID,InChIKey",False,zirconium oxide,zirconium oxide;1314-23-4,elemental species or metal compound,,,heavy_metals,metal exposure axis,metal family searched; no mapped elemental analyte,,unresolved,CDC NHANES Metals - Urine and blood metal panels searched,119.0,Metals - Urine,resolved_no_candidate_specific_analyte,no analyte rows,,,,,,,,,0.0,,,,,,0.0,0.0,0.0,0.0,0.0,0.0,False,False,False,False,0.0,no analyte mapping,,heavy_metals,1314-23-4,,DTXSID1042520,0.0,0.0,,,,,0.0,0.0,1.0,pending_manual_review,M0,False,False,False,resolved_no_supported_candidate_specific_analyte,CDC NHANES catalog domains checked: Metals - Urine; CDC NHANES Metals - Urine and blood metal panels searched; local XPT registry variables checked for candidate aliases.,CTD identifiers/name; CDC NHANES laboratory catalog; 119 relevant laboratory domains; downloaded XPT value/LOD/weight columns.,CTD Phase 1 export; CDC NHANES continuous laboratory catalog; CDC NHANES environmental XPT files,metal family searched; no mapped elemental analyte,CDC NHANES Metals - Urine and blood metal panels searched,False,,not_human_testable,retain_with_resolved_audit_no_primary_screen,True
267-chemical actionability matrix,,,,C106479,di-n-propylphthalate,GeneCards_Disorders,1000.0,112.0,0.5412250151300265,1.0,10.0,1.0,M0,False,1.0,"specific_entity_identifier:CasRN,PubChemCID,DTXSID,InChIKey",False,di n propylphthalate,di-n-propylphthalate;131-16-8;phthalate;plasticizer,phthalate parent or monoester metabolite,,,phthalates,,none,,unresolved,,161.0,"Phthalates & Plasticizers Metabolites - Urine;Phthalates - Urine;Phthalates and Plasticizers Metabolites - Urine;Phthalates, Phytoestrogens & PAHs - Urine;Phthalates, Phytoestrogens & PAHs - Urine PHPYPA Urinary Phthalates",resolved_no_candidate_specific_analyte,no analyte rows,,,,,,,,,0.0,,,,,,0.0,0.0,0.0,0.0,0.0,0.0,False,False,False,False,0.0,no analyte mapping,,phthalates,131-16-8,CID:8559,DTXSID5031133,0.0,0.0,,,,,0.0,0.0,1.0,pending_manual_review,M0,False,False,False,resolved_no_supported_candidate_specific_analyte,"CDC NHANES catalog domains checked: Phthalates & Plasticizers Metabolites - Urine;Phthalates - Urine;Phthalates and Plasticizers Metabolites - Urine;Phthalates, Phytoestrogens & PAHs - Urine;Phthalates, Phytoestrogens & PAHs - Urine PHPYPA Urinary Phthalates; ; local XPT registry variables checked for candidate aliases.",CTD identifiers/name; CDC NHANES laboratory catalog; 161 relevant laboratory domains; downloaded XPT value/LOD/weight columns.,CTD Phase 1 export; CDC NHANES continuous laboratory catalog; CDC NHANES environmental XPT files,,,False,,not_human_testable,retain_with_resolved_audit_no_primary_screen,True
267-chemical actionability matrix,,,,C017558,nickel sulfide,GeneCards_Disorders,1000.0,113.0,0.5412250151300265,1.0,10.0,1.0,M0,False,1.0,"specific_entity_identifier:CasRN,PubChemCID,DTXSID,InChIKey",False,nickel sulfide,nickel sulfide;16812-54-7,elemental species or metal compound,,,heavy_metals,metal exposure axis,metal family searched; no mapped elemental analyte,,unresolved,CDC NHANES Metals - Urine and blood metal panels searched,119.0,Metals - Urine,resolved_no_candidate_specific_analyte,no analyte rows,,,,,,,,,0.0,,,,,,0.0,0.0,0.0,0.0,0.0,0.0,False,False,False,False,0.0,no analyte mapping,,heavy_metals,16812-54-7,CID:166709,DTXSID5036921,0.0,0.0,,,,,0.0,0.0,1.0,pending_manual_review,M0,False,False,False,resolved_no_supported_candidate_specific_analyte,CDC NHANES catalog domains checked: Metals - Urine; CDC NHANES Metals - Urine and blood metal panels searched; local XPT registry variables checked for candidate aliases.,CTD identifiers/name; CDC NHANES laboratory catalog; 119 relevant laboratory domains; downloaded XPT value/LOD/weight columns.,CTD Phase 1 export; CDC NHANES continuous laboratory catalog; CDC NHANES environmental XPT files,metal family searched; no mapped elemental analyte,CDC NHANES Metals - Urine and blood metal panels searched,False,,not_human_testable,retain_with_resolved_audit_no_primary_screen,True
267-chemical actionability matrix,,,,C034171,di-n-pentyl phthalate,GeneCards_Disorders,1000.0,114.0,0.5728056329389364,1.0,11.0,1.0,M0,False,1.0,"specific_entity_identifier:CasRN,PubChemCID,DTXSID,InChIKey",False,di n pentyl phthalate,di-n-pentyl phthalate;131-18-0;phthalate;plasticizer,phthalate parent or monoester metabolite,,,phthalates,,none,,unresolved,,161.0,"Phthalates & Plasticizers Metabolites - Urine;Phthalates - Urine;Phthalates and Plasticizers Metabolites - Urine;Phthalates, Phytoestrogens & PAHs - Urine;Phthalates, Phytoestrogens & PAHs - Urine PHPYPA Urinary Phthalates",resolved_no_candidate_specific_analyte,no analyte rows,,,,,,,,,0.0,,,,,,0.0,0.0,0.0,0.0,0.0,0.0,False,False,False,False,0.0,no analyte mapping,,phthalates,131-18-0,CID:8561,DTXSID5031131,0.0,0.0,,,,,0.0,0.0,1.0,pending_manual_review,M0,False,False,False,resolved_no_supported_candidate_specific_analyte,"CDC NHANES catalog domains checked: Phthalates & Plasticizers Metabolites - Urine;Phthalates - Urine;Phthalates and Plasticizers Metabolites - Urine;Phthalates, Phytoestrogens & PAHs - Urine;Phthalates, Phytoestrogens & PAHs - Urine PHPYPA Urinary Phthalates; ; local XPT registry variables checked for candidate aliases.",CTD identifiers/name; CDC NHANES laboratory catalog; 161 relevant laboratory domains; downloaded XPT value/LOD/weight columns.,CTD Phase 1 export; CDC NHANES continuous laboratory catalog; CDC NHANES environmental XPT files,,,False,,not_human_testable,retain_with_resolved_audit_no_primary_screen,True
267-chemical actionability matrix,,,,C042080,diisodecyl phthalate,GeneCards_Disorders,1000.0,115.0,0.5728056329389364,1.0,11.0,1.0,M0,False,1.0,"specific_entity_identifier:CasRN,PubChemCID,DTXSID",False,diisodecyl phthalate,diisodecyl phthalate;26761-40-0;phthalate;plasticizer,phthalate parent or monoester metabolite,,,phthalates,,none,,unresolved,,161.0,"Phthalates & Plasticizers Metabolites - Urine;Phthalates - Urine;Phthalates and Plasticizers Metabolites - Urine;Phthalates, Phytoestrogens & PAHs - Urine;Phthalates, Phytoestrogens & PAHs - Urine PHPYPA Urinary Phthalates",resolved_no_candidate_specific_analyte,no analyte rows,,,,,,,,,0.0,,,,,,0.0,0.0,0.0,0.0,0.0,0.0,False,False,False,False,0.0,no analyte mapping,,phthalates,26761-40-0,CID:33599,DTXSID4025082,0.0,0.0,,,,,0.0,0.0,1.0,pending_manual_review,M0,False,False,False,resolved_no_supported_candidate_specific_analyte,"CDC NHANES catalog domains checked: Phthalates & Plasticizers Metabolites - Urine;Phthalates - Urine;Phthalates and Plasticizers Metabolites - Urine;Phthalates, Phytoestrogens & PAHs - Urine;Phthalates, Phytoestrogens & PAHs - Urine PHPYPA Urinary Phthalates; ; local XPT registry variables checked for candidate aliases.",CTD identifiers/name; CDC NHANES laboratory catalog; 161 relevant laboratory domains; downloaded XPT value/LOD/weight columns.,CTD Phase 1 export; CDC NHANES continuous laboratory catalog; CDC NHANES environmental XPT files,,,False,,not_human_testable,retain_with_resolved_audit_no_primary_screen,True
267-chemical actionability matrix,,,,C017557,nickel subsulfide,GeneCards_Disorders,1000.0,117.0,0.582176459784741,1.0,38.0,2.0,M0,False,1.0,specific_entity_identifier:PubChemCID,False,nickel subsulfide,nickel subsulfide,elemental species or metal compound,,,heavy_metals,metal exposure axis,metal family searched; no mapped elemental analyte,,unresolved,CDC NHANES Metals - Urine and blood metal panels searched,119.0,Metals - Urine,resolved_no_candidate_specific_analyte,no analyte rows,,,,,,,,,0.0,,,,,,0.0,0.0,0.0,0.0,0.0,0.0,False,False,False,False,0.0,no analyte mapping,,heavy_metals,,CID:25199732,,0.0,0.0,,,,,0.0,0.0,1.0,pending_manual_review,M0,False,False,False,resolved_no_supported_candidate_specific_analyte,CDC NHANES catalog domains checked: Metals - Urine; CDC NHANES Metals - Urine and blood metal panels searched; local XPT registry variables checked for candidate aliases.,CTD identifiers/name; CDC NHANES laboratory catalog; 119 relevant laboratory domains; downloaded XPT value/LOD/weight columns.,CTD Phase 1 export; CDC NHANES continuous laboratory catalog; CDC NHANES environmental XPT files,metal family searched; no mapped elemental analyte,CDC NHANES Metals - Urine and blood metal panels searched,False,,not_human_testable,retain_with_resolved_audit_no_primary_screen,True
267-chemical actionability matrix,,,,C029891,lead chloride,GeneCards_Disorders,1000.0,118.0,0.6423968260235295,1.0,105.0,4.0,M0,False,1.0,"specific_entity_identifier:CasRN,PubChemCID,DTXSID,InChIKey",False,lead chloride,lead chloride;7758-95-4,elemental species or metal compound,,,heavy_metals,metal exposure axis,elemental urinary biomarker for parent metal/species,URXUPB,moderate,CDC NHANES metals blood/urine panels and codebooks,119.0,Metals - Urine,mapped,"validated/specificity mapping first; detectability, cycle coverage, and measured N used as non-CRC tie-breakers","[{""variable"": ""URXUPB"", ""n_cycles_available"": 10, ""total_measured"": 26398, ""total_above_lod"": 25662, ""pooled_above_lod_pct"": 97.21190999318131, ""min_cycle_above_lod_pct"": 84.83189992181391, ""median_cycle_above_lod_pct"": 98.4847523579918, ""max_cycle_above_lod_pct"": 100.0}]",97.21190999318132,84.83189992181391,98.4847523579918,100.0,26398.0,25662.0,2.0,10.0,1999-2000;2001-2002;2003-2004;2005-2006;2007-2008;2009-2010;2011-2012;2013-2014;2015-2016;2017-2018,1999-2000,2017-2018,urine,Metals - Urine,26398.0,17382.0,1715.0,1531.0,10.0,1409.0,True,True,True,True,0.0,insufficient complete-case events/sample or survey infrastructure,URXUPB,heavy_metals,7758-95-4,CID:24459,DTXSID1041059,1.0,1.0,URXUPB,URXUPB,urinary biomarker,1999-2000;2001-2002;2003-2004;2005-2006;2007-2008;2009-2010;2011-2012;2013-2014;2015-2016;2017-2018,10.0,2.0,1.0,pending_manual_review,M0,False,False,False,resolved_mapped,CDC NHANES catalog domains checked: Metals - Urine; CDC NHANES metals blood/urine panels and codebooks; local XPT registry variables checked for candidate aliases.,CTD identifiers/name; CDC NHANES laboratory catalog; 119 relevant laboratory domains; downloaded XPT value/LOD/weight columns.,CTD Phase 1 export; CDC NHANES continuous laboratory catalog; CDC NHANES environmental XPT files,elemental urinary biomarker for parent metal/species,,False,,not_human_testable,retain_with_resolved_audit_no_primary_screen,True
267-chemical actionability matrix,,,,C479228,perfluorohexanoic acid,GeneCards_Disorders,1000.0,119.0,0.658278641300585,1.0,42.0,2.0,M0,False,1.0,specific_ctd_entity_id:C479228,False,perfluorohexanoic acid,perfluorohexanoic acid;PFAS;PFhexanoic acid,PFAS or fluorinated compound,,,pfas_perfluoro,PFAS exposure axis,direct serum PFAS analyte,,high,CDC NHANES PFAS serum panel and codebook,27.0,Perfluoroalkyl and Polyfluoroalkyl;Perfluoroalkyl and Polyfluoroalkyl Substances;Perfluoroalkyl and Polyfluoroalkyl Substances (formerly Polyfluoroalkyl Chemicals - PFC),unresolved_registry_gap,no analyte rows,,,,,,,,,0.0,,,,,,0.0,0.0,0.0,0.0,0.0,0.0,False,False,False,False,0.0,no analyte mapping,,pfas_perfluoro,,,,1.0,0.0,,,,,0.0,0.0,1.0,pending_manual_review,M0,False,False,False,resolved_no_supported_candidate_specific_analyte,CDC NHANES catalog domains checked: Perfluoroalkyl and Polyfluoroalkyl;Perfluoroalkyl and Polyfluoroalkyl Substances;Perfluoroalkyl and Polyfluoroalkyl Substances (formerly Polyfluoroalkyl Chemicals - PFC); CDC NHANES PFAS serum panel and codebook; local XPT registry variables checked for candidate aliases.,CTD identifiers/name; CDC NHANES laboratory catalog; 27 relevant laboratory domains; downloaded XPT value/LOD/weight columns.,CTD Phase 1 export; CDC NHANES continuous laboratory catalog; CDC NHANES environmental XPT files,direct serum PFAS analyte,CDC NHANES PFAS serum panel and codebook,True,CDC NHANES PFAS serum panel and codebook,not_human_testable,retain_with_resolved_audit_no_primary_screen,True
267-chemical actionability matrix,,,,C000720111,perfluorotetradecanoic acid,GeneCards_Disorders,1000.0,120.0,0.7373415933397318,1.0,46.0,2.0,M0,False,1.0,specific_ctd_entity_id:C000720111,False,perfluorotetradecanoic acid,perfluorotetradecanoic acid;PFAS;PFtetradecanoic acid,PFAS or fluorinated compound,,,pfas_perfluoro,PFAS exposure axis,PFAS class searched; no candidate-specific NHANES variable,,unresolved,CDC NHANES PFAS panels searched; no specific analyte name match,27.0,Perfluoroalkyl and Polyfluoroalkyl;Perfluoroalkyl and Polyfluoroalkyl Substances;Perfluoroalkyl and Polyfluoroalkyl Substances (formerly Polyfluoroalkyl Chemicals - PFC),resolved_no_candidate_specific_analyte,no analyte rows,,,,,,,,,0.0,,,,,,0.0,0.0,0.0,0.0,0.0,0.0,False,False,False,False,0.0,no analyte mapping,,pfas_perfluoro,,,,0.0,0.0,,,,,0.0,0.0,1.0,pending_manual_review,M0,False,False,False,resolved_no_supported_candidate_specific_analyte,CDC NHANES catalog domains checked: Perfluoroalkyl and Polyfluoroalkyl;Perfluoroalkyl and Polyfluoroalkyl Substances;Perfluoroalkyl and Polyfluoroalkyl Substances (formerly Polyfluoroalkyl Chemicals - PFC); CDC NHANES PFAS panels searched; no specific analyte name match; local XPT registry variables checked for candidate aliases.,CTD identifiers/name; CDC NHANES laboratory catalog; 27 relevant laboratory domains; downloaded XPT value/LOD/weight columns.,CTD Phase 1 export; CDC NHANES continuous laboratory catalog; CDC NHANES environmental XPT files,PFAS class searched; no candidate-specific NHANES variable,CDC NHANES PFAS panels searched; no specific analyte name match,False,,not_human_testable,retain_with_resolved_audit_no_primary_screen,True
267-chemical actionability matrix,,,,C060728,cobalt oxide,GeneCards_Disorders,1000.0,122.0,0.8871013699875369,1.0,54.0,2.0,M0,False,1.0,"specific_entity_identifier:CasRN,PubChemCID,DTXSID",False,cobalt oxide,cobalt oxide;11104-61-3,elemental species or metal compound,,,heavy_metals,metal exposure axis,elemental urinary biomarker for parent metal/species,URXUCO,moderate,CDC NHANES metals blood/urine panels and codebooks,119.0,Metals - Urine,mapped,"validated/specificity mapping first; detectability, cycle coverage, and measured N used as non-CRC tie-breakers","[{""variable"": ""URXUCO"", ""n_cycles_available"": 10, ""total_measured"": 26801, ""total_above_lod"": 26648, ""pooled_above_lod_pct"": 99.42912577888885, ""min_cycle_above_lod_pct"": 96.28616106333072, ""median_cycle_above_lod_pct"": 99.8323824908332, ""max_cycle_above_lod_pct"": 100.0}]",99.42912577888885,96.28616106333072,99.8323824908332,100.0,26801.0,26648.0,2.0,10.0,1999-2000;2001-2002;2003-2004;2005-2006;2007-2008;2009-2010;2011-2012;2013-2014;2015-2016;2017-2018,1999-2000,2017-2018,urine,Metals - Urine,26801.0,17382.0,1715.0,1531.0,10.0,1409.0,True,True,True,True,0.0,insufficient complete-case events/sample or survey infrastructure,URXUCO,heavy_metals,11104-61-3,CID:6432046,DTXSID801014561,1.0,1.0,URXUCO,URXUCO,urinary biomarker,1999-2000;2001-2002;2003-2004;2005-2006;2007-2008;2009-2010;2011-2012;2013-2014;2015-2016;2017-2018,10.0,2.0,1.0,pending_manual_review,M0,False,False,False,resolved_mapped,CDC NHANES catalog domains checked: Metals - Urine; CDC NHANES metals blood/urine panels and codebooks; local XPT registry variables checked for candidate aliases.,CTD identifiers/name; CDC NHANES laboratory catalog; 119 relevant laboratory domains; downloaded XPT value/LOD/weight columns.,CTD Phase 1 export; CDC NHANES continuous laboratory catalog; CDC NHANES environmental XPT files,elemental urinary biomarker for parent metal/species,,False,,not_human_testable,retain_with_resolved_audit_no_primary_screen,True
267-chemical actionability matrix,,,,C010715,di-n-octyl phthalate,GeneCards_Disorders,1000.0,124.0,1.0,1.0,24.0,1.0,M0,False,1.0,"specific_entity_identifier:CasRN,DTXSID,InChIKey",False,di n octyl phthalate,di-n-octyl phthalate;117-84-0;phthalate;plasticizer,phthalate parent or monoester metabolite,,,phthalates,,none,,unresolved,,161.0,"Phthalates & Plasticizers Metabolites - Urine;Phthalates - Urine;Phthalates and Plasticizers Metabolites - Urine;Phthalates, Phytoestrogens & PAHs - Urine;Phthalates, Phytoestrogens & PAHs - Urine PHPYPA Urinary Phthalates",resolved_no_candidate_specific_analyte,no analyte rows,,,,,,,,,0.0,,,,,,0.0,0.0,0.0,0.0,0.0,0.0,False,False,False,False,0.0,no analyte mapping,,phthalates,117-84-0,,DTXSID1021956,0.0,0.0,,,,,0.0,0.0,1.0,pending_manual_review,M0,False,False,False,resolved_no_supported_candidate_specific_analyte,"CDC NHANES catalog domains checked: Phthalates & Plasticizers Metabolites - Urine;Phthalates - Urine;Phthalates and Plasticizers Metabolites - Urine;Phthalates, Phytoestrogens & PAHs - Urine;Phthalates, Phytoestrogens & PAHs - Urine PHPYPA Urinary Phthalates; ; local XPT registry variables checked for candidate aliases.",CTD identifiers/name; CDC NHANES laboratory catalog; 161 relevant laboratory domains; downloaded XPT value/LOD/weight columns.,CTD Phase 1 export; CDC NHANES continuous laboratory catalog; CDC NHANES environmental XPT files,,,False,,not_human_testable,retain_with_resolved_audit_no_primary_screen,True
267-chemical actionability matrix,,,,C586085,perfluoroundecanoic acid,GeneCards_Disorders,1000.0,125.0,1.0,1.0,62.0,2.0,M0,False,1.0,specific_ctd_entity_id:C586085,False,perfluoroundecanoic acid,perfluoroundecanoic acid;PFAS;PFundecanoic acid,PFAS or fluorinated compound,,,pfas_perfluoro,PFAS exposure axis,direct serum PFAS analyte,LBXPFUA,high,CDC NHANES PFAS serum panel and codebook,27.0,Perfluoroalkyl and Polyfluoroalkyl;Perfluoroalkyl and Polyfluoroalkyl Substances;Perfluoroalkyl and Polyfluoroalkyl Substances (formerly Polyfluoroalkyl Chemicals - PFC),mapped,"validated/specificity mapping first; detectability, cycle coverage, and measured N used as non-CRC tie-breakers","[{""variable"": ""LBXPFUA"", ""n_cycles_available"": 8, ""total_measured"": 16541, ""total_above_lod"": 7169, ""pooled_above_lod_pct"": 43.34078955323137, ""min_cycle_above_lod_pct"": 8.30945558739255, ""median_cycle_above_lod_pct"": 40.58909828310526, ""max_cycle_above_lod_pct"": 69.63725929243171}]",43.34078955323137,8.30945558739255,40.58909828310526,69.63725929243171,16541.0,7169.0,0.0,8.0,2003-2004;2005-2006;2007-2008;2009-2010;2011-2012;2013-2014;2015-2016;2017-2018,2003-2004,2017-2018,serum_or_blood,Perfluoroalkyl and Polyfluoroalkyl;Perfluoroalkyl and Polyfluoroalkyl Substances;Perfluoroalkyl and Polyfluoroalkyl Substances (formerly Polyfluoroalkyl Chemicals - PFC);Polyfluoroalkyl Chemicals,16541.0,17382.0,6579.0,5825.0,32.0,5290.0,True,True,True,True,1.0,survey model feasible but event/sample margin is limited,LBXPFUA,pfas_perfluoro,,,,1.0,1.0,LBXPFUA,LBXPFUA,serum/blood biomarker,2003-2004;2005-2006;2007-2008;2009-2010;2011-2012;2013-2014;2015-2016;2017-2018,8.0,2.0,1.0,pending_manual_review,M0,False,False,False,resolved_mapped,CDC NHANES catalog domains checked: Perfluoroalkyl and Polyfluoroalkyl;Perfluoroalkyl and Polyfluoroalkyl Substances;Perfluoroalkyl and Polyfluoroalkyl Substances (formerly Polyfluoroalkyl Chemicals - PFC); CDC NHANES PFAS serum panel and codebook; local XPT registry variables checked for candidate aliases.,CTD identifiers/name; CDC NHANES laboratory catalog; 27 relevant laboratory domains; downloaded XPT value/LOD/weight columns.,CTD Phase 1 export; CDC NHANES continuous laboratory catalog; CDC NHANES environmental XPT files,direct serum PFAS analyte,,False,,not_human_testable,retain_with_resolved_audit_no_primary_screen,True
267-chemical actionability matrix,,,,C026305,cobalt sulfate,GeneCards_Disorders,1000.0,126.0,1.0,1.0,32.0,1.0,M0,False,1.0,"specific_entity_identifier:CasRN,DTXSID,InChIKey",False,cobalt sulfate,cobalt sulfate;10124-43-3,elemental species or metal compound,,,heavy_metals,metal exposure axis,elemental urinary biomarker for parent metal/species,URXUCO,moderate,CDC NHANES metals blood/urine panels and codebooks,119.0,Metals - Urine,mapped,"validated/specificity mapping first; detectability, cycle coverage, and measured N used as non-CRC tie-breakers","[{""variable"": ""URXUCO"", ""n_cycles_available"": 10, ""total_measured"": 26801, ""total_above_lod"": 26648, ""pooled_above_lod_pct"": 99.42912577888885, ""min_cycle_above_lod_pct"": 96.28616106333072, ""median_cycle_above_lod_pct"": 99.8323824908332, ""max_cycle_above_lod_pct"": 100.0}]",99.42912577888885,96.28616106333072,99.8323824908332,100.0,26801.0,26648.0,2.0,10.0,1999-2000;2001-2002;2003-2004;2005-2006;2007-2008;2009-2010;2011-2012;2013-2014;2015-2016;2017-2018,1999-2000,2017-2018,urine,Metals - Urine,26801.0,17382.0,1715.0,1531.0,10.0,1409.0,True,True,True,True,0.0,insufficient complete-case events/sample or survey infrastructure,URXUCO,heavy_metals,10124-43-3,,DTXSID1031042,1.0,1.0,URXUCO,URXUCO,urinary biomarker,1999-2000;2001-2002;2003-2004;2005-2006;2007-2008;2009-2010;2011-2012;2013-2014;2015-2016;2017-2018,10.0,2.0,1.0,pending_manual_review,M0,False,False,False,resolved_mapped,CDC NHANES catalog domains checked: Metals - Urine; CDC NHANES metals blood/urine panels and codebooks; local XPT registry variables checked for candidate aliases.,CTD identifiers/name; CDC NHANES laboratory catalog; 119 relevant laboratory domains; downloaded XPT value/LOD/weight columns.,CTD Phase 1 export; CDC NHANES continuous laboratory catalog; CDC NHANES environmental XPT files,elemental urinary biomarker for parent metal/species,,False,,not_human_testable,retain_with_resolved_audit_no_primary_screen,True
267-chemical actionability matrix,,,,C063900,perfluorooctanesulfonamide,GeneCards_Disorders,1000.0,127.0,1.0,1.0,33.0,1.0,M0,False,1.0,"specific_entity_identifier:CasRN,DTXSID,InChIKey",False,perfluorooctanesulfonamide,perfluorooctanesulfonamide;754-91-6;PFAS;PFoctanesulfonamide,PFAS or fluorinated compound,,,pfas_perfluoro,PFAS exposure axis,PFAS class searched; no candidate-specific NHANES variable,,unresolved,CDC NHANES PFAS panels searched; no specific analyte name match,27.0,Perfluoroalkyl and Polyfluoroalkyl;Perfluoroalkyl and Polyfluoroalkyl Substances;Perfluoroalkyl and Polyfluoroalkyl Substances (formerly Polyfluoroalkyl Chemicals - PFC),resolved_no_candidate_specific_analyte,no analyte rows,,,,,,,,,0.0,,,,,,0.0,0.0,0.0,0.0,0.0,0.0,False,False,False,False,0.0,no analyte mapping,,pfas_perfluoro,754-91-6,,DTXSID3038939,0.0,0.0,,,,,0.0,0.0,1.0,pending_manual_review,M0,False,False,False,resolved_no_supported_candidate_specific_analyte,CDC NHANES catalog domains checked: Perfluoroalkyl and Polyfluoroalkyl;Perfluoroalkyl and Polyfluoroalkyl Substances;Perfluoroalkyl and Polyfluoroalkyl Substances (formerly Polyfluoroalkyl Chemicals - PFC); CDC NHANES PFAS panels searched; no specific analyte name match; local XPT registry variables checked for candidate aliases.,CTD identifiers/name; CDC NHANES laboratory catalog; 27 relevant laboratory domains; downloaded XPT value/LOD/weight columns.,CTD Phase 1 export; CDC NHANES continuous laboratory catalog; CDC NHANES environmental XPT files,PFAS class searched; no candidate-specific NHANES variable,CDC NHANES PFAS panels searched; no specific analyte name match,False,,not_human_testable,retain_with_resolved_audit_no_primary_screen,True
267-chemical actionability matrix,,,,C025605,diisobutyl phthalate,GeneCards_Disorders,1000.0,128.0,1.0,1.0,34.0,1.0,M0,False,1.0,"specific_entity_identifier:CasRN,PubChemCID,DTXSID,InChIKey",False,diisobutyl phthalate,diisobutyl phthalate;84-69-5;phthalate;plasticizer,phthalate parent or monoester metabolite,,,phthalates,,none,,unresolved,,161.0,"Phthalates & Plasticizers Metabolites - Urine;Phthalates - Urine;Phthalates and Plasticizers Metabolites - Urine;Phthalates, Phytoestrogens & PAHs - Urine;Phthalates, Phytoestrogens & PAHs - Urine PHPYPA Urinary Phthalates",resolved_no_candidate_specific_analyte,no analyte rows,,,,,,,,,0.0,,,,,,0.0,0.0,0.0,0.0,0.0,0.0,False,False,False,False,0.0,no analyte mapping,,phthalates,84-69-5,CID:6782,DTXSID9022522,0.0,0.0,,,,,0.0,0.0,1.0,pending_manual_review,M0,False,False,False,resolved_no_supported_candidate_specific_analyte,"CDC NHANES catalog domains checked: Phthalates & Plasticizers Metabolites - Urine;Phthalates - Urine;Phthalates and Plasticizers Metabolites - Urine;Phthalates, Phytoestrogens & PAHs - Urine;Phthalates, Phytoestrogens & PAHs - Urine PHPYPA Urinary Phthalates; ; local XPT registry variables checked for candidate aliases.",CTD identifiers/name; CDC NHANES laboratory catalog; 161 relevant laboratory domains; downloaded XPT value/LOD/weight columns.,CTD Phase 1 export; CDC NHANES continuous laboratory catalog; CDC NHANES environmental XPT files,,,False,,not_human_testable,retain_with_resolved_audit_no_primary_screen,True
267-chemical actionability matrix,,,,C033094,perfluorobutyric acid,GeneCards_Disorders,1000.0,129.0,1.0,1.0,70.0,2.0,M0,False,1.0,"specific_entity_identifier:CasRN,DTXSID,InChIKey",False,perfluorobutyric acid,perfluorobutyric acid;375-22-4;PFAS;PFbutyric acid,PFAS or fluorinated compound,,,pfas_perfluoro,PFAS exposure axis,PFAS class searched; no candidate-specific NHANES variable,,unresolved,CDC NHANES PFAS panels searched; no specific analyte name match,27.0,Perfluoroalkyl and Polyfluoroalkyl;Perfluoroalkyl and Polyfluoroalkyl Substances;Perfluoroalkyl and Polyfluoroalkyl Substances (formerly Polyfluoroalkyl Chemicals - PFC),resolved_no_candidate_specific_analyte,no analyte rows,,,,,,,,,0.0,,,,,,0.0,0.0,0.0,0.0,0.0,0.0,False,False,False,False,0.0,no analyte mapping,,pfas_perfluoro,375-22-4,,DTXSID4059916,0.0,0.0,,,,,0.0,0.0,1.0,pending_manual_review,M0,False,False,False,resolved_no_supported_candidate_specific_analyte,CDC NHANES catalog domains checked: Perfluoroalkyl and Polyfluoroalkyl;Perfluoroalkyl and Polyfluoroalkyl Substances;Perfluoroalkyl and Polyfluoroalkyl Substances (formerly Polyfluoroalkyl Chemicals - PFC); CDC NHANES PFAS panels searched; no specific analyte name match; local XPT registry variables checked for candidate aliases.,CTD identifiers/name; CDC NHANES laboratory catalog; 27 relevant laboratory domains; downloaded XPT value/LOD/weight columns.,CTD Phase 1 export; CDC NHANES continuous laboratory catalog; CDC NHANES environmental XPT files,PFAS class searched; no candidate-specific NHANES variable,CDC NHANES PFAS panels searched; no specific analyte name match,False,,not_human_testable,retain_with_resolved_audit_no_primary_screen,True
267-chemical actionability matrix,,,,D019216,"Metals, Heavy",GeneCards_Disorders,1000.0,130.0,1.0,1.0,149.0,4.0,M0,False,0.0,broad_or_umbrella_name:\bmetals?\b,True,metals heavy,"Metals, Heavy",elemental species or metal compound,,,heavy_metals,metal exposure axis,metal family searched; no mapped elemental analyte,,unresolved,CDC NHANES Metals - Urine and blood metal panels searched,119.0,Metals - Urine,resolved_no_candidate_specific_analyte,no analyte rows,,,,,,,,,0.0,,,,,,0.0,0.0,0.0,0.0,0.0,0.0,False,False,False,False,0.0,no analyte mapping,,heavy_metals,,,,0.0,0.0,,,,,0.0,0.0,0.0,pending_manual_review,M0,False,False,False,resolved_no_supported_candidate_specific_analyte,CDC NHANES catalog domains checked: Metals - Urine; CDC NHANES Metals - Urine and blood metal panels searched; local XPT registry variables checked for candidate aliases.,CTD identifiers/name; CDC NHANES laboratory catalog; 119 relevant laboratory domains; downloaded XPT value/LOD/weight columns.,CTD Phase 1 export; CDC NHANES continuous laboratory catalog; CDC NHANES environmental XPT files,metal family searched; no mapped elemental analyte,CDC NHANES Metals - Urine and blood metal panels searched,True,broad_or_umbrella_name:\bmetals?\b,not_human_testable,retain_with_resolved_audit_no_primary_screen,True
267-chemical actionability matrix,,,,C000720114,perfluorodecanesulfonic acid,GeneCards_Disorders,1000.0,136.0,1.0,1.0,41.0,1.0,M0,False,1.0,specific_ctd_entity_id:C000720114,False,perfluorodecanesulfonic acid,perfluorodecanesulfonic acid;PFAS;PFdecanesulfonic acid,PFAS or fluorinated compound,,,pfas_perfluoro,PFAS exposure axis,PFAS class searched; no candidate-specific NHANES variable,,unresolved,CDC NHANES PFAS panels searched; no specific analyte name match,27.0,Perfluoroalkyl and Polyfluoroalkyl;Perfluoroalkyl and Polyfluoroalkyl Substances;Perfluoroalkyl and Polyfluoroalkyl Substances (formerly Polyfluoroalkyl Chemicals - PFC),resolved_no_candidate_specific_analyte,no analyte rows,,,,,,,,,0.0,,,,,,0.0,0.0,0.0,0.0,0.0,0.0,False,False,False,False,0.0,no analyte mapping,,pfas_perfluoro,,,,0.0,0.0,,,,,0.0,0.0,1.0,pending_manual_review,M0,False,False,False,resolved_no_supported_candidate_specific_analyte,CDC NHANES catalog domains checked: Perfluoroalkyl and Polyfluoroalkyl;Perfluoroalkyl and Polyfluoroalkyl Substances;Perfluoroalkyl and Polyfluoroalkyl Substances (formerly Polyfluoroalkyl Chemicals - PFC); CDC NHANES PFAS panels searched; no specific analyte name match; local XPT registry variables checked for candidate aliases.,CTD identifiers/name; CDC NHANES laboratory catalog; 27 relevant laboratory domains; downloaded XPT value/LOD/weight columns.,CTD Phase 1 export; CDC NHANES continuous laboratory catalog; CDC NHANES environmental XPT files,PFAS class searched; no candidate-specific NHANES variable,CDC NHANES PFAS panels searched; no specific analyte name match,False,,not_human_testable,retain_with_resolved_audit_no_primary_screen,True
267-chemical actionability matrix,,,,C015559,trimellitic anhydride,GeneCards_Disorders,1000.0,137.0,1.0,1.0,123.0,3.0,M0,False,1.0,"specific_entity_identifier:CasRN,DTXSID,InChIKey",False,trimellitic anhydride,trimellitic anhydride;552-30-7,CTD entity,,,phthalates,,none,,unresolved,,0.0,,resolved_no_candidate_specific_analyte,no analyte rows,,,,,,,,,0.0,,,,,,0.0,0.0,0.0,0.0,0.0,0.0,False,False,False,False,0.0,no analyte mapping,,phthalates,552-30-7,,DTXSID7026235,0.0,0.0,,,,,0.0,0.0,1.0,pending_manual_review,M0,False,False,False,resolved_no_supported_candidate_specific_analyte,CDC NHANES catalog domains checked: none matched; ; local XPT registry variables checked for candidate aliases.,CTD identifiers/name; CDC NHANES laboratory catalog; 0 relevant laboratory domains; downloaded XPT value/LOD/weight columns.,CTD Phase 1 export; CDC NHANES continuous laboratory catalog; CDC NHANES environmental XPT files,,,False,,not_human_testable,retain_with_resolved_audit_no_primary_screen,True
267-chemical actionability matrix,,,,C101815,perfluoro-n-heptanoic acid,GeneCards_Disorders,1000.0,139.0,1.0,1.0,46.0,1.0,M0,False,1.0,"specific_entity_identifier:CasRN,PubChemCID,DTXSID,InChIKey",False,perfluoro n heptanoic acid,perfluoro-n-heptanoic acid;375-85-9;PFAS;PF n heptanoic acid,PFAS or fluorinated compound,,,pfas_perfluoro,PFAS exposure axis,direct serum PFAS analyte,LBXPFHP,high,CDC NHANES PFAS serum panel and codebook,27.0,Perfluoroalkyl and Polyfluoroalkyl;Perfluoroalkyl and Polyfluoroalkyl Substances;Perfluoroalkyl and Polyfluoroalkyl Substances (formerly Polyfluoroalkyl Chemicals - PFC),mapped,"validated/specificity mapping first; detectability, cycle coverage, and measured N used as non-CRC tie-breakers","[{""variable"": ""LBXPFHP"", ""n_cycles_available"": 6, ""total_measured"": 12619, ""total_above_lod"": 1632, ""pooled_above_lod_pct"": 12.932878991996196, ""min_cycle_above_lod_pct"": 7.571428571428571, ""median_cycle_above_lod_pct"": 11.014150943396228, ""max_cycle_above_lod_pct"": 20.465741155396326}]",12.932878991996196,7.571428571428571,11.014150943396228,20.465741155396326,12619.0,1632.0,0.0,6.0,2003-2004;2005-2006;2007-2008;2009-2010;2011-2012;2013-2014,2003-2004,2013-2014,serum_or_blood,Perfluoroalkyl and Polyfluoroalkyl Substances (formerly Polyfluoroalkyl Chemicals - PFC);Polyfluoroalkyl Chemicals,12619.0,17382.0,3326.0,2980.0,15.0,2715.0,True,True,True,True,0.0,insufficient complete-case events/sample or survey infrastructure,LBXPFHP,pfas_perfluoro,375-85-9,CID:67818,DTXSID1037303,1.0,1.0,LBXPFHP,LBXPFHP,serum/blood biomarker,2003-2004;2005-2006;2007-2008;2009-2010;2011-2012;2013-2014,6.0,2.0,1.0,pending_manual_review,M0,False,False,False,resolved_mapped,CDC NHANES catalog domains checked: Perfluoroalkyl and Polyfluoroalkyl;Perfluoroalkyl and Polyfluoroalkyl Substances;Perfluoroalkyl and Polyfluoroalkyl Substances (formerly Polyfluoroalkyl Chemicals - PFC); CDC NHANES PFAS serum panel and codebook; local XPT registry variables checked for candidate aliases.,CTD identifiers/name; CDC NHANES laboratory catalog; 27 relevant laboratory domains; downloaded XPT value/LOD/weight columns.,CTD Phase 1 export; CDC NHANES continuous laboratory catalog; CDC NHANES environmental XPT files,direct serum PFAS analyte,,False,,not_human_testable,retain_with_resolved_audit_no_primary_screen,True
267-chemical actionability matrix,,,,D014639,Vanadium,GeneCards_Disorders,1000.0,140.0,1.0,1.0,186.0,4.0,M0,False,1.0,"specific_entity_identifier:CasRN,DTXSID,InChIKey",False,vanadium,Vanadium;7440-62-2,elemental species or metal compound,,,heavy_metals,metal exposure axis,metal family searched; no mapped elemental analyte,,unresolved,CDC NHANES Metals - Urine and blood metal panels searched,119.0,Metals - Urine,resolved_no_candidate_specific_analyte,no analyte rows,,,,,,,,,0.0,,,,,,0.0,0.0,0.0,0.0,0.0,0.0,False,False,False,False,0.0,no analyte mapping,,heavy_metals,7440-62-2,,DTXSID2040282,0.0,0.0,,,,,0.0,0.0,1.0,pending_manual_review,M0,False,False,False,resolved_no_supported_candidate_specific_analyte,CDC NHANES catalog domains checked: Metals - Urine; CDC NHANES Metals - Urine and blood metal panels searched; local XPT registry variables checked for candidate aliases.,CTD identifiers/name; CDC NHANES laboratory catalog; 119 relevant laboratory domains; downloaded XPT value/LOD/weight columns.,CTD Phase 1 export; CDC NHANES continuous laboratory catalog; CDC NHANES environmental XPT files,metal family searched; no mapped elemental analyte,CDC NHANES Metals - Urine and blood metal panels searched,False,,not_human_testable,retain_with_resolved_audit_no_primary_screen,True
267-chemical actionability matrix,,,,D001464,Barium,GeneCards_Disorders,1000.0,143.0,1.0,1.0,48.0,1.0,M0,False,1.0,"specific_entity_identifier:CasRN,PubChemCID,DTXSID,InChIKey",False,barium,Barium;7440-39-3,elemental species or metal compound,,,heavy_metals,metal exposure axis,elemental urinary biomarker for parent metal/species,URXUBA,moderate,CDC NHANES metals blood/urine panels and codebooks,119.0,Metals - Urine,mapped,"validated/specificity mapping first; detectability, cycle coverage, and measured N used as non-CRC tie-breakers","[{""variable"": ""URXUBA"", ""n_cycles_available"": 10, ""total_measured"": 26516, ""total_above_lod"": 26210, ""pooled_above_lod_pct"": 98.84597978578971, ""min_cycle_above_lod_pct"": 92.8068803752932, ""median_cycle_above_lod_pct"": 99.46263521871754, ""max_cycle_above_lod_pct"": 100.0}]",98.84597978578972,92.8068803752932,99.46263521871754,100.0,26516.0,26210.0,2.0,10.0,1999-2000;2001-2002;2003-2004;2005-2006;2007-2008;2009-2010;2011-2012;2013-2014;2015-2016;2017-2018,1999-2000,2017-2018,urine,Metals - Urine,26516.0,17382.0,1715.0,1531.0,10.0,1409.0,True,True,True,True,0.0,insufficient complete-case events/sample or survey infrastructure,URXUBA,heavy_metals,7440-39-3,CID:5355457,DTXSID8023894,1.0,1.0,URXUBA,URXUBA,urinary biomarker,1999-2000;2001-2002;2003-2004;2005-2006;2007-2008;2009-2010;2011-2012;2013-2014;2015-2016;2017-2018,10.0,2.0,1.0,pending_manual_review,M0,False,False,False,resolved_mapped,CDC NHANES catalog domains checked: Metals - Urine; CDC NHANES metals blood/urine panels and codebooks; local XPT registry variables checked for candidate aliases.,CTD identifiers/name; CDC NHANES laboratory catalog; 119 relevant laboratory domains; downloaded XPT value/LOD/weight columns.,CTD Phase 1 export; CDC NHANES continuous laboratory catalog; CDC NHANES environmental XPT files,elemental urinary biomarker for parent metal/species,,False,,not_human_testable,retain_with_resolved_audit_no_primary_screen,True
267-chemical actionability matrix,,,,C522391,perfluorododecanoic acid,GeneCards_Disorders,1000.0,145.0,1.0,1.0,52.0,1.0,M0,False,1.0,specific_ctd_entity_id:C522391,False,perfluorododecanoic acid,perfluorododecanoic acid;PFAS;PFdodecanoic acid,PFAS or fluorinated compound,,,pfas_perfluoro,PFAS exposure axis,direct serum PFAS analyte,LBXPFDO,high,CDC NHANES PFAS serum panel and codebook,27.0,Perfluoroalkyl and Polyfluoroalkyl;Perfluoroalkyl and Polyfluoroalkyl Substances;Perfluoroalkyl and Polyfluoroalkyl Substances (formerly Polyfluoroalkyl Chemicals - PFC),mapped,"validated/specificity mapping first; detectability, cycle coverage, and measured N used as non-CRC tie-breakers","[{""variable"": ""LBXPFDO"", ""n_cycles_available"": 7, ""total_measured"": 14612, ""total_above_lod"": 801, ""pooled_above_lod_pct"": 5.481795784286888, ""min_cycle_above_lod_pct"": 0.04775549188156638, ""median_cycle_above_lod_pct"": 2.380952380952381, ""max_cycle_above_lod_pct"": 16.928044280442805}]",5.481795784286888,0.0477554918815663,2.380952380952381,16.928044280442805,14612.0,801.0,0.0,7.0,2003-2004;2005-2006;2007-2008;2009-2010;2011-2012;2013-2014;2015-2016,2003-2004,2015-2016,serum_or_blood,Perfluoroalkyl and Polyfluoroalkyl;Perfluoroalkyl and Polyfluoroalkyl Substances (formerly Polyfluoroalkyl Chemicals - PFC);Polyfluoroalkyl Chemicals,14612.0,17382.0,4964.0,4440.0,25.0,4041.0,True,True,True,True,1.0,survey model feasible but event/sample margin is limited,LBXPFDO,pfas_perfluoro,,,,1.0,1.0,LBXPFDO,LBXPFDO,serum/blood biomarker,2003-2004;2005-2006;2007-2008;2009-2010;2011-2012;2013-2014;2015-2016,7.0,2.0,1.0,pending_manual_review,M0,False,False,False,resolved_mapped,CDC NHANES catalog domains checked: Perfluoroalkyl and Polyfluoroalkyl;Perfluoroalkyl and Polyfluoroalkyl Substances;Perfluoroalkyl and Polyfluoroalkyl Substances (formerly Polyfluoroalkyl Chemicals - PFC); CDC NHANES PFAS serum panel and codebook; local XPT registry variables checked for candidate aliases.,CTD identifiers/name; CDC NHANES laboratory catalog; 27 relevant laboratory domains; downloaded XPT value/LOD/weight columns.,CTD Phase 1 export; CDC NHANES continuous laboratory catalog; CDC NHANES environmental XPT files,direct serum PFAS analyte,,False,,not_human_testable,retain_with_resolved_audit_no_primary_screen,True
267-chemical actionability matrix,,,,D000965,Antimony,GeneCards_Disorders,1000.0,146.0,1.0,1.0,104.0,2.0,M0,False,1.0,"specific_entity_identifier:CasRN,DTXSID,InChIKey",False,antimony,Antimony;7440-36-0,elemental species or metal compound,,,heavy_metals,metal exposure axis,elemental urinary biomarker for parent metal/species,URXUSB,moderate,CDC NHANES metals blood/urine panels and codebooks,119.0,Metals - Urine,mapped,"validated/specificity mapping first; detectability, cycle coverage, and measured N used as non-CRC tie-breakers","[{""variable"": ""URXUSB"", ""n_cycles_available"": 10, ""total_measured"": 26611, ""total_above_lod"": 21457, ""pooled_above_lod_pct"": 80.63206944496636, ""min_cycle_above_lod_pct"": 60.822683706070286, ""median_cycle_above_lod_pct"": 81.36540522103903, ""max_cycle_above_lod_pct"": 100.0}]",80.63206944496636,60.822683706070286,81.36540522103903,100.0,26611.0,21457.0,1.0,10.0,1999-2000;2001-2002;2003-2004;2005-2006;2007-2008;2009-2010;2011-2012;2013-2014;2015-2016;2017-2018,1999-2000,2017-2018,urine,Metals - Urine,26611.0,17382.0,1715.0,1531.0,10.0,1409.0,True,True,True,True,0.0,insufficient complete-case events/sample or survey infrastructure,URXUSB,heavy_metals,7440-36-0,,DTXSID5023879,1.0,1.0,URXUSB,URXUSB,urinary biomarker,1999-2000;2001-2002;2003-2004;2005-2006;2007-2008;2009-2010;2011-2012;2013-2014;2015-2016;2017-2018,10.0,2.0,1.0,pending_manual_review,M0,False,False,False,resolved_mapped,CDC NHANES catalog domains checked: Metals - Urine; CDC NHANES metals blood/urine panels and codebooks; local XPT registry variables checked for candidate aliases.,CTD identifiers/name; CDC NHANES laboratory catalog; 119 relevant laboratory domains; downloaded XPT value/LOD/weight columns.,CTD Phase 1 export; CDC NHANES continuous laboratory catalog; CDC NHANES environmental XPT files,elemental urinary biomarker for parent metal/species,,False,,not_human_testable,retain_with_resolved_audit_no_primary_screen,True
267-chemical actionability matrix,,,,C423915,T0901317,GeneCards_Disorders,1000.0,148.0,1.0,1.0,70.0,1.0,M0,False,1.0,specific_entity_identifier:PubChemCID,False,t0901317,T0901317,CTD entity,,,pfas_perfluoro,PFAS exposure axis,PFAS class searched; no candidate-specific NHANES variable,,unresolved,CDC NHANES PFAS panels searched; no specific analyte name match,0.0,,resolved_no_candidate_specific_analyte,no analyte rows,,,,,,,,,0.0,,,,,,0.0,0.0,0.0,0.0,0.0,0.0,False,False,False,False,0.0,no analyte mapping,,pfas_perfluoro,,CID:447912,,0.0,0.0,,,,,0.0,0.0,1.0,pending_manual_review,M0,False,False,False,resolved_no_supported_candidate_specific_analyte,CDC NHANES catalog domains checked: none matched; CDC NHANES PFAS panels searched; no specific analyte name match; local XPT registry variables checked for candidate aliases.,CTD identifiers/name; CDC NHANES laboratory catalog; 0 relevant laboratory domains; downloaded XPT value/LOD/weight columns.,CTD Phase 1 export; CDC NHANES continuous laboratory catalog; CDC NHANES environmental XPT files,PFAS class searched; no candidate-specific NHANES variable,CDC NHANES PFAS panels searched; no specific analyte name match,False,,not_human_testable,retain_with_resolved_audit_no_primary_screen,True
267-chemical actionability matrix,,,,D006540,Herbicides,GeneCards_Disorders,1000.0,149.0,1.0,1.0,84.0,1.0,M0,False,1.0,specific_ctd_entity_id:D006540,False,herbicides,Herbicides,CTD entity,,,pesticides,pesticide exposure axis,candidate-specific pesticide biomarker not established from NHANES domains,,unresolved,"CDC NHANES pesticide, organophosphate, carbamate, and organochlorine panels searched",168.0,"Pesticides - Carbamates & Organophosphorus Metabolites - Urine;Pesticides - Current Use - Urine (Formerly Priority Pesticides, Non-persistent Pesticide Metabolites);Pesticides - Environmental - Urine;Pesticides - Organochlorine Metabolites - Serum (Surplus)",resolved_no_candidate_specific_analyte,no analyte rows,,,,,,,,,0.0,,,,,,0.0,0.0,0.0,0.0,0.0,0.0,False,False,False,False,0.0,no analyte mapping,,pesticides,,,,0.0,0.0,,,,,0.0,0.0,1.0,pending_manual_review,M0,False,False,False,resolved_no_supported_candidate_specific_analyte,"CDC NHANES catalog domains checked: Pesticides - Carbamates & Organophosphorus Metabolites - Urine;Pesticides - Current Use - Urine (Formerly Priority Pesticides, Non-persistent Pesticide Metabolites);Pesticides - Environmental - Urine;Pesticides - Organochlorine Metabolites - Serum (Surplus); CDC NHANES pesticide, organophosphate, carbamate, and organochlorine panels searched; local XPT registry variables checked for candidate aliases.",CTD identifiers/name; CDC NHANES laboratory catalog; 168 relevant laboratory domains; downloaded XPT value/LOD/weight columns.,CTD Phase 1 export; CDC NHANES continuous laboratory catalog; CDC NHANES environmental XPT files,candidate-specific pesticide biomarker not established from NHANES domains,"CDC NHANES pesticide, organophosphate, carbamate, and organochlorine panels searched",False,,not_human_testable,retain_with_resolved_audit_no_primary_screen,True
267-chemical actionability matrix,,,,C000595304,bis(2-propylheptyl)phthalate,GeneCards_Disorders,1000.0,150.0,1.0,1.0,2.0,0.0,M0,False,1.0,specific_ctd_entity_id:C000595304,False,bis 2 propylheptyl phthalate,bis(2-propylheptyl)phthalate;phthalate;plasticizer,phthalate parent or monoester metabolite,,,phthalates,,none,,unresolved,,161.0,"Phthalates & Plasticizers Metabolites - Urine;Phthalates - Urine;Phthalates and Plasticizers Metabolites - Urine;Phthalates, Phytoestrogens & PAHs - Urine;Phthalates, Phytoestrogens & PAHs - Urine PHPYPA Urinary Phthalates",resolved_no_candidate_specific_analyte,no analyte rows,,,,,,,,,0.0,,,,,,0.0,0.0,0.0,0.0,0.0,0.0,False,False,False,False,0.0,no analyte mapping,,phthalates,,,,0.0,0.0,,,,,0.0,0.0,1.0,pending_manual_review,M0,False,False,False,resolved_no_supported_candidate_specific_analyte,"CDC NHANES catalog domains checked: Phthalates & Plasticizers Metabolites - Urine;Phthalates - Urine;Phthalates and Plasticizers Metabolites - Urine;Phthalates, Phytoestrogens & PAHs - Urine;Phthalates, Phytoestrogens & PAHs - Urine PHPYPA Urinary Phthalates; ; local XPT registry variables checked for candidate aliases.",CTD identifiers/name; CDC NHANES laboratory catalog; 161 relevant laboratory domains; downloaded XPT value/LOD/weight columns.,CTD Phase 1 export; CDC NHANES continuous laboratory catalog; CDC NHANES environmental XPT files,,,False,,not_human_testable,retain_with_resolved_audit_no_primary_screen,True
267-chemical actionability matrix,,,,C000614989,Cesium-137,GeneCards_Disorders,1000.0,151.0,1.0,1.0,6.0,0.0,M0,False,1.0,specific_entity_identifier:PubChemCID,False,cesium 137,Cesium-137,elemental species or metal compound,,,heavy_metals,metal exposure axis,elemental urinary biomarker for parent metal/species,URXUCS,moderate,CDC NHANES metals blood/urine panels and codebooks,119.0,Metals - Urine,mapped,"validated/specificity mapping first; detectability, cycle coverage, and measured N used as non-CRC tie-breakers","[{""variable"": ""URXUCS"", ""n_cycles_available"": 10, ""total_measured"": 26799, ""total_above_lod"": 26798, ""pooled_above_lod_pct"": 99.996268517482, ""min_cycle_above_lod_pct"": 99.96733093760209, ""median_cycle_above_lod_pct"": 100.0, ""max_cycle_above_lod_pct"": 100.0}]",99.996268517482,99.96733093760209,100.0,100.0,26799.0,26798.0,2.0,10.0,1999-2000;2001-2002;2003-2004;2005-2006;2007-2008;2009-2010;2011-2012;2013-2014;2015-2016;2017-2018,1999-2000,2017-2018,urine,Metals - Urine,26799.0,17382.0,1714.0,1530.0,10.0,1409.0,True,True,True,True,0.0,insufficient complete-case events/sample or survey infrastructure,URXUCS,heavy_metals,,CID:5486527,,1.0,1.0,URXUCS,URXUCS,urinary biomarker,1999-2000;2001-2002;2003-2004;2005-2006;2007-2008;2009-2010;2011-2012;2013-2014;2015-2016;2017-2018,10.0,2.0,1.0,pending_manual_review,M0,False,False,False,resolved_mapped,CDC NHANES catalog domains checked: Metals - Urine; CDC NHANES metals blood/urine panels and codebooks; local XPT registry variables checked for candidate aliases.,CTD identifiers/name; CDC NHANES laboratory catalog; 119 relevant laboratory domains; downloaded XPT value/LOD/weight columns.,CTD Phase 1 export; CDC NHANES continuous laboratory catalog; CDC NHANES environmental XPT files,elemental urinary biomarker for parent metal/species,,False,,not_human_testable,retain_with_resolved_audit_no_primary_screen,True
267-chemical actionability matrix,,,,C000619812,perfluoropentanoic acid,GeneCards_Disorders,1000.0,152.0,1.0,1.0,14.0,0.0,M0,False,1.0,specific_ctd_entity_id:C000619812,False,perfluoropentanoic acid,perfluoropentanoic acid;PFAS;PFpentanoic acid,PFAS or fluorinated compound,,,pfas_perfluoro,PFAS exposure axis,PFAS class searched; no candidate-specific NHANES variable,,unresolved,CDC NHANES PFAS panels searched; no specific analyte name match,27.0,Perfluoroalkyl and Polyfluoroalkyl;Perfluoroalkyl and Polyfluoroalkyl Substances;Perfluoroalkyl and Polyfluoroalkyl Substances (formerly Polyfluoroalkyl Chemicals - PFC),resolved_no_candidate_specific_analyte,no analyte rows,,,,,,,,,0.0,,,,,,0.0,0.0,0.0,0.0,0.0,0.0,False,False,False,False,0.0,no analyte mapping,,pfas_perfluoro,,,,0.0,0.0,,,,,0.0,0.0,1.0,pending_manual_review,M0,False,False,False,resolved_no_supported_candidate_specific_analyte,CDC NHANES catalog domains checked: Perfluoroalkyl and Polyfluoroalkyl;Perfluoroalkyl and Polyfluoroalkyl Substances;Perfluoroalkyl and Polyfluoroalkyl Substances (formerly Polyfluoroalkyl Chemicals - PFC); CDC NHANES PFAS panels searched; no specific analyte name match; local XPT registry variables checked for candidate aliases.,CTD identifiers/name; CDC NHANES laboratory catalog; 27 relevant laboratory domains; downloaded XPT value/LOD/weight columns.,CTD Phase 1 export; CDC NHANES continuous laboratory catalog; CDC NHANES environmental XPT files,PFAS class searched; no candidate-specific NHANES variable,CDC NHANES PFAS panels searched; no specific analyte name match,False,,not_human_testable,retain_with_resolved_audit_no_primary_screen,True
267-chemical actionability matrix,,,,C000705689,"1,1-bis(4-hydroxyphenyl)-2,2-dichloroethylene",GeneCards_Disorders,1000.0,153.0,1.0,1.0,4.0,0.0,M0,False,1.0,specific_ctd_entity_id:C000705689,False,1 1 bis 4 hydroxyphenyl 2 2 dichloroethylene,"1,1-bis(4-hydroxyphenyl)-2,2-dichloroethylene",CTD entity,,,bisphenols,bisphenol exposure axis,bisphenol family searched; no candidate-specific NHANES variable,,unresolved,CDC NHANES environmental phenols/parabens panels searched,0.0,,resolved_no_candidate_specific_analyte,no analyte rows,,,,,,,,,0.0,,,,,,0.0,0.0,0.0,0.0,0.0,0.0,False,False,False,False,0.0,no analyte mapping,,bisphenols,,,,0.0,0.0,,,,,0.0,0.0,1.0,pending_manual_review,M0,False,False,False,resolved_no_supported_candidate_specific_analyte,CDC NHANES catalog domains checked: none matched; CDC NHANES environmental phenols/parabens panels searched; local XPT registry variables checked for candidate aliases.,CTD identifiers/name; CDC NHANES laboratory catalog; 0 relevant laboratory domains; downloaded XPT value/LOD/weight columns.,CTD Phase 1 export; CDC NHANES continuous laboratory catalog; CDC NHANES environmental XPT files,bisphenol family searched; no candidate-specific NHANES variable,CDC NHANES environmental phenols/parabens panels searched,False,,not_human_testable,retain_with_resolved_audit_no_primary_screen,True
267-chemical actionability matrix,,,,C000705701,bisphenol E,GeneCards_Disorders,1000.0,154.0,1.0,1.0,9.0,0.0,M0,False,1.0,specific_entity_identifier:PubChemCID,False,bisphenol e,bisphenol E,bisphenol or bisphenol-related compound,,,bisphenols,bisphenol exposure axis,direct urinary analyte,URXBPH,high,CDC NHANES environmental phenols panel and codebook,33.0,Environmental Phenols;Environmental Phenols & Parabens,mapped,"validated/specificity mapping first; detectability, cycle coverage, and measured N used as non-CRC tie-breakers","[{""variable"": ""URXBPH"", ""n_cycles_available"": 5, ""total_measured"": 12907, ""total_above_lod"": 11918, ""pooled_above_lod_pct"": 92.3374912837995, ""min_cycle_above_lod_pct"": 89.71474487746083, ""median_cycle_above_lod_pct"": 92.85714285714286, ""max_cycle_above_lod_pct"": 93.62519201228879}]",92.3374912837995,89.71474487746083,92.85714285714286,93.6251920122888,12907.0,11918.0,2.0,5.0,2003-2004;2005-2006;2007-2008;2009-2010;2011-2012,2003-2004,2011-2012,urine,Environmental Phenols;Environmental Phenols & Parabens,12907.0,17382.0,6912.0,6261.0,45.0,5706.0,True,True,True,True,1.0,survey model feasible but event/sample margin is limited,URXBPH,bisphenols,,CID:608116,,1.0,1.0,URXBPH,URXBPH,urinary biomarker,2003-2004;2005-2006;2007-2008;2009-2010;2011-2012,5.0,2.0,1.0,pending_manual_review,M0,True,True,False,resolved_mapped,CDC NHANES catalog domains checked: Environmental Phenols;Environmental Phenols & Parabens; CDC NHANES environmental phenols panel and codebook; local XPT registry variables checked for candidate aliases.,CTD identifiers/name; CDC NHANES laboratory catalog; 33 relevant laboratory domains; downloaded XPT value/LOD/weight columns.,CTD Phase 1 export; CDC NHANES continuous laboratory catalog; CDC NHANES environmental XPT files,direct urinary analyte,,False,,Tier_A_moderate,enter_systematic_human_screen,True
267-chemical actionability matrix,,,,C000720090,"4,8-dioxa-3H-perfluorononanoic acid",GeneCards_Disorders,1000.0,155.0,1.0,1.0,3.0,0.0,M0,False,1.0,specific_ctd_entity_id:C000720090,False,4 8 dioxa 3h perfluorononanoic acid,"4,8-dioxa-3H-perfluorononanoic acid;PFAS;4 8 dioxa 3h PFnonanoic acid",PFAS or fluorinated compound,,,pfas_perfluoro,PFAS exposure axis,PFAS class searched; no candidate-specific NHANES GenX/HFPO-DA variable,,unresolved,CDC NHANES PFAS panels searched; PFNA explicitly excluded as a non-equivalent analyte,27.0,Perfluoroalkyl and Polyfluoroalkyl;Perfluoroalkyl and Polyfluoroalkyl Substances;Perfluoroalkyl and Polyfluoroalkyl Substances (formerly Polyfluoroalkyl Chemicals - PFC),resolved_no_candidate_specific_analyte,no analyte rows,,,,,,,,,0.0,,,,,,0.0,0.0,0.0,0.0,0.0,0.0,False,False,False,False,0.0,no analyte mapping,,pfas_perfluoro,,,,0.0,0.0,,,,,0.0,0.0,1.0,pending_manual_review,M0,False,False,False,resolved_no_supported_candidate_specific_analyte,CDC NHANES catalog domains checked: Perfluoroalkyl and Polyfluoroalkyl;Perfluoroalkyl and Polyfluoroalkyl Substances;Perfluoroalkyl and Polyfluoroalkyl Substances (formerly Polyfluoroalkyl Chemicals - PFC); CDC NHANES PFAS panels searched; PFNA explicitly excluded as a non-equivalent analyte; local XPT registry variables checked for candidate aliases.,CTD identifiers/name; CDC NHANES laboratory catalog; 27 relevant laboratory domains; downloaded XPT value/LOD/weight columns.,CTD Phase 1 export; CDC NHANES continuous laboratory catalog; CDC NHANES environmental XPT files,PFAS class searched; no candidate-specific NHANES GenX/HFPO-DA variable,CDC NHANES PFAS panels searched; PFNA explicitly excluded as a non-equivalent analyte,False,,not_human_testable,retain_with_resolved_audit_no_primary_screen,True
267-chemical actionability matrix,,,,C000720141,perfluorotridecanoic acid,GeneCards_Disorders,1000.0,156.0,1.0,1.0,6.0,0.0,M0,False,1.0,specific_ctd_entity_id:C000720141,False,perfluorotridecanoic acid,perfluorotridecanoic acid;PFAS;PFtridecanoic acid,PFAS or fluorinated compound,,,pfas_perfluoro,PFAS exposure axis,PFAS class searched; no candidate-specific NHANES variable,,unresolved,CDC NHANES PFAS panels searched; no specific analyte name match,27.0,Perfluoroalkyl and Polyfluoroalkyl;Perfluoroalkyl and Polyfluoroalkyl Substances;Perfluoroalkyl and Polyfluoroalkyl Substances (formerly Polyfluoroalkyl Chemicals - PFC),resolved_no_candidate_specific_analyte,no analyte rows,,,,,,,,,0.0,,,,,,0.0,0.0,0.0,0.0,0.0,0.0,False,False,False,False,0.0,no analyte mapping,,pfas_perfluoro,,,,0.0,0.0,,,,,0.0,0.0,1.0,pending_manual_review,M0,False,False,False,resolved_no_supported_candidate_specific_analyte,CDC NHANES catalog domains checked: Perfluoroalkyl and Polyfluoroalkyl;Perfluoroalkyl and Polyfluoroalkyl Substances;Perfluoroalkyl and Polyfluoroalkyl Substances (formerly Polyfluoroalkyl Chemicals - PFC); CDC NHANES PFAS panels searched; no specific analyte name match; local XPT registry variables checked for candidate aliases.,CTD identifiers/name; CDC NHANES laboratory catalog; 27 relevant laboratory domains; downloaded XPT value/LOD/weight columns.,CTD Phase 1 export; CDC NHANES continuous laboratory catalog; CDC NHANES environmental XPT files,PFAS class searched; no candidate-specific NHANES variable,CDC NHANES PFAS panels searched; no specific analyte name match,False,,not_human_testable,retain_with_resolved_audit_no_primary_screen,True
267-chemical actionability matrix,,,,C000720151,"perfluoro-3,5,7,9-butaoxadecanoic acid",GeneCards_Disorders,1000.0,157.0,1.0,1.0,1.0,0.0,M0,False,1.0,specific_entity_identifier:PubChemCID,False,perfluoro 3 5 7 9 butaoxadecanoic acid,"perfluoro-3,5,7,9-butaoxadecanoic acid;PFAS;PF 3 5 7 9 butaoxadecanoic acid",PFAS or fluorinated compound,,,pfas_perfluoro,PFAS exposure axis,PFAS class searched; no candidate-specific NHANES variable,,unresolved,CDC NHANES PFAS panels searched; no specific analyte name match,27.0,Perfluoroalkyl and Polyfluoroalkyl;Perfluoroalkyl and Polyfluoroalkyl Substances;Perfluoroalkyl and Polyfluoroalkyl Substances (formerly Polyfluoroalkyl Chemicals - PFC),resolved_no_candidate_specific_analyte,no analyte rows,,,,,,,,,0.0,,,,,,0.0,0.0,0.0,0.0,0.0,0.0,False,False,False,False,0.0,no analyte mapping,,pfas_perfluoro,,CID:57358057,,0.0,0.0,,,,,0.0,0.0,1.0,pending_manual_review,M0,False,False,False,resolved_no_supported_candidate_specific_analyte,CDC NHANES catalog domains checked: Perfluoroalkyl and Polyfluoroalkyl;Perfluoroalkyl and Polyfluoroalkyl Substances;Perfluoroalkyl and Polyfluoroalkyl Substances (formerly Polyfluoroalkyl Chemicals - PFC); CDC NHANES PFAS panels searched; no specific analyte name match; local XPT registry variables checked for candidate aliases.,CTD identifiers/name; CDC NHANES laboratory catalog; 27 relevant laboratory domains; downloaded XPT value/LOD/weight columns.,CTD Phase 1 export; CDC NHANES continuous laboratory catalog; CDC NHANES environmental XPT files,PFAS class searched; no candidate-specific NHANES variable,CDC NHANES PFAS panels searched; no specific analyte name match,False,,not_human_testable,retain_with_resolved_audit_no_primary_screen,True
267-chemical actionability matrix,,,,C000720250,perfluoro-2-methoxyacetic acid,GeneCards_Disorders,1000.0,158.0,1.0,1.0,1.0,0.0,M0,False,1.0,specific_entity_identifier:PubChemCID,False,perfluoro 2 methoxyacetic acid,perfluoro-2-methoxyacetic acid;PFAS;PF 2 methoxyacetic acid,PFAS or fluorinated compound,,,pfas_perfluoro,PFAS exposure axis,PFAS class searched; no candidate-specific NHANES variable,,unresolved,CDC NHANES PFAS panels searched; no specific analyte name match,27.0,Perfluoroalkyl and Polyfluoroalkyl;Perfluoroalkyl and Polyfluoroalkyl Substances;Perfluoroalkyl and Polyfluoroalkyl Substances (formerly Polyfluoroalkyl Chemicals - PFC),resolved_no_candidate_specific_analyte,no analyte rows,,,,,,,,,0.0,,,,,,0.0,0.0,0.0,0.0,0.0,0.0,False,False,False,False,0.0,no analyte mapping,,pfas_perfluoro,,CID:5125273,,0.0,0.0,,,,,0.0,0.0,1.0,pending_manual_review,M0,False,False,False,resolved_no_supported_candidate_specific_analyte,CDC NHANES catalog domains checked: Perfluoroalkyl and Polyfluoroalkyl;Perfluoroalkyl and Polyfluoroalkyl Substances;Perfluoroalkyl and Polyfluoroalkyl Substances (formerly Polyfluoroalkyl Chemicals - PFC); CDC NHANES PFAS panels searched; no specific analyte name match; local XPT registry variables checked for candidate aliases.,CTD identifiers/name; CDC NHANES laboratory catalog; 27 relevant laboratory domains; downloaded XPT value/LOD/weight columns.,CTD Phase 1 export; CDC NHANES continuous laboratory catalog; CDC NHANES environmental XPT files,PFAS class searched; no candidate-specific NHANES variable,CDC NHANES PFAS panels searched; no specific analyte name match,False,,not_human_testable,retain_with_resolved_audit_no_primary_screen,True
267-chemical actionability matrix,,,,C000730470,bisphenol P,GeneCards_Disorders,1000.0,159.0,1.0,1.0,4.0,0.0,M0,False,1.0,specific_entity_identifier:PubChemCID,False,bisphenol p,bisphenol P,bisphenol or bisphenol-related compound,,,bisphenols,bisphenol exposure axis,direct urinary analyte,URXBPH,high,CDC NHANES environmental phenols panel and codebook,33.0,Environmental Phenols;Environmental Phenols & Parabens,mapped,"validated/specificity mapping first; detectability, cycle coverage, and measured N used as non-CRC tie-breakers","[{""variable"": ""URXBPH"", ""n_cycles_available"": 5, ""total_measured"": 12907, ""total_above_lod"": 11918, ""pooled_above_lod_pct"": 92.3374912837995, ""min_cycle_above_lod_pct"": 89.71474487746083, ""median_cycle_above_lod_pct"": 92.85714285714286, ""max_cycle_above_lod_pct"": 93.62519201228879}]",92.3374912837995,89.71474487746083,92.85714285714286,93.6251920122888,12907.0,11918.0,2.0,5.0,2003-2004;2005-2006;2007-2008;2009-2010;2011-2012,2003-2004,2011-2012,urine,Environmental Phenols;Environmental Phenols & Parabens,12907.0,17382.0,6912.0,6261.0,45.0,5706.0,True,True,True,True,1.0,survey model feasible but event/sample margin is limited,URXBPH,bisphenols,,CID:630355,,1.0,1.0,URXBPH,URXBPH,urinary biomarker,2003-2004;2005-2006;2007-2008;2009-2010;2011-2012,5.0,2.0,1.0,pending_manual_review,M0,True,True,False,resolved_mapped,CDC NHANES catalog domains checked: Environmental Phenols;Environmental Phenols & Parabens; CDC NHANES environmental phenols panel and codebook; local XPT registry variables checked for candidate aliases.,CTD identifiers/name; CDC NHANES laboratory catalog; 33 relevant laboratory domains; downloaded XPT value/LOD/weight columns.,CTD Phase 1 export; CDC NHANES continuous laboratory catalog; CDC NHANES environmental XPT files,direct urinary analyte,,False,,Tier_A_moderate,enter_systematic_human_screen,True
267-chemical actionability matrix,,,,C000730511,"3,3'-dimethylbisphenol A",GeneCards_Disorders,1000.0,160.0,1.0,1.0,5.0,0.0,M0,False,1.0,specific_entity_identifier:PubChemCID,False,3 3 dimethylbisphenol a,"3,3'-dimethylbisphenol A;BPA",bisphenol or bisphenol-related compound,,,bisphenols,bisphenol exposure axis,direct urinary analyte,URXBPH,high,CDC NHANES environmental phenols panel and codebook,33.0,Environmental Phenols;Environmental Phenols & Parabens,mapped,"validated/specificity mapping first; detectability, cycle coverage, and measured N used as non-CRC tie-breakers","[{""variable"": ""URXBPH"", ""n_cycles_available"": 5, ""total_measured"": 12907, ""total_above_lod"": 11918, ""pooled_above_lod_pct"": 92.3374912837995, ""min_cycle_above_lod_pct"": 89.71474487746083, ""median_cycle_above_lod_pct"": 92.85714285714286, ""max_cycle_above_lod_pct"": 93.62519201228879}]",92.3374912837995,89.71474487746083,92.85714285714286,93.6251920122888,12907.0,11918.0,2.0,5.0,2003-2004;2005-2006;2007-2008;2009-2010;2011-2012,2003-2004,2011-2012,urine,Environmental Phenols;Environmental Phenols & Parabens,12907.0,17382.0,6912.0,6261.0,45.0,5706.0,True,True,True,True,1.0,survey model feasible but event/sample margin is limited,URXBPH,bisphenols,,CID:6620,,1.0,1.0,URXBPH,URXBPH,urinary biomarker,2003-2004;2005-2006;2007-2008;2009-2010;2011-2012,5.0,2.0,1.0,pending_manual_review,M0,True,True,False,resolved_mapped,CDC NHANES catalog domains checked: Environmental Phenols;Environmental Phenols & Parabens; CDC NHANES environmental phenols panel and codebook; local XPT registry variables checked for candidate aliases.,CTD identifiers/name; CDC NHANES laboratory catalog; 33 relevant laboratory domains; downloaded XPT value/LOD/weight columns.,CTD Phase 1 export; CDC NHANES continuous laboratory catalog; CDC NHANES environmental XPT files,direct urinary analyte,,False,,Tier_A_moderate,enter_systematic_human_screen,True
267-chemical actionability matrix,,,,C002462,"4,4'-isopropylidenediphenol dimethacrylate",GeneCards_Disorders,1000.0,161.0,1.0,1.0,7.0,0.0,M0,False,1.0,specific_entity_identifier:PubChemCID,False,4 4 isopropylidenediphenol dimethacrylate,"4,4'-isopropylidenediphenol dimethacrylate",CTD entity,,,bisphenols,bisphenol exposure axis,bisphenol family searched; no candidate-specific NHANES variable,,unresolved,CDC NHANES environmental phenols/parabens panels searched,0.0,,resolved_no_candidate_specific_analyte,no analyte rows,,,,,,,,,0.0,,,,,,0.0,0.0,0.0,0.0,0.0,0.0,False,False,False,False,0.0,no analyte mapping,,bisphenols,,CID:76739,,0.0,0.0,,,,,0.0,0.0,1.0,pending_manual_review,M0,False,False,False,resolved_no_supported_candidate_specific_analyte,CDC NHANES catalog domains checked: none matched; CDC NHANES environmental phenols/parabens panels searched; local XPT registry variables checked for candidate aliases.,CTD identifiers/name; CDC NHANES laboratory catalog; 0 relevant laboratory domains; downloaded XPT value/LOD/weight columns.,CTD Phase 1 export; CDC NHANES continuous laboratory catalog; CDC NHANES environmental XPT files,bisphenol family searched; no candidate-specific NHANES variable,CDC NHANES environmental phenols/parabens panels searched,False,,not_human_testable,retain_with_resolved_audit_no_primary_screen,True
267-chemical actionability matrix,,,,C002615,benzo(c)phenanthrene,GeneCards_Disorders,1000.0,162.0,1.0,1.0,9.0,0.0,M0,False,1.0,"specific_entity_identifier:CasRN,PubChemCID,DTXSID,InChIKey",False,benzo c phenanthrene,benzo(c)phenanthrene;195-19-7,CTD entity,,,pahs,PAH exposure axis,parent PAH to validated urinary OH-PAH proxy,URXP25,moderate,CDC NHANES urinary OH-PAH panel; parent-specificity is limited,68.0,Polyaromatic Hydrocarbons (PAHs) - Urine;Polyaromatic Hydrocarbons -Urine;Polycyclic Aromatic Hydrocarbons (PAH) - Urine,mapped,"validated/specificity mapping first; detectability, cycle coverage, and measured N used as non-CRC tie-breakers","[{""variable"": ""URXP25"", ""n_cycles_available"": 3, ""total_measured"": 8459, ""total_above_lod"": 8416, ""pooled_above_lod_pct"": 99.49166568152263, ""min_cycle_above_lod_pct"": 99.20692141312185, ""median_cycle_above_lod_pct"": 99.54716981132076, ""max_cycle_above_lod_pct"": 99.70345963756178}]",99.49166568152263,99.20692141312183,99.54716981132076,99.70345963756178,8459.0,8416.0,2.0,3.0,2013-2014;2015-2016;2017-2018,2013-2014,2017-2018,urine,Polycyclic Aromatic Hydrocarbons (PAH) - Urine,8459.0,17382.0,0.0,0.0,0.0,0.0,False,True,True,True,0.0,insufficient complete-case events/sample or survey infrastructure,URXP25,pahs,195-19-7,CID:9136,DTXSID4075459,1.0,1.0,URXP25,URXP25,urinary biomarker,2013-2014;2015-2016;2017-2018,3.0,1.0,1.0,pending_manual_review,M0,False,False,False,resolved_mapped,CDC NHANES catalog domains checked: Polyaromatic Hydrocarbons (PAHs) - Urine;Polyaromatic Hydrocarbons -Urine;Polycyclic Aromatic Hydrocarbons (PAH) - Urine; CDC NHANES urinary OH-PAH panel; parent-specificity is limited; local XPT registry variables checked for candidate aliases.,CTD identifiers/name; CDC NHANES laboratory catalog; 68 relevant laboratory domains; downloaded XPT value/LOD/weight columns.,CTD Phase 1 export; CDC NHANES continuous laboratory catalog; CDC NHANES environmental XPT files,parent PAH to validated urinary OH-PAH proxy,,False,,not_human_testable,retain_with_resolved_audit_no_primary_screen,True
267-chemical actionability matrix,,,,C006710,benzotriphenylene,GeneCards_Disorders,1000.0,163.0,1.0,1.0,6.0,0.0,M0,False,1.0,"specific_entity_identifier:CasRN,PubChemCID,DTXSID,InChIKey",False,benzotriphenylene,benzotriphenylene;215-58-7,CTD entity,,,pahs,PAH exposure axis,parent PAH to validated urinary OH-PAH proxy,URXP10,moderate,CDC NHANES urinary OH-PAH panel; parent-specificity is limited,68.0,Polyaromatic Hydrocarbons (PAHs) - Urine;Polyaromatic Hydrocarbons -Urine;Polycyclic Aromatic Hydrocarbons (PAH) - Urine,mapped,"validated/specificity mapping first; detectability, cycle coverage, and measured N used as non-CRC tie-breakers","[{""variable"": ""URXP10"", ""n_cycles_available"": 9, ""total_measured"": 23952, ""total_above_lod"": 21231, ""pooled_above_lod_pct"": 88.63977955911824, ""min_cycle_above_lod_pct"": 60.21621621621622, ""median_cycle_above_lod_pct"": 99.3638170974155, ""max_cycle_above_lod_pct"": 100.0}]",88.63977955911824,60.21621621621622,99.3638170974155,100.0,23952.0,21231.0,1.0,9.0,2001-2002;2003-2004;2005-2006;2007-2008;2009-2010;2011-2012;2013-2014;2015-2016;2017-2018,2001-2002,2017-2018,urine,"Phthalates, Phytoestrogens & PAHs - Urine;Polyaromatic Hydrocarbons (PAHs) - Urine;Polyaromatic Hydrocarbons -Urine;Polycyclic Aromatic Hydrocarbons (PAH) - Urine",23952.0,17382.0,9896.0,8980.0,70.0,8195.0,True,True,True,True,2.0,predefined primary survey model feasible,URXP10,pahs,215-58-7,CID:9164,DTXSID9049245,1.0,1.0,URXP10,URXP10,urinary biomarker,2001-2002;2003-2004;2005-2006;2007-2008;2009-2010;2011-2012;2013-2014;2015-2016;2017-2018,9.0,2.0,1.0,pending_manual_review,M0,True,True,False,resolved_mapped,CDC NHANES catalog domains checked: Polyaromatic Hydrocarbons (PAHs) - Urine;Polyaromatic Hydrocarbons -Urine;Polycyclic Aromatic Hydrocarbons (PAH) - Urine; CDC NHANES urinary OH-PAH panel; parent-specificity is limited; local XPT registry variables checked for candidate aliases.,CTD identifiers/name; CDC NHANES laboratory catalog; 68 relevant laboratory domains; downloaded XPT value/LOD/weight columns.,CTD Phase 1 export; CDC NHANES continuous laboratory catalog; CDC NHANES environmental XPT files,parent PAH to validated urinary OH-PAH proxy,,False,,Tier_A_moderate,enter_systematic_human_screen,True
267-chemical actionability matrix,,,,C008422,5-methylchrysene,GeneCards_Disorders,1000.0,164.0,1.0,1.0,3.0,0.0,M0,False,1.0,"specific_entity_identifier:CasRN,PubChemCID,DTXSID,InChIKey",False,5 methylchrysene,5-methylchrysene;3697-24-3,CTD entity,,,pahs,PAH exposure axis,parent PAH to validated urinary OH-PAH proxy,URXP10,moderate,CDC NHANES urinary OH-PAH panel; parent-specificity is limited,68.0,Polyaromatic Hydrocarbons (PAHs) - Urine;Polyaromatic Hydrocarbons -Urine;Polycyclic Aromatic Hydrocarbons (PAH) - Urine,mapped,"validated/specificity mapping first; detectability, cycle coverage, and measured N used as non-CRC tie-breakers","[{""variable"": ""URXP10"", ""n_cycles_available"": 9, ""total_measured"": 23952, ""total_above_lod"": 21231, ""pooled_above_lod_pct"": 88.63977955911824, ""min_cycle_above_lod_pct"": 60.21621621621622, ""median_cycle_above_lod_pct"": 99.3638170974155, ""max_cycle_above_lod_pct"": 100.0}]",88.63977955911824,60.21621621621622,99.3638170974155,100.0,23952.0,21231.0,1.0,9.0,2001-2002;2003-2004;2005-2006;2007-2008;2009-2010;2011-2012;2013-2014;2015-2016;2017-2018,2001-2002,2017-2018,urine,"Phthalates, Phytoestrogens & PAHs - Urine;Polyaromatic Hydrocarbons (PAHs) - Urine;Polyaromatic Hydrocarbons -Urine;Polycyclic Aromatic Hydrocarbons (PAH) - Urine",23952.0,17382.0,9896.0,8980.0,70.0,8195.0,True,True,True,True,2.0,predefined primary survey model feasible,URXP10,pahs,3697-24-3,CID:19427,DTXSID6063143,1.0,1.0,URXP10,URXP10,urinary biomarker,2001-2002;2003-2004;2005-2006;2007-2008;2009-2010;2011-2012;2013-2014;2015-2016;2017-2018,9.0,2.0,1.0,pending_manual_review,M0,True,True,False,resolved_mapped,CDC NHANES catalog domains checked: Polyaromatic Hydrocarbons (PAHs) - Urine;Polyaromatic Hydrocarbons -Urine;Polycyclic Aromatic Hydrocarbons (PAH) - Urine; CDC NHANES urinary OH-PAH panel; parent-specificity is limited; local XPT registry variables checked for candidate aliases.,CTD identifiers/name; CDC NHANES laboratory catalog; 68 relevant laboratory domains; downloaded XPT value/LOD/weight columns.,CTD Phase 1 export; CDC NHANES continuous laboratory catalog; CDC NHANES environmental XPT files,parent PAH to validated urinary OH-PAH proxy,,False,,Tier_A_moderate,enter_systematic_human_screen,True
267-chemical actionability matrix,,,,C009005,potassium mercuric thiocyanate,GeneCards_Disorders,1000.0,165.0,1.0,1.0,1.0,0.0,M0,False,1.0,"specific_entity_identifier:CasRN,PubChemCID,DTXSID,InChIKey",False,potassium mercuric thiocyanate,potassium mercuric thiocyanate;14099-12-8,elemental species or metal compound,,,heavy_metals,metal exposure axis,metal family searched; no mapped elemental analyte,,unresolved,CDC NHANES Metals - Urine and blood metal panels searched,119.0,Metals - Urine,resolved_no_candidate_specific_analyte,no analyte rows,,,,,,,,,0.0,,,,,,0.0,0.0,0.0,0.0,0.0,0.0,False,False,False,False,0.0,no analyte mapping,,heavy_metals,14099-12-8,CID:11615,DTXSID70930966,0.0,0.0,,,,,0.0,0.0,1.0,pending_manual_review,M0,False,False,False,resolved_no_supported_candidate_specific_analyte,CDC NHANES catalog domains checked: Metals - Urine; CDC NHANES Metals - Urine and blood metal panels searched; local XPT registry variables checked for candidate aliases.,CTD identifiers/name; CDC NHANES laboratory catalog; 119 relevant laboratory domains; downloaded XPT value/LOD/weight columns.,CTD Phase 1 export; CDC NHANES continuous laboratory catalog; CDC NHANES environmental XPT files,metal family searched; no mapped elemental analyte,CDC NHANES Metals - Urine and blood metal panels searched,False,,not_human_testable,retain_with_resolved_audit_no_primary_screen,True
267-chemical actionability matrix,,,,C009590,triphenylene,GeneCards_Disorders,1000.0,166.0,1.0,1.0,6.0,0.0,M0,False,1.0,"specific_entity_identifier:CasRN,PubChemCID,DTXSID,InChIKey",False,triphenylene,triphenylene;217-59-4,CTD entity,,,pahs,PAH exposure axis,family-level urinary OH-PAH proxy,URXP10,low,CDC NHANES urinary OH-PAH panel; only family-level proxy assigned,68.0,Polyaromatic Hydrocarbons (PAHs) - Urine;Polyaromatic Hydrocarbons -Urine;Polycyclic Aromatic Hydrocarbons (PAH) - Urine,mapped,"validated/specificity mapping first; detectability, cycle coverage, and measured N used as non-CRC tie-breakers","[{""variable"": ""URXP10"", ""n_cycles_available"": 9, ""total_measured"": 23952, ""total_above_lod"": 21231, ""pooled_above_lod_pct"": 88.63977955911824, ""min_cycle_above_lod_pct"": 60.21621621621622, ""median_cycle_above_lod_pct"": 99.3638170974155, ""max_cycle_above_lod_pct"": 100.0}]",88.63977955911824,60.21621621621622,99.3638170974155,100.0,23952.0,21231.0,1.0,9.0,2001-2002;2003-2004;2005-2006;2007-2008;2009-2010;2011-2012;2013-2014;2015-2016;2017-2018,2001-2002,2017-2018,urine,"Phthalates, Phytoestrogens & PAHs - Urine;Polyaromatic Hydrocarbons (PAHs) - Urine;Polyaromatic Hydrocarbons -Urine;Polycyclic Aromatic Hydrocarbons (PAH) - Urine",23952.0,17382.0,9896.0,8980.0,70.0,8195.0,True,True,True,True,2.0,predefined primary survey model feasible,URXP10,pahs,217-59-4,CID:9170,DTXSID9059757,1.0,1.0,URXP10,URXP10,urinary biomarker,2001-2002;2003-2004;2005-2006;2007-2008;2009-2010;2011-2012;2013-2014;2015-2016;2017-2018,9.0,2.0,1.0,pending_manual_review,M0,True,True,False,resolved_mapped,CDC NHANES catalog domains checked: Polyaromatic Hydrocarbons (PAHs) - Urine;Polyaromatic Hydrocarbons -Urine;Polycyclic Aromatic Hydrocarbons (PAH) - Urine; CDC NHANES urinary OH-PAH panel; only family-level proxy assigned; local XPT registry variables checked for candidate aliases.,CTD identifiers/name; CDC NHANES laboratory catalog; 68 relevant laboratory domains; downloaded XPT value/LOD/weight columns.,CTD Phase 1 export; CDC NHANES continuous laboratory catalog; CDC NHANES environmental XPT files,family-level urinary OH-PAH proxy,,False,,Tier_A_moderate,enter_systematic_human_screen,True
267-chemical actionability matrix,,,,C013707,thallium sulfate,GeneCards_Disorders,1000.0,167.0,1.0,1.0,41.0,0.0,M0,False,1.0,"specific_entity_identifier:CasRN,PubChemCID,DTXSID",False,thallium sulfate,thallium sulfate;10031-59-1,elemental species or metal compound,,,heavy_metals,metal exposure axis,elemental urinary biomarker for parent metal/species,URXUTL,moderate,CDC NHANES metals blood/urine panels and codebooks,119.0,Metals - Urine,mapped,"validated/specificity mapping first; detectability, cycle coverage, and measured N used as non-CRC tie-breakers","[{""variable"": ""URXUTL"", ""n_cycles_available"": 10, ""total_measured"": 26712, ""total_above_lod"": 26612, ""pooled_above_lod_pct"": 99.62563641808924, ""min_cycle_above_lod_pct"": 99.21171171171171, ""median_cycle_above_lod_pct"": 99.60598105377915, ""max_cycle_above_lod_pct"": 100.0}]",99.62563641808924,99.21171171171171,99.60598105377916,100.0,26712.0,26612.0,2.0,10.0,1999-2000;2001-2002;2003-2004;2005-2006;2007-2008;2009-2010;2011-2012;2013-2014;2015-2016;2017-2018,1999-2000,2017-2018,urine,Metals - Urine,26712.0,17382.0,1715.0,1531.0,10.0,1409.0,True,True,True,True,0.0,insufficient complete-case events/sample or survey infrastructure,URXUTL,heavy_metals,10031-59-1,CID:24833,DTXSID401014795,1.0,1.0,URXUTL,URXUTL,urinary biomarker,1999-2000;2001-2002;2003-2004;2005-2006;2007-2008;2009-2010;2011-2012;2013-2014;2015-2016;2017-2018,10.0,2.0,1.0,pending_manual_review,M0,False,False,False,resolved_mapped,CDC NHANES catalog domains checked: Metals - Urine; CDC NHANES metals blood/urine panels and codebooks; local XPT registry variables checked for candidate aliases.,CTD identifiers/name; CDC NHANES laboratory catalog; 119 relevant laboratory domains; downloaded XPT value/LOD/weight columns.,CTD Phase 1 export; CDC NHANES continuous laboratory catalog; CDC NHANES environmental XPT files,elemental urinary biomarker for parent metal/species,,False,,not_human_testable,retain_with_resolved_audit_no_primary_screen,True
267-chemical actionability matrix,,,,C014844,tetrahydrophthalamic acid,GeneCards_Disorders,1000.0,168.0,1.0,1.0,1.0,0.0,M0,False,1.0,"specific_entity_identifier:CasRN,PubChemCID,DTXSID,InChIKey",False,tetrahydrophthalamic acid,tetrahydrophthalamic acid;2028-12-8,CTD entity,,,phthalates,,none,,unresolved,,0.0,,resolved_no_candidate_specific_analyte,no analyte rows,,,,,,,,,0.0,,,,,,0.0,0.0,0.0,0.0,0.0,0.0,False,False,False,False,0.0,no analyte mapping,,phthalates,2028-12-8,CID:99725,DTXSID90942400,0.0,0.0,,,,,0.0,0.0,1.0,pending_manual_review,M0,False,False,False,resolved_no_supported_candidate_specific_analyte,CDC NHANES catalog domains checked: none matched; ; local XPT registry variables checked for candidate aliases.,CTD identifiers/name; CDC NHANES laboratory catalog; 0 relevant laboratory domains; downloaded XPT value/LOD/weight columns.,CTD Phase 1 export; CDC NHANES continuous laboratory catalog; CDC NHANES environmental XPT files,,,False,,not_human_testable,retain_with_resolved_audit_no_primary_screen,True
267-chemical actionability matrix,,,,C015428,perrhenate,GeneCards_Disorders,1000.0,169.0,1.0,1.0,1.0,0.0,M0,False,1.0,"specific_entity_identifier:CasRN,DTXSID,InChIKey",False,perrhenate,perrhenate;14333-24-5,elemental species or metal compound,,,heavy_metals,metal exposure axis,metal family searched; no mapped elemental analyte,,unresolved,CDC NHANES Metals - Urine and blood metal panels searched,119.0,Metals - Urine,resolved_no_candidate_specific_analyte,no analyte rows,,,,,,,,,0.0,,,,,,0.0,0.0,0.0,0.0,0.0,0.0,False,False,False,False,0.0,no analyte mapping,,heavy_metals,14333-24-5,,DTXSID301318427,0.0,0.0,,,,,0.0,0.0,1.0,pending_manual_review,M0,False,False,False,resolved_no_supported_candidate_specific_analyte,CDC NHANES catalog domains checked: Metals - Urine; CDC NHANES Metals - Urine and blood metal panels searched; local XPT registry variables checked for candidate aliases.,CTD identifiers/name; CDC NHANES laboratory catalog; 119 relevant laboratory domains; downloaded XPT value/LOD/weight columns.,CTD Phase 1 export; CDC NHANES continuous laboratory catalog; CDC NHANES environmental XPT files,metal family searched; no mapped elemental analyte,CDC NHANES Metals - Urine and blood metal panels searched,False,,not_human_testable,retain_with_resolved_audit_no_primary_screen,True
267-chemical actionability matrix,,,,C021146,"dibenzo(a,i)pyrene",GeneCards_Disorders,1000.0,170.0,1.0,1.0,2.0,0.0,M0,False,1.0,"specific_entity_identifier:CasRN,PubChemCID,DTXSID,InChIKey",False,dibenzo a i pyrene,"dibenzo(a,i)pyrene;189-55-9",CTD entity,,,pahs,PAH exposure axis,parent PAH to validated urinary OH-PAH proxy,URXP10,moderate,CDC NHANES urinary OH-PAH panel; parent-specificity is limited,68.0,Polyaromatic Hydrocarbons (PAHs) - Urine;Polyaromatic Hydrocarbons -Urine;Polycyclic Aromatic Hydrocarbons (PAH) - Urine,mapped,"validated/specificity mapping first; detectability, cycle coverage, and measured N used as non-CRC tie-breakers","[{""variable"": ""URXP10"", ""n_cycles_available"": 9, ""total_measured"": 23952, ""total_above_lod"": 21231, ""pooled_above_lod_pct"": 88.63977955911824, ""min_cycle_above_lod_pct"": 60.21621621621622, ""median_cycle_above_lod_pct"": 99.3638170974155, ""max_cycle_above_lod_pct"": 100.0}]",88.63977955911824,60.21621621621622,99.3638170974155,100.0,23952.0,21231.0,1.0,9.0,2001-2002;2003-2004;2005-2006;2007-2008;2009-2010;2011-2012;2013-2014;2015-2016;2017-2018,2001-2002,2017-2018,urine,"Phthalates, Phytoestrogens & PAHs - Urine;Polyaromatic Hydrocarbons (PAHs) - Urine;Polyaromatic Hydrocarbons -Urine;Polycyclic Aromatic Hydrocarbons (PAH) - Urine",23952.0,17382.0,9896.0,8980.0,70.0,8195.0,True,True,True,True,2.0,predefined primary survey model feasible,URXP10,pahs,189-55-9,CID:9106,DTXSID9059751,1.0,1.0,URXP10,URXP10,urinary biomarker,2001-2002;2003-2004;2005-2006;2007-2008;2009-2010;2011-2012;2013-2014;2015-2016;2017-2018,9.0,2.0,1.0,pending_manual_review,M0,True,True,False,resolved_mapped,CDC NHANES catalog domains checked: Polyaromatic Hydrocarbons (PAHs) - Urine;Polyaromatic Hydrocarbons -Urine;Polycyclic Aromatic Hydrocarbons (PAH) - Urine; CDC NHANES urinary OH-PAH panel; parent-specificity is limited; local XPT registry variables checked for candidate aliases.,CTD identifiers/name; CDC NHANES laboratory catalog; 68 relevant laboratory domains; downloaded XPT value/LOD/weight columns.,CTD Phase 1 export; CDC NHANES continuous laboratory catalog; CDC NHANES environmental XPT files,parent PAH to validated urinary OH-PAH proxy,,False,,Tier_A_moderate,enter_systematic_human_screen,True
267-chemical actionability matrix,,,,C023389,"9,10-dihydrobenzo(a)pyrene",GeneCards_Disorders,1000.0,171.0,1.0,1.0,1.0,0.0,M0,False,1.0,"specific_entity_identifier:CasRN,PubChemCID,DTXSID,InChIKey",False,9 10 dihydrobenzo a pyrene,"9,10-dihydrobenzo(a)pyrene;17573-15-8",CTD entity,,,pahs,PAH exposure axis,parent PAH to validated urinary OH-PAH proxy,URXP10,moderate,CDC NHANES urinary OH-PAH panel; parent-specificity is limited,68.0,Polyaromatic Hydrocarbons (PAHs) - Urine;Polyaromatic Hydrocarbons -Urine;Polycyclic Aromatic Hydrocarbons (PAH) - Urine,mapped,"validated/specificity mapping first; detectability, cycle coverage, and measured N used as non-CRC tie-breakers","[{""variable"": ""URXP10"", ""n_cycles_available"": 9, ""total_measured"": 23952, ""total_above_lod"": 21231, ""pooled_above_lod_pct"": 88.63977955911824, ""min_cycle_above_lod_pct"": 60.21621621621622, ""median_cycle_above_lod_pct"": 99.3638170974155, ""max_cycle_above_lod_pct"": 100.0}]",88.63977955911824,60.21621621621622,99.3638170974155,100.0,23952.0,21231.0,1.0,9.0,2001-2002;2003-2004;2005-2006;2007-2008;2009-2010;2011-2012;2013-2014;2015-2016;2017-2018,2001-2002,2017-2018,urine,"Phthalates, Phytoestrogens & PAHs - Urine;Polyaromatic Hydrocarbons (PAHs) - Urine;Polyaromatic Hydrocarbons -Urine;Polycyclic Aromatic Hydrocarbons (PAH) - Urine",23952.0,17382.0,9896.0,8980.0,70.0,8195.0,True,True,True,True,2.0,predefined primary survey model feasible,URXP10,pahs,17573-15-8,CID:28597,DTXSID60170011,1.0,1.0,URXP10,URXP10,urinary biomarker,2001-2002;2003-2004;2005-2006;2007-2008;2009-2010;2011-2012;2013-2014;2015-2016;2017-2018,9.0,2.0,1.0,pending_manual_review,M0,True,True,False,resolved_mapped,CDC NHANES catalog domains checked: Polyaromatic Hydrocarbons (PAHs) - Urine;Polyaromatic Hydrocarbons -Urine;Polycyclic Aromatic Hydrocarbons (PAH) - Urine; CDC NHANES urinary OH-PAH panel; parent-specificity is limited; local XPT registry variables checked for candidate aliases.,CTD identifiers/name; CDC NHANES laboratory catalog; 68 relevant laboratory domains; downloaded XPT value/LOD/weight columns.,CTD Phase 1 export; CDC NHANES continuous laboratory catalog; CDC NHANES environmental XPT files,parent PAH to validated urinary OH-PAH proxy,,False,,Tier_A_moderate,enter_systematic_human_screen,True
267-chemical actionability matrix,,,,C024687,sodium molybdate(VI),GeneCards_Disorders,1000.0,172.0,1.0,1.0,3.0,0.0,M0,False,1.0,"specific_entity_identifier:CasRN,PubChemCID,DTXSID,InChIKey",False,sodium molybdate vi,sodium molybdate(VI);7631-95-0,elemental species or metal compound,,,heavy_metals,metal exposure axis,metal family searched; no mapped elemental analyte,,unresolved,CDC NHANES Metals - Urine and blood metal panels searched,119.0,Metals - Urine,resolved_no_candidate_specific_analyte,no analyte rows,,,,,,,,,0.0,,,,,,0.0,0.0,0.0,0.0,0.0,0.0,False,False,False,False,0.0,no analyte mapping,,heavy_metals,7631-95-0,CID:61424,DTXSID2052788,0.0,0.0,,,,,0.0,0.0,1.0,pending_manual_review,M0,False,False,False,resolved_no_supported_candidate_specific_analyte,CDC NHANES catalog domains checked: Metals - Urine; CDC NHANES Metals - Urine and blood metal panels searched; local XPT registry variables checked for candidate aliases.,CTD identifiers/name; CDC NHANES laboratory catalog; 119 relevant laboratory domains; downloaded XPT value/LOD/weight columns.,CTD Phase 1 export; CDC NHANES continuous laboratory catalog; CDC NHANES environmental XPT files,metal family searched; no mapped elemental analyte,CDC NHANES Metals - Urine and blood metal panels searched,False,,not_human_testable,retain_with_resolved_audit_no_primary_screen,True
267-chemical actionability matrix,,,,C025700,strontium chloride,GeneCards_Disorders,1000.0,173.0,1.0,1.0,1.0,0.0,M0,False,1.0,"specific_entity_identifier:CasRN,DTXSID,InChIKey",False,strontium chloride,strontium chloride;10476-85-4,elemental species or metal compound,,,heavy_metals,metal exposure axis,metal family searched; no mapped elemental analyte,,unresolved,CDC NHANES Metals - Urine and blood metal panels searched,119.0,Metals - Urine,resolved_no_candidate_specific_analyte,no analyte rows,,,,,,,,,0.0,,,,,,0.0,0.0,0.0,0.0,0.0,0.0,False,False,False,False,0.0,no analyte mapping,,heavy_metals,10476-85-4,,DTXSID6040616,0.0,0.0,,,,,0.0,0.0,1.0,pending_manual_review,M0,False,False,False,resolved_no_supported_candidate_specific_analyte,CDC NHANES catalog domains checked: Metals - Urine; CDC NHANES Metals - Urine and blood metal panels searched; local XPT registry variables checked for candidate aliases.,CTD identifiers/name; CDC NHANES laboratory catalog; 119 relevant laboratory domains; downloaded XPT value/LOD/weight columns.,CTD Phase 1 export; CDC NHANES continuous laboratory catalog; CDC NHANES environmental XPT files,metal family searched; no mapped elemental analyte,CDC NHANES Metals - Urine and blood metal panels searched,False,,not_human_testable,retain_with_resolved_audit_no_primary_screen,True
267-chemical actionability matrix,,,,C025968,1-methylnaphthalene,GeneCards_Disorders,1000.0,174.0,1.0,1.0,4.0,0.0,M0,False,1.0,"specific_entity_identifier:CasRN,PubChemCID,DTXSID,InChIKey",False,1 methylnaphthalene,1-methylnaphthalene;90-12-0,CTD entity,,,pahs,PAH exposure axis,parent PAH to validated urinary OH-PAH proxy,URXP02,moderate,CDC NHANES urinary OH-PAH panel; parent-specificity is limited,68.0,Polyaromatic Hydrocarbons (PAHs) - Urine;Polyaromatic Hydrocarbons -Urine;Polycyclic Aromatic Hydrocarbons (PAH) - Urine,mapped,"validated/specificity mapping first; detectability, cycle coverage, and measured N used as non-CRC tie-breakers","[{""variable"": ""URXP02"", ""n_cycles_available"": 8, ""total_measured"": 21166, ""total_above_lod"": 21164, ""pooled_above_lod_pct"": 99.99055088349239, ""min_cycle_above_lod_pct"": 99.95911692559281, ""median_cycle_above_lod_pct"": 100.0, ""max_cycle_above_lod_pct"": 100.0}]",99.9905508834924,99.9591169255928,100.0,100.0,21166.0,21164.0,2.0,8.0,2001-2002;2003-2004;2005-2006;2007-2008;2009-2010;2011-2012;2013-2014;2015-2016,2001-2002,2015-2016,urine,"Phthalates, Phytoestrogens & PAHs - Urine;Polyaromatic Hydrocarbons (PAHs) - Urine;Polyaromatic Hydrocarbons -Urine;Polycyclic Aromatic Hydrocarbons (PAH) - Urine",21166.0,17382.0,9931.0,9016.0,71.0,8230.0,True,True,True,True,2.0,predefined primary survey model feasible,URXP02,pahs,90-12-0,CID:7002,DTXSID9020877,1.0,1.0,URXP02,URXP02,urinary biomarker,2001-2002;2003-2004;2005-2006;2007-2008;2009-2010;2011-2012;2013-2014;2015-2016,8.0,2.0,1.0,pending_manual_review,M0,True,True,True,resolved_mapped,CDC NHANES catalog domains checked: Polyaromatic Hydrocarbons (PAHs) - Urine;Polyaromatic Hydrocarbons -Urine;Polycyclic Aromatic Hydrocarbons (PAH) - Urine; CDC NHANES urinary OH-PAH panel; parent-specificity is limited; local XPT registry variables checked for candidate aliases.,CTD identifiers/name; CDC NHANES laboratory catalog; 68 relevant laboratory domains; downloaded XPT value/LOD/weight columns.,CTD Phase 1 export; CDC NHANES continuous laboratory catalog; CDC NHANES environmental XPT files,parent PAH to validated urinary OH-PAH proxy,,False,,Tier_A_strict,enter_systematic_human_screen,True
267-chemical actionability matrix,,,,C027384,2-methylnaphthalene,GeneCards_Disorders,1000.0,175.0,1.0,1.0,4.0,0.0,M0,False,1.0,"specific_entity_identifier:CasRN,PubChemCID,DTXSID,InChIKey",False,2 methylnaphthalene,2-methylnaphthalene;91-57-6,CTD entity,,,pahs,PAH exposure axis,parent PAH to validated urinary OH-PAH proxy,URXP02,moderate,CDC NHANES urinary OH-PAH panel; parent-specificity is limited,68.0,Polyaromatic Hydrocarbons (PAHs) - Urine;Polyaromatic Hydrocarbons -Urine;Polycyclic Aromatic Hydrocarbons (PAH) - Urine,mapped,"validated/specificity mapping first; detectability, cycle coverage, and measured N used as non-CRC tie-breakers","[{""variable"": ""URXP02"", ""n_cycles_available"": 8, ""total_measured"": 21166, ""total_above_lod"": 21164, ""pooled_above_lod_pct"": 99.99055088349239, ""min_cycle_above_lod_pct"": 99.95911692559281, ""median_cycle_above_lod_pct"": 100.0, ""max_cycle_above_lod_pct"": 100.0}]",99.9905508834924,99.9591169255928,100.0,100.0,21166.0,21164.0,2.0,8.0,2001-2002;2003-2004;2005-2006;2007-2008;2009-2010;2011-2012;2013-2014;2015-2016,2001-2002,2015-2016,urine,"Phthalates, Phytoestrogens & PAHs - Urine;Polyaromatic Hydrocarbons (PAHs) - Urine;Polyaromatic Hydrocarbons -Urine;Polycyclic Aromatic Hydrocarbons (PAH) - Urine",21166.0,17382.0,9931.0,9016.0,71.0,8230.0,True,True,True,True,2.0,predefined primary survey model feasible,URXP02,pahs,91-57-6,CID:7055,DTXSID4020878,1.0,1.0,URXP02,URXP02,urinary biomarker,2001-2002;2003-2004;2005-2006;2007-2008;2009-2010;2011-2012;2013-2014;2015-2016,8.0,2.0,1.0,pending_manual_review,M0,True,True,True,resolved_mapped,CDC NHANES catalog domains checked: Polyaromatic Hydrocarbons (PAHs) - Urine;Polyaromatic Hydrocarbons -Urine;Polycyclic Aromatic Hydrocarbons (PAH) - Urine; CDC NHANES urinary OH-PAH panel; parent-specificity is limited; local XPT registry variables checked for candidate aliases.,CTD identifiers/name; CDC NHANES laboratory catalog; 68 relevant laboratory domains; downloaded XPT value/LOD/weight columns.,CTD Phase 1 export; CDC NHANES continuous laboratory catalog; CDC NHANES environmental XPT files,parent PAH to validated urinary OH-PAH proxy,,False,,Tier_A_strict,enter_systematic_human_screen,True
267-chemical actionability matrix,,,,C027704,benzo(j)fluoranthene,GeneCards_Disorders,1000.0,176.0,1.0,1.0,4.0,0.0,M0,False,1.0,"specific_entity_identifier:CasRN,PubChemCID,DTXSID,InChIKey",False,benzo j fluoranthene,benzo(j)fluoranthene;205-82-3,CTD entity,,,pahs,PAH exposure axis,parent PAH to validated urinary OH-PAH proxy,URXP10,moderate,CDC NHANES urinary OH-PAH panel; parent-specificity is limited,68.0,Polyaromatic Hydrocarbons (PAHs) - Urine;Polyaromatic Hydrocarbons -Urine;Polycyclic Aromatic Hydrocarbons (PAH) - Urine,mapped,"validated/specificity mapping first; detectability, cycle coverage, and measured N used as non-CRC tie-breakers","[{""variable"": ""URXP10"", ""n_cycles_available"": 9, ""total_measured"": 23952, ""total_above_lod"": 21231, ""pooled_above_lod_pct"": 88.63977955911824, ""min_cycle_above_lod_pct"": 60.21621621621622, ""median_cycle_above_lod_pct"": 99.3638170974155, ""max_cycle_above_lod_pct"": 100.0}]",88.63977955911824,60.21621621621622,99.3638170974155,100.0,23952.0,21231.0,1.0,9.0,2001-2002;2003-2004;2005-2006;2007-2008;2009-2010;2011-2012;2013-2014;2015-2016;2017-2018,2001-2002,2017-2018,urine,"Phthalates, Phytoestrogens & PAHs - Urine;Polyaromatic Hydrocarbons (PAHs) - Urine;Polyaromatic Hydrocarbons -Urine;Polycyclic Aromatic Hydrocarbons (PAH) - Urine",23952.0,17382.0,9896.0,8980.0,70.0,8195.0,True,True,True,True,2.0,predefined primary survey model feasible,URXP10,pahs,205-82-3,CID:9152,DTXSID8052691,1.0,1.0,URXP10,URXP10,urinary biomarker,2001-2002;2003-2004;2005-2006;2007-2008;2009-2010;2011-2012;2013-2014;2015-2016;2017-2018,9.0,2.0,1.0,pending_manual_review,M0,True,True,False,resolved_mapped,CDC NHANES catalog domains checked: Polyaromatic Hydrocarbons (PAHs) - Urine;Polyaromatic Hydrocarbons -Urine;Polycyclic Aromatic Hydrocarbons (PAH) - Urine; CDC NHANES urinary OH-PAH panel; parent-specificity is limited; local XPT registry variables checked for candidate aliases.,CTD identifiers/name; CDC NHANES laboratory catalog; 68 relevant laboratory domains; downloaded XPT value/LOD/weight columns.,CTD Phase 1 export; CDC NHANES continuous laboratory catalog; CDC NHANES environmental XPT files,parent PAH to validated urinary OH-PAH proxy,,False,,Tier_A_moderate,enter_systematic_human_screen,True
267-chemical actionability matrix,,,,C028019,cesium chloride,GeneCards_Disorders,1000.0,177.0,1.0,1.0,2.0,0.0,M0,False,1.0,"specific_entity_identifier:CasRN,PubChemCID,DTXSID,InChIKey",False,cesium chloride,cesium chloride;7647-17-8,elemental species or metal compound,,,heavy_metals,metal exposure axis,elemental urinary biomarker for parent metal/species,URXUCS,moderate,CDC NHANES metals blood/urine panels and codebooks,119.0,Metals - Urine,mapped,"validated/specificity mapping first; detectability, cycle coverage, and measured N used as non-CRC tie-breakers","[{""variable"": ""URXUCS"", ""n_cycles_available"": 10, ""total_measured"": 26799, ""total_above_lod"": 26798, ""pooled_above_lod_pct"": 99.996268517482, ""min_cycle_above_lod_pct"": 99.96733093760209, ""median_cycle_above_lod_pct"": 100.0, ""max_cycle_above_lod_pct"": 100.0}]",99.996268517482,99.96733093760209,100.0,100.0,26799.0,26798.0,2.0,10.0,1999-2000;2001-2002;2003-2004;2005-2006;2007-2008;2009-2010;2011-2012;2013-2014;2015-2016;2017-2018,1999-2000,2017-2018,urine,Metals - Urine,26799.0,17382.0,1714.0,1530.0,10.0,1409.0,True,True,True,True,0.0,insufficient complete-case events/sample or survey infrastructure,URXUCS,heavy_metals,7647-17-8,CID:24293,DTXSID3040435,1.0,1.0,URXUCS,URXUCS,urinary biomarker,1999-2000;2001-2002;2003-2004;2005-2006;2007-2008;2009-2010;2011-2012;2013-2014;2015-2016;2017-2018,10.0,2.0,1.0,pending_manual_review,M0,False,False,False,resolved_mapped,CDC NHANES catalog domains checked: Metals - Urine; CDC NHANES metals blood/urine panels and codebooks; local XPT registry variables checked for candidate aliases.,CTD identifiers/name; CDC NHANES laboratory catalog; 119 relevant laboratory domains; downloaded XPT value/LOD/weight columns.,CTD Phase 1 export; CDC NHANES continuous laboratory catalog; CDC NHANES environmental XPT files,elemental urinary biomarker for parent metal/species,,False,,not_human_testable,retain_with_resolved_audit_no_primary_screen,True
267-chemical actionability matrix,,,,C028044,epoxy resin AH-26,GeneCards_Disorders,1000.0,178.0,1.0,1.0,3.0,0.0,M0,False,1.0,"specific_entity_identifier:CasRN,DTXSID",False,epoxy resin ah 26,epoxy resin AH-26;55599-25-2,elemental species or metal compound,,,heavy_metals,metal exposure axis,metal family searched; no mapped elemental analyte,,unresolved,CDC NHANES Metals - Urine and blood metal panels searched,119.0,Metals - Urine,resolved_no_candidate_specific_analyte,no analyte rows,,,,,,,,,0.0,,,,,,0.0,0.0,0.0,0.0,0.0,0.0,False,False,False,False,0.0,no analyte mapping,,heavy_metals,55599-25-2,,DTXSID001059973,0.0,0.0,,,,,0.0,0.0,1.0,pending_manual_review,M0,False,False,False,resolved_no_supported_candidate_specific_analyte,CDC NHANES catalog domains checked: Metals - Urine; CDC NHANES Metals - Urine and blood metal panels searched; local XPT registry variables checked for candidate aliases.,CTD identifiers/name; CDC NHANES laboratory catalog; 119 relevant laboratory domains; downloaded XPT value/LOD/weight columns.,CTD Phase 1 export; CDC NHANES continuous laboratory catalog; CDC NHANES environmental XPT files,metal family searched; no mapped elemental analyte,CDC NHANES Metals - Urine and blood metal panels searched,False,,not_human_testable,retain_with_resolved_audit_no_primary_screen,True
267-chemical actionability matrix,,,,C028519,"2,6-dimethylnaphthalene",GeneCards_Disorders,1000.0,179.0,1.0,1.0,5.0,0.0,M0,False,1.0,"specific_entity_identifier:CasRN,PubChemCID,DTXSID,InChIKey",False,2 6 dimethylnaphthalene,"2,6-dimethylnaphthalene;581-42-0",CTD entity,,,pahs,PAH exposure axis,parent PAH to validated urinary OH-PAH proxy,URXP02,moderate,CDC NHANES urinary OH-PAH panel; parent-specificity is limited,68.0,Polyaromatic Hydrocarbons (PAHs) - Urine;Polyaromatic Hydrocarbons -Urine;Polycyclic Aromatic Hydrocarbons (PAH) - Urine,mapped,"validated/specificity mapping first; detectability, cycle coverage, and measured N used as non-CRC tie-breakers","[{""variable"": ""URXP02"", ""n_cycles_available"": 8, ""total_measured"": 21166, ""total_above_lod"": 21164, ""pooled_above_lod_pct"": 99.99055088349239, ""min_cycle_above_lod_pct"": 99.95911692559281, ""median_cycle_above_lod_pct"": 100.0, ""max_cycle_above_lod_pct"": 100.0}]",99.9905508834924,99.9591169255928,100.0,100.0,21166.0,21164.0,2.0,8.0,2001-2002;2003-2004;2005-2006;2007-2008;2009-2010;2011-2012;2013-2014;2015-2016,2001-2002,2015-2016,urine,"Phthalates, Phytoestrogens & PAHs - Urine;Polyaromatic Hydrocarbons (PAHs) - Urine;Polyaromatic Hydrocarbons -Urine;Polycyclic Aromatic Hydrocarbons (PAH) - Urine",21166.0,17382.0,9931.0,9016.0,71.0,8230.0,True,True,True,True,2.0,predefined primary survey model feasible,URXP02,pahs,581-42-0,CID:11387,DTXSID0029187,1.0,1.0,URXP02,URXP02,urinary biomarker,2001-2002;2003-2004;2005-2006;2007-2008;2009-2010;2011-2012;2013-2014;2015-2016,8.0,2.0,1.0,pending_manual_review,M0,True,True,True,resolved_mapped,CDC NHANES catalog domains checked: Polyaromatic Hydrocarbons (PAHs) - Urine;Polyaromatic Hydrocarbons -Urine;Polycyclic Aromatic Hydrocarbons (PAH) - Urine; CDC NHANES urinary OH-PAH panel; parent-specificity is limited; local XPT registry variables checked for candidate aliases.,CTD identifiers/name; CDC NHANES laboratory catalog; 68 relevant laboratory domains; downloaded XPT value/LOD/weight columns.,CTD Phase 1 export; CDC NHANES continuous laboratory catalog; CDC NHANES environmental XPT files,parent PAH to validated urinary OH-PAH proxy,,False,,Tier_A_strict,enter_systematic_human_screen,True
267-chemical actionability matrix,,,,C029126,"9,10-dimethylanthracene",GeneCards_Disorders,1000.0,180.0,1.0,1.0,1.0,0.0,M0,False,1.0,"specific_entity_identifier:CasRN,PubChemCID,DTXSID,InChIKey",False,9 10 dimethylanthracene,"9,10-dimethylanthracene;781-43-1",CTD entity,,,pahs,PAH exposure axis,parent PAH to validated urinary OH-PAH proxy,URXP25,moderate,CDC NHANES urinary OH-PAH panel; parent-specificity is limited,68.0,Polyaromatic Hydrocarbons (PAHs) - Urine;Polyaromatic Hydrocarbons -Urine;Polycyclic Aromatic Hydrocarbons (PAH) - Urine,mapped,"validated/specificity mapping first; detectability, cycle coverage, and measured N used as non-CRC tie-breakers","[{""variable"": ""URXP25"", ""n_cycles_available"": 3, ""total_measured"": 8459, ""total_above_lod"": 8416, ""pooled_above_lod_pct"": 99.49166568152263, ""min_cycle_above_lod_pct"": 99.20692141312185, ""median_cycle_above_lod_pct"": 99.54716981132076, ""max_cycle_above_lod_pct"": 99.70345963756178}]",99.49166568152263,99.20692141312183,99.54716981132076,99.70345963756178,8459.0,8416.0,2.0,3.0,2013-2014;2015-2016;2017-2018,2013-2014,2017-2018,urine,Polycyclic Aromatic Hydrocarbons (PAH) - Urine,8459.0,17382.0,0.0,0.0,0.0,0.0,False,True,True,True,0.0,insufficient complete-case events/sample or survey infrastructure,URXP25,pahs,781-43-1,CID:13076,DTXSID8073928,1.0,1.0,URXP25,URXP25,urinary biomarker,2013-2014;2015-2016;2017-2018,3.0,1.0,1.0,pending_manual_review,M0,False,False,False,resolved_mapped,CDC NHANES catalog domains checked: Polyaromatic Hydrocarbons (PAHs) - Urine;Polyaromatic Hydrocarbons -Urine;Polycyclic Aromatic Hydrocarbons (PAH) - Urine; CDC NHANES urinary OH-PAH panel; parent-specificity is limited; local XPT registry variables checked for candidate aliases.,CTD identifiers/name; CDC NHANES laboratory catalog; 68 relevant laboratory domains; downloaded XPT value/LOD/weight columns.,CTD Phase 1 export; CDC NHANES continuous laboratory catalog; CDC NHANES environmental XPT files,parent PAH to validated urinary OH-PAH proxy,,False,,not_human_testable,retain_with_resolved_audit_no_primary_screen,True
267-chemical actionability matrix,,,,C029823,mercuric acetate,GeneCards_Disorders,1000.0,181.0,1.0,1.0,1.0,0.0,M0,False,1.0,"specific_entity_identifier:CasRN,PubChemCID,DTXSID,InChIKey",False,mercuric acetate,mercuric acetate;1600-27-7,elemental species or metal compound,,,heavy_metals,metal exposure axis,metal family searched; no mapped elemental analyte,,unresolved,CDC NHANES Metals - Urine and blood metal panels searched,119.0,Metals - Urine,resolved_no_candidate_specific_analyte,no analyte rows,,,,,,,,,0.0,,,,,,0.0,0.0,0.0,0.0,0.0,0.0,False,False,False,False,0.0,no analyte mapping,,heavy_metals,1600-27-7,CID:15337,DTXSID4042123,0.0,0.0,,,,,0.0,0.0,1.0,pending_manual_review,M0,False,False,False,resolved_no_supported_candidate_specific_analyte,CDC NHANES catalog domains checked: Metals - Urine; CDC NHANES Metals - Urine and blood metal panels searched; local XPT registry variables checked for candidate aliases.,CTD identifiers/name; CDC NHANES laboratory catalog; 119 relevant laboratory domains; downloaded XPT value/LOD/weight columns.,CTD Phase 1 export; CDC NHANES continuous laboratory catalog; CDC NHANES environmental XPT files,metal family searched; no mapped elemental analyte,CDC NHANES Metals - Urine and blood metal panels searched,False,,not_human_testable,retain_with_resolved_audit_no_primary_screen,True
267-chemical actionability matrix,,,,C030174,tetrachloropalladium,GeneCards_Disorders,1000.0,182.0,1.0,1.0,2.0,0.0,M0,False,1.0,"specific_entity_identifier:CasRN,DTXSID,InChIKey",False,tetrachloropalladium,tetrachloropalladium;14349-67-8,elemental species or metal compound,,,heavy_metals,metal exposure axis,metal family searched; no mapped elemental analyte,,unresolved,CDC NHANES Metals - Urine and blood metal panels searched,119.0,Metals - Urine,resolved_no_candidate_specific_analyte,no analyte rows,,,,,,,,,0.0,,,,,,0.0,0.0,0.0,0.0,0.0,0.0,False,False,False,False,0.0,no analyte mapping,,heavy_metals,14349-67-8,,DTXSID30276493,0.0,0.0,,,,,0.0,0.0,1.0,pending_manual_review,M0,False,False,False,resolved_no_supported_candidate_specific_analyte,CDC NHANES catalog domains checked: Metals - Urine; CDC NHANES Metals - Urine and blood metal panels searched; local XPT registry variables checked for candidate aliases.,CTD identifiers/name; CDC NHANES laboratory catalog; 119 relevant laboratory domains; downloaded XPT value/LOD/weight columns.,CTD Phase 1 export; CDC NHANES continuous laboratory catalog; CDC NHANES environmental XPT files,metal family searched; no mapped elemental analyte,CDC NHANES Metals - Urine and blood metal panels searched,False,,not_human_testable,retain_with_resolved_audit_no_primary_screen,True
267-chemical actionability matrix,,,,C031195,"dibenzo(a,h)pyrene",GeneCards_Disorders,1000.0,183.0,1.0,1.0,1.0,0.0,M0,False,1.0,"specific_entity_identifier:CasRN,PubChemCID,DTXSID,InChIKey",False,dibenzo a h pyrene,"dibenzo(a,h)pyrene;189-64-0",CTD entity,,,pahs,PAH exposure axis,parent PAH to validated urinary OH-PAH proxy,URXP10,moderate,CDC NHANES urinary OH-PAH panel; parent-specificity is limited,68.0,Polyaromatic Hydrocarbons (PAHs) - Urine;Polyaromatic Hydrocarbons -Urine;Polycyclic Aromatic Hydrocarbons (PAH) - Urine,mapped,"validated/specificity mapping first; detectability, cycle coverage, and measured N used as non-CRC tie-breakers","[{""variable"": ""URXP10"", ""n_cycles_available"": 9, ""total_measured"": 23952, ""total_above_lod"": 21231, ""pooled_above_lod_pct"": 88.63977955911824, ""min_cycle_above_lod_pct"": 60.21621621621622, ""median_cycle_above_lod_pct"": 99.3638170974155, ""max_cycle_above_lod_pct"": 100.0}]",88.63977955911824,60.21621621621622,99.3638170974155,100.0,23952.0,21231.0,1.0,9.0,2001-2002;2003-2004;2005-2006;2007-2008;2009-2010;2011-2012;2013-2014;2015-2016;2017-2018,2001-2002,2017-2018,urine,"Phthalates, Phytoestrogens & PAHs - Urine;Polyaromatic Hydrocarbons (PAHs) - Urine;Polyaromatic Hydrocarbons -Urine;Polycyclic Aromatic Hydrocarbons (PAH) - Urine",23952.0,17382.0,9896.0,8980.0,70.0,8195.0,True,True,True,True,2.0,predefined primary survey model feasible,URXP10,pahs,189-64-0,CID:9108,DTXSID4059752,1.0,1.0,URXP10,URXP10,urinary biomarker,2001-2002;2003-2004;2005-2006;2007-2008;2009-2010;2011-2012;2013-2014;2015-2016;2017-2018,9.0,2.0,1.0,pending_manual_review,M0,True,True,False,resolved_mapped,CDC NHANES catalog domains checked: Polyaromatic Hydrocarbons (PAHs) - Urine;Polyaromatic Hydrocarbons -Urine;Polycyclic Aromatic Hydrocarbons (PAH) - Urine; CDC NHANES urinary OH-PAH panel; parent-specificity is limited; local XPT registry variables checked for candidate aliases.,CTD identifiers/name; CDC NHANES laboratory catalog; 68 relevant laboratory domains; downloaded XPT value/LOD/weight columns.,CTD Phase 1 export; CDC NHANES continuous laboratory catalog; CDC NHANES environmental XPT files,parent PAH to validated urinary OH-PAH proxy,,False,,Tier_A_moderate,enter_systematic_human_screen,True
267-chemical actionability matrix,,,,C031895,lead chromate,GeneCards_Disorders,1000.0,184.0,1.0,1.0,1.0,0.0,M0,False,1.0,"specific_entity_identifier:CasRN,PubChemCID,DTXSID",False,lead chromate,lead chromate;11119-70-3,elemental species or metal compound,,,heavy_metals,metal exposure axis,elemental urinary biomarker for parent metal/species,URXUPB,moderate,CDC NHANES metals blood/urine panels and codebooks,119.0,Metals - Urine,mapped,"validated/specificity mapping first; detectability, cycle coverage, and measured N used as non-CRC tie-breakers","[{""variable"": ""URXUPB"", ""n_cycles_available"": 10, ""total_measured"": 26398, ""total_above_lod"": 25662, ""pooled_above_lod_pct"": 97.21190999318131, ""min_cycle_above_lod_pct"": 84.83189992181391, ""median_cycle_above_lod_pct"": 98.4847523579918, ""max_cycle_above_lod_pct"": 100.0}]",97.21190999318132,84.83189992181391,98.4847523579918,100.0,26398.0,25662.0,2.0,10.0,1999-2000;2001-2002;2003-2004;2005-2006;2007-2008;2009-2010;2011-2012;2013-2014;2015-2016;2017-2018,1999-2000,2017-2018,urine,Metals - Urine,26398.0,17382.0,1715.0,1531.0,10.0,1409.0,True,True,True,True,0.0,insufficient complete-case events/sample or survey infrastructure,URXUPB,heavy_metals,11119-70-3,CID:24460,DTXSID201015373,1.0,1.0,URXUPB,URXUPB,urinary biomarker,1999-2000;2001-2002;2003-2004;2005-2006;2007-2008;2009-2010;2011-2012;2013-2014;2015-2016;2017-2018,10.0,2.0,1.0,pending_manual_review,M0,False,False,False,resolved_mapped,CDC NHANES catalog domains checked: Metals - Urine; CDC NHANES metals blood/urine panels and codebooks; local XPT registry variables checked for candidate aliases.,CTD identifiers/name; CDC NHANES laboratory catalog; 119 relevant laboratory domains; downloaded XPT value/LOD/weight columns.,CTD Phase 1 export; CDC NHANES continuous laboratory catalog; CDC NHANES environmental XPT files,elemental urinary biomarker for parent metal/species,,False,,not_human_testable,retain_with_resolved_audit_no_primary_screen,True
267-chemical actionability matrix,,,,C031969,"1,4-dimethylnaphthalene",GeneCards_Disorders,1000.0,185.0,1.0,1.0,1.0,0.0,M0,False,1.0,"specific_entity_identifier:CasRN,PubChemCID,DTXSID,InChIKey",False,1 4 dimethylnaphthalene,"1,4-dimethylnaphthalene;571-58-4",CTD entity,,,pahs,PAH exposure axis,parent PAH to validated urinary OH-PAH proxy,URXP02,moderate,CDC NHANES urinary OH-PAH panel; parent-specificity is limited,68.0,Polyaromatic Hydrocarbons (PAHs) - Urine;Polyaromatic Hydrocarbons -Urine;Polycyclic Aromatic Hydrocarbons (PAH) - Urine,mapped,"validated/specificity mapping first; detectability, cycle coverage, and measured N used as non-CRC tie-breakers","[{""variable"": ""URXP02"", ""n_cycles_available"": 8, ""total_measured"": 21166, ""total_above_lod"": 21164, ""pooled_above_lod_pct"": 99.99055088349239, ""min_cycle_above_lod_pct"": 99.95911692559281, ""median_cycle_above_lod_pct"": 100.0, ""max_cycle_above_lod_pct"": 100.0}]",99.9905508834924,99.9591169255928,100.0,100.0,21166.0,21164.0,2.0,8.0,2001-2002;2003-2004;2005-2006;2007-2008;2009-2010;2011-2012;2013-2014;2015-2016,2001-2002,2015-2016,urine,"Phthalates, Phytoestrogens & PAHs - Urine;Polyaromatic Hydrocarbons (PAHs) - Urine;Polyaromatic Hydrocarbons -Urine;Polycyclic Aromatic Hydrocarbons (PAH) - Urine",21166.0,17382.0,9931.0,9016.0,71.0,8230.0,True,True,True,True,2.0,predefined primary survey model feasible,URXP02,pahs,571-58-4,CID:11304,DTXSID8035423,1.0,1.0,URXP02,URXP02,urinary biomarker,2001-2002;2003-2004;2005-2006;2007-2008;2009-2010;2011-2012;2013-2014;2015-2016,8.0,2.0,1.0,pending_manual_review,M0,True,True,True,resolved_mapped,CDC NHANES catalog domains checked: Polyaromatic Hydrocarbons (PAHs) - Urine;Polyaromatic Hydrocarbons -Urine;Polycyclic Aromatic Hydrocarbons (PAH) - Urine; CDC NHANES urinary OH-PAH panel; parent-specificity is limited; local XPT registry variables checked for candidate aliases.,CTD identifiers/name; CDC NHANES laboratory catalog; 68 relevant laboratory domains; downloaded XPT value/LOD/weight columns.,CTD Phase 1 export; CDC NHANES continuous laboratory catalog; CDC NHANES environmental XPT files,parent PAH to validated urinary OH-PAH proxy,,False,,Tier_A_strict,enter_systematic_human_screen,True
267-chemical actionability matrix,,,,C033093,perfluoropropionic acid,GeneCards_Disorders,1000.0,186.0,1.0,1.0,4.0,0.0,M0,False,1.0,"specific_entity_identifier:CasRN,PubChemCID,DTXSID,InChIKey",False,perfluoropropionic acid,perfluoropropionic acid;422-64-0;PFAS;PFpropionic acid,PFAS or fluorinated compound,,,pfas_perfluoro,PFAS exposure axis,PFAS class searched; no candidate-specific NHANES variable,,unresolved,CDC NHANES PFAS panels searched; no specific analyte name match,27.0,Perfluoroalkyl and Polyfluoroalkyl;Perfluoroalkyl and Polyfluoroalkyl Substances;Perfluoroalkyl and Polyfluoroalkyl Substances (formerly Polyfluoroalkyl Chemicals - PFC),resolved_no_candidate_specific_analyte,no analyte rows,,,,,,,,,0.0,,,,,,0.0,0.0,0.0,0.0,0.0,0.0,False,False,False,False,0.0,no analyte mapping,,pfas_perfluoro,422-64-0,CID:62356,DTXSID8059970,0.0,0.0,,,,,0.0,0.0,1.0,pending_manual_review,M0,False,False,False,resolved_no_supported_candidate_specific_analyte,CDC NHANES catalog domains checked: Perfluoroalkyl and Polyfluoroalkyl;Perfluoroalkyl and Polyfluoroalkyl Substances;Perfluoroalkyl and Polyfluoroalkyl Substances (formerly Polyfluoroalkyl Chemicals - PFC); CDC NHANES PFAS panels searched; no specific analyte name match; local XPT registry variables checked for candidate aliases.,CTD identifiers/name; CDC NHANES laboratory catalog; 27 relevant laboratory domains; downloaded XPT value/LOD/weight columns.,CTD Phase 1 export; CDC NHANES continuous laboratory catalog; CDC NHANES environmental XPT files,PFAS class searched; no candidate-specific NHANES variable,CDC NHANES PFAS panels searched; no specific analyte name match,False,,not_human_testable,retain_with_resolved_audit_no_primary_screen,True
267-chemical actionability matrix,,,,C036042,dicyclohexyl phthalate,GeneCards_Disorders,1000.0,187.0,1.0,1.0,30.0,0.0,M0,False,1.0,"specific_entity_identifier:CasRN,PubChemCID,DTXSID,InChIKey",False,dicyclohexyl phthalate,dicyclohexyl phthalate;84-61-7;phthalate;plasticizer,phthalate parent or monoester metabolite,,,phthalates,,none,,unresolved,,161.0,"Phthalates & Plasticizers Metabolites - Urine;Phthalates - Urine;Phthalates and Plasticizers Metabolites - Urine;Phthalates, Phytoestrogens & PAHs - Urine;Phthalates, Phytoestrogens & PAHs - Urine PHPYPA Urinary Phthalates",resolved_no_candidate_specific_analyte,no analyte rows,,,,,,,,,0.0,,,,,,0.0,0.0,0.0,0.0,0.0,0.0,False,False,False,False,0.0,no analyte mapping,,phthalates,84-61-7,CID:6777,DTXSID5025021,0.0,0.0,,,,,0.0,0.0,1.0,pending_manual_review,M0,False,False,False,resolved_no_supported_candidate_specific_analyte,"CDC NHANES catalog domains checked: Phthalates & Plasticizers Metabolites - Urine;Phthalates - Urine;Phthalates and Plasticizers Metabolites - Urine;Phthalates, Phytoestrogens & PAHs - Urine;Phthalates, Phytoestrogens & PAHs - Urine PHPYPA Urinary Phthalates; ; local XPT registry variables checked for candidate aliases.",CTD identifiers/name; CDC NHANES laboratory catalog; 161 relevant laboratory domains; downloaded XPT value/LOD/weight columns.,CTD Phase 1 export; CDC NHANES continuous laboratory catalog; CDC NHANES environmental XPT files,,,False,,not_human_testable,retain_with_resolved_audit_no_primary_screen,True
267-chemical actionability matrix,,,,C037431,phthalimide,GeneCards_Disorders,1000.0,188.0,1.0,1.0,1.0,0.0,M0,False,1.0,"specific_entity_identifier:CasRN,DTXSID,InChIKey",False,phthalimide,phthalimide;85-41-6,CTD entity,,,phthalates,,none,,unresolved,,0.0,,resolved_no_candidate_specific_analyte,no analyte rows,,,,,,,,,0.0,,,,,,0.0,0.0,0.0,0.0,0.0,0.0,False,False,False,False,0.0,no analyte mapping,,phthalates,85-41-6,,DTXSID3026514,0.0,0.0,,,,,0.0,0.0,1.0,pending_manual_review,M0,False,False,False,resolved_no_supported_candidate_specific_analyte,CDC NHANES catalog domains checked: none matched; ; local XPT registry variables checked for candidate aliases.,CTD identifiers/name; CDC NHANES laboratory catalog; 0 relevant laboratory domains; downloaded XPT value/LOD/weight columns.,CTD Phase 1 export; CDC NHANES continuous laboratory catalog; CDC NHANES environmental XPT files,,,False,,not_human_testable,retain_with_resolved_audit_no_primary_screen,True
267-chemical actionability matrix,,,,C037554,antimony trioxide,GeneCards_Disorders,1000.0,189.0,1.0,1.0,8.0,0.0,M0,False,1.0,"specific_entity_identifier:CasRN,PubChemCID,DTXSID,InChIKey",False,antimony trioxide,antimony trioxide;1309-64-4,elemental species or metal compound,,,heavy_metals,metal exposure axis,elemental urinary biomarker for parent metal/species,URXUSB,moderate,CDC NHANES metals blood/urine panels and codebooks,119.0,Metals - Urine,mapped,"validated/specificity mapping first; detectability, cycle coverage, and measured N used as non-CRC tie-breakers","[{""variable"": ""URXUSB"", ""n_cycles_available"": 10, ""total_measured"": 26611, ""total_above_lod"": 21457, ""pooled_above_lod_pct"": 80.63206944496636, ""min_cycle_above_lod_pct"": 60.822683706070286, ""median_cycle_above_lod_pct"": 81.36540522103903, ""max_cycle_above_lod_pct"": 100.0}]",80.63206944496636,60.822683706070286,81.36540522103903,100.0,26611.0,21457.0,1.0,10.0,1999-2000;2001-2002;2003-2004;2005-2006;2007-2008;2009-2010;2011-2012;2013-2014;2015-2016;2017-2018,1999-2000,2017-2018,urine,Metals - Urine,26611.0,17382.0,1715.0,1531.0,10.0,1409.0,True,True,True,True,0.0,insufficient complete-case events/sample or survey infrastructure,URXUSB,heavy_metals,1309-64-4,CID:14794,DTXSID4023880,1.0,1.0,URXUSB,URXUSB,urinary biomarker,1999-2000;2001-2002;2003-2004;2005-2006;2007-2008;2009-2010;2011-2012;2013-2014;2015-2016;2017-2018,10.0,2.0,1.0,pending_manual_review,M0,False,False,False,resolved_mapped,CDC NHANES catalog domains checked: Metals - Urine; CDC NHANES metals blood/urine panels and codebooks; local XPT registry variables checked for candidate aliases.,CTD identifiers/name; CDC NHANES laboratory catalog; 119 relevant laboratory domains; downloaded XPT value/LOD/weight columns.,CTD Phase 1 export; CDC NHANES continuous laboratory catalog; CDC NHANES environmental XPT files,elemental urinary biomarker for parent metal/species,,False,,not_human_testable,retain_with_resolved_audit_no_primary_screen,True
267-chemical actionability matrix,,,,C041507,1-methylphenanthrene,GeneCards_Disorders,1000.0,190.0,1.0,1.0,22.0,0.0,M0,False,1.0,"specific_entity_identifier:CasRN,PubChemCID,DTXSID,InChIKey",False,1 methylphenanthrene,1-methylphenanthrene;832-69-9,CTD entity,,,pahs,PAH exposure axis,parent PAH to validated urinary OH-PAH proxy,URXP25,moderate,CDC NHANES urinary OH-PAH panel; parent-specificity is limited,68.0,Polyaromatic Hydrocarbons (PAHs) - Urine;Polyaromatic Hydrocarbons -Urine;Polycyclic Aromatic Hydrocarbons (PAH) - Urine,mapped,"validated/specificity mapping first; detectability, cycle coverage, and measured N used as non-CRC tie-breakers","[{""variable"": ""URXP25"", ""n_cycles_available"": 3, ""total_measured"": 8459, ""total_above_lod"": 8416, ""pooled_above_lod_pct"": 99.49166568152263, ""min_cycle_above_lod_pct"": 99.20692141312185, ""median_cycle_above_lod_pct"": 99.54716981132076, ""max_cycle_above_lod_pct"": 99.70345963756178}]",99.49166568152263,99.20692141312183,99.54716981132076,99.70345963756178,8459.0,8416.0,2.0,3.0,2013-2014;2015-2016;2017-2018,2013-2014,2017-2018,urine,Polycyclic Aromatic Hydrocarbons (PAH) - Urine,8459.0,17382.0,0.0,0.0,0.0,0.0,False,True,True,True,0.0,insufficient complete-case events/sample or survey infrastructure,URXP25,pahs,832-69-9,CID:13257,DTXSID6025648,1.0,1.0,URXP25,URXP25,urinary biomarker,2013-2014;2015-2016;2017-2018,3.0,1.0,1.0,pending_manual_review,M0,False,False,False,resolved_mapped,CDC NHANES catalog domains checked: Polyaromatic Hydrocarbons (PAHs) - Urine;Polyaromatic Hydrocarbons -Urine;Polycyclic Aromatic Hydrocarbons (PAH) - Urine; CDC NHANES urinary OH-PAH panel; parent-specificity is limited; local XPT registry variables checked for candidate aliases.,CTD identifiers/name; CDC NHANES laboratory catalog; 68 relevant laboratory domains; downloaded XPT value/LOD/weight columns.,CTD Phase 1 export; CDC NHANES continuous laboratory catalog; CDC NHANES environmental XPT files,parent PAH to validated urinary OH-PAH proxy,,False,,not_human_testable,retain_with_resolved_audit_no_primary_screen,True
267-chemical actionability matrix,,,,C041509,fluorene,GeneCards_Disorders,1000.0,191.0,1.0,1.0,9.0,0.0,M0,False,1.0,"specific_entity_identifier:CasRN,PubChemCID,DTXSID,InChIKey",False,fluorene,fluorene;86-73-7,CTD entity,,,pahs,PAH exposure axis,parent PAH to validated urinary OH-PAH proxy,URXP04,moderate,CDC NHANES urinary OH-PAH panel; parent-specificity is limited,68.0,Polyaromatic Hydrocarbons (PAHs) - Urine;Polyaromatic Hydrocarbons -Urine;Polycyclic Aromatic Hydrocarbons (PAH) - Urine,mapped,"validated/specificity mapping first; detectability, cycle coverage, and measured N used as non-CRC tie-breakers","[{""variable"": ""URXP04"", ""n_cycles_available"": 9, ""total_measured"": 23979, ""total_above_lod"": 23971, ""pooled_above_lod_pct"": 99.96663747445682, ""min_cycle_above_lod_pct"": 99.88679245283019, ""median_cycle_above_lod_pct"": 100.0, ""max_cycle_above_lod_pct"": 100.0}]",99.96663747445682,99.8867924528302,100.0,100.0,23979.0,23971.0,2.0,9.0,2001-2002;2003-2004;2005-2006;2007-2008;2009-2010;2011-2012;2013-2014;2015-2016;2017-2018,2001-2002,2017-2018,urine,"Phthalates, Phytoestrogens & PAHs - Urine;Polyaromatic Hydrocarbons (PAHs) - Urine;Polyaromatic Hydrocarbons -Urine;Polycyclic Aromatic Hydrocarbons (PAH) - Urine",23979.0,17382.0,9921.0,9007.0,70.0,8220.0,True,True,True,True,2.0,predefined primary survey model feasible,URXP04,pahs,86-73-7,CID:6853,DTXSID8024105,1.0,1.0,URXP04,URXP04,urinary biomarker,2001-2002;2003-2004;2005-2006;2007-2008;2009-2010;2011-2012;2013-2014;2015-2016;2017-2018,9.0,2.0,1.0,pending_manual_review,M0,True,True,True,resolved_mapped,CDC NHANES catalog domains checked: Polyaromatic Hydrocarbons (PAHs) - Urine;Polyaromatic Hydrocarbons -Urine;Polycyclic Aromatic Hydrocarbons (PAH) - Urine; CDC NHANES urinary OH-PAH panel; parent-specificity is limited; local XPT registry variables checked for candidate aliases.,CTD identifiers/name; CDC NHANES laboratory catalog; 68 relevant laboratory domains; downloaded XPT value/LOD/weight columns.,CTD Phase 1 export; CDC NHANES continuous laboratory catalog; CDC NHANES environmental XPT files,parent PAH to validated urinary OH-PAH proxy,,False,,Tier_A_strict,enter_systematic_human_screen,True
267-chemical actionability matrix,,,,C041511,benzo(a)fluorene,GeneCards_Disorders,1000.0,192.0,1.0,1.0,8.0,0.0,M0,False,1.0,"specific_entity_identifier:CasRN,PubChemCID,DTXSID,InChIKey",False,benzo a fluorene,benzo(a)fluorene;238-84-6,CTD entity,,,pahs,PAH exposure axis,parent PAH to validated urinary OH-PAH proxy,URXP04,moderate,CDC NHANES urinary OH-PAH panel; parent-specificity is limited,68.0,Polyaromatic Hydrocarbons (PAHs) - Urine;Polyaromatic Hydrocarbons -Urine;Polycyclic Aromatic Hydrocarbons (PAH) - Urine,mapped,"validated/specificity mapping first; detectability, cycle coverage, and measured N used as non-CRC tie-breakers","[{""variable"": ""URXP04"", ""n_cycles_available"": 9, ""total_measured"": 23979, ""total_above_lod"": 23971, ""pooled_above_lod_pct"": 99.96663747445682, ""min_cycle_above_lod_pct"": 99.88679245283019, ""median_cycle_above_lod_pct"": 100.0, ""max_cycle_above_lod_pct"": 100.0}]",99.96663747445682,99.8867924528302,100.0,100.0,23979.0,23971.0,2.0,9.0,2001-2002;2003-2004;2005-2006;2007-2008;2009-2010;2011-2012;2013-2014;2015-2016;2017-2018,2001-2002,2017-2018,urine,"Phthalates, Phytoestrogens & PAHs - Urine;Polyaromatic Hydrocarbons (PAHs) - Urine;Polyaromatic Hydrocarbons -Urine;Polycyclic Aromatic Hydrocarbons (PAH) - Urine",23979.0,17382.0,9921.0,9007.0,70.0,8220.0,True,True,True,True,2.0,predefined primary survey model feasible,URXP04,pahs,238-84-6,CID:9195,DTXSID3075204,1.0,1.0,URXP04,URXP04,urinary biomarker,2001-2002;2003-2004;2005-2006;2007-2008;2009-2010;2011-2012;2013-2014;2015-2016;2017-2018,9.0,2.0,1.0,pending_manual_review,M0,True,True,True,resolved_mapped,CDC NHANES catalog domains checked: Polyaromatic Hydrocarbons (PAHs) - Urine;Polyaromatic Hydrocarbons -Urine;Polycyclic Aromatic Hydrocarbons (PAH) - Urine; CDC NHANES urinary OH-PAH panel; parent-specificity is limited; local XPT registry variables checked for candidate aliases.,CTD identifiers/name; CDC NHANES laboratory catalog; 68 relevant laboratory domains; downloaded XPT value/LOD/weight columns.,CTD Phase 1 export; CDC NHANES continuous laboratory catalog; CDC NHANES environmental XPT files,parent PAH to validated urinary OH-PAH proxy,,False,,Tier_A_strict,enter_systematic_human_screen,True
267-chemical actionability matrix,,,,C041512,benzo(b)fluorene,GeneCards_Disorders,1000.0,193.0,1.0,1.0,9.0,0.0,M0,False,1.0,"specific_entity_identifier:CasRN,PubChemCID,DTXSID,InChIKey",False,benzo b fluorene,benzo(b)fluorene;243-17-4,CTD entity,,,pahs,PAH exposure axis,parent PAH to validated urinary OH-PAH proxy,URXP04,moderate,CDC NHANES urinary OH-PAH panel; parent-specificity is limited,68.0,Polyaromatic Hydrocarbons (PAHs) - Urine;Polyaromatic Hydrocarbons -Urine;Polycyclic Aromatic Hydrocarbons (PAH) - Urine,mapped,"validated/specificity mapping first; detectability, cycle coverage, and measured N used as non-CRC tie-breakers","[{""variable"": ""URXP04"", ""n_cycles_available"": 9, ""total_measured"": 23979, ""total_above_lod"": 23971, ""pooled_above_lod_pct"": 99.96663747445682, ""min_cycle_above_lod_pct"": 99.88679245283019, ""median_cycle_above_lod_pct"": 100.0, ""max_cycle_above_lod_pct"": 100.0}]",99.96663747445682,99.8867924528302,100.0,100.0,23979.0,23971.0,2.0,9.0,2001-2002;2003-2004;2005-2006;2007-2008;2009-2010;2011-2012;2013-2014;2015-2016;2017-2018,2001-2002,2017-2018,urine,"Phthalates, Phytoestrogens & PAHs - Urine;Polyaromatic Hydrocarbons (PAHs) - Urine;Polyaromatic Hydrocarbons -Urine;Polycyclic Aromatic Hydrocarbons (PAH) - Urine",23979.0,17382.0,9921.0,9007.0,70.0,8220.0,True,True,True,True,2.0,predefined primary survey model feasible,URXP04,pahs,243-17-4,CID:9201,DTXSID1022477,1.0,1.0,URXP04,URXP04,urinary biomarker,2001-2002;2003-2004;2005-2006;2007-2008;2009-2010;2011-2012;2013-2014;2015-2016;2017-2018,9.0,2.0,1.0,pending_manual_review,M0,True,True,True,resolved_mapped,CDC NHANES catalog domains checked: Polyaromatic Hydrocarbons (PAHs) - Urine;Polyaromatic Hydrocarbons -Urine;Polycyclic Aromatic Hydrocarbons (PAH) - Urine; CDC NHANES urinary OH-PAH panel; parent-specificity is limited; local XPT registry variables checked for candidate aliases.,CTD identifiers/name; CDC NHANES laboratory catalog; 68 relevant laboratory domains; downloaded XPT value/LOD/weight columns.,CTD Phase 1 export; CDC NHANES continuous laboratory catalog; CDC NHANES environmental XPT files,parent PAH to validated urinary OH-PAH proxy,,False,,Tier_A_strict,enter_systematic_human_screen,True
267-chemical actionability matrix,,,,C041513,benzo(c)fluorene,GeneCards_Disorders,1000.0,194.0,1.0,1.0,7.0,0.0,M0,False,1.0,"specific_entity_identifier:CasRN,PubChemCID,DTXSID,InChIKey",False,benzo c fluorene,benzo(c)fluorene;205-12-9,CTD entity,,,pahs,PAH exposure axis,parent PAH to validated urinary OH-PAH proxy,URXP04,moderate,CDC NHANES urinary OH-PAH panel; parent-specificity is limited,68.0,Polyaromatic Hydrocarbons (PAHs) - Urine;Polyaromatic Hydrocarbons -Urine;Polycyclic Aromatic Hydrocarbons (PAH) - Urine,mapped,"validated/specificity mapping first; detectability, cycle coverage, and measured N used as non-CRC tie-breakers","[{""variable"": ""URXP04"", ""n_cycles_available"": 9, ""total_measured"": 23979, ""total_above_lod"": 23971, ""pooled_above_lod_pct"": 99.96663747445682, ""min_cycle_above_lod_pct"": 99.88679245283019, ""median_cycle_above_lod_pct"": 100.0, ""max_cycle_above_lod_pct"": 100.0}]",99.96663747445682,99.8867924528302,100.0,100.0,23979.0,23971.0,2.0,9.0,2001-2002;2003-2004;2005-2006;2007-2008;2009-2010;2011-2012;2013-2014;2015-2016;2017-2018,2001-2002,2017-2018,urine,"Phthalates, Phytoestrogens & PAHs - Urine;Polyaromatic Hydrocarbons (PAHs) - Urine;Polyaromatic Hydrocarbons -Urine;Polycyclic Aromatic Hydrocarbons (PAH) - Urine",23979.0,17382.0,9921.0,9007.0,70.0,8220.0,True,True,True,True,2.0,predefined primary survey model feasible,URXP04,pahs,205-12-9,CID:9150,DTXSID30874039,1.0,1.0,URXP04,URXP04,urinary biomarker,2001-2002;2003-2004;2005-2006;2007-2008;2009-2010;2011-2012;2013-2014;2015-2016;2017-2018,9.0,2.0,1.0,pending_manual_review,M0,True,True,True,resolved_mapped,CDC NHANES catalog domains checked: Polyaromatic Hydrocarbons (PAHs) - Urine;Polyaromatic Hydrocarbons -Urine;Polycyclic Aromatic Hydrocarbons (PAH) - Urine; CDC NHANES urinary OH-PAH panel; parent-specificity is limited; local XPT registry variables checked for candidate aliases.,CTD identifiers/name; CDC NHANES laboratory catalog; 68 relevant laboratory domains; downloaded XPT value/LOD/weight columns.,CTD Phase 1 export; CDC NHANES continuous laboratory catalog; CDC NHANES environmental XPT files,parent PAH to validated urinary OH-PAH proxy,,False,,Tier_A_strict,enter_systematic_human_screen,True
267-chemical actionability matrix,,,,C042552,acenaphthene,GeneCards_Disorders,1000.0,195.0,1.0,1.0,8.0,0.0,M0,False,1.0,"specific_entity_identifier:CasRN,PubChemCID,DTXSID,InChIKey",False,acenaphthene,acenaphthene;83-32-9,CTD entity,,,pahs,PAH exposure axis,parent PAH to validated urinary OH-PAH proxy,URXP02,moderate,CDC NHANES urinary OH-PAH panel; parent-specificity is limited,68.0,Polyaromatic Hydrocarbons (PAHs) - Urine;Polyaromatic Hydrocarbons -Urine;Polycyclic Aromatic Hydrocarbons (PAH) - Urine,mapped,"validated/specificity mapping first; detectability, cycle coverage, and measured N used as non-CRC tie-breakers","[{""variable"": ""URXP02"", ""n_cycles_available"": 8, ""total_measured"": 21166, ""total_above_lod"": 21164, ""pooled_above_lod_pct"": 99.99055088349239, ""min_cycle_above_lod_pct"": 99.95911692559281, ""median_cycle_above_lod_pct"": 100.0, ""max_cycle_above_lod_pct"": 100.0}]",99.9905508834924,99.9591169255928,100.0,100.0,21166.0,21164.0,2.0,8.0,2001-2002;2003-2004;2005-2006;2007-2008;2009-2010;2011-2012;2013-2014;2015-2016,2001-2002,2015-2016,urine,"Phthalates, Phytoestrogens & PAHs - Urine;Polyaromatic Hydrocarbons (PAHs) - Urine;Polyaromatic Hydrocarbons -Urine;Polycyclic Aromatic Hydrocarbons (PAH) - Urine",21166.0,17382.0,9931.0,9016.0,71.0,8230.0,True,True,True,True,2.0,predefined primary survey model feasible,URXP02,pahs,83-32-9,CID:6734,DTXSID3021774,1.0,1.0,URXP02,URXP02,urinary biomarker,2001-2002;2003-2004;2005-2006;2007-2008;2009-2010;2011-2012;2013-2014;2015-2016,8.0,2.0,1.0,pending_manual_review,M0,True,True,True,resolved_mapped,CDC NHANES catalog domains checked: Polyaromatic Hydrocarbons (PAHs) - Urine;Polyaromatic Hydrocarbons -Urine;Polycyclic Aromatic Hydrocarbons (PAH) - Urine; CDC NHANES urinary OH-PAH panel; parent-specificity is limited; local XPT registry variables checked for candidate aliases.,CTD identifiers/name; CDC NHANES laboratory catalog; 68 relevant laboratory domains; downloaded XPT value/LOD/weight columns.,CTD Phase 1 export; CDC NHANES continuous laboratory catalog; CDC NHANES environmental XPT files,parent PAH to validated urinary OH-PAH proxy,,False,,Tier_A_strict,enter_systematic_human_screen,True
267-chemical actionability matrix,,,,C042553,acenaphthylene,GeneCards_Disorders,1000.0,196.0,1.0,1.0,8.0,0.0,M0,False,1.0,"specific_entity_identifier:CasRN,PubChemCID,DTXSID,InChIKey",False,acenaphthylene,acenaphthylene;208-96-8,CTD entity,,,pahs,PAH exposure axis,parent PAH to validated urinary OH-PAH proxy,URXP02,moderate,CDC NHANES urinary OH-PAH panel; parent-specificity is limited,68.0,Polyaromatic Hydrocarbons (PAHs) - Urine;Polyaromatic Hydrocarbons -Urine;Polycyclic Aromatic Hydrocarbons (PAH) - Urine,mapped,"validated/specificity mapping first; detectability, cycle coverage, and measured N used as non-CRC tie-breakers","[{""variable"": ""URXP02"", ""n_cycles_available"": 8, ""total_measured"": 21166, ""total_above_lod"": 21164, ""pooled_above_lod_pct"": 99.99055088349239, ""min_cycle_above_lod_pct"": 99.95911692559281, ""median_cycle_above_lod_pct"": 100.0, ""max_cycle_above_lod_pct"": 100.0}]",99.9905508834924,99.9591169255928,100.0,100.0,21166.0,21164.0,2.0,8.0,2001-2002;2003-2004;2005-2006;2007-2008;2009-2010;2011-2012;2013-2014;2015-2016,2001-2002,2015-2016,urine,"Phthalates, Phytoestrogens & PAHs - Urine;Polyaromatic Hydrocarbons (PAHs) - Urine;Polyaromatic Hydrocarbons -Urine;Polycyclic Aromatic Hydrocarbons (PAH) - Urine",21166.0,17382.0,9931.0,9016.0,71.0,8230.0,True,True,True,True,2.0,predefined primary survey model feasible,URXP02,pahs,208-96-8,CID:9161,DTXSID3023845,1.0,1.0,URXP02,URXP02,urinary biomarker,2001-2002;2003-2004;2005-2006;2007-2008;2009-2010;2011-2012;2013-2014;2015-2016,8.0,2.0,1.0,pending_manual_review,M0,True,True,True,resolved_mapped,CDC NHANES catalog domains checked: Polyaromatic Hydrocarbons (PAHs) - Urine;Polyaromatic Hydrocarbons -Urine;Polycyclic Aromatic Hydrocarbons (PAH) - Urine; CDC NHANES urinary OH-PAH panel; parent-specificity is limited; local XPT registry variables checked for candidate aliases.,CTD identifiers/name; CDC NHANES laboratory catalog; 68 relevant laboratory domains; downloaded XPT value/LOD/weight columns.,CTD Phase 1 export; CDC NHANES continuous laboratory catalog; CDC NHANES environmental XPT files,parent PAH to validated urinary OH-PAH proxy,,False,,Tier_A_strict,enter_systematic_human_screen,True
267-chemical actionability matrix,,,,C042881,1-ethynylpyrene,GeneCards_Disorders,1000.0,197.0,1.0,1.0,1.0,0.0,M0,False,1.0,"specific_entity_identifier:CasRN,PubChemCID,DTXSID,InChIKey",False,1 ethynylpyrene,1-ethynylpyrene;34993-56-1,CTD entity,,,pahs,PAH exposure axis,parent PAH to validated urinary OH-PAH proxy,URXP10,moderate,CDC NHANES urinary OH-PAH panel; parent-specificity is limited,68.0,Polyaromatic Hydrocarbons (PAHs) - Urine;Polyaromatic Hydrocarbons -Urine;Polycyclic Aromatic Hydrocarbons (PAH) - Urine,mapped,"validated/specificity mapping first; detectability, cycle coverage, and measured N used as non-CRC tie-breakers","[{""variable"": ""URXP10"", ""n_cycles_available"": 9, ""total_measured"": 23952, ""total_above_lod"": 21231, ""pooled_above_lod_pct"": 88.63977955911824, ""min_cycle_above_lod_pct"": 60.21621621621622, ""median_cycle_above_lod_pct"": 99.3638170974155, ""max_cycle_above_lod_pct"": 100.0}]",88.63977955911824,60.21621621621622,99.3638170974155,100.0,23952.0,21231.0,1.0,9.0,2001-2002;2003-2004;2005-2006;2007-2008;2009-2010;2011-2012;2013-2014;2015-2016;2017-2018,2001-2002,2017-2018,urine,"Phthalates, Phytoestrogens & PAHs - Urine;Polyaromatic Hydrocarbons (PAHs) - Urine;Polyaromatic Hydrocarbons -Urine;Polycyclic Aromatic Hydrocarbons (PAH) - Urine",23952.0,17382.0,9896.0,8980.0,70.0,8195.0,True,True,True,True,2.0,predefined primary survey model feasible,URXP10,pahs,34993-56-1,CID:154905,DTXSID30188527,1.0,1.0,URXP10,URXP10,urinary biomarker,2001-2002;2003-2004;2005-2006;2007-2008;2009-2010;2011-2012;2013-2014;2015-2016;2017-2018,9.0,2.0,1.0,pending_manual_review,M0,True,True,False,resolved_mapped,CDC NHANES catalog domains checked: Polyaromatic Hydrocarbons (PAHs) - Urine;Polyaromatic Hydrocarbons -Urine;Polycyclic Aromatic Hydrocarbons (PAH) - Urine; CDC NHANES urinary OH-PAH panel; parent-specificity is limited; local XPT registry variables checked for candidate aliases.,CTD identifiers/name; CDC NHANES laboratory catalog; 68 relevant laboratory domains; downloaded XPT value/LOD/weight columns.,CTD Phase 1 export; CDC NHANES continuous laboratory catalog; CDC NHANES environmental XPT files,parent PAH to validated urinary OH-PAH proxy,,False,,Tier_A_moderate,enter_systematic_human_screen,True
267-chemical actionability matrix,,,,C043103,phthalic anhydride,GeneCards_Disorders,1000.0,198.0,1.0,1.0,10.0,0.0,M0,False,1.0,"specific_entity_identifier:CasRN,PubChemCID,DTXSID,InChIKey",False,phthalic anhydride,phthalic anhydride;85-44-9,CTD entity,,,phthalates,,none,,unresolved,,0.0,,resolved_no_candidate_specific_analyte,no analyte rows,,,,,,,,,0.0,,,,,,0.0,0.0,0.0,0.0,0.0,0.0,False,False,False,False,0.0,no analyte mapping,,phthalates,85-44-9,CID:6811,DTXSID2021159,0.0,0.0,,,,,0.0,0.0,1.0,pending_manual_review,M0,False,False,False,resolved_no_supported_candidate_specific_analyte,CDC NHANES catalog domains checked: none matched; ; local XPT registry variables checked for candidate aliases.,CTD identifiers/name; CDC NHANES laboratory catalog; 0 relevant laboratory domains; downloaded XPT value/LOD/weight columns.,CTD Phase 1 export; CDC NHANES continuous laboratory catalog; CDC NHANES environmental XPT files,,,False,,not_human_testable,retain_with_resolved_audit_no_primary_screen,True
267-chemical actionability matrix,,,,C044659,molybdate,GeneCards_Disorders,1000.0,199.0,1.0,1.0,8.0,0.0,M0,False,1.0,"specific_entity_identifier:CasRN,PubChemCID,DTXSID,InChIKey",False,molybdate,molybdate;14259-85-9,elemental species or metal compound,,,heavy_metals,metal exposure axis,metal family searched; no mapped elemental analyte,,unresolved,CDC NHANES Metals - Urine and blood metal panels searched,119.0,Metals - Urine,resolved_no_candidate_specific_analyte,no analyte rows,,,,,,,,,0.0,,,,,,0.0,0.0,0.0,0.0,0.0,0.0,False,False,False,False,0.0,no analyte mapping,,heavy_metals,14259-85-9,CID:24621,DTXSID401015698,0.0,0.0,,,,,0.0,0.0,1.0,pending_manual_review,M0,False,False,False,resolved_no_supported_candidate_specific_analyte,CDC NHANES catalog domains checked: Metals - Urine; CDC NHANES Metals - Urine and blood metal panels searched; local XPT registry variables checked for candidate aliases.,CTD identifiers/name; CDC NHANES laboratory catalog; 119 relevant laboratory domains; downloaded XPT value/LOD/weight columns.,CTD Phase 1 export; CDC NHANES continuous laboratory catalog; CDC NHANES environmental XPT files,metal family searched; no mapped elemental analyte,CDC NHANES Metals - Urine and blood metal panels searched,False,,not_human_testable,retain_with_resolved_audit_no_primary_screen,True
267-chemical actionability matrix,,,,C045076,Fenton's reagent,GeneCards_Disorders,1000.0,200.0,1.0,1.0,2.0,0.0,M0,False,1.0,specific_entity_identifier:PubChemCID,False,fenton s reagent,Fenton's reagent,elemental species or metal compound,,,heavy_metals,metal exposure axis,metal family searched; no mapped elemental analyte,,unresolved,CDC NHANES Metals - Urine and blood metal panels searched,119.0,Metals - Urine,resolved_no_candidate_specific_analyte,no analyte rows,,,,,,,,,0.0,,,,,,0.0,0.0,0.0,0.0,0.0,0.0,False,False,False,False,0.0,no analyte mapping,,heavy_metals,,CID:160257,,0.0,0.0,,,,,0.0,0.0,1.0,pending_manual_review,M0,False,False,False,resolved_no_supported_candidate_specific_analyte,CDC NHANES catalog domains checked: Metals - Urine; CDC NHANES Metals - Urine and blood metal panels searched; local XPT registry variables checked for candidate aliases.,CTD identifiers/name; CDC NHANES laboratory catalog; 119 relevant laboratory domains; downloaded XPT value/LOD/weight columns.,CTD Phase 1 export; CDC NHANES continuous laboratory catalog; CDC NHANES environmental XPT files,metal family searched; no mapped elemental analyte,CDC NHANES Metals - Urine and blood metal panels searched,False,,not_human_testable,retain_with_resolved_audit_no_primary_screen,True
267-chemical actionability matrix,,,,C046962,9-methylanthracene,GeneCards_Disorders,1000.0,201.0,1.0,1.0,1.0,0.0,M0,False,1.0,"specific_entity_identifier:CasRN,PubChemCID,DTXSID,InChIKey",False,9 methylanthracene,9-methylanthracene;779-02-2,CTD entity,,,pahs,PAH exposure axis,parent PAH to validated urinary OH-PAH proxy,URXP25,moderate,CDC NHANES urinary OH-PAH panel; parent-specificity is limited,68.0,Polyaromatic Hydrocarbons (PAHs) - Urine;Polyaromatic Hydrocarbons -Urine;Polycyclic Aromatic Hydrocarbons (PAH) - Urine,mapped,"validated/specificity mapping first; detectability, cycle coverage, and measured N used as non-CRC tie-breakers","[{""variable"": ""URXP25"", ""n_cycles_available"": 3, ""total_measured"": 8459, ""total_above_lod"": 8416, ""pooled_above_lod_pct"": 99.49166568152263, ""min_cycle_above_lod_pct"": 99.20692141312185, ""median_cycle_above_lod_pct"": 99.54716981132076, ""max_cycle_above_lod_pct"": 99.70345963756178}]",99.49166568152263,99.20692141312183,99.54716981132076,99.70345963756178,8459.0,8416.0,2.0,3.0,2013-2014;2015-2016;2017-2018,2013-2014,2017-2018,urine,Polycyclic Aromatic Hydrocarbons (PAH) - Urine,8459.0,17382.0,0.0,0.0,0.0,0.0,False,True,True,True,0.0,insufficient complete-case events/sample or survey infrastructure,URXP25,pahs,779-02-2,CID:13068,DTXSID3061134,1.0,1.0,URXP25,URXP25,urinary biomarker,2013-2014;2015-2016;2017-2018,3.0,1.0,1.0,pending_manual_review,M0,False,False,False,resolved_mapped,CDC NHANES catalog domains checked: Polyaromatic Hydrocarbons (PAHs) - Urine;Polyaromatic Hydrocarbons -Urine;Polycyclic Aromatic Hydrocarbons (PAH) - Urine; CDC NHANES urinary OH-PAH panel; parent-specificity is limited; local XPT registry variables checked for candidate aliases.,CTD identifiers/name; CDC NHANES laboratory catalog; 68 relevant laboratory domains; downloaded XPT value/LOD/weight columns.,CTD Phase 1 export; CDC NHANES continuous laboratory catalog; CDC NHANES environmental XPT files,parent PAH to validated urinary OH-PAH proxy,,False,,not_human_testable,retain_with_resolved_audit_no_primary_screen,True
267-chemical actionability matrix,,,,C047249,6-methylchrysene,GeneCards_Disorders,1000.0,202.0,1.0,1.0,3.0,0.0,M0,False,1.0,"specific_entity_identifier:CasRN,PubChemCID,DTXSID,InChIKey",False,6 methylchrysene,6-methylchrysene;1705-85-7,CTD entity,,,pahs,PAH exposure axis,parent PAH to validated urinary OH-PAH proxy,URXP10,moderate,CDC NHANES urinary OH-PAH panel; parent-specificity is limited,68.0,Polyaromatic Hydrocarbons (PAHs) - Urine;Polyaromatic Hydrocarbons -Urine;Polycyclic Aromatic Hydrocarbons (PAH) - Urine,mapped,"validated/specificity mapping first; detectability, cycle coverage, and measured N used as non-CRC tie-breakers","[{""variable"": ""URXP10"", ""n_cycles_available"": 9, ""total_measured"": 23952, ""total_above_lod"": 21231, ""pooled_above_lod_pct"": 88.63977955911824, ""min_cycle_above_lod_pct"": 60.21621621621622, ""median_cycle_above_lod_pct"": 99.3638170974155, ""max_cycle_above_lod_pct"": 100.0}]",88.63977955911824,60.21621621621622,99.3638170974155,100.0,23952.0,21231.0,1.0,9.0,2001-2002;2003-2004;2005-2006;2007-2008;2009-2010;2011-2012;2013-2014;2015-2016;2017-2018,2001-2002,2017-2018,urine,"Phthalates, Phytoestrogens & PAHs - Urine;Polyaromatic Hydrocarbons (PAHs) - Urine;Polyaromatic Hydrocarbons -Urine;Polycyclic Aromatic Hydrocarbons (PAH) - Urine",23952.0,17382.0,9896.0,8980.0,70.0,8195.0,True,True,True,True,2.0,predefined primary survey model feasible,URXP10,pahs,1705-85-7,CID:15564,DTXSID3074814,1.0,1.0,URXP10,URXP10,urinary biomarker,2001-2002;2003-2004;2005-2006;2007-2008;2009-2010;2011-2012;2013-2014;2015-2016;2017-2018,9.0,2.0,1.0,pending_manual_review,M0,True,True,False,resolved_mapped,CDC NHANES catalog domains checked: Polyaromatic Hydrocarbons (PAHs) - Urine;Polyaromatic Hydrocarbons -Urine;Polycyclic Aromatic Hydrocarbons (PAH) - Urine; CDC NHANES urinary OH-PAH panel; parent-specificity is limited; local XPT registry variables checked for candidate aliases.,CTD identifiers/name; CDC NHANES laboratory catalog; 68 relevant laboratory domains; downloaded XPT value/LOD/weight columns.,CTD Phase 1 export; CDC NHANES continuous laboratory catalog; CDC NHANES environmental XPT files,parent PAH to validated urinary OH-PAH proxy,,False,,Tier_A_moderate,enter_systematic_human_screen,True
267-chemical actionability matrix,,,,C049051,ferric pyrophosphate,GeneCards_Disorders,1000.0,203.0,1.0,1.0,2.0,0.0,M0,False,1.0,"specific_entity_identifier:CasRN,DTXSID,InChIKey",False,ferric pyrophosphate,ferric pyrophosphate;10058-44-3,elemental species or metal compound,,,heavy_metals,metal exposure axis,metal family searched; no mapped elemental analyte,,unresolved,CDC NHANES Metals - Urine and blood metal panels searched,119.0,Metals - Urine,resolved_no_candidate_specific_analyte,no analyte rows,,,,,,,,,0.0,,,,,,0.0,0.0,0.0,0.0,0.0,0.0,False,False,False,False,0.0,no analyte mapping,,heavy_metals,10058-44-3,,DTXSID6047600,0.0,0.0,,,,,0.0,0.0,1.0,pending_manual_review,M0,False,False,False,resolved_no_supported_candidate_specific_analyte,CDC NHANES catalog domains checked: Metals - Urine; CDC NHANES Metals - Urine and blood metal panels searched; local XPT registry variables checked for candidate aliases.,CTD identifiers/name; CDC NHANES laboratory catalog; 119 relevant laboratory domains; downloaded XPT value/LOD/weight columns.,CTD Phase 1 export; CDC NHANES continuous laboratory catalog; CDC NHANES environmental XPT files,metal family searched; no mapped elemental analyte,CDC NHANES Metals - Urine and blood metal panels searched,False,,not_human_testable,retain_with_resolved_audit_no_primary_screen,True
267-chemical actionability matrix,,,,C050718,dentinol,GeneCards_Disorders,1000.0,204.0,1.0,1.0,1.0,0.0,M0,False,1.0,specific_ctd_entity_id:C050718,False,dentinol,dentinol,elemental species or metal compound,,,heavy_metals,metal exposure axis,elemental urinary biomarker for parent metal/species,URXUSN,moderate,CDC NHANES metals blood/urine panels and codebooks,119.0,Metals - Urine,mapped,"validated/specificity mapping first; detectability, cycle coverage, and measured N used as non-CRC tie-breakers","[{""variable"": ""URXUSN"", ""n_cycles_available"": 4, ""total_measured"": 11036, ""total_above_lod"": 10130, ""pooled_above_lod_pct"": 91.79050380572671, ""min_cycle_above_lod_pct"": 86.10223642172524, ""median_cycle_above_lod_pct"": 92.29662354662355, ""max_cycle_above_lod_pct"": 95.45751633986929}]",91.79050380572671,86.10223642172524,92.29662354662356,95.45751633986929,11036.0,10130.0,2.0,4.0,2011-2012;2013-2014;2015-2016;2017-2018,2011-2012,2017-2018,urine,Metals - Urine,11036.0,17382.0,1715.0,1531.0,10.0,1409.0,True,True,True,True,0.0,insufficient complete-case events/sample or survey infrastructure,URXUSN,heavy_metals,,,,1.0,1.0,URXUSN,URXUSN,urinary biomarker,2011-2012;2013-2014;2015-2016;2017-2018,4.0,1.0,1.0,pending_manual_review,M0,False,False,False,resolved_mapped,CDC NHANES catalog domains checked: Metals - Urine; CDC NHANES metals blood/urine panels and codebooks; local XPT registry variables checked for candidate aliases.,CTD identifiers/name; CDC NHANES laboratory catalog; 119 relevant laboratory domains; downloaded XPT value/LOD/weight columns.,CTD Phase 1 export; CDC NHANES continuous laboratory catalog; CDC NHANES environmental XPT files,elemental urinary biomarker for parent metal/species,,False,,not_human_testable,retain_with_resolved_audit_no_primary_screen,True
267-chemical actionability matrix,,,,C051070,"4-methylcyclohexyl-1,6-dicarboxylic acid anhydride",GeneCards_Disorders,1000.0,205.0,1.0,1.0,2.0,0.0,M0,False,1.0,"specific_entity_identifier:CasRN,DTXSID,InChIKey",False,4 methylcyclohexyl 1 6 dicarboxylic acid anhydride,"4-methylcyclohexyl-1,6-dicarboxylic acid anhydride;19438-60-9",CTD entity,,,phthalates,,none,,unresolved,,0.0,,resolved_no_candidate_specific_analyte,no analyte rows,,,,,,,,,0.0,,,,,,0.0,0.0,0.0,0.0,0.0,0.0,False,False,False,False,0.0,no analyte mapping,,phthalates,19438-60-9,,DTXSID8044333,0.0,0.0,,,,,0.0,0.0,1.0,pending_manual_review,M0,False,False,False,resolved_no_supported_candidate_specific_analyte,CDC NHANES catalog domains checked: none matched; ; local XPT registry variables checked for candidate aliases.,CTD identifiers/name; CDC NHANES laboratory catalog; 0 relevant laboratory domains; downloaded XPT value/LOD/weight columns.,CTD Phase 1 export; CDC NHANES continuous laboratory catalog; CDC NHANES environmental XPT files,,,False,,not_human_testable,retain_with_resolved_audit_no_primary_screen,True
267-chemical actionability matrix,,,,C051446,3-methylcholanthrylene,GeneCards_Disorders,1000.0,206.0,1.0,1.0,1.0,0.0,M0,False,1.0,"specific_entity_identifier:CasRN,PubChemCID,DTXSID,InChIKey",False,3 methylcholanthrylene,3-methylcholanthrylene;3343-10-0,CTD entity,,,pahs,PAH exposure axis,family-level urinary OH-PAH proxy,URXP10,low,CDC NHANES urinary OH-PAH panel; only family-level proxy assigned,68.0,Polyaromatic Hydrocarbons (PAHs) - Urine;Polyaromatic Hydrocarbons -Urine;Polycyclic Aromatic Hydrocarbons (PAH) - Urine,mapped,"validated/specificity mapping first; detectability, cycle coverage, and measured N used as non-CRC tie-breakers","[{""variable"": ""URXP10"", ""n_cycles_available"": 9, ""total_measured"": 23952, ""total_above_lod"": 21231, ""pooled_above_lod_pct"": 88.63977955911824, ""min_cycle_above_lod_pct"": 60.21621621621622, ""median_cycle_above_lod_pct"": 99.3638170974155, ""max_cycle_above_lod_pct"": 100.0}]",88.63977955911824,60.21621621621622,99.3638170974155,100.0,23952.0,21231.0,1.0,9.0,2001-2002;2003-2004;2005-2006;2007-2008;2009-2010;2011-2012;2013-2014;2015-2016;2017-2018,2001-2002,2017-2018,urine,"Phthalates, Phytoestrogens & PAHs - Urine;Polyaromatic Hydrocarbons (PAHs) - Urine;Polyaromatic Hydrocarbons -Urine;Polycyclic Aromatic Hydrocarbons (PAH) - Urine",23952.0,17382.0,9896.0,8980.0,70.0,8195.0,True,True,True,True,2.0,predefined primary survey model feasible,URXP10,pahs,3343-10-0,CID:18761,DTXSID90187076,1.0,1.0,URXP10,URXP10,urinary biomarker,2001-2002;2003-2004;2005-2006;2007-2008;2009-2010;2011-2012;2013-2014;2015-2016;2017-2018,9.0,2.0,1.0,pending_manual_review,M0,True,True,False,resolved_mapped,CDC NHANES catalog domains checked: Polyaromatic Hydrocarbons (PAHs) - Urine;Polyaromatic Hydrocarbons -Urine;Polycyclic Aromatic Hydrocarbons (PAH) - Urine; CDC NHANES urinary OH-PAH panel; only family-level proxy assigned; local XPT registry variables checked for candidate aliases.,CTD identifiers/name; CDC NHANES laboratory catalog; 68 relevant laboratory domains; downloaded XPT value/LOD/weight columns.,CTD Phase 1 export; CDC NHANES continuous laboratory catalog; CDC NHANES environmental XPT files,family-level urinary OH-PAH proxy,,False,,Tier_A_moderate,enter_systematic_human_screen,True
267-chemical actionability matrix,,,,C053035,1-methylpyrene,GeneCards_Disorders,1000.0,207.0,1.0,1.0,4.0,0.0,M0,False,1.0,"specific_entity_identifier:CasRN,PubChemCID,DTXSID,InChIKey",False,1 methylpyrene,1-methylpyrene;2381-21-7,CTD entity,,,pahs,PAH exposure axis,parent PAH to validated urinary OH-PAH proxy,URXP10,moderate,CDC NHANES urinary OH-PAH panel; parent-specificity is limited,68.0,Polyaromatic Hydrocarbons (PAHs) - Urine;Polyaromatic Hydrocarbons -Urine;Polycyclic Aromatic Hydrocarbons (PAH) - Urine,mapped,"validated/specificity mapping first; detectability, cycle coverage, and measured N used as non-CRC tie-breakers","[{""variable"": ""URXP10"", ""n_cycles_available"": 9, ""total_measured"": 23952, ""total_above_lod"": 21231, ""pooled_above_lod_pct"": 88.63977955911824, ""min_cycle_above_lod_pct"": 60.21621621621622, ""median_cycle_above_lod_pct"": 99.3638170974155, ""max_cycle_above_lod_pct"": 100.0}]",88.63977955911824,60.21621621621622,99.3638170974155,100.0,23952.0,21231.0,1.0,9.0,2001-2002;2003-2004;2005-2006;2007-2008;2009-2010;2011-2012;2013-2014;2015-2016;2017-2018,2001-2002,2017-2018,urine,"Phthalates, Phytoestrogens & PAHs - Urine;Polyaromatic Hydrocarbons (PAHs) - Urine;Polyaromatic Hydrocarbons -Urine;Polycyclic Aromatic Hydrocarbons (PAH) - Urine",23952.0,17382.0,9896.0,8980.0,70.0,8195.0,True,True,True,True,2.0,predefined primary survey model feasible,URXP10,pahs,2381-21-7,CID:16932,DTXSID0025654,1.0,1.0,URXP10,URXP10,urinary biomarker,2001-2002;2003-2004;2005-2006;2007-2008;2009-2010;2011-2012;2013-2014;2015-2016;2017-2018,9.0,2.0,1.0,pending_manual_review,M0,True,True,False,resolved_mapped,CDC NHANES catalog domains checked: Polyaromatic Hydrocarbons (PAHs) - Urine;Polyaromatic Hydrocarbons -Urine;Polycyclic Aromatic Hydrocarbons (PAH) - Urine; CDC NHANES urinary OH-PAH panel; parent-specificity is limited; local XPT registry variables checked for candidate aliases.,CTD identifiers/name; CDC NHANES laboratory catalog; 68 relevant laboratory domains; downloaded XPT value/LOD/weight columns.,CTD Phase 1 export; CDC NHANES continuous laboratory catalog; CDC NHANES environmental XPT files,parent PAH to validated urinary OH-PAH proxy,,False,,Tier_A_moderate,enter_systematic_human_screen,True
267-chemical actionability matrix,,,,C053036,1-methylfluorene,GeneCards_Disorders,1000.0,208.0,1.0,1.0,1.0,0.0,M0,False,1.0,"specific_entity_identifier:CasRN,PubChemCID,DTXSID,InChIKey",False,1 methylfluorene,1-methylfluorene;1730-37-6,CTD entity,,,pahs,PAH exposure axis,parent PAH to validated urinary OH-PAH proxy,URXP04,moderate,CDC NHANES urinary OH-PAH panel; parent-specificity is limited,68.0,Polyaromatic Hydrocarbons (PAHs) - Urine;Polyaromatic Hydrocarbons -Urine;Polycyclic Aromatic Hydrocarbons (PAH) - Urine,mapped,"validated/specificity mapping first; detectability, cycle coverage, and measured N used as non-CRC tie-breakers","[{""variable"": ""URXP04"", ""n_cycles_available"": 9, ""total_measured"": 23979, ""total_above_lod"": 23971, ""pooled_above_lod_pct"": 99.96663747445682, ""min_cycle_above_lod_pct"": 99.88679245283019, ""median_cycle_above_lod_pct"": 100.0, ""max_cycle_above_lod_pct"": 100.0}]",99.96663747445682,99.8867924528302,100.0,100.0,23979.0,23971.0,2.0,9.0,2001-2002;2003-2004;2005-2006;2007-2008;2009-2010;2011-2012;2013-2014;2015-2016;2017-2018,2001-2002,2017-2018,urine,"Phthalates, Phytoestrogens & PAHs - Urine;Polyaromatic Hydrocarbons (PAHs) - Urine;Polyaromatic Hydrocarbons -Urine;Polycyclic Aromatic Hydrocarbons (PAH) - Urine",23979.0,17382.0,9921.0,9007.0,70.0,8220.0,True,True,True,True,2.0,predefined primary survey model feasible,URXP04,pahs,1730-37-6,CID:15604,DTXSID4061919,1.0,1.0,URXP04,URXP04,urinary biomarker,2001-2002;2003-2004;2005-2006;2007-2008;2009-2010;2011-2012;2013-2014;2015-2016;2017-2018,9.0,2.0,1.0,pending_manual_review,M0,True,True,True,resolved_mapped,CDC NHANES catalog domains checked: Polyaromatic Hydrocarbons (PAHs) - Urine;Polyaromatic Hydrocarbons -Urine;Polycyclic Aromatic Hydrocarbons (PAH) - Urine; CDC NHANES urinary OH-PAH panel; parent-specificity is limited; local XPT registry variables checked for candidate aliases.,CTD identifiers/name; CDC NHANES laboratory catalog; 68 relevant laboratory domains; downloaded XPT value/LOD/weight columns.,CTD Phase 1 export; CDC NHANES continuous laboratory catalog; CDC NHANES environmental XPT files,parent PAH to validated urinary OH-PAH proxy,,False,,Tier_A_strict,enter_systematic_human_screen,True
267-chemical actionability matrix,,,,C054672,antimony trichloride,GeneCards_Disorders,1000.0,209.0,1.0,1.0,6.0,0.0,M0,False,1.0,"specific_entity_identifier:CasRN,PubChemCID,DTXSID,InChIKey",False,antimony trichloride,antimony trichloride;10025-91-9,elemental species or metal compound,,,heavy_metals,metal exposure axis,elemental urinary biomarker for parent metal/species,URXUSB,moderate,CDC NHANES metals blood/urine panels and codebooks,119.0,Metals - Urine,mapped,"validated/specificity mapping first; detectability, cycle coverage, and measured N used as non-CRC tie-breakers","[{""variable"": ""URXUSB"", ""n_cycles_available"": 10, ""total_measured"": 26611, ""total_above_lod"": 21457, ""pooled_above_lod_pct"": 80.63206944496636, ""min_cycle_above_lod_pct"": 60.822683706070286, ""median_cycle_above_lod_pct"": 81.36540522103903, ""max_cycle_above_lod_pct"": 100.0}]",80.63206944496636,60.822683706070286,81.36540522103903,100.0,26611.0,21457.0,1.0,10.0,1999-2000;2001-2002;2003-2004;2005-2006;2007-2008;2009-2010;2011-2012;2013-2014;2015-2016;2017-2018,1999-2000,2017-2018,urine,Metals - Urine,26611.0,17382.0,1715.0,1531.0,10.0,1409.0,True,True,True,True,0.0,insufficient complete-case events/sample or survey infrastructure,URXUSB,heavy_metals,10025-91-9,CID:24814,DTXSID4044161,1.0,1.0,URXUSB,URXUSB,urinary biomarker,1999-2000;2001-2002;2003-2004;2005-2006;2007-2008;2009-2010;2011-2012;2013-2014;2015-2016;2017-2018,10.0,2.0,1.0,pending_manual_review,M0,False,False,False,resolved_mapped,CDC NHANES catalog domains checked: Metals - Urine; CDC NHANES metals blood/urine panels and codebooks; local XPT registry variables checked for candidate aliases.,CTD identifiers/name; CDC NHANES laboratory catalog; 119 relevant laboratory domains; downloaded XPT value/LOD/weight columns.,CTD Phase 1 export; CDC NHANES continuous laboratory catalog; CDC NHANES environmental XPT files,elemental urinary biomarker for parent metal/species,,False,,not_human_testable,retain_with_resolved_audit_no_primary_screen,True
267-chemical actionability matrix,,,,C058039,hexafluoron,GeneCards_Disorders,1000.0,210.0,1.0,1.0,3.0,0.0,M0,False,1.0,specific_entity_identifier:PubChemCID,False,hexafluoron,hexafluoron,CTD entity,,,pfas_perfluoro,PFAS exposure axis,PFAS class searched; no candidate-specific NHANES variable,,unresolved,CDC NHANES PFAS panels searched; no specific analyte name match,0.0,,resolved_no_candidate_specific_analyte,no analyte rows,,,,,,,,,0.0,,,,,,0.0,0.0,0.0,0.0,0.0,0.0,False,False,False,False,0.0,no analyte mapping,,pfas_perfluoro,,CID:91741,,0.0,0.0,,,,,0.0,0.0,1.0,pending_manual_review,M0,False,False,False,resolved_no_supported_candidate_specific_analyte,CDC NHANES catalog domains checked: none matched; CDC NHANES PFAS panels searched; no specific analyte name match; local XPT registry variables checked for candidate aliases.,CTD identifiers/name; CDC NHANES laboratory catalog; 0 relevant laboratory domains; downloaded XPT value/LOD/weight columns.,CTD Phase 1 export; CDC NHANES continuous laboratory catalog; CDC NHANES environmental XPT files,PFAS class searched; no candidate-specific NHANES variable,CDC NHANES PFAS panels searched; no specific analyte name match,False,,not_human_testable,retain_with_resolved_audit_no_primary_screen,True
267-chemical actionability matrix,,,,C059768,isophthalate,GeneCards_Disorders,1000.0,211.0,1.0,1.0,2.0,0.0,M0,False,1.0,"specific_entity_identifier:CasRN,PubChemCID,DTXSID,InChIKey",False,isophthalate,isophthalate;121-91-5;phthalate;plasticizer,phthalate parent or monoester metabolite,,,phthalates,,none,,unresolved,,161.0,"Phthalates & Plasticizers Metabolites - Urine;Phthalates - Urine;Phthalates and Plasticizers Metabolites - Urine;Phthalates, Phytoestrogens & PAHs - Urine;Phthalates, Phytoestrogens & PAHs - Urine PHPYPA Urinary Phthalates",resolved_no_candidate_specific_analyte,no analyte rows,,,,,,,,,0.0,,,,,,0.0,0.0,0.0,0.0,0.0,0.0,False,False,False,False,0.0,no analyte mapping,,phthalates,121-91-5,CID:8496,DTXSID3021485,0.0,0.0,,,,,0.0,0.0,1.0,pending_manual_review,M0,False,False,False,resolved_no_supported_candidate_specific_analyte,"CDC NHANES catalog domains checked: Phthalates & Plasticizers Metabolites - Urine;Phthalates - Urine;Phthalates and Plasticizers Metabolites - Urine;Phthalates, Phytoestrogens & PAHs - Urine;Phthalates, Phytoestrogens & PAHs - Urine PHPYPA Urinary Phthalates; ; local XPT registry variables checked for candidate aliases.",CTD identifiers/name; CDC NHANES laboratory catalog; 161 relevant laboratory domains; downloaded XPT value/LOD/weight columns.,CTD Phase 1 export; CDC NHANES continuous laboratory catalog; CDC NHANES environmental XPT files,,,False,,not_human_testable,retain_with_resolved_audit_no_primary_screen,True
267-chemical actionability matrix,,,,C063006,norflurane,GeneCards_Disorders,1000.0,212.0,1.0,1.0,1.0,0.0,M0,False,1.0,specific_entity_identifier:PubChemCID,False,norflurane,norflurane,CTD entity,,,pfas_perfluoro,PFAS exposure axis,PFAS class searched; no candidate-specific NHANES variable,,unresolved,CDC NHANES PFAS panels searched; no specific analyte name match,0.0,,resolved_no_candidate_specific_analyte,no analyte rows,,,,,,,,,0.0,,,,,,0.0,0.0,0.0,0.0,0.0,0.0,False,False,False,False,0.0,no analyte mapping,,pfas_perfluoro,,CID:13129,,0.0,0.0,,,,,0.0,0.0,1.0,pending_manual_review,M0,False,False,False,resolved_no_supported_candidate_specific_analyte,CDC NHANES catalog domains checked: none matched; CDC NHANES PFAS panels searched; no specific analyte name match; local XPT registry variables checked for candidate aliases.,CTD identifiers/name; CDC NHANES laboratory catalog; 0 relevant laboratory domains; downloaded XPT value/LOD/weight columns.,CTD Phase 1 export; CDC NHANES continuous laboratory catalog; CDC NHANES environmental XPT files,PFAS class searched; no candidate-specific NHANES variable,CDC NHANES PFAS panels searched; no specific analyte name match,False,,not_human_testable,retain_with_resolved_audit_no_primary_screen,True
267-chemical actionability matrix,,,,C065011,1-vinylpyrene,GeneCards_Disorders,1000.0,213.0,1.0,1.0,1.0,0.0,M0,False,1.0,"specific_entity_identifier:CasRN,PubChemCID,DTXSID,InChIKey",False,1 vinylpyrene,1-vinylpyrene;17088-21-0,CTD entity,,,pahs,PAH exposure axis,parent PAH to validated urinary OH-PAH proxy,URXP10,moderate,CDC NHANES urinary OH-PAH panel; parent-specificity is limited,68.0,Polyaromatic Hydrocarbons (PAHs) - Urine;Polyaromatic Hydrocarbons -Urine;Polycyclic Aromatic Hydrocarbons (PAH) - Urine,mapped,"validated/specificity mapping first; detectability, cycle coverage, and measured N used as non-CRC tie-breakers","[{""variable"": ""URXP10"", ""n_cycles_available"": 9, ""total_measured"": 23952, ""total_above_lod"": 21231, ""pooled_above_lod_pct"": 88.63977955911824, ""min_cycle_above_lod_pct"": 60.21621621621622, ""median_cycle_above_lod_pct"": 99.3638170974155, ""max_cycle_above_lod_pct"": 100.0}]",88.63977955911824,60.21621621621622,99.3638170974155,100.0,23952.0,21231.0,1.0,9.0,2001-2002;2003-2004;2005-2006;2007-2008;2009-2010;2011-2012;2013-2014;2015-2016;2017-2018,2001-2002,2017-2018,urine,"Phthalates, Phytoestrogens & PAHs - Urine;Polyaromatic Hydrocarbons (PAHs) - Urine;Polyaromatic Hydrocarbons -Urine;Polycyclic Aromatic Hydrocarbons (PAH) - Urine",23952.0,17382.0,9896.0,8980.0,70.0,8195.0,True,True,True,True,2.0,predefined primary survey model feasible,URXP10,pahs,17088-21-0,CID:146322,DTXSID90168961,1.0,1.0,URXP10,URXP10,urinary biomarker,2001-2002;2003-2004;2005-2006;2007-2008;2009-2010;2011-2012;2013-2014;2015-2016;2017-2018,9.0,2.0,1.0,pending_manual_review,M0,True,True,False,resolved_mapped,CDC NHANES catalog domains checked: Polyaromatic Hydrocarbons (PAHs) - Urine;Polyaromatic Hydrocarbons -Urine;Polycyclic Aromatic Hydrocarbons (PAH) - Urine; CDC NHANES urinary OH-PAH panel; parent-specificity is limited; local XPT registry variables checked for candidate aliases.,CTD identifiers/name; CDC NHANES laboratory catalog; 68 relevant laboratory domains; downloaded XPT value/LOD/weight columns.,CTD Phase 1 export; CDC NHANES continuous laboratory catalog; CDC NHANES environmental XPT files,parent PAH to validated urinary OH-PAH proxy,,False,,Tier_A_moderate,enter_systematic_human_screen,True
267-chemical actionability matrix,,,,C065012,2-ethynylnaphthalene,GeneCards_Disorders,1000.0,214.0,1.0,1.0,2.0,0.0,M0,False,1.0,"specific_entity_identifier:CasRN,PubChemCID,DTXSID,InChIKey",False,2 ethynylnaphthalene,2-ethynylnaphthalene;2949-26-0,CTD entity,,,pahs,PAH exposure axis,parent PAH to validated urinary OH-PAH proxy,URXP02,moderate,CDC NHANES urinary OH-PAH panel; parent-specificity is limited,68.0,Polyaromatic Hydrocarbons (PAHs) - Urine;Polyaromatic Hydrocarbons -Urine;Polycyclic Aromatic Hydrocarbons (PAH) - Urine,mapped,"validated/specificity mapping first; detectability, cycle coverage, and measured N used as non-CRC tie-breakers","[{""variable"": ""URXP02"", ""n_cycles_available"": 8, ""total_measured"": 21166, ""total_above_lod"": 21164, ""pooled_above_lod_pct"": 99.99055088349239, ""min_cycle_above_lod_pct"": 99.95911692559281, ""median_cycle_above_lod_pct"": 100.0, ""max_cycle_above_lod_pct"": 100.0}]",99.9905508834924,99.9591169255928,100.0,100.0,21166.0,21164.0,2.0,8.0,2001-2002;2003-2004;2005-2006;2007-2008;2009-2010;2011-2012;2013-2014;2015-2016,2001-2002,2015-2016,urine,"Phthalates, Phytoestrogens & PAHs - Urine;Polyaromatic Hydrocarbons (PAHs) - Urine;Polyaromatic Hydrocarbons -Urine;Polycyclic Aromatic Hydrocarbons (PAH) - Urine",21166.0,17382.0,9931.0,9016.0,71.0,8230.0,True,True,True,True,2.0,predefined primary survey model feasible,URXP02,pahs,2949-26-0,CID:115017,DTXSID50183690,1.0,1.0,URXP02,URXP02,urinary biomarker,2001-2002;2003-2004;2005-2006;2007-2008;2009-2010;2011-2012;2013-2014;2015-2016,8.0,2.0,1.0,pending_manual_review,M0,True,True,True,resolved_mapped,CDC NHANES catalog domains checked: Polyaromatic Hydrocarbons (PAHs) - Urine;Polyaromatic Hydrocarbons -Urine;Polycyclic Aromatic Hydrocarbons (PAH) - Urine; CDC NHANES urinary OH-PAH panel; parent-specificity is limited; local XPT registry variables checked for candidate aliases.,CTD identifiers/name; CDC NHANES laboratory catalog; 68 relevant laboratory domains; downloaded XPT value/LOD/weight columns.,CTD Phase 1 export; CDC NHANES continuous laboratory catalog; CDC NHANES environmental XPT files,parent PAH to validated urinary OH-PAH proxy,,False,,Tier_A_strict,enter_systematic_human_screen,True
267-chemical actionability matrix,,,,C082290,molybdenum trioxide,GeneCards_Disorders,1000.0,215.0,1.0,1.0,2.0,0.0,M0,False,1.0,"specific_entity_identifier:CasRN,PubChemCID,DTXSID,InChIKey",False,molybdenum trioxide,molybdenum trioxide;1313-27-5,elemental species or metal compound,,,heavy_metals,metal exposure axis,elemental urinary biomarker for parent metal/species,URXUMO,moderate,CDC NHANES metals blood/urine panels and codebooks,119.0,Metals - Urine,mapped,"validated/specificity mapping first; detectability, cycle coverage, and measured N used as non-CRC tie-breakers","[{""variable"": ""URXUMO"", ""n_cycles_available"": 10, ""total_measured"": 26592, ""total_above_lod"": 26587, ""pooled_above_lod_pct"": 99.98119735258724, ""min_cycle_above_lod_pct"": 99.88272087568413, ""median_cycle_above_lod_pct"": 100.0, ""max_cycle_above_lod_pct"": 100.0}]",99.98119735258724,99.88272087568411,100.0,100.0,26592.0,26587.0,2.0,10.0,1999-2000;2001-2002;2003-2004;2005-2006;2007-2008;2009-2010;2011-2012;2013-2014;2015-2016;2017-2018,1999-2000,2017-2018,urine,Metals - Urine,26592.0,17382.0,1715.0,1531.0,10.0,1409.0,True,True,True,True,0.0,insufficient complete-case events/sample or survey infrastructure,URXUMO,heavy_metals,1313-27-5,CID:14802,DTXSID7020899,1.0,1.0,URXUMO,URXUMO,urinary biomarker,1999-2000;2001-2002;2003-2004;2005-2006;2007-2008;2009-2010;2011-2012;2013-2014;2015-2016;2017-2018,10.0,2.0,1.0,pending_manual_review,M0,False,False,False,resolved_mapped,CDC NHANES catalog domains checked: Metals - Urine; CDC NHANES metals blood/urine panels and codebooks; local XPT registry variables checked for candidate aliases.,CTD identifiers/name; CDC NHANES laboratory catalog; 119 relevant laboratory domains; downloaded XPT value/LOD/weight columns.,CTD Phase 1 export; CDC NHANES continuous laboratory catalog; CDC NHANES environmental XPT files,elemental urinary biomarker for parent metal/species,,False,,not_human_testable,retain_with_resolved_audit_no_primary_screen,True
267-chemical actionability matrix,,,,C086511,RU 58668,GeneCards_Disorders,1000.0,216.0,1.0,1.0,7.0,0.0,M0,False,1.0,"specific_entity_identifier:CasRN,PubChemCID,DTXSID,InChIKey",False,ru 58668,RU 58668;151555-47-4,CTD entity,,,pfas_perfluoro,PFAS exposure axis,PFAS class searched; no candidate-specific NHANES variable,,unresolved,CDC NHANES PFAS panels searched; no specific analyte name match,0.0,,resolved_no_candidate_specific_analyte,no analyte rows,,,,,,,,,0.0,,,,,,0.0,0.0,0.0,0.0,0.0,0.0,False,False,False,False,0.0,no analyte mapping,,pfas_perfluoro,151555-47-4,CID:6918261,DTXSID60934291,0.0,0.0,,,,,0.0,0.0,1.0,pending_manual_review,M0,False,False,False,resolved_no_supported_candidate_specific_analyte,CDC NHANES catalog domains checked: none matched; CDC NHANES PFAS panels searched; no specific analyte name match; local XPT registry variables checked for candidate aliases.,CTD identifiers/name; CDC NHANES laboratory catalog; 0 relevant laboratory domains; downloaded XPT value/LOD/weight columns.,CTD Phase 1 export; CDC NHANES continuous laboratory catalog; CDC NHANES environmental XPT files,PFAS class searched; no candidate-specific NHANES variable,CDC NHANES PFAS panels searched; no specific analyte name match,False,,not_human_testable,retain_with_resolved_audit_no_primary_screen,True
267-chemical actionability matrix,,,,C091696,antimony oxide,GeneCards_Disorders,1000.0,217.0,1.0,1.0,1.0,0.0,M0,False,1.0,"specific_entity_identifier:CasRN,PubChemCID,DTXSID,InChIKey",False,antimony oxide,antimony oxide;1332-81-6,elemental species or metal compound,,,heavy_metals,metal exposure axis,elemental urinary biomarker for parent metal/species,URXUSB,moderate,CDC NHANES metals blood/urine panels and codebooks,119.0,Metals - Urine,mapped,"validated/specificity mapping first; detectability, cycle coverage, and measured N used as non-CRC tie-breakers","[{""variable"": ""URXUSB"", ""n_cycles_available"": 10, ""total_measured"": 26611, ""total_above_lod"": 21457, ""pooled_above_lod_pct"": 80.63206944496636, ""min_cycle_above_lod_pct"": 60.822683706070286, ""median_cycle_above_lod_pct"": 81.36540522103903, ""max_cycle_above_lod_pct"": 100.0}]",80.63206944496636,60.822683706070286,81.36540522103903,100.0,26611.0,21457.0,1.0,10.0,1999-2000;2001-2002;2003-2004;2005-2006;2007-2008;2009-2010;2011-2012;2013-2014;2015-2016;2017-2018,1999-2000,2017-2018,urine,Metals - Urine,26611.0,17382.0,1715.0,1531.0,10.0,1409.0,True,True,True,True,0.0,insufficient complete-case events/sample or survey infrastructure,URXUSB,heavy_metals,1332-81-6,CID:74002,DTXSID9061677,1.0,1.0,URXUSB,URXUSB,urinary biomarker,1999-2000;2001-2002;2003-2004;2005-2006;2007-2008;2009-2010;2011-2012;2013-2014;2015-2016;2017-2018,10.0,2.0,1.0,pending_manual_review,M0,False,False,False,resolved_mapped,CDC NHANES catalog domains checked: Metals - Urine; CDC NHANES metals blood/urine panels and codebooks; local XPT registry variables checked for candidate aliases.,CTD identifiers/name; CDC NHANES laboratory catalog; 119 relevant laboratory domains; downloaded XPT value/LOD/weight columns.,CTD Phase 1 export; CDC NHANES continuous laboratory catalog; CDC NHANES environmental XPT files,elemental urinary biomarker for parent metal/species,,False,,not_human_testable,retain_with_resolved_audit_no_primary_screen,True
267-chemical actionability matrix,,,,C093581,indene,GeneCards_Disorders,1000.0,218.0,1.0,1.0,2.0,0.0,M0,False,1.0,"specific_entity_identifier:CasRN,PubChemCID,DTXSID,InChIKey",False,indene,indene;95-13-6,CTD entity,,,pahs,PAH exposure axis,family-level urinary OH-PAH proxy,URXP10,low,CDC NHANES urinary OH-PAH panel; only family-level proxy assigned,68.0,Polyaromatic Hydrocarbons (PAHs) - Urine;Polyaromatic Hydrocarbons -Urine;Polycyclic Aromatic Hydrocarbons (PAH) - Urine,mapped,"validated/specificity mapping first; detectability, cycle coverage, and measured N used as non-CRC tie-breakers","[{""variable"": ""URXP10"", ""n_cycles_available"": 9, ""total_measured"": 23952, ""total_above_lod"": 21231, ""pooled_above_lod_pct"": 88.63977955911824, ""min_cycle_above_lod_pct"": 60.21621621621622, ""median_cycle_above_lod_pct"": 99.3638170974155, ""max_cycle_above_lod_pct"": 100.0}]",88.63977955911824,60.21621621621622,99.3638170974155,100.0,23952.0,21231.0,1.0,9.0,2001-2002;2003-2004;2005-2006;2007-2008;2009-2010;2011-2012;2013-2014;2015-2016;2017-2018,2001-2002,2017-2018,urine,"Phthalates, Phytoestrogens & PAHs - Urine;Polyaromatic Hydrocarbons (PAHs) - Urine;Polyaromatic Hydrocarbons -Urine;Polycyclic Aromatic Hydrocarbons (PAH) - Urine",23952.0,17382.0,9896.0,8980.0,70.0,8195.0,True,True,True,True,2.0,predefined primary survey model feasible,URXP10,pahs,95-13-6,CID:7219,DTXSID8042052,1.0,1.0,URXP10,URXP10,urinary biomarker,2001-2002;2003-2004;2005-2006;2007-2008;2009-2010;2011-2012;2013-2014;2015-2016;2017-2018,9.0,2.0,1.0,pending_manual_review,M0,True,True,False,resolved_mapped,CDC NHANES catalog domains checked: Polyaromatic Hydrocarbons (PAHs) - Urine;Polyaromatic Hydrocarbons -Urine;Polycyclic Aromatic Hydrocarbons (PAH) - Urine; CDC NHANES urinary OH-PAH panel; only family-level proxy assigned; local XPT registry variables checked for candidate aliases.,CTD identifiers/name; CDC NHANES laboratory catalog; 68 relevant laboratory domains; downloaded XPT value/LOD/weight columns.,CTD Phase 1 export; CDC NHANES continuous laboratory catalog; CDC NHANES environmental XPT files,family-level urinary OH-PAH proxy,,False,,Tier_A_moderate,enter_systematic_human_screen,True
267-chemical actionability matrix,,,,C093582,indan,GeneCards_Disorders,1000.0,219.0,1.0,1.0,1.0,0.0,M0,False,1.0,"specific_entity_identifier:CasRN,PubChemCID,DTXSID,InChIKey",False,indan,indan;496-11-7,CTD entity,,,pahs,PAH exposure axis,family-level urinary OH-PAH proxy,URXP10,low,CDC NHANES urinary OH-PAH panel; only family-level proxy assigned,68.0,Polyaromatic Hydrocarbons (PAHs) - Urine;Polyaromatic Hydrocarbons -Urine;Polycyclic Aromatic Hydrocarbons (PAH) - Urine,mapped,"validated/specificity mapping first; detectability, cycle coverage, and measured N used as non-CRC tie-breakers","[{""variable"": ""URXP10"", ""n_cycles_available"": 9, ""total_measured"": 23952, ""total_above_lod"": 21231, ""pooled_above_lod_pct"": 88.63977955911824, ""min_cycle_above_lod_pct"": 60.21621621621622, ""median_cycle_above_lod_pct"": 99.3638170974155, ""max_cycle_above_lod_pct"": 100.0}]",88.63977955911824,60.21621621621622,99.3638170974155,100.0,23952.0,21231.0,1.0,9.0,2001-2002;2003-2004;2005-2006;2007-2008;2009-2010;2011-2012;2013-2014;2015-2016;2017-2018,2001-2002,2017-2018,urine,"Phthalates, Phytoestrogens & PAHs - Urine;Polyaromatic Hydrocarbons (PAHs) - Urine;Polyaromatic Hydrocarbons -Urine;Polycyclic Aromatic Hydrocarbons (PAH) - Urine",23952.0,17382.0,9896.0,8980.0,70.0,8195.0,True,True,True,True,2.0,predefined primary survey model feasible,URXP10,pahs,496-11-7,CID:10326,DTXSID4052132,1.0,1.0,URXP10,URXP10,urinary biomarker,2001-2002;2003-2004;2005-2006;2007-2008;2009-2010;2011-2012;2013-2014;2015-2016;2017-2018,9.0,2.0,1.0,pending_manual_review,M0,True,True,False,resolved_mapped,CDC NHANES catalog domains checked: Polyaromatic Hydrocarbons (PAHs) - Urine;Polyaromatic Hydrocarbons -Urine;Polycyclic Aromatic Hydrocarbons (PAH) - Urine; CDC NHANES urinary OH-PAH panel; only family-level proxy assigned; local XPT registry variables checked for candidate aliases.,CTD identifiers/name; CDC NHANES laboratory catalog; 68 relevant laboratory domains; downloaded XPT value/LOD/weight columns.,CTD Phase 1 export; CDC NHANES continuous laboratory catalog; CDC NHANES environmental XPT files,family-level urinary OH-PAH proxy,,False,,Tier_A_moderate,enter_systematic_human_screen,True
267-chemical actionability matrix,,,,C095210,tetralin,GeneCards_Disorders,1000.0,220.0,1.0,1.0,3.0,0.0,M0,False,1.0,"specific_entity_identifier:CasRN,PubChemCID,DTXSID,InChIKey",False,tetralin,tetralin;119-64-2,CTD entity,,,pahs,PAH exposure axis,family-level urinary OH-PAH proxy,URXP10,low,CDC NHANES urinary OH-PAH panel; only family-level proxy assigned,68.0,Polyaromatic Hydrocarbons (PAHs) - Urine;Polyaromatic Hydrocarbons -Urine;Polycyclic Aromatic Hydrocarbons (PAH) - Urine,mapped,"validated/specificity mapping first; detectability, cycle coverage, and measured N used as non-CRC tie-breakers","[{""variable"": ""URXP10"", ""n_cycles_available"": 9, ""total_measured"": 23952, ""total_above_lod"": 21231, ""pooled_above_lod_pct"": 88.63977955911824, ""min_cycle_above_lod_pct"": 60.21621621621622, ""median_cycle_above_lod_pct"": 99.3638170974155, ""max_cycle_above_lod_pct"": 100.0}]",88.63977955911824,60.21621621621622,99.3638170974155,100.0,23952.0,21231.0,1.0,9.0,2001-2002;2003-2004;2005-2006;2007-2008;2009-2010;2011-2012;2013-2014;2015-2016;2017-2018,2001-2002,2017-2018,urine,"Phthalates, Phytoestrogens & PAHs - Urine;Polyaromatic Hydrocarbons (PAHs) - Urine;Polyaromatic Hydrocarbons -Urine;Polycyclic Aromatic Hydrocarbons (PAH) - Urine",23952.0,17382.0,9896.0,8980.0,70.0,8195.0,True,True,True,True,2.0,predefined primary survey model feasible,URXP10,pahs,119-64-2,CID:8404,DTXSID1026118,1.0,1.0,URXP10,URXP10,urinary biomarker,2001-2002;2003-2004;2005-2006;2007-2008;2009-2010;2011-2012;2013-2014;2015-2016;2017-2018,9.0,2.0,1.0,pending_manual_review,M0,True,True,False,resolved_mapped,CDC NHANES catalog domains checked: Polyaromatic Hydrocarbons (PAHs) - Urine;Polyaromatic Hydrocarbons -Urine;Polycyclic Aromatic Hydrocarbons (PAH) - Urine; CDC NHANES urinary OH-PAH panel; only family-level proxy assigned; local XPT registry variables checked for candidate aliases.,CTD identifiers/name; CDC NHANES laboratory catalog; 68 relevant laboratory domains; downloaded XPT value/LOD/weight columns.,CTD Phase 1 export; CDC NHANES continuous laboratory catalog; CDC NHANES environmental XPT files,family-level urinary OH-PAH proxy,,False,,Tier_A_moderate,enter_systematic_human_screen,True
267-chemical actionability matrix,,,,C096666,9-ethynylphenanthrene,GeneCards_Disorders,1000.0,221.0,1.0,1.0,1.0,0.0,M0,False,1.0,specific_entity_identifier:PubChemCID,False,9 ethynylphenanthrene,9-ethynylphenanthrene,CTD entity,,,pahs,PAH exposure axis,parent PAH to validated urinary OH-PAH proxy,URXP25,moderate,CDC NHANES urinary OH-PAH panel; parent-specificity is limited,68.0,Polyaromatic Hydrocarbons (PAHs) - Urine;Polyaromatic Hydrocarbons -Urine;Polycyclic Aromatic Hydrocarbons (PAH) - Urine,mapped,"validated/specificity mapping first; detectability, cycle coverage, and measured N used as non-CRC tie-breakers","[{""variable"": ""URXP25"", ""n_cycles_available"": 3, ""total_measured"": 8459, ""total_above_lod"": 8416, ""pooled_above_lod_pct"": 99.49166568152263, ""min_cycle_above_lod_pct"": 99.20692141312185, ""median_cycle_above_lod_pct"": 99.54716981132076, ""max_cycle_above_lod_pct"": 99.70345963756178}]",99.49166568152263,99.20692141312183,99.54716981132076,99.70345963756178,8459.0,8416.0,2.0,3.0,2013-2014;2015-2016;2017-2018,2013-2014,2017-2018,urine,Polycyclic Aromatic Hydrocarbons (PAH) - Urine,8459.0,17382.0,0.0,0.0,0.0,0.0,False,True,True,True,0.0,insufficient complete-case events/sample or survey infrastructure,URXP25,pahs,,CID:182098,,1.0,1.0,URXP25,URXP25,urinary biomarker,2013-2014;2015-2016;2017-2018,3.0,1.0,1.0,pending_manual_review,M0,False,False,False,resolved_mapped,CDC NHANES catalog domains checked: Polyaromatic Hydrocarbons (PAHs) - Urine;Polyaromatic Hydrocarbons -Urine;Polycyclic Aromatic Hydrocarbons (PAH) - Urine; CDC NHANES urinary OH-PAH panel; parent-specificity is limited; local XPT registry variables checked for candidate aliases.,CTD identifiers/name; CDC NHANES laboratory catalog; 68 relevant laboratory domains; downloaded XPT value/LOD/weight columns.,CTD Phase 1 export; CDC NHANES continuous laboratory catalog; CDC NHANES environmental XPT files,parent PAH to validated urinary OH-PAH proxy,,False,,not_human_testable,retain_with_resolved_audit_no_primary_screen,True
267-chemical actionability matrix,,,,C098123,"3,3-bis(trifluoromethyl)bicyclo(2.2.1)heptane-2,2-dicarbonitrile",GeneCards_Disorders,1000.0,222.0,1.0,1.0,1.0,0.0,M0,False,1.0,"specific_entity_identifier:CasRN,PubChemCID,DTXSID,InChIKey",False,3 3 bis trifluoromethyl bicyclo 2 2 1 heptane 2 2 dicarbonitrile,"3,3-bis(trifluoromethyl)bicyclo(2.2.1)heptane-2,2-dicarbonitrile;82947-63-5",CTD entity,,,pfas_perfluoro,PFAS exposure axis,PFAS class searched; no candidate-specific NHANES variable,,unresolved,CDC NHANES PFAS panels searched; no specific analyte name match,0.0,,resolved_no_candidate_specific_analyte,no analyte rows,,,,,,,,,0.0,,,,,,0.0,0.0,0.0,0.0,0.0,0.0,False,False,False,False,0.0,no analyte mapping,,pfas_perfluoro,82947-63-5,CID:134125,DTXSID501003018,0.0,0.0,,,,,0.0,0.0,1.0,pending_manual_review,M0,False,False,False,resolved_no_supported_candidate_specific_analyte,CDC NHANES catalog domains checked: none matched; CDC NHANES PFAS panels searched; no specific analyte name match; local XPT registry variables checked for candidate aliases.,CTD identifiers/name; CDC NHANES laboratory catalog; 0 relevant laboratory domains; downloaded XPT value/LOD/weight columns.,CTD Phase 1 export; CDC NHANES continuous laboratory catalog; CDC NHANES environmental XPT files,PFAS class searched; no candidate-specific NHANES variable,CDC NHANES PFAS panels searched; no specific analyte name match,False,,not_human_testable,retain_with_resolved_audit_no_primary_screen,True
267-chemical actionability matrix,,,,C099343,cuprous sulfide,GeneCards_Disorders,1000.0,223.0,1.0,1.0,3.0,0.0,M0,False,1.0,"specific_entity_identifier:CasRN,PubChemCID,DTXSID,InChIKey",False,cuprous sulfide,cuprous sulfide;1308-78-7,elemental species or metal compound,,,heavy_metals,metal exposure axis,metal family searched; no mapped elemental analyte,,unresolved,CDC NHANES Metals - Urine and blood metal panels searched,119.0,Metals - Urine,resolved_no_candidate_specific_analyte,no analyte rows,,,,,,,,,0.0,,,,,,0.0,0.0,0.0,0.0,0.0,0.0,False,False,False,False,0.0,no analyte mapping,,heavy_metals,1308-78-7,CID:10130093,DTXSID0041804,0.0,0.0,,,,,0.0,0.0,1.0,pending_manual_review,M0,False,False,False,resolved_no_supported_candidate_specific_analyte,CDC NHANES catalog domains checked: Metals - Urine; CDC NHANES Metals - Urine and blood metal panels searched; local XPT registry variables checked for candidate aliases.,CTD identifiers/name; CDC NHANES laboratory catalog; 119 relevant laboratory domains; downloaded XPT value/LOD/weight columns.,CTD Phase 1 export; CDC NHANES continuous laboratory catalog; CDC NHANES environmental XPT files,metal family searched; no mapped elemental analyte,CDC NHANES Metals - Urine and blood metal panels searched,False,,not_human_testable,retain_with_resolved_audit_no_primary_screen,True
267-chemical actionability matrix,,,,C100422,benzo(g)chrysene,GeneCards_Disorders,1000.0,224.0,1.0,1.0,1.0,0.0,M0,False,1.0,"specific_entity_identifier:CasRN,PubChemCID,DTXSID,InChIKey",False,benzo g chrysene,benzo(g)chrysene;196-78-1,CTD entity,,,pahs,PAH exposure axis,parent PAH to validated urinary OH-PAH proxy,URXP10,moderate,CDC NHANES urinary OH-PAH panel; parent-specificity is limited,68.0,Polyaromatic Hydrocarbons (PAHs) - Urine;Polyaromatic Hydrocarbons -Urine;Polycyclic Aromatic Hydrocarbons (PAH) - Urine,mapped,"validated/specificity mapping first; detectability, cycle coverage, and measured N used as non-CRC tie-breakers","[{""variable"": ""URXP10"", ""n_cycles_available"": 9, ""total_measured"": 23952, ""total_above_lod"": 21231, ""pooled_above_lod_pct"": 88.63977955911824, ""min_cycle_above_lod_pct"": 60.21621621621622, ""median_cycle_above_lod_pct"": 99.3638170974155, ""max_cycle_above_lod_pct"": 100.0}]",88.63977955911824,60.21621621621622,99.3638170974155,100.0,23952.0,21231.0,1.0,9.0,2001-2002;2003-2004;2005-2006;2007-2008;2009-2010;2011-2012;2013-2014;2015-2016;2017-2018,2001-2002,2017-2018,urine,"Phthalates, Phytoestrogens & PAHs - Urine;Polyaromatic Hydrocarbons (PAHs) - Urine;Polyaromatic Hydrocarbons -Urine;Polycyclic Aromatic Hydrocarbons (PAH) - Urine",23952.0,17382.0,9896.0,8980.0,70.0,8195.0,True,True,True,True,2.0,predefined primary survey model feasible,URXP10,pahs,196-78-1,CID:9140,DTXSID40173267,1.0,1.0,URXP10,URXP10,urinary biomarker,2001-2002;2003-2004;2005-2006;2007-2008;2009-2010;2011-2012;2013-2014;2015-2016;2017-2018,9.0,2.0,1.0,pending_manual_review,M0,True,True,False,resolved_mapped,CDC NHANES catalog domains checked: Polyaromatic Hydrocarbons (PAHs) - Urine;Polyaromatic Hydrocarbons -Urine;Polycyclic Aromatic Hydrocarbons (PAH) - Urine; CDC NHANES urinary OH-PAH panel; parent-specificity is limited; local XPT registry variables checked for candidate aliases.,CTD identifiers/name; CDC NHANES laboratory catalog; 68 relevant laboratory domains; downloaded XPT value/LOD/weight columns.,CTD Phase 1 export; CDC NHANES continuous laboratory catalog; CDC NHANES environmental XPT files,parent PAH to validated urinary OH-PAH proxy,,False,,Tier_A_moderate,enter_systematic_human_screen,True
267-chemical actionability matrix,,,,C110144,benzo(c)chrysene,GeneCards_Disorders,1000.0,225.0,1.0,1.0,1.0,0.0,M0,False,1.0,"specific_entity_identifier:CasRN,PubChemCID,DTXSID,InChIKey",False,benzo c chrysene,benzo(c)chrysene;194-69-4,CTD entity,,,pahs,PAH exposure axis,parent PAH to validated urinary OH-PAH proxy,URXP10,moderate,CDC NHANES urinary OH-PAH panel; parent-specificity is limited,68.0,Polyaromatic Hydrocarbons (PAHs) - Urine;Polyaromatic Hydrocarbons -Urine;Polycyclic Aromatic Hydrocarbons (PAH) - Urine,mapped,"validated/specificity mapping first; detectability, cycle coverage, and measured N used as non-CRC tie-breakers","[{""variable"": ""URXP10"", ""n_cycles_available"": 9, ""total_measured"": 23952, ""total_above_lod"": 21231, ""pooled_above_lod_pct"": 88.63977955911824, ""min_cycle_above_lod_pct"": 60.21621621621622, ""median_cycle_above_lod_pct"": 99.3638170974155, ""max_cycle_above_lod_pct"": 100.0}]",88.63977955911824,60.21621621621622,99.3638170974155,100.0,23952.0,21231.0,1.0,9.0,2001-2002;2003-2004;2005-2006;2007-2008;2009-2010;2011-2012;2013-2014;2015-2016;2017-2018,2001-2002,2017-2018,urine,"Phthalates, Phytoestrogens & PAHs - Urine;Polyaromatic Hydrocarbons (PAHs) - Urine;Polyaromatic Hydrocarbons -Urine;Polycyclic Aromatic Hydrocarbons (PAH) - Urine",23952.0,17382.0,9896.0,8980.0,70.0,8195.0,True,True,True,True,2.0,predefined primary survey model feasible,URXP10,pahs,194-69-4,CID:9135,DTXSID3073894,1.0,1.0,URXP10,URXP10,urinary biomarker,2001-2002;2003-2004;2005-2006;2007-2008;2009-2010;2011-2012;2013-2014;2015-2016;2017-2018,9.0,2.0,1.0,pending_manual_review,M0,True,True,False,resolved_mapped,CDC NHANES catalog domains checked: Polyaromatic Hydrocarbons (PAHs) - Urine;Polyaromatic Hydrocarbons -Urine;Polycyclic Aromatic Hydrocarbons (PAH) - Urine; CDC NHANES urinary OH-PAH panel; parent-specificity is limited; local XPT registry variables checked for candidate aliases.,CTD identifiers/name; CDC NHANES laboratory catalog; 68 relevant laboratory domains; downloaded XPT value/LOD/weight columns.,CTD Phase 1 export; CDC NHANES continuous laboratory catalog; CDC NHANES environmental XPT files,parent PAH to validated urinary OH-PAH proxy,,False,,Tier_A_moderate,enter_systematic_human_screen,True
267-chemical actionability matrix,,,,C113497,dimethyl-W84,GeneCards_Disorders,1000.0,226.0,1.0,1.0,2.0,0.0,M0,False,1.0,specific_entity_identifier:PubChemCID,False,dimethyl w84,dimethyl-W84,CTD entity,,,phthalates,,none,,unresolved,,0.0,,resolved_no_candidate_specific_analyte,no analyte rows,,,,,,,,,0.0,,,,,,0.0,0.0,0.0,0.0,0.0,0.0,False,False,False,False,0.0,no analyte mapping,,phthalates,,CID:10350027,,0.0,0.0,,,,,0.0,0.0,1.0,pending_manual_review,M0,False,False,False,resolved_no_supported_candidate_specific_analyte,CDC NHANES catalog domains checked: none matched; ; local XPT registry variables checked for candidate aliases.,CTD identifiers/name; CDC NHANES laboratory catalog; 0 relevant laboratory domains; downloaded XPT value/LOD/weight columns.,CTD Phase 1 export; CDC NHANES continuous laboratory catalog; CDC NHANES environmental XPT files,,,False,,not_human_testable,retain_with_resolved_audit_no_primary_screen,True
267-chemical actionability matrix,,,,C115112,CC 3052,GeneCards_Disorders,1000.0,227.0,1.0,1.0,1.0,0.0,M0,False,1.0,specific_entity_identifier:PubChemCID,False,cc 3052,CC 3052,CTD entity,,,phthalates,,none,,unresolved,,0.0,,resolved_no_candidate_specific_analyte,no analyte rows,,,,,,,,,0.0,,,,,,0.0,0.0,0.0,0.0,0.0,0.0,False,False,False,False,0.0,no analyte mapping,,phthalates,,CID:112500503,,0.0,0.0,,,,,0.0,0.0,1.0,pending_manual_review,M0,False,False,False,resolved_no_supported_candidate_specific_analyte,CDC NHANES catalog domains checked: none matched; ; local XPT registry variables checked for candidate aliases.,CTD identifiers/name; CDC NHANES laboratory catalog; 0 relevant laboratory domains; downloaded XPT value/LOD/weight columns.,CTD Phase 1 export; CDC NHANES continuous laboratory catalog; CDC NHANES environmental XPT files,,,False,,not_human_testable,retain_with_resolved_audit_no_primary_screen,True
267-chemical actionability matrix,,,,C115612,single bond,GeneCards_Disorders,1000.0,228.0,1.0,1.0,2.0,0.0,M0,False,1.0,specific_ctd_entity_id:C115612,False,single bond,single bond,CTD entity,,,bisphenols,bisphenol exposure axis,bisphenol family searched; no candidate-specific NHANES variable,,unresolved,CDC NHANES environmental phenols/parabens panels searched,0.0,,resolved_no_candidate_specific_analyte,no analyte rows,,,,,,,,,0.0,,,,,,0.0,0.0,0.0,0.0,0.0,0.0,False,False,False,False,0.0,no analyte mapping,,bisphenols,,,,0.0,0.0,,,,,0.0,0.0,1.0,pending_manual_review,M0,False,False,False,resolved_no_supported_candidate_specific_analyte,CDC NHANES catalog domains checked: none matched; CDC NHANES environmental phenols/parabens panels searched; local XPT registry variables checked for candidate aliases.,CTD identifiers/name; CDC NHANES laboratory catalog; 0 relevant laboratory domains; downloaded XPT value/LOD/weight columns.,CTD Phase 1 export; CDC NHANES continuous laboratory catalog; CDC NHANES environmental XPT files,bisphenol family searched; no candidate-specific NHANES variable,CDC NHANES environmental phenols/parabens panels searched,False,,not_human_testable,retain_with_resolved_audit_no_primary_screen,True
267-chemical actionability matrix,,,,C116689,"heptane-1,7-bis-(dimethyl-3'-phthalimidopropyl)ammonium bromide",GeneCards_Disorders,1000.0,229.0,1.0,1.0,1.0,0.0,M0,False,1.0,specific_ctd_entity_id:C116689,False,heptane 1 7 bis dimethyl 3 phthalimidopropyl ammonium bromide,"heptane-1,7-bis-(dimethyl-3'-phthalimidopropyl)ammonium bromide",CTD entity,,,phthalates,,none,,unresolved,,0.0,,resolved_no_candidate_specific_analyte,no analyte rows,,,,,,,,,0.0,,,,,,0.0,0.0,0.0,0.0,0.0,0.0,False,False,False,False,0.0,no analyte mapping,,phthalates,,,,0.0,0.0,,,,,0.0,0.0,1.0,pending_manual_review,M0,False,False,False,resolved_no_supported_candidate_specific_analyte,CDC NHANES catalog domains checked: none matched; ; local XPT registry variables checked for candidate aliases.,CTD identifiers/name; CDC NHANES laboratory catalog; 0 relevant laboratory domains; downloaded XPT value/LOD/weight columns.,CTD Phase 1 export; CDC NHANES continuous laboratory catalog; CDC NHANES environmental XPT files,,,False,,not_human_testable,retain_with_resolved_audit_no_primary_screen,True
267-chemical actionability matrix,,,,C117619,"1,2-dimethylnaphthalene",GeneCards_Disorders,1000.0,230.0,1.0,1.0,1.0,0.0,M0,False,1.0,"specific_entity_identifier:CasRN,PubChemCID,DTXSID,InChIKey",False,1 2 dimethylnaphthalene,"1,2-dimethylnaphthalene;573-98-8",CTD entity,,,pahs,PAH exposure axis,parent PAH to validated urinary OH-PAH proxy,URXP02,moderate,CDC NHANES urinary OH-PAH panel; parent-specificity is limited,68.0,Polyaromatic Hydrocarbons (PAHs) - Urine;Polyaromatic Hydrocarbons -Urine;Polycyclic Aromatic Hydrocarbons (PAH) - Urine,mapped,"validated/specificity mapping first; detectability, cycle coverage, and measured N used as non-CRC tie-breakers","[{""variable"": ""URXP02"", ""n_cycles_available"": 8, ""total_measured"": 21166, ""total_above_lod"": 21164, ""pooled_above_lod_pct"": 99.99055088349239, ""min_cycle_above_lod_pct"": 99.95911692559281, ""median_cycle_above_lod_pct"": 100.0, ""max_cycle_above_lod_pct"": 100.0}]",99.9905508834924,99.9591169255928,100.0,100.0,21166.0,21164.0,2.0,8.0,2001-2002;2003-2004;2005-2006;2007-2008;2009-2010;2011-2012;2013-2014;2015-2016,2001-2002,2015-2016,urine,"Phthalates, Phytoestrogens & PAHs - Urine;Polyaromatic Hydrocarbons (PAHs) - Urine;Polyaromatic Hydrocarbons -Urine;Polycyclic Aromatic Hydrocarbons (PAH) - Urine",21166.0,17382.0,9931.0,9016.0,71.0,8230.0,True,True,True,True,2.0,predefined primary survey model feasible,URXP02,pahs,573-98-8,CID:11317,DTXSID1058717,1.0,1.0,URXP02,URXP02,urinary biomarker,2001-2002;2003-2004;2005-2006;2007-2008;2009-2010;2011-2012;2013-2014;2015-2016,8.0,2.0,1.0,pending_manual_review,M0,True,True,True,resolved_mapped,CDC NHANES catalog domains checked: Polyaromatic Hydrocarbons (PAHs) - Urine;Polyaromatic Hydrocarbons -Urine;Polycyclic Aromatic Hydrocarbons (PAH) - Urine; CDC NHANES urinary OH-PAH panel; parent-specificity is limited; local XPT registry variables checked for candidate aliases.,CTD identifiers/name; CDC NHANES laboratory catalog; 68 relevant laboratory domains; downloaded XPT value/LOD/weight columns.,CTD Phase 1 export; CDC NHANES continuous laboratory catalog; CDC NHANES environmental XPT files,parent PAH to validated urinary OH-PAH proxy,,False,,Tier_A_strict,enter_systematic_human_screen,True
267-chemical actionability matrix,,,,C402363,1-(1-propynyl)pyrene,GeneCards_Disorders,1000.0,231.0,1.0,1.0,1.0,0.0,M0,False,1.0,specific_entity_identifier:PubChemCID,False,1 1 propynyl pyrene,1-(1-propynyl)pyrene,CTD entity,,,pahs,PAH exposure axis,parent PAH to validated urinary OH-PAH proxy,URXP10,moderate,CDC NHANES urinary OH-PAH panel; parent-specificity is limited,68.0,Polyaromatic Hydrocarbons (PAHs) - Urine;Polyaromatic Hydrocarbons -Urine;Polycyclic Aromatic Hydrocarbons (PAH) - Urine,mapped,"validated/specificity mapping first; detectability, cycle coverage, and measured N used as non-CRC tie-breakers","[{""variable"": ""URXP10"", ""n_cycles_available"": 9, ""total_measured"": 23952, ""total_above_lod"": 21231, ""pooled_above_lod_pct"": 88.63977955911824, ""min_cycle_above_lod_pct"": 60.21621621621622, ""median_cycle_above_lod_pct"": 99.3638170974155, ""max_cycle_above_lod_pct"": 100.0}]",88.63977955911824,60.21621621621622,99.3638170974155,100.0,23952.0,21231.0,1.0,9.0,2001-2002;2003-2004;2005-2006;2007-2008;2009-2010;2011-2012;2013-2014;2015-2016;2017-2018,2001-2002,2017-2018,urine,"Phthalates, Phytoestrogens & PAHs - Urine;Polyaromatic Hydrocarbons (PAHs) - Urine;Polyaromatic Hydrocarbons -Urine;Polycyclic Aromatic Hydrocarbons (PAH) - Urine",23952.0,17382.0,9896.0,8980.0,70.0,8195.0,True,True,True,True,2.0,predefined primary survey model feasible,URXP10,pahs,,CID:54377632,,1.0,1.0,URXP10,URXP10,urinary biomarker,2001-2002;2003-2004;2005-2006;2007-2008;2009-2010;2011-2012;2013-2014;2015-2016;2017-2018,9.0,2.0,1.0,pending_manual_review,M0,True,True,False,resolved_mapped,CDC NHANES catalog domains checked: Polyaromatic Hydrocarbons (PAHs) - Urine;Polyaromatic Hydrocarbons -Urine;Polycyclic Aromatic Hydrocarbons (PAH) - Urine; CDC NHANES urinary OH-PAH panel; parent-specificity is limited; local XPT registry variables checked for candidate aliases.,CTD identifiers/name; CDC NHANES laboratory catalog; 68 relevant laboratory domains; downloaded XPT value/LOD/weight columns.,CTD Phase 1 export; CDC NHANES continuous laboratory catalog; CDC NHANES environmental XPT files,parent PAH to validated urinary OH-PAH proxy,,False,,Tier_A_moderate,enter_systematic_human_screen,True
267-chemical actionability matrix,,,,C434863,corannulene,GeneCards_Disorders,1000.0,232.0,1.0,1.0,3.0,0.0,M0,False,1.0,specific_entity_identifier:PubChemCID,False,corannulene,corannulene,CTD entity,,,pahs,PAH exposure axis,parent PAH to validated urinary OH-PAH proxy,URXP10,moderate,CDC NHANES urinary OH-PAH panel; parent-specificity is limited,68.0,Polyaromatic Hydrocarbons (PAHs) - Urine;Polyaromatic Hydrocarbons -Urine;Polycyclic Aromatic Hydrocarbons (PAH) - Urine,mapped,"validated/specificity mapping first; detectability, cycle coverage, and measured N used as non-CRC tie-breakers","[{""variable"": ""URXP10"", ""n_cycles_available"": 9, ""total_measured"": 23952, ""total_above_lod"": 21231, ""pooled_above_lod_pct"": 88.63977955911824, ""min_cycle_above_lod_pct"": 60.21621621621622, ""median_cycle_above_lod_pct"": 99.3638170974155, ""max_cycle_above_lod_pct"": 100.0}]",88.63977955911824,60.21621621621622,99.3638170974155,100.0,23952.0,21231.0,1.0,9.0,2001-2002;2003-2004;2005-2006;2007-2008;2009-2010;2011-2012;2013-2014;2015-2016;2017-2018,2001-2002,2017-2018,urine,"Phthalates, Phytoestrogens & PAHs - Urine;Polyaromatic Hydrocarbons (PAHs) - Urine;Polyaromatic Hydrocarbons -Urine;Polycyclic Aromatic Hydrocarbons (PAH) - Urine",23952.0,17382.0,9896.0,8980.0,70.0,8195.0,True,True,True,True,2.0,predefined primary survey model feasible,URXP10,pahs,,CID:11831840,,1.0,1.0,URXP10,URXP10,urinary biomarker,2001-2002;2003-2004;2005-2006;2007-2008;2009-2010;2011-2012;2013-2014;2015-2016;2017-2018,9.0,2.0,1.0,pending_manual_review,M0,True,True,False,resolved_mapped,CDC NHANES catalog domains checked: Polyaromatic Hydrocarbons (PAHs) - Urine;Polyaromatic Hydrocarbons -Urine;Polycyclic Aromatic Hydrocarbons (PAH) - Urine; CDC NHANES urinary OH-PAH panel; parent-specificity is limited; local XPT registry variables checked for candidate aliases.,CTD identifiers/name; CDC NHANES laboratory catalog; 68 relevant laboratory domains; downloaded XPT value/LOD/weight columns.,CTD Phase 1 export; CDC NHANES continuous laboratory catalog; CDC NHANES environmental XPT files,parent PAH to validated urinary OH-PAH proxy,,False,,Tier_A_moderate,enter_systematic_human_screen,True
267-chemical actionability matrix,,,,C447880,retene,GeneCards_Disorders,1000.0,233.0,1.0,1.0,9.0,0.0,M0,False,1.0,specific_entity_identifier:PubChemCID,False,retene,retene,CTD entity,,,pahs,PAH exposure axis,parent PAH to validated urinary OH-PAH proxy,URXP10,moderate,CDC NHANES urinary OH-PAH panel; parent-specificity is limited,68.0,Polyaromatic Hydrocarbons (PAHs) - Urine;Polyaromatic Hydrocarbons -Urine;Polycyclic Aromatic Hydrocarbons (PAH) - Urine,mapped,"validated/specificity mapping first; detectability, cycle coverage, and measured N used as non-CRC tie-breakers","[{""variable"": ""URXP10"", ""n_cycles_available"": 9, ""total_measured"": 23952, ""total_above_lod"": 21231, ""pooled_above_lod_pct"": 88.63977955911824, ""min_cycle_above_lod_pct"": 60.21621621621622, ""median_cycle_above_lod_pct"": 99.3638170974155, ""max_cycle_above_lod_pct"": 100.0}]",88.63977955911824,60.21621621621622,99.3638170974155,100.0,23952.0,21231.0,1.0,9.0,2001-2002;2003-2004;2005-2006;2007-2008;2009-2010;2011-2012;2013-2014;2015-2016;2017-2018,2001-2002,2017-2018,urine,"Phthalates, Phytoestrogens & PAHs - Urine;Polyaromatic Hydrocarbons (PAHs) - Urine;Polyaromatic Hydrocarbons -Urine;Polycyclic Aromatic Hydrocarbons (PAH) - Urine",23952.0,17382.0,9896.0,8980.0,70.0,8195.0,True,True,True,True,2.0,predefined primary survey model feasible,URXP10,pahs,,CID:10222,,1.0,1.0,URXP10,URXP10,urinary biomarker,2001-2002;2003-2004;2005-2006;2007-2008;2009-2010;2011-2012;2013-2014;2015-2016;2017-2018,9.0,2.0,1.0,pending_manual_review,M0,True,True,False,resolved_mapped,CDC NHANES catalog domains checked: Polyaromatic Hydrocarbons (PAHs) - Urine;Polyaromatic Hydrocarbons -Urine;Polycyclic Aromatic Hydrocarbons (PAH) - Urine; CDC NHANES urinary OH-PAH panel; parent-specificity is limited; local XPT registry variables checked for candidate aliases.,CTD identifiers/name; CDC NHANES laboratory catalog; 68 relevant laboratory domains; downloaded XPT value/LOD/weight columns.,CTD Phase 1 export; CDC NHANES continuous laboratory catalog; CDC NHANES environmental XPT files,parent PAH to validated urinary OH-PAH proxy,,False,,Tier_A_moderate,enter_systematic_human_screen,True
267-chemical actionability matrix,,,,C466921,"1,6-dimethylnaphthalene",GeneCards_Disorders,1000.0,234.0,1.0,1.0,1.0,0.0,M0,False,1.0,specific_entity_identifier:PubChemCID,False,1 6 dimethylnaphthalene,"1,6-dimethylnaphthalene",CTD entity,,,pahs,PAH exposure axis,parent PAH to validated urinary OH-PAH proxy,URXP02,moderate,CDC NHANES urinary OH-PAH panel; parent-specificity is limited,68.0,Polyaromatic Hydrocarbons (PAHs) - Urine;Polyaromatic Hydrocarbons -Urine;Polycyclic Aromatic Hydrocarbons (PAH) - Urine,mapped,"validated/specificity mapping first; detectability, cycle coverage, and measured N used as non-CRC tie-breakers","[{""variable"": ""URXP02"", ""n_cycles_available"": 8, ""total_measured"": 21166, ""total_above_lod"": 21164, ""pooled_above_lod_pct"": 99.99055088349239, ""min_cycle_above_lod_pct"": 99.95911692559281, ""median_cycle_above_lod_pct"": 100.0, ""max_cycle_above_lod_pct"": 100.0}]",99.9905508834924,99.9591169255928,100.0,100.0,21166.0,21164.0,2.0,8.0,2001-2002;2003-2004;2005-2006;2007-2008;2009-2010;2011-2012;2013-2014;2015-2016,2001-2002,2015-2016,urine,"Phthalates, Phytoestrogens & PAHs - Urine;Polyaromatic Hydrocarbons (PAHs) - Urine;Polyaromatic Hydrocarbons -Urine;Polycyclic Aromatic Hydrocarbons (PAH) - Urine",21166.0,17382.0,9931.0,9016.0,71.0,8230.0,True,True,True,True,2.0,predefined primary survey model feasible,URXP02,pahs,,CID:11328,,1.0,1.0,URXP02,URXP02,urinary biomarker,2001-2002;2003-2004;2005-2006;2007-2008;2009-2010;2011-2012;2013-2014;2015-2016,8.0,2.0,1.0,pending_manual_review,M0,True,True,True,resolved_mapped,CDC NHANES catalog domains checked: Polyaromatic Hydrocarbons (PAHs) - Urine;Polyaromatic Hydrocarbons -Urine;Polycyclic Aromatic Hydrocarbons (PAH) - Urine; CDC NHANES urinary OH-PAH panel; parent-specificity is limited; local XPT registry variables checked for candidate aliases.,CTD identifiers/name; CDC NHANES laboratory catalog; 68 relevant laboratory domains; downloaded XPT value/LOD/weight columns.,CTD Phase 1 export; CDC NHANES continuous laboratory catalog; CDC NHANES environmental XPT files,parent PAH to validated urinary OH-PAH proxy,,False,,Tier_A_strict,enter_systematic_human_screen,True
267-chemical actionability matrix,,,,C501268,"naphtho(2,3-a)pyrene",GeneCards_Disorders,1000.0,235.0,1.0,1.0,4.0,0.0,M0,False,1.0,specific_entity_identifier:PubChemCID,False,naphtho 2 3 a pyrene,"naphtho(2,3-a)pyrene",CTD entity,,,pahs,PAH exposure axis,parent PAH to validated urinary OH-PAH proxy,URXP10,moderate,CDC NHANES urinary OH-PAH panel; parent-specificity is limited,68.0,Polyaromatic Hydrocarbons (PAHs) - Urine;Polyaromatic Hydrocarbons -Urine;Polycyclic Aromatic Hydrocarbons (PAH) - Urine,mapped,"validated/specificity mapping first; detectability, cycle coverage, and measured N used as non-CRC tie-breakers","[{""variable"": ""URXP10"", ""n_cycles_available"": 9, ""total_measured"": 23952, ""total_above_lod"": 21231, ""pooled_above_lod_pct"": 88.63977955911824, ""min_cycle_above_lod_pct"": 60.21621621621622, ""median_cycle_above_lod_pct"": 99.3638170974155, ""max_cycle_above_lod_pct"": 100.0}]",88.63977955911824,60.21621621621622,99.3638170974155,100.0,23952.0,21231.0,1.0,9.0,2001-2002;2003-2004;2005-2006;2007-2008;2009-2010;2011-2012;2013-2014;2015-2016;2017-2018,2001-2002,2017-2018,urine,"Phthalates, Phytoestrogens & PAHs - Urine;Polyaromatic Hydrocarbons (PAHs) - Urine;Polyaromatic Hydrocarbons -Urine;Polycyclic Aromatic Hydrocarbons (PAH) - Urine",23952.0,17382.0,9896.0,8980.0,70.0,8195.0,True,True,True,True,2.0,predefined primary survey model feasible,URXP10,pahs,,CID:9137,,1.0,1.0,URXP10,URXP10,urinary biomarker,2001-2002;2003-2004;2005-2006;2007-2008;2009-2010;2011-2012;2013-2014;2015-2016;2017-2018,9.0,2.0,1.0,pending_manual_review,M0,True,True,False,resolved_mapped,CDC NHANES catalog domains checked: Polyaromatic Hydrocarbons (PAHs) - Urine;Polyaromatic Hydrocarbons -Urine;Polycyclic Aromatic Hydrocarbons (PAH) - Urine; CDC NHANES urinary OH-PAH panel; parent-specificity is limited; local XPT registry variables checked for candidate aliases.,CTD identifiers/name; CDC NHANES laboratory catalog; 68 relevant laboratory domains; downloaded XPT value/LOD/weight columns.,CTD Phase 1 export; CDC NHANES continuous laboratory catalog; CDC NHANES environmental XPT files,parent PAH to validated urinary OH-PAH proxy,,False,,Tier_A_moderate,enter_systematic_human_screen,True
267-chemical actionability matrix,,,,C502587,"(N-N'-bis-(2-(1H-indol-3-yl)-ethyl)-N,N'-bis-(3-thiomorpholin-4-yl-propyl)-phthalamide)",GeneCards_Disorders,1000.0,236.0,1.0,1.0,3.0,0.0,M0,False,1.0,specific_ctd_entity_id:C502587,False,n n bis 2 1h indol 3 yl ethyl n n bis 3 thiomorpholin 4 yl propyl phthalamide,"(N-N'-bis-(2-(1H-indol-3-yl)-ethyl)-N,N'-bis-(3-thiomorpholin-4-yl-propyl)-phthalamide)",CTD entity,,,phthalates,,none,,unresolved,,0.0,,resolved_no_candidate_specific_analyte,no analyte rows,,,,,,,,,0.0,,,,,,0.0,0.0,0.0,0.0,0.0,0.0,False,False,False,False,0.0,no analyte mapping,,phthalates,,,,0.0,0.0,,,,,0.0,0.0,1.0,pending_manual_review,M0,False,False,False,resolved_no_supported_candidate_specific_analyte,CDC NHANES catalog domains checked: none matched; ; local XPT registry variables checked for candidate aliases.,CTD identifiers/name; CDC NHANES laboratory catalog; 0 relevant laboratory domains; downloaded XPT value/LOD/weight columns.,CTD Phase 1 export; CDC NHANES continuous laboratory catalog; CDC NHANES environmental XPT files,,,False,,not_human_testable,retain_with_resolved_audit_no_primary_screen,True
267-chemical actionability matrix,,,,C508802,NSC 401077,GeneCards_Disorders,1000.0,237.0,1.0,1.0,1.0,0.0,M0,False,1.0,specific_entity_identifier:PubChemCID,False,nsc 401077,NSC 401077,CTD entity,,,phthalates,,none,,unresolved,,0.0,,resolved_no_candidate_specific_analyte,no analyte rows,,,,,,,,,0.0,,,,,,0.0,0.0,0.0,0.0,0.0,0.0,False,False,False,False,0.0,no analyte mapping,,phthalates,,CID:344265,,0.0,0.0,,,,,0.0,0.0,1.0,pending_manual_review,M0,False,False,False,resolved_no_supported_candidate_specific_analyte,CDC NHANES catalog domains checked: none matched; ; local XPT registry variables checked for candidate aliases.,CTD identifiers/name; CDC NHANES laboratory catalog; 0 relevant laboratory domains; downloaded XPT value/LOD/weight columns.,CTD Phase 1 export; CDC NHANES continuous laboratory catalog; CDC NHANES environmental XPT files,,,False,,not_human_testable,retain_with_resolved_audit_no_primary_screen,True
267-chemical actionability matrix,,,,C512161,bisphenol A glucuronide,GeneCards_Disorders,1000.0,238.0,1.0,1.0,3.0,0.0,M0,False,1.0,specific_entity_identifier:PubChemCID,False,bisphenol a glucuronide,bisphenol A glucuronide;BPA,bisphenol or bisphenol-related compound,,,bisphenols,bisphenol exposure axis,direct urinary analyte,URXBPH,high,CDC NHANES environmental phenols panel and codebook,33.0,Environmental Phenols;Environmental Phenols & Parabens,mapped,"validated/specificity mapping first; detectability, cycle coverage, and measured N used as non-CRC tie-breakers","[{""variable"": ""URXBPH"", ""n_cycles_available"": 5, ""total_measured"": 12907, ""total_above_lod"": 11918, ""pooled_above_lod_pct"": 92.3374912837995, ""min_cycle_above_lod_pct"": 89.71474487746083, ""median_cycle_above_lod_pct"": 92.85714285714286, ""max_cycle_above_lod_pct"": 93.62519201228879}]",92.3374912837995,89.71474487746083,92.85714285714286,93.6251920122888,12907.0,11918.0,2.0,5.0,2003-2004;2005-2006;2007-2008;2009-2010;2011-2012,2003-2004,2011-2012,urine,Environmental Phenols;Environmental Phenols & Parabens,12907.0,17382.0,6912.0,6261.0,45.0,5706.0,True,True,True,True,1.0,survey model feasible but event/sample margin is limited,URXBPH,bisphenols,,CID:71309820,,1.0,1.0,URXBPH,URXBPH,urinary biomarker,2003-2004;2005-2006;2007-2008;2009-2010;2011-2012,5.0,2.0,1.0,pending_manual_review,M0,True,True,False,resolved_mapped,CDC NHANES catalog domains checked: Environmental Phenols;Environmental Phenols & Parabens; CDC NHANES environmental phenols panel and codebook; local XPT registry variables checked for candidate aliases.,CTD identifiers/name; CDC NHANES laboratory catalog; 33 relevant laboratory domains; downloaded XPT value/LOD/weight columns.,CTD Phase 1 export; CDC NHANES continuous laboratory catalog; CDC NHANES environmental XPT files,direct urinary analyte,,False,,Tier_A_moderate,enter_systematic_human_screen,True
267-chemical actionability matrix,,,,C516433,copper(II) nitrate,GeneCards_Disorders,1000.0,239.0,1.0,1.0,3.0,0.0,M0,False,1.0,specific_entity_identifier:PubChemCID,False,copper ii nitrate,copper(II) nitrate,elemental species or metal compound,,,heavy_metals,metal exposure axis,metal family searched; no mapped elemental analyte,,unresolved,CDC NHANES Metals - Urine and blood metal panels searched,119.0,Metals - Urine,resolved_no_candidate_specific_analyte,no analyte rows,,,,,,,,,0.0,,,,,,0.0,0.0,0.0,0.0,0.0,0.0,False,False,False,False,0.0,no analyte mapping,,heavy_metals,,CID:18616,,0.0,0.0,,,,,0.0,0.0,1.0,pending_manual_review,M0,False,False,False,resolved_no_supported_candidate_specific_analyte,CDC NHANES catalog domains checked: Metals - Urine; CDC NHANES Metals - Urine and blood metal panels searched; local XPT registry variables checked for candidate aliases.,CTD identifiers/name; CDC NHANES laboratory catalog; 119 relevant laboratory domains; downloaded XPT value/LOD/weight columns.,CTD Phase 1 export; CDC NHANES continuous laboratory catalog; CDC NHANES environmental XPT files,metal family searched; no mapped elemental analyte,CDC NHANES Metals - Urine and blood metal panels searched,False,,not_human_testable,retain_with_resolved_audit_no_primary_screen,True
267-chemical actionability matrix,,,,C522458,"2-hydroxy-4-(2,2,3,3,3-pentafluoropropoxy)benzoic acid",GeneCards_Disorders,1000.0,240.0,1.0,1.0,3.0,0.0,M0,False,1.0,specific_entity_identifier:PubChemCID,False,2 hydroxy 4 2 2 3 3 3 pentafluoropropoxy benzoic acid,"2-hydroxy-4-(2,2,3,3,3-pentafluoropropoxy)benzoic acid",CTD entity,,,pfas_perfluoro,PAH exposure axis,parent PAH to validated urinary OH-PAH proxy,URXP10,moderate,CDC NHANES urinary OH-PAH panel; parent-specificity is limited,0.0,,mapped,"validated/specificity mapping first; detectability, cycle coverage, and measured N used as non-CRC tie-breakers","[{""variable"": ""URXP10"", ""n_cycles_available"": 9, ""total_measured"": 23952, ""total_above_lod"": 21231, ""pooled_above_lod_pct"": 88.63977955911824, ""min_cycle_above_lod_pct"": 60.21621621621622, ""median_cycle_above_lod_pct"": 99.3638170974155, ""max_cycle_above_lod_pct"": 100.0}]",88.63977955911824,60.21621621621622,99.3638170974155,100.0,23952.0,21231.0,1.0,9.0,2001-2002;2003-2004;2005-2006;2007-2008;2009-2010;2011-2012;2013-2014;2015-2016;2017-2018,2001-2002,2017-2018,urine,"Phthalates, Phytoestrogens & PAHs - Urine;Polyaromatic Hydrocarbons (PAHs) - Urine;Polyaromatic Hydrocarbons -Urine;Polycyclic Aromatic Hydrocarbons (PAH) - Urine",23952.0,17382.0,9896.0,8980.0,70.0,8195.0,True,True,True,True,2.0,predefined primary survey model feasible,URXP10,pfas_perfluoro,,CID:9795862,,1.0,1.0,URXP10,URXP10,urinary biomarker,2001-2002;2003-2004;2005-2006;2007-2008;2009-2010;2011-2012;2013-2014;2015-2016;2017-2018,9.0,2.0,1.0,pending_manual_review,M0,True,True,False,resolved_mapped,CDC NHANES catalog domains checked: none matched; CDC NHANES urinary OH-PAH panel; parent-specificity is limited; local XPT registry variables checked for candidate aliases.,CTD identifiers/name; CDC NHANES laboratory catalog; 0 relevant laboratory domains; downloaded XPT value/LOD/weight columns.,CTD Phase 1 export; CDC NHANES continuous laboratory catalog; CDC NHANES environmental XPT files,parent PAH to validated urinary OH-PAH proxy,,False,,Tier_A_moderate,enter_systematic_human_screen,True
267-chemical actionability matrix,,,,C523076,CuFe2O4,GeneCards_Disorders,1000.0,241.0,1.0,1.0,1.0,0.0,M0,False,1.0,specific_entity_identifier:PubChemCID,False,cufe2o4,CuFe2O4,elemental species or metal compound,,,heavy_metals,metal exposure axis,metal family searched; no mapped elemental analyte,,unresolved,CDC NHANES Metals - Urine and blood metal panels searched,119.0,Metals - Urine,resolved_no_candidate_specific_analyte,no analyte rows,,,,,,,,,0.0,,,,,,0.0,0.0,0.0,0.0,0.0,0.0,False,False,False,False,0.0,no analyte mapping,,heavy_metals,,CID:16217788,,0.0,0.0,,,,,0.0,0.0,1.0,pending_manual_review,M0,False,False,False,resolved_no_supported_candidate_specific_analyte,CDC NHANES catalog domains checked: Metals - Urine; CDC NHANES Metals - Urine and blood metal panels searched; local XPT registry variables checked for candidate aliases.,CTD identifiers/name; CDC NHANES laboratory catalog; 119 relevant laboratory domains; downloaded XPT value/LOD/weight columns.,CTD Phase 1 export; CDC NHANES continuous laboratory catalog; CDC NHANES environmental XPT files,metal family searched; no mapped elemental analyte,CDC NHANES Metals - Urine and blood metal panels searched,False,,not_human_testable,retain_with_resolved_audit_no_primary_screen,True
267-chemical actionability matrix,,,,C523456,CEP 8983,GeneCards_Disorders,1000.0,242.0,1.0,1.0,1.0,0.0,M0,False,1.0,specific_entity_identifier:PubChemCID,False,cep 8983,CEP 8983,CTD entity,,,phthalates,,none,,unresolved,,0.0,,resolved_no_candidate_specific_analyte,no analyte rows,,,,,,,,,0.0,,,,,,0.0,0.0,0.0,0.0,0.0,0.0,False,False,False,False,0.0,no analyte mapping,,phthalates,,CID:23584940,,0.0,0.0,,,,,0.0,0.0,1.0,pending_manual_review,M0,False,False,False,resolved_no_supported_candidate_specific_analyte,CDC NHANES catalog domains checked: none matched; ; local XPT registry variables checked for candidate aliases.,CTD identifiers/name; CDC NHANES laboratory catalog; 0 relevant laboratory domains; downloaded XPT value/LOD/weight columns.,CTD Phase 1 export; CDC NHANES continuous laboratory catalog; CDC NHANES environmental XPT files,,,False,,not_human_testable,retain_with_resolved_audit_no_primary_screen,True
267-chemical actionability matrix,,,,C524826,tetraconazole,GeneCards_Disorders,1000.0,243.0,1.0,1.0,3.0,0.0,M0,False,1.0,specific_entity_identifier:PubChemCID,False,tetraconazole,tetraconazole,CTD entity,,,pfas_perfluoro,PFAS exposure axis,PFAS class searched; no candidate-specific NHANES variable,,unresolved,CDC NHANES PFAS panels searched; no specific analyte name match,0.0,,resolved_no_candidate_specific_analyte,no analyte rows,,,,,,,,,0.0,,,,,,0.0,0.0,0.0,0.0,0.0,0.0,False,False,False,False,0.0,no analyte mapping,,pfas_perfluoro,,CID:80277,,0.0,0.0,,,,,0.0,0.0,1.0,pending_manual_review,M0,False,False,False,resolved_no_supported_candidate_specific_analyte,CDC NHANES catalog domains checked: none matched; CDC NHANES PFAS panels searched; no specific analyte name match; local XPT registry variables checked for candidate aliases.,CTD identifiers/name; CDC NHANES laboratory catalog; 0 relevant laboratory domains; downloaded XPT value/LOD/weight columns.,CTD Phase 1 export; CDC NHANES continuous laboratory catalog; CDC NHANES environmental XPT files,PFAS class searched; no candidate-specific NHANES variable,CDC NHANES PFAS panels searched; no specific analyte name match,False,,not_human_testable,retain_with_resolved_audit_no_primary_screen,True
267-chemical actionability matrix,,,,C529617,3-methylchrysene,GeneCards_Disorders,1000.0,244.0,1.0,1.0,3.0,0.0,M0,False,1.0,specific_entity_identifier:PubChemCID,False,3 methylchrysene,3-methylchrysene,CTD entity,,,pahs,PAH exposure axis,parent PAH to validated urinary OH-PAH proxy,URXP10,moderate,CDC NHANES urinary OH-PAH panel; parent-specificity is limited,68.0,Polyaromatic Hydrocarbons (PAHs) - Urine;Polyaromatic Hydrocarbons -Urine;Polycyclic Aromatic Hydrocarbons (PAH) - Urine,mapped,"validated/specificity mapping first; detectability, cycle coverage, and measured N used as non-CRC tie-breakers","[{""variable"": ""URXP10"", ""n_cycles_available"": 9, ""total_measured"": 23952, ""total_above_lod"": 21231, ""pooled_above_lod_pct"": 88.63977955911824, ""min_cycle_above_lod_pct"": 60.21621621621622, ""median_cycle_above_lod_pct"": 99.3638170974155, ""max_cycle_above_lod_pct"": 100.0}]",88.63977955911824,60.21621621621622,99.3638170974155,100.0,23952.0,21231.0,1.0,9.0,2001-2002;2003-2004;2005-2006;2007-2008;2009-2010;2011-2012;2013-2014;2015-2016;2017-2018,2001-2002,2017-2018,urine,"Phthalates, Phytoestrogens & PAHs - Urine;Polyaromatic Hydrocarbons (PAHs) - Urine;Polyaromatic Hydrocarbons -Urine;Polycyclic Aromatic Hydrocarbons (PAH) - Urine",23952.0,17382.0,9896.0,8980.0,70.0,8195.0,True,True,True,True,2.0,predefined primary survey model feasible,URXP10,pahs,,CID:18781,,1.0,1.0,URXP10,URXP10,urinary biomarker,2001-2002;2003-2004;2005-2006;2007-2008;2009-2010;2011-2012;2013-2014;2015-2016;2017-2018,9.0,2.0,1.0,pending_manual_review,M0,True,True,False,resolved_mapped,CDC NHANES catalog domains checked: Polyaromatic Hydrocarbons (PAHs) - Urine;Polyaromatic Hydrocarbons -Urine;Polycyclic Aromatic Hydrocarbons (PAH) - Urine; CDC NHANES urinary OH-PAH panel; parent-specificity is limited; local XPT registry variables checked for candidate aliases.,CTD identifiers/name; CDC NHANES laboratory catalog; 68 relevant laboratory domains; downloaded XPT value/LOD/weight columns.,CTD Phase 1 export; CDC NHANES continuous laboratory catalog; CDC NHANES environmental XPT files,parent PAH to validated urinary OH-PAH proxy,,False,,Tier_A_moderate,enter_systematic_human_screen,True
267-chemical actionability matrix,,,,C529618,4-methylchrysene,GeneCards_Disorders,1000.0,245.0,1.0,1.0,3.0,0.0,M0,False,1.0,specific_entity_identifier:PubChemCID,False,4 methylchrysene,4-methylchrysene,CTD entity,,,pahs,PAH exposure axis,parent PAH to validated urinary OH-PAH proxy,URXP10,moderate,CDC NHANES urinary OH-PAH panel; parent-specificity is limited,68.0,Polyaromatic Hydrocarbons (PAHs) - Urine;Polyaromatic Hydrocarbons -Urine;Polycyclic Aromatic Hydrocarbons (PAH) - Urine,mapped,"validated/specificity mapping first; detectability, cycle coverage, and measured N used as non-CRC tie-breakers","[{""variable"": ""URXP10"", ""n_cycles_available"": 9, ""total_measured"": 23952, ""total_above_lod"": 21231, ""pooled_above_lod_pct"": 88.63977955911824, ""min_cycle_above_lod_pct"": 60.21621621621622, ""median_cycle_above_lod_pct"": 99.3638170974155, ""max_cycle_above_lod_pct"": 100.0}]",88.63977955911824,60.21621621621622,99.3638170974155,100.0,23952.0,21231.0,1.0,9.0,2001-2002;2003-2004;2005-2006;2007-2008;2009-2010;2011-2012;2013-2014;2015-2016;2017-2018,2001-2002,2017-2018,urine,"Phthalates, Phytoestrogens & PAHs - Urine;Polyaromatic Hydrocarbons (PAHs) - Urine;Polyaromatic Hydrocarbons -Urine;Polycyclic Aromatic Hydrocarbons (PAH) - Urine",23952.0,17382.0,9896.0,8980.0,70.0,8195.0,True,True,True,True,2.0,predefined primary survey model feasible,URXP10,pahs,,CID:18780,,1.0,1.0,URXP10,URXP10,urinary biomarker,2001-2002;2003-2004;2005-2006;2007-2008;2009-2010;2011-2012;2013-2014;2015-2016;2017-2018,9.0,2.0,1.0,pending_manual_review,M0,True,True,False,resolved_mapped,CDC NHANES catalog domains checked: Polyaromatic Hydrocarbons (PAHs) - Urine;Polyaromatic Hydrocarbons -Urine;Polycyclic Aromatic Hydrocarbons (PAH) - Urine; CDC NHANES urinary OH-PAH panel; parent-specificity is limited; local XPT registry variables checked for candidate aliases.,CTD identifiers/name; CDC NHANES laboratory catalog; 68 relevant laboratory domains; downloaded XPT value/LOD/weight columns.,CTD Phase 1 export; CDC NHANES continuous laboratory catalog; CDC NHANES environmental XPT files,parent PAH to validated urinary OH-PAH proxy,,False,,Tier_A_moderate,enter_systematic_human_screen,True
267-chemical actionability matrix,,,,C532828,potassium hexachloropalladate(IV),GeneCards_Disorders,1000.0,246.0,1.0,1.0,1.0,0.0,M0,False,1.0,specific_entity_identifier:PubChemCID,False,potassium hexachloropalladate iv,potassium hexachloropalladate(IV),elemental species or metal compound,,,heavy_metals,metal exposure axis,metal family searched; no mapped elemental analyte,,unresolved,CDC NHANES Metals - Urine and blood metal panels searched,119.0,Metals - Urine,resolved_no_candidate_specific_analyte,no analyte rows,,,,,,,,,0.0,,,,,,0.0,0.0,0.0,0.0,0.0,0.0,False,False,False,False,0.0,no analyte mapping,,heavy_metals,,CID:61852,,0.0,0.0,,,,,0.0,0.0,1.0,pending_manual_review,M0,False,False,False,resolved_no_supported_candidate_specific_analyte,CDC NHANES catalog domains checked: Metals - Urine; CDC NHANES Metals - Urine and blood metal panels searched; local XPT registry variables checked for candidate aliases.,CTD identifiers/name; CDC NHANES laboratory catalog; 119 relevant laboratory domains; downloaded XPT value/LOD/weight columns.,CTD Phase 1 export; CDC NHANES continuous laboratory catalog; CDC NHANES environmental XPT files,metal family searched; no mapped elemental analyte,CDC NHANES Metals - Urine and blood metal panels searched,False,,not_human_testable,retain_with_resolved_audit_no_primary_screen,True
267-chemical actionability matrix,,,,C533806,"1,1,1,2,2-pentafluoro-7-phenylheptan-3-one",GeneCards_Disorders,1000.0,247.0,1.0,1.0,1.0,0.0,M0,False,1.0,specific_entity_identifier:PubChemCID,False,1 1 1 2 2 pentafluoro 7 phenylheptan 3 one,"1,1,1,2,2-pentafluoro-7-phenylheptan-3-one",CTD entity,,,pfas_perfluoro,PFAS exposure axis,PFAS class searched; no candidate-specific NHANES variable,,unresolved,CDC NHANES PFAS panels searched; no specific analyte name match,0.0,,resolved_no_candidate_specific_analyte,no analyte rows,,,,,,,,,0.0,,,,,,0.0,0.0,0.0,0.0,0.0,0.0,False,False,False,False,0.0,no analyte mapping,,pfas_perfluoro,,CID:24995215,,0.0,0.0,,,,,0.0,0.0,1.0,pending_manual_review,M0,False,False,False,resolved_no_supported_candidate_specific_analyte,CDC NHANES catalog domains checked: none matched; CDC NHANES PFAS panels searched; no specific analyte name match; local XPT registry variables checked for candidate aliases.,CTD identifiers/name; CDC NHANES laboratory catalog; 0 relevant laboratory domains; downloaded XPT value/LOD/weight columns.,CTD Phase 1 export; CDC NHANES continuous laboratory catalog; CDC NHANES environmental XPT files,PFAS class searched; no candidate-specific NHANES variable,CDC NHANES PFAS panels searched; no specific analyte name match,False,,not_human_testable,retain_with_resolved_audit_no_primary_screen,True
267-chemical actionability matrix,,,,C534679,"3,3'-dichlorobisphenol A",GeneCards_Disorders,1000.0,248.0,1.0,1.0,1.0,0.0,M0,False,1.0,specific_entity_identifier:PubChemCID,False,3 3 dichlorobisphenol a,"3,3'-dichlorobisphenol A;BPA",bisphenol or bisphenol-related compound,,,bisphenols,bisphenol exposure axis,direct urinary analyte,URXBPH,high,CDC NHANES environmental phenols panel and codebook,33.0,Environmental Phenols;Environmental Phenols & Parabens,mapped,"validated/specificity mapping first; detectability, cycle coverage, and measured N used as non-CRC tie-breakers","[{""variable"": ""URXBPH"", ""n_cycles_available"": 5, ""total_measured"": 12907, ""total_above_lod"": 11918, ""pooled_above_lod_pct"": 92.3374912837995, ""min_cycle_above_lod_pct"": 89.71474487746083, ""median_cycle_above_lod_pct"": 92.85714285714286, ""max_cycle_above_lod_pct"": 93.62519201228879}]",92.3374912837995,89.71474487746083,92.85714285714286,93.6251920122888,12907.0,11918.0,2.0,5.0,2003-2004;2005-2006;2007-2008;2009-2010;2011-2012,2003-2004,2011-2012,urine,Environmental Phenols;Environmental Phenols & Parabens,12907.0,17382.0,6912.0,6261.0,45.0,5706.0,True,True,True,True,1.0,survey model feasible but event/sample margin is limited,URXBPH,bisphenols,,CID:66238,,1.0,1.0,URXBPH,URXBPH,urinary biomarker,2003-2004;2005-2006;2007-2008;2009-2010;2011-2012,5.0,2.0,1.0,pending_manual_review,M0,True,True,False,resolved_mapped,CDC NHANES catalog domains checked: Environmental Phenols;Environmental Phenols & Parabens; CDC NHANES environmental phenols panel and codebook; local XPT registry variables checked for candidate aliases.,CTD identifiers/name; CDC NHANES laboratory catalog; 33 relevant laboratory domains; downloaded XPT value/LOD/weight columns.,CTD Phase 1 export; CDC NHANES continuous laboratory catalog; CDC NHANES environmental XPT files,direct urinary analyte,,False,,Tier_A_moderate,enter_systematic_human_screen,True
267-chemical actionability matrix,,,,C535034,2-ethynylpyrene,GeneCards_Disorders,1000.0,249.0,1.0,1.0,1.0,0.0,M0,False,1.0,specific_entity_identifier:PubChemCID,False,2 ethynylpyrene,2-ethynylpyrene,CTD entity,,,pahs,PAH exposure axis,parent PAH to validated urinary OH-PAH proxy,URXP10,moderate,CDC NHANES urinary OH-PAH panel; parent-specificity is limited,68.0,Polyaromatic Hydrocarbons (PAHs) - Urine;Polyaromatic Hydrocarbons -Urine;Polycyclic Aromatic Hydrocarbons (PAH) - Urine,mapped,"validated/specificity mapping first; detectability, cycle coverage, and measured N used as non-CRC tie-breakers","[{""variable"": ""URXP10"", ""n_cycles_available"": 9, ""total_measured"": 23952, ""total_above_lod"": 21231, ""pooled_above_lod_pct"": 88.63977955911824, ""min_cycle_above_lod_pct"": 60.21621621621622, ""median_cycle_above_lod_pct"": 99.3638170974155, ""max_cycle_above_lod_pct"": 100.0}]",88.63977955911824,60.21621621621622,99.3638170974155,100.0,23952.0,21231.0,1.0,9.0,2001-2002;2003-2004;2005-2006;2007-2008;2009-2010;2011-2012;2013-2014;2015-2016;2017-2018,2001-2002,2017-2018,urine,"Phthalates, Phytoestrogens & PAHs - Urine;Polyaromatic Hydrocarbons (PAHs) - Urine;Polyaromatic Hydrocarbons -Urine;Polycyclic Aromatic Hydrocarbons (PAH) - Urine",23952.0,17382.0,9896.0,8980.0,70.0,8195.0,True,True,True,True,2.0,predefined primary survey model feasible,URXP10,pahs,,CID:10846871,,1.0,1.0,URXP10,URXP10,urinary biomarker,2001-2002;2003-2004;2005-2006;2007-2008;2009-2010;2011-2012;2013-2014;2015-2016;2017-2018,9.0,2.0,1.0,pending_manual_review,M0,True,True,False,resolved_mapped,CDC NHANES catalog domains checked: Polyaromatic Hydrocarbons (PAHs) - Urine;Polyaromatic Hydrocarbons -Urine;Polycyclic Aromatic Hydrocarbons (PAH) - Urine; CDC NHANES urinary OH-PAH panel; parent-specificity is limited; local XPT registry variables checked for candidate aliases.,CTD identifiers/name; CDC NHANES laboratory catalog; 68 relevant laboratory domains; downloaded XPT value/LOD/weight columns.,CTD Phase 1 export; CDC NHANES continuous laboratory catalog; CDC NHANES environmental XPT files,parent PAH to validated urinary OH-PAH proxy,,False,,Tier_A_moderate,enter_systematic_human_screen,True
267-chemical actionability matrix,,,,C535035,4-ethynylpyrene,GeneCards_Disorders,1000.0,250.0,1.0,1.0,1.0,0.0,M0,False,1.0,specific_entity_identifier:PubChemCID,False,4 ethynylpyrene,4-ethynylpyrene,CTD entity,,,pahs,PAH exposure axis,parent PAH to validated urinary OH-PAH proxy,URXP10,moderate,CDC NHANES urinary OH-PAH panel; parent-specificity is limited,68.0,Polyaromatic Hydrocarbons (PAHs) - Urine;Polyaromatic Hydrocarbons -Urine;Polycyclic Aromatic Hydrocarbons (PAH) - Urine,mapped,"validated/specificity mapping first; detectability, cycle coverage, and measured N used as non-CRC tie-breakers","[{""variable"": ""URXP10"", ""n_cycles_available"": 9, ""total_measured"": 23952, ""total_above_lod"": 21231, ""pooled_above_lod_pct"": 88.63977955911824, ""min_cycle_above_lod_pct"": 60.21621621621622, ""median_cycle_above_lod_pct"": 99.3638170974155, ""max_cycle_above_lod_pct"": 100.0}]",88.63977955911824,60.21621621621622,99.3638170974155,100.0,23952.0,21231.0,1.0,9.0,2001-2002;2003-2004;2005-2006;2007-2008;2009-2010;2011-2012;2013-2014;2015-2016;2017-2018,2001-2002,2017-2018,urine,"Phthalates, Phytoestrogens & PAHs - Urine;Polyaromatic Hydrocarbons (PAHs) - Urine;Polyaromatic Hydrocarbons -Urine;Polycyclic Aromatic Hydrocarbons (PAH) - Urine",23952.0,17382.0,9896.0,8980.0,70.0,8195.0,True,True,True,True,2.0,predefined primary survey model feasible,URXP10,pahs,,CID:54094439,,1.0,1.0,URXP10,URXP10,urinary biomarker,2001-2002;2003-2004;2005-2006;2007-2008;2009-2010;2011-2012;2013-2014;2015-2016;2017-2018,9.0,2.0,1.0,pending_manual_review,M0,True,True,False,resolved_mapped,CDC NHANES catalog domains checked: Polyaromatic Hydrocarbons (PAHs) - Urine;Polyaromatic Hydrocarbons -Urine;Polycyclic Aromatic Hydrocarbons (PAH) - Urine; CDC NHANES urinary OH-PAH panel; parent-specificity is limited; local XPT registry variables checked for candidate aliases.,CTD identifiers/name; CDC NHANES laboratory catalog; 68 relevant laboratory domains; downloaded XPT value/LOD/weight columns.,CTD Phase 1 export; CDC NHANES continuous laboratory catalog; CDC NHANES environmental XPT files,parent PAH to validated urinary OH-PAH proxy,,False,,Tier_A_moderate,enter_systematic_human_screen,True
267-chemical actionability matrix,,,,C558144,"ammonium 4,8-dioxa-3H-perfluorononanoate",GeneCards_Disorders,1000.0,251.0,1.0,1.0,2.0,0.0,M0,False,1.0,specific_ctd_entity_id:C558144,False,ammonium 4 8 dioxa 3h perfluorononanoate,"ammonium 4,8-dioxa-3H-perfluorononanoate;PFAS;ammonium 4 8 dioxa 3h PFnonanoate",PFAS or fluorinated compound,,,pfas_perfluoro,PFAS exposure axis,PFAS class searched; no candidate-specific NHANES variable,,unresolved,CDC NHANES PFAS panels searched; no specific analyte name match,27.0,Perfluoroalkyl and Polyfluoroalkyl;Perfluoroalkyl and Polyfluoroalkyl Substances;Perfluoroalkyl and Polyfluoroalkyl Substances (formerly Polyfluoroalkyl Chemicals - PFC),resolved_no_candidate_specific_analyte,no analyte rows,,,,,,,,,0.0,,,,,,0.0,0.0,0.0,0.0,0.0,0.0,False,False,False,False,0.0,no analyte mapping,,pfas_perfluoro,,,,0.0,0.0,,,,,0.0,0.0,1.0,pending_manual_review,M0,False,False,False,resolved_no_supported_candidate_specific_analyte,CDC NHANES catalog domains checked: Perfluoroalkyl and Polyfluoroalkyl;Perfluoroalkyl and Polyfluoroalkyl Substances;Perfluoroalkyl and Polyfluoroalkyl Substances (formerly Polyfluoroalkyl Chemicals - PFC); CDC NHANES PFAS panels searched; no specific analyte name match; local XPT registry variables checked for candidate aliases.,CTD identifiers/name; CDC NHANES laboratory catalog; 27 relevant laboratory domains; downloaded XPT value/LOD/weight columns.,CTD Phase 1 export; CDC NHANES continuous laboratory catalog; CDC NHANES environmental XPT files,PFAS class searched; no candidate-specific NHANES variable,CDC NHANES PFAS panels searched; no specific analyte name match,False,,not_human_testable,retain_with_resolved_audit_no_primary_screen,True
267-chemical actionability matrix,,,,C582932,BRD73954,GeneCards_Disorders,1000.0,252.0,1.0,1.0,1.0,0.0,M0,False,1.0,specific_entity_identifier:PubChemCID,False,brd73954,BRD73954,CTD entity,,,phthalates,,none,,unresolved,,0.0,,resolved_no_candidate_specific_analyte,no analyte rows,,,,,,,,,0.0,,,,,,0.0,0.0,0.0,0.0,0.0,0.0,False,False,False,False,0.0,no analyte mapping,,phthalates,,CID:71680913,,0.0,0.0,,,,,0.0,0.0,1.0,pending_manual_review,M0,False,False,False,resolved_no_supported_candidate_specific_analyte,CDC NHANES catalog domains checked: none matched; ; local XPT registry variables checked for candidate aliases.,CTD identifiers/name; CDC NHANES laboratory catalog; 0 relevant laboratory domains; downloaded XPT value/LOD/weight columns.,CTD Phase 1 export; CDC NHANES continuous laboratory catalog; CDC NHANES environmental XPT files,,,False,,not_human_testable,retain_with_resolved_audit_no_primary_screen,True
267-chemical actionability matrix,,,,D000083462,Persistent Organic Pollutants,GeneCards_Disorders,1000.0,253.0,1.0,1.0,4.0,0.0,M0,False,1.0,specific_entity_identifier:PubChemCID,False,persistent organic pollutants,Persistent Organic Pollutants,umbrella exposure class,,,environmental_pollutants,,none,,unresolved,,0.0,,resolved_no_candidate_specific_analyte,no analyte rows,,,,,,,,,0.0,,,,,,0.0,0.0,0.0,0.0,0.0,0.0,False,False,False,False,0.0,no analyte mapping,,environmental_pollutants;persistent_organic_pollutants,,CID:5283499,,0.0,0.0,,,,,0.0,0.0,1.0,pending_manual_review,M0,False,False,False,resolved_no_supported_candidate_specific_analyte,CDC NHANES catalog domains checked: none matched; ; local XPT registry variables checked for candidate aliases.,CTD identifiers/name; CDC NHANES laboratory catalog; 0 relevant laboratory domains; downloaded XPT value/LOD/weight columns.,CTD Phase 1 export; CDC NHANES continuous laboratory catalog; CDC NHANES environmental XPT files,,,False,,not_human_testable,retain_with_resolved_audit_no_primary_screen,True
267-chemical actionability matrix,,,,D002586,Cesium,GeneCards_Disorders,1000.0,254.0,1.0,1.0,2.0,0.0,M0,False,1.0,"specific_entity_identifier:CasRN,PubChemCID,DTXSID,InChIKey",False,cesium,Cesium;7440-46-2,elemental species or metal compound,,,heavy_metals,metal exposure axis,elemental urinary biomarker for parent metal/species,URXUCS,moderate,CDC NHANES metals blood/urine panels and codebooks,119.0,Metals - Urine,mapped,"validated/specificity mapping first; detectability, cycle coverage, and measured N used as non-CRC tie-breakers","[{""variable"": ""URXUCS"", ""n_cycles_available"": 10, ""total_measured"": 26799, ""total_above_lod"": 26798, ""pooled_above_lod_pct"": 99.996268517482, ""min_cycle_above_lod_pct"": 99.96733093760209, ""median_cycle_above_lod_pct"": 100.0, ""max_cycle_above_lod_pct"": 100.0}]",99.996268517482,99.96733093760209,100.0,100.0,26799.0,26798.0,2.0,10.0,1999-2000;2001-2002;2003-2004;2005-2006;2007-2008;2009-2010;2011-2012;2013-2014;2015-2016;2017-2018,1999-2000,2017-2018,urine,Metals - Urine,26799.0,17382.0,1714.0,1530.0,10.0,1409.0,True,True,True,True,0.0,insufficient complete-case events/sample or survey infrastructure,URXUCS,heavy_metals,7440-46-2,CID:5354618,DTXSID5036767,1.0,1.0,URXUCS,URXUCS,urinary biomarker,1999-2000;2001-2002;2003-2004;2005-2006;2007-2008;2009-2010;2011-2012;2013-2014;2015-2016;2017-2018,10.0,2.0,1.0,pending_manual_review,M0,False,False,False,resolved_mapped,CDC NHANES catalog domains checked: Metals - Urine; CDC NHANES metals blood/urine panels and codebooks; local XPT registry variables checked for candidate aliases.,CTD identifiers/name; CDC NHANES laboratory catalog; 119 relevant laboratory domains; downloaded XPT value/LOD/weight columns.,CTD Phase 1 export; CDC NHANES continuous laboratory catalog; CDC NHANES environmental XPT files,elemental urinary biomarker for parent metal/species,,False,,not_human_testable,retain_with_resolved_audit_no_primary_screen,True
267-chemical actionability matrix,,,,D005659,"Fungicides, Industrial",GeneCards_Disorders,1000.0,255.0,1.0,1.0,2.0,0.0,M0,False,1.0,specific_ctd_entity_id:D005659,False,fungicides industrial,"Fungicides, Industrial",CTD entity,,,pesticides,pesticide exposure axis,candidate-specific pesticide biomarker not established from NHANES domains,,unresolved,"CDC NHANES pesticide, organophosphate, carbamate, and organochlorine panels searched",168.0,"Pesticides - Carbamates & Organophosphorus Metabolites - Urine;Pesticides - Current Use - Urine (Formerly Priority Pesticides, Non-persistent Pesticide Metabolites);Pesticides - Environmental - Urine;Pesticides - Organochlorine Metabolites - Serum (Surplus)",resolved_no_candidate_specific_analyte,no analyte rows,,,,,,,,,0.0,,,,,,0.0,0.0,0.0,0.0,0.0,0.0,False,False,False,False,0.0,no analyte mapping,,pesticides,,,,0.0,0.0,,,,,0.0,0.0,1.0,pending_manual_review,M0,False,False,False,resolved_no_supported_candidate_specific_analyte,"CDC NHANES catalog domains checked: Pesticides - Carbamates & Organophosphorus Metabolites - Urine;Pesticides - Current Use - Urine (Formerly Priority Pesticides, Non-persistent Pesticide Metabolites);Pesticides - Environmental - Urine;Pesticides - Organochlorine Metabolites - Serum (Surplus); CDC NHANES pesticide, organophosphate, carbamate, and organochlorine panels searched; local XPT registry variables checked for candidate aliases.",CTD identifiers/name; CDC NHANES laboratory catalog; 168 relevant laboratory domains; downloaded XPT value/LOD/weight columns.,CTD Phase 1 export; CDC NHANES continuous laboratory catalog; CDC NHANES environmental XPT files,candidate-specific pesticide biomarker not established from NHANES domains,"CDC NHANES pesticide, organophosphate, carbamate, and organochlorine panels searched",False,,not_human_testable,retain_with_resolved_audit_no_primary_screen,True
267-chemical actionability matrix,,,,D007306,Insecticides,GeneCards_Disorders,1000.0,256.0,1.0,1.0,16.0,0.0,M0,False,1.0,specific_entity_identifier:PubChemCID,False,insecticides,Insecticides,CTD entity,,,pesticides,pesticide exposure axis,candidate-specific pesticide biomarker not established from NHANES domains,,unresolved,"CDC NHANES pesticide, organophosphate, carbamate, and organochlorine panels searched",168.0,"Pesticides - Carbamates & Organophosphorus Metabolites - Urine;Pesticides - Current Use - Urine (Formerly Priority Pesticides, Non-persistent Pesticide Metabolites);Pesticides - Environmental - Urine;Pesticides - Organochlorine Metabolites - Serum (Surplus)",resolved_no_candidate_specific_analyte,no analyte rows,,,,,,,,,0.0,,,,,,0.0,0.0,0.0,0.0,0.0,0.0,False,False,False,False,0.0,no analyte mapping,,pesticides,,CID:107720,,0.0,0.0,,,,,0.0,0.0,1.0,pending_manual_review,M0,False,False,False,resolved_no_supported_candidate_specific_analyte,"CDC NHANES catalog domains checked: Pesticides - Carbamates & Organophosphorus Metabolites - Urine;Pesticides - Current Use - Urine (Formerly Priority Pesticides, Non-persistent Pesticide Metabolites);Pesticides - Environmental - Urine;Pesticides - Organochlorine Metabolites - Serum (Surplus); CDC NHANES pesticide, organophosphate, carbamate, and organochlorine panels searched; local XPT registry variables checked for candidate aliases.",CTD identifiers/name; CDC NHANES laboratory catalog; 168 relevant laboratory domains; downloaded XPT value/LOD/weight columns.,CTD Phase 1 export; CDC NHANES continuous laboratory catalog; CDC NHANES environmental XPT files,candidate-specific pesticide biomarker not established from NHANES domains,"CDC NHANES pesticide, organophosphate, carbamate, and organochlorine panels searched",False,,not_human_testable,retain_with_resolved_audit_no_primary_screen,True
267-chemical actionability matrix,,,,D010165,Palladium,GeneCards_Disorders,1000.0,257.0,1.0,1.0,7.0,0.0,M0,False,1.0,"specific_entity_identifier:CasRN,PubChemCID,DTXSID,InChIKey",False,palladium,Palladium;7440-05-3,elemental species or metal compound,,,heavy_metals,metal exposure axis,metal family searched; no mapped elemental analyte,,unresolved,CDC NHANES Metals - Urine and blood metal panels searched,119.0,Metals - Urine,resolved_no_candidate_specific_analyte,no analyte rows,,,,,,,,,0.0,,,,,,0.0,0.0,0.0,0.0,0.0,0.0,False,False,False,False,0.0,no analyte mapping,,heavy_metals,7440-05-3,CID:23938,DTXSID4064680,0.0,0.0,,,,,0.0,0.0,1.0,pending_manual_review,M0,False,False,False,resolved_no_supported_candidate_specific_analyte,CDC NHANES catalog domains checked: Metals - Urine; CDC NHANES Metals - Urine and blood metal panels searched; local XPT registry variables checked for candidate aliases.,CTD identifiers/name; CDC NHANES laboratory catalog; 119 relevant laboratory domains; downloaded XPT value/LOD/weight columns.,CTD Phase 1 export; CDC NHANES continuous laboratory catalog; CDC NHANES environmental XPT files,metal family searched; no mapped elemental analyte,CDC NHANES Metals - Urine and blood metal panels searched,False,,not_human_testable,retain_with_resolved_audit_no_primary_screen,True
267-chemical actionability matrix,,,,D010569,Perylene,GeneCards_Disorders,1000.0,258.0,1.0,1.0,1.0,0.0,M0,False,1.0,"specific_entity_identifier:CasRN,PubChemCID,DTXSID,InChIKey",False,perylene,Perylene;198-55-0,CTD entity,,,pahs,PAH exposure axis,parent PAH to validated urinary OH-PAH proxy,URXP10,moderate,CDC NHANES urinary OH-PAH panel; parent-specificity is limited,68.0,Polyaromatic Hydrocarbons (PAHs) - Urine;Polyaromatic Hydrocarbons -Urine;Polycyclic Aromatic Hydrocarbons (PAH) - Urine,mapped,"validated/specificity mapping first; detectability, cycle coverage, and measured N used as non-CRC tie-breakers","[{""variable"": ""URXP10"", ""n_cycles_available"": 9, ""total_measured"": 23952, ""total_above_lod"": 21231, ""pooled_above_lod_pct"": 88.63977955911824, ""min_cycle_above_lod_pct"": 60.21621621621622, ""median_cycle_above_lod_pct"": 99.3638170974155, ""max_cycle_above_lod_pct"": 100.0}]",88.63977955911824,60.21621621621622,99.3638170974155,100.0,23952.0,21231.0,1.0,9.0,2001-2002;2003-2004;2005-2006;2007-2008;2009-2010;2011-2012;2013-2014;2015-2016;2017-2018,2001-2002,2017-2018,urine,"Phthalates, Phytoestrogens & PAHs - Urine;Polyaromatic Hydrocarbons (PAHs) - Urine;Polyaromatic Hydrocarbons -Urine;Polycyclic Aromatic Hydrocarbons (PAH) - Urine",23952.0,17382.0,9896.0,8980.0,70.0,8195.0,True,True,True,True,2.0,predefined primary survey model feasible,URXP10,pahs,198-55-0,CID:9142,DTXSID4047753,1.0,1.0,URXP10,URXP10,urinary biomarker,2001-2002;2003-2004;2005-2006;2007-2008;2009-2010;2011-2012;2013-2014;2015-2016;2017-2018,9.0,2.0,1.0,pending_manual_review,M0,True,True,False,resolved_mapped,CDC NHANES catalog domains checked: Polyaromatic Hydrocarbons (PAHs) - Urine;Polyaromatic Hydrocarbons -Urine;Polycyclic Aromatic Hydrocarbons (PAH) - Urine; CDC NHANES urinary OH-PAH panel; parent-specificity is limited; local XPT registry variables checked for candidate aliases.,CTD identifiers/name; CDC NHANES laboratory catalog; 68 relevant laboratory domains; downloaded XPT value/LOD/weight columns.,CTD Phase 1 export; CDC NHANES continuous laboratory catalog; CDC NHANES environmental XPT files,parent PAH to validated urinary OH-PAH proxy,,False,,Tier_A_moderate,enter_systematic_human_screen,True
267-chemical actionability matrix,,,,D012238,Rhodium,GeneCards_Disorders,1000.0,259.0,1.0,1.0,1.0,0.0,M0,False,1.0,"specific_entity_identifier:CasRN,PubChemCID,DTXSID,InChIKey",False,rhodium,Rhodium;7440-16-6,elemental species or metal compound,,,heavy_metals,metal exposure axis,metal family searched; no mapped elemental analyte,,unresolved,CDC NHANES Metals - Urine and blood metal panels searched,119.0,Metals - Urine,resolved_no_candidate_specific_analyte,no analyte rows,,,,,,,,,0.0,,,,,,0.0,0.0,0.0,0.0,0.0,0.0,False,False,False,False,0.0,no analyte mapping,,heavy_metals,7440-16-6,CID:23948,DTXSID3052480,0.0,0.0,,,,,0.0,0.0,1.0,pending_manual_review,M0,False,False,False,resolved_no_supported_candidate_specific_analyte,CDC NHANES catalog domains checked: Metals - Urine; CDC NHANES Metals - Urine and blood metal panels searched; local XPT registry variables checked for candidate aliases.,CTD identifiers/name; CDC NHANES laboratory catalog; 119 relevant laboratory domains; downloaded XPT value/LOD/weight columns.,CTD Phase 1 export; CDC NHANES continuous laboratory catalog; CDC NHANES environmental XPT files,metal family searched; no mapped elemental analyte,CDC NHANES Metals - Urine and blood metal panels searched,False,,not_human_testable,retain_with_resolved_audit_no_primary_screen,True
267-chemical actionability matrix,,,,D012413,Rubidium,GeneCards_Disorders,1000.0,260.0,1.0,1.0,5.0,0.0,M0,False,1.0,"specific_entity_identifier:CasRN,PubChemCID,DTXSID,InChIKey",False,rubidium,Rubidium;7440-17-7,elemental species or metal compound,,,heavy_metals,metal exposure axis,metal family searched; no mapped elemental analyte,,unresolved,CDC NHANES Metals - Urine and blood metal panels searched,119.0,Metals - Urine,resolved_no_candidate_specific_analyte,no analyte rows,,,,,,,,,0.0,,,,,,0.0,0.0,0.0,0.0,0.0,0.0,False,False,False,False,0.0,no analyte mapping,,heavy_metals,7440-17-7,CID:5357696,DTXSID4064686,0.0,0.0,,,,,0.0,0.0,1.0,pending_manual_review,M0,False,False,False,resolved_no_supported_candidate_specific_analyte,CDC NHANES catalog domains checked: Metals - Urine; CDC NHANES Metals - Urine and blood metal panels searched; local XPT registry variables checked for candidate aliases.,CTD identifiers/name; CDC NHANES laboratory catalog; 119 relevant laboratory domains; downloaded XPT value/LOD/weight columns.,CTD Phase 1 export; CDC NHANES continuous laboratory catalog; CDC NHANES environmental XPT files,metal family searched; no mapped elemental analyte,CDC NHANES Metals - Urine and blood metal panels searched,False,,not_human_testable,retain_with_resolved_audit_no_primary_screen,True
267-chemical actionability matrix,,,,D012989,Soil Pollutants,GeneCards_Disorders,1000.0,261.0,1.0,1.0,10.0,0.0,M0,False,1.0,specific_ctd_entity_id:D012989,False,soil pollutants,Soil Pollutants,umbrella exposure class,,,environmental_pollutants,,none,,unresolved,,0.0,,resolved_no_candidate_specific_analyte,no analyte rows,,,,,,,,,0.0,,,,,,0.0,0.0,0.0,0.0,0.0,0.0,False,False,False,False,0.0,no analyte mapping,,environmental_pollutants,,,,0.0,0.0,,,,,0.0,0.0,1.0,pending_manual_review,M0,False,False,False,resolved_no_supported_candidate_specific_analyte,CDC NHANES catalog domains checked: none matched; ; local XPT registry variables checked for candidate aliases.,CTD identifiers/name; CDC NHANES laboratory catalog; 0 relevant laboratory domains; downloaded XPT value/LOD/weight columns.,CTD Phase 1 export; CDC NHANES continuous laboratory catalog; CDC NHANES environmental XPT files,,,False,,not_human_testable,retain_with_resolved_audit_no_primary_screen,True
267-chemical actionability matrix,,,,D013324,Strontium,GeneCards_Disorders,1000.0,262.0,1.0,1.0,5.0,0.0,M0,False,1.0,"specific_entity_identifier:CasRN,PubChemCID,DTXSID,InChIKey",False,strontium,Strontium;7440-24-6,elemental species or metal compound,,,heavy_metals,metal exposure axis,metal family searched; no mapped elemental analyte,,unresolved,CDC NHANES Metals - Urine and blood metal panels searched,119.0,Metals - Urine,resolved_no_candidate_specific_analyte,no analyte rows,,,,,,,,,0.0,,,,,,0.0,0.0,0.0,0.0,0.0,0.0,False,False,False,False,0.0,no analyte mapping,,heavy_metals,7440-24-6,CID:5359327,DTXSID3024312,0.0,0.0,,,,,0.0,0.0,1.0,pending_manual_review,M0,False,False,False,resolved_no_supported_candidate_specific_analyte,CDC NHANES catalog domains checked: Metals - Urine; CDC NHANES Metals - Urine and blood metal panels searched; local XPT registry variables checked for candidate aliases.,CTD identifiers/name; CDC NHANES laboratory catalog; 119 relevant laboratory domains; downloaded XPT value/LOD/weight columns.,CTD Phase 1 export; CDC NHANES continuous laboratory catalog; CDC NHANES environmental XPT files,metal family searched; no mapped elemental analyte,CDC NHANES Metals - Urine and blood metal panels searched,False,,not_human_testable,retain_with_resolved_audit_no_primary_screen,True
267-chemical actionability matrix,,,,D013667,Technetium,GeneCards_Disorders,1000.0,263.0,1.0,1.0,1.0,0.0,M0,False,1.0,"specific_entity_identifier:CasRN,PubChemCID,DTXSID,InChIKey",False,technetium,Technetium;7440-26-8,elemental species or metal compound,,,heavy_metals,metal exposure axis,metal family searched; no mapped elemental analyte,,unresolved,CDC NHANES Metals - Urine and blood metal panels searched,119.0,Metals - Urine,resolved_no_candidate_specific_analyte,no analyte rows,,,,,,,,,0.0,,,,,,0.0,0.0,0.0,0.0,0.0,0.0,False,False,False,False,0.0,no analyte mapping,,heavy_metals,7440-26-8,CID:23957,DTXSID5075028,0.0,0.0,,,,,0.0,0.0,1.0,pending_manual_review,M0,False,False,False,resolved_no_supported_candidate_specific_analyte,CDC NHANES catalog domains checked: Metals - Urine; CDC NHANES Metals - Urine and blood metal panels searched; local XPT registry variables checked for candidate aliases.,CTD identifiers/name; CDC NHANES laboratory catalog; 119 relevant laboratory domains; downloaded XPT value/LOD/weight columns.,CTD Phase 1 export; CDC NHANES continuous laboratory catalog; CDC NHANES environmental XPT files,metal family searched; no mapped elemental analyte,CDC NHANES Metals - Urine and blood metal panels searched,False,,not_human_testable,retain_with_resolved_audit_no_primary_screen,True
267-chemical actionability matrix,,,,D014001,Tin,GeneCards_Disorders,1000.0,264.0,1.0,1.0,3.0,0.0,M0,False,1.0,"specific_entity_identifier:CasRN,DTXSID,InChIKey",False,tin,Tin;7440-31-5,elemental species or metal compound,,,heavy_metals,metal exposure axis,elemental urinary biomarker for parent metal/species,URXUSN,moderate,CDC NHANES metals blood/urine panels and codebooks,119.0,Metals - Urine,mapped,"validated/specificity mapping first; detectability, cycle coverage, and measured N used as non-CRC tie-breakers","[{""variable"": ""URXUSN"", ""n_cycles_available"": 4, ""total_measured"": 11036, ""total_above_lod"": 10130, ""pooled_above_lod_pct"": 91.79050380572671, ""min_cycle_above_lod_pct"": 86.10223642172524, ""median_cycle_above_lod_pct"": 92.29662354662355, ""max_cycle_above_lod_pct"": 95.45751633986929}]",91.79050380572671,86.10223642172524,92.29662354662356,95.45751633986929,11036.0,10130.0,2.0,4.0,2011-2012;2013-2014;2015-2016;2017-2018,2011-2012,2017-2018,urine,Metals - Urine,11036.0,17382.0,1715.0,1531.0,10.0,1409.0,True,True,True,True,0.0,insufficient complete-case events/sample or survey infrastructure,URXUSN,heavy_metals,7440-31-5,,DTXSID1049801,1.0,1.0,URXUSN,URXUSN,urinary biomarker,2011-2012;2013-2014;2015-2016;2017-2018,4.0,1.0,1.0,pending_manual_review,M0,False,False,False,resolved_mapped,CDC NHANES catalog domains checked: Metals - Urine; CDC NHANES metals blood/urine panels and codebooks; local XPT registry variables checked for candidate aliases.,CTD identifiers/name; CDC NHANES laboratory catalog; 119 relevant laboratory domains; downloaded XPT value/LOD/weight columns.,CTD Phase 1 export; CDC NHANES continuous laboratory catalog; CDC NHANES environmental XPT files,elemental urinary biomarker for parent metal/species,,False,,not_human_testable,retain_with_resolved_audit_no_primary_screen,True
267-chemical actionability matrix,,,,D014414,Tungsten,GeneCards_Disorders,1000.0,265.0,1.0,1.0,3.0,0.0,M0,False,1.0,"specific_entity_identifier:CasRN,DTXSID,InChIKey",False,tungsten,Tungsten;7440-33-7,elemental species or metal compound,,,heavy_metals,metal exposure axis,elemental urinary biomarker for parent metal/species,URXUTU,moderate,CDC NHANES metals blood/urine panels and codebooks,119.0,Metals - Urine,mapped,"validated/specificity mapping first; detectability, cycle coverage, and measured N used as non-CRC tie-breakers","[{""variable"": ""URXUTU"", ""n_cycles_available"": 10, ""total_measured"": 26621, ""total_above_lod"": 24154, ""pooled_above_lod_pct"": 90.73288005709777, ""min_cycle_above_lod_pct"": 82.6817826426896, ""median_cycle_above_lod_pct"": 90.17020840650977, ""max_cycle_above_lod_pct"": 100.0}]",90.73288005709776,82.6817826426896,90.17020840650976,100.0,26621.0,24154.0,2.0,10.0,1999-2000;2001-2002;2003-2004;2005-2006;2007-2008;2009-2010;2011-2012;2013-2014;2015-2016;2017-2018,1999-2000,2017-2018,urine,Metals - Urine,26621.0,17382.0,1705.0,1522.0,10.0,1400.0,True,True,True,True,0.0,insufficient complete-case events/sample or survey infrastructure,URXUTU,heavy_metals,7440-33-7,,DTXSID8052481,1.0,1.0,URXUTU,URXUTU,urinary biomarker,1999-2000;2001-2002;2003-2004;2005-2006;2007-2008;2009-2010;2011-2012;2013-2014;2015-2016;2017-2018,10.0,2.0,1.0,pending_manual_review,M0,False,False,False,resolved_mapped,CDC NHANES catalog domains checked: Metals - Urine; CDC NHANES metals blood/urine panels and codebooks; local XPT registry variables checked for candidate aliases.,CTD identifiers/name; CDC NHANES laboratory catalog; 119 relevant laboratory domains; downloaded XPT value/LOD/weight columns.,CTD Phase 1 export; CDC NHANES continuous laboratory catalog; CDC NHANES environmental XPT files,elemental urinary biomarker for parent metal/species,,False,,not_human_testable,retain_with_resolved_audit_no_primary_screen,True
267-chemical actionability matrix,,,,D015040,Zirconium,GeneCards_Disorders,1000.0,266.0,1.0,1.0,8.0,0.0,M0,False,1.0,"specific_entity_identifier:CasRN,PubChemCID,DTXSID,InChIKey",False,zirconium,Zirconium;7440-67-7,elemental species or metal compound,,,heavy_metals,metal exposure axis,metal family searched; no mapped elemental analyte,,unresolved,CDC NHANES Metals - Urine and blood metal panels searched,119.0,Metals - Urine,resolved_no_candidate_specific_analyte,no analyte rows,,,,,,,,,0.0,,,,,,0.0,0.0,0.0,0.0,0.0,0.0,False,False,False,False,0.0,no analyte mapping,,heavy_metals,7440-67-7,CID:23995,DTXSID0049818,0.0,0.0,,,,,0.0,0.0,1.0,pending_manual_review,M0,False,False,False,resolved_no_supported_candidate_specific_analyte,CDC NHANES catalog domains checked: Metals - Urine; CDC NHANES Metals - Urine and blood metal panels searched; local XPT registry variables checked for candidate aliases.,CTD identifiers/name; CDC NHANES laboratory catalog; 119 relevant laboratory domains; downloaded XPT value/LOD/weight columns.,CTD Phase 1 export; CDC NHANES continuous laboratory catalog; CDC NHANES environmental XPT files,metal family searched; no mapped elemental analyte,CDC NHANES Metals - Urine and blood metal panels searched,False,,not_human_testable,retain_with_resolved_audit_no_primary_screen,True
267-chemical actionability matrix,,,,D017438,Bisphenol A-Glycidyl Methacrylate,GeneCards_Disorders,1000.0,267.0,1.0,1.0,12.0,0.0,M0,False,1.0,"specific_entity_identifier:CasRN,DTXSID,InChIKey",False,bisphenol a glycidyl methacrylate,Bisphenol A-Glycidyl Methacrylate;1565-94-2;BPA,bisphenol or bisphenol-related compound,,,bisphenols,bisphenol exposure axis,direct urinary analyte,URXBPH,high,CDC NHANES environmental phenols panel and codebook,33.0,Environmental Phenols;Environmental Phenols & Parabens,mapped,"validated/specificity mapping first; detectability, cycle coverage, and measured N used as non-CRC tie-breakers","[{""variable"": ""URXBPH"", ""n_cycles_available"": 5, ""total_measured"": 12907, ""total_above_lod"": 11918, ""pooled_above_lod_pct"": 92.3374912837995, ""min_cycle_above_lod_pct"": 89.71474487746083, ""median_cycle_above_lod_pct"": 92.85714285714286, ""max_cycle_above_lod_pct"": 93.62519201228879}]",92.3374912837995,89.71474487746083,92.85714285714286,93.6251920122888,12907.0,11918.0,2.0,5.0,2003-2004;2005-2006;2007-2008;2009-2010;2011-2012,2003-2004,2011-2012,urine,Environmental Phenols;Environmental Phenols & Parabens,12907.0,17382.0,6912.0,6261.0,45.0,5706.0,True,True,True,True,1.0,survey model feasible but event/sample margin is limited,URXBPH,bisphenols,1565-94-2,,DTXSID7044841,1.0,1.0,URXBPH,URXBPH,urinary biomarker,2003-2004;2005-2006;2007-2008;2009-2010;2011-2012,5.0,2.0,1.0,pending_manual_review,M0,True,True,False,resolved_mapped,CDC NHANES catalog domains checked: Environmental Phenols;Environmental Phenols & Parabens; CDC NHANES environmental phenols panel and codebook; local XPT registry variables checked for candidate aliases.,CTD identifiers/name; CDC NHANES laboratory catalog; 33 relevant laboratory domains; downloaded XPT value/LOD/weight columns.,CTD Phase 1 export; CDC NHANES continuous laboratory catalog; CDC NHANES environmental XPT files,direct urinary analyte,,False,,Tier_A_moderate,enter_systematic_human_screen,True
267-chemical actionability matrix,,,,D012834,Silver,GeneCards_Disorders,1000.0,6.0,2.9990776516488967e-05,0.0516257935612774,873.0,48.0,M1,False,1.0,"specific_entity_identifier:CasRN,DTXSID,InChIKey",False,silver,Silver;7440-22-4,elemental species or metal compound,,,heavy_metals,metal exposure axis,elemental urinary biomarker for parent metal/species,URXUSR,moderate,CDC NHANES metals blood/urine panels and codebooks,119.0,Metals - Urine,mapped,"validated/specificity mapping first; detectability, cycle coverage, and measured N used as non-CRC tie-breakers","[{""variable"": ""URXUSR"", ""n_cycles_available"": 3, ""total_measured"": 8228, ""total_above_lod"": 8219, ""pooled_above_lod_pct"": 99.89061740398638, ""min_cycle_above_lod_pct"": 99.83665468801046, ""median_cycle_above_lod_pct"": 99.88014382740711, ""max_cycle_above_lod_pct"": 99.96246246246247}]",99.89061740398638,99.83665468801046,99.88014382740712,99.96246246246248,8228.0,8219.0,2.0,3.0,2011-2012;2013-2014;2015-2016,2011-2012,2015-2016,urine,Metals - Urine,8228.0,17382.0,1714.0,1530.0,10.0,1408.0,True,True,True,True,0.0,insufficient complete-case events/sample or survey infrastructure,URXUSR,heavy_metals,7440-22-4,,DTXSID4024305,1.0,1.0,URXUSR,URXUSR,urinary biomarker,2011-2012;2013-2014;2015-2016,3.0,1.0,1.0,pending_manual_review,M1,False,False,False,resolved_mapped,CDC NHANES catalog domains checked: Metals - Urine; CDC NHANES metals blood/urine panels and codebooks; local XPT registry variables checked for candidate aliases.,CTD identifiers/name; CDC NHANES laboratory catalog; 119 relevant laboratory domains; downloaded XPT value/LOD/weight columns.,CTD Phase 1 export; CDC NHANES continuous laboratory catalog; CDC NHANES environmental XPT files,elemental urinary biomarker for parent metal/species,,False,,not_human_testable,retain_with_resolved_audit_no_primary_screen,True
267-chemical actionability matrix,,,,C074702,chromium hexavalent ion,GeneCards_Disorders,1000.0,9.0,0.0001390450775217,0.0727454363818,1632.0,72.0,M1,False,1.0,"specific_entity_identifier:CasRN,PubChemCID,DTXSID,InChIKey",False,chromium hexavalent ion,chromium hexavalent ion;18540-29-9,elemental species or metal compound,,,heavy_metals,metal exposure axis,metal family searched; no mapped elemental analyte,,unresolved,CDC NHANES Metals - Urine and blood metal panels searched,119.0,Metals - Urine,resolved_no_candidate_specific_analyte,no analyte rows,,,,,,,,,0.0,,,,,,0.0,0.0,0.0,0.0,0.0,0.0,False,False,False,False,0.0,no analyte mapping,,heavy_metals,18540-29-9,CID:29131,DTXSID7023982,0.0,0.0,,,,,0.0,0.0,1.0,pending_manual_review,M1,False,False,False,resolved_no_supported_candidate_specific_analyte,CDC NHANES catalog domains checked: Metals - Urine; CDC NHANES Metals - Urine and blood metal panels searched; local XPT registry variables checked for candidate aliases.,CTD identifiers/name; CDC NHANES laboratory catalog; 119 relevant laboratory domains; downloaded XPT value/LOD/weight columns.,CTD Phase 1 export; CDC NHANES continuous laboratory catalog; CDC NHANES environmental XPT files,metal family searched; no mapped elemental analyte,CDC NHANES Metals - Urine and blood metal panels searched,False,,not_human_testable,retain_with_resolved_audit_no_primary_screen,True
267-chemical actionability matrix,,,,D015032,Zinc,GeneCards_Disorders,1000.0,12.0,0.0003653683115145,0.3321584076301058,1755.0,74.0,M1,False,1.0,"specific_entity_identifier:CasRN,PubChemCID,DTXSID,InChIKey",False,zinc,Zinc;7440-66-6,elemental species or metal compound,,,heavy_metals,metal exposure axis,metal family searched; no mapped elemental analyte,,unresolved,CDC NHANES Metals - Urine and blood metal panels searched,119.0,Metals - Urine,resolved_no_candidate_specific_analyte,no analyte rows,,,,,,,,,0.0,,,,,,0.0,0.0,0.0,0.0,0.0,0.0,False,False,False,False,0.0,no analyte mapping,,heavy_metals,7440-66-6,CID:23994,DTXSID7035012,0.0,0.0,,,,,0.0,0.0,1.0,pending_manual_review,M1,False,False,False,resolved_no_supported_candidate_specific_analyte,CDC NHANES catalog domains checked: Metals - Urine; CDC NHANES Metals - Urine and blood metal panels searched; local XPT registry variables checked for candidate aliases.,CTD identifiers/name; CDC NHANES laboratory catalog; 119 relevant laboratory domains; downloaded XPT value/LOD/weight columns.,CTD Phase 1 export; CDC NHANES continuous laboratory catalog; CDC NHANES environmental XPT files,metal family searched; no mapped elemental analyte,CDC NHANES Metals - Urine and blood metal panels searched,False,,not_human_testable,retain_with_resolved_audit_no_primary_screen,True
267-chemical actionability matrix,,,,C569492,cobalt ferrite,GeneCards_Disorders,1000.0,15.0,0.0013323351592983,0.0213386613386613,10.0,4.0,M1,False,1.0,specific_ctd_entity_id:C569492,False,cobalt ferrite,cobalt ferrite,elemental species or metal compound,,,heavy_metals,metal exposure axis,elemental urinary biomarker for parent metal/species,URXUCO,moderate,CDC NHANES metals blood/urine panels and codebooks,119.0,Metals - Urine,mapped,"validated/specificity mapping first; detectability, cycle coverage, and measured N used as non-CRC tie-breakers","[{""variable"": ""URXUCO"", ""n_cycles_available"": 10, ""total_measured"": 26801, ""total_above_lod"": 26648, ""pooled_above_lod_pct"": 99.42912577888885, ""min_cycle_above_lod_pct"": 96.28616106333072, ""median_cycle_above_lod_pct"": 99.8323824908332, ""max_cycle_above_lod_pct"": 100.0}]",99.42912577888885,96.28616106333072,99.8323824908332,100.0,26801.0,26648.0,2.0,10.0,1999-2000;2001-2002;2003-2004;2005-2006;2007-2008;2009-2010;2011-2012;2013-2014;2015-2016;2017-2018,1999-2000,2017-2018,urine,Metals - Urine,26801.0,17382.0,1715.0,1531.0,10.0,1409.0,True,True,True,True,0.0,insufficient complete-case events/sample or survey infrastructure,URXUCO,heavy_metals,,,,1.0,1.0,URXUCO,URXUCO,urinary biomarker,1999-2000;2001-2002;2003-2004;2005-2006;2007-2008;2009-2010;2011-2012;2013-2014;2015-2016;2017-2018,10.0,2.0,1.0,pending_manual_review,M1,False,False,False,resolved_mapped,CDC NHANES catalog domains checked: Metals - Urine; CDC NHANES metals blood/urine panels and codebooks; local XPT registry variables checked for candidate aliases.,CTD identifiers/name; CDC NHANES laboratory catalog; 119 relevant laboratory domains; downloaded XPT value/LOD/weight columns.,CTD Phase 1 export; CDC NHANES continuous laboratory catalog; CDC NHANES environmental XPT files,elemental urinary biomarker for parent metal/species,,False,,not_human_testable,retain_with_resolved_audit_no_primary_screen,True
267-chemical actionability matrix,,,,C517284,monomethyl phthalate,GeneCards_Disorders,1000.0,16.0,0.0013323351592983,0.0121242393969666,10.0,4.0,M1,False,1.0,specific_entity_identifier:PubChemCID,False,monomethyl phthalate,monomethyl phthalate;phthalate;plasticizer,phthalate parent or monoester metabolite,,,phthalates,,none,,unresolved,,161.0,"Phthalates & Plasticizers Metabolites - Urine;Phthalates - Urine;Phthalates and Plasticizers Metabolites - Urine;Phthalates, Phytoestrogens & PAHs - Urine;Phthalates, Phytoestrogens & PAHs - Urine PHPYPA Urinary Phthalates",resolved_no_candidate_specific_analyte,no analyte rows,,,,,,,,,0.0,,,,,,0.0,0.0,0.0,0.0,0.0,0.0,False,False,False,False,0.0,no analyte mapping,,phthalates,,CID:20392,,0.0,0.0,,,,,0.0,0.0,1.0,pending_manual_review,M1,False,False,False,resolved_no_supported_candidate_specific_analyte,"CDC NHANES catalog domains checked: Phthalates & Plasticizers Metabolites - Urine;Phthalates - Urine;Phthalates and Plasticizers Metabolites - Urine;Phthalates, Phytoestrogens & PAHs - Urine;Phthalates, Phytoestrogens & PAHs - Urine PHPYPA Urinary Phthalates; ; local XPT registry variables checked for candidate aliases.",CTD identifiers/name; CDC NHANES laboratory catalog; 161 relevant laboratory domains; downloaded XPT value/LOD/weight columns.,CTD Phase 1 export; CDC NHANES continuous laboratory catalog; CDC NHANES environmental XPT files,,,False,,not_human_testable,retain_with_resolved_audit_no_primary_screen,True
267-chemical actionability matrix,,,,C494622,CPS 49,GeneCards_Disorders,1000.0,19.0,0.0017273010490496,0.0121242393969666,11.0,4.0,M1,False,1.0,specific_entity_identifier:PubChemCID,False,cps 49,CPS 49,CTD entity,,,phthalates,flame-retardant exposure axis,family-level flame-retardant metabolite proxy,LBXBB1,low,CDC NHANES flame-retardant metabolite panels searched; candidate-specific identity not verified,0.0,,mapped,"validated/specificity mapping first; detectability, cycle coverage, and measured N used as non-CRC tie-breakers","[{""variable"": ""LBXBB1"", ""n_cycles_available"": 1, ""total_measured"": 2032, ""total_above_lod"": 1485, ""pooled_above_lod_pct"": 73.08070866141732, ""min_cycle_above_lod_pct"": 73.08070866141732, ""median_cycle_above_lod_pct"": 73.08070866141732, ""max_cycle_above_lod_pct"": 73.08070866141732}]",73.08070866141732,73.08070866141732,73.08070866141732,73.08070866141732,2032.0,1485.0,1.0,1.0,2003-2004,2003-2004,2003-2004,serum_or_blood,Brominated Flame Retardants (BFRs),2032.0,17382.0,1410.0,1303.0,13.0,1184.0,True,True,True,True,0.0,insufficient complete-case events/sample or survey infrastructure,LBXBB1,phthalates,,CID:9905583,,1.0,1.0,LBXBB1,LBXBB1,serum/blood biomarker,2003-2004,1.0,0.0,1.0,pending_manual_review,M1,False,False,False,resolved_mapped,CDC NHANES catalog domains checked: none matched; CDC NHANES flame-retardant metabolite panels searched; candidate-specific identity not verified; local XPT registry variables checked for candidate aliases.,CTD identifiers/name; CDC NHANES laboratory catalog; 0 relevant laboratory domains; downloaded XPT value/LOD/weight columns.,CTD Phase 1 export; CDC NHANES continuous laboratory catalog; CDC NHANES environmental XPT files,family-level flame-retardant metabolite proxy,,False,,not_human_testable,retain_with_resolved_audit_no_primary_screen,True
267-chemical actionability matrix,,,,C020809,tetrathiomolybdate,GeneCards_Disorders,1000.0,20.0,0.0019589893324046,0.1905237619523334,112.0,11.0,M1,False,1.0,"specific_entity_identifier:CasRN,DTXSID,InChIKey",False,tetrathiomolybdate,tetrathiomolybdate;16330-92-0,elemental species or metal compound,,,heavy_metals,metal exposure axis,metal family searched; no mapped elemental analyte,,unresolved,CDC NHANES Metals - Urine and blood metal panels searched,119.0,Metals - Urine,resolved_no_candidate_specific_analyte,no analyte rows,,,,,,,,,0.0,,,,,,0.0,0.0,0.0,0.0,0.0,0.0,False,False,False,False,0.0,no analyte mapping,,heavy_metals,16330-92-0,,DTXSID801318953,0.0,0.0,,,,,0.0,0.0,1.0,pending_manual_review,M1,False,False,False,resolved_no_supported_candidate_specific_analyte,CDC NHANES catalog domains checked: Metals - Urine; CDC NHANES Metals - Urine and blood metal panels searched; local XPT registry variables checked for candidate aliases.,CTD identifiers/name; CDC NHANES laboratory catalog; 119 relevant laboratory domains; downloaded XPT value/LOD/weight columns.,CTD Phase 1 export; CDC NHANES continuous laboratory catalog; CDC NHANES environmental XPT files,metal family searched; no mapped elemental analyte,CDC NHANES Metals - Urine and blood metal panels searched,False,,not_human_testable,retain_with_resolved_audit_no_primary_screen,True
267-chemical actionability matrix,,,,C028031,cadmium acetate,GeneCards_Disorders,1000.0,21.0,0.0024118911712362,0.1231076615692,79.0,9.0,M1,False,1.0,"specific_entity_identifier:CasRN,DTXSID,InChIKey",False,cadmium acetate,cadmium acetate;543-90-8,elemental species or metal compound,,,heavy_metals,metal exposure axis,elemental urinary biomarker for parent metal/species,URXUCD,moderate,CDC NHANES metals blood/urine panels and codebooks,119.0,Metals - Urine,mapped,"validated/specificity mapping first; detectability, cycle coverage, and measured N used as non-CRC tie-breakers","[{""variable"": ""URXUCD"", ""n_cycles_available"": 8, ""total_measured"": 21631, ""total_above_lod"": 18152, ""pooled_above_lod_pct"": 83.91660117424067, ""min_cycle_above_lod_pct"": 74.55080039202875, ""median_cycle_above_lod_pct"": 85.5976060329993, ""max_cycle_above_lod_pct"": 91.11285882815572}]",83.91660117424067,74.55080039202875,85.5976060329993,91.11285882815572,21631.0,18152.0,1.0,8.0,2003-2004;2005-2006;2007-2008;2009-2010;2011-2012;2013-2014;2015-2016;2017-2018,2003-2004,2017-2018,urine,Metals - Urine,21631.0,17382.0,1715.0,1531.0,10.0,1409.0,True,True,True,True,0.0,insufficient complete-case events/sample or survey infrastructure,URXUCD,heavy_metals,543-90-8,,DTXSID1020225,1.0,1.0,URXUCD,URXUCD,urinary biomarker,2003-2004;2005-2006;2007-2008;2009-2010;2011-2012;2013-2014;2015-2016;2017-2018,8.0,2.0,1.0,pending_manual_review,M1,False,False,False,resolved_mapped,CDC NHANES catalog domains checked: Metals - Urine; CDC NHANES metals blood/urine panels and codebooks; local XPT registry variables checked for candidate aliases.,CTD identifiers/name; CDC NHANES laboratory catalog; 119 relevant laboratory domains; downloaded XPT value/LOD/weight columns.,CTD Phase 1 export; CDC NHANES continuous laboratory catalog; CDC NHANES environmental XPT files,elemental urinary biomarker for parent metal/species,,False,,not_human_testable,retain_with_resolved_audit_no_primary_screen,True
267-chemical actionability matrix,,,,C576262,"bis(2-ethylhexyl) 2,3,4,5-tetrabromophthalate",GeneCards_Disorders,1000.0,23.0,0.0029185106492503,0.0666833166833166,23.0,5.0,M1,False,1.0,specific_entity_identifier:PubChemCID,False,bis 2 ethylhexyl 2 3 4 5 tetrabromophthalate,"bis(2-ethylhexyl) 2,3,4,5-tetrabromophthalate;phthalate;plasticizer",phthalate parent or monoester metabolite,DEHP,DEHP,phthalates,,none,,unresolved,,161.0,"Phthalates & Plasticizers Metabolites - Urine;Phthalates - Urine;Phthalates and Plasticizers Metabolites - Urine;Phthalates, Phytoestrogens & PAHs - Urine;Phthalates, Phytoestrogens & PAHs - Urine PHPYPA Urinary Phthalates",resolved_no_candidate_specific_analyte,no analyte rows,,,,,,,,,0.0,,,,,,0.0,0.0,0.0,0.0,0.0,0.0,False,False,False,False,0.0,no analyte mapping,,phthalates,,CID:117291,,0.0,0.0,,,,,0.0,0.0,1.0,pending_manual_review,M1,False,False,False,resolved_no_supported_candidate_specific_analyte,"CDC NHANES catalog domains checked: Phthalates & Plasticizers Metabolites - Urine;Phthalates - Urine;Phthalates and Plasticizers Metabolites - Urine;Phthalates, Phytoestrogens & PAHs - Urine;Phthalates, Phytoestrogens & PAHs - Urine PHPYPA Urinary Phthalates; ; local XPT registry variables checked for candidate aliases.",CTD identifiers/name; CDC NHANES laboratory catalog; 161 relevant laboratory domains; downloaded XPT value/LOD/weight columns.,CTD Phase 1 export; CDC NHANES continuous laboratory catalog; CDC NHANES environmental XPT files,,,False,,not_human_testable,retain_with_resolved_audit_no_primary_screen,True
267-chemical actionability matrix,,,,C030935,benz(a)anthracene,GeneCards_Disorders,1000.0,25.0,0.0038333214414442,0.3282870975178668,124.0,11.0,M1,False,1.0,"specific_entity_identifier:CasRN,PubChemCID,DTXSID,InChIKey",False,benz a anthracene,benz(a)anthracene;56-55-3,CTD entity,,,pahs,PAH exposure axis,parent PAH to validated urinary OH-PAH proxy,URXP25,moderate,CDC NHANES urinary OH-PAH panel; parent-specificity is limited,68.0,Polyaromatic Hydrocarbons (PAHs) - Urine;Polyaromatic Hydrocarbons -Urine;Polycyclic Aromatic Hydrocarbons (PAH) - Urine,mapped,"validated/specificity mapping first; detectability, cycle coverage, and measured N used as non-CRC tie-breakers","[{""variable"": ""URXP25"", ""n_cycles_available"": 3, ""total_measured"": 8459, ""total_above_lod"": 8416, ""pooled_above_lod_pct"": 99.49166568152263, ""min_cycle_above_lod_pct"": 99.20692141312185, ""median_cycle_above_lod_pct"": 99.54716981132076, ""max_cycle_above_lod_pct"": 99.70345963756178}]",99.49166568152263,99.20692141312183,99.54716981132076,99.70345963756178,8459.0,8416.0,2.0,3.0,2013-2014;2015-2016;2017-2018,2013-2014,2017-2018,urine,Polycyclic Aromatic Hydrocarbons (PAH) - Urine,8459.0,17382.0,0.0,0.0,0.0,0.0,False,True,True,True,0.0,insufficient complete-case events/sample or survey infrastructure,URXP25,pahs,56-55-3,CID:5954,DTXSID5023902,1.0,1.0,URXP25,URXP25,urinary biomarker,2013-2014;2015-2016;2017-2018,3.0,1.0,1.0,pending_manual_review,M1,False,False,False,resolved_mapped,CDC NHANES catalog domains checked: Polyaromatic Hydrocarbons (PAHs) - Urine;Polyaromatic Hydrocarbons -Urine;Polycyclic Aromatic Hydrocarbons (PAH) - Urine; CDC NHANES urinary OH-PAH panel; parent-specificity is limited; local XPT registry variables checked for candidate aliases.,CTD identifiers/name; CDC NHANES laboratory catalog; 68 relevant laboratory domains; downloaded XPT value/LOD/weight columns.,CTD Phase 1 export; CDC NHANES continuous laboratory catalog; CDC NHANES environmental XPT files,parent PAH to validated urinary OH-PAH proxy,,False,,not_human_testable,retain_with_resolved_audit_no_primary_screen,True
267-chemical actionability matrix,,,,D000395,"Air Pollutants, Occupational",GeneCards_Disorders,1000.0,26.0,0.003908549913217,0.0862960568842921,940.0,42.0,M1,False,0.0,broad_or_umbrella_name:\bair pollutants?\b,True,air pollutants occupational,"Air Pollutants, Occupational",umbrella exposure class,,,environmental_pollutants,,none,,unresolved,,0.0,,resolved_no_candidate_specific_analyte,no analyte rows,,,,,,,,,0.0,,,,,,0.0,0.0,0.0,0.0,0.0,0.0,False,False,False,False,0.0,no analyte mapping,,environmental_pollutants,,,,0.0,0.0,,,,,0.0,0.0,0.0,pending_manual_review,M1,False,False,False,resolved_no_supported_candidate_specific_analyte,CDC NHANES catalog domains checked: none matched; ; local XPT registry variables checked for candidate aliases.,CTD identifiers/name; CDC NHANES laboratory catalog; 0 relevant laboratory domains; downloaded XPT value/LOD/weight columns.,CTD Phase 1 export; CDC NHANES continuous laboratory catalog; CDC NHANES environmental XPT files,,,True,broad_or_umbrella_name:\bair pollutants?\b,not_human_testable,retain_with_resolved_audit_no_primary_screen,True
267-chemical actionability matrix,,,,C022838,nickel chloride,GeneCards_Disorders,1000.0,28.0,0.0064361288972716,1.0,505.0,26.0,M1,False,1.0,"specific_entity_identifier:CasRN,DTXSID,InChIKey",False,nickel chloride,nickel chloride;7718-54-9,elemental species or metal compound,,,heavy_metals,metal exposure axis,metal family searched; no mapped elemental analyte,,unresolved,CDC NHANES Metals - Urine and blood metal panels searched,119.0,Metals - Urine,resolved_no_candidate_specific_analyte,no analyte rows,,,,,,,,,0.0,,,,,,0.0,0.0,0.0,0.0,0.0,0.0,False,False,False,False,0.0,no analyte mapping,,heavy_metals,7718-54-9,,DTXSID7040316,0.0,0.0,,,,,0.0,0.0,1.0,pending_manual_review,M1,False,False,False,resolved_no_supported_candidate_specific_analyte,CDC NHANES catalog domains checked: Metals - Urine; CDC NHANES Metals - Urine and blood metal panels searched; local XPT registry variables checked for candidate aliases.,CTD identifiers/name; CDC NHANES laboratory catalog; 119 relevant laboratory domains; downloaded XPT value/LOD/weight columns.,CTD Phase 1 export; CDC NHANES continuous laboratory catalog; CDC NHANES environmental XPT files,metal family searched; no mapped elemental analyte,CDC NHANES Metals - Urine and blood metal panels searched,False,,not_human_testable,retain_with_resolved_audit_no_primary_screen,True
267-chemical actionability matrix,,,,C006718,"1,12-benzoperylene",GeneCards_Disorders,1000.0,29.0,0.0070098815354021,0.1756536146780049,59.0,7.0,M1,False,1.0,"specific_entity_identifier:CasRN,PubChemCID,DTXSID,InChIKey",False,1 12 benzoperylene,"1,12-benzoperylene;191-24-2",CTD entity,,,pahs,PAH exposure axis,parent PAH to validated urinary OH-PAH proxy,URXP10,moderate,CDC NHANES urinary OH-PAH panel; parent-specificity is limited,68.0,Polyaromatic Hydrocarbons (PAHs) - Urine;Polyaromatic Hydrocarbons -Urine;Polycyclic Aromatic Hydrocarbons (PAH) - Urine,mapped,"validated/specificity mapping first; detectability, cycle coverage, and measured N used as non-CRC tie-breakers","[{""variable"": ""URXP10"", ""n_cycles_available"": 9, ""total_measured"": 23952, ""total_above_lod"": 21231, ""pooled_above_lod_pct"": 88.63977955911824, ""min_cycle_above_lod_pct"": 60.21621621621622, ""median_cycle_above_lod_pct"": 99.3638170974155, ""max_cycle_above_lod_pct"": 100.0}]",88.63977955911824,60.21621621621622,99.3638170974155,100.0,23952.0,21231.0,1.0,9.0,2001-2002;2003-2004;2005-2006;2007-2008;2009-2010;2011-2012;2013-2014;2015-2016;2017-2018,2001-2002,2017-2018,urine,"Phthalates, Phytoestrogens & PAHs - Urine;Polyaromatic Hydrocarbons (PAHs) - Urine;Polyaromatic Hydrocarbons -Urine;Polycyclic Aromatic Hydrocarbons (PAH) - Urine",23952.0,17382.0,9896.0,8980.0,70.0,8195.0,True,True,True,True,2.0,predefined primary survey model feasible,URXP10,pahs,191-24-2,CID:9117,DTXSID5023908,1.0,1.0,URXP10,URXP10,urinary biomarker,2001-2002;2003-2004;2005-2006;2007-2008;2009-2010;2011-2012;2013-2014;2015-2016;2017-2018,9.0,2.0,1.0,pending_manual_review,M1,True,True,False,resolved_mapped,CDC NHANES catalog domains checked: Polyaromatic Hydrocarbons (PAHs) - Urine;Polyaromatic Hydrocarbons -Urine;Polycyclic Aromatic Hydrocarbons (PAH) - Urine; CDC NHANES urinary OH-PAH panel; parent-specificity is limited; local XPT registry variables checked for candidate aliases.,CTD identifiers/name; CDC NHANES laboratory catalog; 68 relevant laboratory domains; downloaded XPT value/LOD/weight columns.,CTD Phase 1 export; CDC NHANES continuous laboratory catalog; CDC NHANES environmental XPT files,parent PAH to validated urinary OH-PAH proxy,,False,,Tier_A_moderate,enter_systematic_human_screen,True
267-chemical actionability matrix,,,,C494620,CPS 11,GeneCards_Disorders,1000.0,30.0,0.007374435343881,0.0355644355644355,8.0,3.0,M1,False,1.0,specific_entity_identifier:PubChemCID,False,cps 11,CPS 11,CTD entity,,,phthalates,flame-retardant exposure axis,family-level flame-retardant metabolite proxy,LBXBB1,low,CDC NHANES flame-retardant metabolite panels searched; candidate-specific identity not verified,0.0,,mapped,"validated/specificity mapping first; detectability, cycle coverage, and measured N used as non-CRC tie-breakers","[{""variable"": ""LBXBB1"", ""n_cycles_available"": 1, ""total_measured"": 2032, ""total_above_lod"": 1485, ""pooled_above_lod_pct"": 73.08070866141732, ""min_cycle_above_lod_pct"": 73.08070866141732, ""median_cycle_above_lod_pct"": 73.08070866141732, ""max_cycle_above_lod_pct"": 73.08070866141732}]",73.08070866141732,73.08070866141732,73.08070866141732,73.08070866141732,2032.0,1485.0,1.0,1.0,2003-2004,2003-2004,2003-2004,serum_or_blood,Brominated Flame Retardants (BFRs),2032.0,17382.0,1410.0,1303.0,13.0,1184.0,True,True,True,True,0.0,insufficient complete-case events/sample or survey infrastructure,LBXBB1,phthalates,,CID:9900574,,1.0,1.0,LBXBB1,LBXBB1,serum/blood biomarker,2003-2004,1.0,0.0,1.0,pending_manual_review,M1,False,False,False,resolved_mapped,CDC NHANES catalog domains checked: none matched; CDC NHANES flame-retardant metabolite panels searched; candidate-specific identity not verified; local XPT registry variables checked for candidate aliases.,CTD identifiers/name; CDC NHANES laboratory catalog; 0 relevant laboratory domains; downloaded XPT value/LOD/weight columns.,CTD Phase 1 export; CDC NHANES continuous laboratory catalog; CDC NHANES environmental XPT files,family-level flame-retardant metabolite proxy,,False,,not_human_testable,retain_with_resolved_audit_no_primary_screen,True
267-chemical actionability matrix,,,,C026105,butylidenephthalide,GeneCards_Disorders,1000.0,31.0,0.007374435343881,0.1984991752433613,60.0,7.0,M1,False,1.0,"specific_entity_identifier:CasRN,DTXSID,InChIKey",False,butylidenephthalide,butylidenephthalide;551-08-6,CTD entity,,,phthalates,,none,,unresolved,,0.0,,resolved_no_candidate_specific_analyte,no analyte rows,,,,,,,,,0.0,,,,,,0.0,0.0,0.0,0.0,0.0,0.0,False,False,False,False,0.0,no analyte mapping,,phthalates,551-08-6,,DTXSID9060281,0.0,0.0,,,,,0.0,0.0,1.0,pending_manual_review,M1,False,False,False,resolved_no_supported_candidate_specific_analyte,CDC NHANES catalog domains checked: none matched; ; local XPT registry variables checked for candidate aliases.,CTD identifiers/name; CDC NHANES laboratory catalog; 0 relevant laboratory domains; downloaded XPT value/LOD/weight columns.,CTD Phase 1 export; CDC NHANES continuous laboratory catalog; CDC NHANES environmental XPT files,,,False,,not_human_testable,retain_with_resolved_audit_no_primary_screen,True
267-chemical actionability matrix,,,,C019273,bisphenol A diglycidyl ether,GeneCards_Disorders,1000.0,32.0,0.0080993816005604,0.2015318015318015,45.0,6.0,M1,False,1.0,specific_entity_identifier:PubChemCID,False,bisphenol a diglycidyl ether,bisphenol A diglycidyl ether;BPA,bisphenol or bisphenol-related compound,,,bisphenols,bisphenol exposure axis,direct urinary analyte,URXBPH,high,CDC NHANES environmental phenols panel and codebook,33.0,Environmental Phenols;Environmental Phenols & Parabens,mapped,"validated/specificity mapping first; detectability, cycle coverage, and measured N used as non-CRC tie-breakers","[{""variable"": ""URXBPH"", ""n_cycles_available"": 5, ""total_measured"": 12907, ""total_above_lod"": 11918, ""pooled_above_lod_pct"": 92.3374912837995, ""min_cycle_above_lod_pct"": 89.71474487746083, ""median_cycle_above_lod_pct"": 92.85714285714286, ""max_cycle_above_lod_pct"": 93.62519201228879}]",92.3374912837995,89.71474487746083,92.85714285714286,93.6251920122888,12907.0,11918.0,2.0,5.0,2003-2004;2005-2006;2007-2008;2009-2010;2011-2012,2003-2004,2011-2012,urine,Environmental Phenols;Environmental Phenols & Parabens,12907.0,17382.0,6912.0,6261.0,45.0,5706.0,True,True,True,True,1.0,survey model feasible but event/sample margin is limited,URXBPH,bisphenols,,CID:2286,,1.0,1.0,URXBPH,URXBPH,urinary biomarker,2003-2004;2005-2006;2007-2008;2009-2010;2011-2012,5.0,2.0,1.0,pending_manual_review,M1,True,True,False,resolved_mapped,CDC NHANES catalog domains checked: Environmental Phenols;Environmental Phenols & Parabens; CDC NHANES environmental phenols panel and codebook; local XPT registry variables checked for candidate aliases.,CTD identifiers/name; CDC NHANES laboratory catalog; 33 relevant laboratory domains; downloaded XPT value/LOD/weight columns.,CTD Phase 1 export; CDC NHANES continuous laboratory catalog; CDC NHANES environmental XPT files,direct urinary analyte,,False,,Tier_A_moderate,enter_systematic_human_screen,True
267-chemical actionability matrix,,,,D010575,Pesticides,GeneCards_Disorders,1000.0,34.0,0.0122601751133211,0.3282870975178668,242.0,15.0,M1,False,0.0,broad_or_umbrella_name:\bpesticides?\b,True,pesticides,Pesticides,umbrella exposure class,,,pesticides,pesticide exposure axis,candidate-specific pesticide biomarker not established from NHANES domains,,unresolved,"CDC NHANES pesticide, organophosphate, carbamate, and organochlorine panels searched",168.0,"Pesticides - Carbamates & Organophosphorus Metabolites - Urine;Pesticides - Current Use - Urine (Formerly Priority Pesticides, Non-persistent Pesticide Metabolites);Pesticides - Environmental - Urine;Pesticides - Organochlorine Metabolites - Serum (Surplus)",resolved_no_candidate_specific_analyte,no analyte rows,,,,,,,,,0.0,,,,,,0.0,0.0,0.0,0.0,0.0,0.0,False,False,False,False,0.0,no analyte mapping,,pesticides,,,,0.0,0.0,,,,,0.0,0.0,0.0,pending_manual_review,M1,False,False,False,resolved_no_supported_candidate_specific_analyte,"CDC NHANES catalog domains checked: Pesticides - Carbamates & Organophosphorus Metabolites - Urine;Pesticides - Current Use - Urine (Formerly Priority Pesticides, Non-persistent Pesticide Metabolites);Pesticides - Environmental - Urine;Pesticides - Organochlorine Metabolites - Serum (Surplus); CDC NHANES pesticide, organophosphate, carbamate, and organochlorine panels searched; local XPT registry variables checked for candidate aliases.",CTD identifiers/name; CDC NHANES laboratory catalog; 168 relevant laboratory domains; downloaded XPT value/LOD/weight columns.,CTD Phase 1 export; CDC NHANES continuous laboratory catalog; CDC NHANES environmental XPT files,candidate-specific pesticide biomarker not established from NHANES domains,"CDC NHANES pesticide, organophosphate, carbamate, and organochlorine panels searched",True,broad_or_umbrella_name:\bpesticides?\b,not_human_testable,retain_with_resolved_audit_no_primary_screen,True
267-chemical actionability matrix,,,,C047971,"2,4'-bisphenol F",GeneCards_Disorders,1000.0,35.0,0.0148027913580327,0.0121242393969666,3.0,2.0,M1,False,1.0,specific_entity_identifier:PubChemCID,False,2 4 bisphenol f,"2,4'-bisphenol F",bisphenol or bisphenol-related compound,,,bisphenols,bisphenol exposure axis,direct urinary analyte,URXBPH,high,CDC NHANES environmental phenols panel and codebook,33.0,Environmental Phenols;Environmental Phenols & Parabens,mapped,"validated/specificity mapping first; detectability, cycle coverage, and measured N used as non-CRC tie-breakers","[{""variable"": ""URXBPH"", ""n_cycles_available"": 5, ""total_measured"": 12907, ""total_above_lod"": 11918, ""pooled_above_lod_pct"": 92.3374912837995, ""min_cycle_above_lod_pct"": 89.71474487746083, ""median_cycle_above_lod_pct"": 92.85714285714286, ""max_cycle_above_lod_pct"": 93.62519201228879}]",92.3374912837995,89.71474487746083,92.85714285714286,93.6251920122888,12907.0,11918.0,2.0,5.0,2003-2004;2005-2006;2007-2008;2009-2010;2011-2012,2003-2004,2011-2012,urine,Environmental Phenols;Environmental Phenols & Parabens,12907.0,17382.0,6912.0,6261.0,45.0,5706.0,True,True,True,True,1.0,survey model feasible but event/sample margin is limited,URXBPH,bisphenols,,CID:75576,,1.0,1.0,URXBPH,URXBPH,urinary biomarker,2003-2004;2005-2006;2007-2008;2009-2010;2011-2012,5.0,2.0,1.0,pending_manual_review,M1,True,True,False,resolved_mapped,CDC NHANES catalog domains checked: Environmental Phenols;Environmental Phenols & Parabens; CDC NHANES environmental phenols panel and codebook; local XPT registry variables checked for candidate aliases.,CTD identifiers/name; CDC NHANES laboratory catalog; 33 relevant laboratory domains; downloaded XPT value/LOD/weight columns.,CTD Phase 1 export; CDC NHANES continuous laboratory catalog; CDC NHANES environmental XPT files,direct urinary analyte,,False,,Tier_A_moderate,enter_systematic_human_screen,True
267-chemical actionability matrix,,,,C539348,perfluorobutanesulfonic acid,GeneCards_Disorders,1000.0,36.0,0.0182154111552326,0.4837366023806702,180.0,12.0,M1,False,1.0,specific_ctd_entity_id:C539348,False,perfluorobutanesulfonic acid,perfluorobutanesulfonic acid;PFAS;PFbutanesulfonic acid,PFAS or fluorinated compound,,,pfas_perfluoro,PFAS exposure axis,direct serum PFAS analyte,LBXPFBS,high,CDC NHANES PFAS serum panel and codebook,27.0,Perfluoroalkyl and Polyfluoroalkyl;Perfluoroalkyl and Polyfluoroalkyl Substances;Perfluoroalkyl and Polyfluoroalkyl Substances (formerly Polyfluoroalkyl Chemicals - PFC),mapped,"validated/specificity mapping first; detectability, cycle coverage, and measured N used as non-CRC tie-breakers","[{""variable"": ""LBXPFBS"", ""n_cycles_available"": 6, ""total_measured"": 12619, ""total_above_lod"": 249, ""pooled_above_lod_pct"": 1.9732149932641254, ""min_cycle_above_lod_pct"": 0.28653295128939826, ""median_cycle_above_lod_pct"": 0.8540080609046126, ""max_cycle_above_lod_pct"": 7.9245283018867925}]",1.9732149932641252,0.2865329512893982,0.8540080609046126,7.924528301886792,12619.0,249.0,0.0,6.0,2003-2004;2005-2006;2007-2008;2009-2010;2011-2012;2013-2014,2003-2004,2013-2014,serum_or_blood,Perfluoroalkyl and Polyfluoroalkyl Substances (formerly Polyfluoroalkyl Chemicals - PFC);Polyfluoroalkyl Chemicals,12619.0,17382.0,3326.0,2980.0,15.0,2715.0,True,True,True,True,0.0,insufficient complete-case events/sample or survey infrastructure,LBXPFBS,pfas_perfluoro,,,,1.0,1.0,LBXPFBS,LBXPFBS,serum/blood biomarker,2003-2004;2005-2006;2007-2008;2009-2010;2011-2012;2013-2014,6.0,2.0,1.0,pending_manual_review,M1,False,False,False,resolved_mapped,CDC NHANES catalog domains checked: Perfluoroalkyl and Polyfluoroalkyl;Perfluoroalkyl and Polyfluoroalkyl Substances;Perfluoroalkyl and Polyfluoroalkyl Substances (formerly Polyfluoroalkyl Chemicals - PFC); CDC NHANES PFAS serum panel and codebook; local XPT registry variables checked for candidate aliases.,CTD identifiers/name; CDC NHANES laboratory catalog; 27 relevant laboratory domains; downloaded XPT value/LOD/weight columns.,CTD Phase 1 export; CDC NHANES continuous laboratory catalog; CDC NHANES environmental XPT files,direct serum PFAS analyte,,False,,not_human_testable,retain_with_resolved_audit_no_primary_screen,True
267-chemical actionability matrix,,,,C027387,di-n-hexyl phthalate,GeneCards_Disorders,1000.0,37.0,0.0186350651620082,0.1231076615692,23.0,4.0,M1,False,1.0,"specific_entity_identifier:CasRN,DTXSID,InChIKey",False,di n hexyl phthalate,di-n-hexyl phthalate;84-75-3;phthalate;plasticizer,phthalate parent or monoester metabolite,,,phthalates,,none,,unresolved,,161.0,"Phthalates & Plasticizers Metabolites - Urine;Phthalates - Urine;Phthalates and Plasticizers Metabolites - Urine;Phthalates, Phytoestrogens & PAHs - Urine;Phthalates, Phytoestrogens & PAHs - Urine PHPYPA Urinary Phthalates",resolved_no_candidate_specific_analyte,no analyte rows,,,,,,,,,0.0,,,,,,0.0,0.0,0.0,0.0,0.0,0.0,False,False,False,False,0.0,no analyte mapping,,phthalates,84-75-3,,DTXSID6025068,0.0,0.0,,,,,0.0,0.0,1.0,pending_manual_review,M1,False,False,False,resolved_no_supported_candidate_specific_analyte,"CDC NHANES catalog domains checked: Phthalates & Plasticizers Metabolites - Urine;Phthalates - Urine;Phthalates and Plasticizers Metabolites - Urine;Phthalates, Phytoestrogens & PAHs - Urine;Phthalates, Phytoestrogens & PAHs - Urine PHPYPA Urinary Phthalates; ; local XPT registry variables checked for candidate aliases.",CTD identifiers/name; CDC NHANES laboratory catalog; 161 relevant laboratory domains; downloaded XPT value/LOD/weight columns.,CTD Phase 1 export; CDC NHANES continuous laboratory catalog; CDC NHANES environmental XPT files,,,False,,not_human_testable,retain_with_resolved_audit_no_primary_screen,True
267-chemical actionability matrix,,,,D014873,Water Pollutants,GeneCards_Disorders,1000.0,38.0,0.0207942226866864,0.1467032967032967,12.0,3.0,M1,False,1.0,specific_ctd_entity_id:D014873,False,water pollutants,Water Pollutants,umbrella exposure class,,,environmental_pollutants,,none,,unresolved,,0.0,,resolved_no_candidate_specific_analyte,no analyte rows,,,,,,,,,0.0,,,,,,0.0,0.0,0.0,0.0,0.0,0.0,False,False,False,False,0.0,no analyte mapping,,environmental_pollutants,,,,0.0,0.0,,,,,0.0,0.0,1.0,pending_manual_review,M1,False,False,False,resolved_no_supported_candidate_specific_analyte,CDC NHANES catalog domains checked: none matched; ; local XPT registry variables checked for candidate aliases.,CTD identifiers/name; CDC NHANES laboratory catalog; 0 relevant laboratory domains; downloaded XPT value/LOD/weight columns.,CTD Phase 1 export; CDC NHANES continuous laboratory catalog; CDC NHANES environmental XPT files,,,False,,not_human_testable,retain_with_resolved_audit_no_primary_screen,True
267-chemical actionability matrix,,,,D014874,"Water Pollutants, Chemical",GeneCards_Disorders,1000.0,39.0,0.0207942226866864,0.3040759240759241,24.0,4.0,M1,False,1.0,specific_ctd_entity_id:D014874,False,water pollutants chemical,"Water Pollutants, Chemical",umbrella exposure class,,,environmental_pollutants,,none,,unresolved,,0.0,,resolved_no_candidate_specific_analyte,no analyte rows,,,,,,,,,0.0,,,,,,0.0,0.0,0.0,0.0,0.0,0.0,False,False,False,False,0.0,no analyte mapping,,environmental_pollutants,,,,0.0,0.0,,,,,0.0,0.0,1.0,pending_manual_review,M1,False,False,False,resolved_no_supported_candidate_specific_analyte,CDC NHANES catalog domains checked: none matched; ; local XPT registry variables checked for candidate aliases.,CTD identifiers/name; CDC NHANES laboratory catalog; 0 relevant laboratory domains; downloaded XPT value/LOD/weight columns.,CTD Phase 1 export; CDC NHANES continuous laboratory catalog; CDC NHANES environmental XPT files,,,False,,not_human_testable,retain_with_resolved_audit_no_primary_screen,True
267-chemical actionability matrix,,,,C080276,mono(2-ethyl-5-oxohexyl)phthalate,GeneCards_Disorders,1000.0,40.0,0.0207942226866864,0.1111388611388611,56.0,6.0,M1,False,1.0,"specific_entity_identifier:CasRN,PubChemCID,DTXSID,InChIKey",False,mono 2 ethyl 5 oxohexyl phthalate,mono(2-ethyl-5-oxohexyl)phthalate;40321-98-0;phthalate;plasticizer,phthalate parent or monoester metabolite,,,phthalates,phthalate exposure axis,direct urinary metabolite,URXMOH,high,CDC NHANES phthalate/plasticizer metabolite panel and codebook,161.0,"Phthalates & Plasticizers Metabolites - Urine;Phthalates - Urine;Phthalates and Plasticizers Metabolites - Urine;Phthalates, Phytoestrogens & PAHs - Urine;Phthalates, Phytoestrogens & PAHs - Urine PHPYPA Urinary Phthalates",mapped,"validated/specificity mapping first; detectability, cycle coverage, and measured N used as non-CRC tie-breakers","[{""variable"": ""URXMOH"", ""n_cycles_available"": 9, ""total_measured"": 24199, ""total_above_lod"": 24038, ""pooled_above_lod_pct"": 99.33468325137402, ""min_cycle_above_lod_pct"": 98.31029185867895, ""median_cycle_above_lod_pct"": 99.46218487394958, ""max_cycle_above_lod_pct"": 100.0}]",99.33468325137402,98.31029185867897,99.46218487394958,100.0,24199.0,24038.0,2.0,9.0,2001-2002;2003-2004;2005-2006;2007-2008;2009-2010;2011-2012;2013-2014;2015-2016;2017-2018,2001-2002,2017-2018,urine,"Phthalates & Plasticizers Metabolites - Urine;Phthalates - Urine;Phthalates and Plasticizers Metabolites - Urine;Phthalates, Phytoestrogens & PAHs - Urine",24199.0,17382.0,15286.0,13749.0,97.0,12506.0,True,True,True,True,2.0,predefined primary survey model feasible,URXMOH,phthalates,40321-98-0,CID:119096,DTXSID00865994,1.0,1.0,URXMOH,URXMOH,urinary biomarker,2001-2002;2003-2004;2005-2006;2007-2008;2009-2010;2011-2012;2013-2014;2015-2016;2017-2018,9.0,2.0,1.0,pending_manual_review,M1,True,True,True,resolved_mapped,"CDC NHANES catalog domains checked: Phthalates & Plasticizers Metabolites - Urine;Phthalates - Urine;Phthalates and Plasticizers Metabolites - Urine;Phthalates, Phytoestrogens & PAHs - Urine;Phthalates, Phytoestrogens & PAHs - Urine PHPYPA Urinary Phthalates; CDC NHANES phthalate/plasticizer metabolite panel and codebook; local XPT registry variables checked for candidate aliases.",CTD identifiers/name; CDC NHANES laboratory catalog; 161 relevant laboratory domains; downloaded XPT value/LOD/weight columns.,CTD Phase 1 export; CDC NHANES continuous laboratory catalog; CDC NHANES environmental XPT files,direct urinary metabolite,,False,,Tier_A_strict,enter_systematic_human_screen,True
267-chemical actionability matrix,,,,D005411,Flame Retardants,GeneCards_Disorders,1000.0,41.0,0.0214165090219212,0.6409560588665065,211.0,13.0,M1,False,0.0,broad_or_umbrella_name:\bflame retardants?\b,True,flame retardants,Flame Retardants,CTD entity,,,flame_retardants,flame-retardant exposure axis,family-level flame-retardant metabolite proxy,LBXBB1,low,CDC NHANES flame-retardant metabolite panels searched; candidate-specific identity not verified,28.0,Brominated Flame Retardants (BFRs);Flame Retardants - Urine,mapped,"validated/specificity mapping first; detectability, cycle coverage, and measured N used as non-CRC tie-breakers","[{""variable"": ""LBXBB1"", ""n_cycles_available"": 1, ""total_measured"": 2032, ""total_above_lod"": 1485, ""pooled_above_lod_pct"": 73.08070866141732, ""min_cycle_above_lod_pct"": 73.08070866141732, ""median_cycle_above_lod_pct"": 73.08070866141732, ""max_cycle_above_lod_pct"": 73.08070866141732}]",73.08070866141732,73.08070866141732,73.08070866141732,73.08070866141732,2032.0,1485.0,1.0,1.0,2003-2004,2003-2004,2003-2004,serum_or_blood,Brominated Flame Retardants (BFRs),2032.0,17382.0,1410.0,1303.0,13.0,1184.0,True,True,True,True,0.0,insufficient complete-case events/sample or survey infrastructure,LBXBB1,flame_retardants,,CID:136917,,1.0,1.0,LBXBB1,LBXBB1,serum/blood biomarker,2003-2004,1.0,0.0,0.0,pending_manual_review,M1,False,False,False,resolved_mapped,CDC NHANES catalog domains checked: Brominated Flame Retardants (BFRs);Flame Retardants - Urine; CDC NHANES flame-retardant metabolite panels searched; candidate-specific identity not verified; local XPT registry variables checked for candidate aliases.,CTD identifiers/name; CDC NHANES laboratory catalog; 28 relevant laboratory domains; downloaded XPT value/LOD/weight columns.,CTD Phase 1 export; CDC NHANES continuous laboratory catalog; CDC NHANES environmental XPT files,family-level flame-retardant metabolite proxy,,True,broad_or_umbrella_name:\bflame retardants?\b,not_human_testable,retain_with_resolved_audit_no_primary_screen,True
267-chemical actionability matrix,,,,C000720115,perfluoroheptanesulfonic acid,GeneCards_Disorders,1000.0,42.0,0.0242513562157501,0.0213386613386613,4.0,2.0,M1,False,1.0,specific_ctd_entity_id:C000720115,False,perfluoroheptanesulfonic acid,perfluoroheptanesulfonic acid;PFAS;PFheptanesulfonic acid,PFAS or fluorinated compound,,,pfas_perfluoro,PFAS exposure axis,PFAS class searched; no candidate-specific NHANES variable,,unresolved,CDC NHANES PFAS panels searched; no specific analyte name match,27.0,Perfluoroalkyl and Polyfluoroalkyl;Perfluoroalkyl and Polyfluoroalkyl Substances;Perfluoroalkyl and Polyfluoroalkyl Substances (formerly Polyfluoroalkyl Chemicals - PFC),resolved_no_candidate_specific_analyte,no analyte rows,,,,,,,,,0.0,,,,,,0.0,0.0,0.0,0.0,0.0,0.0,False,False,False,False,0.0,no analyte mapping,,pfas_perfluoro,,,,0.0,0.0,,,,,0.0,0.0,1.0,pending_manual_review,M1,False,False,False,resolved_no_supported_candidate_specific_analyte,CDC NHANES catalog domains checked: Perfluoroalkyl and Polyfluoroalkyl;Perfluoroalkyl and Polyfluoroalkyl Substances;Perfluoroalkyl and Polyfluoroalkyl Substances (formerly Polyfluoroalkyl Chemicals - PFC); CDC NHANES PFAS panels searched; no specific analyte name match; local XPT registry variables checked for candidate aliases.,CTD identifiers/name; CDC NHANES laboratory catalog; 27 relevant laboratory domains; downloaded XPT value/LOD/weight columns.,CTD Phase 1 export; CDC NHANES continuous laboratory catalog; CDC NHANES environmental XPT files,PFAS class searched; no candidate-specific NHANES variable,CDC NHANES PFAS panels searched; no specific analyte name match,False,,not_human_testable,retain_with_resolved_audit_no_primary_screen,True
267-chemical actionability matrix,,,,D008628,Mercury,GeneCards_Disorders,1000.0,43.0,0.0287765072968602,0.6540445855514349,436.0,21.0,M1,False,1.0,"specific_entity_identifier:CasRN,PubChemCID,DTXSID,InChIKey",False,mercury,Mercury;7439-97-6,elemental species or metal compound,,,heavy_metals,metal exposure axis,elemental urinary biomarker for parent metal/species,URXUHG,unresolved,CDC NHANES metals blood/urine panels and codebooks; proposed variable code absent from downloaded CDC XPT registry,119.0,Metals - Urine,resolved_no_candidate_specific_analyte,no analyte rows,,,,,,,,,0.0,,,,,,0.0,0.0,0.0,0.0,0.0,0.0,False,False,False,False,0.0,no analyte mapping,,heavy_metals,7439-97-6,CID:23931,DTXSID1024172,0.0,0.0,,,,,0.0,0.0,1.0,pending_manual_review,M1,False,False,False,resolved_no_supported_candidate_specific_analyte,CDC NHANES catalog domains checked: Metals - Urine; CDC NHANES metals blood/urine panels and codebooks; proposed variable code absent from downloaded CDC XPT registry; local XPT registry variables checked for candidate aliases.,CTD identifiers/name; CDC NHANES laboratory catalog; 119 relevant laboratory domains; downloaded XPT value/LOD/weight columns.,CTD Phase 1 export; CDC NHANES continuous laboratory catalog; CDC NHANES environmental XPT files,elemental urinary biomarker for parent metal/species,CDC NHANES metals blood/urine panels and codebooks; proposed variable code absent from downloaded CDC XPT registry,False,,not_human_testable,retain_with_resolved_audit_no_primary_screen,True
267-chemical actionability matrix,,,,D052244,Endocrine Disruptors,GeneCards_Disorders,1000.0,44.0,0.0369201732868263,0.09145140573712,15.0,3.0,M1,False,1.0,specific_ctd_entity_id:D052244,False,endocrine disruptors,Endocrine Disruptors,umbrella exposure class,,,endocrine_disruptors,,none,,unresolved,,0.0,,resolved_no_candidate_specific_analyte,no analyte rows,,,,,,,,,0.0,,,,,,0.0,0.0,0.0,0.0,0.0,0.0,False,False,False,False,0.0,no analyte mapping,,endocrine_disruptors,,,,0.0,0.0,,,,,0.0,0.0,1.0,pending_manual_review,M1,False,False,False,resolved_no_supported_candidate_specific_analyte,CDC NHANES catalog domains checked: none matched; ; local XPT registry variables checked for candidate aliases.,CTD identifiers/name; CDC NHANES laboratory catalog; 0 relevant laboratory domains; downloaded XPT value/LOD/weight columns.,CTD Phase 1 export; CDC NHANES continuous laboratory catalog; CDC NHANES environmental XPT files,,,False,,not_human_testable,retain_with_resolved_audit_no_primary_screen,True
267-chemical actionability matrix,,,,C051450,2-ethyl-5-carboxypentyl phthalate,GeneCards_Disorders,1000.0,45.0,0.0374435847697152,0.1231076615692,46.0,5.0,M1,False,1.0,"specific_entity_identifier:CasRN,DTXSID,InChIKey",False,2 ethyl 5 carboxypentyl phthalate,2-ethyl-5-carboxypentyl phthalate;40809-41-4;phthalate;plasticizer,phthalate parent or monoester metabolite,,,phthalates,phthalate exposure axis,parent-to-validated-urinary-metabolite axis,URXECP,moderate,CDC NHANES phthalate/plasticizer metabolite panel and codebook,161.0,"Phthalates & Plasticizers Metabolites - Urine;Phthalates - Urine;Phthalates and Plasticizers Metabolites - Urine;Phthalates, Phytoestrogens & PAHs - Urine;Phthalates, Phytoestrogens & PAHs - Urine PHPYPA Urinary Phthalates",mapped,"validated/specificity mapping first; detectability, cycle coverage, and measured N used as non-CRC tie-breakers","[{""variable"": ""URXECP"", ""n_cycles_available"": 8, ""total_measured"": 21417, ""total_above_lod"": 21388, ""pooled_above_lod_pct"": 99.86459354718214, ""min_cycle_above_lod_pct"": 99.71876255524307, ""median_cycle_above_lod_pct"": 99.87108342203996, ""max_cycle_above_lod_pct"": 99.96362313568571}]",99.86459354718214,99.71876255524307,99.87108342203996,99.96362313568572,21417.0,21388.0,2.0,8.0,2003-2004;2005-2006;2007-2008;2009-2010;2011-2012;2013-2014;2015-2016;2017-2018,2003-2004,2017-2018,urine,Phthalates & Plasticizers Metabolites - Urine;Phthalates - Urine;Phthalates and Plasticizers Metabolites - Urine,21417.0,17382.0,13641.0,12269.0,85.0,11139.0,True,True,True,True,2.0,predefined primary survey model feasible,URXECP,phthalates,40809-41-4,,DTXSID20873152,1.0,1.0,URXECP,URXECP,urinary biomarker,2003-2004;2005-2006;2007-2008;2009-2010;2011-2012;2013-2014;2015-2016;2017-2018,8.0,2.0,1.0,pending_manual_review,M1,True,True,True,resolved_mapped,"CDC NHANES catalog domains checked: Phthalates & Plasticizers Metabolites - Urine;Phthalates - Urine;Phthalates and Plasticizers Metabolites - Urine;Phthalates, Phytoestrogens & PAHs - Urine;Phthalates, Phytoestrogens & PAHs - Urine PHPYPA Urinary Phthalates; CDC NHANES phthalate/plasticizer metabolite panel and codebook; local XPT registry variables checked for candidate aliases.",CTD identifiers/name; CDC NHANES laboratory catalog; 161 relevant laboratory domains; downloaded XPT value/LOD/weight columns.,CTD Phase 1 export; CDC NHANES continuous laboratory catalog; CDC NHANES environmental XPT files,parent-to-validated-urinary-metabolite axis,,False,,Tier_A_strict,enter_systematic_human_screen,True
267-chemical actionability matrix,,,,C031181,phenanthrene,GeneCards_Disorders,1000.0,46.0,0.0390044771815085,0.5556943056943058,108.0,8.0,M1,False,1.0,"specific_entity_identifier:CasRN,PubChemCID,DTXSID,InChIKey",False,phenanthrene,phenanthrene;85-01-8,CTD entity,,,pahs,PAH exposure axis,parent PAH to validated urinary OH-PAH proxy,URXP25,moderate,CDC NHANES urinary OH-PAH panel; parent-specificity is limited,68.0,Polyaromatic Hydrocarbons (PAHs) - Urine;Polyaromatic Hydrocarbons -Urine;Polycyclic Aromatic Hydrocarbons (PAH) - Urine,mapped,"validated/specificity mapping first; detectability, cycle coverage, and measured N used as non-CRC tie-breakers","[{""variable"": ""URXP25"", ""n_cycles_available"": 3, ""total_measured"": 8459, ""total_above_lod"": 8416, ""pooled_above_lod_pct"": 99.49166568152263, ""min_cycle_above_lod_pct"": 99.20692141312185, ""median_cycle_above_lod_pct"": 99.54716981132076, ""max_cycle_above_lod_pct"": 99.70345963756178}]",99.49166568152263,99.20692141312183,99.54716981132076,99.70345963756178,8459.0,8416.0,2.0,3.0,2013-2014;2015-2016;2017-2018,2013-2014,2017-2018,urine,Polycyclic Aromatic Hydrocarbons (PAH) - Urine,8459.0,17382.0,0.0,0.0,0.0,0.0,False,True,True,True,0.0,insufficient complete-case events/sample or survey infrastructure,URXP25,pahs,85-01-8,CID:995,DTXSID6024254,1.0,1.0,URXP25,URXP25,urinary biomarker,2013-2014;2015-2016;2017-2018,3.0,1.0,1.0,pending_manual_review,M1,False,False,False,resolved_mapped,CDC NHANES catalog domains checked: Polyaromatic Hydrocarbons (PAHs) - Urine;Polyaromatic Hydrocarbons -Urine;Polycyclic Aromatic Hydrocarbons (PAH) - Urine; CDC NHANES urinary OH-PAH panel; parent-specificity is limited; local XPT registry variables checked for candidate aliases.,CTD identifiers/name; CDC NHANES laboratory catalog; 68 relevant laboratory domains; downloaded XPT value/LOD/weight columns.,CTD Phase 1 export; CDC NHANES continuous laboratory catalog; CDC NHANES environmental XPT files,parent PAH to validated urinary OH-PAH proxy,,False,,not_human_testable,retain_with_resolved_audit_no_primary_screen,True
267-chemical actionability matrix,,,,C027235,gallium nitrate,GeneCards_Disorders,1000.0,47.0,0.0394120504400648,0.3879756607029334,30.0,4.0,M1,False,1.0,"specific_entity_identifier:CasRN,PubChemCID,DTXSID,InChIKey",False,gallium nitrate,gallium nitrate;13494-90-1,elemental species or metal compound,,,heavy_metals,metal exposure axis,metal family searched; no mapped elemental analyte,,unresolved,CDC NHANES Metals - Urine and blood metal panels searched,119.0,Metals - Urine,resolved_no_candidate_specific_analyte,no analyte rows,,,,,,,,,0.0,,,,,,0.0,0.0,0.0,0.0,0.0,0.0,False,False,False,False,0.0,no analyte mapping,,heavy_metals,13494-90-1,CID:61635,DTXSID0043923,0.0,0.0,,,,,0.0,0.0,1.0,pending_manual_review,M1,False,False,False,resolved_no_supported_candidate_specific_analyte,CDC NHANES catalog domains checked: Metals - Urine; CDC NHANES Metals - Urine and blood metal panels searched; local XPT registry variables checked for candidate aliases.,CTD identifiers/name; CDC NHANES laboratory catalog; 119 relevant laboratory domains; downloaded XPT value/LOD/weight columns.,CTD Phase 1 export; CDC NHANES continuous laboratory catalog; CDC NHANES environmental XPT files,metal family searched; no mapped elemental analyte,CDC NHANES Metals - Urine and blood metal panels searched,False,,not_human_testable,retain_with_resolved_audit_no_primary_screen,True
267-chemical actionability matrix,,,,D012428,Ruthenium,GeneCards_Disorders,1000.0,48.0,0.0395759575691014,0.2722902097902098,16.0,3.0,M1,False,1.0,"specific_entity_identifier:CasRN,PubChemCID,DTXSID,InChIKey",False,ruthenium,Ruthenium;7440-18-8,elemental species or metal compound,,,heavy_metals,metal exposure axis,metal family searched; no mapped elemental analyte,,unresolved,CDC NHANES Metals - Urine and blood metal panels searched,119.0,Metals - Urine,resolved_no_candidate_specific_analyte,no analyte rows,,,,,,,,,0.0,,,,,,0.0,0.0,0.0,0.0,0.0,0.0,False,False,False,False,0.0,no analyte mapping,,heavy_metals,7440-18-8,CID:23950,DTXSID9064687,0.0,0.0,,,,,0.0,0.0,1.0,pending_manual_review,M1,False,False,False,resolved_no_supported_candidate_specific_analyte,CDC NHANES catalog domains checked: Metals - Urine; CDC NHANES Metals - Urine and blood metal panels searched; local XPT registry variables checked for candidate aliases.,CTD identifiers/name; CDC NHANES laboratory catalog; 119 relevant laboratory domains; downloaded XPT value/LOD/weight columns.,CTD Phase 1 export; CDC NHANES continuous laboratory catalog; CDC NHANES environmental XPT files,metal family searched; no mapped elemental analyte,CDC NHANES Metals - Urine and blood metal panels searched,False,,not_human_testable,retain_with_resolved_audit_no_primary_screen,True
267-chemical actionability matrix,,,,C022921,benzo(k)fluoranthene,GeneCards_Disorders,1000.0,49.0,0.0395759575691014,0.4096260881975168,67.0,6.0,M1,False,1.0,"specific_entity_identifier:CasRN,PubChemCID,DTXSID,InChIKey",False,benzo k fluoranthene,benzo(k)fluoranthene;207-08-9,CTD entity,,,pahs,PAH exposure axis,parent PAH to validated urinary OH-PAH proxy,URXP10,moderate,CDC NHANES urinary OH-PAH panel; parent-specificity is limited,68.0,Polyaromatic Hydrocarbons (PAHs) - Urine;Polyaromatic Hydrocarbons -Urine;Polycyclic Aromatic Hydrocarbons (PAH) - Urine,mapped,"validated/specificity mapping first; detectability, cycle coverage, and measured N used as non-CRC tie-breakers","[{""variable"": ""URXP10"", ""n_cycles_available"": 9, ""total_measured"": 23952, ""total_above_lod"": 21231, ""pooled_above_lod_pct"": 88.63977955911824, ""min_cycle_above_lod_pct"": 60.21621621621622, ""median_cycle_above_lod_pct"": 99.3638170974155, ""max_cycle_above_lod_pct"": 100.0}]",88.63977955911824,60.21621621621622,99.3638170974155,100.0,23952.0,21231.0,1.0,9.0,2001-2002;2003-2004;2005-2006;2007-2008;2009-2010;2011-2012;2013-2014;2015-2016;2017-2018,2001-2002,2017-2018,urine,"Phthalates, Phytoestrogens & PAHs - Urine;Polyaromatic Hydrocarbons (PAHs) - Urine;Polyaromatic Hydrocarbons -Urine;Polycyclic Aromatic Hydrocarbons (PAH) - Urine",23952.0,17382.0,9896.0,8980.0,70.0,8195.0,True,True,True,True,2.0,predefined primary survey model feasible,URXP10,pahs,207-08-9,CID:9158,DTXSID0023909,1.0,1.0,URXP10,URXP10,urinary biomarker,2001-2002;2003-2004;2005-2006;2007-2008;2009-2010;2011-2012;2013-2014;2015-2016;2017-2018,9.0,2.0,1.0,pending_manual_review,M1,True,True,False,resolved_mapped,CDC NHANES catalog domains checked: Polyaromatic Hydrocarbons (PAHs) - Urine;Polyaromatic Hydrocarbons -Urine;Polycyclic Aromatic Hydrocarbons (PAH) - Urine; CDC NHANES urinary OH-PAH panel; parent-specificity is limited; local XPT registry variables checked for candidate aliases.,CTD identifiers/name; CDC NHANES laboratory catalog; 68 relevant laboratory domains; downloaded XPT value/LOD/weight columns.,CTD Phase 1 export; CDC NHANES continuous laboratory catalog; CDC NHANES environmental XPT files,parent PAH to validated urinary OH-PAH proxy,,False,,Tier_A_moderate,enter_systematic_human_screen,True
267-chemical actionability matrix,,,,C023036,perfluorooctanoic acid,GeneCards_Disorders,1000.0,50.0,0.0395759575691014,1.0,2449.0,82.0,M1,False,1.0,"specific_entity_identifier:CasRN,DTXSID,InChIKey",False,perfluorooctanoic acid,perfluorooctanoic acid;335-67-1;PFAS;PFoctanoic acid,PFAS or fluorinated compound,,,pfas_perfluoro,PFAS exposure axis,PFAS class searched; no candidate-specific NHANES variable,,unresolved,CDC NHANES PFAS panels searched; no specific analyte name match,27.0,Perfluoroalkyl and Polyfluoroalkyl;Perfluoroalkyl and Polyfluoroalkyl Substances;Perfluoroalkyl and Polyfluoroalkyl Substances (formerly Polyfluoroalkyl Chemicals - PFC),resolved_no_candidate_specific_analyte,no analyte rows,,,,,,,,,0.0,,,,,,0.0,0.0,0.0,0.0,0.0,0.0,False,False,False,False,0.0,no analyte mapping,,pfas_perfluoro,335-67-1,,DTXSID8031865,0.0,0.0,,,,,0.0,0.0,1.0,pending_manual_review,M1,False,False,False,resolved_no_supported_candidate_specific_analyte,CDC NHANES catalog domains checked: Perfluoroalkyl and Polyfluoroalkyl;Perfluoroalkyl and Polyfluoroalkyl Substances;Perfluoroalkyl and Polyfluoroalkyl Substances (formerly Polyfluoroalkyl Chemicals - PFC); CDC NHANES PFAS panels searched; no specific analyte name match; local XPT registry variables checked for candidate aliases.,CTD identifiers/name; CDC NHANES laboratory catalog; 27 relevant laboratory domains; downloaded XPT value/LOD/weight columns.,CTD Phase 1 export; CDC NHANES continuous laboratory catalog; CDC NHANES environmental XPT files,PFAS class searched; no candidate-specific NHANES variable,CDC NHANES PFAS panels searched; no specific analyte name match,False,,not_human_testable,retain_with_resolved_audit_no_primary_screen,True
267-chemical actionability matrix,,,,C007738,fluoranthene,GeneCards_Disorders,1000.0,51.0,0.0469804053928745,0.6540445855514349,50.0,5.0,M1,False,1.0,"specific_entity_identifier:CasRN,PubChemCID,DTXSID,InChIKey",False,fluoranthene,fluoranthene;206-44-0,CTD entity,,,pahs,PAH exposure axis,parent PAH to validated urinary OH-PAH proxy,URXP10,moderate,CDC NHANES urinary OH-PAH panel; parent-specificity is limited,68.0,Polyaromatic Hydrocarbons (PAHs) - Urine;Polyaromatic Hydrocarbons -Urine;Polycyclic Aromatic Hydrocarbons (PAH) - Urine,mapped,"validated/specificity mapping first; detectability, cycle coverage, and measured N used as non-CRC tie-breakers","[{""variable"": ""URXP10"", ""n_cycles_available"": 9, ""total_measured"": 23952, ""total_above_lod"": 21231, ""pooled_above_lod_pct"": 88.63977955911824, ""min_cycle_above_lod_pct"": 60.21621621621622, ""median_cycle_above_lod_pct"": 99.3638170974155, ""max_cycle_above_lod_pct"": 100.0}]",88.63977955911824,60.21621621621622,99.3638170974155,100.0,23952.0,21231.0,1.0,9.0,2001-2002;2003-2004;2005-2006;2007-2008;2009-2010;2011-2012;2013-2014;2015-2016;2017-2018,2001-2002,2017-2018,urine,"Phthalates, Phytoestrogens & PAHs - Urine;Polyaromatic Hydrocarbons (PAHs) - Urine;Polyaromatic Hydrocarbons -Urine;Polycyclic Aromatic Hydrocarbons (PAH) - Urine",23952.0,17382.0,9896.0,8980.0,70.0,8195.0,True,True,True,True,2.0,predefined primary survey model feasible,URXP10,pahs,206-44-0,CID:9154,DTXSID3024104,1.0,1.0,URXP10,URXP10,urinary biomarker,2001-2002;2003-2004;2005-2006;2007-2008;2009-2010;2011-2012;2013-2014;2015-2016;2017-2018,9.0,2.0,1.0,pending_manual_review,M1,True,True,False,resolved_mapped,CDC NHANES catalog domains checked: Polyaromatic Hydrocarbons (PAHs) - Urine;Polyaromatic Hydrocarbons -Urine;Polycyclic Aromatic Hydrocarbons (PAH) - Urine; CDC NHANES urinary OH-PAH panel; parent-specificity is limited; local XPT registry variables checked for candidate aliases.,CTD identifiers/name; CDC NHANES laboratory catalog; 68 relevant laboratory domains; downloaded XPT value/LOD/weight columns.,CTD Phase 1 export; CDC NHANES continuous laboratory catalog; CDC NHANES environmental XPT files,parent PAH to validated urinary OH-PAH proxy,,False,,Tier_A_moderate,enter_systematic_human_screen,True
267-chemical actionability matrix,,,,C550717,nickel ferrite,GeneCards_Disorders,1000.0,52.0,0.0473214294979871,0.2087477739651653,6.0,2.0,M1,False,1.0,specific_entity_identifier:PubChemCID,False,nickel ferrite,nickel ferrite,elemental species or metal compound,,,heavy_metals,metal exposure axis,metal family searched; no mapped elemental analyte,,unresolved,CDC NHANES Metals - Urine and blood metal panels searched,119.0,Metals - Urine,resolved_no_candidate_specific_analyte,no analyte rows,,,,,,,,,0.0,,,,,,0.0,0.0,0.0,0.0,0.0,0.0,False,False,False,False,0.0,no analyte mapping,,heavy_metals,,CID:16217731,,0.0,0.0,,,,,0.0,0.0,1.0,pending_manual_review,M1,False,False,False,resolved_no_supported_candidate_specific_analyte,CDC NHANES catalog domains checked: Metals - Urine; CDC NHANES Metals - Urine and blood metal panels searched; local XPT registry variables checked for candidate aliases.,CTD identifiers/name; CDC NHANES laboratory catalog; 119 relevant laboratory domains; downloaded XPT value/LOD/weight columns.,CTD Phase 1 export; CDC NHANES continuous laboratory catalog; CDC NHANES environmental XPT files,metal family searched; no mapped elemental analyte,CDC NHANES Metals - Urine and blood metal panels searched,False,,not_human_testable,retain_with_resolved_audit_no_primary_screen,True
267-chemical actionability matrix,,,,C041508,"indeno(1,2,3-cd)pyrene",GeneCards_Disorders,1000.0,53.0,0.0535454908565209,0.7724872530067336,94.0,7.0,M1,False,1.0,"specific_entity_identifier:CasRN,PubChemCID,DTXSID,InChIKey",False,indeno 1 2 3 cd pyrene,"indeno(1,2,3-cd)pyrene;193-39-5",CTD entity,,,pahs,PAH exposure axis,parent PAH to validated urinary OH-PAH proxy,URXP10,moderate,CDC NHANES urinary OH-PAH panel; parent-specificity is limited,68.0,Polyaromatic Hydrocarbons (PAHs) - Urine;Polyaromatic Hydrocarbons -Urine;Polycyclic Aromatic Hydrocarbons (PAH) - Urine,mapped,"validated/specificity mapping first; detectability, cycle coverage, and measured N used as non-CRC tie-breakers","[{""variable"": ""URXP10"", ""n_cycles_available"": 9, ""total_measured"": 23952, ""total_above_lod"": 21231, ""pooled_above_lod_pct"": 88.63977955911824, ""min_cycle_above_lod_pct"": 60.21621621621622, ""median_cycle_above_lod_pct"": 99.3638170974155, ""max_cycle_above_lod_pct"": 100.0}]",88.63977955911824,60.21621621621622,99.3638170974155,100.0,23952.0,21231.0,1.0,9.0,2001-2002;2003-2004;2005-2006;2007-2008;2009-2010;2011-2012;2013-2014;2015-2016;2017-2018,2001-2002,2017-2018,urine,"Phthalates, Phytoestrogens & PAHs - Urine;Polyaromatic Hydrocarbons (PAHs) - Urine;Polyaromatic Hydrocarbons -Urine;Polycyclic Aromatic Hydrocarbons (PAH) - Urine",23952.0,17382.0,9896.0,8980.0,70.0,8195.0,True,True,True,True,2.0,predefined primary survey model feasible,URXP10,pahs,193-39-5,CID:9131,DTXSID8024153,1.0,1.0,URXP10,URXP10,urinary biomarker,2001-2002;2003-2004;2005-2006;2007-2008;2009-2010;2011-2012;2013-2014;2015-2016;2017-2018,9.0,2.0,1.0,pending_manual_review,M1,True,True,False,resolved_mapped,CDC NHANES catalog domains checked: Polyaromatic Hydrocarbons (PAHs) - Urine;Polyaromatic Hydrocarbons -Urine;Polycyclic Aromatic Hydrocarbons (PAH) - Urine; CDC NHANES urinary OH-PAH panel; parent-specificity is limited; local XPT registry variables checked for candidate aliases.,CTD identifiers/name; CDC NHANES laboratory catalog; 68 relevant laboratory domains; downloaded XPT value/LOD/weight columns.,CTD Phase 1 export; CDC NHANES continuous laboratory catalog; CDC NHANES environmental XPT files,parent PAH to validated urinary OH-PAH proxy,,False,,Tier_A_moderate,enter_systematic_human_screen,True
267-chemical actionability matrix,,,,D006046,Gold,GeneCards_Disorders,1000.0,54.0,0.0537924230861319,0.8319537605251891,413.0,19.0,M1,False,1.0,"specific_entity_identifier:CasRN,PubChemCID,DTXSID,InChIKey",False,gold,Gold;7440-57-5,elemental species or metal compound,,,heavy_metals,metal exposure axis,metal family searched; no mapped elemental analyte,,unresolved,CDC NHANES Metals - Urine and blood metal panels searched,119.0,Metals - Urine,resolved_no_candidate_specific_analyte,no analyte rows,,,,,,,,,0.0,,,,,,0.0,0.0,0.0,0.0,0.0,0.0,False,False,False,False,0.0,no analyte mapping,,heavy_metals,7440-57-5,CID:23985,DTXSID3064697,0.0,0.0,,,,,0.0,0.0,1.0,pending_manual_review,M1,False,False,False,resolved_no_supported_candidate_specific_analyte,CDC NHANES catalog domains checked: Metals - Urine; CDC NHANES Metals - Urine and blood metal panels searched; local XPT registry variables checked for candidate aliases.,CTD identifiers/name; CDC NHANES laboratory catalog; 119 relevant laboratory domains; downloaded XPT value/LOD/weight columns.,CTD Phase 1 export; CDC NHANES continuous laboratory catalog; CDC NHANES environmental XPT files,metal family searched; no mapped elemental analyte,CDC NHANES Metals - Urine and blood metal panels searched,False,,not_human_testable,retain_with_resolved_audit_no_primary_screen,True
267-chemical actionability matrix,,,,D002104,Cadmium,GeneCards_Disorders,1000.0,55.0,0.0558114404571313,0.0121242393969666,4755.0,145.0,M1,False,1.0,"specific_entity_identifier:CasRN,PubChemCID,DTXSID,InChIKey",False,cadmium,Cadmium;7440-43-9,elemental species or metal compound,,,heavy_metals,metal exposure axis,elemental urinary biomarker for parent metal/species,URXUCD,moderate,CDC NHANES metals blood/urine panels and codebooks,119.0,Metals - Urine,mapped,"validated/specificity mapping first; detectability, cycle coverage, and measured N used as non-CRC tie-breakers","[{""variable"": ""URXUCD"", ""n_cycles_available"": 8, ""total_measured"": 21631, ""total_above_lod"": 18152, ""pooled_above_lod_pct"": 83.91660117424067, ""min_cycle_above_lod_pct"": 74.55080039202875, ""median_cycle_above_lod_pct"": 85.5976060329993, ""max_cycle_above_lod_pct"": 91.11285882815572}]",83.91660117424067,74.55080039202875,85.5976060329993,91.11285882815572,21631.0,18152.0,1.0,8.0,2003-2004;2005-2006;2007-2008;2009-2010;2011-2012;2013-2014;2015-2016;2017-2018,2003-2004,2017-2018,urine,Metals - Urine,21631.0,17382.0,1715.0,1531.0,10.0,1409.0,True,True,True,True,0.0,insufficient complete-case events/sample or survey infrastructure,URXUCD,heavy_metals,7440-43-9,CID:23973,DTXSID1023940,1.0,1.0,URXUCD,URXUCD,urinary biomarker,2003-2004;2005-2006;2007-2008;2009-2010;2011-2012;2013-2014;2015-2016;2017-2018,8.0,2.0,1.0,pending_manual_review,M1,False,False,False,resolved_mapped,CDC NHANES catalog domains checked: Metals - Urine; CDC NHANES metals blood/urine panels and codebooks; local XPT registry variables checked for candidate aliases.,CTD identifiers/name; CDC NHANES laboratory catalog; 119 relevant laboratory domains; downloaded XPT value/LOD/weight columns.,CTD Phase 1 export; CDC NHANES continuous laboratory catalog; CDC NHANES environmental XPT files,elemental urinary biomarker for parent metal/species,,False,,not_human_testable,retain_with_resolved_audit_no_primary_screen,True
267-chemical actionability matrix,,,,D003035,Cobalt,GeneCards_Disorders,1000.0,57.0,0.0849825749645711,1.0,207.0,11.0,M1,False,1.0,"specific_entity_identifier:CasRN,PubChemCID,DTXSID,InChIKey",False,cobalt,Cobalt;7440-48-4,elemental species or metal compound,,,heavy_metals,metal exposure axis,elemental urinary biomarker for parent metal/species,URXUCO,moderate,CDC NHANES metals blood/urine panels and codebooks,119.0,Metals - Urine,mapped,"validated/specificity mapping first; detectability, cycle coverage, and measured N used as non-CRC tie-breakers","[{""variable"": ""URXUCO"", ""n_cycles_available"": 10, ""total_measured"": 26801, ""total_above_lod"": 26648, ""pooled_above_lod_pct"": 99.42912577888885, ""min_cycle_above_lod_pct"": 96.28616106333072, ""median_cycle_above_lod_pct"": 99.8323824908332, ""max_cycle_above_lod_pct"": 100.0}]",99.42912577888885,96.28616106333072,99.8323824908332,100.0,26801.0,26648.0,2.0,10.0,1999-2000;2001-2002;2003-2004;2005-2006;2007-2008;2009-2010;2011-2012;2013-2014;2015-2016;2017-2018,1999-2000,2017-2018,urine,Metals - Urine,26801.0,17382.0,1715.0,1531.0,10.0,1409.0,True,True,True,True,0.0,insufficient complete-case events/sample or survey infrastructure,URXUCO,heavy_metals,7440-48-4,CID:104730,DTXSID1031040,1.0,1.0,URXUCO,URXUCO,urinary biomarker,1999-2000;2001-2002;2003-2004;2005-2006;2007-2008;2009-2010;2011-2012;2013-2014;2015-2016;2017-2018,10.0,2.0,1.0,pending_manual_review,M1,False,False,False,resolved_mapped,CDC NHANES catalog domains checked: Metals - Urine; CDC NHANES metals blood/urine panels and codebooks; local XPT registry variables checked for candidate aliases.,CTD identifiers/name; CDC NHANES laboratory catalog; 119 relevant laboratory domains; downloaded XPT value/LOD/weight columns.,CTD Phase 1 export; CDC NHANES continuous laboratory catalog; CDC NHANES environmental XPT files,elemental urinary biomarker for parent metal/species,,False,,not_human_testable,retain_with_resolved_audit_no_primary_screen,True
267-chemical actionability matrix,,,,D000393,Air Pollutants,GeneCards_Disorders,1000.0,58.0,0.0849825749645711,0.0121242393969666,10425.0,293.0,M1,False,0.0,broad_or_umbrella_name:\bair pollutants?\b,True,air pollutants,Air Pollutants,umbrella exposure class,,,environmental_pollutants,,none,,unresolved,,0.0,,resolved_no_candidate_specific_analyte,no analyte rows,,,,,,,,,0.0,,,,,,0.0,0.0,0.0,0.0,0.0,0.0,False,False,False,False,0.0,no analyte mapping,,environmental_pollutants,,,,0.0,0.0,,,,,0.0,0.0,0.0,pending_manual_review,M1,False,False,False,resolved_no_supported_candidate_specific_analyte,CDC NHANES catalog domains checked: none matched; ; local XPT registry variables checked for candidate aliases.,CTD identifiers/name; CDC NHANES laboratory catalog; 0 relevant laboratory domains; downloaded XPT value/LOD/weight columns.,CTD Phase 1 export; CDC NHANES continuous laboratory catalog; CDC NHANES environmental XPT files,,,True,broad_or_umbrella_name:\bair pollutants?\b,not_human_testable,retain_with_resolved_audit_no_primary_screen,True
267-chemical actionability matrix,,,,C543008,bisphenol S,GeneCards_Disorders,1000.0,59.0,0.1089685980609343,0.0121242393969666,4387.0,132.0,M1,False,1.0,specific_entity_identifier:PubChemCID,False,bisphenol s,bisphenol S,bisphenol or bisphenol-related compound,,,bisphenols,bisphenol exposure axis,direct urinary analyte,URXBPH,high,CDC NHANES environmental phenols panel and codebook,33.0,Environmental Phenols;Environmental Phenols & Parabens,mapped,"validated/specificity mapping first; detectability, cycle coverage, and measured N used as non-CRC tie-breakers","[{""variable"": ""URXBPH"", ""n_cycles_available"": 5, ""total_measured"": 12907, ""total_above_lod"": 11918, ""pooled_above_lod_pct"": 92.3374912837995, ""min_cycle_above_lod_pct"": 89.71474487746083, ""median_cycle_above_lod_pct"": 92.85714285714286, ""max_cycle_above_lod_pct"": 93.62519201228879}]",92.3374912837995,89.71474487746083,92.85714285714286,93.6251920122888,12907.0,11918.0,2.0,5.0,2003-2004;2005-2006;2007-2008;2009-2010;2011-2012,2003-2004,2011-2012,urine,Environmental Phenols;Environmental Phenols & Parabens,12907.0,17382.0,6912.0,6261.0,45.0,5706.0,True,True,True,True,1.0,survey model feasible but event/sample margin is limited,URXBPH,bisphenols,,CID:6626,,1.0,1.0,URXBPH,URXBPH,urinary biomarker,2003-2004;2005-2006;2007-2008;2009-2010;2011-2012,5.0,2.0,1.0,pending_manual_review,M1,True,True,False,resolved_mapped,CDC NHANES catalog domains checked: Environmental Phenols;Environmental Phenols & Parabens; CDC NHANES environmental phenols panel and codebook; local XPT registry variables checked for candidate aliases.,CTD identifiers/name; CDC NHANES laboratory catalog; 33 relevant laboratory domains; downloaded XPT value/LOD/weight columns.,CTD Phase 1 export; CDC NHANES continuous laboratory catalog; CDC NHANES environmental XPT files,direct urinary analyte,,False,,Tier_A_moderate,enter_systematic_human_screen,True
267-chemical actionability matrix,,,,C032121,7-methylbenzo(a)pyrene,GeneCards_Disorders,1000.0,60.0,0.1123748692395244,0.0121242393969666,1.0,1.0,M1,False,1.0,"specific_entity_identifier:CasRN,PubChemCID,DTXSID,InChIKey",False,7 methylbenzo a pyrene,7-methylbenzo(a)pyrene;63041-77-0,CTD entity,,,pahs,PAH exposure axis,parent PAH to validated urinary OH-PAH proxy,URXP10,moderate,CDC NHANES urinary OH-PAH panel; parent-specificity is limited,68.0,Polyaromatic Hydrocarbons (PAHs) - Urine;Polyaromatic Hydrocarbons -Urine;Polycyclic Aromatic Hydrocarbons (PAH) - Urine,mapped,"validated/specificity mapping first; detectability, cycle coverage, and measured N used as non-CRC tie-breakers","[{""variable"": ""URXP10"", ""n_cycles_available"": 9, ""total_measured"": 23952, ""total_above_lod"": 21231, ""pooled_above_lod_pct"": 88.63977955911824, ""min_cycle_above_lod_pct"": 60.21621621621622, ""median_cycle_above_lod_pct"": 99.3638170974155, ""max_cycle_above_lod_pct"": 100.0}]",88.63977955911824,60.21621621621622,99.3638170974155,100.0,23952.0,21231.0,1.0,9.0,2001-2002;2003-2004;2005-2006;2007-2008;2009-2010;2011-2012;2013-2014;2015-2016;2017-2018,2001-2002,2017-2018,urine,"Phthalates, Phytoestrogens & PAHs - Urine;Polyaromatic Hydrocarbons (PAHs) - Urine;Polyaromatic Hydrocarbons -Urine;Polycyclic Aromatic Hydrocarbons (PAH) - Urine",23952.0,17382.0,9896.0,8980.0,70.0,8195.0,True,True,True,True,2.0,predefined primary survey model feasible,URXP10,pahs,63041-77-0,CID:44368,DTXSID7049340,1.0,1.0,URXP10,URXP10,urinary biomarker,2001-2002;2003-2004;2005-2006;2007-2008;2009-2010;2011-2012;2013-2014;2015-2016;2017-2018,9.0,2.0,1.0,pending_manual_review,M1,True,True,False,resolved_mapped,CDC NHANES catalog domains checked: Polyaromatic Hydrocarbons (PAHs) - Urine;Polyaromatic Hydrocarbons -Urine;Polycyclic Aromatic Hydrocarbons (PAH) - Urine; CDC NHANES urinary OH-PAH panel; parent-specificity is limited; local XPT registry variables checked for candidate aliases.,CTD identifiers/name; CDC NHANES laboratory catalog; 68 relevant laboratory domains; downloaded XPT value/LOD/weight columns.,CTD Phase 1 export; CDC NHANES continuous laboratory catalog; CDC NHANES environmental XPT files,parent PAH to validated urinary OH-PAH proxy,,False,,Tier_A_moderate,enter_systematic_human_screen,True
267-chemical actionability matrix,,,,C015531,tetrafluoroethylene,GeneCards_Disorders,1000.0,61.0,0.1123748692395244,0.0121242393969666,1.0,1.0,M1,False,1.0,"specific_entity_identifier:CasRN,PubChemCID,DTXSID,InChIKey",False,tetrafluoroethylene,tetrafluoroethylene;116-14-3,CTD entity,,,pfas_perfluoro,PFAS exposure axis,PFAS class searched; no candidate-specific NHANES variable,,unresolved,CDC NHANES PFAS panels searched; no specific analyte name match,0.0,,resolved_no_candidate_specific_analyte,no analyte rows,,,,,,,,,0.0,,,,,,0.0,0.0,0.0,0.0,0.0,0.0,False,False,False,False,0.0,no analyte mapping,,pfas_perfluoro,116-14-3,CID:8301,DTXSID6021325,0.0,0.0,,,,,0.0,0.0,1.0,pending_manual_review,M1,False,False,False,resolved_no_supported_candidate_specific_analyte,CDC NHANES catalog domains checked: none matched; CDC NHANES PFAS panels searched; no specific analyte name match; local XPT registry variables checked for candidate aliases.,CTD identifiers/name; CDC NHANES laboratory catalog; 0 relevant laboratory domains; downloaded XPT value/LOD/weight columns.,CTD Phase 1 export; CDC NHANES continuous laboratory catalog; CDC NHANES environmental XPT files,PFAS class searched; no candidate-specific NHANES variable,CDC NHANES PFAS panels searched; no specific analyte name match,False,,not_human_testable,retain_with_resolved_audit_no_primary_screen,True
267-chemical actionability matrix,,,,C006780,bisphenol A,GeneCards_Disorders,1000.0,62.0,0.1147782641144254,0.0121242393969666,11664.0,323.0,M1,False,1.0,"specific_entity_identifier:CasRN,DTXSID,InChIKey",False,bisphenol a,bisphenol A;80-05-7;BPA,bisphenol or bisphenol-related compound,,,bisphenols,bisphenol exposure axis,direct urinary analyte,URXBPH,high,CDC NHANES environmental phenols panel and codebook,33.0,Environmental Phenols;Environmental Phenols & Parabens,mapped,"validated/specificity mapping first; detectability, cycle coverage, and measured N used as non-CRC tie-breakers","[{""variable"": ""URXBPH"", ""n_cycles_available"": 5, ""total_measured"": 12907, ""total_above_lod"": 11918, ""pooled_above_lod_pct"": 92.3374912837995, ""min_cycle_above_lod_pct"": 89.71474487746083, ""median_cycle_above_lod_pct"": 92.85714285714286, ""max_cycle_above_lod_pct"": 93.62519201228879}]",92.3374912837995,89.71474487746083,92.85714285714286,93.6251920122888,12907.0,11918.0,2.0,5.0,2003-2004;2005-2006;2007-2008;2009-2010;2011-2012,2003-2004,2011-2012,urine,Environmental Phenols;Environmental Phenols & Parabens,12907.0,17382.0,6912.0,6261.0,45.0,5706.0,True,True,True,True,1.0,survey model feasible but event/sample margin is limited,URXBPH,bisphenols,80-05-7,,DTXSID7020182,1.0,1.0,URXBPH,URXBPH,urinary biomarker,2003-2004;2005-2006;2007-2008;2009-2010;2011-2012,5.0,2.0,1.0,pending_manual_review,M1,True,True,False,resolved_mapped,CDC NHANES catalog domains checked: Environmental Phenols;Environmental Phenols & Parabens; CDC NHANES environmental phenols panel and codebook; local XPT registry variables checked for candidate aliases.,CTD identifiers/name; CDC NHANES laboratory catalog; 33 relevant laboratory domains; downloaded XPT value/LOD/weight columns.,CTD Phase 1 export; CDC NHANES continuous laboratory catalog; CDC NHANES environmental XPT files,direct urinary analyte,,False,,Tier_A_moderate,enter_systematic_human_screen,True
267-chemical actionability matrix,,,,C006703,benzo(b)fluoranthene,GeneCards_Disorders,1000.0,64.0,0.1256998652256554,1.0,116.0,7.0,M1,False,1.0,"specific_entity_identifier:CasRN,PubChemCID,DTXSID,InChIKey",False,benzo b fluoranthene,benzo(b)fluoranthene;205-99-2,CTD entity,,,pahs,PAH exposure axis,parent PAH to validated urinary OH-PAH proxy,URXP10,moderate,CDC NHANES urinary OH-PAH panel; parent-specificity is limited,68.0,Polyaromatic Hydrocarbons (PAHs) - Urine;Polyaromatic Hydrocarbons -Urine;Polycyclic Aromatic Hydrocarbons (PAH) - Urine,mapped,"validated/specificity mapping first; detectability, cycle coverage, and measured N used as non-CRC tie-breakers","[{""variable"": ""URXP10"", ""n_cycles_available"": 9, ""total_measured"": 23952, ""total_above_lod"": 21231, ""pooled_above_lod_pct"": 88.63977955911824, ""min_cycle_above_lod_pct"": 60.21621621621622, ""median_cycle_above_lod_pct"": 99.3638170974155, ""max_cycle_above_lod_pct"": 100.0}]",88.63977955911824,60.21621621621622,99.3638170974155,100.0,23952.0,21231.0,1.0,9.0,2001-2002;2003-2004;2005-2006;2007-2008;2009-2010;2011-2012;2013-2014;2015-2016;2017-2018,2001-2002,2017-2018,urine,"Phthalates, Phytoestrogens & PAHs - Urine;Polyaromatic Hydrocarbons (PAHs) - Urine;Polyaromatic Hydrocarbons -Urine;Polycyclic Aromatic Hydrocarbons (PAH) - Urine",23952.0,17382.0,9896.0,8980.0,70.0,8195.0,True,True,True,True,2.0,predefined primary survey model feasible,URXP10,pahs,205-99-2,CID:9153,DTXSID0023907,1.0,1.0,URXP10,URXP10,urinary biomarker,2001-2002;2003-2004;2005-2006;2007-2008;2009-2010;2011-2012;2013-2014;2015-2016;2017-2018,9.0,2.0,1.0,pending_manual_review,M1,True,True,False,resolved_mapped,CDC NHANES catalog domains checked: Polyaromatic Hydrocarbons (PAHs) - Urine;Polyaromatic Hydrocarbons -Urine;Polycyclic Aromatic Hydrocarbons (PAH) - Urine; CDC NHANES urinary OH-PAH panel; parent-specificity is limited; local XPT registry variables checked for candidate aliases.,CTD identifiers/name; CDC NHANES laboratory catalog; 68 relevant laboratory domains; downloaded XPT value/LOD/weight columns.,CTD Phase 1 export; CDC NHANES continuous laboratory catalog; CDC NHANES environmental XPT files,parent PAH to validated urinary OH-PAH proxy,,False,,Tier_A_moderate,enter_systematic_human_screen,True
267-chemical actionability matrix,,,,D010795,Phthalic Acids,GeneCards_Disorders,1000.0,65.0,0.137393916710684,0.3457653457653458,1598.0,53.0,M1,False,0.0,broad_or_umbrella_name:\bphthalic acids?\b,True,phthalic acids,Phthalic Acids,CTD entity,,,phthalates,,none,,unresolved,,0.0,,resolved_no_candidate_specific_analyte,no analyte rows,,,,,,,,,0.0,,,,,,0.0,0.0,0.0,0.0,0.0,0.0,False,False,False,False,0.0,no analyte mapping,,phthalates,,CID:37013,,0.0,0.0,,,,,0.0,0.0,0.0,pending_manual_review,M1,False,False,False,resolved_no_supported_candidate_specific_analyte,CDC NHANES catalog domains checked: none matched; ; local XPT registry variables checked for candidate aliases.,CTD identifiers/name; CDC NHANES laboratory catalog; 0 relevant laboratory domains; downloaded XPT value/LOD/weight columns.,CTD Phase 1 export; CDC NHANES continuous laboratory catalog; CDC NHANES environmental XPT files,,,True,broad_or_umbrella_name:\bphthalic acids?\b,not_human_testable,retain_with_resolved_audit_no_primary_screen,True
267-chemical actionability matrix,,,,D009532,Nickel,GeneCards_Disorders,1000.0,66.0,0.154235638740245,1.0,3908.0,117.0,M1,False,1.0,"specific_entity_identifier:CasRN,PubChemCID,DTXSID,InChIKey",False,nickel,Nickel;7440-02-0,elemental species or metal compound,,,heavy_metals,metal exposure axis,metal family searched; no mapped elemental analyte,,unresolved,CDC NHANES Metals - Urine and blood metal panels searched,119.0,Metals - Urine,resolved_no_candidate_specific_analyte,no analyte rows,,,,,,,,,0.0,,,,,,0.0,0.0,0.0,0.0,0.0,0.0,False,False,False,False,0.0,no analyte mapping,,heavy_metals,7440-02-0,CID:935,DTXSID2020925,0.0,0.0,,,,,0.0,0.0,1.0,pending_manual_review,M1,False,False,False,resolved_no_supported_candidate_specific_analyte,CDC NHANES catalog domains checked: Metals - Urine; CDC NHANES Metals - Urine and blood metal panels searched; local XPT registry variables checked for candidate aliases.,CTD identifiers/name; CDC NHANES laboratory catalog; 119 relevant laboratory domains; downloaded XPT value/LOD/weight columns.,CTD Phase 1 export; CDC NHANES continuous laboratory catalog; CDC NHANES environmental XPT files,metal family searched; no mapped elemental analyte,CDC NHANES Metals - Urine and blood metal panels searched,False,,not_human_testable,retain_with_resolved_audit_no_primary_screen,True
267-chemical actionability matrix,,,,C031180,chrysene,GeneCards_Disorders,1000.0,69.0,0.2282812728026831,1.0,82.0,5.0,M1,False,1.0,"specific_entity_identifier:CasRN,PubChemCID,DTXSID,InChIKey",False,chrysene,chrysene;218-01-9,CTD entity,,,pahs,PAH exposure axis,parent PAH to validated urinary OH-PAH proxy,URXP10,moderate,CDC NHANES urinary OH-PAH panel; parent-specificity is limited,68.0,Polyaromatic Hydrocarbons (PAHs) - Urine;Polyaromatic Hydrocarbons -Urine;Polycyclic Aromatic Hydrocarbons (PAH) - Urine,mapped,"validated/specificity mapping first; detectability, cycle coverage, and measured N used as non-CRC tie-breakers","[{""variable"": ""URXP10"", ""n_cycles_available"": 9, ""total_measured"": 23952, ""total_above_lod"": 21231, ""pooled_above_lod_pct"": 88.63977955911824, ""min_cycle_above_lod_pct"": 60.21621621621622, ""median_cycle_above_lod_pct"": 99.3638170974155, ""max_cycle_above_lod_pct"": 100.0}]",88.63977955911824,60.21621621621622,99.3638170974155,100.0,23952.0,21231.0,1.0,9.0,2001-2002;2003-2004;2005-2006;2007-2008;2009-2010;2011-2012;2013-2014;2015-2016;2017-2018,2001-2002,2017-2018,urine,"Phthalates, Phytoestrogens & PAHs - Urine;Polyaromatic Hydrocarbons (PAHs) - Urine;Polyaromatic Hydrocarbons -Urine;Polycyclic Aromatic Hydrocarbons (PAH) - Urine",23952.0,17382.0,9896.0,8980.0,70.0,8195.0,True,True,True,True,2.0,predefined primary survey model feasible,URXP10,pahs,218-01-9,CID:9171,DTXSID0022432,1.0,1.0,URXP10,URXP10,urinary biomarker,2001-2002;2003-2004;2005-2006;2007-2008;2009-2010;2011-2012;2013-2014;2015-2016;2017-2018,9.0,2.0,1.0,pending_manual_review,M1,True,True,False,resolved_mapped,CDC NHANES catalog domains checked: Polyaromatic Hydrocarbons (PAHs) - Urine;Polyaromatic Hydrocarbons -Urine;Polycyclic Aromatic Hydrocarbons (PAH) - Urine; CDC NHANES urinary OH-PAH panel; parent-specificity is limited; local XPT registry variables checked for candidate aliases.,CTD identifiers/name; CDC NHANES laboratory catalog; 68 relevant laboratory domains; downloaded XPT value/LOD/weight columns.,CTD Phase 1 export; CDC NHANES continuous laboratory catalog; CDC NHANES environmental XPT files,parent PAH to validated urinary OH-PAH proxy,,False,,Tier_A_moderate,enter_systematic_human_screen,True
267-chemical actionability matrix,,,,D002857,Chromium,GeneCards_Disorders,1000.0,70.0,0.2282812728026831,1.0,163.0,8.0,M1,False,1.0,"specific_entity_identifier:CasRN,PubChemCID,DTXSID,InChIKey",False,chromium,Chromium;7440-47-3,elemental species or metal compound,,,heavy_metals,metal exposure axis,metal family searched; no mapped elemental analyte,,unresolved,CDC NHANES Metals - Urine and blood metal panels searched,119.0,Metals - Urine,resolved_no_candidate_specific_analyte,no analyte rows,,,,,,,,,0.0,,,,,,0.0,0.0,0.0,0.0,0.0,0.0,False,False,False,False,0.0,no analyte mapping,,heavy_metals,7440-47-3,CID:23976,DTXSID3031022,0.0,0.0,,,,,0.0,0.0,1.0,pending_manual_review,M1,False,False,False,resolved_no_supported_candidate_specific_analyte,CDC NHANES catalog domains checked: Metals - Urine; CDC NHANES Metals - Urine and blood metal panels searched; local XPT registry variables checked for candidate aliases.,CTD identifiers/name; CDC NHANES laboratory catalog; 119 relevant laboratory domains; downloaded XPT value/LOD/weight columns.,CTD Phase 1 export; CDC NHANES continuous laboratory catalog; CDC NHANES environmental XPT files,metal family searched; no mapped elemental analyte,CDC NHANES Metals - Urine and blood metal panels searched,False,,not_human_testable,retain_with_resolved_audit_no_primary_screen,True
267-chemical actionability matrix,,,,C061374,antimonite,GeneCards_Disorders,1000.0,77.0,0.2602858133866392,1.0,87.0,5.0,M1,False,1.0,"specific_entity_identifier:CasRN,DTXSID",False,antimonite,antimonite;39349-74-1,elemental species or metal compound,,,heavy_metals,metal exposure axis,metal family searched; no mapped elemental analyte,,unresolved,CDC NHANES Metals - Urine and blood metal panels searched,119.0,Metals - Urine,resolved_no_candidate_specific_analyte,no analyte rows,,,,,,,,,0.0,,,,,,0.0,0.0,0.0,0.0,0.0,0.0,False,False,False,False,0.0,no analyte mapping,,heavy_metals,39349-74-1,,DTXSID001047938,0.0,0.0,,,,,0.0,0.0,1.0,pending_manual_review,M1,False,False,False,resolved_no_supported_candidate_specific_analyte,CDC NHANES catalog domains checked: Metals - Urine; CDC NHANES Metals - Urine and blood metal panels searched; local XPT registry variables checked for candidate aliases.,CTD identifiers/name; CDC NHANES laboratory catalog; 119 relevant laboratory domains; downloaded XPT value/LOD/weight columns.,CTD Phase 1 export; CDC NHANES continuous laboratory catalog; CDC NHANES environmental XPT files,metal family searched; no mapped elemental analyte,CDC NHANES Metals - Urine and blood metal panels searched,False,,not_human_testable,retain_with_resolved_audit_no_primary_screen,True
267-chemical actionability matrix,,,,C041517,"dibenzo(a,l)pyrene",GeneCards_Disorders,1000.0,79.0,0.2841687474373862,1.0,147.0,7.0,M1,False,1.0,"specific_entity_identifier:CasRN,PubChemCID,DTXSID,InChIKey",False,dibenzo a l pyrene,"dibenzo(a,l)pyrene;191-30-0",CTD entity,,,pahs,PAH exposure axis,parent PAH to validated urinary OH-PAH proxy,URXP10,moderate,CDC NHANES urinary OH-PAH panel; parent-specificity is limited,68.0,Polyaromatic Hydrocarbons (PAHs) - Urine;Polyaromatic Hydrocarbons -Urine;Polycyclic Aromatic Hydrocarbons (PAH) - Urine,mapped,"validated/specificity mapping first; detectability, cycle coverage, and measured N used as non-CRC tie-breakers","[{""variable"": ""URXP10"", ""n_cycles_available"": 9, ""total_measured"": 23952, ""total_above_lod"": 21231, ""pooled_above_lod_pct"": 88.63977955911824, ""min_cycle_above_lod_pct"": 60.21621621621622, ""median_cycle_above_lod_pct"": 99.3638170974155, ""max_cycle_above_lod_pct"": 100.0}]",88.63977955911824,60.21621621621622,99.3638170974155,100.0,23952.0,21231.0,1.0,9.0,2001-2002;2003-2004;2005-2006;2007-2008;2009-2010;2011-2012;2013-2014;2015-2016;2017-2018,2001-2002,2017-2018,urine,"Phthalates, Phytoestrogens & PAHs - Urine;Polyaromatic Hydrocarbons (PAHs) - Urine;Polyaromatic Hydrocarbons -Urine;Polycyclic Aromatic Hydrocarbons (PAH) - Urine",23952.0,17382.0,9896.0,8980.0,70.0,8195.0,True,True,True,True,2.0,predefined primary survey model feasible,URXP10,pahs,191-30-0,CID:9119,DTXSID9059753,1.0,1.0,URXP10,URXP10,urinary biomarker,2001-2002;2003-2004;2005-2006;2007-2008;2009-2010;2011-2012;2013-2014;2015-2016;2017-2018,9.0,2.0,1.0,pending_manual_review,M1,True,True,False,resolved_mapped,CDC NHANES catalog domains checked: Polyaromatic Hydrocarbons (PAHs) - Urine;Polyaromatic Hydrocarbons -Urine;Polycyclic Aromatic Hydrocarbons (PAH) - Urine; CDC NHANES urinary OH-PAH panel; parent-specificity is limited; local XPT registry variables checked for candidate aliases.,CTD identifiers/name; CDC NHANES laboratory catalog; 68 relevant laboratory domains; downloaded XPT value/LOD/weight columns.,CTD Phase 1 export; CDC NHANES continuous laboratory catalog; CDC NHANES environmental XPT files,parent PAH to validated urinary OH-PAH proxy,,False,,Tier_A_moderate,enter_systematic_human_screen,True
267-chemical actionability matrix,,,,D004051,Diethylhexyl Phthalate,GeneCards_Disorders,1000.0,80.0,0.2841687474373862,1.0,2426.0,73.0,M1,False,1.0,"specific_entity_identifier:CasRN,DTXSID,InChIKey",False,diethylhexyl phthalate,Diethylhexyl Phthalate;117-81-7;phthalate;plasticizer,phthalate parent or monoester metabolite,DEHP,DEHP,phthalates,DEHP-related exposure axis,parent-to-validated-urinary-metabolite axis,URXECP;URXMHH;URXMOH,moderate,CDC NHANES phthalate/plasticizer metabolite panel and codebook,161.0,"Phthalates & Plasticizers Metabolites - Urine;Phthalates - Urine;Phthalates and Plasticizers Metabolites - Urine;Phthalates, Phytoestrogens & PAHs - Urine;Phthalates, Phytoestrogens & PAHs - Urine PHPYPA Urinary Phthalates",mapped,"validated/specificity mapping first; detectability, cycle coverage, and measured N used as non-CRC tie-breakers","[{""variable"": ""URXECP"", ""n_cycles_available"": 8, ""total_measured"": 21417, ""total_above_lod"": 21388, ""pooled_above_lod_pct"": 99.86459354718214, ""min_cycle_above_lod_pct"": 99.71876255524307, ""median_cycle_above_lod_pct"": 99.87108342203996, ""max_cycle_above_lod_pct"": 99.96362313568571}, {""variable"": ""URXMHH"", ""n_cycles_available"": 9, ""total_measured"": 24199, ""total_above_lod"": 24094, ""pooled_above_lod_pct"": 99.56609777263523, ""min_cycle_above_lod_pct"": 99.02244750181028, ""median_cycle_above_lod_pct"": 99.60753532182103, ""max_cycle_above_lod_pct"": 100.0}, {""variable"": ""URXMOH"", ""n_cycles_available"": 9, ""total_measured"": 24199, ""total_above_lod"": 24038, ""pooled_above_lod_pct"": 99.33468325137402, ""min_cycle_above_lod_pct"": 98.31029185867895, ""median_cycle_above_lod_pct"": 99.46218487394958, ""max_cycle_above_lod_pct"": 100.0}]",99.86459354718214,99.71876255524307,99.87108342203996,99.96362313568572,21417.0,21388.0,2.0,8.0,2003-2004;2005-2006;2007-2008;2009-2010;2011-2012;2013-2014;2015-2016;2017-2018,2003-2004,2017-2018,urine,Phthalates & Plasticizers Metabolites - Urine;Phthalates - Urine;Phthalates and Plasticizers Metabolites - Urine,21417.0,17382.0,13641.0,12269.0,85.0,11139.0,True,True,True,True,2.0,predefined primary survey model feasible,URXECP,phthalates,117-81-7,,DTXSID5020607,1.0,1.0,URXECP,URXECP,urinary biomarker,2003-2004;2005-2006;2007-2008;2009-2010;2011-2012;2013-2014;2015-2016;2017-2018,8.0,2.0,1.0,pending_manual_review,M1,True,True,True,resolved_mapped,"CDC NHANES catalog domains checked: Phthalates & Plasticizers Metabolites - Urine;Phthalates - Urine;Phthalates and Plasticizers Metabolites - Urine;Phthalates, Phytoestrogens & PAHs - Urine;Phthalates, Phytoestrogens & PAHs - Urine PHPYPA Urinary Phthalates; CDC NHANES phthalate/plasticizer metabolite panel and codebook; local XPT registry variables checked for candidate aliases.",CTD identifiers/name; CDC NHANES laboratory catalog; 161 relevant laboratory domains; downloaded XPT value/LOD/weight columns.,CTD Phase 1 export; CDC NHANES continuous laboratory catalog; CDC NHANES environmental XPT files,parent-to-validated-urinary-metabolite axis,,False,,Tier_A_strict,enter_systematic_human_screen,True
267-chemical actionability matrix,,,,D007854,Lead,GeneCards_Disorders,1000.0,95.0,0.3198742674870402,1.0,2914.0,85.0,M1,False,1.0,"specific_entity_identifier:CasRN,DTXSID,InChIKey",False,lead,Lead;7439-92-1,elemental species or metal compound,,,heavy_metals,metal exposure axis,elemental urinary biomarker for parent metal/species,URXUPB,moderate,CDC NHANES metals blood/urine panels and codebooks,119.0,Metals - Urine,mapped,"validated/specificity mapping first; detectability, cycle coverage, and measured N used as non-CRC tie-breakers","[{""variable"": ""URXUPB"", ""n_cycles_available"": 10, ""total_measured"": 26398, ""total_above_lod"": 25662, ""pooled_above_lod_pct"": 97.21190999318131, ""min_cycle_above_lod_pct"": 84.83189992181391, ""median_cycle_above_lod_pct"": 98.4847523579918, ""max_cycle_above_lod_pct"": 100.0}]",97.21190999318132,84.83189992181391,98.4847523579918,100.0,26398.0,25662.0,2.0,10.0,1999-2000;2001-2002;2003-2004;2005-2006;2007-2008;2009-2010;2011-2012;2013-2014;2015-2016;2017-2018,1999-2000,2017-2018,urine,Metals - Urine,26398.0,17382.0,1715.0,1531.0,10.0,1409.0,True,True,True,True,0.0,insufficient complete-case events/sample or survey infrastructure,URXUPB,heavy_metals,7439-92-1,,DTXSID2024161,1.0,1.0,URXUPB,URXUPB,urinary biomarker,1999-2000;2001-2002;2003-2004;2005-2006;2007-2008;2009-2010;2011-2012;2013-2014;2015-2016;2017-2018,10.0,2.0,1.0,pending_manual_review,M1,False,False,False,resolved_mapped,CDC NHANES catalog domains checked: Metals - Urine; CDC NHANES metals blood/urine panels and codebooks; local XPT registry variables checked for candidate aliases.,CTD identifiers/name; CDC NHANES laboratory catalog; 119 relevant laboratory domains; downloaded XPT value/LOD/weight columns.,CTD Phase 1 export; CDC NHANES continuous laboratory catalog; CDC NHANES environmental XPT files,elemental urinary biomarker for parent metal/species,,False,,not_human_testable,retain_with_resolved_audit_no_primary_screen,True
267-chemical actionability matrix,,,,C029938,nickel sulfate,GeneCards_Disorders,1000.0,105.0,0.4181129879136484,1.0,1508.0,45.0,M1,False,1.0,"specific_entity_identifier:CasRN,DTXSID,InChIKey",False,nickel sulfate,nickel sulfate;7786-81-4,elemental species or metal compound,,,heavy_metals,metal exposure axis,metal family searched; no mapped elemental analyte,,unresolved,CDC NHANES Metals - Urine and blood metal panels searched,119.0,Metals - Urine,resolved_no_candidate_specific_analyte,no analyte rows,,,,,,,,,0.0,,,,,,0.0,0.0,0.0,0.0,0.0,0.0,False,False,False,False,0.0,no analyte mapping,,heavy_metals,7786-81-4,,DTXSID6023787,0.0,0.0,,,,,0.0,0.0,1.0,pending_manual_review,M1,False,False,False,resolved_no_supported_candidate_specific_analyte,CDC NHANES catalog domains checked: Metals - Urine; CDC NHANES Metals - Urine and blood metal panels searched; local XPT registry variables checked for candidate aliases.,CTD identifiers/name; CDC NHANES laboratory catalog; 119 relevant laboratory domains; downloaded XPT value/LOD/weight columns.,CTD Phase 1 export; CDC NHANES continuous laboratory catalog; CDC NHANES environmental XPT files,metal family searched; no mapped elemental analyte,CDC NHANES Metals - Urine and blood metal panels searched,False,,not_human_testable,retain_with_resolved_audit_no_primary_screen,True
267-chemical actionability matrix,,,,C036567,perfluorodecanoic acid,GeneCards_Disorders,1000.0,116.0,0.5728056329389364,1.0,164.0,6.0,M1,False,1.0,"specific_entity_identifier:CasRN,DTXSID,InChIKey",False,perfluorodecanoic acid,perfluorodecanoic acid;335-76-2;PFAS;PFdecanoic acid,PFAS or fluorinated compound,,,pfas_perfluoro,PFAS exposure axis,direct serum PFAS analyte,LBXPFDE,high,CDC NHANES PFAS serum panel and codebook,27.0,Perfluoroalkyl and Polyfluoroalkyl;Perfluoroalkyl and Polyfluoroalkyl Substances;Perfluoroalkyl and Polyfluoroalkyl Substances (formerly Polyfluoroalkyl Chemicals - PFC),mapped,"validated/specificity mapping first; detectability, cycle coverage, and measured N used as non-CRC tie-breakers","[{""variable"": ""LBXPFDE"", ""n_cycles_available"": 8, ""total_measured"": 16541, ""total_above_lod"": 12111, ""pooled_above_lod_pct"": 73.21806420409891, ""min_cycle_above_lod_pct"": 27.650429799426934, ""median_cycle_above_lod_pct"": 77.80834435702849, ""max_cycle_above_lod_pct"": 94.62606359158083}]",73.21806420409891,27.65042979942693,77.80834435702849,94.62606359158085,16541.0,12111.0,1.0,8.0,2003-2004;2005-2006;2007-2008;2009-2010;2011-2012;2013-2014;2015-2016;2017-2018,2003-2004,2017-2018,serum_or_blood,Perfluoroalkyl and Polyfluoroalkyl;Perfluoroalkyl and Polyfluoroalkyl Substances;Perfluoroalkyl and Polyfluoroalkyl Substances (formerly Polyfluoroalkyl Chemicals - PFC);Polyfluoroalkyl Chemicals,16541.0,17382.0,6579.0,5825.0,32.0,5290.0,True,True,True,True,1.0,survey model feasible but event/sample margin is limited,LBXPFDE,pfas_perfluoro,335-76-2,,DTXSID3031860,1.0,1.0,LBXPFDE,LBXPFDE,serum/blood biomarker,2003-2004;2005-2006;2007-2008;2009-2010;2011-2012;2013-2014;2015-2016;2017-2018,8.0,2.0,1.0,pending_manual_review,M1,True,True,False,resolved_mapped,CDC NHANES catalog domains checked: Perfluoroalkyl and Polyfluoroalkyl;Perfluoroalkyl and Polyfluoroalkyl Substances;Perfluoroalkyl and Polyfluoroalkyl Substances (formerly Polyfluoroalkyl Chemicals - PFC); CDC NHANES PFAS serum panel and codebook; local XPT registry variables checked for candidate aliases.,CTD identifiers/name; CDC NHANES laboratory catalog; 27 relevant laboratory domains; downloaded XPT value/LOD/weight columns.,CTD Phase 1 export; CDC NHANES continuous laboratory catalog; CDC NHANES environmental XPT files,direct serum PFAS analyte,,False,,Tier_A_moderate,enter_systematic_human_screen,True
267-chemical actionability matrix,,,,C101816,perfluoro-n-nonanoic acid,GeneCards_Disorders,1000.0,121.0,0.7510590760276927,1.0,1601.0,44.0,M1,False,1.0,"specific_entity_identifier:CasRN,DTXSID,InChIKey",False,perfluoro n nonanoic acid,perfluoro-n-nonanoic acid;375-95-1;PFAS;PF n nonanoic acid,PFAS or fluorinated compound,,,pfas_perfluoro,PFAS exposure axis,direct serum PFAS analyte,LBXPFNA,high,CDC NHANES PFAS serum panel and codebook,27.0,Perfluoroalkyl and Polyfluoroalkyl;Perfluoroalkyl and Polyfluoroalkyl Substances;Perfluoroalkyl and Polyfluoroalkyl Substances (formerly Polyfluoroalkyl Chemicals - PFC),mapped,"validated/specificity mapping first; detectability, cycle coverage, and measured N used as non-CRC tie-breakers","[{""variable"": ""LBXPFNA"", ""n_cycles_available"": 8, ""total_measured"": 16541, ""total_above_lod"": 16259, ""pooled_above_lod_pct"": 98.295145396288, ""min_cycle_above_lod_pct"": 92.48315189217212, ""median_cycle_above_lod_pct"": 98.90560815985518, ""max_cycle_above_lod_pct"": 99.77608598298254}]",98.295145396288,92.48315189217212,98.90560815985518,99.77608598298254,16541.0,16259.0,2.0,8.0,2003-2004;2005-2006;2007-2008;2009-2010;2011-2012;2013-2014;2015-2016;2017-2018,2003-2004,2017-2018,serum_or_blood,Perfluoroalkyl and Polyfluoroalkyl;Perfluoroalkyl and Polyfluoroalkyl Substances;Perfluoroalkyl and Polyfluoroalkyl Substances (formerly Polyfluoroalkyl Chemicals - PFC);Polyfluoroalkyl Chemicals,16541.0,17382.0,6579.0,5825.0,32.0,5290.0,True,True,True,True,1.0,survey model feasible but event/sample margin is limited,LBXPFNA,pfas_perfluoro,375-95-1,,DTXSID8031863,1.0,1.0,LBXPFNA,LBXPFNA,serum/blood biomarker,2003-2004;2005-2006;2007-2008;2009-2010;2011-2012;2013-2014;2015-2016;2017-2018,8.0,2.0,1.0,pending_manual_review,M1,True,True,False,resolved_mapped,CDC NHANES catalog domains checked: Perfluoroalkyl and Polyfluoroalkyl;Perfluoroalkyl and Polyfluoroalkyl Substances;Perfluoroalkyl and Polyfluoroalkyl Substances (formerly Polyfluoroalkyl Chemicals - PFC); CDC NHANES PFAS serum panel and codebook; local XPT registry variables checked for candidate aliases.,CTD identifiers/name; CDC NHANES laboratory catalog; 27 relevant laboratory domains; downloaded XPT value/LOD/weight columns.,CTD Phase 1 export; CDC NHANES continuous laboratory catalog; CDC NHANES environmental XPT files,direct serum PFAS analyte,,False,,Tier_A_moderate,enter_systematic_human_screen,True
267-chemical actionability matrix,,,,D004785,Environmental Pollutants,GeneCards_Disorders,1000.0,123.0,0.9182131585658492,1.0,166.0,5.0,M1,False,1.0,specific_ctd_entity_id:D004785,False,environmental pollutants,Environmental Pollutants,umbrella exposure class,,,environmental_pollutants,,none,,unresolved,,0.0,,resolved_no_candidate_specific_analyte,no analyte rows,,,,,,,,,0.0,,,,,,0.0,0.0,0.0,0.0,0.0,0.0,False,False,False,False,0.0,no analyte mapping,,environmental_pollutants,,,,0.0,0.0,,,,,0.0,0.0,1.0,pending_manual_review,M1,False,False,False,resolved_no_supported_candidate_specific_analyte,CDC NHANES catalog domains checked: none matched; ; local XPT registry variables checked for candidate aliases.,CTD identifiers/name; CDC NHANES laboratory catalog; 0 relevant laboratory domains; downloaded XPT value/LOD/weight columns.,CTD Phase 1 export; CDC NHANES continuous laboratory catalog; CDC NHANES environmental XPT files,,,False,,not_human_testable,retain_with_resolved_audit_no_primary_screen,True
267-chemical actionability matrix,,,,C471071,perfluorohexanesulfonic acid,GeneCards_Disorders,1000.0,131.0,1.0,1.0,497.0,13.0,M1,False,1.0,"specific_entity_identifier:CasRN,DTXSID,InChIKey",False,perfluorohexanesulfonic acid,perfluorohexanesulfonic acid;355-46-4;PFAS;PFhexanesulfonic acid,PFAS or fluorinated compound,,,pfas_perfluoro,PFAS exposure axis,direct serum PFAS analyte,LBXPFHS,high,CDC NHANES PFAS serum panel and codebook,27.0,Perfluoroalkyl and Polyfluoroalkyl;Perfluoroalkyl and Polyfluoroalkyl Substances;Perfluoroalkyl and Polyfluoroalkyl Substances (formerly Polyfluoroalkyl Chemicals - PFC),mapped,"validated/specificity mapping first; detectability, cycle coverage, and measured N used as non-CRC tie-breakers","[{""variable"": ""LBXPFHS"", ""n_cycles_available"": 8, ""total_measured"": 16541, ""total_above_lod"": 16278, ""pooled_above_lod_pct"": 98.41001148660904, ""min_cycle_above_lod_pct"": 95.89622641509433, ""median_cycle_above_lod_pct"": 98.64570970722251, ""max_cycle_above_lod_pct"": 99.4178235557546}]",98.41001148660904,95.89622641509432,98.64570970722252,99.4178235557546,16541.0,16278.0,2.0,8.0,2003-2004;2005-2006;2007-2008;2009-2010;2011-2012;2013-2014;2015-2016;2017-2018,2003-2004,2017-2018,serum_or_blood,Perfluoroalkyl and Polyfluoroalkyl;Perfluoroalkyl and Polyfluoroalkyl Substances;Perfluoroalkyl and Polyfluoroalkyl Substances (formerly Polyfluoroalkyl Chemicals - PFC);Polyfluoroalkyl Chemicals,16541.0,17382.0,6579.0,5825.0,32.0,5290.0,True,True,True,True,1.0,survey model feasible but event/sample margin is limited,LBXPFHS,pfas_perfluoro,355-46-4,,DTXSID7040150,1.0,1.0,LBXPFHS,LBXPFHS,serum/blood biomarker,2003-2004;2005-2006;2007-2008;2009-2010;2011-2012;2013-2014;2015-2016;2017-2018,8.0,2.0,1.0,pending_manual_review,M1,True,True,False,resolved_mapped,CDC NHANES catalog domains checked: Perfluoroalkyl and Polyfluoroalkyl;Perfluoroalkyl and Polyfluoroalkyl Substances;Perfluoroalkyl and Polyfluoroalkyl Substances (formerly Polyfluoroalkyl Chemicals - PFC); CDC NHANES PFAS serum panel and codebook; local XPT registry variables checked for candidate aliases.,CTD identifiers/name; CDC NHANES laboratory catalog; 27 relevant laboratory domains; downloaded XPT value/LOD/weight columns.,CTD Phase 1 export; CDC NHANES continuous laboratory catalog; CDC NHANES environmental XPT files,direct serum PFAS analyte,,False,,Tier_A_moderate,enter_systematic_human_screen,True
267-chemical actionability matrix,,,,D008748,Methylcholanthrene,GeneCards_Disorders,1000.0,132.0,1.0,1.0,307.0,8.0,M1,False,1.0,"specific_entity_identifier:CasRN,PubChemCID,DTXSID,InChIKey",False,methylcholanthrene,Methylcholanthrene;56-49-5,CTD entity,,,pahs,PAH exposure axis,family-level urinary OH-PAH proxy,URXP10,low,CDC NHANES urinary OH-PAH panel; only family-level proxy assigned,68.0,Polyaromatic Hydrocarbons (PAHs) - Urine;Polyaromatic Hydrocarbons -Urine;Polycyclic Aromatic Hydrocarbons (PAH) - Urine,mapped,"validated/specificity mapping first; detectability, cycle coverage, and measured N used as non-CRC tie-breakers","[{""variable"": ""URXP10"", ""n_cycles_available"": 9, ""total_measured"": 23952, ""total_above_lod"": 21231, ""pooled_above_lod_pct"": 88.63977955911824, ""min_cycle_above_lod_pct"": 60.21621621621622, ""median_cycle_above_lod_pct"": 99.3638170974155, ""max_cycle_above_lod_pct"": 100.0}]",88.63977955911824,60.21621621621622,99.3638170974155,100.0,23952.0,21231.0,1.0,9.0,2001-2002;2003-2004;2005-2006;2007-2008;2009-2010;2011-2012;2013-2014;2015-2016;2017-2018,2001-2002,2017-2018,urine,"Phthalates, Phytoestrogens & PAHs - Urine;Polyaromatic Hydrocarbons (PAHs) - Urine;Polyaromatic Hydrocarbons -Urine;Polycyclic Aromatic Hydrocarbons (PAH) - Urine",23952.0,17382.0,9896.0,8980.0,70.0,8195.0,True,True,True,True,2.0,predefined primary survey model feasible,URXP10,pahs,56-49-5,CID:1674,DTXSID0020862,1.0,1.0,URXP10,URXP10,urinary biomarker,2001-2002;2003-2004;2005-2006;2007-2008;2009-2010;2011-2012;2013-2014;2015-2016;2017-2018,9.0,2.0,1.0,pending_manual_review,M1,True,True,False,resolved_mapped,CDC NHANES catalog domains checked: Polyaromatic Hydrocarbons (PAHs) - Urine;Polyaromatic Hydrocarbons -Urine;Polycyclic Aromatic Hydrocarbons (PAH) - Urine; CDC NHANES urinary OH-PAH panel; only family-level proxy assigned; local XPT registry variables checked for candidate aliases.,CTD identifiers/name; CDC NHANES laboratory catalog; 68 relevant laboratory domains; downloaded XPT value/LOD/weight columns.,CTD Phase 1 export; CDC NHANES continuous laboratory catalog; CDC NHANES environmental XPT files,family-level urinary OH-PAH proxy,,False,,Tier_A_moderate,enter_systematic_human_screen,True
267-chemical actionability matrix,,,,C018021,cobaltous chloride,GeneCards_Disorders,1000.0,133.0,1.0,1.0,3276.0,85.0,M1,False,1.0,"specific_entity_identifier:CasRN,PubChemCID,DTXSID,InChIKey",False,cobaltous chloride,cobaltous chloride;7646-79-9,elemental species or metal compound,,,heavy_metals,metal exposure axis,elemental urinary biomarker for parent metal/species,URXUCO,moderate,CDC NHANES metals blood/urine panels and codebooks,119.0,Metals - Urine,mapped,"validated/specificity mapping first; detectability, cycle coverage, and measured N used as non-CRC tie-breakers","[{""variable"": ""URXUCO"", ""n_cycles_available"": 10, ""total_measured"": 26801, ""total_above_lod"": 26648, ""pooled_above_lod_pct"": 99.42912577888885, ""min_cycle_above_lod_pct"": 96.28616106333072, ""median_cycle_above_lod_pct"": 99.8323824908332, ""max_cycle_above_lod_pct"": 100.0}]",99.42912577888885,96.28616106333072,99.8323824908332,100.0,26801.0,26648.0,2.0,10.0,1999-2000;2001-2002;2003-2004;2005-2006;2007-2008;2009-2010;2011-2012;2013-2014;2015-2016;2017-2018,1999-2000,2017-2018,urine,Metals - Urine,26801.0,17382.0,1715.0,1531.0,10.0,1409.0,True,True,True,True,0.0,insufficient complete-case events/sample or survey infrastructure,URXUCO,heavy_metals,7646-79-9,CID:3032536,DTXSID9040180,1.0,1.0,URXUCO,URXUCO,urinary biomarker,1999-2000;2001-2002;2003-2004;2005-2006;2007-2008;2009-2010;2011-2012;2013-2014;2015-2016;2017-2018,10.0,2.0,1.0,pending_manual_review,M1,False,False,False,resolved_mapped,CDC NHANES catalog domains checked: Metals - Urine; CDC NHANES metals blood/urine panels and codebooks; local XPT registry variables checked for candidate aliases.,CTD identifiers/name; CDC NHANES laboratory catalog; 119 relevant laboratory domains; downloaded XPT value/LOD/weight columns.,CTD Phase 1 export; CDC NHANES continuous laboratory catalog; CDC NHANES environmental XPT files,elemental urinary biomarker for parent metal/species,,False,,not_human_testable,retain_with_resolved_audit_no_primary_screen,True
267-chemical actionability matrix,,,,D008345,Manganese,GeneCards_Disorders,1000.0,134.0,1.0,1.0,2849.0,71.0,M1,False,1.0,"specific_entity_identifier:CasRN,PubChemCID,DTXSID,InChIKey",False,manganese,Manganese;7439-96-5,elemental species or metal compound,,,heavy_metals,metal exposure axis,elemental urinary biomarker for parent metal/species,URXUMN,moderate,CDC NHANES metals blood/urine panels and codebooks,119.0,Metals - Urine,mapped,"validated/specificity mapping first; detectability, cycle coverage, and measured N used as non-CRC tie-breakers","[{""variable"": ""URXUMN"", ""n_cycles_available"": 4, ""total_measured"": 11037, ""total_above_lod"": 4539, ""pooled_above_lod_pct"": 41.125305789616746, ""min_cycle_above_lod_pct"": 30.48048048048048, ""median_cycle_above_lod_pct"": 34.11814124203866, ""max_cycle_above_lod_pct"": 69.129392971246}]",41.125305789616746,30.48048048048048,34.11814124203866,69.129392971246,11037.0,4539.0,0.0,4.0,2011-2012;2013-2014;2015-2016;2017-2018,2011-2012,2017-2018,urine,Metals - Urine,11037.0,17382.0,1715.0,1531.0,10.0,1409.0,True,True,True,True,0.0,insufficient complete-case events/sample or survey infrastructure,URXUMN,heavy_metals,7439-96-5,CID:23930,DTXSID2024169,1.0,1.0,URXUMN,URXUMN,urinary biomarker,2011-2012;2013-2014;2015-2016;2017-2018,4.0,1.0,1.0,pending_manual_review,M1,False,False,False,resolved_mapped,CDC NHANES catalog domains checked: Metals - Urine; CDC NHANES metals blood/urine panels and codebooks; local XPT registry variables checked for candidate aliases.,CTD identifiers/name; CDC NHANES laboratory catalog; 119 relevant laboratory domains; downloaded XPT value/LOD/weight columns.,CTD Phase 1 export; CDC NHANES continuous laboratory catalog; CDC NHANES environmental XPT files,elemental urinary biomarker for parent metal/species,,False,,not_human_testable,retain_with_resolved_audit_no_primary_screen,True
267-chemical actionability matrix,,,,D014501,Uranium,GeneCards_Disorders,1000.0,135.0,1.0,1.0,245.0,6.0,M1,False,1.0,"specific_entity_identifier:CasRN,PubChemCID,DTXSID,InChIKey",False,uranium,Uranium;7440-61-1,elemental species or metal compound,,,heavy_metals,metal exposure axis,elemental urinary biomarker for parent metal/species,URXUUR,moderate,CDC NHANES metals blood/urine panels and codebooks,119.0,Metals - Urine,mapped,"validated/specificity mapping first; detectability, cycle coverage, and measured N used as non-CRC tie-breakers","[{""variable"": ""URXUUR"", ""n_cycles_available"": 8, ""total_measured"": 21527, ""total_above_lod"": 18486, ""pooled_above_lod_pct"": 85.87355414131092, ""min_cycle_above_lod_pct"": 70.19945248337896, ""median_cycle_above_lod_pct"": 87.39161696908175, ""max_cycle_above_lod_pct"": 100.0}]",85.87355414131092,70.19945248337896,87.39161696908175,100.0,21527.0,18486.0,1.0,8.0,2001-2002;2003-2004;2005-2006;2007-2008;2009-2010;2011-2012;2013-2014;2015-2016,2001-2002,2015-2016,urine,Metals - Urine,21527.0,17382.0,1715.0,1531.0,10.0,1409.0,True,True,True,True,0.0,insufficient complete-case events/sample or survey infrastructure,URXUUR,heavy_metals,7440-61-1,CID:23989,DTXSID1042522,1.0,1.0,URXUUR,URXUUR,urinary biomarker,2001-2002;2003-2004;2005-2006;2007-2008;2009-2010;2011-2012;2013-2014;2015-2016,8.0,2.0,1.0,pending_manual_review,M1,False,False,False,resolved_mapped,CDC NHANES catalog domains checked: Metals - Urine; CDC NHANES metals blood/urine panels and codebooks; local XPT registry variables checked for candidate aliases.,CTD identifiers/name; CDC NHANES laboratory catalog; 119 relevant laboratory domains; downloaded XPT value/LOD/weight columns.,CTD Phase 1 export; CDC NHANES continuous laboratory catalog; CDC NHANES environmental XPT files,elemental urinary biomarker for parent metal/species,,False,,not_human_testable,retain_with_resolved_audit_no_primary_screen,True
267-chemical actionability matrix,,,,C000611646,bisphenol F,GeneCards_Disorders,1000.0,138.0,1.0,1.0,3290.0,80.0,M1,False,1.0,specific_entity_identifier:PubChemCID,False,bisphenol f,bisphenol F,bisphenol or bisphenol-related compound,,,bisphenols,bisphenol exposure axis,direct urinary analyte,URXBPH,high,CDC NHANES environmental phenols panel and codebook,33.0,Environmental Phenols;Environmental Phenols & Parabens,mapped,"validated/specificity mapping first; detectability, cycle coverage, and measured N used as non-CRC tie-breakers","[{""variable"": ""URXBPH"", ""n_cycles_available"": 5, ""total_measured"": 12907, ""total_above_lod"": 11918, ""pooled_above_lod_pct"": 92.3374912837995, ""min_cycle_above_lod_pct"": 89.71474487746083, ""median_cycle_above_lod_pct"": 92.85714285714286, ""max_cycle_above_lod_pct"": 93.62519201228879}]",92.3374912837995,89.71474487746083,92.85714285714286,93.6251920122888,12907.0,11918.0,2.0,5.0,2003-2004;2005-2006;2007-2008;2009-2010;2011-2012,2003-2004,2011-2012,urine,Environmental Phenols;Environmental Phenols & Parabens,12907.0,17382.0,6912.0,6261.0,45.0,5706.0,True,True,True,True,1.0,survey model feasible but event/sample margin is limited,URXBPH,bisphenols,,CID:12111,,1.0,1.0,URXBPH,URXBPH,urinary biomarker,2003-2004;2005-2006;2007-2008;2009-2010;2011-2012,5.0,2.0,1.0,pending_manual_review,M1,True,True,False,resolved_mapped,CDC NHANES catalog domains checked: Environmental Phenols;Environmental Phenols & Parabens; CDC NHANES environmental phenols panel and codebook; local XPT registry variables checked for candidate aliases.,CTD identifiers/name; CDC NHANES laboratory catalog; 33 relevant laboratory domains; downloaded XPT value/LOD/weight columns.,CTD Phase 1 export; CDC NHANES continuous laboratory catalog; CDC NHANES environmental XPT files,direct urinary analyte,,False,,Tier_A_moderate,enter_systematic_human_screen,True
267-chemical actionability matrix,,,,C000655605,fluorene-9-bisphenol,GeneCards_Disorders,1000.0,141.0,1.0,1.0,238.0,5.0,M1,False,1.0,specific_entity_identifier:PubChemCID,False,fluorene 9 bisphenol,fluorene-9-bisphenol,bisphenol or bisphenol-related compound,,,bisphenols,bisphenol exposure axis,direct urinary analyte,URXBPH,high,CDC NHANES environmental phenols panel and codebook,33.0,Environmental Phenols;Environmental Phenols & Parabens,mapped,"validated/specificity mapping first; detectability, cycle coverage, and measured N used as non-CRC tie-breakers","[{""variable"": ""URXBPH"", ""n_cycles_available"": 5, ""total_measured"": 12907, ""total_above_lod"": 11918, ""pooled_above_lod_pct"": 92.3374912837995, ""min_cycle_above_lod_pct"": 89.71474487746083, ""median_cycle_above_lod_pct"": 92.85714285714286, ""max_cycle_above_lod_pct"": 93.62519201228879}]",92.3374912837995,89.71474487746083,92.85714285714286,93.6251920122888,12907.0,11918.0,2.0,5.0,2003-2004;2005-2006;2007-2008;2009-2010;2011-2012,2003-2004,2011-2012,urine,Environmental Phenols;Environmental Phenols & Parabens,12907.0,17382.0,6912.0,6261.0,45.0,5706.0,True,True,True,True,1.0,survey model feasible but event/sample margin is limited,URXBPH,bisphenols,,CID:76716,,1.0,1.0,URXBPH,URXBPH,urinary biomarker,2003-2004;2005-2006;2007-2008;2009-2010;2011-2012,5.0,2.0,1.0,pending_manual_review,M1,True,True,False,resolved_mapped,CDC NHANES catalog domains checked: Environmental Phenols;Environmental Phenols & Parabens; CDC NHANES environmental phenols panel and codebook; local XPT registry variables checked for candidate aliases.,CTD identifiers/name; CDC NHANES laboratory catalog; 33 relevant laboratory domains; downloaded XPT value/LOD/weight columns.,CTD Phase 1 export; CDC NHANES continuous laboratory catalog; CDC NHANES environmental XPT files,direct urinary analyte,,False,,Tier_A_moderate,enter_systematic_human_screen,True
267-chemical actionability matrix,,,,C583074,bisphenol AF,GeneCards_Disorders,1000.0,142.0,1.0,1.0,2117.0,45.0,M1,False,1.0,specific_entity_identifier:PubChemCID,False,bisphenol af,bisphenol AF;BPA,bisphenol or bisphenol-related compound,,,bisphenols,bisphenol exposure axis,direct urinary analyte,URXBPH,high,CDC NHANES environmental phenols panel and codebook,33.0,Environmental Phenols;Environmental Phenols & Parabens,mapped,"validated/specificity mapping first; detectability, cycle coverage, and measured N used as non-CRC tie-breakers","[{""variable"": ""URXBPH"", ""n_cycles_available"": 5, ""total_measured"": 12907, ""total_above_lod"": 11918, ""pooled_above_lod_pct"": 92.3374912837995, ""min_cycle_above_lod_pct"": 89.71474487746083, ""median_cycle_above_lod_pct"": 92.85714285714286, ""max_cycle_above_lod_pct"": 93.62519201228879}]",92.3374912837995,89.71474487746083,92.85714285714286,93.6251920122888,12907.0,11918.0,2.0,5.0,2003-2004;2005-2006;2007-2008;2009-2010;2011-2012,2003-2004,2011-2012,urine,Environmental Phenols;Environmental Phenols & Parabens,12907.0,17382.0,6912.0,6261.0,45.0,5706.0,True,True,True,True,1.0,survey model feasible but event/sample margin is limited,URXBPH,bisphenols;pfas_perfluoro,,CID:73864,,1.0,1.0,URXBPH,URXBPH,urinary biomarker,2003-2004;2005-2006;2007-2008;2009-2010;2011-2012,5.0,2.0,1.0,pending_manual_review,M1,True,True,False,resolved_mapped,CDC NHANES catalog domains checked: Environmental Phenols;Environmental Phenols & Parabens; CDC NHANES environmental phenols panel and codebook; local XPT registry variables checked for candidate aliases.,CTD identifiers/name; CDC NHANES laboratory catalog; 33 relevant laboratory domains; downloaded XPT value/LOD/weight columns.,CTD Phase 1 export; CDC NHANES continuous laboratory catalog; CDC NHANES environmental XPT files,direct urinary analyte,,False,,Tier_A_moderate,enter_systematic_human_screen,True
267-chemical actionability matrix,,,,D001564,Benzo(a)pyrene,GeneCards_Disorders,1000.0,144.0,1.0,0.0121242393969666,16538.0,390.0,M1,False,1.0,"specific_entity_identifier:CasRN,PubChemCID,DTXSID,InChIKey",False,benzo a pyrene,Benzo(a)pyrene;50-32-8,CTD entity,,,pahs,PAH exposure axis,parent PAH to validated urinary OH-PAH proxy,URXP10,moderate,CDC NHANES urinary OH-PAH panel; parent-specificity is limited,68.0,Polyaromatic Hydrocarbons (PAHs) - Urine;Polyaromatic Hydrocarbons -Urine;Polycyclic Aromatic Hydrocarbons (PAH) - Urine,mapped,"validated/specificity mapping first; detectability, cycle coverage, and measured N used as non-CRC tie-breakers","[{""variable"": ""URXP10"", ""n_cycles_available"": 9, ""total_measured"": 23952, ""total_above_lod"": 21231, ""pooled_above_lod_pct"": 88.63977955911824, ""min_cycle_above_lod_pct"": 60.21621621621622, ""median_cycle_above_lod_pct"": 99.3638170974155, ""max_cycle_above_lod_pct"": 100.0}]",88.63977955911824,60.21621621621622,99.3638170974155,100.0,23952.0,21231.0,1.0,9.0,2001-2002;2003-2004;2005-2006;2007-2008;2009-2010;2011-2012;2013-2014;2015-2016;2017-2018,2001-2002,2017-2018,urine,"Phthalates, Phytoestrogens & PAHs - Urine;Polyaromatic Hydrocarbons (PAHs) - Urine;Polyaromatic Hydrocarbons -Urine;Polycyclic Aromatic Hydrocarbons (PAH) - Urine",23952.0,17382.0,9896.0,8980.0,70.0,8195.0,True,True,True,True,2.0,predefined primary survey model feasible,URXP10,pahs,50-32-8,CID:2336,DTXSID2020139,1.0,1.0,URXP10,URXP10,urinary biomarker,2001-2002;2003-2004;2005-2006;2007-2008;2009-2010;2011-2012;2013-2014;2015-2016;2017-2018,9.0,2.0,1.0,pending_manual_review,M1,True,True,False,resolved_mapped,CDC NHANES catalog domains checked: Polyaromatic Hydrocarbons (PAHs) - Urine;Polyaromatic Hydrocarbons -Urine;Polycyclic Aromatic Hydrocarbons (PAH) - Urine; CDC NHANES urinary OH-PAH panel; parent-specificity is limited; local XPT registry variables checked for candidate aliases.,CTD identifiers/name; CDC NHANES laboratory catalog; 68 relevant laboratory domains; downloaded XPT value/LOD/weight columns.,CTD Phase 1 export; CDC NHANES continuous laboratory catalog; CDC NHANES environmental XPT files,parent PAH to validated urinary OH-PAH proxy,,False,,Tier_A_moderate,enter_systematic_human_screen,True
267-chemical actionability matrix,,,,C492482,bisphenol B,GeneCards_Disorders,1000.0,147.0,1.0,1.0,1706.0,29.0,M1,False,1.0,specific_entity_identifier:PubChemCID,False,bisphenol b,bisphenol B,bisphenol or bisphenol-related compound,,,bisphenols,bisphenol exposure axis,direct urinary analyte,URXBPH,high,CDC NHANES environmental phenols panel and codebook,33.0,Environmental Phenols;Environmental Phenols & Parabens,mapped,"validated/specificity mapping first; detectability, cycle coverage, and measured N used as non-CRC tie-breakers","[{""variable"": ""URXBPH"", ""n_cycles_available"": 5, ""total_measured"": 12907, ""total_above_lod"": 11918, ""pooled_above_lod_pct"": 92.3374912837995, ""min_cycle_above_lod_pct"": 89.71474487746083, ""median_cycle_above_lod_pct"": 92.85714285714286, ""max_cycle_above_lod_pct"": 93.62519201228879}]",92.3374912837995,89.71474487746083,92.85714285714286,93.6251920122888,12907.0,11918.0,2.0,5.0,2003-2004;2005-2006;2007-2008;2009-2010;2011-2012,2003-2004,2011-2012,urine,Environmental Phenols;Environmental Phenols & Parabens,12907.0,17382.0,6912.0,6261.0,45.0,5706.0,True,True,True,True,1.0,survey model feasible but event/sample margin is limited,URXBPH,bisphenols,,CID:66166,,1.0,1.0,URXBPH,URXBPH,urinary biomarker,2003-2004;2005-2006;2007-2008;2009-2010;2011-2012,5.0,2.0,1.0,pending_manual_review,M1,True,True,False,resolved_mapped,CDC NHANES catalog domains checked: Environmental Phenols;Environmental Phenols & Parabens; CDC NHANES environmental phenols panel and codebook; local XPT registry variables checked for candidate aliases.,CTD identifiers/name; CDC NHANES laboratory catalog; 33 relevant laboratory domains; downloaded XPT value/LOD/weight columns.,CTD Phase 1 export; CDC NHANES continuous laboratory catalog; CDC NHANES environmental XPT files,direct urinary analyte,,False,,Tier_A_moderate,enter_systematic_human_screen,True
267-chemical actionability matrix,,,,C027561,butylbenzyl phthalate,GeneCards_Disorders,1000.0,1.0,4.423392441701079e-10,0.0121242393969666,214.0,28.0,M2,True,1.0,"specific_entity_identifier:CasRN,PubChemCID,DTXSID,InChIKey",False,butylbenzyl phthalate,butylbenzyl phthalate;85-68-7;phthalate;plasticizer,phthalate parent or monoester metabolite,BBzP,BBzP,phthalates,phthalate exposure axis,parent-to-validated-urinary-metabolite axis,URXMZP,moderate,CDC NHANES phthalate/plasticizer metabolite panel and codebook,161.0,"Phthalates & Plasticizers Metabolites - Urine;Phthalates - Urine;Phthalates and Plasticizers Metabolites - Urine;Phthalates, Phytoestrogens & PAHs - Urine;Phthalates, Phytoestrogens & PAHs - Urine PHPYPA Urinary Phthalates",mapped,"validated/specificity mapping first; detectability, cycle coverage, and measured N used as non-CRC tie-breakers","[{""variable"": ""URXMZP"", ""n_cycles_available"": 10, ""total_measured"": 26740, ""total_above_lod"": 26365, ""pooled_above_lod_pct"": 98.59760658189978, ""min_cycle_above_lod_pct"": 96.19840695148443, ""median_cycle_above_lod_pct"": 98.54766968822268, ""max_cycle_above_lod_pct"": 100.0}]",98.59760658189978,96.19840695148444,98.54766968822268,100.0,26740.0,26365.0,2.0,10.0,1999-2000;2001-2002;2003-2004;2005-2006;2007-2008;2009-2010;2011-2012;2013-2014;2015-2016;2017-2018,1999-2000,2017-2018,urine,"Phthalates & Plasticizers Metabolites - Urine;Phthalates - Urine;Phthalates and Plasticizers Metabolites - Urine;Phthalates, Phytoestrogens & PAHs - Urine;Phthalates, Phytoestrogens & PAHs - Urine PHPYPA Urinary Phthalates",26740.0,17382.0,16745.0,15007.0,104.0,13675.0,True,True,True,True,2.0,predefined primary survey model feasible,URXMZP,phthalates,85-68-7,CID:2347,DTXSID3020205,1.0,1.0,URXMZP,URXMZP,urinary biomarker,1999-2000;2001-2002;2003-2004;2005-2006;2007-2008;2009-2010;2011-2012;2013-2014;2015-2016;2017-2018,10.0,2.0,1.0,pending_manual_review,M2,True,True,True,resolved_mapped,"CDC NHANES catalog domains checked: Phthalates & Plasticizers Metabolites - Urine;Phthalates - Urine;Phthalates and Plasticizers Metabolites - Urine;Phthalates, Phytoestrogens & PAHs - Urine;Phthalates, Phytoestrogens & PAHs - Urine PHPYPA Urinary Phthalates; CDC NHANES phthalate/plasticizer metabolite panel and codebook; local XPT registry variables checked for candidate aliases.",CTD identifiers/name; CDC NHANES laboratory catalog; 161 relevant laboratory domains; downloaded XPT value/LOD/weight columns.,CTD Phase 1 export; CDC NHANES continuous laboratory catalog; CDC NHANES environmental XPT files,parent-to-validated-urinary-metabolite axis,,False,,Tier_A_strict,enter_systematic_human_screen,True
267-chemical actionability matrix,,,,C103325,mono-benzyl phthalate,GeneCards_Disorders,1000.0,2.0,8.992397867382713e-10,0.0121242393969666,87.0,18.0,M2,True,1.0,"specific_entity_identifier:CasRN,PubChemCID,DTXSID,InChIKey",False,mono benzyl phthalate,mono-benzyl phthalate;2528-16-7;phthalate;plasticizer,phthalate parent or monoester metabolite,BBzP,BBzP,phthalates,phthalate exposure axis,direct urinary metabolite,URXMZP,high,CDC NHANES phthalate/plasticizer metabolite panel and codebook,161.0,"Phthalates & Plasticizers Metabolites - Urine;Phthalates - Urine;Phthalates and Plasticizers Metabolites - Urine;Phthalates, Phytoestrogens & PAHs - Urine;Phthalates, Phytoestrogens & PAHs - Urine PHPYPA Urinary Phthalates",mapped,"validated/specificity mapping first; detectability, cycle coverage, and measured N used as non-CRC tie-breakers","[{""variable"": ""URXMZP"", ""n_cycles_available"": 10, ""total_measured"": 26740, ""total_above_lod"": 26365, ""pooled_above_lod_pct"": 98.59760658189978, ""min_cycle_above_lod_pct"": 96.19840695148443, ""median_cycle_above_lod_pct"": 98.54766968822268, ""max_cycle_above_lod_pct"": 100.0}]",98.59760658189978,96.19840695148444,98.54766968822268,100.0,26740.0,26365.0,2.0,10.0,1999-2000;2001-2002;2003-2004;2005-2006;2007-2008;2009-2010;2011-2012;2013-2014;2015-2016;2017-2018,1999-2000,2017-2018,urine,"Phthalates & Plasticizers Metabolites - Urine;Phthalates - Urine;Phthalates and Plasticizers Metabolites - Urine;Phthalates, Phytoestrogens & PAHs - Urine;Phthalates, Phytoestrogens & PAHs - Urine PHPYPA Urinary Phthalates",26740.0,17382.0,16745.0,15007.0,104.0,13675.0,True,True,True,True,2.0,predefined primary survey model feasible,URXMZP,phthalates,2528-16-7,CID:31736,DTXSID9043938,1.0,1.0,URXMZP,URXMZP,urinary biomarker,1999-2000;2001-2002;2003-2004;2005-2006;2007-2008;2009-2010;2011-2012;2013-2014;2015-2016;2017-2018,10.0,2.0,1.0,pending_manual_review,M2,True,True,True,resolved_mapped,"CDC NHANES catalog domains checked: Phthalates & Plasticizers Metabolites - Urine;Phthalates - Urine;Phthalates and Plasticizers Metabolites - Urine;Phthalates, Phytoestrogens & PAHs - Urine;Phthalates, Phytoestrogens & PAHs - Urine PHPYPA Urinary Phthalates; CDC NHANES phthalate/plasticizer metabolite panel and codebook; local XPT registry variables checked for candidate aliases.",CTD identifiers/name; CDC NHANES laboratory catalog; 161 relevant laboratory domains; downloaded XPT value/LOD/weight columns.,CTD Phase 1 export; CDC NHANES continuous laboratory catalog; CDC NHANES environmental XPT files,direct urinary metabolite,,False,,Tier_A_strict,enter_systematic_human_screen,True
267-chemical actionability matrix,,,,C028007,nickel monoxide,GeneCards_Disorders,1000.0,3.0,1.1907844678021702e-06,0.0121242393969666,45.0,11.0,M2,True,1.0,"specific_entity_identifier:CasRN,PubChemCID,DTXSID,InChIKey",False,nickel monoxide,nickel monoxide;1313-99-1,elemental species or metal compound,,,heavy_metals,metal exposure axis,metal family searched; no mapped elemental analyte,,unresolved,CDC NHANES Metals - Urine and blood metal panels searched,119.0,Metals - Urine,resolved_no_candidate_specific_analyte,no analyte rows,,,,,,,,,0.0,,,,,,0.0,0.0,0.0,0.0,0.0,0.0,False,False,False,False,0.0,no analyte mapping,,heavy_metals,1313-99-1,CID:179931,DTXSID7025710,0.0,0.0,,,,,0.0,0.0,1.0,pending_manual_review,M2,False,False,False,resolved_no_supported_candidate_specific_analyte,CDC NHANES catalog domains checked: Metals - Urine; CDC NHANES Metals - Urine and blood metal panels searched; local XPT registry variables checked for candidate aliases.,CTD identifiers/name; CDC NHANES laboratory catalog; 119 relevant laboratory domains; downloaded XPT value/LOD/weight columns.,CTD Phase 1 export; CDC NHANES continuous laboratory catalog; CDC NHANES environmental XPT files,metal family searched; no mapped elemental analyte,CDC NHANES Metals - Urine and blood metal panels searched,False,,Tier_C_molecular_only,retain_with_resolved_audit_no_primary_screen,True
267-chemical actionability matrix,,,,D003300,Copper,GeneCards_Disorders,1000.0,4.0,1.1575374364339752e-05,0.0121242393969666,3542.0,138.0,M2,True,1.0,"specific_entity_identifier:CasRN,DTXSID,InChIKey",False,copper,Copper;7440-50-8,elemental species or metal compound,,,heavy_metals,metal exposure axis,metal family searched; no mapped elemental analyte,,unresolved,CDC NHANES Metals - Urine and blood metal panels searched,119.0,Metals - Urine,resolved_no_candidate_specific_analyte,no analyte rows,,,,,,,,,0.0,,,,,,0.0,0.0,0.0,0.0,0.0,0.0,False,False,False,False,0.0,no analyte mapping,,heavy_metals,7440-50-8,,DTXSID2023985,0.0,0.0,,,,,0.0,0.0,1.0,pending_manual_review,M2,False,False,False,resolved_no_supported_candidate_specific_analyte,CDC NHANES catalog domains checked: Metals - Urine; CDC NHANES Metals - Urine and blood metal panels searched; local XPT registry variables checked for candidate aliases.,CTD identifiers/name; CDC NHANES laboratory catalog; 119 relevant laboratory domains; downloaded XPT value/LOD/weight columns.,CTD Phase 1 export; CDC NHANES continuous laboratory catalog; CDC NHANES environmental XPT files,metal family searched; no mapped elemental analyte,CDC NHANES Metals - Urine and blood metal panels searched,False,,Tier_C_molecular_only,retain_with_resolved_audit_no_primary_screen,True
267-chemical actionability matrix,,,,C028577,monobutyl phthalate,GeneCards_Disorders,1000.0,5.0,1.1617801554235037e-05,0.0121242393969666,84.0,13.0,M2,True,1.0,"specific_entity_identifier:CasRN,PubChemCID,DTXSID,InChIKey",False,monobutyl phthalate,monobutyl phthalate;131-70-4;phthalate;plasticizer,phthalate parent or monoester metabolite,,,phthalates,phthalate exposure axis,direct urinary metabolite,URXMBP,high,CDC NHANES phthalate/plasticizer metabolite panel and codebook,161.0,"Phthalates & Plasticizers Metabolites - Urine;Phthalates - Urine;Phthalates and Plasticizers Metabolites - Urine;Phthalates, Phytoestrogens & PAHs - Urine;Phthalates, Phytoestrogens & PAHs - Urine PHPYPA Urinary Phthalates",mapped,"validated/specificity mapping first; detectability, cycle coverage, and measured N used as non-CRC tie-breakers","[{""variable"": ""URXMBP"", ""n_cycles_available"": 10, ""total_measured"": 26740, ""total_above_lod"": 26468, ""pooled_above_lod_pct"": 98.98279730740464, ""min_cycle_above_lod_pct"": 94.41542788268382, ""median_cycle_above_lod_pct"": 99.42572004764412, ""max_cycle_above_lod_pct"": 100.0}]",98.98279730740464,94.41542788268382,99.42572004764412,100.0,26740.0,26468.0,2.0,10.0,1999-2000;2001-2002;2003-2004;2005-2006;2007-2008;2009-2010;2011-2012;2013-2014;2015-2016;2017-2018,1999-2000,2017-2018,urine,"Phthalates & Plasticizers Metabolites - Urine;Phthalates - Urine;Phthalates and Plasticizers Metabolites - Urine;Phthalates, Phytoestrogens & PAHs - Urine;Phthalates, Phytoestrogens & PAHs - Urine PHPYPA Urinary Phthalates",26740.0,17382.0,16745.0,15007.0,104.0,13675.0,True,True,True,True,2.0,predefined primary survey model feasible,URXMBP,phthalates,131-70-4,CID:8575,DTXSID4040002,1.0,1.0,URXMBP,URXMBP,urinary biomarker,1999-2000;2001-2002;2003-2004;2005-2006;2007-2008;2009-2010;2011-2012;2013-2014;2015-2016;2017-2018,10.0,2.0,1.0,pending_manual_review,M2,True,True,True,resolved_mapped,"CDC NHANES catalog domains checked: Phthalates & Plasticizers Metabolites - Urine;Phthalates - Urine;Phthalates and Plasticizers Metabolites - Urine;Phthalates, Phytoestrogens & PAHs - Urine;Phthalates, Phytoestrogens & PAHs - Urine PHPYPA Urinary Phthalates; CDC NHANES phthalate/plasticizer metabolite panel and codebook; local XPT registry variables checked for candidate aliases.",CTD identifiers/name; CDC NHANES laboratory catalog; 161 relevant laboratory domains; downloaded XPT value/LOD/weight columns.,CTD Phase 1 export; CDC NHANES continuous laboratory catalog; CDC NHANES environmental XPT files,direct urinary metabolite,,False,,Tier_A_strict,enter_systematic_human_screen,True
267-chemical actionability matrix,,,,C016599,mono-(2-ethylhexyl)phthalate,GeneCards_Disorders,1000.0,7.0,5.676652460130243e-05,0.0355644355644355,1118.0,56.0,M2,True,1.0,"specific_entity_identifier:CasRN,PubChemCID,DTXSID,InChIKey",False,mono 2 ethylhexyl phthalate,mono-(2-ethylhexyl)phthalate;4376-20-9;phthalate;plasticizer,phthalate parent or monoester metabolite,DEHP,DEHP,phthalates,DEHP-related exposure axis,direct urinary metabolite,URXMHP,high,CDC NHANES phthalate/plasticizer metabolite panel and codebook,161.0,"Phthalates & Plasticizers Metabolites - Urine;Phthalates - Urine;Phthalates and Plasticizers Metabolites - Urine;Phthalates, Phytoestrogens & PAHs - Urine;Phthalates, Phytoestrogens & PAHs - Urine PHPYPA Urinary Phthalates",mapped,"validated/specificity mapping first; detectability, cycle coverage, and measured N used as non-CRC tie-breakers","[{""variable"": ""URXMHP"", ""n_cycles_available"": 10, ""total_measured"": 26740, ""total_above_lod"": 19769, ""pooled_above_lod_pct"": 73.93044128646223, ""min_cycle_above_lod_pct"": 56.22737146994931, ""median_cycle_above_lod_pct"": 69.44751368729982, ""max_cycle_above_lod_pct"": 100.0}]",73.93044128646223,56.22737146994931,69.44751368729982,100.0,26740.0,19769.0,1.0,10.0,1999-2000;2001-2002;2003-2004;2005-2006;2007-2008;2009-2010;2011-2012;2013-2014;2015-2016;2017-2018,1999-2000,2017-2018,urine,"Phthalates & Plasticizers Metabolites - Urine;Phthalates - Urine;Phthalates and Plasticizers Metabolites - Urine;Phthalates, Phytoestrogens & PAHs - Urine;Phthalates, Phytoestrogens & PAHs - Urine PHPYPA Urinary Phthalates",26740.0,17382.0,16745.0,15007.0,104.0,13675.0,True,True,True,True,2.0,predefined primary survey model feasible,URXMHP,phthalates,4376-20-9,CID:20393,DTXSID2025680,1.0,1.0,URXMHP,URXMHP,urinary biomarker,1999-2000;2001-2002;2003-2004;2005-2006;2007-2008;2009-2010;2011-2012;2013-2014;2015-2016;2017-2018,10.0,2.0,1.0,pending_manual_review,M2,True,True,False,resolved_mapped,"CDC NHANES catalog domains checked: Phthalates & Plasticizers Metabolites - Urine;Phthalates - Urine;Phthalates and Plasticizers Metabolites - Urine;Phthalates, Phytoestrogens & PAHs - Urine;Phthalates, Phytoestrogens & PAHs - Urine PHPYPA Urinary Phthalates; CDC NHANES phthalate/plasticizer metabolite panel and codebook; local XPT registry variables checked for candidate aliases.",CTD identifiers/name; CDC NHANES laboratory catalog; 161 relevant laboratory domains; downloaded XPT value/LOD/weight columns.,CTD Phase 1 export; CDC NHANES continuous laboratory catalog; CDC NHANES environmental XPT files,direct urinary metabolite,,False,,Tier_A_moderate,enter_systematic_human_screen,True
267-chemical actionability matrix,,,,C000611729,"ammonium 2,3,3,3-tetrafluoro-2-(heptafluoropropoxy)-propanoate",GeneCards_Disorders,1000.0,8.0,9.705421139708032e-05,0.0121242393969666,175.0,17.0,M2,True,1.0,specific_ctd_entity_id:C000611729,False,ammonium 2 3 3 3 tetrafluoro 2 heptafluoropropoxy propanoate,"ammonium 2,3,3,3-tetrafluoro-2-(heptafluoropropoxy)-propanoate",CTD entity,,,pfas_perfluoro,PFAS exposure axis,PFAS class searched; no candidate-specific NHANES variable,,unresolved,CDC NHANES PFAS panels searched; no specific analyte name match,0.0,,resolved_no_candidate_specific_analyte,no analyte rows,,,,,,,,,0.0,,,,,,0.0,0.0,0.0,0.0,0.0,0.0,False,False,False,False,0.0,no analyte mapping,,pfas_perfluoro,,,,0.0,0.0,,,,,0.0,0.0,1.0,pending_manual_review,M2,False,False,False,resolved_no_supported_candidate_specific_analyte,CDC NHANES catalog domains checked: none matched; CDC NHANES PFAS panels searched; no specific analyte name match; local XPT registry variables checked for candidate aliases.,CTD identifiers/name; CDC NHANES laboratory catalog; 0 relevant laboratory domains; downloaded XPT value/LOD/weight columns.,CTD Phase 1 export; CDC NHANES continuous laboratory catalog; CDC NHANES environmental XPT files,PFAS class searched; no candidate-specific NHANES variable,CDC NHANES PFAS panels searched; no specific analyte name match,False,,Tier_C_molecular_only,retain_with_resolved_audit_no_primary_screen,True
267-chemical actionability matrix,,,,D015127,"9,10-Dimethyl-1,2-benzanthracene",GeneCards_Disorders,1000.0,10.0,0.0001444821339979,0.0121242393969666,79.0,11.0,M2,True,1.0,"specific_entity_identifier:CasRN,PubChemCID,DTXSID,InChIKey",False,9 10 dimethyl 1 2 benzanthracene,"9,10-Dimethyl-1,2-benzanthracene;57-97-6",CTD entity,,,pahs,PAH exposure axis,parent PAH to validated urinary OH-PAH proxy,URXP25,moderate,CDC NHANES urinary OH-PAH panel; parent-specificity is limited,68.0,Polyaromatic Hydrocarbons (PAHs) - Urine;Polyaromatic Hydrocarbons -Urine;Polycyclic Aromatic Hydrocarbons (PAH) - Urine,mapped,"validated/specificity mapping first; detectability, cycle coverage, and measured N used as non-CRC tie-breakers","[{""variable"": ""URXP25"", ""n_cycles_available"": 3, ""total_measured"": 8459, ""total_above_lod"": 8416, ""pooled_above_lod_pct"": 99.49166568152263, ""min_cycle_above_lod_pct"": 99.20692141312185, ""median_cycle_above_lod_pct"": 99.54716981132076, ""max_cycle_above_lod_pct"": 99.70345963756178}]",99.49166568152263,99.20692141312183,99.54716981132076,99.70345963756178,8459.0,8416.0,2.0,3.0,2013-2014;2015-2016;2017-2018,2013-2014,2017-2018,urine,Polycyclic Aromatic Hydrocarbons (PAH) - Urine,8459.0,17382.0,0.0,0.0,0.0,0.0,False,True,True,True,0.0,insufficient complete-case events/sample or survey infrastructure,URXP25,pahs,57-97-6,CID:6001,DTXSID1020510,1.0,1.0,URXP25,URXP25,urinary biomarker,2013-2014;2015-2016;2017-2018,3.0,1.0,1.0,pending_manual_review,M2,False,False,False,resolved_mapped,CDC NHANES catalog domains checked: Polyaromatic Hydrocarbons (PAHs) - Urine;Polyaromatic Hydrocarbons -Urine;Polycyclic Aromatic Hydrocarbons (PAH) - Urine; CDC NHANES urinary OH-PAH panel; parent-specificity is limited; local XPT registry variables checked for candidate aliases.,CTD identifiers/name; CDC NHANES laboratory catalog; 68 relevant laboratory domains; downloaded XPT value/LOD/weight columns.,CTD Phase 1 export; CDC NHANES continuous laboratory catalog; CDC NHANES environmental XPT files,parent PAH to validated urinary OH-PAH proxy,,False,,Tier_C_molecular_only,retain_with_resolved_audit_no_primary_screen,True
267-chemical actionability matrix,,,,C581825,monoethyl phthalate,GeneCards_Disorders,1000.0,11.0,0.0002858400730271,0.0121242393969666,56.0,9.0,M2,True,1.0,specific_entity_identifier:PubChemCID,False,monoethyl phthalate,monoethyl phthalate;phthalate;plasticizer,phthalate parent or monoester metabolite,,,phthalates,phthalate exposure axis,direct urinary metabolite,URXMEP,high,CDC NHANES phthalate/plasticizer metabolite panel and codebook,161.0,"Phthalates & Plasticizers Metabolites - Urine;Phthalates - Urine;Phthalates and Plasticizers Metabolites - Urine;Phthalates, Phytoestrogens & PAHs - Urine;Phthalates, Phytoestrogens & PAHs - Urine PHPYPA Urinary Phthalates",mapped,"validated/specificity mapping first; detectability, cycle coverage, and measured N used as non-CRC tie-breakers","[{""variable"": ""URXMEP"", ""n_cycles_available"": 10, ""total_measured"": 26735, ""total_above_lod"": 26695, ""pooled_above_lod_pct"": 99.85038339255658, ""min_cycle_above_lod_pct"": 99.52932657494569, ""median_cycle_above_lod_pct"": 99.93973483326637, ""max_cycle_above_lod_pct"": 100.0}]",99.85038339255658,99.52932657494569,99.93973483326636,100.0,26735.0,26695.0,2.0,10.0,1999-2000;2001-2002;2003-2004;2005-2006;2007-2008;2009-2010;2011-2012;2013-2014;2015-2016;2017-2018,1999-2000,2017-2018,urine,"Phthalates & Plasticizers Metabolites - Urine;Phthalates - Urine;Phthalates and Plasticizers Metabolites - Urine;Phthalates, Phytoestrogens & PAHs - Urine;Phthalates, Phytoestrogens & PAHs - Urine PHPYPA Urinary Phthalates",26735.0,17382.0,16740.0,15003.0,104.0,13671.0,True,True,True,True,2.0,predefined primary survey model feasible,URXMEP,phthalates,,CID:75318,,1.0,1.0,URXMEP,URXMEP,urinary biomarker,1999-2000;2001-2002;2003-2004;2005-2006;2007-2008;2009-2010;2011-2012;2013-2014;2015-2016;2017-2018,10.0,2.0,1.0,pending_manual_review,M2,True,True,True,resolved_mapped,"CDC NHANES catalog domains checked: Phthalates & Plasticizers Metabolites - Urine;Phthalates - Urine;Phthalates and Plasticizers Metabolites - Urine;Phthalates, Phytoestrogens & PAHs - Urine;Phthalates, Phytoestrogens & PAHs - Urine PHPYPA Urinary Phthalates; CDC NHANES phthalate/plasticizer metabolite panel and codebook; local XPT registry variables checked for candidate aliases.",CTD identifiers/name; CDC NHANES laboratory catalog; 161 relevant laboratory domains; downloaded XPT value/LOD/weight columns.,CTD Phase 1 export; CDC NHANES continuous laboratory catalog; CDC NHANES environmental XPT files,direct urinary metabolite,,False,,Tier_A_strict,enter_systematic_human_screen,True
267-chemical actionability matrix,,,,D055549,Volatile Organic Compounds,GeneCards_Disorders,1000.0,13.0,0.0010119325816518,0.0355644355644355,1909.0,77.0,M2,True,0.0,broad_or_umbrella_name:\bvolatile organic compounds?\b,True,volatile organic compounds,Volatile Organic Compounds,CTD entity,,,vocs,VOC exposure axis,candidate not matched to NHANES VOC biomarker variable,,unresolved,CDC NHANES VOC blood and urinary metabolite panels searched,587.0,"Volatile Organic Compound (VOC) Metabolites - Urine;Volatile Organic Compound (VOC) Metabolites - Urine (Surplus);Volatile Organic Compounds (VOC) - Personal Exposure Badge;Volatile Organic Compounds (VOCs) - Blood;Volatile Organic Compounds (VOCs) - Trihalomethanes/MTBE/Nitromethane - Blood;Volatile Organic Compounds (VOCs) - Water;Volatile Organic Compounds (VOCs) and Trihalomethanes/MTBE - Blood - Special Sample;Volatile Organic Compounds - Blood & Related Questionnaire Items;Volatile Organic Compounds - Blood & Water;Volatile Organic Compounds - Blood, Water, & Related Questionnaire Items;Volatile Organic Compounds - Trihalomethanes/MTBE/Nitromethane - Blood;Volatile Organic Compounds - Water & Related Questionnaire Items;Volatile Organic Compounds and Trihalomethanes/MTBE - Blood;Volatile Organic Compounds and Trihalomethanes/MTBE – Blood – Special Sample",resolved_no_candidate_specific_analyte,no analyte rows,,,,,,,,,0.0,,,,,,0.0,0.0,0.0,0.0,0.0,0.0,False,False,False,False,0.0,no analyte mapping,,vocs,,,,0.0,0.0,,,,,0.0,0.0,0.0,pending_manual_review,M2,False,False,False,resolved_no_supported_candidate_specific_analyte,"CDC NHANES catalog domains checked: Volatile Organic Compound (VOC) Metabolites - Urine;Volatile Organic Compound (VOC) Metabolites - Urine (Surplus);Volatile Organic Compounds (VOC) - Personal Exposure Badge;Volatile Organic Compounds (VOCs) - Blood;Volatile Organic Compounds (VOCs) - Trihalomethanes/MTBE/Nitromethane - Blood;Volatile Organic Compounds (VOCs) - Water;Volatile Organic Compounds (VOCs) and Trihalomethanes/MTBE - Blood - Special Sample;Volatile Organic Compounds - Blood & Related Questionnaire Items;Volatile Organic Compounds - Blood & Water;Volatile Organic Compounds - Blood, Water, & Related Questionnaire Items;Volatile Organic Compounds - Trihalomethanes/MTBE/Nitromethane - Blood;Volatile Organic Compounds - Water & Related Questionnaire Items;Volatile Organic Compounds and Trihalomethanes/MTBE - Blood;Volatile Organic Compounds and Trihalomethanes/MTBE – Blood – Special Sample; CDC NHANES VOC blood and urinary metabolite panels searched; local XPT registry variables checked for candidate aliases.",CTD identifiers/name; CDC NHANES laboratory catalog; 587 relevant laboratory domains; downloaded XPT value/LOD/weight columns.,CTD Phase 1 export; CDC NHANES continuous laboratory catalog; CDC NHANES environmental XPT files,candidate not matched to NHANES VOC biomarker variable,CDC NHANES VOC blood and urinary metabolite panels searched,True,broad_or_umbrella_name:\bvolatile organic compounds?\b,Tier_C_molecular_only,retain_with_resolved_audit_no_primary_screen,True
267-chemical actionability matrix,,,,C017461,lead nitrate,GeneCards_Disorders,1000.0,14.0,0.001111818561232,0.0355644355644355,68.0,9.0,M2,True,1.0,"specific_entity_identifier:CasRN,PubChemCID,DTXSID,InChIKey",False,lead nitrate,lead nitrate;18256-98-9,elemental species or metal compound,,,heavy_metals,metal exposure axis,elemental urinary biomarker for parent metal/species,URXUPB,moderate,CDC NHANES metals blood/urine panels and codebooks,119.0,Metals - Urine,mapped,"validated/specificity mapping first; detectability, cycle coverage, and measured N used as non-CRC tie-breakers","[{""variable"": ""URXUPB"", ""n_cycles_available"": 10, ""total_measured"": 26398, ""total_above_lod"": 25662, ""pooled_above_lod_pct"": 97.21190999318131, ""min_cycle_above_lod_pct"": 84.83189992181391, ""median_cycle_above_lod_pct"": 98.4847523579918, ""max_cycle_above_lod_pct"": 100.0}]",97.21190999318132,84.83189992181391,98.4847523579918,100.0,26398.0,25662.0,2.0,10.0,1999-2000;2001-2002;2003-2004;2005-2006;2007-2008;2009-2010;2011-2012;2013-2014;2015-2016;2017-2018,1999-2000,2017-2018,urine,Metals - Urine,26398.0,17382.0,1715.0,1531.0,10.0,1409.0,True,True,True,True,0.0,insufficient complete-case events/sample or survey infrastructure,URXUPB,heavy_metals,18256-98-9,CID:24924,DTXSID2035069,1.0,1.0,URXUPB,URXUPB,urinary biomarker,1999-2000;2001-2002;2003-2004;2005-2006;2007-2008;2009-2010;2011-2012;2013-2014;2015-2016;2017-2018,10.0,2.0,1.0,pending_manual_review,M2,False,False,False,resolved_mapped,CDC NHANES catalog domains checked: Metals - Urine; CDC NHANES metals blood/urine panels and codebooks; local XPT registry variables checked for candidate aliases.,CTD identifiers/name; CDC NHANES laboratory catalog; 119 relevant laboratory domains; downloaded XPT value/LOD/weight columns.,CTD Phase 1 export; CDC NHANES continuous laboratory catalog; CDC NHANES environmental XPT files,elemental urinary biomarker for parent metal/species,,False,,Tier_C_molecular_only,retain_with_resolved_audit_no_primary_screen,True
267-chemical actionability matrix,,,,C479069,mono(2-ethyl-5-hydroxyhexyl) phthalate,GeneCards_Disorders,1000.0,17.0,0.001377023527373,0.0121242393969666,42.0,7.0,M2,True,1.0,specific_entity_identifier:PubChemCID,False,mono 2 ethyl 5 hydroxyhexyl phthalate,mono(2-ethyl-5-hydroxyhexyl) phthalate;phthalate;plasticizer,phthalate parent or monoester metabolite,,,phthalates,,none,,unresolved,,161.0,"Phthalates & Plasticizers Metabolites - Urine;Phthalates - Urine;Phthalates and Plasticizers Metabolites - Urine;Phthalates, Phytoestrogens & PAHs - Urine;Phthalates, Phytoestrogens & PAHs - Urine PHPYPA Urinary Phthalates",resolved_no_candidate_specific_analyte,no analyte rows,,,,,,,,,0.0,,,,,,0.0,0.0,0.0,0.0,0.0,0.0,False,False,False,False,0.0,no analyte mapping,,phthalates,,CID:170295,,0.0,0.0,,,,,0.0,0.0,1.0,pending_manual_review,M2,False,False,False,resolved_no_supported_candidate_specific_analyte,"CDC NHANES catalog domains checked: Phthalates & Plasticizers Metabolites - Urine;Phthalates - Urine;Phthalates and Plasticizers Metabolites - Urine;Phthalates, Phytoestrogens & PAHs - Urine;Phthalates, Phytoestrogens & PAHs - Urine PHPYPA Urinary Phthalates; ; local XPT registry variables checked for candidate aliases.",CTD identifiers/name; CDC NHANES laboratory catalog; 161 relevant laboratory domains; downloaded XPT value/LOD/weight columns.,CTD Phase 1 export; CDC NHANES continuous laboratory catalog; CDC NHANES environmental XPT files,,,False,,Tier_C_molecular_only,retain_with_resolved_audit_no_primary_screen,True
267-chemical actionability matrix,,,,C043055,gallium arsenide,GeneCards_Disorders,1000.0,18.0,0.0014568347272344,0.0121242393969666,57.0,8.0,M2,True,1.0,"specific_entity_identifier:CasRN,DTXSID,InChIKey",False,gallium arsenide,gallium arsenide;1303-00-0,elemental species or metal compound,,,heavy_metals,metal exposure axis,metal family searched; no mapped elemental analyte,,unresolved,CDC NHANES Metals - Urine and blood metal panels searched,119.0,Metals - Urine,resolved_no_candidate_specific_analyte,no analyte rows,,,,,,,,,0.0,,,,,,0.0,0.0,0.0,0.0,0.0,0.0,False,False,False,False,0.0,no analyte mapping,,heavy_metals,1303-00-0,,DTXSID2023779,0.0,0.0,,,,,0.0,0.0,1.0,pending_manual_review,M2,False,False,False,resolved_no_supported_candidate_specific_analyte,CDC NHANES catalog domains checked: Metals - Urine; CDC NHANES Metals - Urine and blood metal panels searched; local XPT registry variables checked for candidate aliases.,CTD identifiers/name; CDC NHANES laboratory catalog; 119 relevant laboratory domains; downloaded XPT value/LOD/weight columns.,CTD Phase 1 export; CDC NHANES continuous laboratory catalog; CDC NHANES environmental XPT files,metal family searched; no mapped elemental analyte,CDC NHANES Metals - Urine and blood metal panels searched,False,,Tier_C_molecular_only,retain_with_resolved_audit_no_primary_screen,True
267-chemical actionability matrix,,,,C575690,mono-isobutyl phthalate,GeneCards_Disorders,1000.0,22.0,0.002901415083933,0.0121242393969666,49.0,7.0,M2,True,1.0,specific_entity_identifier:PubChemCID,False,mono isobutyl phthalate,mono-isobutyl phthalate;phthalate;plasticizer,phthalate parent or monoester metabolite,,,phthalates,phthalate exposure axis,direct urinary metabolite,URXMIB,high,CDC NHANES phthalate/plasticizer metabolite panel and codebook,161.0,"Phthalates & Plasticizers Metabolites - Urine;Phthalates - Urine;Phthalates and Plasticizers Metabolites - Urine;Phthalates, Phytoestrogens & PAHs - Urine;Phthalates, Phytoestrogens & PAHs - Urine PHPYPA Urinary Phthalates",mapped,"validated/specificity mapping first; detectability, cycle coverage, and measured N used as non-CRC tie-breakers","[{""variable"": ""URXMIB"", ""n_cycles_available"": 9, ""total_measured"": 24199, ""total_above_lod"": 23825, ""pooled_above_lod_pct"": 98.45448159014835, ""min_cycle_above_lod_pct"": 97.31843575418995, ""median_cycle_above_lod_pct"": 98.19508448540707, ""max_cycle_above_lod_pct"": 100.0}]",98.45448159014836,97.31843575418996,98.19508448540708,100.0,24199.0,23825.0,2.0,9.0,2001-2002;2003-2004;2005-2006;2007-2008;2009-2010;2011-2012;2013-2014;2015-2016;2017-2018,2001-2002,2017-2018,urine,"Phthalates & Plasticizers Metabolites - Urine;Phthalates - Urine;Phthalates and Plasticizers Metabolites - Urine;Phthalates, Phytoestrogens & PAHs - Urine",24199.0,17382.0,15286.0,13749.0,97.0,12506.0,True,True,True,True,2.0,predefined primary survey model feasible,URXMIB,phthalates,,CID:92272,,1.0,1.0,URXMIB,URXMIB,urinary biomarker,2001-2002;2003-2004;2005-2006;2007-2008;2009-2010;2011-2012;2013-2014;2015-2016;2017-2018,9.0,2.0,1.0,pending_manual_review,M2,True,True,True,resolved_mapped,"CDC NHANES catalog domains checked: Phthalates & Plasticizers Metabolites - Urine;Phthalates - Urine;Phthalates and Plasticizers Metabolites - Urine;Phthalates, Phytoestrogens & PAHs - Urine;Phthalates, Phytoestrogens & PAHs - Urine PHPYPA Urinary Phthalates; CDC NHANES phthalate/plasticizer metabolite panel and codebook; local XPT registry variables checked for candidate aliases.",CTD identifiers/name; CDC NHANES laboratory catalog; 161 relevant laboratory domains; downloaded XPT value/LOD/weight columns.,CTD Phase 1 export; CDC NHANES continuous laboratory catalog; CDC NHANES environmental XPT files,direct urinary metabolite,,False,,Tier_A_strict,enter_systematic_human_screen,True
267-chemical actionability matrix,,,,C471400,monoisononylphthalate,GeneCards_Disorders,1000.0,24.0,0.0034587951022239,0.0355644355644355,24.0,5.0,M2,True,1.0,specific_ctd_entity_id:C471400,False,monoisononylphthalate,monoisononylphthalate;phthalate;plasticizer,phthalate parent or monoester metabolite,DINP,DINP,phthalates,DINP-related exposure axis,direct urinary metabolite,URXMNP,high,CDC NHANES phthalate/plasticizer metabolite panel and codebook,161.0,"Phthalates & Plasticizers Metabolites - Urine;Phthalates - Urine;Phthalates and Plasticizers Metabolites - Urine;Phthalates, Phytoestrogens & PAHs - Urine;Phthalates, Phytoestrogens & PAHs - Urine PHPYPA Urinary Phthalates",mapped,"validated/specificity mapping first; detectability, cycle coverage, and measured N used as non-CRC tie-breakers","[{""variable"": ""URXMNP"", ""n_cycles_available"": 10, ""total_measured"": 26740, ""total_above_lod"": 10881, ""pooled_above_lod_pct"": 40.69184741959611, ""min_cycle_above_lod_pct"": 5.834932821497121, ""median_cycle_above_lod_pct"": 32.662034475485356, ""max_cycle_above_lod_pct"": 100.0}]",40.69184741959611,5.834932821497121,32.66203447548536,100.0,26740.0,10881.0,0.0,10.0,1999-2000;2001-2002;2003-2004;2005-2006;2007-2008;2009-2010;2011-2012;2013-2014;2015-2016;2017-2018,1999-2000,2017-2018,urine,"Phthalates & Plasticizers Metabolites - Urine;Phthalates - Urine;Phthalates and Plasticizers Metabolites - Urine;Phthalates, Phytoestrogens & PAHs - Urine;Phthalates, Phytoestrogens & PAHs - Urine PHPYPA Urinary Phthalates",26740.0,17382.0,16745.0,15007.0,104.0,13675.0,True,True,True,True,2.0,predefined primary survey model feasible,URXMNP,phthalates,,,,1.0,1.0,URXMNP,URXMNP,urinary biomarker,1999-2000;2001-2002;2003-2004;2005-2006;2007-2008;2009-2010;2011-2012;2013-2014;2015-2016;2017-2018,10.0,2.0,1.0,pending_manual_review,M2,False,False,False,resolved_mapped,"CDC NHANES catalog domains checked: Phthalates & Plasticizers Metabolites - Urine;Phthalates - Urine;Phthalates and Plasticizers Metabolites - Urine;Phthalates, Phytoestrogens & PAHs - Urine;Phthalates, Phytoestrogens & PAHs - Urine PHPYPA Urinary Phthalates; CDC NHANES phthalate/plasticizer metabolite panel and codebook; local XPT registry variables checked for candidate aliases.",CTD identifiers/name; CDC NHANES laboratory catalog; 161 relevant laboratory domains; downloaded XPT value/LOD/weight columns.,CTD Phase 1 export; CDC NHANES continuous laboratory catalog; CDC NHANES environmental XPT files,direct urinary metabolite,,False,,Tier_C_molecular_only,retain_with_resolved_audit_no_primary_screen,True
267-chemical actionability matrix,,,,C076994,perfluorooctane sulfonic acid,GeneCards_Disorders,1000.0,27.0,0.0054998693582815,0.0121242393969666,3799.0,128.0,M2,True,1.0,"specific_entity_identifier:CasRN,DTXSID,InChIKey",False,perfluorooctane sulfonic acid,perfluorooctane sulfonic acid;1763-23-1;PFAS;PFoctane sulfonic acid,PFAS or fluorinated compound,,,pfas_perfluoro,PFAS exposure axis,direct serum PFAS analyte,LBXNFOS,high,CDC NHANES PFAS serum panel and codebook,27.0,Perfluoroalkyl and Polyfluoroalkyl;Perfluoroalkyl and Polyfluoroalkyl Substances;Perfluoroalkyl and Polyfluoroalkyl Substances (formerly Polyfluoroalkyl Chemicals - PFC),mapped,"validated/specificity mapping first; detectability, cycle coverage, and measured N used as non-CRC tie-breakers","[{""variable"": ""LBXNFOS"", ""n_cycles_available"": 2, ""total_measured"": 3922, ""total_above_lod"": 3905, ""pooled_above_lod_pct"": 99.56654767975523, ""min_cycle_above_lod_pct"": 99.44806823883593, ""median_cycle_above_lod_pct"": 99.5685131240836, ""max_cycle_above_lod_pct"": 99.68895800933126}]",99.56654767975525,99.44806823883592,99.5685131240836,99.68895800933126,3922.0,3905.0,2.0,2.0,2015-2016;2017-2018,2015-2016,2017-2018,serum_or_blood,Perfluoroalkyl and Polyfluoroalkyl;Perfluoroalkyl and Polyfluoroalkyl Substances,3922.0,17382.0,3253.0,2845.0,17.0,2575.0,True,True,True,True,0.0,insufficient complete-case events/sample or survey infrastructure,LBXNFOS,pfas_perfluoro,1763-23-1,,DTXSID3031864,1.0,1.0,LBXNFOS,LBXNFOS,serum/blood biomarker,2015-2016;2017-2018,2.0,0.0,1.0,pending_manual_review,M2,False,False,False,resolved_mapped,CDC NHANES catalog domains checked: Perfluoroalkyl and Polyfluoroalkyl;Perfluoroalkyl and Polyfluoroalkyl Substances;Perfluoroalkyl and Polyfluoroalkyl Substances (formerly Polyfluoroalkyl Chemicals - PFC); CDC NHANES PFAS serum panel and codebook; local XPT registry variables checked for candidate aliases.,CTD identifiers/name; CDC NHANES laboratory catalog; 27 relevant laboratory domains; downloaded XPT value/LOD/weight columns.,CTD Phase 1 export; CDC NHANES continuous laboratory catalog; CDC NHANES environmental XPT files,direct serum PFAS analyte,,False,,Tier_C_molecular_only,retain_with_resolved_audit_no_primary_screen,True
267-chemical actionability matrix,,,,C026487,benzo(e)pyrene,GeneCards_Disorders,1000.0,33.0,0.0094939080622332,0.0213386613386613,2624.0,92.0,M2,True,1.0,"specific_entity_identifier:CasRN,PubChemCID,DTXSID,InChIKey",False,benzo e pyrene,benzo(e)pyrene;192-97-2,CTD entity,,,pahs,PAH exposure axis,parent PAH to validated urinary OH-PAH proxy,URXP10,moderate,CDC NHANES urinary OH-PAH panel; parent-specificity is limited,68.0,Polyaromatic Hydrocarbons (PAHs) - Urine;Polyaromatic Hydrocarbons -Urine;Polycyclic Aromatic Hydrocarbons (PAH) - Urine,mapped,"validated/specificity mapping first; detectability, cycle coverage, and measured N used as non-CRC tie-breakers","[{""variable"": ""URXP10"", ""n_cycles_available"": 9, ""total_measured"": 23952, ""total_above_lod"": 21231, ""pooled_above_lod_pct"": 88.63977955911824, ""min_cycle_above_lod_pct"": 60.21621621621622, ""median_cycle_above_lod_pct"": 99.3638170974155, ""max_cycle_above_lod_pct"": 100.0}]",88.63977955911824,60.21621621621622,99.3638170974155,100.0,23952.0,21231.0,1.0,9.0,2001-2002;2003-2004;2005-2006;2007-2008;2009-2010;2011-2012;2013-2014;2015-2016;2017-2018,2001-2002,2017-2018,urine,"Phthalates, Phytoestrogens & PAHs - Urine;Polyaromatic Hydrocarbons (PAHs) - Urine;Polyaromatic Hydrocarbons -Urine;Polycyclic Aromatic Hydrocarbons (PAH) - Urine",23952.0,17382.0,9896.0,8980.0,70.0,8195.0,True,True,True,True,2.0,predefined primary survey model feasible,URXP10,pahs,192-97-2,CID:9128,DTXSID3023764,1.0,1.0,URXP10,URXP10,urinary biomarker,2001-2002;2003-2004;2005-2006;2007-2008;2009-2010;2011-2012;2013-2014;2015-2016;2017-2018,9.0,2.0,1.0,pending_manual_review,M2,True,True,False,resolved_mapped,CDC NHANES catalog domains checked: Polyaromatic Hydrocarbons (PAHs) - Urine;Polyaromatic Hydrocarbons -Urine;Polycyclic Aromatic Hydrocarbons (PAH) - Urine; CDC NHANES urinary OH-PAH panel; parent-specificity is limited; local XPT registry variables checked for candidate aliases.,CTD identifiers/name; CDC NHANES laboratory catalog; 68 relevant laboratory domains; downloaded XPT value/LOD/weight columns.,CTD Phase 1 export; CDC NHANES continuous laboratory catalog; CDC NHANES environmental XPT files,parent PAH to validated urinary OH-PAH proxy,,False,,Tier_A_moderate,enter_systematic_human_screen,True
