drug,signature_id,cell_line,pert_time,pert_dose,persistent_id,tissue,disease,rrs_global,rho_global,n_global,rrs_DHODH_subtype,rho_DHODH_subtype,n_DHODH_subtype,rrs_ERAD_subtype,rho_ERAD_subtype,n_ERAD_subtype,rrs_EMT_subtype,rho_EMT_subtype,n_EMT_subtype
allopurinol,REP.B021_A549_24H_O12_allopurinol_0.01uM,A549,24 h,0.01 uM,https://lincs-dcic.s3.amazonaws.com/LINCS-sigs-2021/cd/cp/L1000_LINCS_DCIC_REP.B021_A549_24H_O12_allopurinol_0.01uM.tsv,lung,lung cancer,0.535270979020979,-0.07054195804195805,65,0.5680382775119617,-0.13607655502392343,76,0.534527972027972,-0.06905594405594405,65,0.4560159849829448,0.08796803003411034,228
allopurinol,REP.B021_A549_24H_O11_allopurinol_0.03uM,A549,24 h,0.03 uM,https://lincs-dcic.s3.amazonaws.com/LINCS-sigs-2021/cd/cp/L1000_LINCS_DCIC_REP.B021_A549_24H_O11_allopurinol_0.03uM.tsv,lung,lung cancer,0.4691870629370629,0.06162587412587412,65,0.4910047846889952,0.017990430622009567,76,0.4772071678321678,0.045585664335664335,65,0.4837421545707757,0.032515690858448666,228
allopurinol,REP.A021_A549_24H_O12_allopurinol_0.04uM,A549,24 h,0.04 uM,https://lincs-dcic.s3.amazonaws.com/LINCS-sigs-2021/cd/cp/L1000_LINCS_DCIC_REP.A021_A549_24H_O12_allopurinol_0.04uM.tsv,lung,lung cancer,0.42545891608391606,0.14908216783216785,65,0.4421189336978811,0.11576213260423787,76,0.4244973776223776,0.15100524475524477,65,0.5273844586843675,-0.05476891736873492,228
allopurinol,REP.B021_A549_24H_O10_allopurinol_0.08uM,A549,24 h,0.08 uM,https://lincs-dcic.s3.amazonaws.com/LINCS-sigs-2021/cd/cp/L1000_LINCS_DCIC_REP.B021_A549_24H_O10_allopurinol_0.08uM.tsv,lung,lung cancer,0.4606424825174825,0.07871503496503496,65,0.421285030758715,0.15742993848257006,76,0.45743006993006996,0.08513986013986014,65,0.49691093343269105,0.006178133134617896,228
allopurinol,REP.B021_HT29_24H_O12_allopurinol_0.01uM,HT29,24 h,0.01 uM,https://lincs-dcic.s3.amazonaws.com/LINCS-sigs-2021/cd/cp/L1000_LINCS_DCIC_REP.B021_HT29_24H_O12_allopurinol_0.01uM.tsv,intestine,colon adenocarcinoma,0.5621722027972028,-0.1243444055944056,65,0.5421462747778537,-0.08429254955570746,76,0.5536057692307692,-0.10721153846153846,65,0.5132113028854575,-0.02642260577091499,228
allopurinol,REP.B021_HT29_24H_O11_allopurinol_0.03uM,HT29,24 h,0.03 uM,https://lincs-dcic.s3.amazonaws.com/LINCS-sigs-2021/cd/cp/L1000_LINCS_DCIC_REP.B021_HT29_24H_O11_allopurinol_0.03uM.tsv,intestine,colon adenocarcinoma,0.38961975524475523,0.2207604895104895,65,0.4678742310321258,0.06425153793574846,76,0.3964597902097902,0.2070804195804196,65,0.4608596737597413,0.07828065248051741,228
allopurinol,REP.A021_HT29_24H_O12_allopurinol_0.04uM,HT29,24 h,0.04 uM,https://lincs-dcic.s3.amazonaws.com/LINCS-sigs-2021/cd/cp/L1000_LINCS_DCIC_REP.A021_HT29_24H_O12_allopurinol_0.04uM.tsv,intestine,colon adenocarcinoma,0.4251311188811189,0.14973776223776225,65,0.47287764866712234,0.0542447026657553,76,0.42196241258741257,0.15607517482517483,65,0.524087834383103,-0.04817566876620596,228
allopurinol,REP.B021_HT29_24H_O10_allopurinol_0.08uM,HT29,24 h,0.08 uM,https://lincs-dcic.s3.amazonaws.com/LINCS-sigs-2021/cd/cp/L1000_LINCS_DCIC_REP.B021_HT29_24H_O10_allopurinol_0.08uM.tsv,intestine,colon adenocarcinoma,0.4084353146853147,0.18312937062937065,65,0.5060013670539987,-0.012002734107997267,76,0.4051791958041958,0.1896416083916084,65,0.5117396679278752,-0.023479335855750412,228
allopurinol,REP.B021_MCF7_24H_O12_allopurinol_0.01uM,MCF7,24 h,0.01 uM,https://lincs-dcic.s3.amazonaws.com/LINCS-sigs-2021/cd/cp/L1000_LINCS_DCIC_REP.B021_MCF7_24H_O12_allopurinol_0.01uM.tsv,breast,breast adenocarcinoma,0.5031687062937062,-0.006337412587412587,65,0.5061380724538619,-0.012276144907723857,76,0.5065777972027972,-0.013155594405594405,65,0.48350877867966957,0.032982442640660865,228
allopurinol,REP.B021_MCF7_24H_O11_allopurinol_0.03uM,MCF7,24 h,0.03 uM,https://lincs-dcic.s3.amazonaws.com/LINCS-sigs-2021/cd/cp/L1000_LINCS_DCIC_REP.B021_MCF7_24H_O11_allopurinol_0.03uM.tsv,breast,breast adenocarcinoma,0.5975524475524475,-0.19510489510489512,65,0.5057416267942584,-0.011483253588516746,76,0.60506993006993,-0.21013986013986014,65,0.4071614505551916,0.18567709888961675,228
allopurinol,REP.A021_MCF7_24H_O12_allopurinol_0.04uM,MCF7,24 h,0.04 uM,https://lincs-dcic.s3.amazonaws.com/LINCS-sigs-2021/cd/cp/L1000_LINCS_DCIC_REP.A021_MCF7_24H_O12_allopurinol_0.04uM.tsv,breast,breast adenocarcinoma,0.5610795454545454,-0.12215909090909091,65,0.581449077238551,-0.16289815447710188,76,0.5525786713286713,-0.10515734265734267,65,0.5390836275422025,-0.07816725508440513,228
allopurinol,REP.B021_MCF7_24H_O10_allopurinol_0.08uM,MCF7,24 h,0.08 uM,https://lincs-dcic.s3.amazonaws.com/LINCS-sigs-2021/cd/cp/L1000_LINCS_DCIC_REP.B021_MCF7_24H_O10_allopurinol_0.08uM.tsv,breast,breast adenocarcinoma,0.44287587412587415,0.11424825174825173,65,0.40452494873547507,0.1909501025290499,76,0.45146416083916086,0.09707167832167832,65,0.5697140866902843,-0.13942817338056873,228
allopurinol,REP.B021_PC3_24H_O12_allopurinol_0.01uM,PC3,24 h,0.01 uM,https://lincs-dcic.s3.amazonaws.com/LINCS-sigs-2021/cd/cp/L1000_LINCS_DCIC_REP.B021_PC3_24H_O12_allopurinol_0.01uM.tsv,prostate gland,prostate adenocarcinoma,0.5231424825174825,-0.046284965034965035,65,0.48716336295283663,0.025673274094326726,76,0.5249344405594406,-0.04986888111888112,65,0.49307668397664417,0.013846632046711629,228
allopurinol,REP.B021_PC3_24H_O11_allopurinol_0.03uM,PC3,24 h,0.03 uM,https://lincs-dcic.s3.amazonaws.com/LINCS-sigs-2021/cd/cp/L1000_LINCS_DCIC_REP.B021_PC3_24H_O11_allopurinol_0.03uM.tsv,prostate gland,prostate adenocarcinoma,0.5360795454545455,-0.07215909090909091,65,0.6063704716336296,-0.21274094326725904,76,0.5350087412587412,-0.07001748251748251,65,0.45385485335792974,0.09229029328414047,228
allopurinol,REP.A021_PC3_24H_O12_allopurinol_0.04uM,PC3,24 h,0.04 uM,https://lincs-dcic.s3.amazonaws.com/LINCS-sigs-2021/cd/cp/L1000_LINCS_DCIC_REP.A021_PC3_24H_O12_allopurinol_0.04uM.tsv,prostate gland,prostate adenocarcinoma,0.5319055944055944,-0.06381118881118882,65,0.509213943950786,-0.018427887901572113,76,0.536166958041958,-0.07233391608391608,65,0.49982737271395405,0.0003452545720918884,228
allopurinol,REP.B021_PC3_24H_O10_allopurinol_0.08uM,PC3,24 h,0.08 uM,https://lincs-dcic.s3.amazonaws.com/LINCS-sigs-2021/cd/cp/L1000_LINCS_DCIC_REP.B021_PC3_24H_O10_allopurinol_0.08uM.tsv,prostate gland,prostate adenocarcinoma,0.5928977272727273,-0.18579545454545454,65,0.5337799043062201,-0.0675598086124402,76,0.5970498251748252,-0.19409965034965035,65,0.4650981457242958,0.06980370855140836,228
amlodipine,REP.B004_A549_24H_H12_amlodipine_0.01uM,A549,24 h,0.01 uM,https://lincs-dcic.s3.amazonaws.com/LINCS-sigs-2021/cd/cp/L1000_LINCS_DCIC_REP.B004_A549_24H_H12_amlodipine_0.01uM.tsv,lung,lung cancer,0.5353802447552447,-0.07076048951048951,65,0.525645933014354,-0.05129186602870814,76,0.5270104895104895,-0.054020979020979014,65,0.542942682678649,-0.08588536535729799,228
amlodipine,REP.B004_A549_24H_H11_amlodipine_0.03uM,A549,24 h,0.03 uM,https://lincs-dcic.s3.amazonaws.com/LINCS-sigs-2021/cd/cp/L1000_LINCS_DCIC_REP.B004_A549_24H_H11_amlodipine_0.03uM.tsv,lung,lung cancer,0.438986013986014,0.12202797202797204,65,0.41898838004101163,0.16202323991797674,76,0.4422421328671329,0.11551573426573426,65,0.47863471560034304,0.042730568799313945,228
amlodipine,REP.A004_A549_24H_H12_amlodipine_0.04uM,A549,24 h,0.04 uM,https://lincs-dcic.s3.amazonaws.com/LINCS-sigs-2021/cd/cp/L1000_LINCS_DCIC_REP.A004_A549_24H_H12_amlodipine_0.04uM.tsv,lung,lung cancer,0.5718968531468531,-0.1437937062937063,65,0.5382775119617225,-0.07655502392344497,76,0.5826267482517482,-0.1652534965034965,65,0.4955795265051226,0.008840946989754747,228
amlodipine,REP.B004_A549_24H_H10_amlodipine_0.08uM,A549,24 h,0.08 uM,https://lincs-dcic.s3.amazonaws.com/LINCS-sigs-2021/cd/cp/L1000_LINCS_DCIC_REP.B004_A549_24H_H10_amlodipine_0.08uM.tsv,lung,lung cancer,0.5141608391608392,-0.028321678321678322,65,0.5026384142173616,-0.005276828434723171,76,0.5231861888111888,-0.04637237762237762,65,0.5267243238427137,-0.05344864768542753,228
amlodipine,CPC004_HCC515_24H_N08_amlodipine_10uM,HCC515,24 h,10 uM,https://lincs-dcic.s3.amazonaws.com/LINCS-sigs-2021/cd/cp/L1000_LINCS_DCIC_CPC004_HCC515_24H_N08_amlodipine_10uM.tsv,lung,lung cancer,0.5704108391608391,-0.14082167832167833,65,0.5689952153110047,-0.13799043062200955,76,0.5621284965034965,-0.124256993006993,65,0.4825130077950585,0.03497398440988299,228
amlodipine,CPC004_HCC515_6H_N08_amlodipine_10uM,HCC515,6 h,10 uM,https://lincs-dcic.s3.amazonaws.com/LINCS-sigs-2021/cd/cp/L1000_LINCS_DCIC_CPC004_HCC515_6H_N08_amlodipine_10uM.tsv,lung,lung cancer,0.4248251748251748,0.15034965034965037,65,0.43029391660970606,0.13941216678058782,76,0.4259396853146853,0.14812062937062936,65,0.46977605026744573,0.060447899465108534,228
amlodipine,REP.B004_HT29_24H_H12_amlodipine_0.01uM,HT29,24 h,0.01 uM,https://lincs-dcic.s3.amazonaws.com/LINCS-sigs-2021/cd/cp/L1000_LINCS_DCIC_REP.B004_HT29_24H_H12_amlodipine_0.01uM.tsv,intestine,colon adenocarcinoma,0.44455856643356645,0.11088286713286713,65,0.46587833219412167,0.06824333561175666,76,0.45397727272727273,0.09204545454545454,65,0.527596066325327,-0.055192132650654015,228
amlodipine,REP.B004_HT29_24H_H11_amlodipine_0.03uM,HT29,24 h,0.03 uM,https://lincs-dcic.s3.amazonaws.com/LINCS-sigs-2021/cd/cp/L1000_LINCS_DCIC_REP.B004_HT29_24H_H11_amlodipine_0.03uM.tsv,intestine,colon adenocarcinoma,0.43465909090909094,0.13068181818181818,65,0.509090909090909,-0.01818181818181818,76,0.427972027972028,0.14405594405594405,65,0.4766046997145828,0.046790600570834395,228
amlodipine,REP.A004_HT29_24H_H12_amlodipine_0.04uM,HT29,24 h,0.04 uM,https://lincs-dcic.s3.amazonaws.com/LINCS-sigs-2021/cd/cp/L1000_LINCS_DCIC_REP.A004_HT29_24H_H12_amlodipine_0.04uM.tsv,intestine,colon adenocarcinoma,0.5202141608391608,-0.04042832167832168,65,0.5462337662337662,-0.09246753246753246,76,0.5196896853146853,-0.03937937062937063,65,0.5234950292453909,-0.04699005849078191,228
amlodipine,REP.B004_HT29_24H_H10_amlodipine_0.08uM,HT29,24 h,0.08 uM,https://lincs-dcic.s3.amazonaws.com/LINCS-sigs-2021/cd/cp/L1000_LINCS_DCIC_REP.B004_HT29_24H_H10_amlodipine_0.08uM.tsv,intestine,colon adenocarcinoma,0.5577797202797203,-0.11555944055944056,65,0.5158988380041012,-0.031797676008202325,76,0.5661494755244755,-0.13229895104895104,65,0.4605660555019505,0.07886788899609894,228
amlodipine,REP.B004_MCF7_24H_H12_amlodipine_0.01uM,MCF7,24 h,0.01 uM,https://lincs-dcic.s3.amazonaws.com/LINCS-sigs-2021/cd/cp/L1000_LINCS_DCIC_REP.B004_MCF7_24H_H12_amlodipine_0.01uM.tsv,breast,breast adenocarcinoma,0.6359484265734265,-0.27189685314685313,65,0.6092412850307587,-0.21848257006151742,76,0.6358391608391608,-0.2716783216783217,65,0.5134436662998126,-0.026887332599625183,228
amlodipine,REP.B004_MCF7_24H_H11_amlodipine_0.03uM,MCF7,24 h,0.03 uM,https://lincs-dcic.s3.amazonaws.com/LINCS-sigs-2021/cd/cp/L1000_LINCS_DCIC_REP.B004_MCF7_24H_H11_amlodipine_0.03uM.tsv,breast,breast adenocarcinoma,0.5798295454545455,-0.15965909090909092,65,0.47096377306903625,0.05807245386192754,76,0.568444055944056,-0.1368881118881119,65,0.4178410553247671,0.1643178893504658,228
amlodipine,REP.A004_MCF7_24H_H12_amlodipine_0.04uM,MCF7,24 h,0.04 uM,https://lincs-dcic.s3.amazonaws.com/LINCS-sigs-2021/cd/cp/L1000_LINCS_DCIC_REP.A004_MCF7_24H_H12_amlodipine_0.04uM.tsv,breast,breast adenocarcinoma,0.5253059440559441,-0.05061188811188811,65,0.5004784688995215,-0.0009569377990430621,76,0.521284965034965,-0.04256993006993007,65,0.4817172010687705,0.03656559786245909,228
amlodipine,REP.B004_MCF7_24H_H10_amlodipine_0.08uM,MCF7,24 h,0.08 uM,https://lincs-dcic.s3.amazonaws.com/LINCS-sigs-2021/cd/cp/L1000_LINCS_DCIC_REP.B004_MCF7_24H_H10_amlodipine_0.08uM.tsv,breast,breast adenocarcinoma,0.43393793706293704,0.13212412587412586,65,0.4654408749145591,0.06911825017088175,76,0.4342438811188811,0.13151223776223775,65,0.5380726695063265,-0.07614533901265293,228
amlodipine,REP.B004_PC3_24H_H12_amlodipine_0.01uM,PC3,24 h,0.01 uM,https://lincs-dcic.s3.amazonaws.com/LINCS-sigs-2021/cd/cp/L1000_LINCS_DCIC_REP.B004_PC3_24H_H12_amlodipine_0.01uM.tsv,prostate gland,prostate adenocarcinoma,0.4641826923076923,0.07163461538461538,65,0.4860833902939166,0.027833219412166783,76,0.46988636363636366,0.060227272727272727,65,0.49301897280183704,0.013962054396325923,228
amlodipine,REP.B004_PC3_24H_H11_amlodipine_0.03uM,PC3,24 h,0.03 uM,https://lincs-dcic.s3.amazonaws.com/LINCS-sigs-2021/cd/cp/L1000_LINCS_DCIC_REP.B004_PC3_24H_H11_amlodipine_0.03uM.tsv,prostate gland,prostate adenocarcinoma,0.5239073426573426,-0.047814685314685315,65,0.5016678058783322,-0.0033356117566643883,76,0.5124781468531469,-0.02495629370629371,65,0.5086718633723373,-0.017343726744674624,228
amlodipine,REP.A004_PC3_24H_H12_amlodipine_0.04uM,PC3,24 h,0.04 uM,https://lincs-dcic.s3.amazonaws.com/LINCS-sigs-2021/cd/cp/L1000_LINCS_DCIC_REP.A004_PC3_24H_H12_amlodipine_0.04uM.tsv,prostate gland,prostate adenocarcinoma,0.4887237762237762,0.022552447552447553,65,0.4817224880382775,0.03655502392344498,76,0.4876311188811189,0.024737762237762237,65,0.5315589003287512,-0.0631178006575024,228
atorvastatin,REP.B023_A549_24H_H06_atorvastatin_0.01uM,A549,24 h,0.01 uM,https://lincs-dcic.s3.amazonaws.com/LINCS-sigs-2021/cd/cp/L1000_LINCS_DCIC_REP.B023_A549_24H_H06_atorvastatin_0.01uM.tsv,lung,lung cancer,0.5473120629370629,-0.09462412587412587,65,0.5256049213943951,-0.05120984278879016,76,0.5589816433566434,-0.11796328671328672,65,0.5125420557530448,-0.02508411150608954,228
atorvastatin,REP.B023_A549_24H_H05_atorvastatin_0.03uM,A549,24 h,0.03 uM,https://lincs-dcic.s3.amazonaws.com/LINCS-sigs-2021/cd/cp/L1000_LINCS_DCIC_REP.B023_A549_24H_H05_atorvastatin_0.03uM.tsv,lung,lung cancer,0.4467875874125874,0.10642482517482518,65,0.46693096377306903,0.06613807245386194,76,0.4397945804195804,0.12041083916083917,65,0.4851570908303018,0.029685818339396382,228
atorvastatin,REP.A023_A549_24H_H06_atorvastatin_0.04uM,A549,24 h,0.04 uM,https://lincs-dcic.s3.amazonaws.com/LINCS-sigs-2021/cd/cp/L1000_LINCS_DCIC_REP.A023_A549_24H_H06_atorvastatin_0.04uM.tsv,lung,lung cancer,0.5036931818181818,-0.007386363636363636,65,0.48894053315105945,0.022118933697881066,76,0.5107954545454545,-0.02159090909090909,65,0.5907852465937751,-0.18157049318755017,228
atorvastatin,REP.B023_A549_24H_H04_atorvastatin_0.08uM,A549,24 h,0.08 uM,https://lincs-dcic.s3.amazonaws.com/LINCS-sigs-2021/cd/cp/L1000_LINCS_DCIC_REP.B023_A549_24H_H04_atorvastatin_0.08uM.tsv,lung,lung cancer,0.46840034965034966,0.0631993006993007,65,0.45297334244702664,0.09405331510594668,76,0.47449737762237765,0.051005244755244754,65,0.49616372559045113,0.007672548819097741,228
atorvastatin,CPC006_HCC515_24H_I11_atorvastatin_10uM,HCC515,24 h,10 uM,https://lincs-dcic.s3.amazonaws.com/LINCS-sigs-2021/cd/cp/L1000_LINCS_DCIC_CPC006_HCC515_24H_I11_atorvastatin_10uM.tsv,lung,lung cancer,0.45976835664335663,0.08046328671328672,65,0.44252904989747094,0.11494190020505808,76,0.4555506993006993,0.08889860139860141,65,0.4962173868582543,0.007565226283491466,228
atorvastatin,CPC006_HCC515_6H_I11_atorvastatin_10uM,HCC515,6 h,10 uM,https://lincs-dcic.s3.amazonaws.com/LINCS-sigs-2021/cd/cp/L1000_LINCS_DCIC_CPC006_HCC515_6H_I11_atorvastatin_10uM.tsv,lung,lung cancer,0.493902972027972,0.012194055944055945,65,0.5260423786739576,-0.05208475734791524,76,0.49075611888111886,0.01848776223776224,65,0.48240062287569724,0.03519875424860557,228
atorvastatin,CPC020_HCC515_6H_G04_atorvastatin_10uM,HCC515,6 h,10 uM,https://lincs-dcic.s3.amazonaws.com/LINCS-sigs-2021/cd/cp/L1000_LINCS_DCIC_CPC020_HCC515_6H_G04_atorvastatin_10uM.tsv,lung,lung cancer,0.472618006993007,0.054763986013986014,65,0.4967600820232399,0.0064798359535201645,76,0.4767263986013986,0.0465472027972028,65,0.5234039063378008,-0.04680781267560144,228
atorvastatin,REP.B023_HT29_24H_H06_atorvastatin_0.01uM,HT29,24 h,0.01 uM,https://lincs-dcic.s3.amazonaws.com/LINCS-sigs-2021/cd/cp/L1000_LINCS_DCIC_REP.B023_HT29_24H_H06_atorvastatin_0.01uM.tsv,intestine,colon adenocarcinoma,0.5395104895104895,-0.07902097902097902,65,0.5300068352699931,-0.06001367053998633,76,0.5497596153846154,-0.09951923076923078,65,0.5190836680412726,-0.0381673360825452,228
atorvastatin,REP.B023_HT29_24H_H05_atorvastatin_0.03uM,HT29,24 h,0.03 uM,https://lincs-dcic.s3.amazonaws.com/LINCS-sigs-2021/cd/cp/L1000_LINCS_DCIC_REP.B023_HT29_24H_H05_atorvastatin_0.03uM.tsv,intestine,colon adenocarcinoma,0.5954545454545455,-0.19090909090909092,65,0.5832125768967874,-0.16642515379357486,76,0.5847465034965035,-0.16949300699300698,65,0.5479134372876963,-0.09582687457539257,228
atorvastatin,REP.A023_HT29_24H_H06_atorvastatin_0.04uM,HT29,24 h,0.04 uM,https://lincs-dcic.s3.amazonaws.com/LINCS-sigs-2021/cd/cp/L1000_LINCS_DCIC_REP.A023_HT29_24H_H06_atorvastatin_0.04uM.tsv,intestine,colon adenocarcinoma,0.535118006993007,-0.07023601398601399,65,0.5642105263157895,-0.12842105263157896,76,0.5462412587412587,-0.09248251748251748,65,0.48925964662536436,0.02148070674927127,228
atorvastatin,REP.B023_HT29_24H_H04_atorvastatin_0.08uM,HT29,24 h,0.08 uM,https://lincs-dcic.s3.amazonaws.com/LINCS-sigs-2021/cd/cp/L1000_LINCS_DCIC_REP.B023_HT29_24H_H04_atorvastatin_0.08uM.tsv,intestine,colon adenocarcinoma,0.4786494755244755,0.04270104895104895,65,0.5056049213943951,-0.011209842788790158,76,0.47183129370629373,0.05633741258741259,65,0.4837234237508821,0.03255315249823576,228
atorvastatin,REP.B023_MCF7_24H_H06_atorvastatin_0.01uM,MCF7,24 h,0.01 uM,https://lincs-dcic.s3.amazonaws.com/LINCS-sigs-2021/cd/cp/L1000_LINCS_DCIC_REP.B023_MCF7_24H_H06_atorvastatin_0.01uM.tsv,breast,breast adenocarcinoma,0.4325611888111888,0.13487762237762238,65,0.4051127819548872,0.18977443609022557,76,0.4446022727272727,0.11079545454545454,65,0.5175806463044093,-0.03516129260881847,228
atorvastatin,REP.B023_MCF7_24H_H05_atorvastatin_0.03uM,MCF7,24 h,0.03 uM,https://lincs-dcic.s3.amazonaws.com/LINCS-sigs-2021/cd/cp/L1000_LINCS_DCIC_REP.B023_MCF7_24H_H05_atorvastatin_0.03uM.tsv,breast,breast adenocarcinoma,0.5569711538461538,-0.11394230769230769,65,0.4777717019822283,0.0444565960355434,76,0.5614073426573427,-0.12281468531468533,65,0.5184534012637735,-0.03690680252754696,228
atorvastatin,REP.A023_MCF7_24H_H06_atorvastatin_0.04uM,MCF7,24 h,0.04 uM,https://lincs-dcic.s3.amazonaws.com/LINCS-sigs-2021/cd/cp/L1000_LINCS_DCIC_REP.A023_MCF7_24H_H06_atorvastatin_0.04uM.tsv,breast,breast adenocarcinoma,0.5523382867132867,-0.10467657342657342,65,0.40381408065618596,0.19237183868762814,76,0.5399038461538461,-0.0798076923076923,65,0.4762923506368985,0.047415298726203,228
atorvastatin,REP.B023_MCF7_24H_H04_atorvastatin_0.08uM,MCF7,24 h,0.08 uM,https://lincs-dcic.s3.amazonaws.com/LINCS-sigs-2021/cd/cp/L1000_LINCS_DCIC_REP.B023_MCF7_24H_H04_atorvastatin_0.08uM.tsv,breast,breast adenocarcinoma,0.5890515734265734,-0.17810314685314685,65,0.629419002050581,-0.258838004101162,76,0.5845716783216783,-0.16914335664335664,65,0.49053232990137463,0.01893534019725072,228
atorvastatin,REP.B023_PC3_24H_H06_atorvastatin_0.01uM,PC3,24 h,0.01 uM,https://lincs-dcic.s3.amazonaws.com/LINCS-sigs-2021/cd/cp/L1000_LINCS_DCIC_REP.B023_PC3_24H_H06_atorvastatin_0.01uM.tsv,prostate gland,prostate adenocarcinoma,0.4902534965034965,0.019493006993006993,65,0.45565276828434725,0.08869446343130553,76,0.49224213286713286,0.015515734265734266,65,0.5185875544332813,-0.03717510886656265,228
atorvastatin,REP.B023_PC3_24H_H05_atorvastatin_0.03uM,PC3,24 h,0.03 uM,https://lincs-dcic.s3.amazonaws.com/LINCS-sigs-2021/cd/cp/L1000_LINCS_DCIC_REP.B023_PC3_24H_H05_atorvastatin_0.03uM.tsv,prostate gland,prostate adenocarcinoma,0.5399038461538461,-0.0798076923076923,65,0.5370608339029391,-0.07412166780587832,76,0.5297202797202797,-0.05944055944055944,65,0.5121304839537623,-0.024260967907524425,228
atorvastatin,REP.A023_PC3_24H_H06_atorvastatin_0.04uM,PC3,24 h,0.04 uM,https://lincs-dcic.s3.amazonaws.com/LINCS-sigs-2021/cd/cp/L1000_LINCS_DCIC_REP.A023_PC3_24H_H06_atorvastatin_0.04uM.tsv,prostate gland,prostate adenocarcinoma,0.5518356643356643,-0.10367132867132867,65,0.5154066985645933,-0.030813397129186605,76,0.5553321678321679,-0.11066433566433566,65,0.45751748800468167,0.08496502399063662,228
atorvastatin,REP.B023_PC3_24H_H04_atorvastatin_0.08uM,PC3,24 h,0.08 uM,https://lincs-dcic.s3.amazonaws.com/LINCS-sigs-2021/cd/cp/L1000_LINCS_DCIC_REP.B023_PC3_24H_H04_atorvastatin_0.08uM.tsv,prostate gland,prostate adenocarcinoma,0.5630026223776223,-0.12600524475524474,65,0.5549555707450444,-0.10991114149008885,76,0.5504807692307693,-0.10096153846153845,65,0.5002424881818651,-0.0004849763637302479,228
bortezomib,PBIOA022_A549_24H_C21_bortezomib_10uM,A549,24 h,10 uM,https://lincs-dcic.s3.amazonaws.com/LINCS-sigs-2021/cd/cp/L1000_LINCS_DCIC_PBIOA022_A549_24H_C21_bortezomib_10uM.tsv,lung,lung cancer,0.4226617132867133,0.15467657342657343,65,0.516308954203691,-0.032617908407382094,76,0.4133304195804196,0.17333916083916082,65,0.5434393025250158,-0.08687860505003155,228
bortezomib,PBIOA022_A549_24H_C24_bortezomib_10uM,A549,24 h,10 uM,https://lincs-dcic.s3.amazonaws.com/LINCS-sigs-2021/cd/cp/L1000_LINCS_DCIC_PBIOA022_A549_24H_C24_bortezomib_10uM.tsv,lung,lung cancer,0.584375,-0.16874999999999998,65,0.5025837320574162,-0.005167464114832535,76,0.591368006993007,-0.18273601398601397,65,0.5284916020115888,-0.056983204023177615,228
bortezomib,PBIOA022_A549_24H_G15_bortezomib_10uM,A549,24 h,10 uM,https://lincs-dcic.s3.amazonaws.com/LINCS-sigs-2021/cd/cp/L1000_LINCS_DCIC_PBIOA022_A549_24H_G15_bortezomib_10uM.tsv,lung,lung cancer,0.5063811188811189,-0.012762237762237762,65,0.5678879015721121,-0.1357758031442242,76,0.49493006993006994,0.01013986013986014,65,0.5478126958509715,-0.09562539170194305,228
bortezomib,PBIOA022_A549_24H_G18_bortezomib_10uM,A549,24 h,10 uM,https://lincs-dcic.s3.amazonaws.com/LINCS-sigs-2021/cd/cp/L1000_LINCS_DCIC_PBIOA022_A549_24H_G18_bortezomib_10uM.tsv,lung,lung cancer,0.5670017482517482,-0.1340034965034965,65,0.5500341763499659,-0.10006835269993165,76,0.5557255244755245,-0.11145104895104894,65,0.5157146516523115,-0.031429303304622874,228
bortezomib,CPC006_HCC515_24H_M24_bortezomib_0.04uM,HCC515,24 h,0.04 uM,https://lincs-dcic.s3.amazonaws.com/LINCS-sigs-2021/cd/cp/L1000_LINCS_DCIC_CPC006_HCC515_24H_M24_bortezomib_0.04uM.tsv,lung,lung cancer,0.5565777972027972,-0.11315559440559442,65,0.6527409432672591,-0.3054818865345181,76,0.5425262237762237,-0.08505244755244755,65,0.487176981948552,0.025646036102895987,228
bortezomib,PBIOA022_HCC515_24H_C24_bortezomib_10uM,HCC515,24 h,10 uM,https://lincs-dcic.s3.amazonaws.com/LINCS-sigs-2021/cd/cp/L1000_LINCS_DCIC_PBIOA022_HCC515_24H_C24_bortezomib_10uM.tsv,lung,lung cancer,0.4895979020979021,0.020804195804195805,65,0.5511825017088174,-0.10236500341763499,76,0.48352272727272727,0.03295454545454546,65,0.506597298509533,-0.01319459701906595,228
bortezomib,PBIOA022_HCC515_24H_G15_bortezomib_10uM,HCC515,24 h,10 uM,https://lincs-dcic.s3.amazonaws.com/LINCS-sigs-2021/cd/cp/L1000_LINCS_DCIC_PBIOA022_HCC515_24H_G15_bortezomib_10uM.tsv,lung,lung cancer,0.5302884615384615,-0.06057692307692308,65,0.588051948051948,-0.1761038961038961,76,0.5329108391608391,-0.06582167832167832,65,0.487365808862614,0.02526838227477202,228
bortezomib,CPC006_HT29_24H_M24_bortezomib_0.04uM,HT29,24 h,0.04 uM,https://lincs-dcic.s3.amazonaws.com/LINCS-sigs-2021/cd/cp/L1000_LINCS_DCIC_CPC006_HT29_24H_M24_bortezomib_0.04uM.tsv,intestine,colon adenocarcinoma,0.5154283216783216,-0.03085664335664336,65,0.5379220779220779,-0.07584415584415585,76,0.507888986013986,-0.01577797202797203,65,0.45081134824441593,0.09837730351116812,228
bortezomib,PBIOA021_HT29_24H_O03_bortezomib_10uM,HT29,24 h,10 uM,https://lincs-dcic.s3.amazonaws.com/LINCS-sigs-2021/cd/cp/L1000_LINCS_DCIC_PBIOA021_HT29_24H_O03_bortezomib_10uM.tsv,intestine,colon adenocarcinoma,0.632736013986014,-0.26547202797202796,65,0.5795898838004101,-0.15917976760082023,76,0.6258085664335664,-0.2516171328671329,65,0.5202829467528352,-0.04056589350567037,228
bortezomib,PBIOA021_HT29_24H_O06_bortezomib_10uM,HT29,24 h,10 uM,https://lincs-dcic.s3.amazonaws.com/LINCS-sigs-2021/cd/cp/L1000_LINCS_DCIC_PBIOA021_HT29_24H_O06_bortezomib_10uM.tsv,intestine,colon adenocarcinoma,0.4914117132867133,0.017176573426573426,65,0.492904989747095,0.014190020505809982,76,0.4816215034965035,0.036756993006993005,65,0.44321878508864737,0.11356242982270522,228
bortezomib,PBIOA022_HT29_24H_C21_bortezomib_10uM,HT29,24 h,10 uM,https://lincs-dcic.s3.amazonaws.com/LINCS-sigs-2021/cd/cp/L1000_LINCS_DCIC_PBIOA022_HT29_24H_C21_bortezomib_10uM.tsv,intestine,colon adenocarcinoma,0.5596372377622377,-0.11927447552447552,65,0.5717976760082023,-0.14359535201640464,76,0.5510708041958042,-0.1021416083916084,65,0.5300548661151369,-0.06010973223027366,228
bortezomib,CPC006_MCF7_24H_M24_bortezomib_0.04uM,MCF7,24 h,0.04 uM,https://lincs-dcic.s3.amazonaws.com/LINCS-sigs-2021/cd/cp/L1000_LINCS_DCIC_CPC006_MCF7_24H_M24_bortezomib_0.04uM.tsv,breast,breast adenocarcinoma,0.4909746503496504,0.018050699300699302,65,0.5656049213943951,-0.13120984278879017,76,0.5012893356643356,-0.0025786713286713287,65,0.4974789328900035,0.005042134219992974,228
bortezomib,PBIOA021_MCF7_24H_C21_bortezomib_10uM,MCF7,24 h,10 uM,https://lincs-dcic.s3.amazonaws.com/LINCS-sigs-2021/cd/cp/L1000_LINCS_DCIC_PBIOA021_MCF7_24H_C21_bortezomib_10uM.tsv,breast,breast adenocarcinoma,0.5391826923076923,-0.07836538461538461,65,0.5523991797676008,-0.10479835953520164,76,0.5288461538461539,-0.05769230769230769,65,0.4283505640001741,0.14329887199965172,228
bortezomib,PBIOA021_MCF7_24H_C24_bortezomib_10uM,MCF7,24 h,10 uM,https://lincs-dcic.s3.amazonaws.com/LINCS-sigs-2021/cd/cp/L1000_LINCS_DCIC_PBIOA021_MCF7_24H_C24_bortezomib_10uM.tsv,breast,breast adenocarcinoma,0.5394012237762238,-0.07880244755244756,65,0.5779494190020505,-0.15589883800410115,76,0.5285839160839161,-0.05716783216783217,65,0.47880633040963794,0.04238733918072407,228
bortezomib,PBIOA021_MCF7_24H_G15_bortezomib_10uM,MCF7,24 h,10 uM,https://lincs-dcic.s3.amazonaws.com/LINCS-sigs-2021/cd/cp/L1000_LINCS_DCIC_PBIOA021_MCF7_24H_G15_bortezomib_10uM.tsv,breast,breast adenocarcinoma,0.4948863636363636,0.010227272727272727,65,0.5358168147641832,-0.07163362952836638,76,0.5001748251748251,-0.00034965034965034965,65,0.45066909526090004,0.09866180947819986,228
bortezomib,PBIOA021_PC3_24H_C21_bortezomib_10uM,PC3,24 h,10 uM,https://lincs-dcic.s3.amazonaws.com/LINCS-sigs-2021/cd/cp/L1000_LINCS_DCIC_PBIOA021_PC3_24H_C21_bortezomib_10uM.tsv,prostate gland,prostate adenocarcinoma,0.501638986013986,-0.003277972027972028,65,0.5366917293233082,-0.07338345864661654,76,0.5015952797202797,-0.0031905594405594404,65,0.470654880087316,0.05869023982536801,228
bortezomib,PBIOA021_PC3_24H_C24_bortezomib_10uM,PC3,24 h,10 uM,https://lincs-dcic.s3.amazonaws.com/LINCS-sigs-2021/cd/cp/L1000_LINCS_DCIC_PBIOA021_PC3_24H_C24_bortezomib_10uM.tsv,prostate gland,prostate adenocarcinoma,0.5182692307692308,-0.036538461538461534,65,0.5190977443609023,-0.03819548872180451,76,0.5104895104895105,-0.02097902097902098,65,0.5072716080257007,-0.014543216051401419,228
bortezomib,PBIOA021_PC3_24H_G15_bortezomib_10uM,PC3,24 h,10 uM,https://lincs-dcic.s3.amazonaws.com/LINCS-sigs-2021/cd/cp/L1000_LINCS_DCIC_PBIOA021_PC3_24H_G15_bortezomib_10uM.tsv,prostate gland,prostate adenocarcinoma,0.4630244755244755,0.07395104895104895,65,0.565892002734108,-0.131784005468216,76,0.46704545454545454,0.06590909090909092,65,0.5168749500089604,-0.03374990001792084,228
bortezomib,PBIOA021_PC3_24H_G18_bortezomib_10uM,PC3,24 h,10 uM,https://lincs-dcic.s3.amazonaws.com/LINCS-sigs-2021/cd/cp/L1000_LINCS_DCIC_PBIOA021_PC3_24H_G18_bortezomib_10uM.tsv,prostate gland,prostate adenocarcinoma,0.42139423076923077,0.15721153846153846,65,0.40985645933014353,0.1802870813397129,76,0.4233828671328671,0.15323426573426574,65,0.5059123579874797,-0.011824715974959425,228
carbamazepine,REP.B023_A549_24H_N06_carbamazepine_0.01uM,A549,24 h,0.01 uM,https://lincs-dcic.s3.amazonaws.com/LINCS-sigs-2021/cd/cp/L1000_LINCS_DCIC_REP.B023_A549_24H_N06_carbamazepine_0.01uM.tsv,lung,lung cancer,0.534069055944056,-0.06813811188811189,65,0.5252904989747095,-0.050580997949419,76,0.5310096153846153,-0.062019230769230764,65,0.5010038706986191,-0.002007741397238166,228
carbamazepine,REP.B023_A549_24H_N05_carbamazepine_0.03uM,A549,24 h,0.03 uM,https://lincs-dcic.s3.amazonaws.com/LINCS-sigs-2021/cd/cp/L1000_LINCS_DCIC_REP.B023_A549_24H_N05_carbamazepine_0.03uM.tsv,lung,lung cancer,0.45570367132867134,0.08859265734265734,65,0.44624743677375256,0.10750512645249487,76,0.4571678321678322,0.08566433566433566,65,0.46780728922512116,0.06438542154975767,228
carbamazepine,REP.A023_A549_24H_N06_carbamazepine_0.04uM,A549,24 h,0.04 uM,https://lincs-dcic.s3.amazonaws.com/LINCS-sigs-2021/cd/cp/L1000_LINCS_DCIC_REP.A023_A549_24H_N06_carbamazepine_0.04uM.tsv,lung,lung cancer,0.5909746503496504,-0.18194930069930068,65,0.5602460697197539,-0.12049213943950786,76,0.5790865384615385,-0.15817307692307692,65,0.4877621935106315,0.024475612978736978,228
carbamazepine,REP.B023_A549_24H_N04_carbamazepine_0.08uM,A549,24 h,0.08 uM,https://lincs-dcic.s3.amazonaws.com/LINCS-sigs-2021/cd/cp/L1000_LINCS_DCIC_REP.B023_A549_24H_N04_carbamazepine_0.08uM.tsv,lung,lung cancer,0.5578240583956983,-0.11564811679139661,65,0.5384552289815447,-0.07691045796308954,76,0.5613315267904487,-0.12266305358089742,65,0.5169154490790006,-0.03383089815800105,228
carbamazepine,CPC004_HCC515_24H_F09_carbamazepine_10uM,HCC515,24 h,10 uM,https://lincs-dcic.s3.amazonaws.com/LINCS-sigs-2021/cd/cp/L1000_LINCS_DCIC_CPC004_HCC515_24H_F09_carbamazepine_10uM.tsv,lung,lung cancer,0.43505244755244754,0.1298951048951049,65,0.45809979494190023,0.08380041011619958,76,0.4396416083916084,0.12071678321678321,65,0.5330568596818596,-0.0661137193637191,228
carbamazepine,CPC006_HCC515_24H_A11_carbamazepine_100uM,HCC515,24 h,100 uM,https://lincs-dcic.s3.amazonaws.com/LINCS-sigs-2021/cd/cp/L1000_LINCS_DCIC_CPC006_HCC515_24H_A11_carbamazepine_100uM.tsv,lung,lung cancer,0.47679195804195806,0.046416083916083914,65,0.5218181818181818,-0.04363636363636363,76,0.48553321678321676,0.028933566433566434,65,0.3916422069158237,0.21671558616835263,228
carbamazepine,CPC004_HCC515_6H_F09_carbamazepine_10uM,HCC515,6 h,10 uM,https://lincs-dcic.s3.amazonaws.com/LINCS-sigs-2021/cd/cp/L1000_LINCS_DCIC_CPC004_HCC515_6H_F09_carbamazepine_10uM.tsv,lung,lung cancer,0.5310533216783216,-0.06210664335664336,65,0.46892686261107314,0.06214627477785373,76,0.5272071678321678,-0.05441433566433567,65,0.5361757943133231,-0.07235158862664617,228
carbamazepine,CPC020_HCC515_6H_B21_carbamazepine_10uM,HCC515,6 h,10 uM,https://lincs-dcic.s3.amazonaws.com/LINCS-sigs-2021/cd/cp/L1000_LINCS_DCIC_CPC020_HCC515_6H_B21_carbamazepine_10uM.tsv,lung,lung cancer,0.5738636363636364,-0.14772727272727273,65,0.4979084073820916,0.004183185235816815,76,0.5636582167832168,-0.12731643356643357,65,0.5629522607087135,-0.12590452141742697,228
carbamazepine,REP.B023_HT29_24H_N06_carbamazepine_0.01uM,HT29,24 h,0.01 uM,https://lincs-dcic.s3.amazonaws.com/LINCS-sigs-2021/cd/cp/L1000_LINCS_DCIC_REP.B023_HT29_24H_N06_carbamazepine_0.01uM.tsv,intestine,colon adenocarcinoma,0.4595935314685315,0.08081293706293706,65,0.42835269993164726,0.14329460013670542,76,0.4486888111888112,0.10262237762237762,65,0.5081474004153179,-0.016294800830635926,228
carbamazepine,REP.B023_HT29_24H_N05_carbamazepine_0.03uM,HT29,24 h,0.03 uM,https://lincs-dcic.s3.amazonaws.com/LINCS-sigs-2021/cd/cp/L1000_LINCS_DCIC_REP.B023_HT29_24H_N05_carbamazepine_0.03uM.tsv,intestine,colon adenocarcinoma,0.38715034965034967,0.2256993006993007,65,0.4231852358168148,0.15362952836637045,76,0.3902534965034965,0.219493006993007,65,0.5463461232771443,-0.09269224655428851,228
carbamazepine,REP.A023_HT29_24H_N06_carbamazepine_0.04uM,HT29,24 h,0.04 uM,https://lincs-dcic.s3.amazonaws.com/LINCS-sigs-2021/cd/cp/L1000_LINCS_DCIC_REP.A023_HT29_24H_N06_carbamazepine_0.04uM.tsv,intestine,colon adenocarcinoma,0.38599213286713285,0.22801573426573427,65,0.47114149008885853,0.05771701982228298,76,0.38481206293706294,0.23037587412587412,65,0.4868190714170726,0.026361857165854832,228
carbamazepine,REP.B023_HT29_24H_N04_carbamazepine_0.08uM,HT29,24 h,0.08 uM,https://lincs-dcic.s3.amazonaws.com/LINCS-sigs-2021/cd/cp/L1000_LINCS_DCIC_REP.B023_HT29_24H_N04_carbamazepine_0.08uM.tsv,intestine,colon adenocarcinoma,0.637805944055944,-0.27561188811188814,65,0.5120847573479153,-0.024169514695830487,76,0.6423951048951049,-0.2847902097902098,65,0.4545691557057621,0.09086168858847579,228
carbamazepine,REP.B023_MCF7_24H_N05_carbamazepine_0.03uM,MCF7,24 h,0.03 uM,https://lincs-dcic.s3.amazonaws.com/LINCS-sigs-2021/cd/cp/L1000_LINCS_DCIC_REP.B023_MCF7_24H_N05_carbamazepine_0.03uM.tsv,breast,breast adenocarcinoma,0.5577578671328671,-0.11551573426573426,65,0.5514695830485304,-0.10293916609706084,76,0.5500655594405595,-0.10013111888111888,65,0.45496199668515114,0.09007600662969778,228
carbamazepine,REP.A023_MCF7_24H_N06_carbamazepine_0.04uM,MCF7,24 h,0.04 uM,https://lincs-dcic.s3.amazonaws.com/LINCS-sigs-2021/cd/cp/L1000_LINCS_DCIC_REP.A023_MCF7_24H_N06_carbamazepine_0.04uM.tsv,breast,breast adenocarcinoma,0.4072333916083916,0.18553321678321677,65,0.3853588516746411,0.22928229665071773,76,0.3987106643356643,0.20257867132867133,65,0.5452987160782321,-0.09059743215646411,228
carbamazepine,REP.B023_MCF7_24H_N04_carbamazepine_0.08uM,MCF7,24 h,0.08 uM,https://lincs-dcic.s3.amazonaws.com/LINCS-sigs-2021/cd/cp/L1000_LINCS_DCIC_REP.B023_MCF7_24H_N04_carbamazepine_0.08uM.tsv,breast,breast adenocarcinoma,0.4684222027972028,0.0631555944055944,65,0.4384142173615858,0.12317156527682843,76,0.4639423076923077,0.07211538461538461,65,0.4709393860543477,0.05812122789130455,228
carbamazepine,REP.B023_PC3_24H_N06_carbamazepine_0.01uM,PC3,24 h,0.01 uM,https://lincs-dcic.s3.amazonaws.com/LINCS-sigs-2021/cd/cp/L1000_LINCS_DCIC_REP.B023_PC3_24H_N06_carbamazepine_0.01uM.tsv,prostate gland,prostate adenocarcinoma,0.5157124125874126,-0.03142482517482517,65,0.5189063568010936,-0.037812713602187284,76,0.5209571678321678,-0.04191433566433567,65,0.4375742272018079,0.12485154559638424,228
carbamazepine,REP.B023_PC3_24H_N05_carbamazepine_0.03uM,PC3,24 h,0.03 uM,https://lincs-dcic.s3.amazonaws.com/LINCS-sigs-2021/cd/cp/L1000_LINCS_DCIC_REP.B023_PC3_24H_N05_carbamazepine_0.03uM.tsv,prostate gland,prostate adenocarcinoma,0.4362980769230769,0.12740384615384615,65,0.41423103212576895,0.17153793574846204,76,0.42390734265734265,0.15218531468531468,65,0.4828005511923432,0.034398897615313506,228
carbamazepine,REP.B023_PC3_24H_N04_carbamazepine_0.08uM,PC3,24 h,0.08 uM,https://lincs-dcic.s3.amazonaws.com/LINCS-sigs-2021/cd/cp/L1000_LINCS_DCIC_REP.B023_PC3_24H_N04_carbamazepine_0.08uM.tsv,prostate gland,prostate adenocarcinoma,0.4300917832167832,0.13981643356643358,65,0.408257006151743,0.183485987696514,76,0.42353583916083914,0.15292832167832168,65,0.5187166452190342,-0.03743329043806832,228
celecoxib,REP.B012_A549_24H_L18_celecoxib_0.01uM,A549,24 h,0.01 uM,https://lincs-dcic.s3.amazonaws.com/LINCS-sigs-2021/cd/cp/L1000_LINCS_DCIC_REP.B012_A549_24H_L18_celecoxib_0.01uM.tsv,lung,lung cancer,0.6097027972027972,-0.21940559440559443,65,0.582323991797676,-0.16464798359535202,76,0.6082386363636364,-0.21647727272727274,65,0.4678609504929243,0.0642780990141514,228
celecoxib,REP.B012_A549_24H_L17_celecoxib_0.03uM,A549,24 h,0.03 uM,https://lincs-dcic.s3.amazonaws.com/LINCS-sigs-2021/cd/cp/L1000_LINCS_DCIC_REP.B012_A549_24H_L17_celecoxib_0.03uM.tsv,lung,lung cancer,0.34176136363636367,0.3164772727272727,65,0.45252221462747777,0.09495557074504445,76,0.34438374125874127,0.31123251748251746,65,0.46621010715041455,0.06757978569917088,228
celecoxib,PBIOA013_A549_24H_L18_celecoxib_0.04uM,A549,24 h,0.04 uM,https://lincs-dcic.s3.amazonaws.com/LINCS-sigs-2021/cd/cp/L1000_LINCS_DCIC_PBIOA013_A549_24H_L18_celecoxib_0.04uM.tsv,lung,lung cancer,0.4364729020979021,0.1270541958041958,65,0.4828434723171565,0.03431305536568694,76,0.4311407342657343,0.13771853146853147,65,0.49299214216793547,0.014015715664129064,228
celecoxib,REP.A012_A549_24H_L18_celecoxib_0.04uM,A549,24 h,0.04 uM,https://lincs-dcic.s3.amazonaws.com/LINCS-sigs-2021/cd/cp/L1000_LINCS_DCIC_REP.A012_A549_24H_L18_celecoxib_0.04uM.tsv,lung,lung cancer,0.38218968531468533,0.2356206293706294,65,0.41419002050581,0.17161995898838006,76,0.39084353146853146,0.21831293706293708,65,0.5552999614246358,-0.11059992284927157,228
celecoxib,PBIOA013_HCC515_24H_L18_celecoxib_0.04uM,HCC515,24 h,0.04 uM,https://lincs-dcic.s3.amazonaws.com/LINCS-sigs-2021/cd/cp/L1000_LINCS_DCIC_PBIOA013_HCC515_24H_L18_celecoxib_0.04uM.tsv,lung,lung cancer,0.5218968531468532,-0.0437937062937063,65,0.5279289131920711,-0.055857826384142176,76,0.532888986013986,-0.06577797202797203,65,0.5056283582588235,-0.011256716517646965,228
celecoxib,PBIOA013_HCC515_24H_L17_celecoxib_0.125uM,HCC515,24 h,0.125 uM,https://lincs-dcic.s3.amazonaws.com/LINCS-sigs-2021/cd/cp/L1000_LINCS_DCIC_PBIOA013_HCC515_24H_L17_celecoxib_0.125uM.tsv,lung,lung cancer,0.4724868881118881,0.05502622377622377,65,0.5300478468899521,-0.06009569377990431,76,0.4806818181818182,0.038636363636363635,65,0.4881459191987658,0.023708161602468372,228
celecoxib,PBIOA013_HCC515_24H_L16_celecoxib_0.37uM,HCC515,24 h,0.37 uM,https://lincs-dcic.s3.amazonaws.com/LINCS-sigs-2021/cd/cp/L1000_LINCS_DCIC_PBIOA013_HCC515_24H_L16_celecoxib_0.37uM.tsv,lung,lung cancer,0.5730987762237763,-0.14619755244755245,65,0.5294053315105947,-0.05881066302118934,76,0.5596372377622377,-0.11927447552447552,65,0.4791267793013303,0.041746441397339414,228
celecoxib,PBIOA013_HCC515_24H_L15_celecoxib_1.11uM,HCC515,24 h,1.11 uM,https://lincs-dcic.s3.amazonaws.com/LINCS-sigs-2021/cd/cp/L1000_LINCS_DCIC_PBIOA013_HCC515_24H_L15_celecoxib_1.11uM.tsv,lung,lung cancer,0.4593312937062937,0.08133741258741259,65,0.47611756664388244,0.047764866712235135,76,0.45220716783216786,0.09558566433566433,65,0.42443076025866755,0.1511384794826649,228
celecoxib,REP.B012_HT29_24H_L18_celecoxib_0.01uM,HT29,24 h,0.01 uM,https://lincs-dcic.s3.amazonaws.com/LINCS-sigs-2021/cd/cp/L1000_LINCS_DCIC_REP.B012_HT29_24H_L18_celecoxib_0.01uM.tsv,intestine,colon adenocarcinoma,0.3861013986013986,0.2277972027972028,65,0.35319207108680795,0.2936158578263841,76,0.38697552447552447,0.22604895104895106,65,0.5243743653036367,-0.04874873060727343,228
celecoxib,REP.B012_HT29_24H_L17_celecoxib_0.03uM,HT29,24 h,0.03 uM,https://lincs-dcic.s3.amazonaws.com/LINCS-sigs-2021/cd/cp/L1000_LINCS_DCIC_REP.B012_HT29_24H_L17_celecoxib_0.03uM.tsv,intestine,colon adenocarcinoma,0.5927229020979021,-0.1854458041958042,65,0.5542993848257006,-0.10859876965140124,76,0.5908216783216783,-0.18164335664335665,65,0.48044148036250717,0.039117039274985645,228
celecoxib,PBIOA013_HT29_24H_L18_celecoxib_0.04uM,HT29,24 h,0.04 uM,https://lincs-dcic.s3.amazonaws.com/LINCS-sigs-2021/cd/cp/L1000_LINCS_DCIC_PBIOA013_HT29_24H_L18_celecoxib_0.04uM.tsv,intestine,colon adenocarcinoma,0.47961101398601397,0.04077797202797203,65,0.45172932330827065,0.09654135338345866,76,0.4746722027972028,0.050655594405594404,65,0.5209607999376314,-0.04192159987526287,228
celecoxib,REP.A012_HT29_24H_L18_celecoxib_0.04uM,HT29,24 h,0.04 uM,https://lincs-dcic.s3.amazonaws.com/LINCS-sigs-2021/cd/cp/L1000_LINCS_DCIC_REP.A012_HT29_24H_L18_celecoxib_0.04uM.tsv,intestine,colon adenocarcinoma,0.5020541958041959,-0.004108391608391608,65,0.5303622693096377,-0.06072453861927547,76,0.4933347902097902,0.013330419580419578,65,0.4926797930902512,0.01464041381949767,228
celecoxib,REP.B012_MCF7_24H_L18_celecoxib_0.01uM,MCF7,24 h,0.01 uM,https://lincs-dcic.s3.amazonaws.com/LINCS-sigs-2021/cd/cp/L1000_LINCS_DCIC_REP.B012_MCF7_24H_L18_celecoxib_0.01uM.tsv,breast,breast adenocarcinoma,0.6605987762237762,-0.32119755244755244,65,0.5732057416267943,-0.14641148325358852,76,0.6597027972027972,-0.3194055944055944,65,0.5384255176540509,-0.07685103530810174,228
celecoxib,REP.B012_MCF7_24H_L17_celecoxib_0.03uM,MCF7,24 h,0.03 uM,https://lincs-dcic.s3.amazonaws.com/LINCS-sigs-2021/cd/cp/L1000_LINCS_DCIC_REP.B012_MCF7_24H_L17_celecoxib_0.03uM.tsv,breast,breast adenocarcinoma,0.4707604895104895,0.05847902097902098,65,0.4644976076555024,0.07100478468899522,76,0.4805725524475524,0.0388548951048951,65,0.48423371203338744,0.03153257593322513,228
celecoxib,PBIOA013_MCF7_24H_L18_celecoxib_0.04uM,MCF7,24 h,0.04 uM,https://lincs-dcic.s3.amazonaws.com/LINCS-sigs-2021/cd/cp/L1000_LINCS_DCIC_PBIOA013_MCF7_24H_L18_celecoxib_0.04uM.tsv,breast,breast adenocarcinoma,0.4989291958041958,0.0021416083916083917,65,0.5146958304853042,-0.029391660970608337,76,0.5023164335664335,-0.004632867132867133,65,0.538077225651706,-0.07615445130341195,228
celecoxib,REP.A012_MCF7_24H_L18_celecoxib_0.04uM,MCF7,24 h,0.04 uM,https://lincs-dcic.s3.amazonaws.com/LINCS-sigs-2021/cd/cp/L1000_LINCS_DCIC_REP.A012_MCF7_24H_L18_celecoxib_0.04uM.tsv,breast,breast adenocarcinoma,0.5088505244755245,-0.017701048951048952,65,0.5214764183185235,-0.042952836637047166,76,0.5014423076923077,-0.0028846153846153843,65,0.4894423986789203,0.02111520264215933,228
celecoxib,REP.B012_PC3_24H_L18_celecoxib_0.01uM,PC3,24 h,0.01 uM,https://lincs-dcic.s3.amazonaws.com/LINCS-sigs-2021/cd/cp/L1000_LINCS_DCIC_REP.B012_PC3_24H_L18_celecoxib_0.01uM.tsv,prostate gland,prostate adenocarcinoma,0.6065340909090909,-0.21306818181818182,65,0.6487628161312372,-0.29752563226247436,76,0.6168050699300699,-0.23361013986013987,65,0.4698859039949295,0.060228192010140964,228
celecoxib,REP.B012_PC3_24H_L17_celecoxib_0.03uM,PC3,24 h,0.03 uM,https://lincs-dcic.s3.amazonaws.com/LINCS-sigs-2021/cd/cp/L1000_LINCS_DCIC_REP.B012_PC3_24H_L17_celecoxib_0.03uM.tsv,prostate gland,prostate adenocarcinoma,0.5027753496503496,-0.005550699300699301,65,0.4383732057416268,0.12325358851674642,76,0.49331293706293705,0.013374125874125873,65,0.513991416222105,-0.02798283244421,228
celecoxib,PBIOA013_PC3_24H_L18_celecoxib_0.04uM,PC3,24 h,0.04 uM,https://lincs-dcic.s3.amazonaws.com/LINCS-sigs-2021/cd/cp/L1000_LINCS_DCIC_PBIOA013_PC3_24H_L18_celecoxib_0.04uM.tsv,prostate gland,prostate adenocarcinoma,0.4327141608391608,0.13457167832167832,65,0.43840054682159946,0.12319890635680109,76,0.4463942307692308,0.10721153846153846,65,0.4524353609530241,0.09512927809395177,228
celecoxib,REP.A012_PC3_24H_L18_celecoxib_0.04uM,PC3,24 h,0.04 uM,https://lincs-dcic.s3.amazonaws.com/LINCS-sigs-2021/cd/cp/L1000_LINCS_DCIC_REP.A012_PC3_24H_L18_celecoxib_0.04uM.tsv,prostate gland,prostate adenocarcinoma,0.626638986013986,-0.25327797202797203,65,0.503609022556391,-0.007218045112781954,76,0.6293487762237762,-0.25869755244755244,65,0.47724559749796747,0.0455088050040651,228
chloroquine,HOG003_A549_24H_L22_chloroquine_0.002uM,A549,24 h,0.002 uM,https://lincs-dcic.s3.amazonaws.com/LINCS-sigs-2021/cd/cp/L1000_LINCS_DCIC_HOG003_A549_24H_L22_chloroquine_0.002uM.tsv,lung,lung cancer,0.4754152097902098,0.049169580419580416,65,0.512904989747095,-0.02580997949419002,76,0.4698208041958042,0.060358391608391605,65,0.4976211858735194,0.004757628252961242,228
chloroquine,HOG003_A549_24H_L21_chloroquine_0.004uM,A549,24 h,0.004 uM,https://lincs-dcic.s3.amazonaws.com/LINCS-sigs-2021/cd/cp/L1000_LINCS_DCIC_HOG003_A549_24H_L21_chloroquine_0.004uM.tsv,lung,lung cancer,0.4911713286713287,0.01765734265734266,65,0.5744634313055366,-0.14892686261107313,76,0.49418706293706294,0.011625874125874125,65,0.5094813385347639,-0.01896267706952779,228
chloroquine,HOG003_A549_24H_L20_chloroquine_0.01uM,A549,24 h,0.01 uM,https://lincs-dcic.s3.amazonaws.com/LINCS-sigs-2021/cd/cp/L1000_LINCS_DCIC_HOG003_A549_24H_L20_chloroquine_0.01uM.tsv,lung,lung cancer,0.5590253496503497,-0.1180506993006993,65,0.5109911141490089,-0.02198222829801777,76,0.5513986013986014,-0.1027972027972028,65,0.5248406108474735,-0.04968122169494683,228
chloroquine,REP.B026_A549_24H_L06_chloroquine_0.01uM,A549,24 h,0.01 uM,https://lincs-dcic.s3.amazonaws.com/LINCS-sigs-2021/cd/cp/L1000_LINCS_DCIC_REP.B026_A549_24H_L06_chloroquine_0.01uM.tsv,lung,lung cancer,0.604458041958042,-0.20891608391608393,65,0.527095010252905,-0.05419002050580998,76,0.60506993006993,-0.21013986013986014,65,0.48423523074851393,0.031529538502972125,228
chloroquine,CPC004_HCC515_24H_F17_chloroquine_10uM,HCC515,24 h,10 uM,https://lincs-dcic.s3.amazonaws.com/LINCS-sigs-2021/cd/cp/L1000_LINCS_DCIC_CPC004_HCC515_24H_F17_chloroquine_10uM.tsv,lung,lung cancer,0.5083479020979021,-0.016695804195804194,65,0.42418318523581683,0.15163362952836637,76,0.5058784965034965,-0.011756993006993007,65,0.5486834258568337,-0.09736685171366753,228
chloroquine,CPC006_HCC515_24H_E04_chloroquine_10uM,HCC515,24 h,10 uM,https://lincs-dcic.s3.amazonaws.com/LINCS-sigs-2021/cd/cp/L1000_LINCS_DCIC_CPC006_HCC515_24H_E04_chloroquine_10uM.tsv,lung,lung cancer,0.426791958041958,0.14641608391608393,65,0.5245522898154478,-0.04910457963089543,76,0.43542395104895104,0.12915209790209792,65,0.4799904219699355,0.04001915606012897,228
chloroquine,CPC004_HCC515_6H_F17_chloroquine_10uM,HCC515,6 h,10 uM,https://lincs-dcic.s3.amazonaws.com/LINCS-sigs-2021/cd/cp/L1000_LINCS_DCIC_CPC004_HCC515_6H_F17_chloroquine_10uM.tsv,lung,lung cancer,0.46988636363636366,0.060227272727272727,65,0.5501161995898838,-0.10023239917976759,76,0.4624125874125874,0.07517482517482518,65,0.5195620633061213,-0.03912412661224267,228
chloroquine,CPC006_HCC515_6H_E04_chloroquine_10uM,HCC515,6 h,10 uM,https://lincs-dcic.s3.amazonaws.com/LINCS-sigs-2021/cd/cp/L1000_LINCS_DCIC_CPC006_HCC515_6H_E04_chloroquine_10uM.tsv,lung,lung cancer,0.33649475524475525,0.3270104895104895,65,0.4143403964456596,0.1713192071086808,76,0.34652534965034965,0.3069493006993007,65,0.5139433235764324,-0.027886647152864753,228
chloroquine,REP.B026_HT29_24H_L06_chloroquine_0.01uM,HT29,24 h,0.01 uM,https://lincs-dcic.s3.amazonaws.com/LINCS-sigs-2021/cd/cp/L1000_LINCS_DCIC_REP.B026_HT29_24H_L06_chloroquine_0.01uM.tsv,intestine,colon adenocarcinoma,0.6271197552447553,-0.2542395104895105,65,0.5537799043062201,-0.1075598086124402,76,0.63125,-0.2625,65,0.5205072103531823,-0.04101442070636453,228
chloroquine,REP.B026_HT29_24H_L05_chloroquine_0.03uM,HT29,24 h,0.03 uM,https://lincs-dcic.s3.amazonaws.com/LINCS-sigs-2021/cd/cp/L1000_LINCS_DCIC_REP.B026_HT29_24H_L05_chloroquine_0.03uM.tsv,intestine,colon adenocarcinoma,0.5668706293706294,-0.13374125874125875,65,0.5625837320574163,-0.12516746411483254,76,0.5564029720279721,-0.11280594405594406,65,0.4944065721890861,0.011186855621827784,228
chloroquine,REP.A026_HT29_24H_L06_chloroquine_0.04uM,HT29,24 h,0.04 uM,https://lincs-dcic.s3.amazonaws.com/LINCS-sigs-2021/cd/cp/L1000_LINCS_DCIC_REP.A026_HT29_24H_L06_chloroquine_0.04uM.tsv,intestine,colon adenocarcinoma,0.5042395104895105,-0.00847902097902098,65,0.48749145591250853,0.025017088174982913,76,0.5087849650349651,-0.01756993006993007,65,0.4788564480088126,0.04228710398237481,228
chloroquine,REP.B026_HT29_24H_L04_chloroquine_0.08uM,HT29,24 h,0.08 uM,https://lincs-dcic.s3.amazonaws.com/LINCS-sigs-2021/cd/cp/L1000_LINCS_DCIC_REP.B026_HT29_24H_L04_chloroquine_0.08uM.tsv,intestine,colon adenocarcinoma,0.46875,0.0625,65,0.5058236500341764,-0.0116473000683527,76,0.4627185314685315,0.07456293706293707,65,0.540801800588654,-0.08160360117730797,228
chloroquine,HOG003_MCF7_24H_L22_chloroquine_0.002uM,MCF7,24 h,0.002 uM,https://lincs-dcic.s3.amazonaws.com/LINCS-sigs-2021/cd/cp/L1000_LINCS_DCIC_HOG003_MCF7_24H_L22_chloroquine_0.002uM.tsv,breast,breast adenocarcinoma,0.4776660839160839,0.04466783216783216,65,0.4178673957621326,0.1642652084757348,76,0.48640734265734265,0.027185314685314686,65,0.515723257704695,-0.03144651540938991,228
chloroquine,HOG003_MCF7_24H_L21_chloroquine_0.004uM,MCF7,24 h,0.004 uM,https://lincs-dcic.s3.amazonaws.com/LINCS-sigs-2021/cd/cp/L1000_LINCS_DCIC_HOG003_MCF7_24H_L21_chloroquine_0.004uM.tsv,breast,breast adenocarcinoma,0.5017482517482518,-0.0034965034965034965,65,0.4832262474367738,0.03354750512645249,76,0.500743006993007,-0.001486013986013986,65,0.4358408670040914,0.12831826599181717,228
chloroquine,HOG003_MCF7_24H_L20_chloroquine_0.01uM,MCF7,24 h,0.01 uM,https://lincs-dcic.s3.amazonaws.com/LINCS-sigs-2021/cd/cp/L1000_LINCS_DCIC_HOG003_MCF7_24H_L20_chloroquine_0.01uM.tsv,breast,breast adenocarcinoma,0.5026660839160839,-0.005332167832167832,65,0.3982501708817498,0.20349965823650037,76,0.5062718531468532,-0.012543706293706294,65,0.44217745275024123,0.11564509449951756,228
chloroquine,REP.B026_MCF7_24H_L06_chloroquine_0.01uM,MCF7,24 h,0.01 uM,https://lincs-dcic.s3.amazonaws.com/LINCS-sigs-2021/cd/cp/L1000_LINCS_DCIC_REP.B026_MCF7_24H_L06_chloroquine_0.01uM.tsv,breast,breast adenocarcinoma,0.4790865384615385,0.041826923076923074,65,0.49770334928229665,0.004593301435406699,76,0.4817089160839161,0.03658216783216783,65,0.5207451423896678,-0.04149028477933576,228
chloroquine,REP.B026_PC3_24H_L06_chloroquine_0.01uM,PC3,24 h,0.01 uM,https://lincs-dcic.s3.amazonaws.com/LINCS-sigs-2021/cd/cp/L1000_LINCS_DCIC_REP.B026_PC3_24H_L06_chloroquine_0.01uM.tsv,prostate gland,prostate adenocarcinoma,0.5393356643356644,-0.07867132867132867,65,0.5557074504442926,-0.11141490088858509,76,0.5480332167832168,-0.09606643356643356,65,0.49245502325152857,0.015089953496942827,228
chloroquine,REP.B026_PC3_24H_L05_chloroquine_0.03uM,PC3,24 h,0.03 uM,https://lincs-dcic.s3.amazonaws.com/LINCS-sigs-2021/cd/cp/L1000_LINCS_DCIC_REP.B026_PC3_24H_L05_chloroquine_0.03uM.tsv,prostate gland,prostate adenocarcinoma,0.49180506993006995,0.01638986013986014,65,0.4568831168831169,0.08623376623376623,76,0.494645979020979,0.010708041958041958,65,0.5000404990700401,-8.099814008020842e-05,228
chloroquine,REP.A026_PC3_24H_L06_chloroquine_0.04uM,PC3,24 h,0.04 uM,https://lincs-dcic.s3.amazonaws.com/LINCS-sigs-2021/cd/cp/L1000_LINCS_DCIC_REP.A026_PC3_24H_L06_chloroquine_0.04uM.tsv,prostate gland,prostate adenocarcinoma,0.37556818181818186,0.24886363636363634,65,0.5129733424470266,-0.025946684894053315,76,0.3671547202797203,0.2656905594405594,65,0.4572107075491279,0.0855785849017442,228
chloroquine,REP.B026_PC3_24H_L04_chloroquine_0.08uM,PC3,24 h,0.08 uM,https://lincs-dcic.s3.amazonaws.com/LINCS-sigs-2021/cd/cp/L1000_LINCS_DCIC_REP.B026_PC3_24H_L04_chloroquine_0.08uM.tsv,prostate gland,prostate adenocarcinoma,0.4510708041958042,0.09785839160839162,65,0.3850991114149009,0.22980177717019823,76,0.44302884615384613,0.11394230769230769,65,0.5106289809320254,-0.021257961864050698,228
colchicine,REP.B012_A549_24H_A24_colchicine_0.01uM,A549,24 h,0.01 uM,https://lincs-dcic.s3.amazonaws.com/LINCS-sigs-2021/cd/cp/L1000_LINCS_DCIC_REP.B012_A549_24H_A24_colchicine_0.01uM.tsv,lung,lung cancer,0.4653409090909091,0.06931818181818182,65,0.5024196855775803,-0.0048393711551606294,76,0.46542832167832165,0.06914335664335665,65,0.5199827473961629,-0.039965494792325834,228
colchicine,REP.B012_A549_24H_A23_colchicine_0.03uM,A549,24 h,0.03 uM,https://lincs-dcic.s3.amazonaws.com/LINCS-sigs-2021/cd/cp/L1000_LINCS_DCIC_REP.B012_A549_24H_A23_colchicine_0.03uM.tsv,lung,lung cancer,0.38212412587412586,0.23575174825174824,65,0.4487764866712235,0.10244702665755297,76,0.37596153846153846,0.24807692307692306,65,0.5324250741892339,-0.06485014837846785,228
colchicine,REP.A012_A549_24H_A24_colchicine_0.04uM,A549,24 h,0.04 uM,https://lincs-dcic.s3.amazonaws.com/LINCS-sigs-2021/cd/cp/L1000_LINCS_DCIC_REP.A012_A549_24H_A24_colchicine_0.04uM.tsv,lung,lung cancer,0.4222027972027972,0.1555944055944056,65,0.4807518796992481,0.03849624060150376,76,0.42403846153846153,0.1519230769230769,65,0.4579999331765344,0.08400013364693114,228
colchicine,REP.B012_A549_24H_A22_colchicine_0.08uM,A549,24 h,0.08 uM,https://lincs-dcic.s3.amazonaws.com/LINCS-sigs-2021/cd/cp/L1000_LINCS_DCIC_REP.B012_A549_24H_A22_colchicine_0.08uM.tsv,lung,lung cancer,0.46774475524475523,0.06451048951048952,65,0.4337935748462064,0.13241285030758715,76,0.4622596153846154,0.07548076923076923,65,0.48777383699326804,0.024452326013463917,228
colchicine,REP.B012_HT29_24H_A24_colchicine_0.01uM,HT29,24 h,0.01 uM,https://lincs-dcic.s3.amazonaws.com/LINCS-sigs-2021/cd/cp/L1000_LINCS_DCIC_REP.B012_HT29_24H_A24_colchicine_0.01uM.tsv,intestine,colon adenocarcinoma,0.5486669580419581,-0.09733391608391607,65,0.5298017771701983,-0.05960355434039645,76,0.5459353146853146,-0.09187062937062937,65,0.5283630174642114,-0.056726034928422965,228
colchicine,REP.B012_HT29_24H_A23_colchicine_0.03uM,HT29,24 h,0.03 uM,https://lincs-dcic.s3.amazonaws.com/LINCS-sigs-2021/cd/cp/L1000_LINCS_DCIC_REP.B012_HT29_24H_A23_colchicine_0.03uM.tsv,intestine,colon adenocarcinoma,0.5732736013986014,-0.14654720279720282,65,0.4505946684894053,0.09881066302118933,76,0.576048951048951,-0.15209790209790208,65,0.4960407096652043,0.007918580669591373,228
colchicine,REP.A012_HT29_24H_A24_colchicine_0.04uM,HT29,24 h,0.04 uM,https://lincs-dcic.s3.amazonaws.com/LINCS-sigs-2021/cd/cp/L1000_LINCS_DCIC_REP.A012_HT29_24H_A24_colchicine_0.04uM.tsv,intestine,colon adenocarcinoma,0.40614073426573427,0.18771853146853149,65,0.46453861927546136,0.07092276144907723,76,0.39912587412587414,0.20174825174825176,65,0.47058957533687634,0.05882084932624735,228
colchicine,REP.B012_HT29_24H_A22_colchicine_0.08uM,HT29,24 h,0.08 uM,https://lincs-dcic.s3.amazonaws.com/LINCS-sigs-2021/cd/cp/L1000_LINCS_DCIC_REP.B012_HT29_24H_A22_colchicine_0.08uM.tsv,intestine,colon adenocarcinoma,0.5836101398601399,-0.16722027972027972,65,0.4466712235133288,0.10665755297334245,76,0.5886800699300699,-0.17736013986013985,65,0.4956873552791044,0.008625289441791193,228
colchicine,REP.B012_MCF7_24H_A24_colchicine_0.01uM,MCF7,24 h,0.01 uM,https://lincs-dcic.s3.amazonaws.com/LINCS-sigs-2021/cd/cp/L1000_LINCS_DCIC_REP.B012_MCF7_24H_A24_colchicine_0.01uM.tsv,breast,breast adenocarcinoma,0.5166083916083916,-0.033216783216783216,65,0.522200956937799,-0.04440191387559809,76,0.5060533216783217,-0.012106643356643357,65,0.5040428196667534,-0.008085639333506806,228
colchicine,REP.B012_MCF7_24H_A23_colchicine_0.03uM,MCF7,24 h,0.03 uM,https://lincs-dcic.s3.amazonaws.com/LINCS-sigs-2021/cd/cp/L1000_LINCS_DCIC_REP.B012_MCF7_24H_A23_colchicine_0.03uM.tsv,breast,breast adenocarcinoma,0.47003933566433564,0.05992132867132867,65,0.44500341763499657,0.10999316473000684,76,0.4587194055944056,0.08256118881118882,65,0.4805295658398444,0.03894086832031119,228
colchicine,REP.A012_MCF7_24H_A24_colchicine_0.04uM,MCF7,24 h,0.04 uM,https://lincs-dcic.s3.amazonaws.com/LINCS-sigs-2021/cd/cp/L1000_LINCS_DCIC_REP.A012_MCF7_24H_A24_colchicine_0.04uM.tsv,breast,breast adenocarcinoma,0.4066215034965035,0.186756993006993,65,0.4539166097060834,0.09216678058783322,76,0.4100305944055944,0.17993881118881117,65,0.5146019397029595,-0.02920387940591914,228
colchicine,REP.B012_MCF7_24H_A22_colchicine_0.08uM,MCF7,24 h,0.08 uM,https://lincs-dcic.s3.amazonaws.com/LINCS-sigs-2021/cd/cp/L1000_LINCS_DCIC_REP.B012_MCF7_24H_A22_colchicine_0.08uM.tsv,breast,breast adenocarcinoma,0.4968312937062937,0.006337412587412587,65,0.46447026657552976,0.07105946684894053,76,0.5002622377622378,-0.0005244755244755245,65,0.4689043077848325,0.06219138443033501,228
colchicine,REP.B012_PC3_24H_A24_colchicine_0.01uM,PC3,24 h,0.01 uM,https://lincs-dcic.s3.amazonaws.com/LINCS-sigs-2021/cd/cp/L1000_LINCS_DCIC_REP.B012_PC3_24H_A24_colchicine_0.01uM.tsv,prostate gland,prostate adenocarcinoma,0.3368006993006993,0.32639860139860144,65,0.32203691045796307,0.35592617908407387,76,0.33725961538461535,0.32548076923076924,65,0.41525265851082893,0.1694946829783421,228
colchicine,REP.B012_PC3_24H_A23_colchicine_0.03uM,PC3,24 h,0.03 uM,https://lincs-dcic.s3.amazonaws.com/LINCS-sigs-2021/cd/cp/L1000_LINCS_DCIC_REP.B012_PC3_24H_A23_colchicine_0.03uM.tsv,prostate gland,prostate adenocarcinoma,0.6519667832167833,-0.3039335664335664,65,0.5265755297334245,-0.05315105946684894,76,0.6579108391608391,-0.31582167832167835,65,0.5274457135278031,-0.05489142705560624,228
colchicine,REP.A012_PC3_24H_A24_colchicine_0.04uM,PC3,24 h,0.04 uM,https://lincs-dcic.s3.amazonaws.com/LINCS-sigs-2021/cd/cp/L1000_LINCS_DCIC_REP.A012_PC3_24H_A24_colchicine_0.04uM.tsv,prostate gland,prostate adenocarcinoma,0.45351835664335666,0.09296328671328671,65,0.4349282296650718,0.13014354066985645,76,0.4427229020979021,0.1145541958041958,65,0.46820266139638766,0.06359467720722464,228
colchicine,REP.B012_PC3_24H_A22_colchicine_0.08uM,PC3,24 h,0.08 uM,https://lincs-dcic.s3.amazonaws.com/LINCS-sigs-2021/cd/cp/L1000_LINCS_DCIC_REP.B012_PC3_24H_A22_colchicine_0.08uM.tsv,prostate gland,prostate adenocarcinoma,0.47152534965034965,0.0569493006993007,65,0.47621326042378676,0.047573479152426525,76,0.47220279720279723,0.055594405594405594,65,0.46258847781207824,0.07482304437584351,228
dexamethasone,REP.B016_A549_24H_N06_dexamethasone_0.01uM,A549,24 h,0.01 uM,https://lincs-dcic.s3.amazonaws.com/LINCS-sigs-2021/cd/cp/L1000_LINCS_DCIC_REP.B016_A549_24H_N06_dexamethasone_0.01uM.tsv,lung,lung cancer,0.5397071678321679,-0.07941433566433566,65,0.531784005468216,-0.063568010936432,76,0.5388767482517482,-0.0777534965034965,65,0.5350332142998167,-0.07006642859963327,228
dexamethasone,REP.B016_A549_24H_N05_dexamethasone_0.03uM,A549,24 h,0.03 uM,https://lincs-dcic.s3.amazonaws.com/LINCS-sigs-2021/cd/cp/L1000_LINCS_DCIC_REP.B016_A549_24H_N05_dexamethasone_0.03uM.tsv,lung,lung cancer,0.46350524475524474,0.07298951048951048,65,0.429542036910458,0.14091592617908405,76,0.4617788461538462,0.07644230769230768,65,0.5377993007835558,-0.07559860156711151,228
dexamethasone,REP.A016_A549_24H_N06_dexamethasone_0.04uM,A549,24 h,0.04 uM,https://lincs-dcic.s3.amazonaws.com/LINCS-sigs-2021/cd/cp/L1000_LINCS_DCIC_REP.A016_A549_24H_N06_dexamethasone_0.04uM.tsv,lung,lung cancer,0.45260052447552446,0.09479895104895104,65,0.5322624743677375,-0.06452494873547504,76,0.44624125874125875,0.10751748251748251,65,0.5043683309422008,-0.00873666188440148,228
dexamethasone,REP.B016_A549_24H_N04_dexamethasone_0.08uM,A549,24 h,0.08 uM,https://lincs-dcic.s3.amazonaws.com/LINCS-sigs-2021/cd/cp/L1000_LINCS_DCIC_REP.B016_A549_24H_N04_dexamethasone_0.08uM.tsv,lung,lung cancer,0.40279720279720277,0.1944055944055944,65,0.4297744360902256,0.14045112781954888,76,0.39296328671328673,0.2140734265734266,65,0.5319066860927206,-0.0638133721854412,228
dexamethasone,CPC004_HCC515_24H_E13_dexamethasone_10uM,HCC515,24 h,10 uM,https://lincs-dcic.s3.amazonaws.com/LINCS-sigs-2021/cd/cp/L1000_LINCS_DCIC_CPC004_HCC515_24H_E13_dexamethasone_10uM.tsv,lung,lung cancer,0.4888548951048951,0.022290209790209792,65,0.6068352699931647,-0.21367053998632946,76,0.5000437062937063,-8.741258741258741e-05,65,0.5520114369373793,-0.10402287387475866,228
dexamethasone,CPC004_HCC515_24H_M24_dexamethasone_10uM,HCC515,24 h,10 uM,https://lincs-dcic.s3.amazonaws.com/LINCS-sigs-2021/cd/cp/L1000_LINCS_DCIC_CPC004_HCC515_24H_M24_dexamethasone_10uM.tsv,lung,lung cancer,0.5650131118881119,-0.13002622377622378,65,0.5535885167464115,-0.10717703349282297,76,0.5567526223776224,-0.11350524475524475,65,0.5144961358824798,-0.0289922717649596,228
dexamethasone,CPC006_HCC515_24H_F09_dexamethasone_10uM,HCC515,24 h,10 uM,https://lincs-dcic.s3.amazonaws.com/LINCS-sigs-2021/cd/cp/L1000_LINCS_DCIC_CPC006_HCC515_24H_F09_dexamethasone_10uM.tsv,lung,lung cancer,0.4606424825174825,0.07871503496503496,65,0.5816267942583732,-0.1632535885167464,76,0.45957167832167833,0.08085664335664336,65,0.5633587701242411,-0.12671754024848206,228
dexamethasone,CPC006_HCC515_24H_O03_dexamethasone_10uM,HCC515,24 h,10 uM,https://lincs-dcic.s3.amazonaws.com/LINCS-sigs-2021/cd/cp/L1000_LINCS_DCIC_CPC006_HCC515_24H_O03_dexamethasone_10uM.tsv,lung,lung cancer,0.4757867132867133,0.04842657342657343,65,0.5646616541353383,-0.12932330827067667,76,0.4777753496503496,0.044449300699300705,65,0.6076799398993801,-0.21535987979876012,228
dexamethasone,REP.B016_HT29_24H_N06_dexamethasone_0.01uM,HT29,24 h,0.01 uM,https://lincs-dcic.s3.amazonaws.com/LINCS-sigs-2021/cd/cp/L1000_LINCS_DCIC_REP.B016_HT29_24H_N06_dexamethasone_0.01uM.tsv,intestine,colon adenocarcinoma,0.596875,-0.19375,65,0.5239781271360219,-0.04795625427204374,76,0.6005681818181818,-0.20113636363636364,65,0.5428819340735889,-0.08576386814717767,228
dexamethasone,REP.B016_HT29_24H_N05_dexamethasone_0.03uM,HT29,24 h,0.03 uM,https://lincs-dcic.s3.amazonaws.com/LINCS-sigs-2021/cd/cp/L1000_LINCS_DCIC_REP.B016_HT29_24H_N05_dexamethasone_0.03uM.tsv,intestine,colon adenocarcinoma,0.4712194055944056,0.05756118881118881,65,0.5336021872863979,-0.06720437457279561,76,0.4796547202797203,0.04069055944055944,65,0.5000531550294276,-0.00010631005885527355,228
dexamethasone,REP.B016_HT29_24H_N04_dexamethasone_0.08uM,HT29,24 h,0.08 uM,https://lincs-dcic.s3.amazonaws.com/LINCS-sigs-2021/cd/cp/L1000_LINCS_DCIC_REP.B016_HT29_24H_N04_dexamethasone_0.08uM.tsv,intestine,colon adenocarcinoma,0.5420017482517483,-0.0840034965034965,65,0.4568831168831169,0.08623376623376623,76,0.5354676573426573,-0.0709353146853147,65,0.4636652468367695,0.07266950632646098,228
dexamethasone,REP.B016_MCF7_24H_N06_dexamethasone_0.01uM,MCF7,24 h,0.01 uM,https://lincs-dcic.s3.amazonaws.com/LINCS-sigs-2021/cd/cp/L1000_LINCS_DCIC_REP.B016_MCF7_24H_N06_dexamethasone_0.01uM.tsv,breast,breast adenocarcinoma,0.46826923076923077,0.06346153846153846,65,0.37852358168147643,0.24295283663704714,76,0.45815122377622375,0.08369755244755245,65,0.441903577789095,0.11619284442180997,228
dexamethasone,REP.B016_MCF7_24H_N05_dexamethasone_0.03uM,MCF7,24 h,0.03 uM,https://lincs-dcic.s3.amazonaws.com/LINCS-sigs-2021/cd/cp/L1000_LINCS_DCIC_REP.B016_MCF7_24H_N05_dexamethasone_0.03uM.tsv,breast,breast adenocarcinoma,0.3660402097902098,0.2679195804195804,65,0.4618455228981545,0.07630895420369105,76,0.36070804195804196,0.2785839160839161,65,0.5266656001911556,-0.05333120038231123,228
dexamethasone,REP.A016_MCF7_24H_N06_dexamethasone_0.04uM,MCF7,24 h,0.04 uM,https://lincs-dcic.s3.amazonaws.com/LINCS-sigs-2021/cd/cp/L1000_LINCS_DCIC_REP.A016_MCF7_24H_N06_dexamethasone_0.04uM.tsv,breast,breast adenocarcinoma,0.5167832167832168,-0.033566433566433566,65,0.5522898154477102,-0.10457963089542036,76,0.5103365384615385,-0.020673076923076922,65,0.43115613707720235,0.13768772584559527,228
dexamethasone,REP.B016_MCF7_24H_N04_dexamethasone_0.08uM,MCF7,24 h,0.08 uM,https://lincs-dcic.s3.amazonaws.com/LINCS-sigs-2021/cd/cp/L1000_LINCS_DCIC_REP.B016_MCF7_24H_N04_dexamethasone_0.08uM.tsv,breast,breast adenocarcinoma,0.33907342657342654,0.32185314685314687,65,0.38902255639097744,0.22195488721804513,76,0.33542395104895106,0.3291520979020979,65,0.5370470305575609,-0.07409406111512165,228
dexamethasone,REP.B016_PC3_24H_N06_dexamethasone_0.01uM,PC3,24 h,0.01 uM,https://lincs-dcic.s3.amazonaws.com/LINCS-sigs-2021/cd/cp/L1000_LINCS_DCIC_REP.B016_PC3_24H_N06_dexamethasone_0.01uM.tsv,prostate gland,prostate adenocarcinoma,0.48756555944055946,0.02486888111888112,65,0.45804511278195487,0.08390977443609023,76,0.48090034965034967,0.0381993006993007,65,0.49609386469463196,0.007812270610736101,228
dexamethasone,REP.A016_PC3_24H_N06_dexamethasone_0.04uM,PC3,24 h,0.04 uM,https://lincs-dcic.s3.amazonaws.com/LINCS-sigs-2021/cd/cp/L1000_LINCS_DCIC_REP.A016_PC3_24H_N06_dexamethasone_0.04uM.tsv,prostate gland,prostate adenocarcinoma,0.4647071678321678,0.07058566433566434,65,0.4797129186602871,0.04057416267942584,76,0.47408216783216783,0.05183566433566433,65,0.451614242307961,0.09677151538407801,228
dexamethasone,REP.B016_PC3_24H_N04_dexamethasone_0.08uM,PC3,24 h,0.08 uM,https://lincs-dcic.s3.amazonaws.com/LINCS-sigs-2021/cd/cp/L1000_LINCS_DCIC_REP.B016_PC3_24H_N04_dexamethasone_0.08uM.tsv,prostate gland,prostate adenocarcinoma,0.49036276223776226,0.019274475524475525,65,0.4968967874231032,0.006206425153793574,76,0.4887456293706294,0.022508741258741256,65,0.4121772603796585,0.17564547924068294,228
disulfiram,REP.B003_A549_24H_E24_disulfiram_0.01uM,A549,24 h,0.01 uM,https://lincs-dcic.s3.amazonaws.com/LINCS-sigs-2021/cd/cp/L1000_LINCS_DCIC_REP.B003_A549_24H_E24_disulfiram_0.01uM.tsv,lung,lung cancer,0.35179195804195806,0.29641608391608393,65,0.4928092959671907,0.014381408065618592,76,0.3514641608391608,0.29707167832167836,65,0.40054693994089163,0.1989061201182168,228
disulfiram,REP.B003_A549_24H_E23_disulfiram_0.03uM,A549,24 h,0.03 uM,https://lincs-dcic.s3.amazonaws.com/LINCS-sigs-2021/cd/cp/L1000_LINCS_DCIC_REP.B003_A549_24H_E23_disulfiram_0.03uM.tsv,lung,lung cancer,0.4401005244755245,0.11979895104895105,65,0.4176076555023923,0.1647846889952153,76,0.4314466783216783,0.13710664335664335,65,0.5035892300823043,-0.007178460164608471,228
disulfiram,REP.A003_A549_24H_E24_disulfiram_0.04uM,A549,24 h,0.04 uM,https://lincs-dcic.s3.amazonaws.com/LINCS-sigs-2021/cd/cp/L1000_LINCS_DCIC_REP.A003_A549_24H_E24_disulfiram_0.04uM.tsv,lung,lung cancer,0.5684222027972028,-0.13684440559440558,65,0.5432262474367737,-0.08645249487354752,76,0.5775568181818181,-0.15511363636363637,65,0.4837851848326933,0.03242963033461344,228
disulfiram,REP.B003_A549_24H_E22_disulfiram_0.08uM,A549,24 h,0.08 uM,https://lincs-dcic.s3.amazonaws.com/LINCS-sigs-2021/cd/cp/L1000_LINCS_DCIC_REP.B003_A549_24H_E22_disulfiram_0.08uM.tsv,lung,lung cancer,0.5126748251748252,-0.025349650349650348,65,0.5903759398496241,-0.18075187969924814,76,0.5117132867132868,-0.023426573426573425,65,0.46313673397274613,0.0737265320545077,228
disulfiram,REP.B003_HT29_24H_E24_disulfiram_0.01uM,HT29,24 h,0.01 uM,https://lincs-dcic.s3.amazonaws.com/LINCS-sigs-2021/cd/cp/L1000_LINCS_DCIC_REP.B003_HT29_24H_E24_disulfiram_0.01uM.tsv,intestine,colon adenocarcinoma,0.5071241258741259,-0.014248251748251747,65,0.48313055365686947,0.0337388926862611,76,0.5163898601398601,-0.03277972027972028,65,0.5136643862315312,-0.027328772463062315,228
disulfiram,REP.B003_HT29_24H_E23_disulfiram_0.03uM,HT29,24 h,0.03 uM,https://lincs-dcic.s3.amazonaws.com/LINCS-sigs-2021/cd/cp/L1000_LINCS_DCIC_REP.B003_HT29_24H_E23_disulfiram_0.03uM.tsv,intestine,colon adenocarcinoma,0.4379152097902098,0.12416958041958041,65,0.577593984962406,-0.15518796992481204,76,0.4375655594405594,0.12486888111888111,65,0.5187298074167972,-0.03745961483359438,228
disulfiram,REP.A003_HT29_24H_E24_disulfiram_0.04uM,HT29,24 h,0.04 uM,https://lincs-dcic.s3.amazonaws.com/LINCS-sigs-2021/cd/cp/L1000_LINCS_DCIC_REP.A003_HT29_24H_E24_disulfiram_0.04uM.tsv,intestine,colon adenocarcinoma,0.41319930069930066,0.17360139860139862,65,0.47384825700615174,0.05230348598769652,76,0.4233173076923077,0.1533653846153846,65,0.43282216757097713,0.13435566485804568,228
disulfiram,REP.B003_HT29_24H_E22_disulfiram_0.08uM,HT29,24 h,0.08 uM,https://lincs-dcic.s3.amazonaws.com/LINCS-sigs-2021/cd/cp/L1000_LINCS_DCIC_REP.B003_HT29_24H_E22_disulfiram_0.08uM.tsv,intestine,colon adenocarcinoma,0.47102272727272726,0.057954545454545446,65,0.5740533151059467,-0.14810663021189338,76,0.4751092657342657,0.04978146853146853,65,0.5225139392736694,-0.045027878547338855,228
disulfiram,REP.B003_MCF7_24H_E24_disulfiram_0.01uM,MCF7,24 h,0.01 uM,https://lincs-dcic.s3.amazonaws.com/LINCS-sigs-2021/cd/cp/L1000_LINCS_DCIC_REP.B003_MCF7_24H_E24_disulfiram_0.01uM.tsv,breast,breast adenocarcinoma,0.5381555944055945,-0.07631118881118881,65,0.4462611073137389,0.10747778537252221,76,0.5326267482517483,-0.0652534965034965,65,0.51767733783413,-0.03535467566825997,228
disulfiram,REP.B003_MCF7_24H_E23_disulfiram_0.03uM,MCF7,24 h,0.03 uM,https://lincs-dcic.s3.amazonaws.com/LINCS-sigs-2021/cd/cp/L1000_LINCS_DCIC_REP.B003_MCF7_24H_E23_disulfiram_0.03uM.tsv,breast,breast adenocarcinoma,0.514138986013986,-0.028277972027972026,65,0.5886671223513329,-0.17733424470266576,76,0.5237980769230769,-0.04759615384615385,65,0.5035234190934891,-0.0070468381869781315,228
disulfiram,REP.A003_MCF7_24H_E24_disulfiram_0.04uM,MCF7,24 h,0.04 uM,https://lincs-dcic.s3.amazonaws.com/LINCS-sigs-2021/cd/cp/L1000_LINCS_DCIC_REP.A003_MCF7_24H_E24_disulfiram_0.04uM.tsv,breast,breast adenocarcinoma,0.5348557692307693,-0.06971153846153845,65,0.4981544771018455,0.003691045796308954,76,0.5380244755244755,-0.07604895104895104,65,0.4751259774197435,0.049748045160513,228
disulfiram,REP.B003_MCF7_24H_E22_disulfiram_0.08uM,MCF7,24 h,0.08 uM,https://lincs-dcic.s3.amazonaws.com/LINCS-sigs-2021/cd/cp/L1000_LINCS_DCIC_REP.B003_MCF7_24H_E22_disulfiram_0.08uM.tsv,breast,breast adenocarcinoma,0.5042176573426573,-0.008435314685314685,65,0.497552973342447,0.004894053315105946,76,0.4932036713286713,0.013592657342657343,65,0.5179005889577261,-0.03580117791545211,228
disulfiram,REP.B003_PC3_24H_E24_disulfiram_0.01uM,PC3,24 h,0.01 uM,https://lincs-dcic.s3.amazonaws.com/LINCS-sigs-2021/cd/cp/L1000_LINCS_DCIC_REP.B003_PC3_24H_E24_disulfiram_0.01uM.tsv,prostate gland,prostate adenocarcinoma,0.5899256993006993,-0.1798513986013986,65,0.6103349282296651,-0.22066985645933018,76,0.5984484265734266,-0.19689685314685315,65,0.45463446045620176,0.09073107908759645,228
disulfiram,REP.B003_PC3_24H_E23_disulfiram_0.03uM,PC3,24 h,0.03 uM,https://lincs-dcic.s3.amazonaws.com/LINCS-sigs-2021/cd/cp/L1000_LINCS_DCIC_REP.B003_PC3_24H_E23_disulfiram_0.03uM.tsv,prostate gland,prostate adenocarcinoma,0.5576704545454545,-0.11534090909090909,65,0.5331784005468216,-0.0663568010936432,76,0.5473776223776223,-0.09475524475524476,65,0.464232233817331,0.07153553236533805,228
disulfiram,REP.A003_PC3_24H_E24_disulfiram_0.04uM,PC3,24 h,0.04 uM,https://lincs-dcic.s3.amazonaws.com/LINCS-sigs-2021/cd/cp/L1000_LINCS_DCIC_REP.A003_PC3_24H_E24_disulfiram_0.04uM.tsv,prostate gland,prostate adenocarcinoma,0.6517263986013986,-0.3034527972027972,65,0.5320984278879015,-0.06419685577580314,76,0.6341127622377623,-0.26822552447552445,65,0.40909679986473313,0.1818064002705338,228
disulfiram,REP.B003_PC3_24H_E22_disulfiram_0.08uM,PC3,24 h,0.08 uM,https://lincs-dcic.s3.amazonaws.com/LINCS-sigs-2021/cd/cp/L1000_LINCS_DCIC_REP.B003_PC3_24H_E22_disulfiram_0.08uM.tsv,prostate gland,prostate adenocarcinoma,0.42731643356643356,0.14536713286713285,65,0.39766233766233766,0.2046753246753247,76,0.4283435314685315,0.14331293706293705,65,0.5546626073098797,-0.1093252146197593,228
doxycycline,REP.B005_A549_24H_D12_doxycycline_0.01uM,A549,24 h,0.01 uM,https://lincs-dcic.s3.amazonaws.com/LINCS-sigs-2021/cd/cp/L1000_LINCS_DCIC_REP.B005_A549_24H_D12_doxycycline_0.01uM.tsv,lung,lung cancer,0.5297858391608392,-0.059571678321678326,65,0.5315242652084757,-0.06304853041695148,76,0.5185096153846154,-0.03701923076923077,65,0.504861407119939,-0.009722814239878017,228
doxycycline,REP.B005_A549_24H_D11_doxycycline_0.03uM,A549,24 h,0.03 uM,https://lincs-dcic.s3.amazonaws.com/LINCS-sigs-2021/cd/cp/L1000_LINCS_DCIC_REP.B005_A549_24H_D11_doxycycline_0.03uM.tsv,lung,lung cancer,0.5788898601398601,-0.1577797202797203,65,0.5684894053315106,-0.1369788106630212,76,0.5745847902097903,-0.14916958041958042,65,0.4669459162625818,0.06610816747483639,228
doxycycline,REP.A005_A549_24H_D12_doxycycline_0.04uM,A549,24 h,0.04 uM,https://lincs-dcic.s3.amazonaws.com/LINCS-sigs-2021/cd/cp/L1000_LINCS_DCIC_REP.A005_A549_24H_D12_doxycycline_0.04uM.tsv,lung,lung cancer,0.5155594405594406,-0.03111888111888112,65,0.5864661654135338,-0.1729323308270677,76,0.5092657342657343,-0.01853146853146853,65,0.5546150209025825,-0.10923004180516505,228
doxycycline,REP.B005_A549_24H_D10_doxycycline_0.08uM,A549,24 h,0.08 uM,https://lincs-dcic.s3.amazonaws.com/LINCS-sigs-2021/cd/cp/L1000_LINCS_DCIC_REP.B005_A549_24H_D10_doxycycline_0.08uM.tsv,lung,lung cancer,0.49119318181818183,0.017613636363636363,65,0.5983048530416951,-0.1966097060833903,76,0.49031905594405595,0.01936188811188811,65,0.5393063724274232,-0.07861274485484628,228
doxycycline,CPC020_HCC515_6H_F03_doxycycline_10uM,HCC515,6 h,10 uM,https://lincs-dcic.s3.amazonaws.com/LINCS-sigs-2021/cd/cp/L1000_LINCS_DCIC_CPC020_HCC515_6H_F03_doxycycline_10uM.tsv,lung,lung cancer,0.5000218531468531,-4.3706293706293706e-05,65,0.4420505809979494,0.11589883800410115,76,0.508631993006993,-0.017263986013986012,65,0.4380586973271626,0.12388260534567475,228
doxycycline,REP.B005_HT29_24H_D12_doxycycline_0.01uM,HT29,24 h,0.01 uM,https://lincs-dcic.s3.amazonaws.com/LINCS-sigs-2021/cd/cp/L1000_LINCS_DCIC_REP.B005_HT29_24H_D12_doxycycline_0.01uM.tsv,intestine,colon adenocarcinoma,0.5015078671328671,-0.0030157342657342657,65,0.38869446343130554,0.22261107313738893,76,0.5013548951048951,-0.0027097902097902096,65,0.5536794923846561,-0.10735898476931224,228
doxycycline,REP.B005_HT29_24H_D11_doxycycline_0.03uM,HT29,24 h,0.03 uM,https://lincs-dcic.s3.amazonaws.com/LINCS-sigs-2021/cd/cp/L1000_LINCS_DCIC_REP.B005_HT29_24H_D11_doxycycline_0.03uM.tsv,intestine,colon adenocarcinoma,0.5339816433566433,-0.06796328671328672,65,0.5525358851674641,-0.10507177033492823,76,0.5218531468531469,-0.043706293706293704,65,0.5740323000333105,-0.14806460006662098,228
doxycycline,REP.A005_HT29_24H_D12_doxycycline_0.04uM,HT29,24 h,0.04 uM,https://lincs-dcic.s3.amazonaws.com/LINCS-sigs-2021/cd/cp/L1000_LINCS_DCIC_REP.A005_HT29_24H_D12_doxycycline_0.04uM.tsv,intestine,colon adenocarcinoma,0.5615166083916083,-0.12303321678321677,65,0.5887354750512646,-0.17747095010252903,76,0.5706512237762238,-0.14130244755244756,65,0.5092606186030453,-0.018521237206090654,228
doxycycline,REP.B005_HT29_24H_D10_doxycycline_0.08uM,HT29,24 h,0.08 uM,https://lincs-dcic.s3.amazonaws.com/LINCS-sigs-2021/cd/cp/L1000_LINCS_DCIC_REP.B005_HT29_24H_D10_doxycycline_0.08uM.tsv,intestine,colon adenocarcinoma,0.5609047202797203,-0.12180944055944057,65,0.4561449077238551,0.08771018455228981,76,0.5556381118881119,-0.11127622377622377,65,0.5605223165063072,-0.12104463301261446,228
doxycycline,REP.B005_MCF7_24H_D12_doxycycline_0.01uM,MCF7,24 h,0.01 uM,https://lincs-dcic.s3.amazonaws.com/LINCS-sigs-2021/cd/cp/L1000_LINCS_DCIC_REP.B005_MCF7_24H_D12_doxycycline_0.01uM.tsv,breast,breast adenocarcinoma,0.4918269230769231,0.016346153846153844,65,0.4822282980177717,0.0355434039644566,76,0.4891608391608392,0.021678321678321677,65,0.5399710634144563,-0.07994212682891269,228
doxycycline,REP.B005_MCF7_24H_D11_doxycycline_0.03uM,MCF7,24 h,0.03 uM,https://lincs-dcic.s3.amazonaws.com/LINCS-sigs-2021/cd/cp/L1000_LINCS_DCIC_REP.B005_MCF7_24H_D11_doxycycline_0.03uM.tsv,breast,breast adenocarcinoma,0.5149694055944056,-0.02993881118881119,65,0.5491455912508544,-0.0982911825017088,76,0.5087631118881119,-0.017526223776223777,65,0.4919994087135774,0.01600118257284517,228
doxycycline,REP.A005_MCF7_24H_D12_doxycycline_0.04uM,MCF7,24 h,0.04 uM,https://lincs-dcic.s3.amazonaws.com/LINCS-sigs-2021/cd/cp/L1000_LINCS_DCIC_REP.A005_MCF7_24H_D12_doxycycline_0.04uM.tsv,breast,breast adenocarcinoma,0.404763986013986,0.19047202797202797,65,0.47398496240601506,0.052030075187969926,76,0.4114729020979021,0.17705419580419582,65,0.4861680488661779,0.02766390226764418,228
doxycycline,REP.B005_MCF7_24H_D10_doxycycline_0.08uM,MCF7,24 h,0.08 uM,https://lincs-dcic.s3.amazonaws.com/LINCS-sigs-2021/cd/cp/L1000_LINCS_DCIC_REP.B005_MCF7_24H_D10_doxycycline_0.08uM.tsv,breast,breast adenocarcinoma,0.5434003496503497,-0.08680069930069931,65,0.4799043062200957,0.04019138755980861,76,0.5386363636363636,-0.07727272727272727,65,0.5160573750325258,-0.032114750065051635,228
doxycycline,REP.B005_PC3_24H_D12_doxycycline_0.01uM,PC3,24 h,0.01 uM,https://lincs-dcic.s3.amazonaws.com/LINCS-sigs-2021/cd/cp/L1000_LINCS_DCIC_REP.B005_PC3_24H_D12_doxycycline_0.01uM.tsv,prostate gland,prostate adenocarcinoma,0.44954108391608394,0.10091783216783216,65,0.5551196172248803,-0.11023923444976078,76,0.44414335664335663,0.1117132867132867,65,0.5137393095111054,-0.0274786190222107,228
doxycycline,REP.B005_PC3_24H_D11_doxycycline_0.03uM,PC3,24 h,0.03 uM,https://lincs-dcic.s3.amazonaws.com/LINCS-sigs-2021/cd/cp/L1000_LINCS_DCIC_REP.B005_PC3_24H_D11_doxycycline_0.03uM.tsv,prostate gland,prostate adenocarcinoma,0.5194055944055944,-0.038811188811188814,65,0.5358304853041695,-0.07166097060833902,76,0.511166958041958,-0.02233391608391608,65,0.47988006200407624,0.040239875991847536,228
doxycycline,REP.A005_PC3_24H_D12_doxycycline_0.04uM,PC3,24 h,0.04 uM,https://lincs-dcic.s3.amazonaws.com/LINCS-sigs-2021/cd/cp/L1000_LINCS_DCIC_REP.A005_PC3_24H_D12_doxycycline_0.04uM.tsv,prostate gland,prostate adenocarcinoma,0.4423076923076923,0.11538461538461538,65,0.4183048530416951,0.16339029391660972,76,0.4451048951048951,0.10979020979020979,65,0.5806133989148274,-0.16122679782965485,228
doxycycline,REP.B005_PC3_24H_D10_doxycycline_0.08uM,PC3,24 h,0.08 uM,https://lincs-dcic.s3.amazonaws.com/LINCS-sigs-2021/cd/cp/L1000_LINCS_DCIC_REP.B005_PC3_24H_D10_doxycycline_0.08uM.tsv,prostate gland,prostate adenocarcinoma,0.6424606643356643,-0.2849213286713287,65,0.5968557758031442,-0.19371155160628845,76,0.636166958041958,-0.27233391608391605,65,0.5245318054384176,-0.049063610876835244,228
fluoxetine,REP.B003_A549_24H_A18_fluoxetine_0.01uM,A549,24 h,0.01 uM,https://lincs-dcic.s3.amazonaws.com/LINCS-sigs-2021/cd/cp/L1000_LINCS_DCIC_REP.B003_A549_24H_A18_fluoxetine_0.01uM.tsv,lung,lung cancer,0.43282342657342654,0.13435314685314687,65,0.42731373889268626,0.1453725222146275,76,0.4341346153846154,0.13173076923076923,65,0.5346869472509738,-0.0693738945019475,228
fluoxetine,REP.A003_A549_24H_A18_fluoxetine_0.04uM,A549,24 h,0.04 uM,https://lincs-dcic.s3.amazonaws.com/LINCS-sigs-2021/cd/cp/L1000_LINCS_DCIC_REP.A003_A549_24H_A18_fluoxetine_0.04uM.tsv,lung,lung cancer,0.5871503496503496,-0.1743006993006993,65,0.5369514695830485,-0.07390293916609705,76,0.5822333916083916,-0.16446678321678324,65,0.4945245257305779,0.010950948538844178,228
fluoxetine,REP.B003_A549_24H_A16_fluoxetine_0.08uM,A549,24 h,0.08 uM,https://lincs-dcic.s3.amazonaws.com/LINCS-sigs-2021/cd/cp/L1000_LINCS_DCIC_REP.B003_A549_24H_A16_fluoxetine_0.08uM.tsv,lung,lung cancer,0.41947115384615385,0.16105769230769232,65,0.4674367737525632,0.06512645249487355,76,0.42139423076923077,0.15721153846153846,65,0.5202576348340602,-0.04051526966812025,228
fluoxetine,CPC005_HCC515_6H_P19_fluoxetine_10uM,HCC515,6 h,10 uM,https://lincs-dcic.s3.amazonaws.com/LINCS-sigs-2021/cd/cp/L1000_LINCS_DCIC_CPC005_HCC515_6H_P19_fluoxetine_10uM.tsv,lung,lung cancer,0.4745410839160839,0.05091783216783217,65,0.4826384142173616,0.03472317156527683,76,0.4742351398601399,0.05152972027972028,65,0.47117579937570686,0.05764840124858633,228
fluoxetine,CPC009_HCC515_6H_J24_fluoxetine_10uM,HCC515,6 h,10 uM,https://lincs-dcic.s3.amazonaws.com/LINCS-sigs-2021/cd/cp/L1000_LINCS_DCIC_CPC009_HCC515_6H_J24_fluoxetine_10uM.tsv,lung,lung cancer,0.5166083916083916,-0.033216783216783216,65,0.5432946001367054,-0.0865892002734108,76,0.5144886363636364,-0.028977272727272723,65,0.4723092670984542,0.0553814658030915,228
fluoxetine,REP.B003_HT29_24H_A18_fluoxetine_0.01uM,HT29,24 h,0.01 uM,https://lincs-dcic.s3.amazonaws.com/LINCS-sigs-2021/cd/cp/L1000_LINCS_DCIC_REP.B003_HT29_24H_A18_fluoxetine_0.01uM.tsv,intestine,colon adenocarcinoma,0.4877840909090909,0.024431818181818183,65,0.5355570745044429,-0.07111414900888585,76,0.47829982517482517,0.043400349650349654,65,0.49290000678359425,0.014199986432811538,228
fluoxetine,REP.B003_HT29_24H_A17_fluoxetine_0.03uM,HT29,24 h,0.03 uM,https://lincs-dcic.s3.amazonaws.com/LINCS-sigs-2021/cd/cp/L1000_LINCS_DCIC_REP.B003_HT29_24H_A17_fluoxetine_0.03uM.tsv,intestine,colon adenocarcinoma,0.5668269230769231,-0.13365384615384615,65,0.5254818865345181,-0.05096377306903623,76,0.571590909090909,-0.1431818181818182,65,0.4946450104639472,0.010709979072105557,228
fluoxetine,REP.A003_HT29_24H_A18_fluoxetine_0.04uM,HT29,24 h,0.04 uM,https://lincs-dcic.s3.amazonaws.com/LINCS-sigs-2021/cd/cp/L1000_LINCS_DCIC_REP.A003_HT29_24H_A18_fluoxetine_0.04uM.tsv,intestine,colon adenocarcinoma,0.5073645104895105,-0.01472902097902098,65,0.6097881066302119,-0.2195762132604238,76,0.5159746503496504,-0.0319493006993007,65,0.49119752712678333,0.017604945746433297,228
fluoxetine,REP.B003_MCF7_24H_A18_fluoxetine_0.01uM,MCF7,24 h,0.01 uM,https://lincs-dcic.s3.amazonaws.com/LINCS-sigs-2021/cd/cp/L1000_LINCS_DCIC_REP.B003_MCF7_24H_A18_fluoxetine_0.01uM.tsv,breast,breast adenocarcinoma,0.5310314685314685,-0.062062937062937064,65,0.49663704716336293,0.0067259056732740935,76,0.5420673076923077,-0.08413461538461539,65,0.4184935965907883,0.16301280681842345,228
fluoxetine,REP.B003_MCF7_24H_A17_fluoxetine_0.03uM,MCF7,24 h,0.03 uM,https://lincs-dcic.s3.amazonaws.com/LINCS-sigs-2021/cd/cp/L1000_LINCS_DCIC_REP.B003_MCF7_24H_A17_fluoxetine_0.03uM.tsv,breast,breast adenocarcinoma,0.5170236013986014,-0.034047202797202795,65,0.44810663021189334,0.10378673957621326,76,0.5052884615384615,-0.010576923076923078,65,0.45951763582628735,0.08096472834742532,228
fluoxetine,REP.A003_MCF7_24H_A18_fluoxetine_0.04uM,MCF7,24 h,0.04 uM,https://lincs-dcic.s3.amazonaws.com/LINCS-sigs-2021/cd/cp/L1000_LINCS_DCIC_REP.A003_MCF7_24H_A18_fluoxetine_0.04uM.tsv,breast,breast adenocarcinoma,0.5133741258741259,-0.026748251748251746,65,0.49454545454545457,0.010909090909090908,76,0.5122159090909091,-0.024431818181818183,65,0.442693309654877,0.11461338069024592,228
fluoxetine,REP.B003_MCF7_24H_A16_fluoxetine_0.08uM,MCF7,24 h,0.08 uM,https://lincs-dcic.s3.amazonaws.com/LINCS-sigs-2021/cd/cp/L1000_LINCS_DCIC_REP.B003_MCF7_24H_A16_fluoxetine_0.08uM.tsv,breast,breast adenocarcinoma,0.5100743006993007,-0.0201486013986014,65,0.5465208475734792,-0.0930416951469583,76,0.5057255244755244,-0.01145104895104895,65,0.6134768755372455,-0.22695375107449095,228
fluoxetine,REP.B003_PC3_24H_A18_fluoxetine_0.01uM,PC3,24 h,0.01 uM,https://lincs-dcic.s3.amazonaws.com/LINCS-sigs-2021/cd/cp/L1000_LINCS_DCIC_REP.B003_PC3_24H_A18_fluoxetine_0.01uM.tsv,prostate gland,prostate adenocarcinoma,0.41741695804195805,0.16516608391608392,65,0.4010116199589884,0.19797676008202322,76,0.42613636363636365,0.14772727272727273,65,0.42687386665883686,0.14625226668232633,228
fluoxetine,REP.B003_PC3_24H_A17_fluoxetine_0.03uM,PC3,24 h,0.03 uM,https://lincs-dcic.s3.amazonaws.com/LINCS-sigs-2021/cd/cp/L1000_LINCS_DCIC_REP.B003_PC3_24H_A17_fluoxetine_0.03uM.tsv,prostate gland,prostate adenocarcinoma,0.4793924825174825,0.041215034965034966,65,0.4306903622693096,0.13861927546138075,76,0.4708697552447553,0.05826048951048951,65,0.5300214543823537,-0.0600429087647075,228
hydroxychloroquine,CPD002_MCF7_24H_J21_hydroxychloroquine_10uM,MCF7,24 h,10 uM,https://lincs-dcic.s3.amazonaws.com/LINCS-sigs-2021/cd/cp/L1000_LINCS_DCIC_CPD002_MCF7_24H_J21_hydroxychloroquine_10uM.tsv,breast,breast adenocarcinoma,0.4100524475524476,0.17989510489510488,65,0.4822693096377307,0.03546138072453862,76,0.4150786713286713,0.16984265734265735,65,0.4568993709481946,0.0862012581036108,228
hydroxychloroquine,CPD002_MCF7_6H_J21_hydroxychloroquine_10uM,MCF7,6 h,10 uM,https://lincs-dcic.s3.amazonaws.com/LINCS-sigs-2021/cd/cp/L1000_LINCS_DCIC_CPD002_MCF7_6H_J21_hydroxychloroquine_10uM.tsv,breast,breast adenocarcinoma,0.4321896853146853,0.13562062937062938,65,0.42879015721120983,0.1424196855775803,76,0.43247377622377625,0.13505244755244755,65,0.49507835051337634,0.009843298973247327,228
hydroxychloroquine,CPD002_PC3_24H_J21_hydroxychloroquine_10uM,PC3,24 h,10 uM,https://lincs-dcic.s3.amazonaws.com/LINCS-sigs-2021/cd/cp/L1000_LINCS_DCIC_CPD002_PC3_24H_J21_hydroxychloroquine_10uM.tsv,prostate gland,prostate adenocarcinoma,0.5948863636363636,-0.1897727272727273,65,0.5788243335611757,-0.15764866712235134,76,0.6044798951048951,-0.20895979020979022,65,0.4574881261789026,0.08502374764219477,228
hydroxyurea,REP.B016_A549_24H_C18_hydroxyurea_0.01uM,A549,24 h,0.01 uM,https://lincs-dcic.s3.amazonaws.com/LINCS-sigs-2021/cd/cp/L1000_LINCS_DCIC_REP.B016_A549_24H_C18_hydroxyurea_0.01uM.tsv,lung,lung cancer,0.45826048951048953,0.08347902097902098,65,0.46781954887218047,0.0643609022556391,76,0.4526879370629371,0.09462412587412587,65,0.5022122617009407,-0.0044245234018813855,228
hydroxyurea,REP.B016_A549_24H_C17_hydroxyurea_0.03uM,A549,24 h,0.03 uM,https://lincs-dcic.s3.amazonaws.com/LINCS-sigs-2021/cd/cp/L1000_LINCS_DCIC_REP.B016_A549_24H_C17_hydroxyurea_0.03uM.tsv,lung,lung cancer,0.4345716783216783,0.13085664335664335,65,0.5280382775119618,-0.05607655502392344,76,0.4351835664335664,0.12963286713286712,65,0.5352812711038123,-0.07056254220762458,228
hydroxyurea,PBIOA014_A549_24H_H18_hydroxyurea_0.04uM,A549,24 h,0.04 uM,https://lincs-dcic.s3.amazonaws.com/LINCS-sigs-2021/cd/cp/L1000_LINCS_DCIC_PBIOA014_A549_24H_H18_hydroxyurea_0.04uM.tsv,lung,lung cancer,0.5182692307692308,-0.036538461538461534,65,0.5043609022556391,-0.008721804511278197,76,0.5150568181818181,-0.030113636363636363,65,0.4550840001336469,0.08983199973270614,228
hydroxyurea,REP.A016_A549_24H_C18_hydroxyurea_0.04uM,A549,24 h,0.04 uM,https://lincs-dcic.s3.amazonaws.com/LINCS-sigs-2021/cd/cp/L1000_LINCS_DCIC_REP.A016_A549_24H_C18_hydroxyurea_0.04uM.tsv,lung,lung cancer,0.5256555944055944,-0.05131118881118881,65,0.5205058099794941,-0.04101161995898838,76,0.5177229020979021,-0.0354458041958042,65,0.48008863221478276,0.03982273557043446,228
hydroxyurea,PBIOA014_HCC515_24H_H18_hydroxyurea_0.04uM,HCC515,24 h,0.04 uM,https://lincs-dcic.s3.amazonaws.com/LINCS-sigs-2021/cd/cp/L1000_LINCS_DCIC_PBIOA014_HCC515_24H_H18_hydroxyurea_0.04uM.tsv,lung,lung cancer,0.537041083916084,-0.07408216783216783,65,0.5672590567327409,-0.1345181134654819,76,0.5392045454545454,-0.0784090909090909,65,0.4487732325446477,0.10245353491070461,228
hydroxyurea,PBIOA014_HCC515_24H_H16_hydroxyurea_0.37uM,HCC515,24 h,0.37 uM,https://lincs-dcic.s3.amazonaws.com/LINCS-sigs-2021/cd/cp/L1000_LINCS_DCIC_PBIOA014_HCC515_24H_H16_hydroxyurea_0.37uM.tsv,lung,lung cancer,0.5409309440559441,-0.08186188811188812,65,0.4701435406698565,0.05971291866028708,76,0.5330201048951049,-0.06604020979020979,65,0.5531616105265182,-0.10632322105303657,228
hydroxyurea,PBIOA014_HCC515_24H_H15_hydroxyurea_1.11uM,HCC515,24 h,1.11 uM,https://lincs-dcic.s3.amazonaws.com/LINCS-sigs-2021/cd/cp/L1000_LINCS_DCIC_PBIOA014_HCC515_24H_H15_hydroxyurea_1.11uM.tsv,lung,lung cancer,0.4300480769230769,0.13990384615384616,65,0.47032125768967875,0.05935748462064252,76,0.4303321678321678,0.13933566433566433,65,0.4642833638932566,0.0714332722134868,228
hydroxyurea,REP.B016_HT29_24H_C17_hydroxyurea_0.03uM,HT29,24 h,0.03 uM,https://lincs-dcic.s3.amazonaws.com/LINCS-sigs-2021/cd/cp/L1000_LINCS_DCIC_REP.B016_HT29_24H_C17_hydroxyurea_0.03uM.tsv,intestine,colon adenocarcinoma,0.4513548951048951,0.09729020979020979,65,0.4767464114832536,0.04650717703349282,76,0.45179195804195804,0.09641608391608392,65,0.6339845921288032,-0.26796918425760646,228
hydroxyurea,PBIOA014_HT29_24H_H18_hydroxyurea_0.04uM,HT29,24 h,0.04 uM,https://lincs-dcic.s3.amazonaws.com/LINCS-sigs-2021/cd/cp/L1000_LINCS_DCIC_PBIOA014_HT29_24H_H18_hydroxyurea_0.04uM.tsv,intestine,colon adenocarcinoma,0.4176791958041958,0.16464160839160838,65,0.45659603554340394,0.08680792891319207,76,0.4134178321678322,0.17316433566433567,65,0.5004323275726781,-0.0008646551453562248,228
hydroxyurea,REP.B016_MCF7_24H_C18_hydroxyurea_0.01uM,MCF7,24 h,0.01 uM,https://lincs-dcic.s3.amazonaws.com/LINCS-sigs-2021/cd/cp/L1000_LINCS_DCIC_REP.B016_MCF7_24H_C18_hydroxyurea_0.01uM.tsv,breast,breast adenocarcinoma,0.41840034965034967,0.16319930069930072,65,0.4507587149692413,0.09848257006151744,76,0.4133304195804196,0.17333916083916082,65,0.512049485813682,-0.024098971627364008,228
hydroxyurea,REP.B016_MCF7_24H_C17_hydroxyurea_0.03uM,MCF7,24 h,0.03 uM,https://lincs-dcic.s3.amazonaws.com/LINCS-sigs-2021/cd/cp/L1000_LINCS_DCIC_REP.B016_MCF7_24H_C17_hydroxyurea_0.03uM.tsv,breast,breast adenocarcinoma,0.541958041958042,-0.08391608391608392,65,0.5052358168147641,-0.010471633629528368,76,0.5337412587412588,-0.06748251748251748,65,0.4923350447565348,0.015329910486930446,228
hydroxyurea,PBIOA014_MCF7_24H_H18_hydroxyurea_0.04uM,MCF7,24 h,0.04 uM,https://lincs-dcic.s3.amazonaws.com/LINCS-sigs-2021/cd/cp/L1000_LINCS_DCIC_PBIOA014_MCF7_24H_H18_hydroxyurea_0.04uM.tsv,breast,breast adenocarcinoma,0.5793706293706293,-0.15874125874125875,65,0.577881066302119,-0.15576213260423788,76,0.5762237762237762,-0.15244755244755245,65,0.4841466390328012,0.03170672193439758,228
hydroxyurea,REP.A016_MCF7_24H_C18_hydroxyurea_0.04uM,MCF7,24 h,0.04 uM,https://lincs-dcic.s3.amazonaws.com/LINCS-sigs-2021/cd/cp/L1000_LINCS_DCIC_REP.A016_MCF7_24H_C18_hydroxyurea_0.04uM.tsv,breast,breast adenocarcinoma,0.4699082167832168,0.06018356643356643,65,0.5289542036910458,-0.05790840738209159,76,0.4705638111888112,0.058872377622377625,65,0.5232586159240319,-0.046517231848063695,228
hydroxyurea,PBIOA014_PC3_24H_H18_hydroxyurea_0.04uM,PC3,24 h,0.04 uM,https://lincs-dcic.s3.amazonaws.com/LINCS-sigs-2021/cd/cp/L1000_LINCS_DCIC_PBIOA014_PC3_24H_H18_hydroxyurea_0.04uM.tsv,prostate gland,prostate adenocarcinoma,0.5453452797202797,-0.09069055944055944,65,0.47026657552973344,0.059466848940533154,76,0.5423513986013986,-0.0847027972027972,65,0.4805062788745713,0.03898744225085732,228
ivermectin,REP.A019_A549_24H_J24_ivermectin_0.04uM,A549,24 h,0.04 uM,https://lincs-dcic.s3.amazonaws.com/LINCS-sigs-2021/cd/cp/L1000_LINCS_DCIC_REP.A019_A549_24H_J24_ivermectin_0.04uM.tsv,lung,lung cancer,0.44517045454545456,0.1096590909090909,65,0.44596035543403967,0.1080792891319207,76,0.45402097902097904,0.09195804195804196,65,0.4933338530713988,0.013332293857202306,228
ivermectin,REP.B019_A549_24H_J22_ivermectin_0.08uM,A549,24 h,0.08 uM,https://lincs-dcic.s3.amazonaws.com/LINCS-sigs-2021/cd/cp/L1000_LINCS_DCIC_REP.B019_A549_24H_J22_ivermectin_0.08uM.tsv,lung,lung cancer,0.42371066433566434,0.15257867132867134,65,0.5039234449760766,-0.00784688995215311,76,0.414138986013986,0.17172202797202799,65,0.5662180044690723,-0.13243600893814478,228
ivermectin,CPC003_HCC515_24H_G20_ivermectin_10uM,HCC515,24 h,10 uM,https://lincs-dcic.s3.amazonaws.com/LINCS-sigs-2021/cd/cp/L1000_LINCS_DCIC_CPC003_HCC515_24H_G20_ivermectin_10uM.tsv,lung,lung cancer,0.6466783216783216,-0.29335664335664335,65,0.5656596035543404,-0.13131920710868078,76,0.6459353146853146,-0.29187062937062935,65,0.5306907015147665,-0.06138140302953293,228
ivermectin,CPC003_HCC515_6H_G20_ivermectin_10uM,HCC515,6 h,10 uM,https://lincs-dcic.s3.amazonaws.com/LINCS-sigs-2021/cd/cp/L1000_LINCS_DCIC_CPC003_HCC515_6H_G20_ivermectin_10uM.tsv,lung,lung cancer,0.42390734265734265,0.15218531468531468,65,0.39356117566643883,0.21287764866712236,76,0.41663024475524474,0.1667395104895105,65,0.5578448217382809,-0.11568964347656167,228
ivermectin,REP.B019_HT29_24H_J24_ivermectin_0.01uM,HT29,24 h,0.01 uM,https://lincs-dcic.s3.amazonaws.com/LINCS-sigs-2021/cd/cp/L1000_LINCS_DCIC_REP.B019_HT29_24H_J24_ivermectin_0.01uM.tsv,intestine,colon adenocarcinoma,0.4679414335664336,0.06411713286713286,65,0.4197676008202324,0.1604647983595352,76,0.4713723776223776,0.05725524475524475,65,0.48747110644471825,0.025057787110563473,228
ivermectin,REP.B019_HT29_24H_J23_ivermectin_0.03uM,HT29,24 h,0.03 uM,https://lincs-dcic.s3.amazonaws.com/LINCS-sigs-2021/cd/cp/L1000_LINCS_DCIC_REP.B019_HT29_24H_J23_ivermectin_0.03uM.tsv,intestine,colon adenocarcinoma,0.5175262237762238,-0.03505244755244755,65,0.45734791524265206,0.08530416951469583,76,0.5168706293706293,-0.03374125874125874,65,0.4538923149977169,0.09221537000456627,228
ivermectin,REP.A019_HT29_24H_J24_ivermectin_0.04uM,HT29,24 h,0.04 uM,https://lincs-dcic.s3.amazonaws.com/LINCS-sigs-2021/cd/cp/L1000_LINCS_DCIC_REP.A019_HT29_24H_J24_ivermectin_0.04uM.tsv,intestine,colon adenocarcinoma,0.5542176573426574,-0.1084353146853147,65,0.598714969241285,-0.19742993848257004,76,0.5429851398601399,-0.08597027972027971,65,0.5113275898902171,-0.02265517978043429,228
ivermectin,REP.B019_HT29_24H_J22_ivermectin_0.08uM,HT29,24 h,0.08 uM,https://lincs-dcic.s3.amazonaws.com/LINCS-sigs-2021/cd/cp/L1000_LINCS_DCIC_REP.B019_HT29_24H_J22_ivermectin_0.08uM.tsv,intestine,colon adenocarcinoma,0.5540428321678321,-0.10808566433566434,65,0.5424333561175666,-0.08486671223513328,76,0.5604676573426574,-0.12093531468531468,65,0.46324962513048296,0.07350074973903412,228
ivermectin,REP.B019_MCF7_24H_J24_ivermectin_0.01uM,MCF7,24 h,0.01 uM,https://lincs-dcic.s3.amazonaws.com/LINCS-sigs-2021/cd/cp/L1000_LINCS_DCIC_REP.B019_MCF7_24H_J24_ivermectin_0.01uM.tsv,breast,breast adenocarcinoma,0.4689248251748252,0.06215034965034964,65,0.4302665755297334,0.13946684894053316,76,0.4784527972027972,0.043094405594405596,65,0.4720976594574947,0.05580468108501059,228
ivermectin,REP.B019_MCF7_24H_J23_ivermectin_0.03uM,MCF7,24 h,0.03 uM,https://lincs-dcic.s3.amazonaws.com/LINCS-sigs-2021/cd/cp/L1000_LINCS_DCIC_REP.B019_MCF7_24H_J23_ivermectin_0.03uM.tsv,breast,breast adenocarcinoma,0.38114073426573425,0.23771853146853147,65,0.42898154477101846,0.1420369104579631,76,0.3715909090909091,0.25681818181818183,65,0.4693999151544483,0.06120016969110347,228
ivermectin,REP.A019_MCF7_24H_J24_ivermectin_0.04uM,MCF7,24 h,0.04 uM,https://lincs-dcic.s3.amazonaws.com/LINCS-sigs-2021/cd/cp/L1000_LINCS_DCIC_REP.A019_MCF7_24H_J24_ivermectin_0.04uM.tsv,breast,breast adenocarcinoma,0.31247814685314684,0.3750437062937063,65,0.3649350649350649,0.27012987012987016,76,0.306840034965035,0.38631993006993004,65,0.5527743381692598,-0.10554867633851958,228
ivermectin,REP.B019_PC3_24H_J24_ivermectin_0.01uM,PC3,24 h,0.01 uM,https://lincs-dcic.s3.amazonaws.com/LINCS-sigs-2021/cd/cp/L1000_LINCS_DCIC_REP.B019_PC3_24H_J24_ivermectin_0.01uM.tsv,prostate gland,prostate adenocarcinoma,0.6164335664335665,-0.2328671328671329,65,0.5463294600136706,-0.09265892002734107,76,0.6077141608391609,-0.21542832167832165,65,0.5166466365016094,-0.03329327300321867,228
ivermectin,REP.B019_PC3_24H_J23_ivermectin_0.03uM,PC3,24 h,0.03 uM,https://lincs-dcic.s3.amazonaws.com/LINCS-sigs-2021/cd/cp/L1000_LINCS_DCIC_REP.B019_PC3_24H_J23_ivermectin_0.03uM.tsv,prostate gland,prostate adenocarcinoma,0.6068181818181818,-0.21363636363636365,65,0.4995215311004785,0.0009569377990430621,76,0.6148382867132867,-0.2296765734265734,65,0.5106213873563928,-0.02124277471278566,228
ivermectin,REP.A019_PC3_24H_J24_ivermectin_0.04uM,PC3,24 h,0.04 uM,https://lincs-dcic.s3.amazonaws.com/LINCS-sigs-2021/cd/cp/L1000_LINCS_DCIC_REP.A019_PC3_24H_J24_ivermectin_0.04uM.tsv,prostate gland,prostate adenocarcinoma,0.5459353146853146,-0.09187062937062937,65,0.5070676691729323,-0.01413533834586466,76,0.5419143356643357,-0.08382867132867133,65,0.47363358668876565,0.05273282662246868,228
ivermectin,REP.B019_PC3_24H_J22_ivermectin_0.08uM,PC3,24 h,0.08 uM,https://lincs-dcic.s3.amazonaws.com/LINCS-sigs-2021/cd/cp/L1000_LINCS_DCIC_REP.B019_PC3_24H_J22_ivermectin_0.08uM.tsv,prostate gland,prostate adenocarcinoma,0.5820367132867132,-0.16407342657342658,65,0.43874231032125766,0.12251537935748463,76,0.5874781468531468,-0.1749562937062937,65,0.47919765267390046,0.04160469465219905,228
leflunomide,REP.B024_A549_24H_M24_leflunomide_0.01uM,A549,24 h,0.01 uM,https://lincs-dcic.s3.amazonaws.com/LINCS-sigs-2021/cd/cp/L1000_LINCS_DCIC_REP.B024_A549_24H_M24_leflunomide_0.01uM.tsv,lung,lung cancer,0.47270541958041956,0.054589160839160836,65,0.4768831168831169,0.04623376623376623,76,0.48708479020979023,0.02583041958041958,65,0.49363810233507516,0.012723795329849739,228
leflunomide,REP.B024_A549_24H_M23_leflunomide_0.03uM,A549,24 h,0.03 uM,https://lincs-dcic.s3.amazonaws.com/LINCS-sigs-2021/cd/cp/L1000_LINCS_DCIC_REP.B024_A549_24H_M23_leflunomide_0.03uM.tsv,lung,lung cancer,0.5894012237762237,-0.17880244755244754,65,0.49609022556390975,0.007819548872180452,76,0.6000437062937063,-0.20008741258741258,65,0.5086409828314318,-0.017281965662863465,228
leflunomide,REP.A024_A549_24H_M24_leflunomide_0.04uM,A549,24 h,0.04 uM,https://lincs-dcic.s3.amazonaws.com/LINCS-sigs-2021/cd/cp/L1000_LINCS_DCIC_REP.A024_A549_24H_M24_leflunomide_0.04uM.tsv,lung,lung cancer,0.48310751748251746,0.03378496503496504,65,0.4614354066985646,0.07712918660287083,76,0.4770104895104895,0.04597902097902098,65,0.4862708152564047,0.027458369487190652,228
leflunomide,REP.B024_A549_24H_M22_leflunomide_0.08uM,A549,24 h,0.08 uM,https://lincs-dcic.s3.amazonaws.com/LINCS-sigs-2021/cd/cp/L1000_LINCS_DCIC_REP.B024_A549_24H_M22_leflunomide_0.08uM.tsv,lung,lung cancer,0.5053321678321678,-0.010664335664335663,65,0.4981544771018455,0.003691045796308954,76,0.5057692307692307,-0.011538461538461537,65,0.4866302445030106,0.026739510993978803,228
leflunomide,CPC001_HCC515_6H_O14_leflunomide_10uM,HCC515,6 h,10 uM,https://lincs-dcic.s3.amazonaws.com/LINCS-sigs-2021/cd/cp/L1000_LINCS_DCIC_CPC001_HCC515_6H_O14_leflunomide_10uM.tsv,lung,lung cancer,0.5557910839160839,-0.11158216783216782,65,0.5598632946001367,-0.11972658920027342,76,0.5637893356643356,-0.12757867132867132,65,0.5240124048651533,-0.048024809730306574,228
leflunomide,REP.B024_HT29_24H_M24_leflunomide_0.01uM,HT29,24 h,0.01 uM,https://lincs-dcic.s3.amazonaws.com/LINCS-sigs-2021/cd/cp/L1000_LINCS_DCIC_REP.B024_HT29_24H_M24_leflunomide_0.01uM.tsv,intestine,colon adenocarcinoma,0.4017263986013986,0.19654720279720278,65,0.4742036910457963,0.05159261790840738,76,0.41499125874125875,0.1700174825174825,65,0.5060930850875337,-0.012186170175067356,228
leflunomide,REP.B024_HT29_24H_M23_leflunomide_0.03uM,HT29,24 h,0.03 uM,https://lincs-dcic.s3.amazonaws.com/LINCS-sigs-2021/cd/cp/L1000_LINCS_DCIC_REP.B024_HT29_24H_M23_leflunomide_0.03uM.tsv,intestine,colon adenocarcinoma,0.5567526223776224,-0.11350524475524475,65,0.6244019138755981,-0.24880382775119617,76,0.5494755244755245,-0.09895104895104895,65,0.5163266938482926,-0.03265338769658502,228
leflunomide,REP.A024_HT29_24H_M24_leflunomide_0.04uM,HT29,24 h,0.04 uM,https://lincs-dcic.s3.amazonaws.com/LINCS-sigs-2021/cd/cp/L1000_LINCS_DCIC_REP.A024_HT29_24H_M24_leflunomide_0.04uM.tsv,intestine,colon adenocarcinoma,0.44246066433566433,0.11507867132867133,65,0.42847573479152423,0.14304853041695148,76,0.44923513986013985,0.10152972027972028,65,0.5247783435272868,-0.04955668705457351,228
leflunomide,REP.B024_HT29_24H_M22_leflunomide_0.08uM,HT29,24 h,0.08 uM,https://lincs-dcic.s3.amazonaws.com/LINCS-sigs-2021/cd/cp/L1000_LINCS_DCIC_REP.B024_HT29_24H_M22_leflunomide_0.08uM.tsv,intestine,colon adenocarcinoma,0.41350524475524475,0.1729895104895105,65,0.4826930963773069,0.034613807245386194,76,0.4259833916083916,0.14803321678321676,65,0.49188246764883664,0.01623506470232677,228
leflunomide,REP.B024_MCF7_24H_M24_leflunomide_0.01uM,MCF7,24 h,0.01 uM,https://lincs-dcic.s3.amazonaws.com/LINCS-sigs-2021/cd/cp/L1000_LINCS_DCIC_REP.B024_MCF7_24H_M24_leflunomide_0.01uM.tsv,breast,breast adenocarcinoma,0.4274912587412587,0.14501748251748253,65,0.35510594668489404,0.28978810663021193,76,0.4270323426573427,0.14593531468531468,65,0.48240872268970525,0.03518255462058953,228
leflunomide,REP.B024_MCF7_24H_M23_leflunomide_0.03uM,MCF7,24 h,0.03 uM,https://lincs-dcic.s3.amazonaws.com/LINCS-sigs-2021/cd/cp/L1000_LINCS_DCIC_REP.B024_MCF7_24H_M23_leflunomide_0.03uM.tsv,breast,breast adenocarcinoma,0.4754807692307692,0.04903846153846154,65,0.44539986329460013,0.10920027341079974,76,0.4703234265734266,0.05935314685314685,65,0.5313422303040366,-0.0626844606080733,228
leflunomide,REP.A024_MCF7_24H_M24_leflunomide_0.04uM,MCF7,24 h,0.04 uM,https://lincs-dcic.s3.amazonaws.com/LINCS-sigs-2021/cd/cp/L1000_LINCS_DCIC_REP.A024_MCF7_24H_M24_leflunomide_0.04uM.tsv,breast,breast adenocarcinoma,0.6059659090909091,-0.2119318181818182,65,0.4805058099794942,0.03898838004101162,76,0.6106861888111889,-0.22137237762237763,65,0.40838958485415777,0.18322083029168443,228
leflunomide,REP.B024_MCF7_24H_M22_leflunomide_0.08uM,MCF7,24 h,0.08 uM,https://lincs-dcic.s3.amazonaws.com/LINCS-sigs-2021/cd/cp/L1000_LINCS_DCIC_REP.B024_MCF7_24H_M22_leflunomide_0.08uM.tsv,breast,breast adenocarcinoma,0.41125437062937065,0.17749125874125873,65,0.49671907040328095,0.006561859193438141,76,0.4182473776223776,0.16350524475524475,65,0.5597351158324027,-0.11947023166480542,228
leflunomide,REP.B024_PC3_24H_M24_leflunomide_0.01uM,PC3,24 h,0.01 uM,https://lincs-dcic.s3.amazonaws.com/LINCS-sigs-2021/cd/cp/L1000_LINCS_DCIC_REP.B024_PC3_24H_M24_leflunomide_0.01uM.tsv,prostate gland,prostate adenocarcinoma,0.41300262237762236,0.17399475524475524,65,0.4273410799726589,0.14531784005468218,76,0.40598776223776223,0.18802447552447552,65,0.5351243372074068,-0.07024867441481375,228
leflunomide,REP.B024_PC3_24H_M23_leflunomide_0.03uM,PC3,24 h,0.03 uM,https://lincs-dcic.s3.amazonaws.com/LINCS-sigs-2021/cd/cp/L1000_LINCS_DCIC_REP.B024_PC3_24H_M23_leflunomide_0.03uM.tsv,prostate gland,prostate adenocarcinoma,0.4891171328671329,0.021765734265734266,65,0.5112235133287765,-0.022447026657552976,76,0.5001311188811188,-0.00026223776223776224,65,0.47564790918488536,0.04870418163022932,228
leflunomide,REP.A024_PC3_24H_M24_leflunomide_0.04uM,PC3,24 h,0.04 uM,https://lincs-dcic.s3.amazonaws.com/LINCS-sigs-2021/cd/cp/L1000_LINCS_DCIC_REP.A024_PC3_24H_M24_leflunomide_0.04uM.tsv,prostate gland,prostate adenocarcinoma,0.5890734265734265,-0.17814685314685313,65,0.5206151742993849,-0.04123034859876965,76,0.5772727272727273,-0.15454545454545454,65,0.48140080208408215,0.037198395831835714,228
leflunomide,REP.B024_PC3_24H_M22_leflunomide_0.08uM,PC3,24 h,0.08 uM,https://lincs-dcic.s3.amazonaws.com/LINCS-sigs-2021/cd/cp/L1000_LINCS_DCIC_REP.B024_PC3_24H_M22_leflunomide_0.08uM.tsv,prostate gland,prostate adenocarcinoma,0.5467438811188812,-0.09348776223776224,65,0.6253725222146275,-0.25074504442925494,76,0.551048951048951,-0.1020979020979021,65,0.4870261229126526,0.025947754174694762,228
melatonin,REP.B027_A549_24H_J12_melatonin_0.01uM,A549,24 h,0.01 uM,https://lincs-dcic.s3.amazonaws.com/LINCS-sigs-2021/cd/cp/L1000_LINCS_DCIC_REP.B027_A549_24H_J12_melatonin_0.01uM.tsv,lung,lung cancer,0.5192744755244755,-0.03854895104895105,65,0.5251674641148325,-0.05033492822966507,76,0.5106424825174826,-0.021284965034965034,65,0.498629612717518,0.002740774564964052,228
melatonin,REP.B027_A549_24H_J11_melatonin_0.03uM,A549,24 h,0.03 uM,https://lincs-dcic.s3.amazonaws.com/LINCS-sigs-2021/cd/cp/L1000_LINCS_DCIC_REP.B027_A549_24H_J11_melatonin_0.03uM.tsv,lung,lung cancer,0.44630681818181817,0.10738636363636363,65,0.3806151742993848,0.23876965140123038,76,0.4381555944055944,0.1236888111888112,65,0.5246426716426524,-0.04928534328530481,228
melatonin,REP.A027_A549_24H_J12_melatonin_0.04uM,A549,24 h,0.04 uM,https://lincs-dcic.s3.amazonaws.com/LINCS-sigs-2021/cd/cp/L1000_LINCS_DCIC_REP.A027_A549_24H_J12_melatonin_0.04uM.tsv,lung,lung cancer,0.4457823426573426,0.1084353146853147,65,0.5073820915926179,-0.014764183185235816,76,0.45607517482517484,0.08784965034965035,65,0.43515086409828313,0.12969827180343374,228
melatonin,PBIOA019_HCC515_24H_C18_melatonin_0.04uM,HCC515,24 h,0.04 uM,https://lincs-dcic.s3.amazonaws.com/LINCS-sigs-2021/cd/cp/L1000_LINCS_DCIC_PBIOA019_HCC515_24H_C18_melatonin_0.04uM.tsv,lung,lung cancer,0.502687937062937,-0.0053758741258741255,65,0.4619685577580315,0.07606288448393711,76,0.49849213286713284,0.0030157342657342657,65,0.5128361802492111,-0.025672360498422055,228
melatonin,PBIOA019_HCC515_24H_C16_melatonin_0.37uM,HCC515,24 h,0.37 uM,https://lincs-dcic.s3.amazonaws.com/LINCS-sigs-2021/cd/cp/L1000_LINCS_DCIC_PBIOA019_HCC515_24H_C16_melatonin_0.37uM.tsv,lung,lung cancer,0.49149912587412586,0.01700174825174825,65,0.5014217361585782,-0.0028434723171565273,76,0.4863636363636364,0.027272727272727275,65,0.5270108547632475,-0.054021709526495,228
melatonin,PBIOA019_HCC515_24H_C15_melatonin_1.11uM,HCC515,24 h,1.11 uM,https://lincs-dcic.s3.amazonaws.com/LINCS-sigs-2021/cd/cp/L1000_LINCS_DCIC_PBIOA019_HCC515_24H_C15_melatonin_1.11uM.tsv,lung,lung cancer,0.469493006993007,0.06101398601398602,65,0.5594668489405331,-0.11893369788106631,76,0.4617788461538462,0.07644230769230768,65,0.42966880872997953,0.14066238254004093,228
melatonin,REP.B027_HT29_24H_J12_melatonin_0.01uM,HT29,24 h,0.01 uM,https://lincs-dcic.s3.amazonaws.com/LINCS-sigs-2021/cd/cp/L1000_LINCS_DCIC_REP.B027_HT29_24H_J12_melatonin_0.01uM.tsv,intestine,colon adenocarcinoma,0.4228583916083916,0.15428321678321677,65,0.4035953520164046,0.1928092959671907,76,0.43542395104895104,0.12915209790209792,65,0.5718428190592674,-0.14368563811853471,228
melatonin,REP.B027_HT29_24H_J11_melatonin_0.03uM,HT29,24 h,0.03 uM,https://lincs-dcic.s3.amazonaws.com/LINCS-sigs-2021/cd/cp/L1000_LINCS_DCIC_REP.B027_HT29_24H_J11_melatonin_0.03uM.tsv,intestine,colon adenocarcinoma,0.5660183566433566,-0.13203671328671326,65,0.5398086124401914,-0.07961722488038277,76,0.5626092657342657,-0.12521853146853149,65,0.4703435434863827,0.05931291302723461,228
melatonin,PBIOA019_HT29_24H_C18_melatonin_0.04uM,HT29,24 h,0.04 uM,https://lincs-dcic.s3.amazonaws.com/LINCS-sigs-2021/cd/cp/L1000_LINCS_DCIC_PBIOA019_HT29_24H_C18_melatonin_0.04uM.tsv,intestine,colon adenocarcinoma,0.5012237762237762,-0.0024475524475524473,65,0.4656185919343814,0.06876281613123719,76,0.5085664335664336,-0.017132867132867134,65,0.4982605649417775,0.003478870116444951,228
melatonin,REP.A027_HT29_24H_J12_melatonin_0.04uM,HT29,24 h,0.04 uM,https://lincs-dcic.s3.amazonaws.com/LINCS-sigs-2021/cd/cp/L1000_LINCS_DCIC_REP.A027_HT29_24H_J12_melatonin_0.04uM.tsv,intestine,colon adenocarcinoma,0.5553103146853147,-0.11062062937062937,65,0.5339029391660971,-0.06780587833219412,76,0.5459353146853146,-0.09187062937062937,65,0.4544608206934048,0.09107835861319034,228
melatonin,RAD001_MCF7_24H_D11_melatonin_0.002uM,MCF7,24 h,0.002 uM,https://lincs-dcic.s3.amazonaws.com/LINCS-sigs-2021/cd/cp/L1000_LINCS_DCIC_RAD001_MCF7_24H_D11_melatonin_0.002uM.tsv,breast,breast adenocarcinoma,0.5636800699300699,-0.12736013986013986,65,0.5699794941900205,-0.13995898838004103,76,0.5731206293706294,-0.14624125874125873,65,0.4915169635417247,0.016966072916550654,228
melatonin,RAD001_MCF7_24H_D09_melatonin_0.01uM,MCF7,24 h,0.01 uM,https://lincs-dcic.s3.amazonaws.com/LINCS-sigs-2021/cd/cp/L1000_LINCS_DCIC_RAD001_MCF7_24H_D09_melatonin_0.01uM.tsv,breast,breast adenocarcinoma,0.5198426573426573,-0.039685314685314686,65,0.5016678058783322,-0.0033356117566643883,76,0.5179195804195804,-0.03583916083916083,65,0.5392203119035879,-0.07844062380717583,228
melatonin,REP.B027_MCF7_24H_J12_melatonin_0.01uM,MCF7,24 h,0.01 uM,https://lincs-dcic.s3.amazonaws.com/LINCS-sigs-2021/cd/cp/L1000_LINCS_DCIC_REP.B027_MCF7_24H_J12_melatonin_0.01uM.tsv,breast,breast adenocarcinoma,0.4605332167832168,0.07893356643356644,65,0.5821872863978127,-0.16437457279562545,76,0.47082604895104896,0.0583479020979021,65,0.4869385436736909,0.026122912652618215,228
melatonin,RAD001_PC3_24H_D11_melatonin_0.002uM,PC3,24 h,0.002 uM,https://lincs-dcic.s3.amazonaws.com/LINCS-sigs-2021/cd/cp/L1000_LINCS_DCIC_RAD001_PC3_24H_D11_melatonin_0.002uM.tsv,prostate gland,prostate adenocarcinoma,0.4824956293706294,0.035008741258741254,65,0.45129186602870813,0.09741626794258373,76,0.4765297202797203,0.04694055944055944,65,0.5554412019314007,-0.11088240386280132,228
melatonin,RAD001_PC3_24H_D10_melatonin_0.004uM,PC3,24 h,0.004 uM,https://lincs-dcic.s3.amazonaws.com/LINCS-sigs-2021/cd/cp/L1000_LINCS_DCIC_RAD001_PC3_24H_D10_melatonin_0.004uM.tsv,prostate gland,prostate adenocarcinoma,0.495388986013986,0.009222027972027971,65,0.43872863978127136,0.12254272043745727,76,0.49230769230769234,0.015384615384615385,65,0.5147527987388589,-0.02950559747771792,228
melatonin,RAD001_PC3_24H_D09_melatonin_0.01uM,PC3,24 h,0.01 uM,https://lincs-dcic.s3.amazonaws.com/LINCS-sigs-2021/cd/cp/L1000_LINCS_DCIC_RAD001_PC3_24H_D09_melatonin_0.01uM.tsv,prostate gland,prostate adenocarcinoma,0.428125,0.14375000000000002,65,0.45213943950786056,0.09572112098427887,76,0.43411276223776224,0.13177447552447552,65,0.5383981807817738,-0.0767963615635476,228
melatonin,REP.B027_PC3_24H_J12_melatonin_0.01uM,PC3,24 h,0.01 uM,https://lincs-dcic.s3.amazonaws.com/LINCS-sigs-2021/cd/cp/L1000_LINCS_DCIC_REP.B027_PC3_24H_J12_melatonin_0.01uM.tsv,prostate gland,prostate adenocarcinoma,0.5542832167832168,-0.10856643356643357,65,0.4968967874231032,0.006206425153793574,76,0.5447333916083916,-0.08946678321678322,65,0.45957838443134746,0.08084323113730502,228
metformin,REP.B024_A549_24H_P18_metformin_0.01uM,A549,24 h,0.01 uM,https://lincs-dcic.s3.amazonaws.com/LINCS-sigs-2021/cd/cp/L1000_LINCS_DCIC_REP.B024_A549_24H_P18_metformin_0.01uM.tsv,lung,lung cancer,0.49611013986013985,0.00777972027972028,65,0.5047436773752563,-0.009487354750512645,76,0.5004152097902098,-0.0008304195804195804,65,0.5049712608474228,-0.009942521694845581,228
metformin,REP.B024_A549_24H_P17_metformin_0.03uM,A549,24 h,0.03 uM,https://lincs-dcic.s3.amazonaws.com/LINCS-sigs-2021/cd/cp/L1000_LINCS_DCIC_REP.B024_A549_24H_P17_metformin_0.03uM.tsv,lung,lung cancer,0.48352272727272727,0.03295454545454546,65,0.45036226930963774,0.09927546138072453,76,0.47749125874125875,0.04501748251748251,65,0.43740818101464346,0.1251836379707131,228
metformin,REP.B024_A549_24H_P16_metformin_0.08uM,A549,24 h,0.08 uM,https://lincs-dcic.s3.amazonaws.com/LINCS-sigs-2021/cd/cp/L1000_LINCS_DCIC_REP.B024_A549_24H_P16_metformin_0.08uM.tsv,lung,lung cancer,0.5982298951048951,-0.1964597902097902,65,0.5554477101845523,-0.11089542036910459,76,0.5901223776223776,-0.18024475524475525,65,0.5228080637698357,-0.04561612753967137,228
metformin,CPC020_HCC515_6H_K14_metformin_10uM,HCC515,6 h,10 uM,https://lincs-dcic.s3.amazonaws.com/LINCS-sigs-2021/cd/cp/L1000_LINCS_DCIC_CPC020_HCC515_6H_K14_metformin_10uM.tsv,lung,lung cancer,0.5733391608391608,-0.14667832167832168,65,0.517717019822283,-0.035434039644565964,76,0.572618006993007,-0.145236013986014,65,0.5312273141927979,-0.062454628385595706,228
metformin,REP.B024_HT29_24H_P17_metformin_0.03uM,HT29,24 h,0.03 uM,https://lincs-dcic.s3.amazonaws.com/LINCS-sigs-2021/cd/cp/L1000_LINCS_DCIC_REP.B024_HT29_24H_P17_metformin_0.03uM.tsv,intestine,colon adenocarcinoma,0.471722027972028,0.05655594405594405,65,0.5493233082706767,-0.09864661654135339,76,0.4672421328671329,0.06551573426573426,65,0.5153359853474364,-0.03067197069487292,228
metformin,REP.A024_HT29_24H_P18_metformin_0.04uM,HT29,24 h,0.04 uM,https://lincs-dcic.s3.amazonaws.com/LINCS-sigs-2021/cd/cp/L1000_LINCS_DCIC_REP.A024_HT29_24H_P18_metformin_0.04uM.tsv,intestine,colon adenocarcinoma,0.48253933566433566,0.034921328671328675,65,0.5954750512645249,-0.1909501025290499,76,0.491520979020979,0.01695804195804196,65,0.524092896766858,-0.04818579353371598,228
metformin,REP.B024_MCF7_24H_P18_metformin_0.01uM,MCF7,24 h,0.01 uM,https://lincs-dcic.s3.amazonaws.com/LINCS-sigs-2021/cd/cp/L1000_LINCS_DCIC_REP.B024_MCF7_24H_P18_metformin_0.01uM.tsv,breast,breast adenocarcinoma,0.5000437062937063,-8.741258741258741e-05,65,0.4192891319207109,0.16142173615857824,76,0.49792395104895104,0.004152097902097902,65,0.48933001375955903,0.02133997248088191,228
metformin,REP.B024_MCF7_24H_P17_metformin_0.03uM,MCF7,24 h,0.03 uM,https://lincs-dcic.s3.amazonaws.com/LINCS-sigs-2021/cd/cp/L1000_LINCS_DCIC_REP.B024_MCF7_24H_P17_metformin_0.03uM.tsv,breast,breast adenocarcinoma,0.4895979020979021,0.020804195804195805,65,0.5333151059466849,-0.06663021189336978,76,0.491215034965035,0.01756993006993007,65,0.38249296075538863,0.2350140784892227,228
metformin,POL001_MCF7_24H_I12_metformin_0.04uM,MCF7,24 h,0.04 uM,https://lincs-dcic.s3.amazonaws.com/LINCS-sigs-2021/cd/cp/L1000_LINCS_DCIC_POL001_MCF7_24H_I12_metformin_0.04uM.tsv,breast,breast adenocarcinoma,0.5252403846153846,-0.050480769230769225,65,0.5360082023239918,-0.0720164046479836,76,0.5338505244755245,-0.06770104895104895,65,0.5806994594386626,-0.1613989188773253,228
metformin,REP.B024_PC3_24H_P18_metformin_0.01uM,PC3,24 h,0.01 uM,https://lincs-dcic.s3.amazonaws.com/LINCS-sigs-2021/cd/cp/L1000_LINCS_DCIC_REP.B024_PC3_24H_P18_metformin_0.01uM.tsv,prostate gland,prostate adenocarcinoma,0.6098120629370629,-0.2196241258741259,65,0.6138619275461381,-0.22772385509227616,76,0.6038024475524475,-0.2076048951048951,65,0.5054850927985566,-0.010970185597113226,228
metformin,REP.B024_PC3_24H_P17_metformin_0.03uM,PC3,24 h,0.03 uM,https://lincs-dcic.s3.amazonaws.com/LINCS-sigs-2021/cd/cp/L1000_LINCS_DCIC_REP.B024_PC3_24H_P17_metformin_0.03uM.tsv,prostate gland,prostate adenocarcinoma,0.46590909090909094,0.06818181818181818,65,0.5052358168147641,-0.010471633629528368,76,0.4731206293706294,0.053758741258741256,65,0.5818577328418096,-0.16371546568361922,228
metformin,POL001_PC3_24H_I12_metformin_0.04uM,PC3,24 h,0.04 uM,https://lincs-dcic.s3.amazonaws.com/LINCS-sigs-2021/cd/cp/L1000_LINCS_DCIC_POL001_PC3_24H_I12_metformin_0.04uM.tsv,prostate gland,prostate adenocarcinoma,0.4746284965034965,0.050743006993006996,65,0.5074367737525632,-0.014873547505126454,76,0.47108828671328673,0.05782342657342657,65,0.4423070497743696,0.11538590045126089,228
metformin,REP.A024_PC3_24H_P18_metformin_0.04uM,PC3,24 h,0.04 uM,https://lincs-dcic.s3.amazonaws.com/LINCS-sigs-2021/cd/cp/L1000_LINCS_DCIC_REP.A024_PC3_24H_P18_metformin_0.04uM.tsv,prostate gland,prostate adenocarcinoma,0.4546765734265734,0.09064685314685314,65,0.4421599453178401,0.11568010936431988,76,0.45771416083916083,0.08457167832167832,65,0.4975128508611621,0.004974298277675799,228
metoprolol,REP.B011_A549_24H_A18_metoprolol_0.01uM,A549,24 h,0.01 uM,https://lincs-dcic.s3.amazonaws.com/LINCS-sigs-2021/cd/cp/L1000_LINCS_DCIC_REP.B011_A549_24H_A18_metoprolol_0.01uM.tsv,lung,lung cancer,0.5039554195804196,-0.00791083916083916,65,0.5567600820232399,-0.11352016404647985,76,0.49923513986013984,0.0015297202797202797,65,0.4940132249713216,0.011973550057356808,228
metoprolol,REP.B011_A549_24H_A17_metoprolol_0.03uM,A549,24 h,0.03 uM,https://lincs-dcic.s3.amazonaws.com/LINCS-sigs-2021/cd/cp/L1000_LINCS_DCIC_REP.B011_A549_24H_A17_metoprolol_0.03uM.tsv,lung,lung cancer,0.5998907342657342,-0.19978146853146853,65,0.6323034859876965,-0.264606971975393,76,0.605659965034965,-0.21131993006993005,65,0.4748419713231067,0.05031605735378665,228
metoprolol,REP.B011_A549_24H_A16_metoprolol_0.08uM,A549,24 h,0.08 uM,https://lincs-dcic.s3.amazonaws.com/LINCS-sigs-2021/cd/cp/L1000_LINCS_DCIC_REP.B011_A549_24H_A16_metoprolol_0.08uM.tsv,lung,lung cancer,0.5647727272727273,-0.12954545454545455,65,0.5385782638414217,-0.07715652768284348,76,0.5721372377622378,-0.14427447552447553,65,0.5207294490000274,-0.04145889800005467,228
metoprolol,CPC002_HCC515_24H_M17_metoprolol_10uM,HCC515,24 h,10 uM,https://lincs-dcic.s3.amazonaws.com/LINCS-sigs-2021/cd/cp/L1000_LINCS_DCIC_CPC002_HCC515_24H_M17_metoprolol_10uM.tsv,lung,lung cancer,0.4144012237762238,0.17119755244755244,65,0.39014354066985646,0.2197129186602871,76,0.4079763986013986,0.1840472027972028,65,0.543547637537373,-0.0870952750747461,228
metoprolol,CPC002_HCC515_6H_M17_metoprolol_10uM,HCC515,6 h,10 uM,https://lincs-dcic.s3.amazonaws.com/LINCS-sigs-2021/cd/cp/L1000_LINCS_DCIC_CPC002_HCC515_6H_M17_metoprolol_10uM.tsv,lung,lung cancer,0.4823863636363636,0.035227272727272725,65,0.3736021872863978,0.25279562542720435,76,0.4765297202797203,0.04694055944055944,65,0.4825550255802251,0.034889948839549774,228
metoprolol,REP.B011_HT29_24H_A18_metoprolol_0.01uM,HT29,24 h,0.01 uM,https://lincs-dcic.s3.amazonaws.com/LINCS-sigs-2021/cd/cp/L1000_LINCS_DCIC_REP.B011_HT29_24H_A18_metoprolol_0.01uM.tsv,intestine,colon adenocarcinoma,0.4444055944055944,0.11118881118881119,65,0.5281886534518113,-0.05637730690362269,76,0.45,0.09999999999999999,65,0.44300616497093687,0.1139876700581263,228
metoprolol,REP.B011_HT29_24H_A17_metoprolol_0.03uM,HT29,24 h,0.03 uM,https://lincs-dcic.s3.amazonaws.com/LINCS-sigs-2021/cd/cp/L1000_LINCS_DCIC_REP.B011_HT29_24H_A17_metoprolol_0.03uM.tsv,intestine,colon adenocarcinoma,0.4904064685314685,0.019187062937062935,65,0.5154613807245386,-0.03092276144907724,76,0.5002840909090909,-0.0005681818181818182,65,0.5345457067442089,-0.06909141348841777,228
metoprolol,REP.A011_HT29_24H_A18_metoprolol_0.04uM,HT29,24 h,0.04 uM,https://lincs-dcic.s3.amazonaws.com/LINCS-sigs-2021/cd/cp/L1000_LINCS_DCIC_REP.A011_HT29_24H_A18_metoprolol_0.04uM.tsv,intestine,colon adenocarcinoma,0.6247596153846154,-0.2495192307692308,65,0.6014627477785373,-0.2029254955570745,76,0.6195367132867133,-0.23907342657342656,65,0.49333486554814987,0.0133302689037003,228
metoprolol,REP.B011_HT29_24H_A16_metoprolol_0.08uM,HT29,24 h,0.08 uM,https://lincs-dcic.s3.amazonaws.com/LINCS-sigs-2021/cd/cp/L1000_LINCS_DCIC_REP.B011_HT29_24H_A16_metoprolol_0.08uM.tsv,intestine,colon adenocarcinoma,0.4805506993006993,0.0388986013986014,65,0.45849624060150374,0.08300751879699249,76,0.48708479020979023,0.02583041958041958,65,0.4760615059376699,0.047876988124660194,228
metoprolol,REP.B011_MCF7_24H_A18_metoprolol_0.01uM,MCF7,24 h,0.01 uM,https://lincs-dcic.s3.amazonaws.com/LINCS-sigs-2021/cd/cp/L1000_LINCS_DCIC_REP.B011_MCF7_24H_A18_metoprolol_0.01uM.tsv,breast,breast adenocarcinoma,0.4010270979020979,0.19794580419580418,65,0.41394395078605606,0.1721120984278879,76,0.403868006993007,0.192263986013986,65,0.48206549307111535,0.03586901385776929,228
metoprolol,REP.A011_MCF7_24H_A18_metoprolol_0.04uM,MCF7,24 h,0.04 uM,https://lincs-dcic.s3.amazonaws.com/LINCS-sigs-2021/cd/cp/L1000_LINCS_DCIC_REP.A011_MCF7_24H_A18_metoprolol_0.04uM.tsv,breast,breast adenocarcinoma,0.4528190559440559,0.09436188811188811,65,0.44094326725905675,0.11811346548188653,76,0.44788024475524474,0.10423951048951048,65,0.4100910520342177,0.17981789593156466,228
metoprolol,REP.B011_MCF7_24H_A16_metoprolol_0.08uM,MCF7,24 h,0.08 uM,https://lincs-dcic.s3.amazonaws.com/LINCS-sigs-2021/cd/cp/L1000_LINCS_DCIC_REP.B011_MCF7_24H_A16_metoprolol_0.08uM.tsv,breast,breast adenocarcinoma,0.5239947552447553,-0.04798951048951049,65,0.5226247436773752,-0.045249487354750505,76,0.5240166083916084,-0.04803321678321678,65,0.4421627718373517,0.11567445632529663,228
metoprolol,REP.B011_PC3_24H_A18_metoprolol_0.01uM,PC3,24 h,0.01 uM,https://lincs-dcic.s3.amazonaws.com/LINCS-sigs-2021/cd/cp/L1000_LINCS_DCIC_REP.B011_PC3_24H_A18_metoprolol_0.01uM.tsv,prostate gland,prostate adenocarcinoma,0.4757867132867133,0.04842657342657343,65,0.41168831168831166,0.17662337662337663,76,0.47819055944055944,0.04361888111888112,65,0.48426611128941954,0.03146777742116097,228
metoprolol,REP.B011_PC3_24H_A17_metoprolol_0.03uM,PC3,24 h,0.03 uM,https://lincs-dcic.s3.amazonaws.com/LINCS-sigs-2021/cd/cp/L1000_LINCS_DCIC_REP.B011_PC3_24H_A17_metoprolol_0.03uM.tsv,prostate gland,prostate adenocarcinoma,0.50430506993007,-0.00861013986013986,65,0.5875324675324676,-0.17506493506493506,76,0.503277972027972,-0.006555944055944056,65,0.48572255909573675,0.028554881808526472,228
metoprolol,REP.A011_PC3_24H_A18_metoprolol_0.04uM,PC3,24 h,0.04 uM,https://lincs-dcic.s3.amazonaws.com/LINCS-sigs-2021/cd/cp/L1000_LINCS_DCIC_REP.A011_PC3_24H_A18_metoprolol_0.04uM.tsv,prostate gland,prostate adenocarcinoma,0.4826267482517482,0.034746503496503496,65,0.46605604921394395,0.0678879015721121,76,0.47296765734265733,0.054064685314685314,65,0.5082086552587536,-0.016417310517507246,228
metoprolol,REP.B011_PC3_24H_A16_metoprolol_0.08uM,PC3,24 h,0.08 uM,https://lincs-dcic.s3.amazonaws.com/LINCS-sigs-2021/cd/cp/L1000_LINCS_DCIC_REP.B011_PC3_24H_A16_metoprolol_0.08uM.tsv,prostate gland,prostate adenocarcinoma,0.505506993006993,-0.011013986013986014,65,0.4599043062200957,0.08019138755980862,76,0.4938811188811189,0.012237762237762238,65,0.5144237437947831,-0.028847487589566227,228
minocycline,CPD001_MCF7_24H_P12_minocycline_10uM,MCF7,24 h,10 uM,https://lincs-dcic.s3.amazonaws.com/LINCS-sigs-2021/cd/cp/L1000_LINCS_DCIC_CPD001_MCF7_24H_P12_minocycline_10uM.tsv,breast,breast adenocarcinoma,0.5316870629370629,-0.06337412587412587,65,0.6165960355434039,-0.23319207108680792,76,0.536166958041958,-0.07233391608391608,65,0.4909849070090728,0.018030185981854394,228
minocycline,CPD001_PC3_24H_P12_minocycline_10uM,PC3,24 h,10 uM,https://lincs-dcic.s3.amazonaws.com/LINCS-sigs-2021/cd/cp/L1000_LINCS_DCIC_CPD001_PC3_24H_P12_minocycline_10uM.tsv,prostate gland,prostate adenocarcinoma,0.5671547202797202,-0.13430944055944055,65,0.5701435406698565,-0.14028708133971293,76,0.5619318181818181,-0.12386363636363636,65,0.5481620003300675,-0.09632400066013484,228
niclosamide,HOG002_A549_24H_K11_niclosamide_0.002uM,A549,24 h,0.002 uM,https://lincs-dcic.s3.amazonaws.com/LINCS-sigs-2021/cd/cp/L1000_LINCS_DCIC_HOG002_A549_24H_K11_niclosamide_0.002uM.tsv,lung,lung cancer,0.4079982517482518,0.18400349650349648,65,0.39875598086124403,0.20248803827751194,76,0.4126311188811189,0.17473776223776222,65,0.48439570831354783,0.0312085833729043,228
niclosamide,HOG002_A549_24H_K10_niclosamide_0.004uM,A549,24 h,0.004 uM,https://lincs-dcic.s3.amazonaws.com/LINCS-sigs-2021/cd/cp/L1000_LINCS_DCIC_HOG002_A549_24H_K10_niclosamide_0.004uM.tsv,lung,lung cancer,0.3856424825174825,0.22871503496503498,65,0.4022966507177034,0.19540669856459328,76,0.3936625874125874,0.21267482517482517,65,0.5537027793499292,-0.10740555869985836,228
niclosamide,HOG002_A549_24H_K09_niclosamide_0.01uM,A549,24 h,0.01 uM,https://lincs-dcic.s3.amazonaws.com/LINCS-sigs-2021/cd/cp/L1000_LINCS_DCIC_HOG002_A549_24H_K09_niclosamide_0.01uM.tsv,lung,lung cancer,0.5582823426573427,-0.11656468531468532,65,0.578673957621326,-0.1573479152426521,76,0.5543706293706294,-0.10874125874125874,65,0.45723905689815597,0.08552188620368806,228
niclosamide,REP.B008_A549_24H_A18_niclosamide_0.01uM,A549,24 h,0.01 uM,https://lincs-dcic.s3.amazonaws.com/LINCS-sigs-2021/cd/cp/L1000_LINCS_DCIC_REP.B008_A549_24H_A18_niclosamide_0.01uM.tsv,lung,lung cancer,0.48415646853146854,0.031687062937062936,65,0.5376213260423787,-0.07524265208475735,76,0.479458041958042,0.04108391608391609,65,0.49621333695125025,0.007573326097499486,228
niclosamide,CPC004_HCC515_24H_D12_niclosamide_10uM,HCC515,24 h,10 uM,https://lincs-dcic.s3.amazonaws.com/LINCS-sigs-2021/cd/cp/L1000_LINCS_DCIC_CPC004_HCC515_24H_D12_niclosamide_10uM.tsv,lung,lung cancer,0.532145979020979,-0.06429195804195804,65,0.4949555707450444,0.01008885850991114,76,0.5255463286713287,-0.05109265734265735,65,0.5725819270874992,-0.14516385417499852,228
niclosamide,CPC006_HCC515_24H_E12_niclosamide_10uM,HCC515,24 h,10 uM,https://lincs-dcic.s3.amazonaws.com/LINCS-sigs-2021/cd/cp/L1000_LINCS_DCIC_CPC006_HCC515_24H_E12_niclosamide_10uM.tsv,lung,lung cancer,0.48953234265734263,0.020935314685314683,65,0.5284894053315106,-0.05697881066302119,76,0.4926573426573427,0.014685314685314687,65,0.5644082022766552,-0.12881640455331045,228
niclosamide,CPC004_HCC515_6H_D12_niclosamide_10uM,HCC515,6 h,10 uM,https://lincs-dcic.s3.amazonaws.com/LINCS-sigs-2021/cd/cp/L1000_LINCS_DCIC_CPC004_HCC515_6H_D12_niclosamide_10uM.tsv,lung,lung cancer,0.5001966783216784,-0.00039335664335664333,65,0.416678058783322,0.1666438824333561,76,0.4900568181818182,0.019886363636363636,65,0.6025851568883349,-0.20517031377666992,228
niclosamide,CPC006_HCC515_6H_E12_niclosamide_10uM,HCC515,6 h,10 uM,https://lincs-dcic.s3.amazonaws.com/LINCS-sigs-2021/cd/cp/L1000_LINCS_DCIC_CPC006_HCC515_6H_E12_niclosamide_10uM.tsv,lung,lung cancer,0.5190340909090909,-0.03806818181818182,65,0.49942583732057416,0.0011483253588516747,76,0.5248033216783217,-0.04960664335664336,65,0.6295833556921949,-0.2591667113843899,228
niclosamide,REP.B008_HT29_24H_A18_niclosamide_0.01uM,HT29,24 h,0.01 uM,https://lincs-dcic.s3.amazonaws.com/LINCS-sigs-2021/cd/cp/L1000_LINCS_DCIC_REP.B008_HT29_24H_A18_niclosamide_0.01uM.tsv,intestine,colon adenocarcinoma,0.5252403846153846,-0.050480769230769225,65,0.5528503075871497,-0.10570061517429938,76,0.5165428321678321,-0.03308566433566434,65,0.48319997327061376,0.033600053458772455,228
niclosamide,REP.B008_HT29_24H_A17_niclosamide_0.03uM,HT29,24 h,0.03 uM,https://lincs-dcic.s3.amazonaws.com/LINCS-sigs-2021/cd/cp/L1000_LINCS_DCIC_REP.B008_HT29_24H_A17_niclosamide_0.03uM.tsv,intestine,colon adenocarcinoma,0.544187062937063,-0.08837412587412587,65,0.54580997949419,-0.09161995898838003,76,0.5469624125874126,-0.09392482517482517,65,0.5064717513924086,-0.012943502784817304,228
niclosamide,REP.A008_HT29_24H_A18_niclosamide_0.04uM,HT29,24 h,0.04 uM,https://lincs-dcic.s3.amazonaws.com/LINCS-sigs-2021/cd/cp/L1000_LINCS_DCIC_REP.A008_HT29_24H_A18_niclosamide_0.04uM.tsv,intestine,colon adenocarcinoma,0.4120847902097902,0.1758304195804196,65,0.3852084757347915,0.22958304853041697,76,0.40445804195804197,0.1910839160839161,65,0.5261173440304877,-0.0522346880609754,228
niclosamide,REP.B008_HT29_24H_A16_niclosamide_0.08uM,HT29,24 h,0.08 uM,https://lincs-dcic.s3.amazonaws.com/LINCS-sigs-2021/cd/cp/L1000_LINCS_DCIC_REP.B008_HT29_24H_A16_niclosamide_0.08uM.tsv,intestine,colon adenocarcinoma,0.3916520979020979,0.2166958041958042,65,0.5176896787423103,-0.03537935748462064,76,0.3934877622377623,0.2130244755244755,65,0.4835153597785511,0.03296928044289783,228
niclosamide,HOG002_MCF7_24H_K10_niclosamide_0.004uM,MCF7,24 h,0.004 uM,https://lincs-dcic.s3.amazonaws.com/LINCS-sigs-2021/cd/cp/L1000_LINCS_DCIC_HOG002_MCF7_24H_K10_niclosamide_0.004uM.tsv,breast,breast adenocarcinoma,0.5945804195804196,-0.18916083916083917,65,0.5382228298017772,-0.07644565960355433,76,0.5879370629370629,-0.17587412587412588,65,0.5061290280121943,-0.012258056024388541,228
niclosamide,HOG002_MCF7_24H_K09_niclosamide_0.01uM,MCF7,24 h,0.01 uM,https://lincs-dcic.s3.amazonaws.com/LINCS-sigs-2021/cd/cp/L1000_LINCS_DCIC_HOG002_MCF7_24H_K09_niclosamide_0.01uM.tsv,breast,breast adenocarcinoma,0.4826267482517482,0.034746503496503496,65,0.4233356117566644,0.15332877648667123,76,0.4908653846153846,0.018269230769230767,65,0.49566406831383136,0.008671863372337312,228
niclosamide,REP.B008_MCF7_24H_A18_niclosamide_0.01uM,MCF7,24 h,0.01 uM,https://lincs-dcic.s3.amazonaws.com/LINCS-sigs-2021/cd/cp/L1000_LINCS_DCIC_REP.B008_MCF7_24H_A18_niclosamide_0.01uM.tsv,breast,breast adenocarcinoma,0.48715034965034965,0.0256993006993007,65,0.5004921394395079,-0.000984278879015721,76,0.4922202797202797,0.01555944055944056,65,0.5267207801740853,-0.053441560348170505,228
niclosamide,REP.B008_PC3_24H_A18_niclosamide_0.01uM,PC3,24 h,0.01 uM,https://lincs-dcic.s3.amazonaws.com/LINCS-sigs-2021/cd/cp/L1000_LINCS_DCIC_REP.B008_PC3_24H_A18_niclosamide_0.01uM.tsv,prostate gland,prostate adenocarcinoma,0.4972027972027972,0.005594405594405594,65,0.5152563226247436,-0.030512645249487356,76,0.5075611888111888,-0.015122377622377621,65,0.47570207669106396,0.048595846617872036,228
niclosamide,REP.B008_PC3_24H_A17_niclosamide_0.03uM,PC3,24 h,0.03 uM,https://lincs-dcic.s3.amazonaws.com/LINCS-sigs-2021/cd/cp/L1000_LINCS_DCIC_REP.B008_PC3_24H_A17_niclosamide_0.03uM.tsv,prostate gland,prostate adenocarcinoma,0.3758741258741259,0.24825174825174826,65,0.4593574846206425,0.08128503075871496,76,0.37701048951048954,0.24597902097902097,65,0.47575877538912015,0.04848244922175975,228
niclosamide,REP.A008_PC3_24H_A18_niclosamide_0.04uM,PC3,24 h,0.04 uM,https://lincs-dcic.s3.amazonaws.com/LINCS-sigs-2021/cd/cp/L1000_LINCS_DCIC_REP.A008_PC3_24H_A18_niclosamide_0.04uM.tsv,prostate gland,prostate adenocarcinoma,0.537041083916084,-0.07408216783216783,65,0.5081203007518797,-0.0162406015037594,76,0.5350743006993007,-0.07014860139860139,65,0.43729022747315166,0.1254195450536967,228
niclosamide,REP.B008_PC3_24H_A16_niclosamide_0.08uM,PC3,24 h,0.08 uM,https://lincs-dcic.s3.amazonaws.com/LINCS-sigs-2021/cd/cp/L1000_LINCS_DCIC_REP.B008_PC3_24H_A16_niclosamide_0.08uM.tsv,prostate gland,prostate adenocarcinoma,0.4227054195804196,0.15458916083916083,65,0.38027259242777334,0.23945481514445333,76,0.4188155594405594,0.16236888111888112,65,0.4709247051414582,0.058150589717083624,228
propranolol,REP.B005_A549_24H_L06_propranolol_0.01uM,A549,24 h,0.01 uM,https://lincs-dcic.s3.amazonaws.com/LINCS-sigs-2021/cd/cp/L1000_LINCS_DCIC_REP.B005_A549_24H_L06_propranolol_0.01uM.tsv,lung,lung cancer,0.5074519230769231,-0.014903846153846155,65,0.5119207108680793,-0.02384142173615858,76,0.5089160839160839,-0.01783216783216783,65,0.45491187908597647,0.09017624182804704,228
propranolol,REP.B005_A549_24H_L05_propranolol_0.03uM,A549,24 h,0.03 uM,https://lincs-dcic.s3.amazonaws.com/LINCS-sigs-2021/cd/cp/L1000_LINCS_DCIC_REP.B005_A549_24H_L05_propranolol_0.03uM.tsv,lung,lung cancer,0.46593094405594404,0.06813811188811189,65,0.41748462064251535,0.16503075871496925,76,0.4594624125874126,0.08107517482517482,65,0.4788584729623146,0.0422830540753708,228
propranolol,REP.A005_A549_24H_L06_propranolol_0.04uM,A549,24 h,0.04 uM,https://lincs-dcic.s3.amazonaws.com/LINCS-sigs-2021/cd/cp/L1000_LINCS_DCIC_REP.A005_A549_24H_L06_propranolol_0.04uM.tsv,lung,lung cancer,0.6164335664335665,-0.2328671328671329,65,0.6389473684210526,-0.27789473684210525,76,0.6118006993006992,-0.2236013986013986,65,0.5006550724578986,-0.001310144915797371,228
propranolol,REP.B005_A549_24H_L04_propranolol_0.08uM,A549,24 h,0.08 uM,https://lincs-dcic.s3.amazonaws.com/LINCS-sigs-2021/cd/cp/L1000_LINCS_DCIC_REP.B005_A549_24H_L04_propranolol_0.08uM.tsv,lung,lung cancer,0.4982517482517482,0.0034965034965034965,65,0.5209159261790841,-0.04183185235816815,76,0.48483391608391607,0.03033216783216783,65,0.4280255589631023,0.14394888207379541,228
propranolol,CPC009_HCC515_6H_A23_propranolol_10uM,HCC515,6 h,10 uM,https://lincs-dcic.s3.amazonaws.com/LINCS-sigs-2021/cd/cp/L1000_LINCS_DCIC_CPC009_HCC515_6H_A23_propranolol_10uM.tsv,lung,lung cancer,0.5163024475524476,-0.03260489510489511,65,0.5341216678058783,-0.06824333561175666,76,0.5240384615384616,-0.04807692307692308,65,0.4431301933729347,0.11373961325413065,228
propranolol,REP.B005_HT29_24H_L06_propranolol_0.01uM,HT29,24 h,0.01 uM,https://lincs-dcic.s3.amazonaws.com/LINCS-sigs-2021/cd/cp/L1000_LINCS_DCIC_REP.B005_HT29_24H_L06_propranolol_0.01uM.tsv,intestine,colon adenocarcinoma,0.502229020979021,-0.004458041958041958,65,0.4914012303485988,0.017197539302802458,76,0.5025131118881119,-0.005026223776223776,65,0.5799152961950111,-0.15983059239002226,228
propranolol,REP.B005_HT29_24H_L05_propranolol_0.03uM,HT29,24 h,0.03 uM,https://lincs-dcic.s3.amazonaws.com/LINCS-sigs-2021/cd/cp/L1000_LINCS_DCIC_REP.B005_HT29_24H_L05_propranolol_0.03uM.tsv,intestine,colon adenocarcinoma,0.5184003496503496,-0.036800699300699305,65,0.4380177717019822,0.12396445659603555,76,0.5070585664335664,-0.014117132867132866,65,0.5068332055925165,-0.013666411185033166,228
propranolol,REP.A005_HT29_24H_L06_propranolol_0.04uM,HT29,24 h,0.04 uM,https://lincs-dcic.s3.amazonaws.com/LINCS-sigs-2021/cd/cp/L1000_LINCS_DCIC_REP.A005_HT29_24H_L06_propranolol_0.04uM.tsv,intestine,colon adenocarcinoma,0.5607080419580419,-0.12141608391608393,65,0.541326042378674,-0.08265208475734792,76,0.5522071678321678,-0.10441433566433567,65,0.5246239408227589,-0.049247881645517716,228
propranolol,REP.B005_HT29_24H_L04_propranolol_0.08uM,HT29,24 h,0.08 uM,https://lincs-dcic.s3.amazonaws.com/LINCS-sigs-2021/cd/cp/L1000_LINCS_DCIC_REP.B005_HT29_24H_L04_propranolol_0.08uM.tsv,intestine,colon adenocarcinoma,0.4491477272727273,0.10170454545454545,65,0.39729323308270675,0.20541353383458646,76,0.45491695804195803,0.09016608391608393,65,0.4506544143480105,0.09869117130397893,228
propranolol,REP.B005_MCF7_24H_L06_propranolol_0.01uM,MCF7,24 h,0.01 uM,https://lincs-dcic.s3.amazonaws.com/LINCS-sigs-2021/cd/cp/L1000_LINCS_DCIC_REP.B005_MCF7_24H_L06_propranolol_0.01uM.tsv,breast,breast adenocarcinoma,0.4010708041958042,0.1978583916083916,65,0.42132604237867394,0.1573479152426521,76,0.3903190559440559,0.21936188811188811,65,0.5109919538472598,-0.021983907694519567,228
propranolol,REP.A005_MCF7_24H_L06_propranolol_0.04uM,MCF7,24 h,0.04 uM,https://lincs-dcic.s3.amazonaws.com/LINCS-sigs-2021/cd/cp/L1000_LINCS_DCIC_REP.A005_MCF7_24H_L06_propranolol_0.04uM.tsv,breast,breast adenocarcinoma,0.4602272727272727,0.07954545454545454,65,0.4717976760082023,0.056404647983595346,76,0.4699519230769231,0.06009615384615385,65,0.539457737701698,-0.07891547540339605,228
propranolol,REP.B005_PC3_24H_L06_propranolol_0.01uM,PC3,24 h,0.01 uM,https://lincs-dcic.s3.amazonaws.com/LINCS-sigs-2021/cd/cp/L1000_LINCS_DCIC_REP.B005_PC3_24H_L06_propranolol_0.01uM.tsv,prostate gland,prostate adenocarcinoma,0.5651660839160839,-0.13033216783216783,65,0.4734928229665072,0.053014354066985646,76,0.5666958041958042,-0.13339160839160838,65,0.4457889573210675,0.10842208535786496,228
propranolol,REP.B005_PC3_24H_L05_propranolol_0.03uM,PC3,24 h,0.03 uM,https://lincs-dcic.s3.amazonaws.com/LINCS-sigs-2021/cd/cp/L1000_LINCS_DCIC_REP.B005_PC3_24H_L05_propranolol_0.03uM.tsv,prostate gland,prostate adenocarcinoma,0.4891826923076923,0.021634615384615384,65,0.40795625427204374,0.1840874914559125,76,0.48203671328671327,0.035926573426573426,65,0.5287295340480744,-0.05745906809614885,228
propranolol,REP.A005_PC3_24H_L06_propranolol_0.04uM,PC3,24 h,0.04 uM,https://lincs-dcic.s3.amazonaws.com/LINCS-sigs-2021/cd/cp/L1000_LINCS_DCIC_REP.A005_PC3_24H_L06_propranolol_0.04uM.tsv,prostate gland,prostate adenocarcinoma,0.5850961538461539,-0.1701923076923077,65,0.4874504442925496,0.02509911141490089,76,0.573361013986014,-0.14672202797202796,65,0.5087989292045881,-0.01759785840917628,228
propranolol,REP.B005_PC3_24H_L04_propranolol_0.08uM,PC3,24 h,0.08 uM,https://lincs-dcic.s3.amazonaws.com/LINCS-sigs-2021/cd/cp/L1000_LINCS_DCIC_REP.B005_PC3_24H_L04_propranolol_0.08uM.tsv,prostate gland,prostate adenocarcinoma,0.35882867132867136,0.28234265734265734,65,0.43294600136705397,0.134107997265892,76,0.36514423076923075,0.26971153846153845,65,0.5430965791448014,-0.08619315828960278,228
sertraline,REP.B023_A549_24H_I06_sertraline_0.01uM,A549,24 h,0.01 uM,https://lincs-dcic.s3.amazonaws.com/LINCS-sigs-2021/cd/cp/L1000_LINCS_DCIC_REP.B023_A549_24H_I06_sertraline_0.01uM.tsv,lung,lung cancer,0.4963942307692308,0.007211538461538461,65,0.4943130553656869,0.011373889268626109,76,0.5015078671328671,-0.0030157342657342657,65,0.5424192321983806,-0.08483846439676129,228
sertraline,REP.B023_A549_24H_I05_sertraline_0.03uM,A549,24 h,0.03 uM,https://lincs-dcic.s3.amazonaws.com/LINCS-sigs-2021/cd/cp/L1000_LINCS_DCIC_REP.B023_A549_24H_I05_sertraline_0.03uM.tsv,lung,lung cancer,0.5655157342657342,-0.13103146853146852,65,0.6254545454545455,-0.2509090909090909,76,0.5691433566433567,-0.1382867132867133,65,0.45962900826889763,0.08074198346220475,228
sertraline,REP.A023_A549_24H_I06_sertraline_0.04uM,A549,24 h,0.04 uM,https://lincs-dcic.s3.amazonaws.com/LINCS-sigs-2021/cd/cp/L1000_LINCS_DCIC_REP.A023_A549_24H_I06_sertraline_0.04uM.tsv,lung,lung cancer,0.5096590909090909,-0.019318181818181818,65,0.49012987012987014,0.01974025974025974,76,0.5254152097902098,-0.050830419580419575,65,0.5249337587085656,-0.04986751741713131,228
sertraline,REP.B023_A549_24H_I04_sertraline_0.08uM,A549,24 h,0.08 uM,https://lincs-dcic.s3.amazonaws.com/LINCS-sigs-2021/cd/cp/L1000_LINCS_DCIC_REP.B023_A549_24H_I04_sertraline_0.08uM.tsv,lung,lung cancer,0.4087631118881119,0.18247377622377622,65,0.5322077922077922,-0.06441558441558441,76,0.403125,0.19375,65,0.4786478777981061,0.04270424440378788,228
sertraline,CPC004_HCC515_24H_H13_sertraline_10uM,HCC515,24 h,10 uM,https://lincs-dcic.s3.amazonaws.com/LINCS-sigs-2021/cd/cp/L1000_LINCS_DCIC_CPC004_HCC515_24H_H13_sertraline_10uM.tsv,lung,lung cancer,0.4163898601398601,0.16722027972027972,65,0.41092276144907725,0.17815447710184554,76,0.4083697552447553,0.1832604895104895,65,0.47478426651628014,0.05043146696743977,228
sertraline,CPC004_HCC515_6H_H13_sertraline_10uM,HCC515,6 h,10 uM,https://lincs-dcic.s3.amazonaws.com/LINCS-sigs-2021/cd/cp/L1000_LINCS_DCIC_CPC004_HCC515_6H_H13_sertraline_10uM.tsv,lung,lung cancer,0.5175043706293706,-0.035008741258741254,65,0.5258099794941901,-0.05161995898838004,76,0.5238417832167832,-0.04768356643356643,65,0.56956829003814,-0.13913658007628,228
sertraline,REP.B023_HT29_24H_I06_sertraline_0.01uM,HT29,24 h,0.01 uM,https://lincs-dcic.s3.amazonaws.com/LINCS-sigs-2021/cd/cp/L1000_LINCS_DCIC_REP.B023_HT29_24H_I06_sertraline_0.01uM.tsv,intestine,colon adenocarcinoma,0.42526223776223776,0.14947552447552448,65,0.4640874914559125,0.07182501708817499,76,0.4370629370629371,0.1258741258741259,65,0.5046012005949313,-0.009202401189862678,228
sertraline,REP.B023_HT29_24H_I05_sertraline_0.03uM,HT29,24 h,0.03 uM,https://lincs-dcic.s3.amazonaws.com/LINCS-sigs-2021/cd/cp/L1000_LINCS_DCIC_REP.B023_HT29_24H_I05_sertraline_0.03uM.tsv,intestine,colon adenocarcinoma,0.538395979020979,-0.07679195804195804,65,0.5370334928229665,-0.07406698564593302,76,0.5411931818181818,-0.08238636363636363,65,0.47898958870156944,0.042020822596861115,228
sertraline,REP.A023_HT29_24H_I06_sertraline_0.04uM,HT29,24 h,0.04 uM,https://lincs-dcic.s3.amazonaws.com/LINCS-sigs-2021/cd/cp/L1000_LINCS_DCIC_REP.A023_HT29_24H_I06_sertraline_0.04uM.tsv,intestine,colon adenocarcinoma,0.4887456293706294,0.022508741258741256,65,0.42884483937115514,0.14231032125768966,76,0.4831730769230769,0.03365384615384615,65,0.5366901325028324,-0.0733802650056648,228
sertraline,REP.B023_HT29_24H_I04_sertraline_0.08uM,HT29,24 h,0.08 uM,https://lincs-dcic.s3.amazonaws.com/LINCS-sigs-2021/cd/cp/L1000_LINCS_DCIC_REP.B023_HT29_24H_I04_sertraline_0.08uM.tsv,intestine,colon adenocarcinoma,0.6401879370629371,-0.2803758741258741,65,0.6253315105946685,-0.250663021189337,76,0.6396416083916083,-0.27928321678321677,65,0.5470923186426332,-0.09418463728526635,228
sertraline,REP.B023_MCF7_24H_I06_sertraline_0.01uM,MCF7,24 h,0.01 uM,https://lincs-dcic.s3.amazonaws.com/LINCS-sigs-2021/cd/cp/L1000_LINCS_DCIC_REP.B023_MCF7_24H_I06_sertraline_0.01uM.tsv,breast,breast adenocarcinoma,0.5220935314685314,-0.04418706293706293,65,0.6352153110047847,-0.27043062200956935,76,0.5230332167832168,-0.046066433566433564,65,0.43837560255022645,0.12324879489954713,228
sertraline,REP.B023_MCF7_24H_I05_sertraline_0.03uM,MCF7,24 h,0.03 uM,https://lincs-dcic.s3.amazonaws.com/LINCS-sigs-2021/cd/cp/L1000_LINCS_DCIC_REP.B023_MCF7_24H_I05_sertraline_0.03uM.tsv,breast,breast adenocarcinoma,0.5189466783216783,-0.03789335664335664,65,0.5466028708133971,-0.09320574162679425,76,0.5147508741258742,-0.029501748251748252,65,0.49764244788529044,0.0047151042294191325,228
sertraline,REP.A023_MCF7_24H_I06_sertraline_0.04uM,MCF7,24 h,0.04 uM,https://lincs-dcic.s3.amazonaws.com/LINCS-sigs-2021/cd/cp/L1000_LINCS_DCIC_REP.A023_MCF7_24H_I06_sertraline_0.04uM.tsv,breast,breast adenocarcinoma,0.5514860139860139,-0.10297202797202797,65,0.518714969241285,-0.03742993848257006,76,0.5610795454545454,-0.12215909090909091,65,0.5320261583493389,-0.06405231669867781,228
sertraline,REP.B023_MCF7_24H_I04_sertraline_0.08uM,MCF7,24 h,0.08 uM,https://lincs-dcic.s3.amazonaws.com/LINCS-sigs-2021/cd/cp/L1000_LINCS_DCIC_REP.B023_MCF7_24H_I04_sertraline_0.08uM.tsv,breast,breast adenocarcinoma,0.4628715034965035,0.07425699300699301,65,0.44311688311688313,0.11376623376623377,76,0.45762674825174826,0.08474650349650349,65,0.45603775323309137,0.08792449353381722,228
sertraline,REP.B023_PC3_24H_I06_sertraline_0.01uM,PC3,24 h,0.01 uM,https://lincs-dcic.s3.amazonaws.com/LINCS-sigs-2021/cd/cp/L1000_LINCS_DCIC_REP.B023_PC3_24H_I06_sertraline_0.01uM.tsv,prostate gland,prostate adenocarcinoma,0.41129807692307696,0.17740384615384613,65,0.5298291182501709,-0.059658236500341764,76,0.40050262237762235,0.19899475524475524,65,0.44958270770707426,0.10083458458585146,228
sertraline,REP.B023_PC3_24H_I05_sertraline_0.03uM,PC3,24 h,0.03 uM,https://lincs-dcic.s3.amazonaws.com/LINCS-sigs-2021/cd/cp/L1000_LINCS_DCIC_REP.B023_PC3_24H_I05_sertraline_0.03uM.tsv,prostate gland,prostate adenocarcinoma,0.435118006993007,0.129763986013986,65,0.47086807928913194,0.05826384142173616,76,0.42862762237762236,0.14274475524475524,65,0.5207046433196277,-0.04140928663925554,228
sertraline,REP.A023_PC3_24H_I06_sertraline_0.04uM,PC3,24 h,0.04 uM,https://lincs-dcic.s3.amazonaws.com/LINCS-sigs-2021/cd/cp/L1000_LINCS_DCIC_REP.A023_PC3_24H_I06_sertraline_0.04uM.tsv,prostate gland,prostate adenocarcinoma,0.49792395104895104,0.004152097902097902,65,0.5445933014354067,-0.0891866028708134,76,0.5029283216783217,-0.005856643356643356,65,0.5029564321129276,-0.005912864225855213,228
sertraline,REP.B023_PC3_24H_I04_sertraline_0.08uM,PC3,24 h,0.08 uM,https://lincs-dcic.s3.amazonaws.com/LINCS-sigs-2021/cd/cp/L1000_LINCS_DCIC_REP.B023_PC3_24H_I04_sertraline_0.08uM.tsv,prostate gland,prostate adenocarcinoma,0.6562281468531468,-0.3124562937062937,65,0.5713328776486671,-0.14266575529733425,76,0.6519230769230769,-0.3038461538461538,65,0.5009588154831994,-0.0019176309663989344,228
simvastatin,REP.B004_A549_24H_L24_simvastatin_0.01uM,A549,24 h,0.01 uM,https://lincs-dcic.s3.amazonaws.com/LINCS-sigs-2021/cd/cp/L1000_LINCS_DCIC_REP.B004_A549_24H_L24_simvastatin_0.01uM.tsv,lung,lung cancer,0.5804414335664335,-0.16088286713286712,65,0.552904989747095,-0.10580997949419002,76,0.5672202797202797,-0.13444055944055944,65,0.5305519921998791,-0.06110398439975822,228
simvastatin,PBIOA015_A549_24H_P12_simvastatin_0.04uM,A549,24 h,0.04 uM,https://lincs-dcic.s3.amazonaws.com/LINCS-sigs-2021/cd/cp/L1000_LINCS_DCIC_PBIOA015_A549_24H_P12_simvastatin_0.04uM.tsv,lung,lung cancer,0.4649694055944056,0.07006118881118881,65,0.48125768967874233,0.037484620642515384,76,0.4640078671328671,0.07198426573426574,65,0.44265382306158796,0.11469235387682411,228
simvastatin,REP.A004_A549_24H_L24_simvastatin_0.04uM,A549,24 h,0.04 uM,https://lincs-dcic.s3.amazonaws.com/LINCS-sigs-2021/cd/cp/L1000_LINCS_DCIC_REP.A004_A549_24H_L24_simvastatin_0.04uM.tsv,lung,lung cancer,0.4959353146853147,0.008129370629370629,65,0.5723718386876282,-0.14474367737525634,76,0.4859265734265734,0.028146853146853144,65,0.4975953677163688,0.004809264567262374,228
simvastatin,PBIOA015_HCC515_24H_P12_simvastatin_0.04uM,HCC515,24 h,0.04 uM,https://lincs-dcic.s3.amazonaws.com/LINCS-sigs-2021/cd/cp/L1000_LINCS_DCIC_PBIOA015_HCC515_24H_P12_simvastatin_0.04uM.tsv,lung,lung cancer,0.5664117132867132,-0.13282342657342658,65,0.49526999316473,0.009460013670539986,76,0.5728146853146853,-0.14562937062937062,65,0.4819642453960151,0.03607150920796981,228
simvastatin,PBIOA015_HCC515_24H_P11_simvastatin_0.125uM,HCC515,24 h,0.125 uM,https://lincs-dcic.s3.amazonaws.com/LINCS-sigs-2021/cd/cp/L1000_LINCS_DCIC_PBIOA015_HCC515_24H_P11_simvastatin_0.125uM.tsv,lung,lung cancer,0.47519667832167833,0.04960664335664336,65,0.5705536568694464,-0.14110731373889268,76,0.466368006993007,0.06726398601398602,65,0.5251316979133867,-0.050263395826773326,228
simvastatin,PBIOA015_HCC515_24H_P10_simvastatin_0.37uM,HCC515,24 h,0.37 uM,https://lincs-dcic.s3.amazonaws.com/LINCS-sigs-2021/cd/cp/L1000_LINCS_DCIC_PBIOA015_HCC515_24H_P10_simvastatin_0.37uM.tsv,lung,lung cancer,0.4956512237762238,0.008697552447552447,65,0.5204374572795626,-0.040874914559125085,76,0.4971590909090909,0.005681818181818182,65,0.5179324819753827,-0.035864963950765286,228
simvastatin,PBIOA015_HCC515_24H_P09_simvastatin_1.11uM,HCC515,24 h,1.11 uM,https://lincs-dcic.s3.amazonaws.com/LINCS-sigs-2021/cd/cp/L1000_LINCS_DCIC_PBIOA015_HCC515_24H_P09_simvastatin_1.11uM.tsv,lung,lung cancer,0.6498251748251749,-0.29965034965034965,65,0.5945181134654819,-0.18903622693096375,76,0.657888986013986,-0.31577797202797203,65,0.45995097587571643,0.08009804824856709,228
simvastatin,REP.B004_HT29_24H_L24_simvastatin_0.01uM,HT29,24 h,0.01 uM,https://lincs-dcic.s3.amazonaws.com/LINCS-sigs-2021/cd/cp/L1000_LINCS_DCIC_REP.B004_HT29_24H_L24_simvastatin_0.01uM.tsv,intestine,colon adenocarcinoma,0.46361451048951047,0.07277097902097902,65,0.4698154477101846,0.06036910457963089,76,0.4701486013986014,0.059702797202797205,65,0.43181374072697853,0.13637251854604288,228
simvastatin,REP.B004_HT29_24H_L23_simvastatin_0.03uM,HT29,24 h,0.03 uM,https://lincs-dcic.s3.amazonaws.com/LINCS-sigs-2021/cd/cp/L1000_LINCS_DCIC_REP.B004_HT29_24H_L23_simvastatin_0.03uM.tsv,intestine,colon adenocarcinoma,0.4649694055944056,0.07006118881118881,65,0.5292412850307587,-0.058482570061517435,76,0.45788898601398603,0.08422202797202798,65,0.533605622080903,-0.06721124416180593,228
simvastatin,REP.A004_HT29_24H_L24_simvastatin_0.04uM,HT29,24 h,0.04 uM,https://lincs-dcic.s3.amazonaws.com/LINCS-sigs-2021/cd/cp/L1000_LINCS_DCIC_REP.A004_HT29_24H_L24_simvastatin_0.04uM.tsv,intestine,colon adenocarcinoma,0.42620192307692306,0.14759615384615385,65,0.36386876281613123,0.27226247436773754,76,0.4251311188811189,0.14973776223776225,65,0.51633934980768,-0.03267869961536009,228
simvastatin,REP.B004_MCF7_24H_L24_simvastatin_0.01uM,MCF7,24 h,0.01 uM,https://lincs-dcic.s3.amazonaws.com/LINCS-sigs-2021/cd/cp/L1000_LINCS_DCIC_REP.B004_MCF7_24H_L24_simvastatin_0.01uM.tsv,breast,breast adenocarcinoma,0.46529720279720277,0.0694055944055944,65,0.5496240601503759,-0.09924812030075189,76,0.46311188811188814,0.07377622377622377,65,0.5719800096590282,-0.1439600193180564,228
simvastatin,REP.B004_MCF7_24H_L23_simvastatin_0.03uM,MCF7,24 h,0.03 uM,https://lincs-dcic.s3.amazonaws.com/LINCS-sigs-2021/cd/cp/L1000_LINCS_DCIC_REP.B004_MCF7_24H_L23_simvastatin_0.03uM.tsv,breast,breast adenocarcinoma,0.4800917832167832,0.039816433566433565,65,0.5634723171565277,-0.12694463431305536,76,0.49031905594405595,0.01936188811188811,65,0.5679685767715559,-0.13593715354311178,228
simvastatin,PBIOA015_MCF7_24H_P12_simvastatin_0.04uM,MCF7,24 h,0.04 uM,https://lincs-dcic.s3.amazonaws.com/LINCS-sigs-2021/cd/cp/L1000_LINCS_DCIC_PBIOA015_MCF7_24H_P12_simvastatin_0.04uM.tsv,breast,breast adenocarcinoma,0.3593094405594406,0.28138111888111883,65,0.33598086124401916,0.32803827751196174,76,0.36022727272727273,0.27954545454545454,65,0.5099754271892531,-0.019950854378506334,228
simvastatin,REP.A004_MCF7_24H_L24_simvastatin_0.04uM,MCF7,24 h,0.04 uM,https://lincs-dcic.s3.amazonaws.com/LINCS-sigs-2021/cd/cp/L1000_LINCS_DCIC_REP.A004_MCF7_24H_L24_simvastatin_0.04uM.tsv,breast,breast adenocarcinoma,0.550152972027972,-0.10030594405594405,65,0.511742993848257,-0.023485987696514016,76,0.5586756993006993,-0.11735139860139861,65,0.4973923661277928,0.00521526774441442,228
simvastatin,REP.B004_PC3_24H_L24_simvastatin_0.01uM,PC3,24 h,0.01 uM,https://lincs-dcic.s3.amazonaws.com/LINCS-sigs-2021/cd/cp/L1000_LINCS_DCIC_REP.B004_PC3_24H_L24_simvastatin_0.01uM.tsv,prostate gland,prostate adenocarcinoma,0.4803977272727273,0.03920454545454545,65,0.5896650717703349,-0.17933014354066984,76,0.48229895104895104,0.035402097902097904,65,0.5610452607482,-0.12209052149640015,228
simvastatin,REP.B004_PC3_24H_L23_simvastatin_0.03uM,PC3,24 h,0.03 uM,https://lincs-dcic.s3.amazonaws.com/LINCS-sigs-2021/cd/cp/L1000_LINCS_DCIC_REP.B004_PC3_24H_L23_simvastatin_0.03uM.tsv,prostate gland,prostate adenocarcinoma,0.46311188811188814,0.07377622377622377,65,0.4763636363636364,0.04727272727272727,76,0.46947115384615384,0.061057692307692306,65,0.483878838932161,0.03224232213567796,228
simvastatin,PBIOA015_PC3_24H_P12_simvastatin_0.04uM,PC3,24 h,0.04 uM,https://lincs-dcic.s3.amazonaws.com/LINCS-sigs-2021/cd/cp/L1000_LINCS_DCIC_PBIOA015_PC3_24H_P12_simvastatin_0.04uM.tsv,prostate gland,prostate adenocarcinoma,0.5238854895104895,-0.04777097902097902,65,0.4444976076555024,0.11100478468899522,76,0.5222246503496504,-0.044449300699300705,65,0.5425295921642399,-0.08505918432847985,228
simvastatin,REP.A004_PC3_24H_L24_simvastatin_0.04uM,PC3,24 h,0.04 uM,https://lincs-dcic.s3.amazonaws.com/LINCS-sigs-2021/cd/cp/L1000_LINCS_DCIC_REP.A004_PC3_24H_L24_simvastatin_0.04uM.tsv,prostate gland,prostate adenocarcinoma,0.4180725524475524,0.16385489510489512,65,0.4475187969924812,0.10496240601503758,76,0.4147071678321678,0.17058566433566433,65,0.49518820424086013,0.009623591518279764,228
sulfasalazine,REP.B005_A549_24H_L12_sulfasalazine_0.01uM,A549,24 h,0.01 uM,https://lincs-dcic.s3.amazonaws.com/LINCS-sigs-2021/cd/cp/L1000_LINCS_DCIC_REP.B005_A549_24H_L12_sulfasalazine_0.01uM.tsv,lung,lung cancer,0.5522071678321678,-0.10441433566433567,65,0.5670813397129186,-0.13416267942583732,76,0.5494318181818182,-0.09886363636363636,65,0.48389200112992403,0.03221599774015189,228
sulfasalazine,REP.A005_A549_24H_L12_sulfasalazine_0.04uM,A549,24 h,0.04 uM,https://lincs-dcic.s3.amazonaws.com/LINCS-sigs-2021/cd/cp/L1000_LINCS_DCIC_REP.A005_A549_24H_L12_sulfasalazine_0.04uM.tsv,lung,lung cancer,0.5389204545454546,-0.07784090909090909,65,0.5112645249487354,-0.02252904989747095,76,0.5345935314685315,-0.06918706293706293,65,0.508929032467092,-0.01785806493418395,228
sulfasalazine,REP.B005_A549_24H_L10_sulfasalazine_0.08uM,A549,24 h,0.08 uM,https://lincs-dcic.s3.amazonaws.com/LINCS-sigs-2021/cd/cp/L1000_LINCS_DCIC_REP.B005_A549_24H_L10_sulfasalazine_0.08uM.tsv,lung,lung cancer,0.46190996503496506,0.07618006993006993,65,0.5231442241968558,-0.046288448393711545,76,0.4602272727272727,0.07954545454545454,65,0.5216052413896446,-0.04321048277928918,228
sulfasalazine,REP.B005_HT29_24H_L12_sulfasalazine_0.01uM,HT29,24 h,0.01 uM,https://lincs-dcic.s3.amazonaws.com/LINCS-sigs-2021/cd/cp/L1000_LINCS_DCIC_REP.B005_HT29_24H_L12_sulfasalazine_0.01uM.tsv,intestine,colon adenocarcinoma,0.5344405594405595,-0.06888111888111888,65,0.5044292549555708,-0.008858509911141491,76,0.5362543706293706,-0.07250874125874127,65,0.4127090416981034,0.17458191660379324,228
sulfasalazine,REP.B005_HT29_24H_L11_sulfasalazine_0.03uM,HT29,24 h,0.03 uM,https://lincs-dcic.s3.amazonaws.com/LINCS-sigs-2021/cd/cp/L1000_LINCS_DCIC_REP.B005_HT29_24H_L11_sulfasalazine_0.03uM.tsv,intestine,colon adenocarcinoma,0.5200174825174825,-0.04003496503496504,65,0.5254545454545455,-0.05090909090909091,76,0.5102928321678322,-0.020585664335664333,65,0.45397280689942154,0.09205438620115686,228
sulfasalazine,REP.A005_HT29_24H_L12_sulfasalazine_0.04uM,HT29,24 h,0.04 uM,https://lincs-dcic.s3.amazonaws.com/LINCS-sigs-2021/cd/cp/L1000_LINCS_DCIC_REP.A005_HT29_24H_L12_sulfasalazine_0.04uM.tsv,intestine,colon adenocarcinoma,0.3756118881118881,0.24877622377622377,65,0.47908407382091595,0.04183185235816815,76,0.3838942307692308,0.23221153846153844,65,0.507772784017447,-0.015545568034894,228
sulfasalazine,REP.B005_HT29_24H_L10_sulfasalazine_0.08uM,HT29,24 h,0.08 uM,https://lincs-dcic.s3.amazonaws.com/LINCS-sigs-2021/cd/cp/L1000_LINCS_DCIC_REP.B005_HT29_24H_L10_sulfasalazine_0.08uM.tsv,intestine,colon adenocarcinoma,0.6040865384615385,-0.20817307692307693,65,0.5996445659603554,-0.19928913192071085,76,0.59805506993007,-0.19611013986013986,65,0.523893945085286,-0.04778789017057196,228
sulfasalazine,REP.B005_MCF7_24H_L12_sulfasalazine_0.01uM,MCF7,24 h,0.01 uM,https://lincs-dcic.s3.amazonaws.com/LINCS-sigs-2021/cd/cp/L1000_LINCS_DCIC_REP.B005_MCF7_24H_L12_sulfasalazine_0.01uM.tsv,breast,breast adenocarcinoma,0.47021416083916084,0.059571678321678326,65,0.5885714285714285,-0.17714285714285713,76,0.4706075174825175,0.05878496503496503,65,0.4715969897041239,0.05680602059175217,228
sulfasalazine,REP.B005_MCF7_24H_L11_sulfasalazine_0.03uM,MCF7,24 h,0.03 uM,https://lincs-dcic.s3.amazonaws.com/LINCS-sigs-2021/cd/cp/L1000_LINCS_DCIC_REP.B005_MCF7_24H_L11_sulfasalazine_0.03uM.tsv,breast,breast adenocarcinoma,0.4993881118881119,0.0012237762237762237,65,0.44251537935748464,0.11496924128503076,76,0.5081949300699301,-0.01638986013986014,65,0.44882486885894884,0.10235026228210235,228
sulfasalazine,REP.B005_MCF7_24H_L10_sulfasalazine_0.08uM,MCF7,24 h,0.08 uM,https://lincs-dcic.s3.amazonaws.com/LINCS-sigs-2021/cd/cp/L1000_LINCS_DCIC_REP.B005_MCF7_24H_L10_sulfasalazine_0.08uM.tsv,breast,breast adenocarcinoma,0.49667832167832165,0.006643356643356644,65,0.45425837320574164,0.09148325358851675,76,0.48883304195804195,0.02233391608391608,65,0.5485831906584845,-0.09716638131696902,228
sulfasalazine,REP.B005_PC3_24H_L12_sulfasalazine_0.01uM,PC3,24 h,0.01 uM,https://lincs-dcic.s3.amazonaws.com/LINCS-sigs-2021/cd/cp/L1000_LINCS_DCIC_REP.B005_PC3_24H_L12_sulfasalazine_0.01uM.tsv,prostate gland,prostate adenocarcinoma,0.5683347902097902,-0.1366695804195804,65,0.5842788790157212,-0.16855775803144224,76,0.5762674825174825,-0.15253496503496505,65,0.5286424610474882,-0.0572849220949764,228
sulfasalazine,REP.B005_PC3_24H_L11_sulfasalazine_0.03uM,PC3,24 h,0.03 uM,https://lincs-dcic.s3.amazonaws.com/LINCS-sigs-2021/cd/cp/L1000_LINCS_DCIC_REP.B005_PC3_24H_L11_sulfasalazine_0.03uM.tsv,prostate gland,prostate adenocarcinoma,0.4826048951048951,0.03479020979020979,65,0.4405058099794942,0.11898838004101163,76,0.4791520979020979,0.041695804195804195,65,0.5247383506956221,-0.049476701391244306,228
sulfasalazine,REP.A005_PC3_24H_L12_sulfasalazine_0.04uM,PC3,24 h,0.04 uM,https://lincs-dcic.s3.amazonaws.com/LINCS-sigs-2021/cd/cp/L1000_LINCS_DCIC_REP.A005_PC3_24H_L12_sulfasalazine_0.04uM.tsv,prostate gland,prostate adenocarcinoma,0.5459571678321679,-0.09191433566433567,65,0.47561175666438826,0.04877648667122352,76,0.5360576923076923,-0.07211538461538461,65,0.4620614836631814,0.07587703267363724,228
sulfasalazine,REP.B005_PC3_24H_L10_sulfasalazine_0.08uM,PC3,24 h,0.08 uM,https://lincs-dcic.s3.amazonaws.com/LINCS-sigs-2021/cd/cp/L1000_LINCS_DCIC_REP.B005_PC3_24H_L10_sulfasalazine_0.08uM.tsv,prostate gland,prostate adenocarcinoma,0.6241477272727273,-0.24829545454545454,65,0.5928366370471634,-0.18567327409432674,76,0.6140297202797202,-0.22805944055944058,65,0.5138344823256996,-0.027668964651399192,228
tacrolimus,REP.B028_A549_24H_N12_tacrolimus_0.01uM,A549,24 h,0.01 uM,https://lincs-dcic.s3.amazonaws.com/LINCS-sigs-2021/cd/cp/L1000_LINCS_DCIC_REP.B028_A549_24H_N12_tacrolimus_0.01uM.tsv,lung,lung cancer,0.429611013986014,0.14077797202797201,65,0.5702118933697882,-0.14042378673957623,76,0.4229458041958042,0.1541083916083916,65,0.4362286455997254,0.12754270880054916,228
tacrolimus,REP.B028_A549_24H_N11_tacrolimus_0.03uM,A549,24 h,0.03 uM,https://lincs-dcic.s3.amazonaws.com/LINCS-sigs-2021/cd/cp/L1000_LINCS_DCIC_REP.B028_A549_24H_N11_tacrolimus_0.03uM.tsv,lung,lung cancer,0.4712194055944056,0.05756118881118881,65,0.5178537252221462,-0.03570745044429255,76,0.4650786713286713,0.06984265734265735,65,0.4913701544128293,0.01725969117434141,228
tacrolimus,PBIOA015_A549_24H_M12_tacrolimus_0.04uM,A549,24 h,0.04 uM,https://lincs-dcic.s3.amazonaws.com/LINCS-sigs-2021/cd/cp/L1000_LINCS_DCIC_PBIOA015_A549_24H_M12_tacrolimus_0.04uM.tsv,lung,lung cancer,0.41667395104895105,0.1666520979020979,65,0.41686944634313056,0.1662611073137389,76,0.427229020979021,0.14554195804195805,65,0.502711412739185,-0.005422825478369954,228
tacrolimus,REP.A028_A549_24H_N12_tacrolimus_0.04uM,A549,24 h,0.04 uM,https://lincs-dcic.s3.amazonaws.com/LINCS-sigs-2021/cd/cp/L1000_LINCS_DCIC_REP.A028_A549_24H_N12_tacrolimus_0.04uM.tsv,lung,lung cancer,0.4658216783216783,0.06835664335664335,65,0.5444976076555024,-0.0889952153110048,76,0.4676791958041958,0.0646416083916084,65,0.5474740223777611,-0.0949480447555223,228
tacrolimus,PBIOA015_HCC515_24H_M12_tacrolimus_0.04uM,HCC515,24 h,0.04 uM,https://lincs-dcic.s3.amazonaws.com/LINCS-sigs-2021/cd/cp/L1000_LINCS_DCIC_PBIOA015_HCC515_24H_M12_tacrolimus_0.04uM.tsv,lung,lung cancer,0.47270541958041956,0.054589160839160836,65,0.5059603554340396,-0.01192071086807929,76,0.4767701048951049,0.04645979020979021,65,0.5386209256669944,-0.07724185133398875,228
tacrolimus,PBIOA015_HCC515_24H_M11_tacrolimus_0.125uM,HCC515,24 h,0.125 uM,https://lincs-dcic.s3.amazonaws.com/LINCS-sigs-2021/cd/cp/L1000_LINCS_DCIC_PBIOA015_HCC515_24H_M11_tacrolimus_0.125uM.tsv,lung,lung cancer,0.630048076923077,-0.2600961538461538,65,0.5982091592617909,-0.19641831852358171,76,0.6267263986013986,-0.2534527972027972,65,0.5085969400927631,-0.017193880185526242,228
tacrolimus,PBIOA015_HCC515_24H_M10_tacrolimus_0.37uM,HCC515,24 h,0.37 uM,https://lincs-dcic.s3.amazonaws.com/LINCS-sigs-2021/cd/cp/L1000_LINCS_DCIC_PBIOA015_HCC515_24H_M10_tacrolimus_0.37uM.tsv,lung,lung cancer,0.4039554195804196,0.19208916083916083,65,0.5013533834586467,-0.002706766917293233,76,0.4095498251748252,0.18090034965034965,65,0.4887306275229655,0.022538744954068993,228
tacrolimus,PBIOA015_HCC515_24H_M09_tacrolimus_1.11uM,HCC515,24 h,1.11 uM,https://lincs-dcic.s3.amazonaws.com/LINCS-sigs-2021/cd/cp/L1000_LINCS_DCIC_PBIOA015_HCC515_24H_M09_tacrolimus_1.11uM.tsv,lung,lung cancer,0.5643793706293706,-0.12875874125874126,65,0.5813260423786739,-0.16265208475734794,76,0.5584571678321678,-0.11691433566433565,65,0.5242068004013458,-0.04841360080269157,228
tacrolimus,REP.B028_HT29_24H_N12_tacrolimus_0.01uM,HT29,24 h,0.01 uM,https://lincs-dcic.s3.amazonaws.com/LINCS-sigs-2021/cd/cp/L1000_LINCS_DCIC_REP.B028_HT29_24H_N12_tacrolimus_0.01uM.tsv,intestine,colon adenocarcinoma,0.462347027972028,0.07530594405594405,65,0.4770745044429255,0.04585099111414901,76,0.4696896853146853,0.06062062937062936,65,0.49926443564039663,0.0014711287192067854,228
tacrolimus,REP.B028_HT29_24H_N11_tacrolimus_0.03uM,HT29,24 h,0.03 uM,https://lincs-dcic.s3.amazonaws.com/LINCS-sigs-2021/cd/cp/L1000_LINCS_DCIC_REP.B028_HT29_24H_N11_tacrolimus_0.03uM.tsv,intestine,colon adenocarcinoma,0.5461101398601399,-0.09222027972027973,65,0.4796582365003418,0.040683526999316474,76,0.5437281468531469,-0.08745629370629371,65,0.5067694195572034,-0.013538839114406835,228
tacrolimus,PBIOA015_HT29_24H_M12_tacrolimus_0.04uM,HT29,24 h,0.04 uM,https://lincs-dcic.s3.amazonaws.com/LINCS-sigs-2021/cd/cp/L1000_LINCS_DCIC_PBIOA015_HT29_24H_M12_tacrolimus_0.04uM.tsv,intestine,colon adenocarcinoma,0.43603583916083916,0.1279283216783217,65,0.4533151059466849,0.09336978810663021,76,0.4383304195804196,0.12333916083916084,65,0.4566335958010564,0.08673280839788718,228
tacrolimus,REP.A028_HT29_24H_N12_tacrolimus_0.04uM,HT29,24 h,0.04 uM,https://lincs-dcic.s3.amazonaws.com/LINCS-sigs-2021/cd/cp/L1000_LINCS_DCIC_REP.A028_HT29_24H_N12_tacrolimus_0.04uM.tsv,intestine,colon adenocarcinoma,0.5814466783216783,-0.16289335664335663,65,0.5792481203007519,-0.15849624060150375,76,0.5752185314685314,-0.15043706293706294,65,0.4604713889257318,0.07905722214853642,228
tacrolimus,REP.B028_MCF7_24H_N12_tacrolimus_0.01uM,MCF7,24 h,0.01 uM,https://lincs-dcic.s3.amazonaws.com/LINCS-sigs-2021/cd/cp/L1000_LINCS_DCIC_REP.B028_MCF7_24H_N12_tacrolimus_0.01uM.tsv,breast,breast adenocarcinoma,0.6138111888111888,-0.22762237762237764,65,0.5890772385509228,-0.17815447710184554,76,0.6231206293706294,-0.24624125874125874,65,0.4727598192526504,0.054480361494699175,228
tacrolimus,REP.B028_MCF7_24H_N11_tacrolimus_0.03uM,MCF7,24 h,0.03 uM,https://lincs-dcic.s3.amazonaws.com/LINCS-sigs-2021/cd/cp/L1000_LINCS_DCIC_REP.B028_MCF7_24H_N11_tacrolimus_0.03uM.tsv,breast,breast adenocarcinoma,0.6203452797202798,-0.24069055944055945,65,0.5657826384142174,-0.13156527682843472,76,0.611451048951049,-0.2229020979020979,65,0.49368265131211925,0.01263469737576151,228
tacrolimus,PBIOA015_MCF7_24H_M12_tacrolimus_0.04uM,MCF7,24 h,0.04 uM,https://lincs-dcic.s3.amazonaws.com/LINCS-sigs-2021/cd/cp/L1000_LINCS_DCIC_PBIOA015_MCF7_24H_M12_tacrolimus_0.04uM.tsv,breast,breast adenocarcinoma,0.5571022727272728,-0.11420454545454545,65,0.5818045112781955,-0.16360902255639098,76,0.5611888111888111,-0.12237762237762237,65,0.5514889989338619,-0.10297799786772398,228
tacrolimus,REP.A028_MCF7_24H_N12_tacrolimus_0.04uM,MCF7,24 h,0.04 uM,https://lincs-dcic.s3.amazonaws.com/LINCS-sigs-2021/cd/cp/L1000_LINCS_DCIC_REP.A028_MCF7_24H_N12_tacrolimus_0.04uM.tsv,breast,breast adenocarcinoma,0.5120847902097903,-0.02416958041958042,65,0.4760218728639781,0.04795625427204374,76,0.4986888111888112,0.0026223776223776225,65,0.44635695677837994,0.10728608644324006,228
tacrolimus,REP.B028_PC3_24H_N12_tacrolimus_0.01uM,PC3,24 h,0.01 uM,https://lincs-dcic.s3.amazonaws.com/LINCS-sigs-2021/cd/cp/L1000_LINCS_DCIC_REP.B028_PC3_24H_N12_tacrolimus_0.01uM.tsv,prostate gland,prostate adenocarcinoma,0.5125874125874126,-0.025174825174825173,65,0.5247573479152426,-0.0495146958304853,76,0.5186844405594405,-0.03736888111888112,65,0.493003785650572,0.013992428698856004,228
tacrolimus,REP.B028_PC3_24H_N11_tacrolimus_0.03uM,PC3,24 h,0.03 uM,https://lincs-dcic.s3.amazonaws.com/LINCS-sigs-2021/cd/cp/L1000_LINCS_DCIC_REP.B028_PC3_24H_N11_tacrolimus_0.03uM.tsv,prostate gland,prostate adenocarcinoma,0.47041083916083914,0.05917832167832168,65,0.575516062884484,-0.15103212576896785,76,0.4658216783216783,0.06835664335664335,65,0.5415054719306008,-0.08301094386120159,228
tacrolimus,PBIOA015_PC3_24H_M12_tacrolimus_0.04uM,PC3,24 h,0.04 uM,https://lincs-dcic.s3.amazonaws.com/LINCS-sigs-2021/cd/cp/L1000_LINCS_DCIC_PBIOA015_PC3_24H_M12_tacrolimus_0.04uM.tsv,prostate gland,prostate adenocarcinoma,0.4272945804195804,0.14541083916083916,65,0.39722488038277515,0.20555023923444976,76,0.43760926573426573,0.12478146853146853,65,0.47328833211667376,0.053423335766652466,228
tacrolimus,REP.A028_PC3_24H_N12_tacrolimus_0.04uM,PC3,24 h,0.04 uM,https://lincs-dcic.s3.amazonaws.com/LINCS-sigs-2021/cd/cp/L1000_LINCS_DCIC_REP.A028_PC3_24H_N12_tacrolimus_0.04uM.tsv,prostate gland,prostate adenocarcinoma,0.5097027972027972,-0.019405594405594407,65,0.45933014354066987,0.0813397129186603,76,0.5076048951048951,-0.01520979020979021,65,0.526228716473098,-0.052457432946195974,228
teriflunomide,ERAM001_A549_24H_D06_teriflunomide_1.25uM,A549,24 h,1.25 uM,https://lincs-dcic.s3.amazonaws.com/LINCS-sigs-2021/cd/cp/L1000_LINCS_DCIC_ERAM001_A549_24H_D06_teriflunomide_1.25uM.tsv,lung,lung cancer,0.378868006993007,0.24226398601398602,65,0.3593984962406015,0.281203007518797,76,0.38623251748251747,0.22753496503496506,65,0.5224628091977438,-0.044925618395487595,228
teriflunomide,ERAM001_A549_24H_D01_teriflunomide_10uM,A549,24 h,10 uM,https://lincs-dcic.s3.amazonaws.com/LINCS-sigs-2021/cd/cp/L1000_LINCS_DCIC_ERAM001_A549_24H_D01_teriflunomide_10uM.tsv,lung,lung cancer,0.5274038461538462,-0.05480769230769231,65,0.461161995898838,0.077676008202324,76,0.5229458041958042,-0.04589160839160839,65,0.45405380503950177,0.09189238992099645,228
teriflunomide,ERAM001_A549_24H_D05_teriflunomide_2.22uM,A549,24 h,2.22 uM,https://lincs-dcic.s3.amazonaws.com/LINCS-sigs-2021/cd/cp/L1000_LINCS_DCIC_ERAM001_A549_24H_D05_teriflunomide_2.22uM.tsv,lung,lung cancer,0.5629589160839161,-0.12591783216783217,65,0.5537799043062201,-0.1075598086124402,76,0.5679851398601399,-0.13597027972027972,65,0.5082395357996592,-0.016479071599318402,228
teriflunomide,ERAM001_A549_24H_D04_teriflunomide_3.33uM,A549,24 h,3.33 uM,https://lincs-dcic.s3.amazonaws.com/LINCS-sigs-2021/cd/cp/L1000_LINCS_DCIC_ERAM001_A549_24H_D04_teriflunomide_3.33uM.tsv,lung,lung cancer,0.43948863636363633,0.12102272727272728,65,0.43375256322624745,0.13249487354750514,76,0.4362980769230769,0.12740384615384615,65,0.5086566762210722,-0.017313352442144547,228
teriflunomide,REP.B007_HT29_24H_B12_teriflunomide_0.01uM,HT29,24 h,0.01 uM,https://lincs-dcic.s3.amazonaws.com/LINCS-sigs-2021/cd/cp/L1000_LINCS_DCIC_REP.B007_HT29_24H_B12_teriflunomide_0.01uM.tsv,intestine,colon adenocarcinoma,0.5511363636363636,-0.10227272727272727,65,0.4560765550239234,0.08784688995215312,76,0.5467438811188812,-0.09348776223776224,65,0.5177461862531981,-0.03549237250639633,228
teriflunomide,REP.B007_HT29_24H_B11_teriflunomide_0.03uM,HT29,24 h,0.03 uM,https://lincs-dcic.s3.amazonaws.com/LINCS-sigs-2021/cd/cp/L1000_LINCS_DCIC_REP.B007_HT29_24H_B11_teriflunomide_0.03uM.tsv,intestine,colon adenocarcinoma,0.5312937062937063,-0.06258741258741259,65,0.5947505126452495,-0.189501025290499,76,0.534375,-0.06874999999999999,65,0.472015142602288,0.055969714795424015,228
teriflunomide,REP.A007_HT29_24H_B12_teriflunomide_0.04uM,HT29,24 h,0.04 uM,https://lincs-dcic.s3.amazonaws.com/LINCS-sigs-2021/cd/cp/L1000_LINCS_DCIC_REP.A007_HT29_24H_B12_teriflunomide_0.04uM.tsv,intestine,colon adenocarcinoma,0.5381774475524476,-0.0763548951048951,65,0.61053998632946,-0.22107997265892002,76,0.5486232517482518,-0.09724650349650349,65,0.4907166006700571,0.018566798659885773,228
teriflunomide,REP.B007_HT29_24H_B10_teriflunomide_0.08uM,HT29,24 h,0.08 uM,https://lincs-dcic.s3.amazonaws.com/LINCS-sigs-2021/cd/cp/L1000_LINCS_DCIC_REP.B007_HT29_24H_B10_teriflunomide_0.08uM.tsv,intestine,colon adenocarcinoma,0.41455419580419584,0.17089160839160839,65,0.4623376623376623,0.07532467532467532,76,0.4214597902097902,0.15708041958041957,65,0.49822867192412096,0.0035426561517581156,228
teriflunomide,REP.B007_MCF7_24H_B12_teriflunomide_0.01uM,MCF7,24 h,0.01 uM,https://lincs-dcic.s3.amazonaws.com/LINCS-sigs-2021/cd/cp/L1000_LINCS_DCIC_REP.B007_MCF7_24H_B12_teriflunomide_0.01uM.tsv,breast,breast adenocarcinoma,0.4767263986013986,0.0465472027972028,65,0.4299794941900205,0.14004101161995897,76,0.4782561188811189,0.04348776223776223,65,0.4854552652334721,0.029089469533055853,228
teriflunomide,REP.B007_MCF7_24H_B11_teriflunomide_0.03uM,MCF7,24 h,0.03 uM,https://lincs-dcic.s3.amazonaws.com/LINCS-sigs-2021/cd/cp/L1000_LINCS_DCIC_REP.B007_MCF7_24H_B11_teriflunomide_0.03uM.tsv,breast,breast adenocarcinoma,0.5104020979020979,-0.020804195804195805,65,0.46518113465481886,0.06963773069036226,76,0.5175917832167832,-0.03518356643356643,65,0.508540241394707,-0.01708048278941395,228
teriflunomide,REP.A007_MCF7_24H_B12_teriflunomide_0.04uM,MCF7,24 h,0.04 uM,https://lincs-dcic.s3.amazonaws.com/LINCS-sigs-2021/cd/cp/L1000_LINCS_DCIC_REP.A007_MCF7_24H_B12_teriflunomide_0.04uM.tsv,breast,breast adenocarcinoma,0.5653409090909091,-0.13068181818181818,65,0.49501025290498973,0.009979494190020506,76,0.5709353146853147,-0.1418706293706294,65,0.5117897855270498,-0.02357957105409967,228
teriflunomide,REP.B007_MCF7_24H_B10_teriflunomide_0.08uM,MCF7,24 h,0.08 uM,https://lincs-dcic.s3.amazonaws.com/LINCS-sigs-2021/cd/cp/L1000_LINCS_DCIC_REP.B007_MCF7_24H_B10_teriflunomide_0.08uM.tsv,breast,breast adenocarcinoma,0.3456293706293706,0.30874125874125874,65,0.4288038277511962,0.14239234449760763,76,0.361604020979021,0.27679195804195805,65,0.5766429713357707,-0.15328594267154141,228
teriflunomide,REP.B007_PC3_24H_B12_teriflunomide_0.01uM,PC3,24 h,0.01 uM,https://lincs-dcic.s3.amazonaws.com/LINCS-sigs-2021/cd/cp/L1000_LINCS_DCIC_REP.B007_PC3_24H_B12_teriflunomide_0.01uM.tsv,prostate gland,prostate adenocarcinoma,0.4818837412587413,0.03623251748251748,65,0.48667122351332875,0.026657552973342442,76,0.48839597902097903,0.023208041958041957,65,0.5671322709752278,-0.13426454195045548,228
teriflunomide,REP.A007_PC3_24H_B12_teriflunomide_0.04uM,PC3,24 h,0.04 uM,https://lincs-dcic.s3.amazonaws.com/LINCS-sigs-2021/cd/cp/L1000_LINCS_DCIC_REP.A007_PC3_24H_B12_teriflunomide_0.04uM.tsv,prostate gland,prostate adenocarcinoma,0.5220716783216783,-0.04414335664335664,65,0.49023923444976075,0.01952153110047847,76,0.5277972027972028,-0.055594405594405594,65,0.5744894332863881,-0.14897886657277631,228
teriflunomide,REP.B007_PC3_24H_B10_teriflunomide_0.08uM,PC3,24 h,0.08 uM,https://lincs-dcic.s3.amazonaws.com/LINCS-sigs-2021/cd/cp/L1000_LINCS_DCIC_REP.B007_PC3_24H_B10_teriflunomide_0.08uM.tsv,prostate gland,prostate adenocarcinoma,0.494340034965035,0.011319930069930071,65,0.429336978810663,0.14132604237867394,76,0.48092220279720277,0.038155594405594406,65,0.45027017942100506,0.09945964115798991,228
topiramate,REP.B001_A549_24H_M12_topiramate_0.01uM,A549,24 h,0.01 uM,https://lincs-dcic.s3.amazonaws.com/LINCS-sigs-2021/cd/cp/L1000_LINCS_DCIC_REP.B001_A549_24H_M12_topiramate_0.01uM.tsv,lung,lung cancer,0.472618006993007,0.054763986013986014,65,0.482323991797676,0.03535201640464799,76,0.48374125874125873,0.032517482517482516,65,0.4942840625022148,0.011431874995570414,228
topiramate,REP.B001_A549_24H_M11_topiramate_0.03uM,A549,24 h,0.03 uM,https://lincs-dcic.s3.amazonaws.com/LINCS-sigs-2021/cd/cp/L1000_LINCS_DCIC_REP.B001_A549_24H_M11_topiramate_0.03uM.tsv,lung,lung cancer,0.47978583916083917,0.04042832167832168,65,0.4593711551606288,0.08125768967874232,76,0.47246503496503495,0.05506993006993007,65,0.5092768182310614,-0.01855363646212274,228
topiramate,REP.A001_A549_24H_M12_topiramate_0.04uM,A549,24 h,0.04 uM,https://lincs-dcic.s3.amazonaws.com/LINCS-sigs-2021/cd/cp/L1000_LINCS_DCIC_REP.A001_A549_24H_M12_topiramate_0.04uM.tsv,lung,lung cancer,0.5298513986013986,-0.059702797202797205,65,0.4302529049897471,0.1394941900205058,76,0.5315777972027972,-0.0631555944055944,65,0.4845728917449733,0.03085421651005339,228
topiramate,REP.B001_A549_24H_M10_topiramate_0.08uM,A549,24 h,0.08 uM,https://lincs-dcic.s3.amazonaws.com/LINCS-sigs-2021/cd/cp/L1000_LINCS_DCIC_REP.B001_A549_24H_M10_topiramate_0.08uM.tsv,lung,lung cancer,0.564576048951049,-0.12915209790209792,65,0.5291866028708134,-0.05837320574162679,76,0.5724868881118881,-0.14497377622377622,65,0.478437788872273,0.04312442225545396,228
topiramate,REP.A001_HT29_24H_M12_topiramate_0.04uM,HT29,24 h,0.04 uM,https://lincs-dcic.s3.amazonaws.com/LINCS-sigs-2021/cd/cp/L1000_LINCS_DCIC_REP.A001_HT29_24H_M12_topiramate_0.04uM.tsv,intestine,colon adenocarcinoma,0.4208041958041958,0.1583916083916084,65,0.4590293916609706,0.08194121667805877,76,0.4095061188811189,0.18098776223776225,65,0.5276426402558732,-0.055285280511746256,228
topiramate,REP.A001_HT29_24H_M11_topiramate_0.125uM,HT29,24 h,0.125 uM,https://lincs-dcic.s3.amazonaws.com/LINCS-sigs-2021/cd/cp/L1000_LINCS_DCIC_REP.A001_HT29_24H_M11_topiramate_0.125uM.tsv,intestine,colon adenocarcinoma,0.6228802447552447,-0.2457604895104895,65,0.6093506493506493,-0.21870129870129867,76,0.6274475524475525,-0.25489510489510486,65,0.5033730662959652,-0.006746132591930358,228
topiramate,REP.A001_HT29_24H_M10_topiramate_0.37uM,HT29,24 h,0.37 uM,https://lincs-dcic.s3.amazonaws.com/LINCS-sigs-2021/cd/cp/L1000_LINCS_DCIC_REP.A001_HT29_24H_M10_topiramate_0.37uM.tsv,intestine,colon adenocarcinoma,0.5230987762237762,-0.04619755244755245,65,0.49719753930280247,0.005604921394395079,76,0.534222027972028,-0.06844405594405595,65,0.4676179560726837,0.06476408785463263,228
topiramate,REP.A001_HT29_24H_M09_topiramate_1.11uM,HT29,24 h,1.11 uM,https://lincs-dcic.s3.amazonaws.com/LINCS-sigs-2021/cd/cp/L1000_LINCS_DCIC_REP.A001_HT29_24H_M09_topiramate_1.11uM.tsv,intestine,colon adenocarcinoma,0.6076923076923078,-0.2153846153846154,65,0.5220642515379358,-0.0441285030758715,76,0.597312062937063,-0.19462412587412586,65,0.4320713988660742,0.1358572022678516,228
topiramate,REP.B001_MCF7_24H_M12_topiramate_0.01uM,MCF7,24 h,0.01 uM,https://lincs-dcic.s3.amazonaws.com/LINCS-sigs-2021/cd/cp/L1000_LINCS_DCIC_REP.B001_MCF7_24H_M12_topiramate_0.01uM.tsv,breast,breast adenocarcinoma,0.48334790209790207,0.03330419580419581,65,0.3990704032809296,0.20185919343814082,76,0.4891171328671329,0.021765734265734266,65,0.45377942383998005,0.09244115232003985,228
topiramate,REP.B001_MCF7_24H_M11_topiramate_0.03uM,MCF7,24 h,0.03 uM,https://lincs-dcic.s3.amazonaws.com/LINCS-sigs-2021/cd/cp/L1000_LINCS_DCIC_REP.B001_MCF7_24H_M11_topiramate_0.03uM.tsv,breast,breast adenocarcinoma,0.44718094405594405,0.10563811188811188,65,0.5488311688311689,-0.09766233766233767,76,0.450743006993007,0.09851398601398602,65,0.5357773847118036,-0.07155476942360711,228
topiramate,REP.A001_MCF7_24H_M12_topiramate_0.04uM,MCF7,24 h,0.04 uM,https://lincs-dcic.s3.amazonaws.com/LINCS-sigs-2021/cd/cp/L1000_LINCS_DCIC_REP.A001_MCF7_24H_M12_topiramate_0.04uM.tsv,breast,breast adenocarcinoma,0.5592657342657342,-0.11853146853146852,65,0.5201503759398496,-0.04030075187969925,76,0.5518793706293706,-0.10375874125874127,65,0.46279147940065424,0.07441704119869147,228
topiramate,REP.B001_MCF7_24H_M10_topiramate_0.08uM,MCF7,24 h,0.08 uM,https://lincs-dcic.s3.amazonaws.com/LINCS-sigs-2021/cd/cp/L1000_LINCS_DCIC_REP.B001_MCF7_24H_M10_topiramate_0.08uM.tsv,breast,breast adenocarcinoma,0.5831512237762237,-0.16630244755244755,65,0.5083116883116883,-0.016623376623376623,76,0.575743006993007,-0.15148601398601397,65,0.4944789642767828,0.01104207144643441,228
topiramate,REP.B001_PC3_24H_M12_topiramate_0.01uM,PC3,24 h,0.01 uM,https://lincs-dcic.s3.amazonaws.com/LINCS-sigs-2021/cd/cp/L1000_LINCS_DCIC_REP.B001_PC3_24H_M12_topiramate_0.01uM.tsv,prostate gland,prostate adenocarcinoma,0.5093312937062937,-0.01866258741258741,65,0.4919343814080656,0.01613123718386876,76,0.5007648601398601,-0.0015297202797202797,65,0.44177296828821566,0.11645406342356865,228
topiramate,REP.B001_PC3_24H_M11_topiramate_0.03uM,PC3,24 h,0.03 uM,https://lincs-dcic.s3.amazonaws.com/LINCS-sigs-2021/cd/cp/L1000_LINCS_DCIC_REP.B001_PC3_24H_M11_topiramate_0.03uM.tsv,prostate gland,prostate adenocarcinoma,0.4715472027972028,0.05690559440559441,65,0.41665071770334927,0.16669856459330143,76,0.4668706293706294,0.06625874125874126,65,0.43399107198000964,0.13201785603998067,228
topiramate,REP.A001_PC3_24H_M12_topiramate_0.04uM,PC3,24 h,0.04 uM,https://lincs-dcic.s3.amazonaws.com/LINCS-sigs-2021/cd/cp/L1000_LINCS_DCIC_REP.A001_PC3_24H_M12_topiramate_0.04uM.tsv,prostate gland,prostate adenocarcinoma,0.5280594405594405,-0.05611888111888112,65,0.48299384825700614,0.034012303485987695,76,0.5190777972027972,-0.038155594405594406,65,0.48614982428465986,0.02770035143068027,228
topiramate,REP.B001_PC3_24H_M10_topiramate_0.08uM,PC3,24 h,0.08 uM,https://lincs-dcic.s3.amazonaws.com/LINCS-sigs-2021/cd/cp/L1000_LINCS_DCIC_REP.B001_PC3_24H_M10_topiramate_0.08uM.tsv,prostate gland,prostate adenocarcinoma,0.516368006993007,-0.03273601398601399,65,0.4196035543403964,0.16079289131920713,76,0.5230769230769231,-0.04615384615384615,65,0.46092194107992795,0.07815611784014409,228
