branch_class,gene_a,gene_b,string_id_a,string_id_b,preferred_name_a,preferred_name_b,score,required_score,network_type,species,accessed_at_utc,source_database
thyroid-branch,MAPK1,ABL1,9606.ENSP00000215832,9606.ENSP00000361423,MAPK1,ABL1,0.724,700,functional,9606,2026-08-30T07:50:54.272243+00:00,STRING
thyroid-branch,MAPK1,CDKN1A,9606.ENSP00000215832,9606.ENSP00000384849,MAPK1,CDKN1A,0.732,700,functional,9606,2026-08-30T07:50:54.272243+00:00,STRING
thyroid-branch,MAPK1,CXCL8,9606.ENSP00000215832,9606.ENSP00000306512,MAPK1,CXCL8,0.735,700,functional,9606,2026-08-30T07:50:54.272243+00:00,STRING
thyroid-branch,MAPK1,PPARG,9606.ENSP00000215832,9606.ENSP00000287820,MAPK1,PPARG,0.736,700,functional,9606,2026-08-30T07:50:54.272243+00:00,STRING
thyroid-branch,MAPK1,MCL1,9606.ENSP00000215832,9606.ENSP00000358022,MAPK1,MCL1,0.74,700,functional,9606,2026-08-30T07:50:54.272243+00:00,STRING
thyroid-branch,MAPK1,TNF,9606.ENSP00000215832,9606.ENSP00000398698,MAPK1,TNF,0.757,700,functional,9606,2026-08-30T07:50:54.272243+00:00,STRING
thyroid-branch,MAPK1,CYCS,9606.ENSP00000215832,9606.ENSP00000307786,MAPK1,CYCS,0.775,700,functional,9606,2026-08-30T07:50:54.272243+00:00,STRING
thyroid-branch,MAPK1,NFKB1,9606.ENSP00000215832,9606.ENSP00000226574,MAPK1,NFKB1,0.79,700,functional,9606,2026-08-30T07:50:54.272243+00:00,STRING
thyroid-branch,MAPK1,HMGB1,9606.ENSP00000215832,9606.ENSP00000345347,MAPK1,HMGB1,0.792,700,functional,9606,2026-08-30T07:50:54.272243+00:00,STRING
thyroid-branch,MAPK1,APP,9606.ENSP00000215832,9606.ENSP00000284981,MAPK1,APP,0.827,700,functional,9606,2026-08-30T07:50:54.272243+00:00,STRING
thyroid-branch,MAPK1,CASP9,9606.ENSP00000215832,9606.ENSP00000330237,MAPK1,CASP9,0.841,700,functional,9606,2026-08-30T07:50:54.272243+00:00,STRING
thyroid-branch,MAPK1,CDKN1B,9606.ENSP00000215832,9606.ENSP00000228872,MAPK1,CDKN1B,0.858,700,functional,9606,2026-08-30T07:50:54.272243+00:00,STRING
thyroid-branch,MAPK1,THRB,9606.ENSP00000215832,9606.ENSP00000379904,MAPK1,THRB,0.912,700,functional,9606,2026-08-30T07:50:54.272243+00:00,STRING
thyroid-branch,MAPK1,SPHK1,9606.ENSP00000215832,9606.ENSP00000313681,MAPK1,SPHK1,0.922,700,functional,9606,2026-08-30T07:50:54.272243+00:00,STRING
thyroid-branch,MAPK1,MITF,9606.ENSP00000215832,9606.ENSP00000391803,MAPK1,MITF,0.932,700,functional,9606,2026-08-30T07:50:54.272243+00:00,STRING
thyroid-branch,MAPK1,ESR2,9606.ENSP00000215832,9606.ENSP00000343925,MAPK1,ESR2,0.948,700,functional,9606,2026-08-30T07:50:54.272243+00:00,STRING
thyroid-branch,MAPK1,MAPT,9606.ENSP00000215832,9606.ENSP00000340820,MAPK1,MAPT,0.952,700,functional,9606,2026-08-30T07:50:54.272243+00:00,STRING
thyroid-branch,MAPK1,BCL2L11,9606.ENSP00000215832,9606.ENSP00000376943,MAPK1,BCL2L11,0.953,700,functional,9606,2026-08-30T07:50:54.272243+00:00,STRING
thyroid-branch,MAPK1,CASP3,9606.ENSP00000215832,9606.ENSP00000311032,MAPK1,CASP3,0.961,700,functional,9606,2026-08-30T07:50:54.272243+00:00,STRING
thyroid-branch,MAPK1,CREB1,9606.ENSP00000215832,9606.ENSP00000387699,MAPK1,CREB1,0.962,700,functional,9606,2026-08-30T07:50:54.272243+00:00,STRING
thyroid-branch,MAPK1,SMAD2,9606.ENSP00000215832,9606.ENSP00000262160,MAPK1,SMAD2,0.967,700,functional,9606,2026-08-30T07:50:54.272243+00:00,STRING
thyroid-branch,MAPK1,BCL2,9606.ENSP00000215832,9606.ENSP00000381185,MAPK1,BCL2,0.969,700,functional,9606,2026-08-30T07:50:54.272243+00:00,STRING
thyroid-branch,MAPK1,RAF1,9606.ENSP00000215832,9606.ENSP00000401888,MAPK1,RAF1,0.975,700,functional,9606,2026-08-30T07:50:54.272243+00:00,STRING
thyroid-branch,MAPK1,MYC,9606.ENSP00000215832,9606.ENSP00000478887,MAPK1,MYC,0.983,700,functional,9606,2026-08-30T07:50:54.272243+00:00,STRING
thyroid-branch,MAPK1,HIF1A,9606.ENSP00000215832,9606.ENSP00000437955,MAPK1,HIF1A,0.985,700,functional,9606,2026-08-30T07:50:54.272243+00:00,STRING
thyroid-branch,MAPK1,ESR1,9606.ENSP00000215832,9606.ENSP00000405330,MAPK1,ESR1,0.987,700,functional,9606,2026-08-30T07:50:54.272243+00:00,STRING
thyroid-branch,MAPK1,AKT1,9606.ENSP00000215832,9606.ENSP00000451828,MAPK1,AKT1,0.988,700,functional,9606,2026-08-30T07:50:54.272243+00:00,STRING
thyroid-branch,MAPK1,FOS,9606.ENSP00000215832,9606.ENSP00000306245,MAPK1,FOS,0.992,700,functional,9606,2026-08-30T07:50:54.272243+00:00,STRING
thyroid-branch,MAPK1,TP53,9606.ENSP00000215832,9606.ENSP00000269305,MAPK1,TP53,0.998,700,functional,9606,2026-08-30T07:50:54.272243+00:00,STRING
thyroid-branch,MAPK1,JUN,9606.ENSP00000215832,9606.ENSP00000360266,MAPK1,JUN,0.998,700,functional,9606,2026-08-30T07:50:54.272243+00:00,STRING
thyroid-branch,LGALS1,S100A4,9606.ENSP00000215909,9606.ENSP00000357704,LGALS1,S100A4,0.737,700,functional,9606,2026-08-30T07:50:54.272243+00:00,STRING
thyroid-branch,HMOX1,HIF1A,9606.ENSP00000216117,9606.ENSP00000437955,HMOX1,HIF1A,0.701,700,functional,9606,2026-08-30T07:50:54.272243+00:00,STRING
thyroid-branch,HMOX1,GPX4,9606.ENSP00000216117,9606.ENSP00000346103,HMOX1,GPX4,0.716,700,functional,9606,2026-08-30T07:50:54.272243+00:00,STRING
thyroid-branch,HMOX1,BAX,9606.ENSP00000216117,9606.ENSP00000293288,HMOX1,BAX,0.729,700,functional,9606,2026-08-30T07:50:54.272243+00:00,STRING
thyroid-branch,HMOX1,EDN1,9606.ENSP00000216117,9606.ENSP00000368683,HMOX1,EDN1,0.735,700,functional,9606,2026-08-30T07:50:54.272243+00:00,STRING
thyroid-branch,HMOX1,GSR,9606.ENSP00000216117,9606.ENSP00000221130,HMOX1,GSR,0.761,700,functional,9606,2026-08-30T07:50:54.272243+00:00,STRING
thyroid-branch,HMOX1,NOS3,9606.ENSP00000216117,9606.ENSP00000297494,HMOX1,NOS3,0.77,700,functional,9606,2026-08-30T07:50:54.272243+00:00,STRING
thyroid-branch,HMOX1,PPARG,9606.ENSP00000216117,9606.ENSP00000287820,HMOX1,PPARG,0.784,700,functional,9606,2026-08-30T07:50:54.272243+00:00,STRING
thyroid-branch,HMOX1,TNF,9606.ENSP00000216117,9606.ENSP00000398698,HMOX1,TNF,0.792,700,functional,9606,2026-08-30T07:50:54.272243+00:00,STRING
thyroid-branch,HMOX1,AKT1,9606.ENSP00000216117,9606.ENSP00000451828,HMOX1,AKT1,0.796,700,functional,9606,2026-08-30T07:50:54.272243+00:00,STRING
thyroid-branch,HMOX1,JUN,9606.ENSP00000216117,9606.ENSP00000360266,HMOX1,JUN,0.798,700,functional,9606,2026-08-30T07:50:54.272243+00:00,STRING
thyroid-branch,HMOX1,CASP3,9606.ENSP00000216117,9606.ENSP00000311032,HMOX1,CASP3,0.806,700,functional,9606,2026-08-30T07:50:54.272243+00:00,STRING
thyroid-branch,HMOX1,IL1B,9606.ENSP00000216117,9606.ENSP00000263341,HMOX1,IL1B,0.817,700,functional,9606,2026-08-30T07:50:54.272243+00:00,STRING
thyroid-branch,HMOX1,CYCS,9606.ENSP00000216117,9606.ENSP00000307786,HMOX1,CYCS,0.827,700,functional,9606,2026-08-30T07:50:54.272243+00:00,STRING
thyroid-branch,HMOX1,GPX3,9606.ENSP00000216117,9606.ENSP00000373477,HMOX1,GPX3,0.844,700,functional,9606,2026-08-30T07:50:54.272243+00:00,STRING
thyroid-branch,HMOX1,BCL2,9606.ENSP00000216117,9606.ENSP00000381185,HMOX1,BCL2,0.856,700,functional,9606,2026-08-30T07:50:54.272243+00:00,STRING
thyroid-branch,HMOX1,IL4,9606.ENSP00000216117,9606.ENSP00000231449,HMOX1,IL4,0.878,700,functional,9606,2026-08-30T07:50:54.272243+00:00,STRING
thyroid-branch,HMOX1,NLRP3,9606.ENSP00000216117,9606.ENSP00000337383,HMOX1,NLRP3,0.892,700,functional,9606,2026-08-30T07:50:54.272243+00:00,STRING
thyroid-branch,HMOX1,NQO1,9606.ENSP00000216117,9606.ENSP00000319788,HMOX1,NQO1,0.916,700,functional,9606,2026-08-30T07:50:54.272243+00:00,STRING
thyroid-branch,HMOX1,KEAP1,9606.ENSP00000216117,9606.ENSP00000377245,HMOX1,KEAP1,0.934,700,functional,9606,2026-08-30T07:50:54.272243+00:00,STRING
thyroid-branch,HMOX1,POR,9606.ENSP00000216117,9606.ENSP00000419970,HMOX1,POR,0.965,700,functional,9606,2026-08-30T07:50:54.272243+00:00,STRING
thyroid-branch,HMOX1,NFE2L2,9606.ENSP00000216117,9606.ENSP00000380252,HMOX1,NFE2L2,0.989,700,functional,9606,2026-08-30T07:50:54.272243+00:00,STRING
thyroid-branch,AURKA,CDKN1B,9606.ENSP00000216911,9606.ENSP00000228872,AURKA,CDKN1B,0.74,700,functional,9606,2026-08-30T07:50:54.272243+00:00,STRING
thyroid-branch,AURKA,ESR1,9606.ENSP00000216911,9606.ENSP00000405330,AURKA,ESR1,0.769,700,functional,9606,2026-08-30T07:50:54.272243+00:00,STRING
thyroid-branch,AURKA,NFKB1,9606.ENSP00000216911,9606.ENSP00000226574,AURKA,NFKB1,0.794,700,functional,9606,2026-08-30T07:50:54.272243+00:00,STRING
thyroid-branch,AURKA,MYC,9606.ENSP00000216911,9606.ENSP00000478887,AURKA,MYC,0.914,700,functional,9606,2026-08-30T07:50:54.272243+00:00,STRING
thyroid-branch,AURKA,BRCA1,9606.ENSP00000216911,9606.ENSP00000418960,AURKA,BRCA1,0.942,700,functional,9606,2026-08-30T07:50:54.272243+00:00,STRING
thyroid-branch,AURKA,HDAC6,9606.ENSP00000216911,9606.ENSP00000365804,AURKA,HDAC6,0.944,700,functional,9606,2026-08-30T07:50:54.272243+00:00,STRING
thyroid-branch,AURKA,CCNA2,9606.ENSP00000216911,9606.ENSP00000481380,AURKA,CCNA2,0.949,700,functional,9606,2026-08-30T07:50:54.272243+00:00,STRING
thyroid-branch,AURKA,CDCA8,9606.ENSP00000216911,9606.ENSP00000362146,AURKA,CDCA8,0.952,700,functional,9606,2026-08-30T07:50:54.272243+00:00,STRING
thyroid-branch,AURKA,CCNB2,9606.ENSP00000216911,9606.ENSP00000288207,AURKA,CCNB2,0.988,700,functional,9606,2026-08-30T07:50:54.272243+00:00,STRING
thyroid-branch,AURKA,BIRC5,9606.ENSP00000216911,9606.ENSP00000301633,AURKA,BIRC5,0.993,700,functional,9606,2026-08-30T07:50:54.272243+00:00,STRING
thyroid-branch,AURKA,TP53,9606.ENSP00000216911,9606.ENSP00000269305,AURKA,TP53,0.998,700,functional,9606,2026-08-30T07:50:54.272243+00:00,STRING
thyroid-branch,TIMP1,JUN,9606.ENSP00000218388,9606.ENSP00000360266,TIMP1,JUN,0.701,700,functional,9606,2026-08-30T07:50:54.272243+00:00,STRING
thyroid-branch,TIMP1,NFKB1,9606.ENSP00000218388,9606.ENSP00000226574,TIMP1,NFKB1,0.704,700,functional,9606,2026-08-30T07:50:54.272243+00:00,STRING
thyroid-branch,TIMP1,IL4,9606.ENSP00000218388,9606.ENSP00000231449,TIMP1,IL4,0.72,700,functional,9606,2026-08-30T07:50:54.272243+00:00,STRING
thyroid-branch,TIMP1,ADAM17,9606.ENSP00000218388,9606.ENSP00000309968,TIMP1,ADAM17,0.725,700,functional,9606,2026-08-30T07:50:54.272243+00:00,STRING
thyroid-branch,TIMP1,TNF,9606.ENSP00000218388,9606.ENSP00000398698,TIMP1,TNF,0.727,700,functional,9606,2026-08-30T07:50:54.272243+00:00,STRING
thyroid-branch,TIMP1,ALB,9606.ENSP00000218388,9606.ENSP00000295897,TIMP1,ALB,0.737,700,functional,9606,2026-08-30T07:50:54.272243+00:00,STRING
thyroid-branch,TIMP1,CXCL10,9606.ENSP00000218388,9606.ENSP00000305651,TIMP1,CXCL10,0.744,700,functional,9606,2026-08-30T07:50:54.272243+00:00,STRING
thyroid-branch,TIMP1,IFNG,9606.ENSP00000218388,9606.ENSP00000229135,TIMP1,IFNG,0.76,700,functional,9606,2026-08-30T07:50:54.272243+00:00,STRING
thyroid-branch,TIMP1,CXCL8,9606.ENSP00000218388,9606.ENSP00000306512,TIMP1,CXCL8,0.78,700,functional,9606,2026-08-30T07:50:54.272243+00:00,STRING
thyroid-branch,TIMP1,IL1B,9606.ENSP00000218388,9606.ENSP00000263341,TIMP1,IL1B,0.791,700,functional,9606,2026-08-30T07:50:54.272243+00:00,STRING
thyroid-branch,TIMP1,SERPINE1,9606.ENSP00000218388,9606.ENSP00000223095,TIMP1,SERPINE1,0.84,700,functional,9606,2026-08-30T07:50:54.272243+00:00,STRING
thyroid-branch,TIMP1,COL1A1,9606.ENSP00000218388,9606.ENSP00000225964,TIMP1,COL1A1,0.842,700,functional,9606,2026-08-30T07:50:54.272243+00:00,STRING
thyroid-branch,TIMP1,CCL2,9606.ENSP00000218388,9606.ENSP00000225831,TIMP1,CCL2,0.867,700,functional,9606,2026-08-30T07:50:54.272243+00:00,STRING
thyroid-branch,TIMP1,MMP9,9606.ENSP00000218388,9606.ENSP00000361405,TIMP1,MMP9,0.999,700,functional,9606,2026-08-30T07:50:54.272243+00:00,STRING
thyroid-branch,TIMP1,MMP14,9606.ENSP00000218388,9606.ENSP00000308208,TIMP1,MMP14,0.999,700,functional,9606,2026-08-30T07:50:54.272243+00:00,STRING
thyroid-branch,PLAT,EDN1,9606.ENSP00000220809,9606.ENSP00000368683,PLAT,EDN1,0.739,700,functional,9606,2026-08-30T07:50:54.272243+00:00,STRING
thyroid-branch,PLAT,MMP9,9606.ENSP00000220809,9606.ENSP00000361405,PLAT,MMP9,0.893,700,functional,9606,2026-08-30T07:50:54.272243+00:00,STRING
thyroid-branch,PLAT,SERPINE1,9606.ENSP00000220809,9606.ENSP00000223095,PLAT,SERPINE1,0.999,700,functional,9606,2026-08-30T07:50:54.272243+00:00,STRING
thyroid-branch,GSR,PRDX1,9606.ENSP00000221130,9606.ENSP00000262746,GSR,PRDX1,0.703,700,functional,9606,2026-08-30T07:50:54.272243+00:00,STRING
thyroid-branch,GSR,KEAP1,9606.ENSP00000221130,9606.ENSP00000377245,GSR,KEAP1,0.712,700,functional,9606,2026-08-30T07:50:54.272243+00:00,STRING
thyroid-branch,GSR,CYCS,9606.ENSP00000221130,9606.ENSP00000307786,GSR,CYCS,0.721,700,functional,9606,2026-08-30T07:50:54.272243+00:00,STRING
thyroid-branch,GSR,IDH1,9606.ENSP00000221130,9606.ENSP00000390265,GSR,IDH1,0.776,700,functional,9606,2026-08-30T07:50:54.272243+00:00,STRING
thyroid-branch,GSR,NQO1,9606.ENSP00000221130,9606.ENSP00000319788,GSR,NQO1,0.835,700,functional,9606,2026-08-30T07:50:54.272243+00:00,STRING
thyroid-branch,GSR,NFE2L2,9606.ENSP00000221130,9606.ENSP00000380252,GSR,NFE2L2,0.93,700,functional,9606,2026-08-30T07:50:54.272243+00:00,STRING
thyroid-branch,GSR,GGT1,9606.ENSP00000221130,9606.ENSP00000248923,GSR,GGT1,0.933,700,functional,9606,2026-08-30T07:50:54.272243+00:00,STRING
thyroid-branch,GSR,GSTM1,9606.ENSP00000221130,9606.ENSP00000311469,GSR,GSTM1,0.945,700,functional,9606,2026-08-30T07:50:54.272243+00:00,STRING
thyroid-branch,GSR,GSTP1,9606.ENSP00000221130,9606.ENSP00000381607,GSR,GSTP1,0.952,700,functional,9606,2026-08-30T07:50:54.272243+00:00,STRING
thyroid-branch,GSR,PRDX6,9606.ENSP00000221130,9606.ENSP00000342026,GSR,PRDX6,0.964,700,functional,9606,2026-08-30T07:50:54.272243+00:00,STRING
thyroid-branch,GSR,GPX4,9606.ENSP00000221130,9606.ENSP00000346103,GSR,GPX4,0.98,700,functional,9606,2026-08-30T07:50:54.272243+00:00,STRING
thyroid-branch,GSR,GPX3,9606.ENSP00000221130,9606.ENSP00000373477,GSR,GPX3,0.996,700,functional,9606,2026-08-30T07:50:54.272243+00:00,STRING
thyroid-branch,PON1,GPX3,9606.ENSP00000222381,9606.ENSP00000373477,PON1,GPX3,0.745,700,functional,9606,2026-08-30T07:50:54.272243+00:00,STRING
thyroid-branch,PON1,APP,9606.ENSP00000222381,9606.ENSP00000284981,PON1,APP,0.782,700,functional,9606,2026-08-30T07:50:54.272243+00:00,STRING
thyroid-branch,PON1,ALB,9606.ENSP00000222381,9606.ENSP00000295897,PON1,ALB,0.862,700,functional,9606,2026-08-30T07:50:54.272243+00:00,STRING
thyroid-branch,PON1,CLU,9606.ENSP00000222381,9606.ENSP00000315130,PON1,CLU,0.996,700,functional,9606,2026-08-30T07:50:54.272243+00:00,STRING
thyroid-branch,SERPINE1,CDKN1A,9606.ENSP00000223095,9606.ENSP00000384849,SERPINE1,CDKN1A,0.701,700,functional,9606,2026-08-30T07:50:54.272243+00:00,STRING
thyroid-branch,SERPINE1,IFNG,9606.ENSP00000223095,9606.ENSP00000229135,SERPINE1,IFNG,0.72,700,functional,9606,2026-08-30T07:50:54.272243+00:00,STRING
thyroid-branch,SERPINE1,PPARG,9606.ENSP00000223095,9606.ENSP00000287820,SERPINE1,PPARG,0.732,700,functional,9606,2026-08-30T07:50:54.272243+00:00,STRING
thyroid-branch,SERPINE1,IGF1,9606.ENSP00000223095,9606.ENSP00000376637,SERPINE1,IGF1,0.733,700,functional,9606,2026-08-30T07:50:54.272243+00:00,STRING
thyroid-branch,SERPINE1,CXCL8,9606.ENSP00000223095,9606.ENSP00000306512,SERPINE1,CXCL8,0.736,700,functional,9606,2026-08-30T07:50:54.272243+00:00,STRING
thyroid-branch,SERPINE1,IL1B,9606.ENSP00000223095,9606.ENSP00000263341,SERPINE1,IL1B,0.746,700,functional,9606,2026-08-30T07:50:54.272243+00:00,STRING
thyroid-branch,SERPINE1,EDN1,9606.ENSP00000223095,9606.ENSP00000368683,SERPINE1,EDN1,0.755,700,functional,9606,2026-08-30T07:50:54.272243+00:00,STRING
thyroid-branch,SERPINE1,TNF,9606.ENSP00000223095,9606.ENSP00000398698,SERPINE1,TNF,0.764,700,functional,9606,2026-08-30T07:50:54.272243+00:00,STRING
thyroid-branch,SERPINE1,MMP9,9606.ENSP00000223095,9606.ENSP00000361405,SERPINE1,MMP9,0.801,700,functional,9606,2026-08-30T07:50:54.272243+00:00,STRING
thyroid-branch,SERPINE1,SMAD2,9606.ENSP00000223095,9606.ENSP00000262160,SERPINE1,SMAD2,0.846,700,functional,9606,2026-08-30T07:50:54.272243+00:00,STRING
thyroid-branch,SERPINE1,CCL2,9606.ENSP00000223095,9606.ENSP00000225831,SERPINE1,CCL2,0.918,700,functional,9606,2026-08-30T07:50:54.272243+00:00,STRING
thyroid-branch,CCL2,CASP1,9606.ENSP00000225831,9606.ENSP00000433138,CCL2,CASP1,0.707,700,functional,9606,2026-08-30T07:50:54.272243+00:00,STRING
thyroid-branch,CCL2,AKT1,9606.ENSP00000225831,9606.ENSP00000451828,CCL2,AKT1,0.72,700,functional,9606,2026-08-30T07:50:54.272243+00:00,STRING
thyroid-branch,CCL2,EGFR,9606.ENSP00000225831,9606.ENSP00000275493,CCL2,EGFR,0.725,700,functional,9606,2026-08-30T07:50:54.272243+00:00,STRING
thyroid-branch,CCL2,PPARG,9606.ENSP00000225831,9606.ENSP00000287820,CCL2,PPARG,0.731,700,functional,9606,2026-08-30T07:50:54.272243+00:00,STRING
thyroid-branch,CCL2,ALB,9606.ENSP00000225831,9606.ENSP00000295897,CCL2,ALB,0.739,700,functional,9606,2026-08-30T07:50:54.272243+00:00,STRING
thyroid-branch,CCL2,FOS,9606.ENSP00000225831,9606.ENSP00000306245,CCL2,FOS,0.756,700,functional,9606,2026-08-30T07:50:54.272243+00:00,STRING
thyroid-branch,CCL2,IGF1,9606.ENSP00000225831,9606.ENSP00000376637,CCL2,IGF1,0.76,700,functional,9606,2026-08-30T07:50:54.272243+00:00,STRING
thyroid-branch,CCL2,EDN1,9606.ENSP00000225831,9606.ENSP00000368683,CCL2,EDN1,0.791,700,functional,9606,2026-08-30T07:50:54.272243+00:00,STRING
thyroid-branch,CCL2,MMP9,9606.ENSP00000225831,9606.ENSP00000361405,CCL2,MMP9,0.809,700,functional,9606,2026-08-30T07:50:54.272243+00:00,STRING
thyroid-branch,CCL2,CXCR6,9606.ENSP00000225831,9606.ENSP00000395704,CCL2,CXCR6,0.885,700,functional,9606,2026-08-30T07:50:54.272243+00:00,STRING
thyroid-branch,CCL2,IL4,9606.ENSP00000225831,9606.ENSP00000231449,CCL2,IL4,0.921,700,functional,9606,2026-08-30T07:50:54.272243+00:00,STRING
thyroid-branch,CCL2,IFNG,9606.ENSP00000225831,9606.ENSP00000229135,CCL2,IFNG,0.938,700,functional,9606,2026-08-30T07:50:54.272243+00:00,STRING
thyroid-branch,CCL2,CXCL10,9606.ENSP00000225831,9606.ENSP00000305651,CCL2,CXCL10,0.965,700,functional,9606,2026-08-30T07:50:54.272243+00:00,STRING
thyroid-branch,CCL2,IL1B,9606.ENSP00000225831,9606.ENSP00000263341,CCL2,IL1B,0.97,700,functional,9606,2026-08-30T07:50:54.272243+00:00,STRING
thyroid-branch,CCL2,TNF,9606.ENSP00000225831,9606.ENSP00000398698,CCL2,TNF,0.978,700,functional,9606,2026-08-30T07:50:54.272243+00:00,STRING
thyroid-branch,CCL2,JUN,9606.ENSP00000225831,9606.ENSP00000360266,CCL2,JUN,0.98,700,functional,9606,2026-08-30T07:50:54.272243+00:00,STRING
thyroid-branch,CCL2,NFKB1,9606.ENSP00000225831,9606.ENSP00000226574,CCL2,NFKB1,0.982,700,functional,9606,2026-08-30T07:50:54.272243+00:00,STRING
thyroid-branch,CCL2,PF4,9606.ENSP00000225831,9606.ENSP00000296029,CCL2,PF4,0.998,700,functional,9606,2026-08-30T07:50:54.272243+00:00,STRING
thyroid-branch,CCL2,CXCL8,9606.ENSP00000225831,9606.ENSP00000306512,CCL2,CXCL8,0.999,700,functional,9606,2026-08-30T07:50:54.272243+00:00,STRING
thyroid-branch,KAT2A,HDAC9,9606.ENSP00000225916,9606.ENSP00000408617,KAT2A,HDAC9,0.776,700,functional,9606,2026-08-30T07:50:54.272243+00:00,STRING
thyroid-branch,KAT2A,HDAC6,9606.ENSP00000225916,9606.ENSP00000365804,KAT2A,HDAC6,0.798,700,functional,9606,2026-08-30T07:50:54.272243+00:00,STRING
thyroid-branch,KAT2A,HDAC3,9606.ENSP00000225916,9606.ENSP00000302967,KAT2A,HDAC3,0.856,700,functional,9606,2026-08-30T07:50:54.272243+00:00,STRING
thyroid-branch,KAT2A,NCOA3,9606.ENSP00000225916,9606.ENSP00000361066,KAT2A,NCOA3,0.893,700,functional,9606,2026-08-30T07:50:54.272243+00:00,STRING
thyroid-branch,KAT2A,TP53,9606.ENSP00000225916,9606.ENSP00000269305,KAT2A,TP53,0.909,700,functional,9606,2026-08-30T07:50:54.272243+00:00,STRING
thyroid-branch,KAT2A,MYC,9606.ENSP00000225916,9606.ENSP00000478887,KAT2A,MYC,0.996,700,functional,9606,2026-08-30T07:50:54.272243+00:00,STRING
thyroid-branch,COL1A1,IGF1,9606.ENSP00000225964,9606.ENSP00000376637,COL1A1,IGF1,0.714,700,functional,9606,2026-08-30T07:50:54.272243+00:00,STRING
thyroid-branch,COL1A1,IGFBP3,9606.ENSP00000225964,9606.ENSP00000370473,COL1A1,IGFBP3,0.75,700,functional,9606,2026-08-30T07:50:54.272243+00:00,STRING
thyroid-branch,COL1A1,ALPL,9606.ENSP00000225964,9606.ENSP00000363973,COL1A1,ALPL,0.826,700,functional,9606,2026-08-30T07:50:54.272243+00:00,STRING
thyroid-branch,COL1A1,ITGA4,9606.ENSP00000225964,9606.ENSP00000380227,COL1A1,ITGA4,0.83,700,functional,9606,2026-08-30T07:50:54.272243+00:00,STRING
thyroid-branch,COL1A1,MMP9,9606.ENSP00000225964,9606.ENSP00000361405,COL1A1,MMP9,0.84,700,functional,9606,2026-08-30T07:50:54.272243+00:00,STRING
thyroid-branch,COL1A1,ELN,9606.ENSP00000225964,9606.ENSP00000351807,COL1A1,ELN,0.876,700,functional,9606,2026-08-30T07:50:54.272243+00:00,STRING
thyroid-branch,GNRHR,GNAS,9606.ENSP00000226413,9606.ENSP00000360141,GNRHR,GNAS,0.931,700,functional,9606,2026-08-30T07:50:54.272243+00:00,STRING
thyroid-branch,NFKB1,HSPA5,9606.ENSP00000226574,9606.ENSP00000324173,NFKB1,HSPA5,0.704,700,functional,9606,2026-08-30T07:50:54.272243+00:00,STRING
thyroid-branch,NFKB1,NGF,9606.ENSP00000226574,9606.ENSP00000358525,NFKB1,NGF,0.711,700,functional,9606,2026-08-30T07:50:54.272243+00:00,STRING
thyroid-branch,NFKB1,MDM2,9606.ENSP00000226574,9606.ENSP00000258149,NFKB1,MDM2,0.719,700,functional,9606,2026-08-30T07:50:54.272243+00:00,STRING
thyroid-branch,NFKB1,BRCA1,9606.ENSP00000226574,9606.ENSP00000418960,NFKB1,BRCA1,0.726,700,functional,9606,2026-08-30T07:50:54.272243+00:00,STRING
thyroid-branch,NFKB1,KEAP1,9606.ENSP00000226574,9606.ENSP00000377245,NFKB1,KEAP1,0.733,700,functional,9606,2026-08-30T07:50:54.272243+00:00,STRING
thyroid-branch,NFKB1,STAT5B,9606.ENSP00000226574,9606.ENSP00000293328,NFKB1,STAT5B,0.741,700,functional,9606,2026-08-30T07:50:54.272243+00:00,STRING
thyroid-branch,NFKB1,ATM,9606.ENSP00000226574,9606.ENSP00000278616,NFKB1,ATM,0.746,700,functional,9606,2026-08-30T07:50:54.272243+00:00,STRING
thyroid-branch,NFKB1,CDKN1A,9606.ENSP00000226574,9606.ENSP00000384849,NFKB1,CDKN1A,0.751,700,functional,9606,2026-08-30T07:50:54.272243+00:00,STRING
thyroid-branch,NFKB1,CLU,9606.ENSP00000226574,9606.ENSP00000315130,NFKB1,CLU,0.761,700,functional,9606,2026-08-30T07:50:54.272243+00:00,STRING
thyroid-branch,NFKB1,HDAC3,9606.ENSP00000226574,9606.ENSP00000302967,NFKB1,HDAC3,0.767,700,functional,9606,2026-08-30T07:50:54.272243+00:00,STRING
thyroid-branch,NFKB1,CREB1,9606.ENSP00000226574,9606.ENSP00000387699,NFKB1,CREB1,0.773,700,functional,9606,2026-08-30T07:50:54.272243+00:00,STRING
thyroid-branch,NFKB1,NOD2,9606.ENSP00000226574,9606.ENSP00000300589,NFKB1,NOD2,0.776,700,functional,9606,2026-08-30T07:50:54.272243+00:00,STRING
thyroid-branch,NFKB1,IL4,9606.ENSP00000226574,9606.ENSP00000231449,NFKB1,IL4,0.8,700,functional,9606,2026-08-30T07:50:54.272243+00:00,STRING
thyroid-branch,NFKB1,MMP9,9606.ENSP00000226574,9606.ENSP00000361405,NFKB1,MMP9,0.802,700,functional,9606,2026-08-30T07:50:54.272243+00:00,STRING
thyroid-branch,NFKB1,MEN1,9606.ENSP00000226574,9606.ENSP00000337088,NFKB1,MEN1,0.803,700,functional,9606,2026-08-30T07:50:54.272243+00:00,STRING
thyroid-branch,NFKB1,FOS,9606.ENSP00000226574,9606.ENSP00000306245,NFKB1,FOS,0.808,700,functional,9606,2026-08-30T07:50:54.272243+00:00,STRING
thyroid-branch,NFKB1,HIF1A,9606.ENSP00000226574,9606.ENSP00000437955,NFKB1,HIF1A,0.816,700,functional,9606,2026-08-30T07:50:54.272243+00:00,STRING
thyroid-branch,NFKB1,BCL2,9606.ENSP00000226574,9606.ENSP00000381185,NFKB1,BCL2,0.818,700,functional,9606,2026-08-30T07:50:54.272243+00:00,STRING
thyroid-branch,NFKB1,CASP3,9606.ENSP00000226574,9606.ENSP00000311032,NFKB1,CASP3,0.821,700,functional,9606,2026-08-30T07:50:54.272243+00:00,STRING
thyroid-branch,NFKB1,CASP1,9606.ENSP00000226574,9606.ENSP00000433138,NFKB1,CASP1,0.826,700,functional,9606,2026-08-30T07:50:54.272243+00:00,STRING
thyroid-branch,NFKB1,TLR9,9606.ENSP00000226574,9606.ENSP00000353874,NFKB1,TLR9,0.828,700,functional,9606,2026-08-30T07:50:54.272243+00:00,STRING
thyroid-branch,NFKB1,EGFR,9606.ENSP00000226574,9606.ENSP00000275493,NFKB1,EGFR,0.837,700,functional,9606,2026-08-30T07:50:54.272243+00:00,STRING
thyroid-branch,NFKB1,CXCL10,9606.ENSP00000226574,9606.ENSP00000305651,NFKB1,CXCL10,0.845,700,functional,9606,2026-08-30T07:50:54.272243+00:00,STRING
thyroid-branch,NFKB1,APP,9606.ENSP00000226574,9606.ENSP00000284981,NFKB1,APP,0.87,700,functional,9606,2026-08-30T07:50:54.272243+00:00,STRING
thyroid-branch,NFKB1,NR3C1,9606.ENSP00000226574,9606.ENSP00000231509,NFKB1,NR3C1,0.878,700,functional,9606,2026-08-30T07:50:54.272243+00:00,STRING
thyroid-branch,NFKB1,AKT1,9606.ENSP00000226574,9606.ENSP00000451828,NFKB1,AKT1,0.896,700,functional,9606,2026-08-30T07:50:54.272243+00:00,STRING
thyroid-branch,NFKB1,MYC,9606.ENSP00000226574,9606.ENSP00000478887,NFKB1,MYC,0.917,700,functional,9606,2026-08-30T07:50:54.272243+00:00,STRING
thyroid-branch,NFKB1,HMGB1,9606.ENSP00000226574,9606.ENSP00000345347,NFKB1,HMGB1,0.923,700,functional,9606,2026-08-30T07:50:54.272243+00:00,STRING
thyroid-branch,NFKB1,IFNG,9606.ENSP00000226574,9606.ENSP00000229135,NFKB1,IFNG,0.932,700,functional,9606,2026-08-30T07:50:54.272243+00:00,STRING
thyroid-branch,NFKB1,RAF1,9606.ENSP00000226574,9606.ENSP00000401888,NFKB1,RAF1,0.94,700,functional,9606,2026-08-30T07:50:54.272243+00:00,STRING
thyroid-branch,NFKB1,ESR1,9606.ENSP00000226574,9606.ENSP00000405330,NFKB1,ESR1,0.957,700,functional,9606,2026-08-30T07:50:54.272243+00:00,STRING
thyroid-branch,NFKB1,PPARG,9606.ENSP00000226574,9606.ENSP00000287820,NFKB1,PPARG,0.972,700,functional,9606,2026-08-30T07:50:54.272243+00:00,STRING
thyroid-branch,NFKB1,NLRP3,9606.ENSP00000226574,9606.ENSP00000337383,NFKB1,NLRP3,0.981,700,functional,9606,2026-08-30T07:50:54.272243+00:00,STRING
thyroid-branch,NFKB1,CXCL8,9606.ENSP00000226574,9606.ENSP00000306512,NFKB1,CXCL8,0.988,700,functional,9606,2026-08-30T07:50:54.272243+00:00,STRING
thyroid-branch,NFKB1,TP53,9606.ENSP00000226574,9606.ENSP00000269305,NFKB1,TP53,0.989,700,functional,9606,2026-08-30T07:50:54.272243+00:00,STRING
thyroid-branch,NFKB1,JUN,9606.ENSP00000226574,9606.ENSP00000360266,NFKB1,JUN,0.994,700,functional,9606,2026-08-30T07:50:54.272243+00:00,STRING
thyroid-branch,NFKB1,IL1B,9606.ENSP00000226574,9606.ENSP00000263341,NFKB1,IL1B,0.996,700,functional,9606,2026-08-30T07:50:54.272243+00:00,STRING
thyroid-branch,NFKB1,TNF,9606.ENSP00000226574,9606.ENSP00000398698,NFKB1,TNF,0.999,700,functional,9606,2026-08-30T07:50:54.272243+00:00,STRING
thyroid-branch,CCND1,CYP19A1,9606.ENSP00000227507,9606.ENSP00000379683,CCND1,CYP19A1,0.712,700,functional,9606,2026-08-30T07:50:54.272243+00:00,STRING
thyroid-branch,CCND1,ABL1,9606.ENSP00000227507,9606.ENSP00000361423,CCND1,ABL1,0.742,700,functional,9606,2026-08-30T07:50:54.272243+00:00,STRING
thyroid-branch,CCND1,SMAD2,9606.ENSP00000227507,9606.ENSP00000262160,CCND1,SMAD2,0.743,700,functional,9606,2026-08-30T07:50:54.272243+00:00,STRING
thyroid-branch,CCND1,BIRC5,9606.ENSP00000227507,9606.ENSP00000301633,CCND1,BIRC5,0.751,700,functional,9606,2026-08-30T07:50:54.272243+00:00,STRING
thyroid-branch,CCND1,BCL2L11,9606.ENSP00000227507,9606.ENSP00000376943,CCND1,BCL2L11,0.752,700,functional,9606,2026-08-30T07:50:54.272243+00:00,STRING
thyroid-branch,CCND1,NCOA3,9606.ENSP00000227507,9606.ENSP00000361066,CCND1,NCOA3,0.79,700,functional,9606,2026-08-30T07:50:54.272243+00:00,STRING
thyroid-branch,CCND1,SOX2,9606.ENSP00000227507,9606.ENSP00000323588,CCND1,SOX2,0.792,700,functional,9606,2026-08-30T07:50:54.272243+00:00,STRING
thyroid-branch,CCND1,MMP9,9606.ENSP00000227507,9606.ENSP00000361405,CCND1,MMP9,0.799,700,functional,9606,2026-08-30T07:50:54.272243+00:00,STRING
thyroid-branch,CCND1,BCL2L1,9606.ENSP00000227507,9606.ENSP00000365230,CCND1,BCL2L1,0.808,700,functional,9606,2026-08-30T07:50:54.272243+00:00,STRING
thyroid-branch,CCND1,FOXA1,9606.ENSP00000227507,9606.ENSP00000250448,CCND1,FOXA1,0.832,700,functional,9606,2026-08-30T07:50:54.272243+00:00,STRING
thyroid-branch,CCND1,PGR,9606.ENSP00000227507,9606.ENSP00000325120,CCND1,PGR,0.834,700,functional,9606,2026-08-30T07:50:54.272243+00:00,STRING
thyroid-branch,CCND1,MCL1,9606.ENSP00000227507,9606.ENSP00000358022,CCND1,MCL1,0.837,700,functional,9606,2026-08-30T07:50:54.272243+00:00,STRING
thyroid-branch,CCND1,EGFR,9606.ENSP00000227507,9606.ENSP00000275493,CCND1,EGFR,0.841,700,functional,9606,2026-08-30T07:50:54.272243+00:00,STRING
thyroid-branch,CCND1,CASP9,9606.ENSP00000227507,9606.ENSP00000330237,CCND1,CASP9,0.844,700,functional,9606,2026-08-30T07:50:54.272243+00:00,STRING
thyroid-branch,CCND1,CASP3,9606.ENSP00000227507,9606.ENSP00000311032,CCND1,CASP3,0.847,700,functional,9606,2026-08-30T07:50:54.272243+00:00,STRING
thyroid-branch,CCND1,HIF1A,9606.ENSP00000227507,9606.ENSP00000437955,CCND1,HIF1A,0.876,700,functional,9606,2026-08-30T07:50:54.272243+00:00,STRING
thyroid-branch,CCND1,CKS1B,9606.ENSP00000227507,9606.ENSP00000311083,CCND1,CKS1B,0.892,700,functional,9606,2026-08-30T07:50:54.272243+00:00,STRING
thyroid-branch,CCND1,HDAC3,9606.ENSP00000227507,9606.ENSP00000302967,CCND1,HDAC3,0.9,700,functional,9606,2026-08-30T07:50:54.272243+00:00,STRING
thyroid-branch,CCND1,JUN,9606.ENSP00000227507,9606.ENSP00000360266,CCND1,JUN,0.919,700,functional,9606,2026-08-30T07:50:54.272243+00:00,STRING
thyroid-branch,CCND1,BRCA1,9606.ENSP00000227507,9606.ENSP00000418960,CCND1,BRCA1,0.922,700,functional,9606,2026-08-30T07:50:54.272243+00:00,STRING
thyroid-branch,CCND1,AKT1,9606.ENSP00000227507,9606.ENSP00000451828,CCND1,AKT1,0.923,700,functional,9606,2026-08-30T07:50:54.272243+00:00,STRING
thyroid-branch,CCND1,MDM2,9606.ENSP00000227507,9606.ENSP00000258149,CCND1,MDM2,0.926,700,functional,9606,2026-08-30T07:50:54.272243+00:00,STRING
thyroid-branch,CCND1,FOS,9606.ENSP00000227507,9606.ENSP00000306245,CCND1,FOS,0.942,700,functional,9606,2026-08-30T07:50:54.272243+00:00,STRING
thyroid-branch,CCND1,TP53,9606.ENSP00000227507,9606.ENSP00000269305,CCND1,TP53,0.946,700,functional,9606,2026-08-30T07:50:54.272243+00:00,STRING
thyroid-branch,CCND1,CREB1,9606.ENSP00000227507,9606.ENSP00000387699,CCND1,CREB1,0.949,700,functional,9606,2026-08-30T07:50:54.272243+00:00,STRING
thyroid-branch,CCND1,AR,9606.ENSP00000227507,9606.ENSP00000363822,CCND1,AR,0.955,700,functional,9606,2026-08-30T07:50:54.272243+00:00,STRING
thyroid-branch,CCND1,BCL2,9606.ENSP00000227507,9606.ENSP00000381185,CCND1,BCL2,0.958,700,functional,9606,2026-08-30T07:50:54.272243+00:00,STRING
thyroid-branch,CCND1,MYC,9606.ENSP00000227507,9606.ENSP00000478887,CCND1,MYC,0.969,700,functional,9606,2026-08-30T07:50:54.272243+00:00,STRING
thyroid-branch,CCND1,ESR1,9606.ENSP00000227507,9606.ENSP00000405330,CCND1,ESR1,0.997,700,functional,9606,2026-08-30T07:50:54.272243+00:00,STRING
thyroid-branch,CCND1,CDKN1B,9606.ENSP00000227507,9606.ENSP00000228872,CCND1,CDKN1B,0.999,700,functional,9606,2026-08-30T07:50:54.272243+00:00,STRING
thyroid-branch,CCND1,CDKN1A,9606.ENSP00000227507,9606.ENSP00000384849,CCND1,CDKN1A,0.999,700,functional,9606,2026-08-30T07:50:54.272243+00:00,STRING
thyroid-branch,VDR,NCOA3,9606.ENSP00000228606,9606.ENSP00000361066,CYP27B1,NCOA3,0.843,700,functional,9606,2026-08-30T07:50:54.272243+00:00,STRING
thyroid-branch,CDKN1B,BCL2,9606.ENSP00000228872,9606.ENSP00000381185,CDKN1B,BCL2,0.702,700,functional,9606,2026-08-30T07:50:54.272243+00:00,STRING
thyroid-branch,CDKN1B,ATM,9606.ENSP00000228872,9606.ENSP00000278616,CDKN1B,ATM,0.713,700,functional,9606,2026-08-30T07:50:54.272243+00:00,STRING
thyroid-branch,CDKN1B,CASP3,9606.ENSP00000228872,9606.ENSP00000311032,CDKN1B,CASP3,0.721,700,functional,9606,2026-08-30T07:50:54.272243+00:00,STRING
thyroid-branch,CDKN1B,EGFR,9606.ENSP00000228872,9606.ENSP00000275493,CDKN1B,EGFR,0.736,700,functional,9606,2026-08-30T07:50:54.272243+00:00,STRING
thyroid-branch,CDKN1B,ABL1,9606.ENSP00000228872,9606.ENSP00000361423,CDKN1B,ABL1,0.746,700,functional,9606,2026-08-30T07:50:54.272243+00:00,STRING
thyroid-branch,CDKN1B,BCL2L11,9606.ENSP00000228872,9606.ENSP00000376943,CDKN1B,BCL2L11,0.748,700,functional,9606,2026-08-30T07:50:54.272243+00:00,STRING
thyroid-branch,CDKN1B,MEN1,9606.ENSP00000228872,9606.ENSP00000337088,CDKN1B,MEN1,0.804,700,functional,9606,2026-08-30T07:50:54.272243+00:00,STRING
thyroid-branch,CDKN1B,BCL2L1,9606.ENSP00000228872,9606.ENSP00000365230,CDKN1B,BCL2L1,0.836,700,functional,9606,2026-08-30T07:50:54.272243+00:00,STRING
thyroid-branch,CDKN1B,MYC,9606.ENSP00000228872,9606.ENSP00000478887,CDKN1B,MYC,0.855,700,functional,9606,2026-08-30T07:50:54.272243+00:00,STRING
thyroid-branch,CDKN1B,CCNB2,9606.ENSP00000228872,9606.ENSP00000288207,CDKN1B,CCNB2,0.86,700,functional,9606,2026-08-30T07:50:54.272243+00:00,STRING
thyroid-branch,CDKN1B,CDKN1A,9606.ENSP00000228872,9606.ENSP00000384849,CDKN1B,CDKN1A,0.982,700,functional,9606,2026-08-30T07:50:54.272243+00:00,STRING
thyroid-branch,CDKN1B,TP53,9606.ENSP00000228872,9606.ENSP00000269305,CDKN1B,TP53,0.991,700,functional,9606,2026-08-30T07:50:54.272243+00:00,STRING
thyroid-branch,CDKN1B,AKT1,9606.ENSP00000228872,9606.ENSP00000451828,CDKN1B,AKT1,0.996,700,functional,9606,2026-08-30T07:50:54.272243+00:00,STRING
thyroid-branch,CDKN1B,CKS1B,9606.ENSP00000228872,9606.ENSP00000311083,CDKN1B,CKS1B,0.997,700,functional,9606,2026-08-30T07:50:54.272243+00:00,STRING
thyroid-branch,CDKN1B,CCNA2,9606.ENSP00000228872,9606.ENSP00000481380,CDKN1B,CCNA2,0.999,700,functional,9606,2026-08-30T07:50:54.272243+00:00,STRING
thyroid-branch,IFNG,JUN,9606.ENSP00000229135,9606.ENSP00000360266,IFNG,JUN,0.711,700,functional,9606,2026-08-30T07:50:54.272243+00:00,STRING
thyroid-branch,IFNG,CXCR6,9606.ENSP00000229135,9606.ENSP00000395704,IFNG,CXCR6,0.712,700,functional,9606,2026-08-30T07:50:54.272243+00:00,STRING
thyroid-branch,IFNG,MUC1,9606.ENSP00000229135,9606.ENSP00000484824,IFNG,MUC1,0.72,700,functional,9606,2026-08-30T07:50:54.272243+00:00,STRING
thyroid-branch,IFNG,FOS,9606.ENSP00000229135,9606.ENSP00000306245,IFNG,FOS,0.751,700,functional,9606,2026-08-30T07:50:54.272243+00:00,STRING
thyroid-branch,IFNG,MMP9,9606.ENSP00000229135,9606.ENSP00000361405,IFNG,MMP9,0.751,700,functional,9606,2026-08-30T07:50:54.272243+00:00,STRING
thyroid-branch,IFNG,IGF1,9606.ENSP00000229135,9606.ENSP00000376637,IFNG,IGF1,0.754,700,functional,9606,2026-08-30T07:50:54.272243+00:00,STRING
thyroid-branch,IFNG,NOD2,9606.ENSP00000229135,9606.ENSP00000300589,IFNG,NOD2,0.77,700,functional,9606,2026-08-30T07:50:54.272243+00:00,STRING
thyroid-branch,IFNG,RORC,9606.ENSP00000229135,9606.ENSP00000327025,IFNG,RORC,0.782,700,functional,9606,2026-08-30T07:50:54.272243+00:00,STRING
thyroid-branch,IFNG,HMGB1,9606.ENSP00000229135,9606.ENSP00000345347,IFNG,HMGB1,0.792,700,functional,9606,2026-08-30T07:50:54.272243+00:00,STRING
thyroid-branch,IFNG,BCL2,9606.ENSP00000229135,9606.ENSP00000381185,IFNG,BCL2,0.795,700,functional,9606,2026-08-30T07:50:54.272243+00:00,STRING
thyroid-branch,IFNG,AKT1,9606.ENSP00000229135,9606.ENSP00000451828,IFNG,AKT1,0.817,700,functional,9606,2026-08-30T07:50:54.272243+00:00,STRING
thyroid-branch,IFNG,STAT5B,9606.ENSP00000229135,9606.ENSP00000293328,IFNG,STAT5B,0.823,700,functional,9606,2026-08-30T07:50:54.272243+00:00,STRING
thyroid-branch,IFNG,CASP3,9606.ENSP00000229135,9606.ENSP00000311032,IFNG,CASP3,0.825,700,functional,9606,2026-08-30T07:50:54.272243+00:00,STRING
thyroid-branch,IFNG,TP53,9606.ENSP00000229135,9606.ENSP00000269305,IFNG,TP53,0.834,700,functional,9606,2026-08-30T07:50:54.272243+00:00,STRING
thyroid-branch,IFNG,ALB,9606.ENSP00000229135,9606.ENSP00000295897,IFNG,ALB,0.866,700,functional,9606,2026-08-30T07:50:54.272243+00:00,STRING
thyroid-branch,IFNG,EGFR,9606.ENSP00000229135,9606.ENSP00000275493,IFNG,EGFR,0.876,700,functional,9606,2026-08-30T07:50:54.272243+00:00,STRING
thyroid-branch,IFNG,TLR9,9606.ENSP00000229135,9606.ENSP00000353874,IFNG,TLR9,0.891,700,functional,9606,2026-08-30T07:50:54.272243+00:00,STRING
thyroid-branch,IFNG,CASP1,9606.ENSP00000229135,9606.ENSP00000433138,IFNG,CASP1,0.893,700,functional,9606,2026-08-30T07:50:54.272243+00:00,STRING
thyroid-branch,IFNG,CXCL10,9606.ENSP00000229135,9606.ENSP00000305651,IFNG,CXCL10,0.959,700,functional,9606,2026-08-30T07:50:54.272243+00:00,STRING
thyroid-branch,IFNG,CXCL8,9606.ENSP00000229135,9606.ENSP00000306512,IFNG,CXCL8,0.961,700,functional,9606,2026-08-30T07:50:54.272243+00:00,STRING
thyroid-branch,IFNG,IL4,9606.ENSP00000229135,9606.ENSP00000231449,IFNG,IL4,0.99,700,functional,9606,2026-08-30T07:50:54.272243+00:00,STRING
thyroid-branch,IFNG,TNF,9606.ENSP00000229135,9606.ENSP00000398698,IFNG,TNF,0.991,700,functional,9606,2026-08-30T07:50:54.272243+00:00,STRING
thyroid-branch,IFNG,IL1B,9606.ENSP00000229135,9606.ENSP00000263341,IFNG,IL1B,0.998,700,functional,9606,2026-08-30T07:50:54.272243+00:00,STRING
thyroid-branch,IL4,FOS,9606.ENSP00000231449,9606.ENSP00000306245,IL4,FOS,0.7,700,functional,9606,2026-08-30T07:50:54.272243+00:00,STRING
thyroid-branch,IL4,TP53,9606.ENSP00000231449,9606.ENSP00000269305,IL4,TP53,0.718,700,functional,9606,2026-08-30T07:50:54.272243+00:00,STRING
thyroid-branch,IL4,ALB,9606.ENSP00000231449,9606.ENSP00000295897,IL4,ALB,0.725,700,functional,9606,2026-08-30T07:50:54.272243+00:00,STRING
thyroid-branch,IL4,STAT5B,9606.ENSP00000231449,9606.ENSP00000293328,IL4,STAT5B,0.749,700,functional,9606,2026-08-30T07:50:54.272243+00:00,STRING
thyroid-branch,IL4,TLR9,9606.ENSP00000231449,9606.ENSP00000353874,IL4,TLR9,0.78,700,functional,9606,2026-08-30T07:50:54.272243+00:00,STRING
thyroid-branch,IL4,EGFR,9606.ENSP00000231449,9606.ENSP00000275493,IL4,EGFR,0.82,700,functional,9606,2026-08-30T07:50:54.272243+00:00,STRING
thyroid-branch,IL4,CXCL10,9606.ENSP00000231449,9606.ENSP00000305651,IL4,CXCL10,0.882,700,functional,9606,2026-08-30T07:50:54.272243+00:00,STRING
thyroid-branch,IL4,TNF,9606.ENSP00000231449,9606.ENSP00000398698,IL4,TNF,0.977,700,functional,9606,2026-08-30T07:50:54.272243+00:00,STRING
thyroid-branch,IL4,CXCL8,9606.ENSP00000231449,9606.ENSP00000306512,IL4,CXCL8,0.997,700,functional,9606,2026-08-30T07:50:54.272243+00:00,STRING
thyroid-branch,IL4,IL1B,9606.ENSP00000231449,9606.ENSP00000263341,IL4,IL1B,0.998,700,functional,9606,2026-08-30T07:50:54.272243+00:00,STRING
thyroid-branch,NR3C1,EPAS1,9606.ENSP00000231509,9606.ENSP00000263734,NR3C1,EPAS1,0.718,700,functional,9606,2026-08-30T07:50:54.272243+00:00,STRING
thyroid-branch,NR3C1,PGR,9606.ENSP00000231509,9606.ENSP00000325120,NR3C1,PGR,0.733,700,functional,9606,2026-08-30T07:50:54.272243+00:00,STRING
thyroid-branch,NR3C1,TNF,9606.ENSP00000231509,9606.ENSP00000398698,NR3C1,TNF,0.745,700,functional,9606,2026-08-30T07:50:54.272243+00:00,STRING
thyroid-branch,NR3C1,BCL2,9606.ENSP00000231509,9606.ENSP00000381185,NR3C1,BCL2,0.767,700,functional,9606,2026-08-30T07:50:54.272243+00:00,STRING
thyroid-branch,NR3C1,SMAD2,9606.ENSP00000231509,9606.ENSP00000262160,NR3C1,SMAD2,0.789,700,functional,9606,2026-08-30T07:50:54.272243+00:00,STRING
thyroid-branch,NR3C1,AKT1,9606.ENSP00000231509,9606.ENSP00000451828,NR3C1,AKT1,0.791,700,functional,9606,2026-08-30T07:50:54.272243+00:00,STRING
thyroid-branch,NR3C1,AR,9606.ENSP00000231509,9606.ENSP00000363822,NR3C1,AR,0.795,700,functional,9606,2026-08-30T07:50:54.272243+00:00,STRING
thyroid-branch,NR3C1,HDAC6,9606.ENSP00000231509,9606.ENSP00000365804,NR3C1,HDAC6,0.824,700,functional,9606,2026-08-30T07:50:54.272243+00:00,STRING
thyroid-branch,NR3C1,STAT5B,9606.ENSP00000231509,9606.ENSP00000293328,NR3C1,STAT5B,0.835,700,functional,9606,2026-08-30T07:50:54.272243+00:00,STRING
thyroid-branch,NR3C1,HIF1A,9606.ENSP00000231509,9606.ENSP00000437955,NR3C1,HIF1A,0.852,700,functional,9606,2026-08-30T07:50:54.272243+00:00,STRING
thyroid-branch,NR3C1,EGFR,9606.ENSP00000231509,9606.ENSP00000275493,NR3C1,EGFR,0.87,700,functional,9606,2026-08-30T07:50:54.272243+00:00,STRING
thyroid-branch,NR3C1,ESR1,9606.ENSP00000231509,9606.ENSP00000405330,NR3C1,ESR1,0.896,700,functional,9606,2026-08-30T07:50:54.272243+00:00,STRING
thyroid-branch,NR3C1,NCOA3,9606.ENSP00000231509,9606.ENSP00000361066,NR3C1,NCOA3,0.903,700,functional,9606,2026-08-30T07:50:54.272243+00:00,STRING
thyroid-branch,NR3C1,CREB1,9606.ENSP00000231509,9606.ENSP00000387699,NR3C1,CREB1,0.924,700,functional,9606,2026-08-30T07:50:54.272243+00:00,STRING
thyroid-branch,NR3C1,TP53,9606.ENSP00000231509,9606.ENSP00000269305,NR3C1,TP53,0.936,700,functional,9606,2026-08-30T07:50:54.272243+00:00,STRING
thyroid-branch,NR3C1,FOS,9606.ENSP00000231509,9606.ENSP00000306245,NR3C1,FOS,0.961,700,functional,9606,2026-08-30T07:50:54.272243+00:00,STRING
thyroid-branch,NR3C1,JUN,9606.ENSP00000231509,9606.ENSP00000360266,NR3C1,JUN,0.961,700,functional,9606,2026-08-30T07:50:54.272243+00:00,STRING
thyroid-branch,NR3C1,FKBP5,9606.ENSP00000231509,9606.ENSP00000444810,NR3C1,FKBP5,0.999,700,functional,9606,2026-08-30T07:50:54.272243+00:00,STRING
thyroid-branch,PRTN3,MMP9,9606.ENSP00000234347,9606.ENSP00000361405,PRTN3,MMP9,0.71,700,functional,9606,2026-08-30T07:50:54.272243+00:00,STRING
thyroid-branch,PRTN3,ELN,9606.ENSP00000234347,9606.ENSP00000351807,PRTN3,ELN,0.737,700,functional,9606,2026-08-30T07:50:54.272243+00:00,STRING
thyroid-branch,PRTN3,SERPINA1,9606.ENSP00000234347,9606.ENSP00000416066,PRTN3,SERPINA1,0.838,700,functional,9606,2026-08-30T07:50:54.272243+00:00,STRING
thyroid-branch,TTR,SNCA,9606.ENSP00000237014,9606.ENSP00000500990,TTR,SNCA,0.753,700,functional,9606,2026-08-30T07:50:54.272243+00:00,STRING
thyroid-branch,TTR,AHSG,9606.ENSP00000237014,9606.ENSP00000273784,TTR,AHSG,0.858,700,functional,9606,2026-08-30T07:50:54.272243+00:00,STRING
thyroid-branch,TTR,FOXA2,9606.ENSP00000237014,9606.ENSP00000400341,TTR,FOXA2,0.861,700,functional,9606,2026-08-30T07:50:54.272243+00:00,STRING
thyroid-branch,TTR,CLU,9606.ENSP00000237014,9606.ENSP00000315130,TTR,CLU,0.885,700,functional,9606,2026-08-30T07:50:54.272243+00:00,STRING
thyroid-branch,TTR,SERPINA1,9606.ENSP00000237014,9606.ENSP00000416066,TTR,SERPINA1,0.961,700,functional,9606,2026-08-30T07:50:54.272243+00:00,STRING
thyroid-branch,TTR,APP,9606.ENSP00000237014,9606.ENSP00000284981,TTR,APP,0.982,700,functional,9606,2026-08-30T07:50:54.272243+00:00,STRING
thyroid-branch,TTR,ALB,9606.ENSP00000237014,9606.ENSP00000295897,TTR,ALB,0.994,700,functional,9606,2026-08-30T07:50:54.272243+00:00,STRING
thyroid-branch,AHR,ESR1,9606.ENSP00000242057,9606.ENSP00000405330,AHR,ESR1,0.906,700,functional,9606,2026-08-30T07:50:54.272243+00:00,STRING
thyroid-branch,AHR,CYP1A1,9606.ENSP00000242057,9606.ENSP00000378488,AHR,CYP1A1,0.973,700,functional,9606,2026-08-30T07:50:54.272243+00:00,STRING
thyroid-branch,PIN1,MAPT,9606.ENSP00000247970,9606.ENSP00000340820,PIN1,MAPT,0.716,700,functional,9606,2026-08-30T07:50:54.272243+00:00,STRING
thyroid-branch,PIN1,MYC,9606.ENSP00000247970,9606.ENSP00000478887,PIN1,MYC,0.881,700,functional,9606,2026-08-30T07:50:54.272243+00:00,STRING
thyroid-branch,PIN1,TP53,9606.ENSP00000247970,9606.ENSP00000269305,PIN1,TP53,0.946,700,functional,9606,2026-08-30T07:50:54.272243+00:00,STRING
thyroid-branch,GFER,CYCS,9606.ENSP00000248114,9606.ENSP00000307786,GFER,CYCS,0.781,700,functional,9606,2026-08-30T07:50:54.272243+00:00,STRING
thyroid-branch,GGT1,GSTM1,9606.ENSP00000248923,9606.ENSP00000311469,GGT1,GSTM1,0.754,700,functional,9606,2026-08-30T07:50:54.272243+00:00,STRING
thyroid-branch,GGT1,GSTP1,9606.ENSP00000248923,9606.ENSP00000381607,GGT1,GSTP1,0.781,700,functional,9606,2026-08-30T07:50:54.272243+00:00,STRING
thyroid-branch,GGT1,GPX3,9606.ENSP00000248923,9606.ENSP00000373477,GGT1,GPX3,0.82,700,functional,9606,2026-08-30T07:50:54.272243+00:00,STRING
thyroid-branch,GGT1,PRDX6,9606.ENSP00000248923,9606.ENSP00000342026,GGT1,PRDX6,0.909,700,functional,9606,2026-08-30T07:50:54.272243+00:00,STRING
thyroid-branch,GGT1,GPX4,9606.ENSP00000248923,9606.ENSP00000346103,GGT1,GPX4,0.924,700,functional,9606,2026-08-30T07:50:54.272243+00:00,STRING
thyroid-branch,FOXA1,FOXA2,9606.ENSP00000250448,9606.ENSP00000400341,FOXA1,FOXA2,0.71,700,functional,9606,2026-08-30T07:50:54.272243+00:00,STRING
thyroid-branch,FOXA1,TP53,9606.ENSP00000250448,9606.ENSP00000269305,FOXA1,TP53,0.735,700,functional,9606,2026-08-30T07:50:54.272243+00:00,STRING
thyroid-branch,FOXA1,SOX2,9606.ENSP00000250448,9606.ENSP00000323588,FOXA1,SOX2,0.74,700,functional,9606,2026-08-30T07:50:54.272243+00:00,STRING
thyroid-branch,FOXA1,MYC,9606.ENSP00000250448,9606.ENSP00000478887,FOXA1,MYC,0.764,700,functional,9606,2026-08-30T07:50:54.272243+00:00,STRING
thyroid-branch,FOXA1,SOX17,9606.ENSP00000250448,9606.ENSP00000297316,FOXA1,SOX17,0.788,700,functional,9606,2026-08-30T07:50:54.272243+00:00,STRING
thyroid-branch,FOXA1,FOS,9606.ENSP00000250448,9606.ENSP00000306245,FOXA1,FOS,0.802,700,functional,9606,2026-08-30T07:50:54.272243+00:00,STRING
thyroid-branch,FOXA1,JUN,9606.ENSP00000250448,9606.ENSP00000360266,FOXA1,JUN,0.817,700,functional,9606,2026-08-30T07:50:54.272243+00:00,STRING
thyroid-branch,FOXA1,NCOA3,9606.ENSP00000250448,9606.ENSP00000361066,FOXA1,NCOA3,0.854,700,functional,9606,2026-08-30T07:50:54.272243+00:00,STRING
thyroid-branch,FOXA1,HDAC9,9606.ENSP00000250448,9606.ENSP00000408617,FOXA1,HDAC9,0.881,700,functional,9606,2026-08-30T07:50:54.272243+00:00,STRING
thyroid-branch,FOXA1,PGR,9606.ENSP00000250448,9606.ENSP00000325120,FOXA1,PGR,0.887,700,functional,9606,2026-08-30T07:50:54.272243+00:00,STRING
thyroid-branch,FOXA1,AR,9606.ENSP00000250448,9606.ENSP00000363822,FOXA1,AR,0.996,700,functional,9606,2026-08-30T07:50:54.272243+00:00,STRING
thyroid-branch,FOXA1,ESR1,9606.ENSP00000250448,9606.ENSP00000405330,FOXA1,ESR1,0.998,700,functional,9606,2026-08-30T07:50:54.272243+00:00,STRING
thyroid-branch,TSG101,TP53,9606.ENSP00000251968,9606.ENSP00000269305,TSG101,TP53,0.701,700,functional,9606,2026-08-30T07:50:54.272243+00:00,STRING
thyroid-branch,TSG101,EGFR,9606.ENSP00000251968,9606.ENSP00000275493,TSG101,EGFR,0.756,700,functional,9606,2026-08-30T07:50:54.272243+00:00,STRING
thyroid-branch,GDF15,TP53,9606.ENSP00000252809,9606.ENSP00000269305,GDF15,TP53,0.762,700,functional,9606,2026-08-30T07:50:54.272243+00:00,STRING
thyroid-branch,CHI3L1,IL1B,9606.ENSP00000255409,9606.ENSP00000263341,CHI3L1,IL1B,0.713,700,functional,9606,2026-08-30T07:50:54.272243+00:00,STRING
thyroid-branch,MBD2,DNMT1,9606.ENSP00000256429,9606.ENSP00000352516,MBD2,DNMT1,0.983,700,functional,9606,2026-08-30T07:50:54.272243+00:00,STRING
thyroid-branch,TSHB,TRHR,9606.ENSP00000256592,9606.ENSP00000430711,TSHB,TRHR,0.9,700,functional,9606,2026-08-30T07:50:54.272243+00:00,STRING
thyroid-branch,TSHB,GLP1R,9606.ENSP00000256592,9606.ENSP00000362353,TSHB,GLP1R,0.904,700,functional,9606,2026-08-30T07:50:54.272243+00:00,STRING
thyroid-branch,TSHB,GNAS,9606.ENSP00000256592,9606.ENSP00000360141,TSHB,GNAS,0.947,700,functional,9606,2026-08-30T07:50:54.272243+00:00,STRING
thyroid-branch,TSHB,TSHR,9606.ENSP00000256592,9606.ENSP00000441235,TSHB,TSHR,0.998,700,functional,9606,2026-08-30T07:50:54.272243+00:00,STRING
thyroid-branch,MDM2,HDAC6,9606.ENSP00000258149,9606.ENSP00000365804,MDM2,HDAC6,0.701,700,functional,9606,2026-08-30T07:50:54.272243+00:00,STRING
thyroid-branch,MDM2,S100A4,9606.ENSP00000258149,9606.ENSP00000357704,MDM2,S100A4,0.706,700,functional,9606,2026-08-30T07:50:54.272243+00:00,STRING
thyroid-branch,MDM2,FOS,9606.ENSP00000258149,9606.ENSP00000306245,MDM2,FOS,0.722,700,functional,9606,2026-08-30T07:50:54.272243+00:00,STRING
thyroid-branch,MDM2,PKM,9606.ENSP00000258149,9606.ENSP00000320171,MDM2,PKM,0.722,700,functional,9606,2026-08-30T07:50:54.272243+00:00,STRING
thyroid-branch,MDM2,MCL1,9606.ENSP00000258149,9606.ENSP00000358022,MDM2,MCL1,0.75,700,functional,9606,2026-08-30T07:50:54.272243+00:00,STRING
thyroid-branch,MDM2,BRCA1,9606.ENSP00000258149,9606.ENSP00000418960,MDM2,BRCA1,0.794,700,functional,9606,2026-08-30T07:50:54.272243+00:00,STRING
thyroid-branch,MDM2,BCL2L1,9606.ENSP00000258149,9606.ENSP00000365230,MDM2,BCL2L1,0.794,700,functional,9606,2026-08-30T07:50:54.272243+00:00,STRING
thyroid-branch,MDM2,GRK2,9606.ENSP00000258149,9606.ENSP00000312262,MDM2,GRK2,0.802,700,functional,9606,2026-08-30T07:50:54.272243+00:00,STRING
thyroid-branch,MDM2,JUN,9606.ENSP00000258149,9606.ENSP00000360266,MDM2,JUN,0.803,700,functional,9606,2026-08-30T07:50:54.272243+00:00,STRING
thyroid-branch,MDM2,MYC,9606.ENSP00000258149,9606.ENSP00000478887,MDM2,MYC,0.813,700,functional,9606,2026-08-30T07:50:54.272243+00:00,STRING
thyroid-branch,MDM2,CCNA2,9606.ENSP00000258149,9606.ENSP00000481380,MDM2,CCNA2,0.837,700,functional,9606,2026-08-30T07:50:54.272243+00:00,STRING
thyroid-branch,MDM2,CASP9,9606.ENSP00000258149,9606.ENSP00000330237,MDM2,CASP9,0.869,700,functional,9606,2026-08-30T07:50:54.272243+00:00,STRING
thyroid-branch,MDM2,ABL1,9606.ENSP00000258149,9606.ENSP00000361423,MDM2,ABL1,0.896,700,functional,9606,2026-08-30T07:50:54.272243+00:00,STRING
thyroid-branch,MDM2,EGFR,9606.ENSP00000258149,9606.ENSP00000275493,MDM2,EGFR,0.897,700,functional,9606,2026-08-30T07:50:54.272243+00:00,STRING
thyroid-branch,MDM2,ESR1,9606.ENSP00000258149,9606.ENSP00000405330,MDM2,ESR1,0.946,700,functional,9606,2026-08-30T07:50:54.272243+00:00,STRING
thyroid-branch,MDM2,BCL2,9606.ENSP00000258149,9606.ENSP00000381185,MDM2,BCL2,0.953,700,functional,9606,2026-08-30T07:50:54.272243+00:00,STRING
thyroid-branch,MDM2,CASP3,9606.ENSP00000258149,9606.ENSP00000311032,MDM2,CASP3,0.966,700,functional,9606,2026-08-30T07:50:54.272243+00:00,STRING
thyroid-branch,MDM2,CDKN1A,9606.ENSP00000258149,9606.ENSP00000384849,MDM2,CDKN1A,0.98,700,functional,9606,2026-08-30T07:50:54.272243+00:00,STRING
thyroid-branch,MDM2,HIF1A,9606.ENSP00000258149,9606.ENSP00000437955,MDM2,HIF1A,0.988,700,functional,9606,2026-08-30T07:50:54.272243+00:00,STRING
thyroid-branch,MDM2,ATM,9606.ENSP00000258149,9606.ENSP00000278616,MDM2,ATM,0.995,700,functional,9606,2026-08-30T07:50:54.272243+00:00,STRING
thyroid-branch,MDM2,AR,9606.ENSP00000258149,9606.ENSP00000363822,MDM2,AR,0.998,700,functional,9606,2026-08-30T07:50:54.272243+00:00,STRING
thyroid-branch,MDM2,AKT1,9606.ENSP00000258149,9606.ENSP00000451828,MDM2,AKT1,0.999,700,functional,9606,2026-08-30T07:50:54.272243+00:00,STRING
thyroid-branch,MDM2,MDM4,9606.ENSP00000258149,9606.ENSP00000356150,MDM2,MDM4,0.999,700,functional,9606,2026-08-30T07:50:54.272243+00:00,STRING
thyroid-branch,MDM2,TP53,9606.ENSP00000258149,9606.ENSP00000269305,MDM2,TP53,0.999,700,functional,9606,2026-08-30T07:50:54.272243+00:00,STRING
thyroid-branch,ARG2,NOS3,9606.ENSP00000261783,9606.ENSP00000297494,ARG2,NOS3,0.966,700,functional,9606,2026-08-30T07:50:54.272243+00:00,STRING
thyroid-branch,ATP5F1B,HSPD1,9606.ENSP00000262030,9606.ENSP00000340019,ATP5F1B,HSPD1,0.821,700,functional,9606,2026-08-30T07:50:54.272243+00:00,STRING
thyroid-branch,ATP5F1B,ESRRA,9606.ENSP00000262030,9606.ENSP00000384851,ATP5F1B,ESRRA,0.833,700,functional,9606,2026-08-30T07:50:54.272243+00:00,STRING
thyroid-branch,ATP5F1B,SDHA,9606.ENSP00000262030,9606.ENSP00000264932,ATP5F1B,SDHA,0.917,700,functional,9606,2026-08-30T07:50:54.272243+00:00,STRING
thyroid-branch,SMAD2,PPARG,9606.ENSP00000262160,9606.ENSP00000287820,SMAD2,PPARG,0.707,700,functional,9606,2026-08-30T07:50:54.272243+00:00,STRING
thyroid-branch,SMAD2,NCOA3,9606.ENSP00000262160,9606.ENSP00000361066,SMAD2,NCOA3,0.709,700,functional,9606,2026-08-30T07:50:54.272243+00:00,STRING
thyroid-branch,SMAD2,IGF1,9606.ENSP00000262160,9606.ENSP00000376637,SMAD2,IGF1,0.716,700,functional,9606,2026-08-30T07:50:54.272243+00:00,STRING
thyroid-branch,SMAD2,EGFR,9606.ENSP00000262160,9606.ENSP00000275493,SMAD2,EGFR,0.736,700,functional,9606,2026-08-30T07:50:54.272243+00:00,STRING
thyroid-branch,SMAD2,SOX2,9606.ENSP00000262160,9606.ENSP00000323588,SMAD2,SOX2,0.756,700,functional,9606,2026-08-30T07:50:54.272243+00:00,STRING
thyroid-branch,SMAD2,MEN1,9606.ENSP00000262160,9606.ENSP00000337088,SMAD2,MEN1,0.768,700,functional,9606,2026-08-30T07:50:54.272243+00:00,STRING
thyroid-branch,SMAD2,EPAS1,9606.ENSP00000262160,9606.ENSP00000263734,SMAD2,EPAS1,0.787,700,functional,9606,2026-08-30T07:50:54.272243+00:00,STRING
thyroid-branch,SMAD2,ESR1,9606.ENSP00000262160,9606.ENSP00000405330,SMAD2,ESR1,0.83,700,functional,9606,2026-08-30T07:50:54.272243+00:00,STRING
thyroid-branch,SMAD2,AKT1,9606.ENSP00000262160,9606.ENSP00000451828,SMAD2,AKT1,0.918,700,functional,9606,2026-08-30T07:50:54.272243+00:00,STRING
thyroid-branch,SMAD2,JUN,9606.ENSP00000262160,9606.ENSP00000360266,SMAD2,JUN,0.925,700,functional,9606,2026-08-30T07:50:54.272243+00:00,STRING
thyroid-branch,SMAD2,MYC,9606.ENSP00000262160,9606.ENSP00000478887,SMAD2,MYC,0.982,700,functional,9606,2026-08-30T07:50:54.272243+00:00,STRING
thyroid-branch,SMAD2,TP53,9606.ENSP00000262160,9606.ENSP00000269305,SMAD2,TP53,0.993,700,functional,9606,2026-08-30T07:50:54.272243+00:00,STRING
thyroid-branch,PRDX1,TP53,9606.ENSP00000262746,9606.ENSP00000269305,PRDX1,TP53,0.723,700,functional,9606,2026-08-30T07:50:54.272243+00:00,STRING
thyroid-branch,PRDX1,ENO1,9606.ENSP00000262746,9606.ENSP00000495530,PRDX1,ENO1,0.724,700,functional,9606,2026-08-30T07:50:54.272243+00:00,STRING
thyroid-branch,PRDX1,MYC,9606.ENSP00000262746,9606.ENSP00000478887,PRDX1,MYC,0.766,700,functional,9606,2026-08-30T07:50:54.272243+00:00,STRING
thyroid-branch,PRDX1,GSTP1,9606.ENSP00000262746,9606.ENSP00000381607,PRDX1,GSTP1,0.787,700,functional,9606,2026-08-30T07:50:54.272243+00:00,STRING
thyroid-branch,PRDX1,GPX3,9606.ENSP00000262746,9606.ENSP00000373477,PRDX1,GPX3,0.794,700,functional,9606,2026-08-30T07:50:54.272243+00:00,STRING
thyroid-branch,PRDX1,NFE2L2,9606.ENSP00000262746,9606.ENSP00000380252,PRDX1,NFE2L2,0.894,700,functional,9606,2026-08-30T07:50:54.272243+00:00,STRING
thyroid-branch,PRDX1,ABL1,9606.ENSP00000262746,9606.ENSP00000361423,PRDX1,ABL1,0.927,700,functional,9606,2026-08-30T07:50:54.272243+00:00,STRING
thyroid-branch,SYP,EGFR,9606.ENSP00000263233,9606.ENSP00000275493,SYP,EGFR,0.709,700,functional,9606,2026-08-30T07:50:54.272243+00:00,STRING
thyroid-branch,SYP,MAPT,9606.ENSP00000263233,9606.ENSP00000340820,SYP,MAPT,0.855,700,functional,9606,2026-08-30T07:50:54.272243+00:00,STRING
thyroid-branch,SYP,APP,9606.ENSP00000263233,9606.ENSP00000284981,SYP,APP,0.918,700,functional,9606,2026-08-30T07:50:54.272243+00:00,STRING
thyroid-branch,IL1B,FGF7,9606.ENSP00000263341,9606.ENSP00000267843,IL1B,FGF7,0.708,700,functional,9606,2026-08-30T07:50:54.272243+00:00,STRING
thyroid-branch,IL1B,PPARA,9606.ENSP00000263341,9606.ENSP00000385523,IL1B,PPARA,0.711,700,functional,9606,2026-08-30T07:50:54.272243+00:00,STRING
thyroid-branch,IL1B,RORC,9606.ENSP00000263341,9606.ENSP00000327025,IL1B,RORC,0.713,700,functional,9606,2026-08-30T07:50:54.272243+00:00,STRING
thyroid-branch,IL1B,TP53,9606.ENSP00000263341,9606.ENSP00000269305,IL1B,TP53,0.718,700,functional,9606,2026-08-30T07:50:54.272243+00:00,STRING
thyroid-branch,IL1B,NGF,9606.ENSP00000263341,9606.ENSP00000358525,IL1B,NGF,0.728,700,functional,9606,2026-08-30T07:50:54.272243+00:00,STRING
thyroid-branch,IL1B,HSPA5,9606.ENSP00000263341,9606.ENSP00000324173,IL1B,HSPA5,0.731,700,functional,9606,2026-08-30T07:50:54.272243+00:00,STRING
thyroid-branch,IL1B,GPX3,9606.ENSP00000263341,9606.ENSP00000373477,IL1B,GPX3,0.742,700,functional,9606,2026-08-30T07:50:54.272243+00:00,STRING
thyroid-branch,IL1B,NFE2L2,9606.ENSP00000263341,9606.ENSP00000380252,IL1B,NFE2L2,0.749,700,functional,9606,2026-08-30T07:50:54.272243+00:00,STRING
thyroid-branch,IL1B,BCL2L1,9606.ENSP00000263341,9606.ENSP00000365230,IL1B,BCL2L1,0.764,700,functional,9606,2026-08-30T07:50:54.272243+00:00,STRING
thyroid-branch,IL1B,HIF1A,9606.ENSP00000263341,9606.ENSP00000437955,IL1B,HIF1A,0.771,700,functional,9606,2026-08-30T07:50:54.272243+00:00,STRING
thyroid-branch,IL1B,MYC,9606.ENSP00000263341,9606.ENSP00000478887,IL1B,MYC,0.778,700,functional,9606,2026-08-30T07:50:54.272243+00:00,STRING
thyroid-branch,IL1B,EDN1,9606.ENSP00000263341,9606.ENSP00000368683,IL1B,EDN1,0.803,700,functional,9606,2026-08-30T07:50:54.272243+00:00,STRING
thyroid-branch,IL1B,BCL2,9606.ENSP00000263341,9606.ENSP00000381185,IL1B,BCL2,0.808,700,functional,9606,2026-08-30T07:50:54.272243+00:00,STRING
thyroid-branch,IL1B,ESR1,9606.ENSP00000263341,9606.ENSP00000405330,IL1B,ESR1,0.82,700,functional,9606,2026-08-30T07:50:54.272243+00:00,STRING
thyroid-branch,IL1B,CASP9,9606.ENSP00000263341,9606.ENSP00000330237,IL1B,CASP9,0.826,700,functional,9606,2026-08-30T07:50:54.272243+00:00,STRING
thyroid-branch,IL1B,APP,9606.ENSP00000263341,9606.ENSP00000284981,IL1B,APP,0.828,700,functional,9606,2026-08-30T07:50:54.272243+00:00,STRING
thyroid-branch,IL1B,ALB,9606.ENSP00000263341,9606.ENSP00000295897,IL1B,ALB,0.836,700,functional,9606,2026-08-30T07:50:54.272243+00:00,STRING
thyroid-branch,IL1B,IGF1,9606.ENSP00000263341,9606.ENSP00000376637,IL1B,IGF1,0.847,700,functional,9606,2026-08-30T07:50:54.272243+00:00,STRING
thyroid-branch,IL1B,PPARG,9606.ENSP00000263341,9606.ENSP00000287820,IL1B,PPARG,0.858,700,functional,9606,2026-08-30T07:50:54.272243+00:00,STRING
thyroid-branch,IL1B,AKT1,9606.ENSP00000263341,9606.ENSP00000451828,IL1B,AKT1,0.864,700,functional,9606,2026-08-30T07:50:54.272243+00:00,STRING
thyroid-branch,IL1B,NOD2,9606.ENSP00000263341,9606.ENSP00000300589,IL1B,NOD2,0.866,700,functional,9606,2026-08-30T07:50:54.272243+00:00,STRING
thyroid-branch,IL1B,EGFR,9606.ENSP00000263341,9606.ENSP00000275493,IL1B,EGFR,0.873,700,functional,9606,2026-08-30T07:50:54.272243+00:00,STRING
thyroid-branch,IL1B,FOS,9606.ENSP00000263341,9606.ENSP00000306245,IL1B,FOS,0.894,700,functional,9606,2026-08-30T07:50:54.272243+00:00,STRING
thyroid-branch,IL1B,CASP3,9606.ENSP00000263341,9606.ENSP00000311032,IL1B,CASP3,0.899,700,functional,9606,2026-08-30T07:50:54.272243+00:00,STRING
thyroid-branch,IL1B,MMP9,9606.ENSP00000263341,9606.ENSP00000361405,IL1B,MMP9,0.949,700,functional,9606,2026-08-30T07:50:54.272243+00:00,STRING
thyroid-branch,IL1B,CXCL10,9606.ENSP00000263341,9606.ENSP00000305651,IL1B,CXCL10,0.962,700,functional,9606,2026-08-30T07:50:54.272243+00:00,STRING
thyroid-branch,IL1B,HMGB1,9606.ENSP00000263341,9606.ENSP00000345347,IL1B,HMGB1,0.97,700,functional,9606,2026-08-30T07:50:54.272243+00:00,STRING
thyroid-branch,IL1B,TLR9,9606.ENSP00000263341,9606.ENSP00000353874,IL1B,TLR9,0.975,700,functional,9606,2026-08-30T07:50:54.272243+00:00,STRING
thyroid-branch,IL1B,JUN,9606.ENSP00000263341,9606.ENSP00000360266,IL1B,JUN,0.987,700,functional,9606,2026-08-30T07:50:54.272243+00:00,STRING
thyroid-branch,IL1B,CXCL8,9606.ENSP00000263341,9606.ENSP00000306512,IL1B,CXCL8,0.994,700,functional,9606,2026-08-30T07:50:54.272243+00:00,STRING
thyroid-branch,IL1B,NLRP3,9606.ENSP00000263341,9606.ENSP00000337383,IL1B,NLRP3,0.997,700,functional,9606,2026-08-30T07:50:54.272243+00:00,STRING
thyroid-branch,IL1B,TNF,9606.ENSP00000263341,9606.ENSP00000398698,IL1B,TNF,0.998,700,functional,9606,2026-08-30T07:50:54.272243+00:00,STRING
thyroid-branch,IL1B,CASP1,9606.ENSP00000263341,9606.ENSP00000433138,IL1B,CASP1,0.999,700,functional,9606,2026-08-30T07:50:54.272243+00:00,STRING
thyroid-branch,EPAS1,JUN,9606.ENSP00000263734,9606.ENSP00000360266,EPAS1,JUN,0.716,700,functional,9606,2026-08-30T07:50:54.272243+00:00,STRING
thyroid-branch,EPAS1,ESR1,9606.ENSP00000263734,9606.ENSP00000405330,EPAS1,ESR1,0.724,700,functional,9606,2026-08-30T07:50:54.272243+00:00,STRING
thyroid-branch,EPAS1,TP53,9606.ENSP00000263734,9606.ENSP00000269305,EPAS1,TP53,0.736,700,functional,9606,2026-08-30T07:50:54.272243+00:00,STRING
thyroid-branch,EPAS1,EGFR,9606.ENSP00000263734,9606.ENSP00000275493,EPAS1,EGFR,0.821,700,functional,9606,2026-08-30T07:50:54.272243+00:00,STRING
thyroid-branch,EPAS1,SOX2,9606.ENSP00000263734,9606.ENSP00000323588,EPAS1,SOX2,0.874,700,functional,9606,2026-08-30T07:50:54.272243+00:00,STRING
thyroid-branch,EPAS1,MYC,9606.ENSP00000263734,9606.ENSP00000478887,EPAS1,MYC,0.932,700,functional,9606,2026-08-30T07:50:54.272243+00:00,STRING
thyroid-branch,EPAS1,HIF1A,9606.ENSP00000263734,9606.ENSP00000437955,EPAS1,HIF1A,0.998,700,functional,9606,2026-08-30T07:50:54.272243+00:00,STRING
thyroid-branch,SDHA,HSPD1,9606.ENSP00000264932,9606.ENSP00000340019,SDHA,HSPD1,0.775,700,functional,9606,2026-08-30T07:50:54.272243+00:00,STRING
thyroid-branch,SDHA,IDH1,9606.ENSP00000264932,9606.ENSP00000390265,SDHA,IDH1,0.852,700,functional,9606,2026-08-30T07:50:54.272243+00:00,STRING
thyroid-branch,SDHA,CYCS,9606.ENSP00000264932,9606.ENSP00000307786,SDHA,CYCS,0.93,700,functional,9606,2026-08-30T07:50:54.272243+00:00,STRING
thyroid-branch,TIMP3,MMP14,9606.ENSP00000266085,9606.ENSP00000308208,TIMP3,MMP14,0.93,700,functional,9606,2026-08-30T07:50:54.272243+00:00,STRING
thyroid-branch,TIMP3,MMP9,9606.ENSP00000266085,9606.ENSP00000361405,TIMP3,MMP9,0.995,700,functional,9606,2026-08-30T07:50:54.272243+00:00,STRING
thyroid-branch,TIMP3,ADAM17,9606.ENSP00000266085,9606.ENSP00000309968,TIMP3,ADAM17,0.996,700,functional,9606,2026-08-30T07:50:54.272243+00:00,STRING
thyroid-branch,ASCL1,FOXA2,9606.ENSP00000266744,9606.ENSP00000400341,ASCL1,FOXA2,0.738,700,functional,9606,2026-08-30T07:50:54.272243+00:00,STRING
thyroid-branch,ASCL1,SOX2,9606.ENSP00000266744,9606.ENSP00000323588,ASCL1,SOX2,0.748,700,functional,9606,2026-08-30T07:50:54.272243+00:00,STRING
thyroid-branch,ASCL1,CREB1,9606.ENSP00000266744,9606.ENSP00000387699,ASCL1,CREB1,0.906,700,functional,9606,2026-08-30T07:50:54.272243+00:00,STRING
thyroid-branch,FGF7,ELN,9606.ENSP00000267843,9606.ENSP00000351807,FGF7,ELN,0.703,700,functional,9606,2026-08-30T07:50:54.272243+00:00,STRING
thyroid-branch,FGF7,NGF,9606.ENSP00000267843,9606.ENSP00000358525,FGF7,NGF,0.706,700,functional,9606,2026-08-30T07:50:54.272243+00:00,STRING
thyroid-branch,FGF7,ALB,9606.ENSP00000267843,9606.ENSP00000295897,FGF7,ALB,0.763,700,functional,9606,2026-08-30T07:50:54.272243+00:00,STRING
thyroid-branch,FGF7,IGF1,9606.ENSP00000267843,9606.ENSP00000376637,FGF7,IGF1,0.827,700,functional,9606,2026-08-30T07:50:54.272243+00:00,STRING
thyroid-branch,FGF7,CXCL8,9606.ENSP00000267843,9606.ENSP00000306512,FGF7,CXCL8,0.881,700,functional,9606,2026-08-30T07:50:54.272243+00:00,STRING
thyroid-branch,FGF7,EGFR,9606.ENSP00000267843,9606.ENSP00000275493,FGF7,EGFR,0.927,700,functional,9606,2026-08-30T07:50:54.272243+00:00,STRING
thyroid-branch,TP53,THRB,9606.ENSP00000269305,9606.ENSP00000379904,TP53,THRB,0.705,700,functional,9606,2026-08-30T07:50:54.272243+00:00,STRING
thyroid-branch,TP53,VCP,9606.ENSP00000269305,9606.ENSP00000351777,TP53,VCP,0.709,700,functional,9606,2026-08-30T07:50:54.272243+00:00,STRING
thyroid-branch,TP53,SLC7A11,9606.ENSP00000269305,9606.ENSP00000280612,TP53,SLC7A11,0.71,700,functional,9606,2026-08-30T07:50:54.272243+00:00,STRING
thyroid-branch,TP53,APP,9606.ENSP00000269305,9606.ENSP00000284981,TP53,APP,0.714,700,functional,9606,2026-08-30T07:50:54.272243+00:00,STRING
thyroid-branch,TP53,IGF1,9606.ENSP00000269305,9606.ENSP00000376637,TP53,IGF1,0.72,700,functional,9606,2026-08-30T07:50:54.272243+00:00,STRING
thyroid-branch,TP53,MEN1,9606.ENSP00000269305,9606.ENSP00000337088,TP53,MEN1,0.72,700,functional,9606,2026-08-30T07:50:54.272243+00:00,STRING
thyroid-branch,TP53,ALB,9606.ENSP00000269305,9606.ENSP00000295897,TP53,ALB,0.722,700,functional,9606,2026-08-30T07:50:54.272243+00:00,STRING
thyroid-branch,TP53,STAT5B,9606.ENSP00000269305,9606.ENSP00000293328,TP53,STAT5B,0.728,700,functional,9606,2026-08-30T07:50:54.272243+00:00,STRING
thyroid-branch,TP53,GPX4,9606.ENSP00000269305,9606.ENSP00000346103,TP53,GPX4,0.73,700,functional,9606,2026-08-30T07:50:54.272243+00:00,STRING
thyroid-branch,TP53,CASP7,9606.ENSP00000269305,9606.ENSP00000358327,TP53,CASP7,0.74,700,functional,9606,2026-08-30T07:50:54.272243+00:00,STRING
thyroid-branch,TP53,HDAC3,9606.ENSP00000269305,9606.ENSP00000302967,TP53,HDAC3,0.741,700,functional,9606,2026-08-30T07:50:54.272243+00:00,STRING
thyroid-branch,TP53,KMT2A,9606.ENSP00000269305,9606.ENSP00000436786,TP53,KMT2A,0.757,700,functional,9606,2026-08-30T07:50:54.272243+00:00,STRING
thyroid-branch,TP53,NFE2L2,9606.ENSP00000269305,9606.ENSP00000380252,TP53,NFE2L2,0.78,700,functional,9606,2026-08-30T07:50:54.272243+00:00,STRING
thyroid-branch,TP53,ESR2,9606.ENSP00000269305,9606.ENSP00000343925,TP53,ESR2,0.783,700,functional,9606,2026-08-30T07:50:54.272243+00:00,STRING
thyroid-branch,TP53,CXCL8,9606.ENSP00000269305,9606.ENSP00000306512,TP53,CXCL8,0.804,700,functional,9606,2026-08-30T07:50:54.272243+00:00,STRING
thyroid-branch,TP53,KEAP1,9606.ENSP00000269305,9606.ENSP00000377245,TP53,KEAP1,0.81,700,functional,9606,2026-08-30T07:50:54.272243+00:00,STRING
thyroid-branch,TP53,GNAS,9606.ENSP00000269305,9606.ENSP00000360141,TP53,GNAS,0.81,700,functional,9606,2026-08-30T07:50:54.272243+00:00,STRING
thyroid-branch,TP53,HSPA5,9606.ENSP00000269305,9606.ENSP00000324173,TP53,HSPA5,0.824,700,functional,9606,2026-08-30T07:50:54.272243+00:00,STRING
thyroid-branch,TP53,PKM,9606.ENSP00000269305,9606.ENSP00000320171,TP53,PKM,0.825,700,functional,9606,2026-08-30T07:50:54.272243+00:00,STRING
thyroid-branch,TP53,MMP9,9606.ENSP00000269305,9606.ENSP00000361405,TP53,MMP9,0.838,700,functional,9606,2026-08-30T07:50:54.272243+00:00,STRING
thyroid-branch,TP53,S100A6,9606.ENSP00000269305,9606.ENSP00000357709,TP53,S100A6,0.842,700,functional,9606,2026-08-30T07:50:54.272243+00:00,STRING
thyroid-branch,TP53,IDH1,9606.ENSP00000269305,9606.ENSP00000390265,TP53,IDH1,0.845,700,functional,9606,2026-08-30T07:50:54.272243+00:00,STRING
thyroid-branch,TP53,PGR,9606.ENSP00000269305,9606.ENSP00000325120,TP53,PGR,0.849,700,functional,9606,2026-08-30T07:50:54.272243+00:00,STRING
thyroid-branch,TP53,TNF,9606.ENSP00000269305,9606.ENSP00000398698,TP53,TNF,0.865,700,functional,9606,2026-08-30T07:50:54.272243+00:00,STRING
thyroid-branch,TP53,BCL2L11,9606.ENSP00000269305,9606.ENSP00000376943,TP53,BCL2L11,0.867,700,functional,9606,2026-08-30T07:50:54.272243+00:00,STRING
thyroid-branch,TP53,CASP1,9606.ENSP00000269305,9606.ENSP00000433138,TP53,CASP1,0.876,700,functional,9606,2026-08-30T07:50:54.272243+00:00,STRING
thyroid-branch,TP53,SOX2,9606.ENSP00000269305,9606.ENSP00000323588,TP53,SOX2,0.883,700,functional,9606,2026-08-30T07:50:54.272243+00:00,STRING
thyroid-branch,TP53,IGFBP3,9606.ENSP00000269305,9606.ENSP00000370473,TP53,IGFBP3,0.901,700,functional,9606,2026-08-30T07:50:54.272243+00:00,STRING
thyroid-branch,TP53,AR,9606.ENSP00000269305,9606.ENSP00000363822,TP53,AR,0.905,700,functional,9606,2026-08-30T07:50:54.272243+00:00,STRING
thyroid-branch,TP53,TNFRSF10B,9606.ENSP00000269305,9606.ENSP00000276431,TP53,TNFRSF10B,0.908,700,functional,9606,2026-08-30T07:50:54.272243+00:00,STRING
thyroid-branch,TP53,ABL1,9606.ENSP00000269305,9606.ENSP00000361423,TP53,ABL1,0.909,700,functional,9606,2026-08-30T07:50:54.272243+00:00,STRING
thyroid-branch,TP53,CYCS,9606.ENSP00000269305,9606.ENSP00000307786,TP53,CYCS,0.911,700,functional,9606,2026-08-30T07:50:54.272243+00:00,STRING
thyroid-branch,TP53,MCL1,9606.ENSP00000269305,9606.ENSP00000358022,TP53,MCL1,0.918,700,functional,9606,2026-08-30T07:50:54.272243+00:00,STRING
thyroid-branch,TP53,BIRC5,9606.ENSP00000269305,9606.ENSP00000301633,TP53,BIRC5,0.93,700,functional,9606,2026-08-30T07:50:54.272243+00:00,STRING
thyroid-branch,TP53,EGFR,9606.ENSP00000269305,9606.ENSP00000275493,TP53,EGFR,0.943,700,functional,9606,2026-08-30T07:50:54.272243+00:00,STRING
thyroid-branch,TP53,NQO1,9606.ENSP00000269305,9606.ENSP00000319788,TP53,NQO1,0.946,700,functional,9606,2026-08-30T07:50:54.272243+00:00,STRING
thyroid-branch,TP53,PPARG,9606.ENSP00000269305,9606.ENSP00000287820,TP53,PPARG,0.949,700,functional,9606,2026-08-30T07:50:54.272243+00:00,STRING
thyroid-branch,TP53,FOS,9606.ENSP00000269305,9606.ENSP00000306245,TP53,FOS,0.952,700,functional,9606,2026-08-30T07:50:54.272243+00:00,STRING
thyroid-branch,TP53,CASP9,9606.ENSP00000269305,9606.ENSP00000330237,TP53,CASP9,0.953,700,functional,9606,2026-08-30T07:50:54.272243+00:00,STRING
thyroid-branch,TP53,CASP3,9606.ENSP00000269305,9606.ENSP00000311032,TP53,CASP3,0.956,700,functional,9606,2026-08-30T07:50:54.272243+00:00,STRING
thyroid-branch,TP53,WRN,9606.ENSP00000269305,9606.ENSP00000298139,TP53,WRN,0.963,700,functional,9606,2026-08-30T07:50:54.272243+00:00,STRING
thyroid-branch,TP53,MUC1,9606.ENSP00000269305,9606.ENSP00000484824,TP53,MUC1,0.966,700,functional,9606,2026-08-30T07:50:54.272243+00:00,STRING
thyroid-branch,TP53,ESR1,9606.ENSP00000269305,9606.ENSP00000405330,TP53,ESR1,0.992,700,functional,9606,2026-08-30T07:50:54.272243+00:00,STRING
thyroid-branch,TP53,BAX,9606.ENSP00000269305,9606.ENSP00000293288,TP53,BAX,0.994,700,functional,9606,2026-08-30T07:50:54.272243+00:00,STRING
thyroid-branch,TP53,AKT1,9606.ENSP00000269305,9606.ENSP00000451828,TP53,AKT1,0.994,700,functional,9606,2026-08-30T07:50:54.272243+00:00,STRING
thyroid-branch,TP53,S100A4,9606.ENSP00000269305,9606.ENSP00000357704,TP53,S100A4,0.996,700,functional,9606,2026-08-30T07:50:54.272243+00:00,STRING
thyroid-branch,TP53,DNMT1,9606.ENSP00000269305,9606.ENSP00000352516,TP53,DNMT1,0.997,700,functional,9606,2026-08-30T07:50:54.272243+00:00,STRING
thyroid-branch,TP53,JUN,9606.ENSP00000269305,9606.ENSP00000360266,TP53,JUN,0.997,700,functional,9606,2026-08-30T07:50:54.272243+00:00,STRING
thyroid-branch,TP53,MYC,9606.ENSP00000269305,9606.ENSP00000478887,TP53,MYC,0.997,700,functional,9606,2026-08-30T07:50:54.272243+00:00,STRING
thyroid-branch,TP53,CCNA2,9606.ENSP00000269305,9606.ENSP00000481380,TP53,CCNA2,0.997,700,functional,9606,2026-08-30T07:50:54.272243+00:00,STRING
thyroid-branch,TP53,HMGB1,9606.ENSP00000269305,9606.ENSP00000345347,TP53,HMGB1,0.997,700,functional,9606,2026-08-30T07:50:54.272243+00:00,STRING
thyroid-branch,TP53,CREB1,9606.ENSP00000269305,9606.ENSP00000387699,TP53,CREB1,0.998,700,functional,9606,2026-08-30T07:50:54.272243+00:00,STRING
thyroid-branch,TP53,HIF1A,9606.ENSP00000269305,9606.ENSP00000437955,TP53,HIF1A,0.999,700,functional,9606,2026-08-30T07:50:54.272243+00:00,STRING
thyroid-branch,TP53,ATM,9606.ENSP00000269305,9606.ENSP00000278616,TP53,ATM,0.999,700,functional,9606,2026-08-30T07:50:54.272243+00:00,STRING
thyroid-branch,TP53,MDM4,9606.ENSP00000269305,9606.ENSP00000356150,TP53,MDM4,0.999,700,functional,9606,2026-08-30T07:50:54.272243+00:00,STRING
thyroid-branch,TP53,BCL2,9606.ENSP00000269305,9606.ENSP00000381185,TP53,BCL2,0.999,700,functional,9606,2026-08-30T07:50:54.272243+00:00,STRING
thyroid-branch,TP53,BCL2L1,9606.ENSP00000269305,9606.ENSP00000365230,TP53,BCL2L1,0.999,700,functional,9606,2026-08-30T07:50:54.272243+00:00,STRING
thyroid-branch,TP53,BRCA1,9606.ENSP00000269305,9606.ENSP00000418960,TP53,BRCA1,0.999,700,functional,9606,2026-08-30T07:50:54.272243+00:00,STRING
thyroid-branch,TP53,CDKN1A,9606.ENSP00000269305,9606.ENSP00000384849,TP53,CDKN1A,0.999,700,functional,9606,2026-08-30T07:50:54.272243+00:00,STRING
thyroid-branch,AHSG,SERPINA1,9606.ENSP00000273784,9606.ENSP00000416066,AHSG,SERPINA1,0.971,700,functional,9606,2026-08-30T07:50:54.272243+00:00,STRING
thyroid-branch,AHSG,ALB,9606.ENSP00000273784,9606.ENSP00000295897,AHSG,ALB,0.999,700,functional,9606,2026-08-30T07:50:54.272243+00:00,STRING
thyroid-branch,EGFR,GSTP1,9606.ENSP00000275493,9606.ENSP00000381607,EGFR,GSTP1,0.713,700,functional,9606,2026-08-30T07:50:54.272243+00:00,STRING
thyroid-branch,EGFR,GNAS,9606.ENSP00000275493,9606.ENSP00000360141,EGFR,GNAS,0.718,700,functional,9606,2026-08-30T07:50:54.272243+00:00,STRING
thyroid-branch,EGFR,SNCA,9606.ENSP00000275493,9606.ENSP00000500990,EGFR,SNCA,0.728,700,functional,9606,2026-08-30T07:50:54.272243+00:00,STRING
thyroid-branch,EGFR,KEAP1,9606.ENSP00000275493,9606.ENSP00000377245,EGFR,KEAP1,0.746,700,functional,9606,2026-08-30T07:50:54.272243+00:00,STRING
thyroid-branch,EGFR,CASP3,9606.ENSP00000275493,9606.ENSP00000311032,EGFR,CASP3,0.747,700,functional,9606,2026-08-30T07:50:54.272243+00:00,STRING
thyroid-branch,EGFR,CDKN1A,9606.ENSP00000275493,9606.ENSP00000384849,EGFR,CDKN1A,0.752,700,functional,9606,2026-08-30T07:50:54.272243+00:00,STRING
thyroid-branch,EGFR,CASP9,9606.ENSP00000275493,9606.ENSP00000330237,EGFR,CASP9,0.753,700,functional,9606,2026-08-30T07:50:54.272243+00:00,STRING
thyroid-branch,EGFR,ESR2,9606.ENSP00000275493,9606.ENSP00000343925,EGFR,ESR2,0.755,700,functional,9606,2026-08-30T07:50:54.272243+00:00,STRING
thyroid-branch,EGFR,SOX2,9606.ENSP00000275493,9606.ENSP00000323588,EGFR,SOX2,0.758,700,functional,9606,2026-08-30T07:50:54.272243+00:00,STRING
thyroid-branch,EGFR,RGS4,9606.ENSP00000275493,9606.ENSP00000397181,EGFR,RGS4,0.778,700,functional,9606,2026-08-30T07:50:54.272243+00:00,STRING
thyroid-branch,EGFR,MMP14,9606.ENSP00000275493,9606.ENSP00000308208,EGFR,MMP14,0.787,700,functional,9606,2026-08-30T07:50:54.272243+00:00,STRING
thyroid-branch,EGFR,AKT1,9606.ENSP00000275493,9606.ENSP00000451828,EGFR,AKT1,0.792,700,functional,9606,2026-08-30T07:50:54.272243+00:00,STRING
thyroid-branch,EGFR,CXCL8,9606.ENSP00000275493,9606.ENSP00000306512,EGFR,CXCL8,0.792,700,functional,9606,2026-08-30T07:50:54.272243+00:00,STRING
thyroid-branch,EGFR,IDH1,9606.ENSP00000275493,9606.ENSP00000390265,EGFR,IDH1,0.795,700,functional,9606,2026-08-30T07:50:54.272243+00:00,STRING
thyroid-branch,EGFR,PGF,9606.ENSP00000275493,9606.ENSP00000451040,EGFR,PGF,0.797,700,functional,9606,2026-08-30T07:50:54.272243+00:00,STRING
thyroid-branch,EGFR,BRCA1,9606.ENSP00000275493,9606.ENSP00000418960,EGFR,BRCA1,0.8,700,functional,9606,2026-08-30T07:50:54.272243+00:00,STRING
thyroid-branch,EGFR,ALB,9606.ENSP00000275493,9606.ENSP00000295897,EGFR,ALB,0.808,700,functional,9606,2026-08-30T07:50:54.272243+00:00,STRING
thyroid-branch,EGFR,MMP9,9606.ENSP00000275493,9606.ENSP00000361405,EGFR,MMP9,0.827,700,functional,9606,2026-08-30T07:50:54.272243+00:00,STRING
thyroid-branch,EGFR,MAPT,9606.ENSP00000275493,9606.ENSP00000340820,EGFR,MAPT,0.83,700,functional,9606,2026-08-30T07:50:54.272243+00:00,STRING
thyroid-branch,EGFR,PGR,9606.ENSP00000275493,9606.ENSP00000325120,EGFR,PGR,0.83,700,functional,9606,2026-08-30T07:50:54.272243+00:00,STRING
thyroid-branch,EGFR,BCL2,9606.ENSP00000275493,9606.ENSP00000381185,EGFR,BCL2,0.839,700,functional,9606,2026-08-30T07:50:54.272243+00:00,STRING
thyroid-branch,EGFR,PPARG,9606.ENSP00000275493,9606.ENSP00000287820,EGFR,PPARG,0.843,700,functional,9606,2026-08-30T07:50:54.272243+00:00,STRING
thyroid-branch,EGFR,BCL2L1,9606.ENSP00000275493,9606.ENSP00000365230,EGFR,BCL2L1,0.847,700,functional,9606,2026-08-30T07:50:54.272243+00:00,STRING
thyroid-branch,EGFR,RAF1,9606.ENSP00000275493,9606.ENSP00000401888,EGFR,RAF1,0.848,700,functional,9606,2026-08-30T07:50:54.272243+00:00,STRING
thyroid-branch,EGFR,S100A4,9606.ENSP00000275493,9606.ENSP00000357704,EGFR,S100A4,0.858,700,functional,9606,2026-08-30T07:50:54.272243+00:00,STRING
thyroid-branch,EGFR,ABL1,9606.ENSP00000275493,9606.ENSP00000361423,EGFR,ABL1,0.861,700,functional,9606,2026-08-30T07:50:54.272243+00:00,STRING
thyroid-branch,EGFR,HSPA5,9606.ENSP00000275493,9606.ENSP00000324173,EGFR,HSPA5,0.862,700,functional,9606,2026-08-30T07:50:54.272243+00:00,STRING
thyroid-branch,EGFR,AR,9606.ENSP00000275493,9606.ENSP00000363822,EGFR,AR,0.864,700,functional,9606,2026-08-30T07:50:54.272243+00:00,STRING
thyroid-branch,EGFR,JUN,9606.ENSP00000275493,9606.ENSP00000360266,EGFR,JUN,0.871,700,functional,9606,2026-08-30T07:50:54.272243+00:00,STRING
thyroid-branch,EGFR,MYC,9606.ENSP00000275493,9606.ENSP00000478887,EGFR,MYC,0.875,700,functional,9606,2026-08-30T07:50:54.272243+00:00,STRING
thyroid-branch,EGFR,APP,9606.ENSP00000275493,9606.ENSP00000284981,EGFR,APP,0.889,700,functional,9606,2026-08-30T07:50:54.272243+00:00,STRING
thyroid-branch,EGFR,TNF,9606.ENSP00000275493,9606.ENSP00000398698,EGFR,TNF,0.89,700,functional,9606,2026-08-30T07:50:54.272243+00:00,STRING
thyroid-branch,EGFR,NGF,9606.ENSP00000275493,9606.ENSP00000358525,EGFR,NGF,0.892,700,functional,9606,2026-08-30T07:50:54.272243+00:00,STRING
thyroid-branch,EGFR,HDAC6,9606.ENSP00000275493,9606.ENSP00000365804,EGFR,HDAC6,0.919,700,functional,9606,2026-08-30T07:50:54.272243+00:00,STRING
thyroid-branch,EGFR,ENO1,9606.ENSP00000275493,9606.ENSP00000495530,EGFR,ENO1,0.928,700,functional,9606,2026-08-30T07:50:54.272243+00:00,STRING
thyroid-branch,EGFR,HIF1A,9606.ENSP00000275493,9606.ENSP00000437955,EGFR,HIF1A,0.934,700,functional,9606,2026-08-30T07:50:54.272243+00:00,STRING
thyroid-branch,EGFR,FOS,9606.ENSP00000275493,9606.ENSP00000306245,EGFR,FOS,0.94,700,functional,9606,2026-08-30T07:50:54.272243+00:00,STRING
thyroid-branch,EGFR,IGFBP3,9606.ENSP00000275493,9606.ENSP00000370473,EGFR,IGFBP3,0.981,700,functional,9606,2026-08-30T07:50:54.272243+00:00,STRING
thyroid-branch,EGFR,ESR1,9606.ENSP00000275493,9606.ENSP00000405330,EGFR,ESR1,0.988,700,functional,9606,2026-08-30T07:50:54.272243+00:00,STRING
thyroid-branch,EGFR,IGF1,9606.ENSP00000275493,9606.ENSP00000376637,EGFR,IGF1,0.991,700,functional,9606,2026-08-30T07:50:54.272243+00:00,STRING
thyroid-branch,EGFR,STAT5B,9606.ENSP00000275493,9606.ENSP00000293328,EGFR,STAT5B,0.997,700,functional,9606,2026-08-30T07:50:54.272243+00:00,STRING
thyroid-branch,EGFR,NRG1,9606.ENSP00000275493,9606.ENSP00000287842,EGFR,NRG1,0.999,700,functional,9606,2026-08-30T07:50:54.272243+00:00,STRING
thyroid-branch,EGFR,MUC1,9606.ENSP00000275493,9606.ENSP00000484824,EGFR,MUC1,0.999,700,functional,9606,2026-08-30T07:50:54.272243+00:00,STRING
thyroid-branch,TNFRSF10B,CYCS,9606.ENSP00000276431,9606.ENSP00000307786,TNFRSF10B,CYCS,0.7,700,functional,9606,2026-08-30T07:50:54.272243+00:00,STRING
thyroid-branch,TNFRSF10B,MCL1,9606.ENSP00000276431,9606.ENSP00000358022,TNFRSF10B,MCL1,0.705,700,functional,9606,2026-08-30T07:50:54.272243+00:00,STRING
thyroid-branch,TNFRSF10B,CASP7,9606.ENSP00000276431,9606.ENSP00000358327,TNFRSF10B,CASP7,0.717,700,functional,9606,2026-08-30T07:50:54.272243+00:00,STRING
thyroid-branch,TNFRSF10B,BCL2L1,9606.ENSP00000276431,9606.ENSP00000365230,TNFRSF10B,BCL2L1,0.727,700,functional,9606,2026-08-30T07:50:54.272243+00:00,STRING
thyroid-branch,TNFRSF10B,CASP9,9606.ENSP00000276431,9606.ENSP00000330237,TNFRSF10B,CASP9,0.73,700,functional,9606,2026-08-30T07:50:54.272243+00:00,STRING
thyroid-branch,TNFRSF10B,BCL2,9606.ENSP00000276431,9606.ENSP00000381185,TNFRSF10B,BCL2,0.739,700,functional,9606,2026-08-30T07:50:54.272243+00:00,STRING
thyroid-branch,TNFRSF10B,CASP3,9606.ENSP00000276431,9606.ENSP00000311032,TNFRSF10B,CASP3,0.782,700,functional,9606,2026-08-30T07:50:54.272243+00:00,STRING
thyroid-branch,TNFRSF10B,TNF,9606.ENSP00000276431,9606.ENSP00000398698,TNFRSF10B,TNF,0.997,700,functional,9606,2026-08-30T07:50:54.272243+00:00,STRING
thyroid-branch,ATM,CASP3,9606.ENSP00000278616,9606.ENSP00000311032,ATM,CASP3,0.702,700,functional,9606,2026-08-30T07:50:54.272243+00:00,STRING
thyroid-branch,ATM,BCL2,9606.ENSP00000278616,9606.ENSP00000381185,ATM,BCL2,0.712,700,functional,9606,2026-08-30T07:50:54.272243+00:00,STRING
thyroid-branch,ATM,CREB1,9606.ENSP00000278616,9606.ENSP00000387699,ATM,CREB1,0.735,700,functional,9606,2026-08-30T07:50:54.272243+00:00,STRING
thyroid-branch,ATM,AKT1,9606.ENSP00000278616,9606.ENSP00000451828,ATM,AKT1,0.742,700,functional,9606,2026-08-30T07:50:54.272243+00:00,STRING
thyroid-branch,ATM,CDKN1A,9606.ENSP00000278616,9606.ENSP00000384849,ATM,CDKN1A,0.807,700,functional,9606,2026-08-30T07:50:54.272243+00:00,STRING
thyroid-branch,ATM,CCNA2,9606.ENSP00000278616,9606.ENSP00000481380,ATM,CCNA2,0.815,700,functional,9606,2026-08-30T07:50:54.272243+00:00,STRING
thyroid-branch,ATM,MYC,9606.ENSP00000278616,9606.ENSP00000478887,ATM,MYC,0.871,700,functional,9606,2026-08-30T07:50:54.272243+00:00,STRING
thyroid-branch,ATM,MDM4,9606.ENSP00000278616,9606.ENSP00000356150,ATM,MDM4,0.954,700,functional,9606,2026-08-30T07:50:54.272243+00:00,STRING
thyroid-branch,ATM,WRN,9606.ENSP00000278616,9606.ENSP00000298139,ATM,WRN,0.955,700,functional,9606,2026-08-30T07:50:54.272243+00:00,STRING
thyroid-branch,ATM,RBBP8,9606.ENSP00000278616,9606.ENSP00000382628,ATM,RBBP8,0.973,700,functional,9606,2026-08-30T07:50:54.272243+00:00,STRING
thyroid-branch,ATM,ABL1,9606.ENSP00000278616,9606.ENSP00000361423,ATM,ABL1,0.988,700,functional,9606,2026-08-30T07:50:54.272243+00:00,STRING
thyroid-branch,ATM,BRCA1,9606.ENSP00000278616,9606.ENSP00000418960,ATM,BRCA1,0.999,700,functional,9606,2026-08-30T07:50:54.272243+00:00,STRING
thyroid-branch,PTS,ALPL,9606.ENSP00000280362,9606.ENSP00000363973,PTS,ALPL,0.902,700,functional,9606,2026-08-30T07:50:54.272243+00:00,STRING
thyroid-branch,SLC7A11,GPX4,9606.ENSP00000280612,9606.ENSP00000346103,SLC7A11,GPX4,0.824,700,functional,9606,2026-08-30T07:50:54.272243+00:00,STRING
thyroid-branch,SLC7A11,NFE2L2,9606.ENSP00000280612,9606.ENSP00000380252,SLC7A11,NFE2L2,0.826,700,functional,9606,2026-08-30T07:50:54.272243+00:00,STRING
thyroid-branch,APP,CYCS,9606.ENSP00000284981,9606.ENSP00000307786,APP,CYCS,0.709,700,functional,9606,2026-08-30T07:50:54.272243+00:00,STRING
thyroid-branch,APP,CREB1,9606.ENSP00000284981,9606.ENSP00000387699,APP,CREB1,0.713,700,functional,9606,2026-08-30T07:50:54.272243+00:00,STRING
thyroid-branch,APP,ADAM17,9606.ENSP00000284981,9606.ENSP00000309968,APP,ADAM17,0.733,700,functional,9606,2026-08-30T07:50:54.272243+00:00,STRING
thyroid-branch,APP,PDIA3,9606.ENSP00000284981,9606.ENSP00000300289,APP,PDIA3,0.737,700,functional,9606,2026-08-30T07:50:54.272243+00:00,STRING
thyroid-branch,APP,SERPINA1,9606.ENSP00000284981,9606.ENSP00000416066,APP,SERPINA1,0.764,700,functional,9606,2026-08-30T07:50:54.272243+00:00,STRING
thyroid-branch,APP,JUN,9606.ENSP00000284981,9606.ENSP00000360266,APP,JUN,0.79,700,functional,9606,2026-08-30T07:50:54.272243+00:00,STRING
thyroid-branch,APP,TNF,9606.ENSP00000284981,9606.ENSP00000398698,APP,TNF,0.799,700,functional,9606,2026-08-30T07:50:54.272243+00:00,STRING
thyroid-branch,APP,NGF,9606.ENSP00000284981,9606.ENSP00000358525,APP,NGF,0.85,700,functional,9606,2026-08-30T07:50:54.272243+00:00,STRING
thyroid-branch,APP,MMEL1,9606.ENSP00000284981,9606.ENSP00000367668,APP,MMEL1,0.891,700,functional,9606,2026-08-30T07:50:54.272243+00:00,STRING
thyroid-branch,APP,ALB,9606.ENSP00000284981,9606.ENSP00000295897,APP,ALB,0.901,700,functional,9606,2026-08-30T07:50:54.272243+00:00,STRING
thyroid-branch,APP,CASP3,9606.ENSP00000284981,9606.ENSP00000311032,APP,CASP3,0.908,700,functional,9606,2026-08-30T07:50:54.272243+00:00,STRING
thyroid-branch,APP,HSPD1,9606.ENSP00000284981,9606.ENSP00000340019,APP,HSPD1,0.916,700,functional,9606,2026-08-30T07:50:54.272243+00:00,STRING
thyroid-branch,APP,ACHE,9606.ENSP00000284981,9606.ENSP00000303211,APP,ACHE,0.937,700,functional,9606,2026-08-30T07:50:54.272243+00:00,STRING
thyroid-branch,APP,SNCA,9606.ENSP00000284981,9606.ENSP00000500990,APP,SNCA,0.993,700,functional,9606,2026-08-30T07:50:54.272243+00:00,STRING
thyroid-branch,APP,MAPT,9606.ENSP00000284981,9606.ENSP00000340820,APP,MAPT,0.995,700,functional,9606,2026-08-30T07:50:54.272243+00:00,STRING
thyroid-branch,APP,CLU,9606.ENSP00000284981,9606.ENSP00000315130,APP,CLU,0.998,700,functional,9606,2026-08-30T07:50:54.272243+00:00,STRING
thyroid-branch,PPARG,EDN1,9606.ENSP00000287820,9606.ENSP00000368683,PPARG,EDN1,0.724,700,functional,9606,2026-08-30T07:50:54.272243+00:00,STRING
thyroid-branch,PPARG,MMP9,9606.ENSP00000287820,9606.ENSP00000361405,PPARG,MMP9,0.765,700,functional,9606,2026-08-30T07:50:54.272243+00:00,STRING
thyroid-branch,PPARG,AKT1,9606.ENSP00000287820,9606.ENSP00000451828,PPARG,AKT1,0.79,700,functional,9606,2026-08-30T07:50:54.272243+00:00,STRING
thyroid-branch,PPARG,ESR1,9606.ENSP00000287820,9606.ENSP00000405330,PPARG,ESR1,0.794,700,functional,9606,2026-08-30T07:50:54.272243+00:00,STRING
thyroid-branch,PPARG,TNF,9606.ENSP00000287820,9606.ENSP00000398698,PPARG,TNF,0.807,700,functional,9606,2026-08-30T07:50:54.272243+00:00,STRING
thyroid-branch,PPARG,IGF1,9606.ENSP00000287820,9606.ENSP00000376637,PPARG,IGF1,0.828,700,functional,9606,2026-08-30T07:50:54.272243+00:00,STRING
thyroid-branch,PPARG,NFE2L2,9606.ENSP00000287820,9606.ENSP00000380252,PPARG,NFE2L2,0.831,700,functional,9606,2026-08-30T07:50:54.272243+00:00,STRING
thyroid-branch,PPARG,JUN,9606.ENSP00000287820,9606.ENSP00000360266,PPARG,JUN,0.849,700,functional,9606,2026-08-30T07:50:54.272243+00:00,STRING
thyroid-branch,PPARG,IGFBP3,9606.ENSP00000287820,9606.ENSP00000370473,PPARG,IGFBP3,0.85,700,functional,9606,2026-08-30T07:50:54.272243+00:00,STRING
thyroid-branch,PPARG,HIF1A,9606.ENSP00000287820,9606.ENSP00000437955,PPARG,HIF1A,0.854,700,functional,9606,2026-08-30T07:50:54.272243+00:00,STRING
thyroid-branch,PPARG,ESRRA,9606.ENSP00000287820,9606.ENSP00000384851,PPARG,ESRRA,0.898,700,functional,9606,2026-08-30T07:50:54.272243+00:00,STRING
thyroid-branch,PPARG,NCOA3,9606.ENSP00000287820,9606.ENSP00000361066,PPARG,NCOA3,0.909,700,functional,9606,2026-08-30T07:50:54.272243+00:00,STRING
thyroid-branch,PPARG,HDAC3,9606.ENSP00000287820,9606.ENSP00000302967,PPARG,HDAC3,0.965,700,functional,9606,2026-08-30T07:50:54.272243+00:00,STRING
thyroid-branch,NRG1,NGF,9606.ENSP00000287842,9606.ENSP00000358525,NRG1,NGF,0.719,700,functional,9606,2026-08-30T07:50:54.272243+00:00,STRING
thyroid-branch,CCNB2,CDKN1A,9606.ENSP00000288207,9606.ENSP00000384849,CCNB2,CDKN1A,0.927,700,functional,9606,2026-08-30T07:50:54.272243+00:00,STRING
thyroid-branch,CCNB2,CKS1B,9606.ENSP00000288207,9606.ENSP00000311083,CCNB2,CKS1B,0.952,700,functional,9606,2026-08-30T07:50:54.272243+00:00,STRING
thyroid-branch,CCNB2,CCNA2,9606.ENSP00000288207,9606.ENSP00000481380,CCNB2,CCNA2,0.965,700,functional,9606,2026-08-30T07:50:54.272243+00:00,STRING
thyroid-branch,CCNB2,CDCA8,9606.ENSP00000288207,9606.ENSP00000362146,CCNB2,CDCA8,0.974,700,functional,9606,2026-08-30T07:50:54.272243+00:00,STRING
thyroid-branch,CCNB2,BIRC5,9606.ENSP00000288207,9606.ENSP00000301633,CCNB2,BIRC5,0.993,700,functional,9606,2026-08-30T07:50:54.272243+00:00,STRING
thyroid-branch,BAX,AKT1,9606.ENSP00000293288,9606.ENSP00000451828,BAX,AKT1,0.761,700,functional,9606,2026-08-30T07:50:54.272243+00:00,STRING
thyroid-branch,BAX,CASP9,9606.ENSP00000293288,9606.ENSP00000330237,BAX,CASP9,0.856,700,functional,9606,2026-08-30T07:50:54.272243+00:00,STRING
thyroid-branch,BAX,CASP3,9606.ENSP00000293288,9606.ENSP00000311032,BAX,CASP3,0.884,700,functional,9606,2026-08-30T07:50:54.272243+00:00,STRING
thyroid-branch,BAX,CLU,9606.ENSP00000293288,9606.ENSP00000315130,BAX,CLU,0.886,700,functional,9606,2026-08-30T07:50:54.272243+00:00,STRING
thyroid-branch,BAX,CYCS,9606.ENSP00000293288,9606.ENSP00000307786,BAX,CYCS,0.993,700,functional,9606,2026-08-30T07:50:54.272243+00:00,STRING
thyroid-branch,BAX,BCL2L11,9606.ENSP00000293288,9606.ENSP00000376943,BAX,BCL2L11,0.998,700,functional,9606,2026-08-30T07:50:54.272243+00:00,STRING
thyroid-branch,BAX,BCL2,9606.ENSP00000293288,9606.ENSP00000381185,BAX,BCL2,0.999,700,functional,9606,2026-08-30T07:50:54.272243+00:00,STRING
thyroid-branch,BAX,BCL2L1,9606.ENSP00000293288,9606.ENSP00000365230,BAX,BCL2L1,0.999,700,functional,9606,2026-08-30T07:50:54.272243+00:00,STRING
thyroid-branch,BAX,MCL1,9606.ENSP00000293288,9606.ENSP00000358022,BAX,MCL1,0.999,700,functional,9606,2026-08-30T07:50:54.272243+00:00,STRING
thyroid-branch,STAT5B,IGF1,9606.ENSP00000293328,9606.ENSP00000376637,STAT5B,IGF1,0.739,700,functional,9606,2026-08-30T07:50:54.272243+00:00,STRING
thyroid-branch,STAT5B,CREB1,9606.ENSP00000293328,9606.ENSP00000387699,STAT5B,CREB1,0.739,700,functional,9606,2026-08-30T07:50:54.272243+00:00,STRING
thyroid-branch,STAT5B,AKT1,9606.ENSP00000293328,9606.ENSP00000451828,STAT5B,AKT1,0.81,700,functional,9606,2026-08-30T07:50:54.272243+00:00,STRING
thyroid-branch,STAT5B,PGR,9606.ENSP00000293328,9606.ENSP00000325120,STAT5B,PGR,0.879,700,functional,9606,2026-08-30T07:50:54.272243+00:00,STRING
thyroid-branch,STAT5B,CDKN1A,9606.ENSP00000293328,9606.ENSP00000384849,STAT5B,CDKN1A,0.887,700,functional,9606,2026-08-30T07:50:54.272243+00:00,STRING
thyroid-branch,STAT5B,BCL2L1,9606.ENSP00000293328,9606.ENSP00000365230,STAT5B,BCL2L1,0.897,700,functional,9606,2026-08-30T07:50:54.272243+00:00,STRING
thyroid-branch,STAT5B,ABL1,9606.ENSP00000293328,9606.ENSP00000361423,STAT5B,ABL1,0.983,700,functional,9606,2026-08-30T07:50:54.272243+00:00,STRING
thyroid-branch,CLDN1,CLDN4,9606.ENSP00000295522,9606.ENSP00000409544,CLDN1,CLDN4,0.944,700,functional,9606,2026-08-30T07:50:54.272243+00:00,STRING
thyroid-branch,ALB,GPX3,9606.ENSP00000295897,9606.ENSP00000373477,ALB,GPX3,0.716,700,functional,9606,2026-08-30T07:50:54.272243+00:00,STRING
thyroid-branch,ALB,FOXA2,9606.ENSP00000295897,9606.ENSP00000400341,ALB,FOXA2,0.737,700,functional,9606,2026-08-30T07:50:54.272243+00:00,STRING
thyroid-branch,ALB,MMP9,9606.ENSP00000295897,9606.ENSP00000361405,ALB,MMP9,0.745,700,functional,9606,2026-08-30T07:50:54.272243+00:00,STRING
thyroid-branch,ALB,BCL2,9606.ENSP00000295897,9606.ENSP00000381185,ALB,BCL2,0.748,700,functional,9606,2026-08-30T07:50:54.272243+00:00,STRING
thyroid-branch,ALB,TNNI3,9606.ENSP00000295897,9606.ENSP00000341838,ALB,TNNI3,0.748,700,functional,9606,2026-08-30T07:50:54.272243+00:00,STRING
thyroid-branch,ALB,PPARA,9606.ENSP00000295897,9606.ENSP00000385523,ALB,PPARA,0.751,700,functional,9606,2026-08-30T07:50:54.272243+00:00,STRING
thyroid-branch,ALB,MYC,9606.ENSP00000295897,9606.ENSP00000478887,ALB,MYC,0.759,700,functional,9606,2026-08-30T07:50:54.272243+00:00,STRING
thyroid-branch,ALB,NGF,9606.ENSP00000295897,9606.ENSP00000358525,ALB,NGF,0.763,700,functional,9606,2026-08-30T07:50:54.272243+00:00,STRING
thyroid-branch,ALB,GLP1R,9606.ENSP00000295897,9606.ENSP00000362353,ALB,GLP1R,0.765,700,functional,9606,2026-08-30T07:50:54.272243+00:00,STRING
thyroid-branch,ALB,PF4,9606.ENSP00000295897,9606.ENSP00000296029,ALB,PF4,0.766,700,functional,9606,2026-08-30T07:50:54.272243+00:00,STRING
thyroid-branch,ALB,CXCL8,9606.ENSP00000295897,9606.ENSP00000306512,ALB,CXCL8,0.782,700,functional,9606,2026-08-30T07:50:54.272243+00:00,STRING
thyroid-branch,ALB,ELN,9606.ENSP00000295897,9606.ENSP00000351807,ALB,ELN,0.783,700,functional,9606,2026-08-30T07:50:54.272243+00:00,STRING
thyroid-branch,ALB,AKT1,9606.ENSP00000295897,9606.ENSP00000451828,ALB,AKT1,0.795,700,functional,9606,2026-08-30T07:50:54.272243+00:00,STRING
thyroid-branch,ALB,ESR1,9606.ENSP00000295897,9606.ENSP00000405330,ALB,ESR1,0.796,700,functional,9606,2026-08-30T07:50:54.272243+00:00,STRING
thyroid-branch,ALB,CASP3,9606.ENSP00000295897,9606.ENSP00000311032,ALB,CASP3,0.815,700,functional,9606,2026-08-30T07:50:54.272243+00:00,STRING
thyroid-branch,ALB,IGF1,9606.ENSP00000295897,9606.ENSP00000376637,ALB,IGF1,0.83,700,functional,9606,2026-08-30T07:50:54.272243+00:00,STRING
thyroid-branch,ALB,CLU,9606.ENSP00000295897,9606.ENSP00000315130,ALB,CLU,0.831,700,functional,9606,2026-08-30T07:50:54.272243+00:00,STRING
thyroid-branch,ALB,TNF,9606.ENSP00000295897,9606.ENSP00000398698,ALB,TNF,0.87,700,functional,9606,2026-08-30T07:50:54.272243+00:00,STRING
thyroid-branch,ALB,CYCS,9606.ENSP00000295897,9606.ENSP00000307786,ALB,CYCS,0.986,700,functional,9606,2026-08-30T07:50:54.272243+00:00,STRING
thyroid-branch,ALB,SERPINA1,9606.ENSP00000295897,9606.ENSP00000416066,ALB,SERPINA1,0.998,700,functional,9606,2026-08-30T07:50:54.272243+00:00,STRING
thyroid-branch,PF4,TNF,9606.ENSP00000296029,9606.ENSP00000398698,PF4,TNF,0.714,700,functional,9606,2026-08-30T07:50:54.272243+00:00,STRING
thyroid-branch,PF4,CXCR6,9606.ENSP00000296029,9606.ENSP00000395704,PF4,CXCR6,0.755,700,functional,9606,2026-08-30T07:50:54.272243+00:00,STRING
thyroid-branch,PF4,HMGB1,9606.ENSP00000296029,9606.ENSP00000345347,PF4,HMGB1,0.779,700,functional,9606,2026-08-30T07:50:54.272243+00:00,STRING
thyroid-branch,PF4,CXCL8,9606.ENSP00000296029,9606.ENSP00000306512,PF4,CXCL8,0.999,700,functional,9606,2026-08-30T07:50:54.272243+00:00,STRING
thyroid-branch,PF4,CXCL10,9606.ENSP00000296029,9606.ENSP00000305651,PF4,CXCL10,0.999,700,functional,9606,2026-08-30T07:50:54.272243+00:00,STRING
thyroid-branch,SOX17,TCF7,9606.ENSP00000297316,9606.ENSP00000340347,SOX17,TCF7,0.916,700,functional,9606,2026-08-30T07:50:54.272243+00:00,STRING
thyroid-branch,SOX17,FOXA2,9606.ENSP00000297316,9606.ENSP00000400341,SOX17,FOXA2,0.942,700,functional,9606,2026-08-30T07:50:54.272243+00:00,STRING
thyroid-branch,NOS3,MMP9,9606.ENSP00000297494,9606.ENSP00000361405,NOS3,MMP9,0.73,700,functional,9606,2026-08-30T07:50:54.272243+00:00,STRING
thyroid-branch,NOS3,ESR1,9606.ENSP00000297494,9606.ENSP00000405330,NOS3,ESR1,0.773,700,functional,9606,2026-08-30T07:50:54.272243+00:00,STRING
thyroid-branch,NOS3,LYPLA1,9606.ENSP00000297494,9606.ENSP00000320043,NOS3,LYPLA1,0.794,700,functional,9606,2026-08-30T07:50:54.272243+00:00,STRING
thyroid-branch,NOS3,EDN1,9606.ENSP00000297494,9606.ENSP00000368683,NOS3,EDN1,0.884,700,functional,9606,2026-08-30T07:50:54.272243+00:00,STRING
thyroid-branch,NOS3,AKT1,9606.ENSP00000297494,9606.ENSP00000451828,NOS3,AKT1,0.997,700,functional,9606,2026-08-30T07:50:54.272243+00:00,STRING
thyroid-branch,ALDH1A1,IDH1,9606.ENSP00000297785,9606.ENSP00000390265,ALDH1A1,IDH1,0.739,700,functional,9606,2026-08-30T07:50:54.272243+00:00,STRING
thyroid-branch,ALDH1A1,SOX2,9606.ENSP00000297785,9606.ENSP00000323588,ALDH1A1,SOX2,0.771,700,functional,9606,2026-08-30T07:50:54.272243+00:00,STRING
thyroid-branch,ALDH1A1,CYP2B6,9606.ENSP00000297785,9606.ENSP00000324648,ALDH1A1,CYP2B6,0.933,700,functional,9606,2026-08-30T07:50:54.272243+00:00,STRING
thyroid-branch,ALDH1A1,CYP1A1,9606.ENSP00000297785,9606.ENSP00000378488,ALDH1A1,CYP1A1,0.939,700,functional,9606,2026-08-30T07:50:54.272243+00:00,STRING
thyroid-branch,WRN,LMNA,9606.ENSP00000298139,9606.ENSP00000357283,WRN,LMNA,0.727,700,functional,9606,2026-08-30T07:50:54.272243+00:00,STRING
thyroid-branch,WRN,VCP,9606.ENSP00000298139,9606.ENSP00000351777,WRN,VCP,0.751,700,functional,9606,2026-08-30T07:50:54.272243+00:00,STRING
thyroid-branch,WRN,RBBP8,9606.ENSP00000298139,9606.ENSP00000382628,WRN,RBBP8,0.873,700,functional,9606,2026-08-30T07:50:54.272243+00:00,STRING
thyroid-branch,WRN,BRCA1,9606.ENSP00000298139,9606.ENSP00000418960,WRN,BRCA1,0.983,700,functional,9606,2026-08-30T07:50:54.272243+00:00,STRING
thyroid-branch,CKB,ENO1,9606.ENSP00000299198,9606.ENSP00000495530,CKB,ENO1,0.736,700,functional,9606,2026-08-30T07:50:54.272243+00:00,STRING
thyroid-branch,PDIA3,MYC,9606.ENSP00000300289,9606.ENSP00000478887,PDIA3,MYC,0.773,700,functional,9606,2026-08-30T07:50:54.272243+00:00,STRING
thyroid-branch,PDIA3,HSPA5,9606.ENSP00000300289,9606.ENSP00000324173,PDIA3,HSPA5,0.999,700,functional,9606,2026-08-30T07:50:54.272243+00:00,STRING
thyroid-branch,NOD2,TNF,9606.ENSP00000300589,9606.ENSP00000398698,NOD2,TNF,0.852,700,functional,9606,2026-08-30T07:50:54.272243+00:00,STRING
thyroid-branch,NOD2,TLR9,9606.ENSP00000300589,9606.ENSP00000353874,NOD2,TLR9,0.92,700,functional,9606,2026-08-30T07:50:54.272243+00:00,STRING
thyroid-branch,NOD2,CASP1,9606.ENSP00000300589,9606.ENSP00000433138,NOD2,CASP1,0.923,700,functional,9606,2026-08-30T07:50:54.272243+00:00,STRING
thyroid-branch,BIRC5,CASP7,9606.ENSP00000301633,9606.ENSP00000358327,BIRC5,CASP7,0.755,700,functional,9606,2026-08-30T07:50:54.272243+00:00,STRING
thyroid-branch,BIRC5,MYC,9606.ENSP00000301633,9606.ENSP00000478887,BIRC5,MYC,0.825,700,functional,9606,2026-08-30T07:50:54.272243+00:00,STRING
thyroid-branch,BIRC5,CASP9,9606.ENSP00000301633,9606.ENSP00000330237,BIRC5,CASP9,0.911,700,functional,9606,2026-08-30T07:50:54.272243+00:00,STRING
thyroid-branch,BIRC5,CASP3,9606.ENSP00000301633,9606.ENSP00000311032,BIRC5,CASP3,0.916,700,functional,9606,2026-08-30T07:50:54.272243+00:00,STRING
thyroid-branch,BIRC5,CCNA2,9606.ENSP00000301633,9606.ENSP00000481380,BIRC5,CCNA2,0.956,700,functional,9606,2026-08-30T07:50:54.272243+00:00,STRING
thyroid-branch,BIRC5,CDCA8,9606.ENSP00000301633,9606.ENSP00000362146,BIRC5,CDCA8,0.999,700,functional,9606,2026-08-30T07:50:54.272243+00:00,STRING
thyroid-branch,LRG1,CYCS,9606.ENSP00000302621,9606.ENSP00000307786,LRG1,CYCS,0.807,700,functional,9606,2026-08-30T07:50:54.272243+00:00,STRING
thyroid-branch,HDAC3,AR,9606.ENSP00000302967,9606.ENSP00000363822,HDAC3,AR,0.73,700,functional,9606,2026-08-30T07:50:54.272243+00:00,STRING
thyroid-branch,HDAC3,JUN,9606.ENSP00000302967,9606.ENSP00000360266,HDAC3,JUN,0.754,700,functional,9606,2026-08-30T07:50:54.272243+00:00,STRING
thyroid-branch,HDAC3,HDAC9,9606.ENSP00000302967,9606.ENSP00000408617,HDAC3,HDAC9,0.759,700,functional,9606,2026-08-30T07:50:54.272243+00:00,STRING
thyroid-branch,HDAC3,THRB,9606.ENSP00000302967,9606.ENSP00000379904,HDAC3,THRB,0.776,700,functional,9606,2026-08-30T07:50:54.272243+00:00,STRING
thyroid-branch,HDAC3,HIF1A,9606.ENSP00000302967,9606.ENSP00000437955,HDAC3,HIF1A,0.804,700,functional,9606,2026-08-30T07:50:54.272243+00:00,STRING
thyroid-branch,HDAC3,AKT1,9606.ENSP00000302967,9606.ENSP00000451828,HDAC3,AKT1,0.811,700,functional,9606,2026-08-30T07:50:54.272243+00:00,STRING
thyroid-branch,HDAC3,MYC,9606.ENSP00000302967,9606.ENSP00000478887,HDAC3,MYC,0.949,700,functional,9606,2026-08-30T07:50:54.272243+00:00,STRING
thyroid-branch,ACHE,MAPT,9606.ENSP00000303211,9606.ENSP00000340820,ACHE,MAPT,0.817,700,functional,9606,2026-08-30T07:50:54.272243+00:00,STRING
thyroid-branch,CXCL10,TLR9,9606.ENSP00000305651,9606.ENSP00000353874,CXCL10,TLR9,0.761,700,functional,9606,2026-08-30T07:50:54.272243+00:00,STRING
thyroid-branch,CXCL10,MMP9,9606.ENSP00000305651,9606.ENSP00000361405,CXCL10,MMP9,0.868,700,functional,9606,2026-08-30T07:50:54.272243+00:00,STRING
thyroid-branch,CXCL10,TNF,9606.ENSP00000305651,9606.ENSP00000398698,CXCL10,TNF,0.966,700,functional,9606,2026-08-30T07:50:54.272243+00:00,STRING
thyroid-branch,CXCL10,CXCR6,9606.ENSP00000305651,9606.ENSP00000395704,CXCL10,CXCR6,0.969,700,functional,9606,2026-08-30T07:50:54.272243+00:00,STRING
thyroid-branch,CXCL10,CXCL8,9606.ENSP00000305651,9606.ENSP00000306512,CXCL10,CXCL8,0.975,700,functional,9606,2026-08-30T07:50:54.272243+00:00,STRING
thyroid-branch,FOS,NFE2L2,9606.ENSP00000306245,9606.ENSP00000380252,FOS,NFE2L2,0.728,700,functional,9606,2026-08-30T07:50:54.272243+00:00,STRING
thyroid-branch,FOS,TNF,9606.ENSP00000306245,9606.ENSP00000398698,FOS,TNF,0.728,700,functional,9606,2026-08-30T07:50:54.272243+00:00,STRING
thyroid-branch,FOS,CASP1,9606.ENSP00000306245,9606.ENSP00000433138,FOS,CASP1,0.74,700,functional,9606,2026-08-30T07:50:54.272243+00:00,STRING
thyroid-branch,FOS,AKT1,9606.ENSP00000306245,9606.ENSP00000451828,FOS,AKT1,0.746,700,functional,9606,2026-08-30T07:50:54.272243+00:00,STRING
thyroid-branch,FOS,CASP3,9606.ENSP00000306245,9606.ENSP00000311032,FOS,CASP3,0.749,700,functional,9606,2026-08-30T07:50:54.272243+00:00,STRING
thyroid-branch,FOS,CDKN1A,9606.ENSP00000306245,9606.ENSP00000384849,FOS,CDKN1A,0.753,700,functional,9606,2026-08-30T07:50:54.272243+00:00,STRING
thyroid-branch,FOS,CXCL8,9606.ENSP00000306245,9606.ENSP00000306512,FOS,CXCL8,0.765,700,functional,9606,2026-08-30T07:50:54.272243+00:00,STRING
thyroid-branch,FOS,BCL2,9606.ENSP00000306245,9606.ENSP00000381185,FOS,BCL2,0.784,700,functional,9606,2026-08-30T07:50:54.272243+00:00,STRING
thyroid-branch,FOS,HIF1A,9606.ENSP00000306245,9606.ENSP00000437955,FOS,HIF1A,0.805,700,functional,9606,2026-08-30T07:50:54.272243+00:00,STRING
thyroid-branch,FOS,MITF,9606.ENSP00000306245,9606.ENSP00000391803,FOS,MITF,0.92,700,functional,9606,2026-08-30T07:50:54.272243+00:00,STRING
thyroid-branch,FOS,ESR2,9606.ENSP00000306245,9606.ENSP00000343925,FOS,ESR2,0.961,700,functional,9606,2026-08-30T07:50:54.272243+00:00,STRING
thyroid-branch,FOS,MYC,9606.ENSP00000306245,9606.ENSP00000478887,FOS,MYC,0.965,700,functional,9606,2026-08-30T07:50:54.272243+00:00,STRING
thyroid-branch,FOS,NCOA3,9606.ENSP00000306245,9606.ENSP00000361066,FOS,NCOA3,0.97,700,functional,9606,2026-08-30T07:50:54.272243+00:00,STRING
thyroid-branch,FOS,CREB1,9606.ENSP00000306245,9606.ENSP00000387699,FOS,CREB1,0.998,700,functional,9606,2026-08-30T07:50:54.272243+00:00,STRING
thyroid-branch,FOS,JUN,9606.ENSP00000306245,9606.ENSP00000360266,FOS,JUN,0.999,700,functional,9606,2026-08-30T07:50:54.272243+00:00,STRING
thyroid-branch,FOS,ESR1,9606.ENSP00000306245,9606.ENSP00000405330,FOS,ESR1,0.999,700,functional,9606,2026-08-30T07:50:54.272243+00:00,STRING
thyroid-branch,CXCL8,OPRM1,9606.ENSP00000306512,9606.ENSP00000394624,CXCL8,OPRM1,0.701,700,functional,9606,2026-08-30T07:50:54.272243+00:00,STRING
thyroid-branch,CXCL8,HIF1A,9606.ENSP00000306512,9606.ENSP00000437955,CXCL8,HIF1A,0.716,700,functional,9606,2026-08-30T07:50:54.272243+00:00,STRING
thyroid-branch,CXCL8,AKT1,9606.ENSP00000306512,9606.ENSP00000451828,CXCL8,AKT1,0.72,700,functional,9606,2026-08-30T07:50:54.272243+00:00,STRING
thyroid-branch,CXCL8,PGF,9606.ENSP00000306512,9606.ENSP00000451040,CXCL8,PGF,0.731,700,functional,9606,2026-08-30T07:50:54.272243+00:00,STRING
thyroid-branch,CXCL8,CASP3,9606.ENSP00000306512,9606.ENSP00000311032,CXCL8,CASP3,0.752,700,functional,9606,2026-08-30T07:50:54.272243+00:00,STRING
thyroid-branch,CXCL8,S100A8,9606.ENSP00000306512,9606.ENSP00000357721,CXCL8,S100A8,0.763,700,functional,9606,2026-08-30T07:50:54.272243+00:00,STRING
thyroid-branch,CXCL8,TLR9,9606.ENSP00000306512,9606.ENSP00000353874,CXCL8,TLR9,0.776,700,functional,9606,2026-08-30T07:50:54.272243+00:00,STRING
thyroid-branch,CXCL8,EDN1,9606.ENSP00000306512,9606.ENSP00000368683,CXCL8,EDN1,0.803,700,functional,9606,2026-08-30T07:50:54.272243+00:00,STRING
thyroid-branch,CXCL8,MMP9,9606.ENSP00000306512,9606.ENSP00000361405,CXCL8,MMP9,0.88,700,functional,9606,2026-08-30T07:50:54.272243+00:00,STRING
thyroid-branch,CXCL8,CXCR6,9606.ENSP00000306512,9606.ENSP00000395704,CXCL8,CXCR6,0.884,700,functional,9606,2026-08-30T07:50:54.272243+00:00,STRING
thyroid-branch,CXCL8,TNF,9606.ENSP00000306512,9606.ENSP00000398698,CXCL8,TNF,0.983,700,functional,9606,2026-08-30T07:50:54.272243+00:00,STRING
thyroid-branch,CXCL8,JUN,9606.ENSP00000306512,9606.ENSP00000360266,CXCL8,JUN,0.987,700,functional,9606,2026-08-30T07:50:54.272243+00:00,STRING
thyroid-branch,CYCS,MMP9,9606.ENSP00000307786,9606.ENSP00000361405,CYCS,MMP9,0.731,700,functional,9606,2026-08-30T07:50:54.272243+00:00,STRING
thyroid-branch,CYCS,GPX3,9606.ENSP00000307786,9606.ENSP00000373477,CYCS,GPX3,0.737,700,functional,9606,2026-08-30T07:50:54.272243+00:00,STRING
thyroid-branch,CYCS,HSPA5,9606.ENSP00000307786,9606.ENSP00000324173,CYCS,HSPA5,0.738,700,functional,9606,2026-08-30T07:50:54.272243+00:00,STRING
thyroid-branch,CYCS,CASP1,9606.ENSP00000307786,9606.ENSP00000433138,CYCS,CASP1,0.78,700,functional,9606,2026-08-30T07:50:54.272243+00:00,STRING
thyroid-branch,CYCS,CDKN1A,9606.ENSP00000307786,9606.ENSP00000384849,CYCS,CDKN1A,0.799,700,functional,9606,2026-08-30T07:50:54.272243+00:00,STRING
thyroid-branch,CYCS,TNF,9606.ENSP00000307786,9606.ENSP00000398698,CYCS,TNF,0.81,700,functional,9606,2026-08-30T07:50:54.272243+00:00,STRING
thyroid-branch,CYCS,AKT1,9606.ENSP00000307786,9606.ENSP00000451828,CYCS,AKT1,0.812,700,functional,9606,2026-08-30T07:50:54.272243+00:00,STRING
thyroid-branch,CYCS,MCL1,9606.ENSP00000307786,9606.ENSP00000358022,CYCS,MCL1,0.817,700,functional,9606,2026-08-30T07:50:54.272243+00:00,STRING
thyroid-branch,CYCS,HSPD1,9606.ENSP00000307786,9606.ENSP00000340019,CYCS,HSPD1,0.818,700,functional,9606,2026-08-30T07:50:54.272243+00:00,STRING
thyroid-branch,CYCS,JUN,9606.ENSP00000307786,9606.ENSP00000360266,CYCS,JUN,0.829,700,functional,9606,2026-08-30T07:50:54.272243+00:00,STRING
thyroid-branch,CYCS,ESRRA,9606.ENSP00000307786,9606.ENSP00000384851,CYCS,ESRRA,0.861,700,functional,9606,2026-08-30T07:50:54.272243+00:00,STRING
thyroid-branch,CYCS,BCL2L11,9606.ENSP00000307786,9606.ENSP00000376943,CYCS,BCL2L11,0.899,700,functional,9606,2026-08-30T07:50:54.272243+00:00,STRING
thyroid-branch,CYCS,CASP7,9606.ENSP00000307786,9606.ENSP00000358327,CYCS,CASP7,0.942,700,functional,9606,2026-08-30T07:50:54.272243+00:00,STRING
thyroid-branch,CYCS,BCL2,9606.ENSP00000307786,9606.ENSP00000381185,CYCS,BCL2,0.997,700,functional,9606,2026-08-30T07:50:54.272243+00:00,STRING
thyroid-branch,CYCS,CASP3,9606.ENSP00000307786,9606.ENSP00000311032,CYCS,CASP3,0.997,700,functional,9606,2026-08-30T07:50:54.272243+00:00,STRING
thyroid-branch,CYCS,BCL2L1,9606.ENSP00000307786,9606.ENSP00000365230,CYCS,BCL2L1,0.998,700,functional,9606,2026-08-30T07:50:54.272243+00:00,STRING
thyroid-branch,CYCS,CASP9,9606.ENSP00000307786,9606.ENSP00000330237,CYCS,CASP9,0.999,700,functional,9606,2026-08-30T07:50:54.272243+00:00,STRING
thyroid-branch,MMP14,MMP9,9606.ENSP00000308208,9606.ENSP00000361405,MMP14,MMP9,0.831,700,functional,9606,2026-08-30T07:50:54.272243+00:00,STRING
thyroid-branch,ADAM17,TNF,9606.ENSP00000309968,9606.ENSP00000398698,ADAM17,TNF,0.95,700,functional,9606,2026-08-30T07:50:54.272243+00:00,STRING
thyroid-branch,CASP3,CCNA2,9606.ENSP00000311032,9606.ENSP00000481380,CASP3,CCNA2,0.706,700,functional,9606,2026-08-30T07:50:54.272243+00:00,STRING
thyroid-branch,CASP3,CASP1,9606.ENSP00000311032,9606.ENSP00000433138,CASP3,CASP1,0.709,700,functional,9606,2026-08-30T07:50:54.272243+00:00,STRING
thyroid-branch,CASP3,NFE2L2,9606.ENSP00000311032,9606.ENSP00000380252,CASP3,NFE2L2,0.717,700,functional,9606,2026-08-30T07:50:54.272243+00:00,STRING
thyroid-branch,CASP3,GPX3,9606.ENSP00000311032,9606.ENSP00000373477,CASP3,GPX3,0.741,700,functional,9606,2026-08-30T07:50:54.272243+00:00,STRING
thyroid-branch,CASP3,HMGB1,9606.ENSP00000311032,9606.ENSP00000345347,CASP3,HMGB1,0.755,700,functional,9606,2026-08-30T07:50:54.272243+00:00,STRING
thyroid-branch,CASP3,HIF1A,9606.ENSP00000311032,9606.ENSP00000437955,CASP3,HIF1A,0.766,700,functional,9606,2026-08-30T07:50:54.272243+00:00,STRING
thyroid-branch,CASP3,HSPA5,9606.ENSP00000311032,9606.ENSP00000324173,CASP3,HSPA5,0.793,700,functional,9606,2026-08-30T07:50:54.272243+00:00,STRING
thyroid-branch,CASP3,HSPD1,9606.ENSP00000311032,9606.ENSP00000340019,CASP3,HSPD1,0.806,700,functional,9606,2026-08-30T07:50:54.272243+00:00,STRING
thyroid-branch,CASP3,MMP9,9606.ENSP00000311032,9606.ENSP00000361405,CASP3,MMP9,0.806,700,functional,9606,2026-08-30T07:50:54.272243+00:00,STRING
thyroid-branch,CASP3,JUN,9606.ENSP00000311032,9606.ENSP00000360266,CASP3,JUN,0.809,700,functional,9606,2026-08-30T07:50:54.272243+00:00,STRING
thyroid-branch,CASP3,NGF,9606.ENSP00000311032,9606.ENSP00000358525,CASP3,NGF,0.858,700,functional,9606,2026-08-30T07:50:54.272243+00:00,STRING
thyroid-branch,CASP3,BCL2L11,9606.ENSP00000311032,9606.ENSP00000376943,CASP3,BCL2L11,0.863,700,functional,9606,2026-08-30T07:50:54.272243+00:00,STRING
thyroid-branch,CASP3,MYC,9606.ENSP00000311032,9606.ENSP00000478887,CASP3,MYC,0.881,700,functional,9606,2026-08-30T07:50:54.272243+00:00,STRING
thyroid-branch,CASP3,MCL1,9606.ENSP00000311032,9606.ENSP00000358022,CASP3,MCL1,0.911,700,functional,9606,2026-08-30T07:50:54.272243+00:00,STRING
thyroid-branch,CASP3,TNF,9606.ENSP00000311032,9606.ENSP00000398698,CASP3,TNF,0.939,700,functional,9606,2026-08-30T07:50:54.272243+00:00,STRING
thyroid-branch,CASP3,AKT1,9606.ENSP00000311032,9606.ENSP00000451828,CASP3,AKT1,0.945,700,functional,9606,2026-08-30T07:50:54.272243+00:00,STRING
thyroid-branch,CASP3,BCL2L1,9606.ENSP00000311032,9606.ENSP00000365230,CASP3,BCL2L1,0.95,700,functional,9606,2026-08-30T07:50:54.272243+00:00,STRING
thyroid-branch,CASP3,CASP7,9606.ENSP00000311032,9606.ENSP00000358327,CASP3,CASP7,0.95,700,functional,9606,2026-08-30T07:50:54.272243+00:00,STRING
thyroid-branch,CASP3,MAPT,9606.ENSP00000311032,9606.ENSP00000340820,CASP3,MAPT,0.98,700,functional,9606,2026-08-30T07:50:54.272243+00:00,STRING
thyroid-branch,CASP3,BCL2,9606.ENSP00000311032,9606.ENSP00000381185,CASP3,BCL2,0.987,700,functional,9606,2026-08-30T07:50:54.272243+00:00,STRING
thyroid-branch,CASP3,CDKN1A,9606.ENSP00000311032,9606.ENSP00000384849,CASP3,CDKN1A,0.996,700,functional,9606,2026-08-30T07:50:54.272243+00:00,STRING
thyroid-branch,CASP3,CASP9,9606.ENSP00000311032,9606.ENSP00000330237,CASP3,CASP9,0.999,700,functional,9606,2026-08-30T07:50:54.272243+00:00,STRING
thyroid-branch,CKS1B,CDKN1A,9606.ENSP00000311083,9606.ENSP00000384849,CKS1B,CDKN1A,0.926,700,functional,9606,2026-08-30T07:50:54.272243+00:00,STRING
thyroid-branch,CKS1B,CCNA2,9606.ENSP00000311083,9606.ENSP00000481380,CKS1B,CCNA2,0.999,700,functional,9606,2026-08-30T07:50:54.272243+00:00,STRING
thyroid-branch,GSTM1,OPRM1,9606.ENSP00000311469,9606.ENSP00000394624,GSTM1,OPRM1,0.719,700,functional,9606,2026-08-30T07:50:54.272243+00:00,STRING
thyroid-branch,GSTM1,NQO1,9606.ENSP00000311469,9606.ENSP00000319788,GSTM1,NQO1,0.719,700,functional,9606,2026-08-30T07:50:54.272243+00:00,STRING
thyroid-branch,GSTM1,GSTP1,9606.ENSP00000311469,9606.ENSP00000381607,GSTM1,GSTP1,0.808,700,functional,9606,2026-08-30T07:50:54.272243+00:00,STRING
thyroid-branch,GSTM1,CYP2B6,9606.ENSP00000311469,9606.ENSP00000324648,GSTM1,CYP2B6,0.832,700,functional,9606,2026-08-30T07:50:54.272243+00:00,STRING
thyroid-branch,GSTM1,GPX3,9606.ENSP00000311469,9606.ENSP00000373477,GSTM1,GPX3,0.844,700,functional,9606,2026-08-30T07:50:54.272243+00:00,STRING
thyroid-branch,GSTM1,CYP2C19,9606.ENSP00000311469,9606.ENSP00000360372,GSTM1,CYP2C19,0.889,700,functional,9606,2026-08-30T07:50:54.272243+00:00,STRING
thyroid-branch,GSTM1,GPX4,9606.ENSP00000311469,9606.ENSP00000346103,GSTM1,GPX4,0.938,700,functional,9606,2026-08-30T07:50:54.272243+00:00,STRING
thyroid-branch,GSTM1,PRDX6,9606.ENSP00000311469,9606.ENSP00000342026,GSTM1,PRDX6,0.939,700,functional,9606,2026-08-30T07:50:54.272243+00:00,STRING
thyroid-branch,GSTM1,CYP1A1,9606.ENSP00000311469,9606.ENSP00000378488,GSTM1,CYP1A1,0.991,700,functional,9606,2026-08-30T07:50:54.272243+00:00,STRING
thyroid-branch,GRK2,EDN1,9606.ENSP00000312262,9606.ENSP00000368683,GRK2,EDN1,0.714,700,functional,9606,2026-08-30T07:50:54.272243+00:00,STRING
thyroid-branch,GRK2,RGS4,9606.ENSP00000312262,9606.ENSP00000397181,GRK2,RGS4,0.75,700,functional,9606,2026-08-30T07:50:54.272243+00:00,STRING
thyroid-branch,GRK2,AKT1,9606.ENSP00000312262,9606.ENSP00000451828,GRK2,AKT1,0.778,700,functional,9606,2026-08-30T07:50:54.272243+00:00,STRING
thyroid-branch,GRK2,OPRM1,9606.ENSP00000312262,9606.ENSP00000394624,GRK2,OPRM1,0.951,700,functional,9606,2026-08-30T07:50:54.272243+00:00,STRING
thyroid-branch,CLU,MMP9,9606.ENSP00000315130,9606.ENSP00000361405,CLU,MMP9,0.718,700,functional,9606,2026-08-30T07:50:54.272243+00:00,STRING
thyroid-branch,CLU,BCL2L1,9606.ENSP00000315130,9606.ENSP00000365230,CLU,BCL2L1,0.745,700,functional,9606,2026-08-30T07:50:54.272243+00:00,STRING
thyroid-branch,CLU,ELN,9606.ENSP00000315130,9606.ENSP00000351807,CLU,ELN,0.804,700,functional,9606,2026-08-30T07:50:54.272243+00:00,STRING
thyroid-branch,CLU,SNCA,9606.ENSP00000315130,9606.ENSP00000500990,CLU,SNCA,0.861,700,functional,9606,2026-08-30T07:50:54.272243+00:00,STRING
thyroid-branch,CLU,HSPA5,9606.ENSP00000315130,9606.ENSP00000324173,CLU,HSPA5,0.874,700,functional,9606,2026-08-30T07:50:54.272243+00:00,STRING
thyroid-branch,CLU,SERPINA1,9606.ENSP00000315130,9606.ENSP00000416066,CLU,SERPINA1,0.896,700,functional,9606,2026-08-30T07:50:54.272243+00:00,STRING
thyroid-branch,CLU,APOD,9606.ENSP00000315130,9606.ENSP00000345179,CLU,APOD,0.939,700,functional,9606,2026-08-30T07:50:54.272243+00:00,STRING
thyroid-branch,NQO1,AKT1,9606.ENSP00000319788,9606.ENSP00000451828,NQO1,AKT1,0.706,700,functional,9606,2026-08-30T07:50:54.272243+00:00,STRING
thyroid-branch,NQO1,TNF,9606.ENSP00000319788,9606.ENSP00000398698,NQO1,TNF,0.712,700,functional,9606,2026-08-30T07:50:54.272243+00:00,STRING
thyroid-branch,NQO1,GSTP1,9606.ENSP00000319788,9606.ENSP00000381607,NQO1,GSTP1,0.728,700,functional,9606,2026-08-30T07:50:54.272243+00:00,STRING
thyroid-branch,NQO1,GPX3,9606.ENSP00000319788,9606.ENSP00000373477,NQO1,GPX3,0.733,700,functional,9606,2026-08-30T07:50:54.272243+00:00,STRING
thyroid-branch,NQO1,CYP1A1,9606.ENSP00000319788,9606.ENSP00000378488,NQO1,CYP1A1,0.746,700,functional,9606,2026-08-30T07:50:54.272243+00:00,STRING
thyroid-branch,NQO1,HIF1A,9606.ENSP00000319788,9606.ENSP00000437955,NQO1,HIF1A,0.852,700,functional,9606,2026-08-30T07:50:54.272243+00:00,STRING
thyroid-branch,NQO1,KEAP1,9606.ENSP00000319788,9606.ENSP00000377245,NQO1,KEAP1,0.953,700,functional,9606,2026-08-30T07:50:54.272243+00:00,STRING
thyroid-branch,NQO1,NFE2L2,9606.ENSP00000319788,9606.ENSP00000380252,NQO1,NFE2L2,0.978,700,functional,9606,2026-08-30T07:50:54.272243+00:00,STRING
thyroid-branch,PKM,MYC,9606.ENSP00000320171,9606.ENSP00000478887,PKM,MYC,0.805,700,functional,9606,2026-08-30T07:50:54.272243+00:00,STRING
thyroid-branch,PKM,HIF1A,9606.ENSP00000320171,9606.ENSP00000437955,PKM,HIF1A,0.996,700,functional,9606,2026-08-30T07:50:54.272243+00:00,STRING
thyroid-branch,PKM,ENO1,9606.ENSP00000320171,9606.ENSP00000495530,PKM,ENO1,0.997,700,functional,9606,2026-08-30T07:50:54.272243+00:00,STRING
thyroid-branch,SOX2,NR5A2,9606.ENSP00000323588,9606.ENSP00000356331,SOX2,NR5A2,0.715,700,functional,9606,2026-08-30T07:50:54.272243+00:00,STRING
thyroid-branch,SOX2,HIF1A,9606.ENSP00000323588,9606.ENSP00000437955,SOX2,HIF1A,0.758,700,functional,9606,2026-08-30T07:50:54.272243+00:00,STRING
thyroid-branch,SOX2,AKT1,9606.ENSP00000323588,9606.ENSP00000451828,SOX2,AKT1,0.833,700,functional,9606,2026-08-30T07:50:54.272243+00:00,STRING
thyroid-branch,SOX2,FOXA2,9606.ENSP00000323588,9606.ENSP00000400341,SOX2,FOXA2,0.841,700,functional,9606,2026-08-30T07:50:54.272243+00:00,STRING
thyroid-branch,SOX2,MYC,9606.ENSP00000323588,9606.ENSP00000478887,SOX2,MYC,0.958,700,functional,9606,2026-08-30T07:50:54.272243+00:00,STRING
thyroid-branch,HSPA5,HDAC6,9606.ENSP00000324173,9606.ENSP00000365804,HSPA5,HDAC6,0.71,700,functional,9606,2026-08-30T07:50:54.272243+00:00,STRING
thyroid-branch,HSPA5,ENO1,9606.ENSP00000324173,9606.ENSP00000495530,HSPA5,ENO1,0.726,700,functional,9606,2026-08-30T07:50:54.272243+00:00,STRING
thyroid-branch,HSPA5,BCL2,9606.ENSP00000324173,9606.ENSP00000381185,HSPA5,BCL2,0.738,700,functional,9606,2026-08-30T07:50:54.272243+00:00,STRING
thyroid-branch,HSPA5,HSPD1,9606.ENSP00000324173,9606.ENSP00000340019,HSPA5,HSPD1,0.908,700,functional,9606,2026-08-30T07:50:54.272243+00:00,STRING
thyroid-branch,HSPA5,VCP,9606.ENSP00000324173,9606.ENSP00000351777,HSPA5,VCP,0.944,700,functional,9606,2026-08-30T07:50:54.272243+00:00,STRING
thyroid-branch,HSPA5,SNCA,9606.ENSP00000324173,9606.ENSP00000500990,HSPA5,SNCA,0.947,700,functional,9606,2026-08-30T07:50:54.272243+00:00,STRING
thyroid-branch,HSPA5,GPX4,9606.ENSP00000324173,9606.ENSP00000346103,HSPA5,GPX4,0.952,700,functional,9606,2026-08-30T07:50:54.272243+00:00,STRING
thyroid-branch,HSPA5,CASP7,9606.ENSP00000324173,9606.ENSP00000358327,HSPA5,CASP7,0.966,700,functional,9606,2026-08-30T07:50:54.272243+00:00,STRING
thyroid-branch,HSPA5,AKT1,9606.ENSP00000324173,9606.ENSP00000451828,HSPA5,AKT1,0.971,700,functional,9606,2026-08-30T07:50:54.272243+00:00,STRING
thyroid-branch,CYP2B6,ABCB1,9606.ENSP00000324648,9606.ENSP00000478255,CYP2B6,ABCB1,0.741,700,functional,9606,2026-08-30T07:50:54.272243+00:00,STRING
thyroid-branch,CYP2B6,GSTP1,9606.ENSP00000324648,9606.ENSP00000381607,CYP2B6,GSTP1,0.828,700,functional,9606,2026-08-30T07:50:54.272243+00:00,STRING
thyroid-branch,CYP2B6,POR,9606.ENSP00000324648,9606.ENSP00000419970,CYP2B6,POR,0.91,700,functional,9606,2026-08-30T07:50:54.272243+00:00,STRING
thyroid-branch,CYP2B6,CYP2C19,9606.ENSP00000324648,9606.ENSP00000360372,CYP2B6,CYP2C19,0.92,700,functional,9606,2026-08-30T07:50:54.272243+00:00,STRING
thyroid-branch,CYP2B6,CYP1A1,9606.ENSP00000324648,9606.ENSP00000378488,CYP2B6,CYP1A1,0.959,700,functional,9606,2026-08-30T07:50:54.272243+00:00,STRING
thyroid-branch,PGR,MYC,9606.ENSP00000325120,9606.ENSP00000478887,PGR,MYC,0.705,700,functional,9606,2026-08-30T07:50:54.272243+00:00,STRING
thyroid-branch,PGR,HIF1A,9606.ENSP00000325120,9606.ENSP00000437955,PGR,HIF1A,0.717,700,functional,9606,2026-08-30T07:50:54.272243+00:00,STRING
thyroid-branch,PGR,AR,9606.ENSP00000325120,9606.ENSP00000363822,PGR,AR,0.766,700,functional,9606,2026-08-30T07:50:54.272243+00:00,STRING
thyroid-branch,PGR,CYP19A1,9606.ENSP00000325120,9606.ENSP00000379683,PGR,CYP19A1,0.883,700,functional,9606,2026-08-30T07:50:54.272243+00:00,STRING
thyroid-branch,PGR,BRCA1,9606.ENSP00000325120,9606.ENSP00000418960,PGR,BRCA1,0.963,700,functional,9606,2026-08-30T07:50:54.272243+00:00,STRING
thyroid-branch,PGR,ESR1,9606.ENSP00000325120,9606.ENSP00000405330,PGR,ESR1,0.974,700,functional,9606,2026-08-30T07:50:54.272243+00:00,STRING
thyroid-branch,PGR,FKBP5,9606.ENSP00000325120,9606.ENSP00000444810,PGR,FKBP5,0.977,700,functional,9606,2026-08-30T07:50:54.272243+00:00,STRING
thyroid-branch,PGR,NCOA3,9606.ENSP00000325120,9606.ENSP00000361066,PGR,NCOA3,0.986,700,functional,9606,2026-08-30T07:50:54.272243+00:00,STRING
thyroid-branch,CASP9,NFE2L2,9606.ENSP00000330237,9606.ENSP00000380252,CASP9,NFE2L2,0.702,700,functional,9606,2026-08-30T07:50:54.272243+00:00,STRING
thyroid-branch,CASP9,CASP1,9606.ENSP00000330237,9606.ENSP00000433138,CASP9,CASP1,0.712,700,functional,9606,2026-08-30T07:50:54.272243+00:00,STRING
thyroid-branch,CASP9,CDKN1A,9606.ENSP00000330237,9606.ENSP00000384849,CASP9,CDKN1A,0.713,700,functional,9606,2026-08-30T07:50:54.272243+00:00,STRING
thyroid-branch,CASP9,MYC,9606.ENSP00000330237,9606.ENSP00000478887,CASP9,MYC,0.717,700,functional,9606,2026-08-30T07:50:54.272243+00:00,STRING
thyroid-branch,CASP9,HIF1A,9606.ENSP00000330237,9606.ENSP00000437955,CASP9,HIF1A,0.746,700,functional,9606,2026-08-30T07:50:54.272243+00:00,STRING
thyroid-branch,CASP9,JUN,9606.ENSP00000330237,9606.ENSP00000360266,CASP9,JUN,0.77,700,functional,9606,2026-08-30T07:50:54.272243+00:00,STRING
thyroid-branch,CASP9,TNF,9606.ENSP00000330237,9606.ENSP00000398698,CASP9,TNF,0.816,700,functional,9606,2026-08-30T07:50:54.272243+00:00,STRING
thyroid-branch,CASP9,MCL1,9606.ENSP00000330237,9606.ENSP00000358022,CASP9,MCL1,0.829,700,functional,9606,2026-08-30T07:50:54.272243+00:00,STRING
thyroid-branch,CASP9,BCL2L11,9606.ENSP00000330237,9606.ENSP00000376943,CASP9,BCL2L11,0.864,700,functional,9606,2026-08-30T07:50:54.272243+00:00,STRING
thyroid-branch,CASP9,BCL2,9606.ENSP00000330237,9606.ENSP00000381185,CASP9,BCL2,0.946,700,functional,9606,2026-08-30T07:50:54.272243+00:00,STRING
thyroid-branch,CASP9,CASP7,9606.ENSP00000330237,9606.ENSP00000358327,CASP9,CASP7,0.952,700,functional,9606,2026-08-30T07:50:54.272243+00:00,STRING
thyroid-branch,CASP9,AKT1,9606.ENSP00000330237,9606.ENSP00000451828,CASP9,AKT1,0.989,700,functional,9606,2026-08-30T07:50:54.272243+00:00,STRING
thyroid-branch,CASP9,BCL2L1,9606.ENSP00000330237,9606.ENSP00000365230,CASP9,BCL2L1,0.992,700,functional,9606,2026-08-30T07:50:54.272243+00:00,STRING
thyroid-branch,PAPPA,TNNI3,9606.ENSP00000330658,9606.ENSP00000341838,PAPPA,TNNI3,0.721,700,functional,9606,2026-08-30T07:50:54.272243+00:00,STRING
thyroid-branch,PAPPA,IGFBP3,9606.ENSP00000330658,9606.ENSP00000370473,PAPPA,IGFBP3,0.743,700,functional,9606,2026-08-30T07:50:54.272243+00:00,STRING
thyroid-branch,PAPPA,PGF,9606.ENSP00000330658,9606.ENSP00000451040,PAPPA,PGF,0.799,700,functional,9606,2026-08-30T07:50:54.272243+00:00,STRING
thyroid-branch,PAPPA,IGF1,9606.ENSP00000330658,9606.ENSP00000376637,PAPPA,IGF1,0.89,700,functional,9606,2026-08-30T07:50:54.272243+00:00,STRING
thyroid-branch,MEN1,MYC,9606.ENSP00000337088,9606.ENSP00000478887,MEN1,MYC,0.727,700,functional,9606,2026-08-30T07:50:54.272243+00:00,STRING
thyroid-branch,MEN1,PRKAR1A,9606.ENSP00000337088,9606.ENSP00000376475,MEN1,PRKAR1A,0.755,700,functional,9606,2026-08-30T07:50:54.272243+00:00,STRING
thyroid-branch,MEN1,ESR1,9606.ENSP00000337088,9606.ENSP00000405330,MEN1,ESR1,0.923,700,functional,9606,2026-08-30T07:50:54.272243+00:00,STRING
thyroid-branch,MEN1,PSIP1,9606.ENSP00000337088,9606.ENSP00000370114,MEN1,PSIP1,0.997,700,functional,9606,2026-08-30T07:50:54.272243+00:00,STRING
thyroid-branch,MEN1,KMT2A,9606.ENSP00000337088,9606.ENSP00000436786,MEN1,KMT2A,0.999,700,functional,9606,2026-08-30T07:50:54.272243+00:00,STRING
thyroid-branch,NLRP3,CGAS,9606.ENSP00000337383,9606.ENSP00000359339,NLRP3,CGAS,0.722,700,functional,9606,2026-08-30T07:50:54.272243+00:00,STRING
thyroid-branch,NLRP3,TLR9,9606.ENSP00000337383,9606.ENSP00000353874,NLRP3,TLR9,0.746,700,functional,9606,2026-08-30T07:50:54.272243+00:00,STRING
thyroid-branch,NLRP3,TNF,9606.ENSP00000337383,9606.ENSP00000398698,NLRP3,TNF,0.869,700,functional,9606,2026-08-30T07:50:54.272243+00:00,STRING
thyroid-branch,NLRP3,CASP1,9606.ENSP00000337383,9606.ENSP00000433138,NLRP3,CASP1,0.999,700,functional,9606,2026-08-30T07:50:54.272243+00:00,STRING
thyroid-branch,MAPT,VCP,9606.ENSP00000340820,9606.ENSP00000351777,MAPT,VCP,0.713,700,functional,9606,2026-08-30T07:50:54.272243+00:00,STRING
thyroid-branch,MAPT,AKT1,9606.ENSP00000340820,9606.ENSP00000451828,MAPT,AKT1,0.872,700,functional,9606,2026-08-30T07:50:54.272243+00:00,STRING
thyroid-branch,MAPT,HDAC6,9606.ENSP00000340820,9606.ENSP00000365804,MAPT,HDAC6,0.879,700,functional,9606,2026-08-30T07:50:54.272243+00:00,STRING
thyroid-branch,MAPT,FKBP5,9606.ENSP00000340820,9606.ENSP00000444810,MAPT,FKBP5,0.896,700,functional,9606,2026-08-30T07:50:54.272243+00:00,STRING
thyroid-branch,MAPT,CASP7,9606.ENSP00000340820,9606.ENSP00000358327,MAPT,CASP7,0.935,700,functional,9606,2026-08-30T07:50:54.272243+00:00,STRING
thyroid-branch,MAPT,SNCA,9606.ENSP00000340820,9606.ENSP00000500990,MAPT,SNCA,0.994,700,functional,9606,2026-08-30T07:50:54.272243+00:00,STRING
thyroid-branch,TNNI3,ACTA1,9606.ENSP00000341838,9606.ENSP00000355645,TNNI3,ACTA1,0.945,700,functional,9606,2026-08-30T07:50:54.272243+00:00,STRING
thyroid-branch,PRDX6,ENO1,9606.ENSP00000342026,9606.ENSP00000495530,PRDX6,ENO1,0.737,700,functional,9606,2026-08-30T07:50:54.272243+00:00,STRING
thyroid-branch,PRDX6,GPX3,9606.ENSP00000342026,9606.ENSP00000373477,PRDX6,GPX3,0.967,700,functional,9606,2026-08-30T07:50:54.272243+00:00,STRING
thyroid-branch,PRDX6,GPX4,9606.ENSP00000342026,9606.ENSP00000346103,PRDX6,GPX4,0.973,700,functional,9606,2026-08-30T07:50:54.272243+00:00,STRING
thyroid-branch,PRDX6,GSTP1,9606.ENSP00000342026,9606.ENSP00000381607,PRDX6,GSTP1,0.973,700,functional,9606,2026-08-30T07:50:54.272243+00:00,STRING
thyroid-branch,ESR2,IGF1,9606.ENSP00000343925,9606.ENSP00000376637,ESR2,IGF1,0.731,700,functional,9606,2026-08-30T07:50:54.272243+00:00,STRING
thyroid-branch,ESR2,CREB1,9606.ENSP00000343925,9606.ENSP00000387699,ESR2,CREB1,0.746,700,functional,9606,2026-08-30T07:50:54.272243+00:00,STRING
thyroid-branch,ESR2,CYP19A1,9606.ENSP00000343925,9606.ENSP00000379683,ESR2,CYP19A1,0.925,700,functional,9606,2026-08-30T07:50:54.272243+00:00,STRING
thyroid-branch,ESR2,JUN,9606.ENSP00000343925,9606.ENSP00000360266,ESR2,JUN,0.967,700,functional,9606,2026-08-30T07:50:54.272243+00:00,STRING
thyroid-branch,ESR2,NCOA3,9606.ENSP00000343925,9606.ENSP00000361066,ESR2,NCOA3,0.997,700,functional,9606,2026-08-30T07:50:54.272243+00:00,STRING
thyroid-branch,ESR2,ESR1,9606.ENSP00000343925,9606.ENSP00000405330,ESR2,ESR1,0.998,700,functional,9606,2026-08-30T07:50:54.272243+00:00,STRING
thyroid-branch,HMGB1,TNF,9606.ENSP00000345347,9606.ENSP00000398698,HMGB1,TNF,0.753,700,functional,9606,2026-08-30T07:50:54.272243+00:00,STRING
thyroid-branch,HMGB1,TLR9,9606.ENSP00000345347,9606.ENSP00000353874,HMGB1,TLR9,0.997,700,functional,9606,2026-08-30T07:50:54.272243+00:00,STRING
thyroid-branch,GPX4,GPX3,9606.ENSP00000346103,9606.ENSP00000373477,GPX4,GPX3,0.936,700,functional,9606,2026-08-30T07:50:54.272243+00:00,STRING
thyroid-branch,GPX4,GSTP1,9606.ENSP00000346103,9606.ENSP00000381607,GPX4,GSTP1,0.945,700,functional,9606,2026-08-30T07:50:54.272243+00:00,STRING
thyroid-branch,VCP,KEAP1,9606.ENSP00000351777,9606.ENSP00000377245,VCP,KEAP1,0.723,700,functional,9606,2026-08-30T07:50:54.272243+00:00,STRING
thyroid-branch,VCP,AKT1,9606.ENSP00000351777,9606.ENSP00000451828,VCP,AKT1,0.735,700,functional,9606,2026-08-30T07:50:54.272243+00:00,STRING
thyroid-branch,VCP,BRCA1,9606.ENSP00000351777,9606.ENSP00000418960,VCP,BRCA1,0.787,700,functional,9606,2026-08-30T07:50:54.272243+00:00,STRING
thyroid-branch,VCP,HDAC6,9606.ENSP00000351777,9606.ENSP00000365804,VCP,HDAC6,0.995,700,functional,9606,2026-08-30T07:50:54.272243+00:00,STRING
thyroid-branch,ELN,SERPINA1,9606.ENSP00000351807,9606.ENSP00000416066,ELN,SERPINA1,0.718,700,functional,9606,2026-08-30T07:50:54.272243+00:00,STRING
thyroid-branch,ELN,MMP9,9606.ENSP00000351807,9606.ENSP00000361405,ELN,MMP9,0.979,700,functional,9606,2026-08-30T07:50:54.272243+00:00,STRING
thyroid-branch,DNMT1,BRCA1,9606.ENSP00000352516,9606.ENSP00000418960,DNMT1,BRCA1,0.799,700,functional,9606,2026-08-30T07:50:54.272243+00:00,STRING
thyroid-branch,DNMT1,AKT1,9606.ENSP00000352516,9606.ENSP00000451828,DNMT1,AKT1,0.822,700,functional,9606,2026-08-30T07:50:54.272243+00:00,STRING
thyroid-branch,DNMT1,MYC,9606.ENSP00000352516,9606.ENSP00000478887,DNMT1,MYC,0.837,700,functional,9606,2026-08-30T07:50:54.272243+00:00,STRING
thyroid-branch,DNMT1,CBX1,9606.ENSP00000352516,9606.ENSP00000377060,DNMT1,CBX1,0.923,700,functional,9606,2026-08-30T07:50:54.272243+00:00,STRING
thyroid-branch,TLR9,CASP1,9606.ENSP00000353874,9606.ENSP00000433138,TLR9,CASP1,0.771,700,functional,9606,2026-08-30T07:50:54.272243+00:00,STRING
thyroid-branch,TLR9,CGAS,9606.ENSP00000353874,9606.ENSP00000359339,TLR9,CGAS,0.812,700,functional,9606,2026-08-30T07:50:54.272243+00:00,STRING
thyroid-branch,TLR9,TNF,9606.ENSP00000353874,9606.ENSP00000398698,TLR9,TNF,0.896,700,functional,9606,2026-08-30T07:50:54.272243+00:00,STRING
thyroid-branch,KRT19,MUC1,9606.ENSP00000355124,9606.ENSP00000484824,KRT19,MUC1,0.775,700,functional,9606,2026-08-30T07:50:54.272243+00:00,STRING
thyroid-branch,MDM4,BCL2,9606.ENSP00000356150,9606.ENSP00000381185,MDM4,BCL2,0.728,700,functional,9606,2026-08-30T07:50:54.272243+00:00,STRING
thyroid-branch,MDM4,CDKN1A,9606.ENSP00000356150,9606.ENSP00000384849,MDM4,CDKN1A,0.754,700,functional,9606,2026-08-30T07:50:54.272243+00:00,STRING
thyroid-branch,MDM4,BRCA1,9606.ENSP00000356150,9606.ENSP00000418960,MDM4,BRCA1,0.77,700,functional,9606,2026-08-30T07:50:54.272243+00:00,STRING
thyroid-branch,NR5A2,NR1H4,9606.ENSP00000356331,9606.ENSP00000447149,NR5A2,NR1H4,0.705,700,functional,9606,2026-08-30T07:50:54.272243+00:00,STRING
thyroid-branch,NR5A2,NCOA3,9606.ENSP00000356331,9606.ENSP00000361066,NR5A2,NCOA3,0.897,700,functional,9606,2026-08-30T07:50:54.272243+00:00,STRING
thyroid-branch,LMNA,BRCA1,9606.ENSP00000357283,9606.ENSP00000418960,LMNA,BRCA1,0.765,700,functional,9606,2026-08-30T07:50:54.272243+00:00,STRING
thyroid-branch,S100A4,S100A6,9606.ENSP00000357704,9606.ENSP00000357709,S100A4,S100A6,0.755,700,functional,9606,2026-08-30T07:50:54.272243+00:00,STRING
thyroid-branch,S100A6,S100A8,9606.ENSP00000357709,9606.ENSP00000357721,S100A6,S100A8,0.701,700,functional,9606,2026-08-30T07:50:54.272243+00:00,STRING
thyroid-branch,MCL1,ABL1,9606.ENSP00000358022,9606.ENSP00000361423,MCL1,ABL1,0.753,700,functional,9606,2026-08-30T07:50:54.272243+00:00,STRING
thyroid-branch,MCL1,BCL2,9606.ENSP00000358022,9606.ENSP00000381185,MCL1,BCL2,0.764,700,functional,9606,2026-08-30T07:50:54.272243+00:00,STRING
thyroid-branch,MCL1,HIF1A,9606.ENSP00000358022,9606.ENSP00000437955,MCL1,HIF1A,0.825,700,functional,9606,2026-08-30T07:50:54.272243+00:00,STRING
thyroid-branch,MCL1,CDKN1A,9606.ENSP00000358022,9606.ENSP00000384849,MCL1,CDKN1A,0.849,700,functional,9606,2026-08-30T07:50:54.272243+00:00,STRING
thyroid-branch,MCL1,MYC,9606.ENSP00000358022,9606.ENSP00000478887,MCL1,MYC,0.857,700,functional,9606,2026-08-30T07:50:54.272243+00:00,STRING
thyroid-branch,MCL1,AKT1,9606.ENSP00000358022,9606.ENSP00000451828,MCL1,AKT1,0.867,700,functional,9606,2026-08-30T07:50:54.272243+00:00,STRING
thyroid-branch,MCL1,BCL2L1,9606.ENSP00000358022,9606.ENSP00000365230,MCL1,BCL2L1,0.989,700,functional,9606,2026-08-30T07:50:54.272243+00:00,STRING
thyroid-branch,MCL1,BCL2L11,9606.ENSP00000358022,9606.ENSP00000376943,MCL1,BCL2L11,0.999,700,functional,9606,2026-08-30T07:50:54.272243+00:00,STRING
thyroid-branch,CASP7,BCL2L1,9606.ENSP00000358327,9606.ENSP00000365230,CASP7,BCL2L1,0.854,700,functional,9606,2026-08-30T07:50:54.272243+00:00,STRING
thyroid-branch,CASP7,BCL2,9606.ENSP00000358327,9606.ENSP00000381185,CASP7,BCL2,0.857,700,functional,9606,2026-08-30T07:50:54.272243+00:00,STRING
thyroid-branch,NGF,TNF,9606.ENSP00000358525,9606.ENSP00000398698,NGF,TNF,0.714,700,functional,9606,2026-08-30T07:50:54.272243+00:00,STRING
thyroid-branch,NGF,NTSR1,9606.ENSP00000358525,9606.ENSP00000359532,NGF,NTSR1,0.751,700,functional,9606,2026-08-30T07:50:54.272243+00:00,STRING
thyroid-branch,NGF,AKT1,9606.ENSP00000358525,9606.ENSP00000451828,NGF,AKT1,0.818,700,functional,9606,2026-08-30T07:50:54.272243+00:00,STRING
thyroid-branch,NGF,IGF1,9606.ENSP00000358525,9606.ENSP00000376637,NGF,IGF1,0.84,700,functional,9606,2026-08-30T07:50:54.272243+00:00,STRING
thyroid-branch,CGAS,BRCA1,9606.ENSP00000359339,9606.ENSP00000418960,CGAS,BRCA1,0.71,700,functional,9606,2026-08-30T07:50:54.272243+00:00,STRING
thyroid-branch,GNAS,CALCB,9606.ENSP00000360141,9606.ENSP00000433490,GNAS,CALCB,0.895,700,functional,9606,2026-08-30T07:50:54.272243+00:00,STRING
thyroid-branch,GNAS,PRKAR1A,9606.ENSP00000360141,9606.ENSP00000376475,GNAS,PRKAR1A,0.916,700,functional,9606,2026-08-30T07:50:54.272243+00:00,STRING
thyroid-branch,GNAS,TRHR,9606.ENSP00000360141,9606.ENSP00000430711,GNAS,TRHR,0.92,700,functional,9606,2026-08-30T07:50:54.272243+00:00,STRING
thyroid-branch,GNAS,OPRM1,9606.ENSP00000360141,9606.ENSP00000394624,GNAS,OPRM1,0.92,700,functional,9606,2026-08-30T07:50:54.272243+00:00,STRING
thyroid-branch,GNAS,GLP1R,9606.ENSP00000360141,9606.ENSP00000362353,GNAS,GLP1R,0.995,700,functional,9606,2026-08-30T07:50:54.272243+00:00,STRING
thyroid-branch,GNAS,TSHR,9606.ENSP00000360141,9606.ENSP00000441235,GNAS,TSHR,0.997,700,functional,9606,2026-08-30T07:50:54.272243+00:00,STRING
thyroid-branch,JUN,BCL2L1,9606.ENSP00000360266,9606.ENSP00000365230,JUN,BCL2L1,0.706,700,functional,9606,2026-08-30T07:50:54.272243+00:00,STRING
thyroid-branch,JUN,MUC1,9606.ENSP00000360266,9606.ENSP00000484824,JUN,MUC1,0.714,700,functional,9606,2026-08-30T07:50:54.272243+00:00,STRING
thyroid-branch,JUN,BCL2L11,9606.ENSP00000360266,9606.ENSP00000376943,JUN,BCL2L11,0.778,700,functional,9606,2026-08-30T07:50:54.272243+00:00,STRING
thyroid-branch,JUN,ABL1,9606.ENSP00000360266,9606.ENSP00000361423,JUN,ABL1,0.784,700,functional,9606,2026-08-30T07:50:54.272243+00:00,STRING
thyroid-branch,JUN,BRCA1,9606.ENSP00000360266,9606.ENSP00000418960,JUN,BRCA1,0.794,700,functional,9606,2026-08-30T07:50:54.272243+00:00,STRING
thyroid-branch,JUN,CDKN1A,9606.ENSP00000360266,9606.ENSP00000384849,JUN,CDKN1A,0.831,700,functional,9606,2026-08-30T07:50:54.272243+00:00,STRING
thyroid-branch,JUN,AR,9606.ENSP00000360266,9606.ENSP00000363822,JUN,AR,0.84,700,functional,9606,2026-08-30T07:50:54.272243+00:00,STRING
thyroid-branch,JUN,MMP9,9606.ENSP00000360266,9606.ENSP00000361405,JUN,MMP9,0.866,700,functional,9606,2026-08-30T07:50:54.272243+00:00,STRING
thyroid-branch,JUN,NFE2L2,9606.ENSP00000360266,9606.ENSP00000380252,JUN,NFE2L2,0.92,700,functional,9606,2026-08-30T07:50:54.272243+00:00,STRING
thyroid-branch,JUN,MITF,9606.ENSP00000360266,9606.ENSP00000391803,JUN,MITF,0.923,700,functional,9606,2026-08-30T07:50:54.272243+00:00,STRING
thyroid-branch,JUN,BCL2,9606.ENSP00000360266,9606.ENSP00000381185,JUN,BCL2,0.927,700,functional,9606,2026-08-30T07:50:54.272243+00:00,STRING
thyroid-branch,JUN,GSTP1,9606.ENSP00000360266,9606.ENSP00000381607,JUN,GSTP1,0.927,700,functional,9606,2026-08-30T07:50:54.272243+00:00,STRING
thyroid-branch,JUN,NCOA3,9606.ENSP00000360266,9606.ENSP00000361066,JUN,NCOA3,0.938,700,functional,9606,2026-08-30T07:50:54.272243+00:00,STRING
thyroid-branch,JUN,HIF1A,9606.ENSP00000360266,9606.ENSP00000437955,JUN,HIF1A,0.961,700,functional,9606,2026-08-30T07:50:54.272243+00:00,STRING
thyroid-branch,JUN,MYC,9606.ENSP00000360266,9606.ENSP00000478887,JUN,MYC,0.97,700,functional,9606,2026-08-30T07:50:54.272243+00:00,STRING
thyroid-branch,JUN,PPARA,9606.ENSP00000360266,9606.ENSP00000385523,JUN,PPARA,0.979,700,functional,9606,2026-08-30T07:50:54.272243+00:00,STRING
thyroid-branch,JUN,TNF,9606.ENSP00000360266,9606.ENSP00000398698,JUN,TNF,0.989,700,functional,9606,2026-08-30T07:50:54.272243+00:00,STRING
thyroid-branch,JUN,AKT1,9606.ENSP00000360266,9606.ENSP00000451828,JUN,AKT1,0.991,700,functional,9606,2026-08-30T07:50:54.272243+00:00,STRING
thyroid-branch,JUN,CREB1,9606.ENSP00000360266,9606.ENSP00000387699,JUN,CREB1,0.998,700,functional,9606,2026-08-30T07:50:54.272243+00:00,STRING
thyroid-branch,JUN,ESR1,9606.ENSP00000360266,9606.ENSP00000405330,JUN,ESR1,0.999,700,functional,9606,2026-08-30T07:50:54.272243+00:00,STRING
thyroid-branch,CYP2C19,GSTP1,9606.ENSP00000360372,9606.ENSP00000381607,CYP2C19,GSTP1,0.819,700,functional,9606,2026-08-30T07:50:54.272243+00:00,STRING
thyroid-branch,CYP2C19,POR,9606.ENSP00000360372,9606.ENSP00000419970,CYP2C19,POR,0.838,700,functional,9606,2026-08-30T07:50:54.272243+00:00,STRING
thyroid-branch,CYP2C19,ABCB1,9606.ENSP00000360372,9606.ENSP00000478255,CYP2C19,ABCB1,0.858,700,functional,9606,2026-08-30T07:50:54.272243+00:00,STRING
thyroid-branch,CYP2C19,CYP2D6,9606.ENSP00000360372,9606.ENSP00000496150,CYP2C19,CYP2D6,0.925,700,functional,9606,2026-08-30T07:50:54.272243+00:00,STRING
thyroid-branch,NCOA3,NR1H4,9606.ENSP00000361066,9606.ENSP00000447149,NCOA3,NR1H4,0.775,700,functional,9606,2026-08-30T07:50:54.272243+00:00,STRING
thyroid-branch,NCOA3,ESRRA,9606.ENSP00000361066,9606.ENSP00000384851,NCOA3,ESRRA,0.805,700,functional,9606,2026-08-30T07:50:54.272243+00:00,STRING
thyroid-branch,NCOA3,MYC,9606.ENSP00000361066,9606.ENSP00000478887,NCOA3,MYC,0.845,700,functional,9606,2026-08-30T07:50:54.272243+00:00,STRING
thyroid-branch,NCOA3,THRB,9606.ENSP00000361066,9606.ENSP00000379904,NCOA3,THRB,0.938,700,functional,9606,2026-08-30T07:50:54.272243+00:00,STRING
thyroid-branch,NCOA3,AR,9606.ENSP00000361066,9606.ENSP00000363822,NCOA3,AR,0.997,700,functional,9606,2026-08-30T07:50:54.272243+00:00,STRING
thyroid-branch,NCOA3,ESR1,9606.ENSP00000361066,9606.ENSP00000405330,NCOA3,ESR1,0.999,700,functional,9606,2026-08-30T07:50:54.272243+00:00,STRING
thyroid-branch,MMP9,PGF,9606.ENSP00000361405,9606.ENSP00000451040,MMP9,PGF,0.702,700,functional,9606,2026-08-30T07:50:54.272243+00:00,STRING
thyroid-branch,MMP9,MYC,9606.ENSP00000361405,9606.ENSP00000478887,MMP9,MYC,0.704,700,functional,9606,2026-08-30T07:50:54.272243+00:00,STRING
thyroid-branch,MMP9,IGF1,9606.ENSP00000361405,9606.ENSP00000376637,MMP9,IGF1,0.767,700,functional,9606,2026-08-30T07:50:54.272243+00:00,STRING
thyroid-branch,MMP9,ESR1,9606.ENSP00000361405,9606.ENSP00000405330,MMP9,ESR1,0.772,700,functional,9606,2026-08-30T07:50:54.272243+00:00,STRING
thyroid-branch,MMP9,BCL2,9606.ENSP00000361405,9606.ENSP00000381185,MMP9,BCL2,0.804,700,functional,9606,2026-08-30T07:50:54.272243+00:00,STRING
thyroid-branch,MMP9,HIF1A,9606.ENSP00000361405,9606.ENSP00000437955,MMP9,HIF1A,0.824,700,functional,9606,2026-08-30T07:50:54.272243+00:00,STRING
thyroid-branch,MMP9,AKT1,9606.ENSP00000361405,9606.ENSP00000451828,MMP9,AKT1,0.827,700,functional,9606,2026-08-30T07:50:54.272243+00:00,STRING
thyroid-branch,MMP9,TNF,9606.ENSP00000361405,9606.ENSP00000398698,MMP9,TNF,0.93,700,functional,9606,2026-08-30T07:50:54.272243+00:00,STRING
thyroid-branch,MMP9,EDN1,9606.ENSP00000361405,9606.ENSP00000368683,MMP9,EDN1,0.963,700,functional,9606,2026-08-30T07:50:54.272243+00:00,STRING
thyroid-branch,ABL1,BCL2L1,9606.ENSP00000361423,9606.ENSP00000365230,ABL1,BCL2L1,0.722,700,functional,9606,2026-08-30T07:50:54.272243+00:00,STRING
thyroid-branch,ABL1,MYC,9606.ENSP00000361423,9606.ENSP00000478887,ABL1,MYC,0.785,700,functional,9606,2026-08-30T07:50:54.272243+00:00,STRING
thyroid-branch,ABL1,SNCA,9606.ENSP00000361423,9606.ENSP00000500990,ABL1,SNCA,0.823,700,functional,9606,2026-08-30T07:50:54.272243+00:00,STRING
thyroid-branch,ABL1,CDKN1A,9606.ENSP00000361423,9606.ENSP00000384849,ABL1,CDKN1A,0.878,700,functional,9606,2026-08-30T07:50:54.272243+00:00,STRING
thyroid-branch,ABL1,BRCA1,9606.ENSP00000361423,9606.ENSP00000418960,ABL1,BRCA1,0.956,700,functional,9606,2026-08-30T07:50:54.272243+00:00,STRING
thyroid-branch,CDCA8,CCNA2,9606.ENSP00000362146,9606.ENSP00000481380,CDCA8,CCNA2,0.952,700,functional,9606,2026-08-30T07:50:54.272243+00:00,STRING
thyroid-branch,AR,MYC,9606.ENSP00000363822,9606.ENSP00000478887,AR,MYC,0.7,700,functional,9606,2026-08-30T07:50:54.272243+00:00,STRING
thyroid-branch,AR,IGF1,9606.ENSP00000363822,9606.ENSP00000376637,AR,IGF1,0.747,700,functional,9606,2026-08-30T07:50:54.272243+00:00,STRING
thyroid-branch,AR,CYP19A1,9606.ENSP00000363822,9606.ENSP00000379683,AR,CYP19A1,0.787,700,functional,9606,2026-08-30T07:50:54.272243+00:00,STRING
thyroid-branch,AR,FOXA2,9606.ENSP00000363822,9606.ENSP00000400341,AR,FOXA2,0.857,700,functional,9606,2026-08-30T07:50:54.272243+00:00,STRING
thyroid-branch,AR,HIF1A,9606.ENSP00000363822,9606.ENSP00000437955,AR,HIF1A,0.871,700,functional,9606,2026-08-30T07:50:54.272243+00:00,STRING
thyroid-branch,AR,AKT1,9606.ENSP00000363822,9606.ENSP00000451828,AR,AKT1,0.895,700,functional,9606,2026-08-30T07:50:54.272243+00:00,STRING
thyroid-branch,AR,FKBP5,9606.ENSP00000363822,9606.ENSP00000444810,AR,FKBP5,0.905,700,functional,9606,2026-08-30T07:50:54.272243+00:00,STRING
thyroid-branch,AR,BRCA1,9606.ENSP00000363822,9606.ENSP00000418960,AR,BRCA1,0.908,700,functional,9606,2026-08-30T07:50:54.272243+00:00,STRING
thyroid-branch,AR,ESR1,9606.ENSP00000363822,9606.ENSP00000405330,AR,ESR1,0.981,700,functional,9606,2026-08-30T07:50:54.272243+00:00,STRING
thyroid-branch,BCL2L1,CDKN1A,9606.ENSP00000365230,9606.ENSP00000384849,BCL2L1,CDKN1A,0.704,700,functional,9606,2026-08-30T07:50:54.272243+00:00,STRING
thyroid-branch,BCL2L1,IGF1,9606.ENSP00000365230,9606.ENSP00000376637,BCL2L1,IGF1,0.704,700,functional,9606,2026-08-30T07:50:54.272243+00:00,STRING
thyroid-branch,BCL2L1,SNCA,9606.ENSP00000365230,9606.ENSP00000500990,BCL2L1,SNCA,0.706,700,functional,9606,2026-08-30T07:50:54.272243+00:00,STRING
thyroid-branch,BCL2L1,CASP1,9606.ENSP00000365230,9606.ENSP00000433138,BCL2L1,CASP1,0.728,700,functional,9606,2026-08-30T07:50:54.272243+00:00,STRING
thyroid-branch,BCL2L1,MYC,9606.ENSP00000365230,9606.ENSP00000478887,BCL2L1,MYC,0.863,700,functional,9606,2026-08-30T07:50:54.272243+00:00,STRING
thyroid-branch,BCL2L1,TNF,9606.ENSP00000365230,9606.ENSP00000398698,BCL2L1,TNF,0.878,700,functional,9606,2026-08-30T07:50:54.272243+00:00,STRING
thyroid-branch,BCL2L1,RAF1,9606.ENSP00000365230,9606.ENSP00000401888,BCL2L1,RAF1,0.892,700,functional,9606,2026-08-30T07:50:54.272243+00:00,STRING
thyroid-branch,BCL2L1,AKT1,9606.ENSP00000365230,9606.ENSP00000451828,BCL2L1,AKT1,0.991,700,functional,9606,2026-08-30T07:50:54.272243+00:00,STRING
thyroid-branch,BCL2L1,BCL2,9606.ENSP00000365230,9606.ENSP00000381185,BCL2L1,BCL2,0.999,700,functional,9606,2026-08-30T07:50:54.272243+00:00,STRING
thyroid-branch,BCL2L1,BCL2L11,9606.ENSP00000365230,9606.ENSP00000376943,BCL2L1,BCL2L11,0.999,700,functional,9606,2026-08-30T07:50:54.272243+00:00,STRING
thyroid-branch,HDAC6,AKT1,9606.ENSP00000365804,9606.ENSP00000451828,HDAC6,AKT1,0.712,700,functional,9606,2026-08-30T07:50:54.272243+00:00,STRING
thyroid-branch,HDAC6,HDAC9,9606.ENSP00000365804,9606.ENSP00000408617,HDAC6,HDAC9,0.715,700,functional,9606,2026-08-30T07:50:54.272243+00:00,STRING
thyroid-branch,HDAC6,HIF1A,9606.ENSP00000365804,9606.ENSP00000437955,HDAC6,HIF1A,0.752,700,functional,9606,2026-08-30T07:50:54.272243+00:00,STRING
thyroid-branch,HDAC6,SNCA,9606.ENSP00000365804,9606.ENSP00000500990,HDAC6,SNCA,0.754,700,functional,9606,2026-08-30T07:50:54.272243+00:00,STRING
thyroid-branch,HDAC6,CDKN1A,9606.ENSP00000365804,9606.ENSP00000384849,HDAC6,CDKN1A,0.775,700,functional,9606,2026-08-30T07:50:54.272243+00:00,STRING
thyroid-branch,EDN1,TNF,9606.ENSP00000368683,9606.ENSP00000398698,EDN1,TNF,0.732,700,functional,9606,2026-08-30T07:50:54.272243+00:00,STRING
thyroid-branch,PSIP1,RBBP8,9606.ENSP00000370114,9606.ENSP00000382628,PSIP1,RBBP8,0.959,700,functional,9606,2026-08-30T07:50:54.272243+00:00,STRING
thyroid-branch,PSIP1,KMT2A,9606.ENSP00000370114,9606.ENSP00000436786,PSIP1,KMT2A,0.988,700,functional,9606,2026-08-30T07:50:54.272243+00:00,STRING
thyroid-branch,IGFBP3,IGF1,9606.ENSP00000370473,9606.ENSP00000376637,IGFBP3,IGF1,0.999,700,functional,9606,2026-08-30T07:50:54.272243+00:00,STRING
thyroid-branch,GPX3,BCL2,9606.ENSP00000373477,9606.ENSP00000381185,GPX3,BCL2,0.725,700,functional,9606,2026-08-30T07:50:54.272243+00:00,STRING
thyroid-branch,GPX3,TNF,9606.ENSP00000373477,9606.ENSP00000398698,GPX3,TNF,0.727,700,functional,9606,2026-08-30T07:50:54.272243+00:00,STRING
thyroid-branch,GPX3,KEAP1,9606.ENSP00000373477,9606.ENSP00000377245,GPX3,KEAP1,0.727,700,functional,9606,2026-08-30T07:50:54.272243+00:00,STRING
thyroid-branch,GPX3,NFE2L2,9606.ENSP00000373477,9606.ENSP00000380252,GPX3,NFE2L2,0.802,700,functional,9606,2026-08-30T07:50:54.272243+00:00,STRING
thyroid-branch,GPX3,GSTP1,9606.ENSP00000373477,9606.ENSP00000381607,GPX3,GSTP1,0.84,700,functional,9606,2026-08-30T07:50:54.272243+00:00,STRING
thyroid-branch,IGF1,MYC,9606.ENSP00000376637,9606.ENSP00000478887,IGF1,MYC,0.731,700,functional,9606,2026-08-30T07:50:54.272243+00:00,STRING
thyroid-branch,IGF1,BCL2,9606.ENSP00000376637,9606.ENSP00000381185,IGF1,BCL2,0.765,700,functional,9606,2026-08-30T07:50:54.272243+00:00,STRING
thyroid-branch,IGF1,TNF,9606.ENSP00000376637,9606.ENSP00000398698,IGF1,TNF,0.837,700,functional,9606,2026-08-30T07:50:54.272243+00:00,STRING
thyroid-branch,IGF1,AKT1,9606.ENSP00000376637,9606.ENSP00000451828,IGF1,AKT1,0.935,700,functional,9606,2026-08-30T07:50:54.272243+00:00,STRING
thyroid-branch,IGF1,ESR1,9606.ENSP00000376637,9606.ENSP00000405330,IGF1,ESR1,0.964,700,functional,9606,2026-08-30T07:50:54.272243+00:00,STRING
thyroid-branch,BCL2L11,CDKN1A,9606.ENSP00000376943,9606.ENSP00000384849,BCL2L11,CDKN1A,0.726,700,functional,9606,2026-08-30T07:50:54.272243+00:00,STRING
thyroid-branch,BCL2L11,AKT1,9606.ENSP00000376943,9606.ENSP00000451828,BCL2L11,AKT1,0.833,700,functional,9606,2026-08-30T07:50:54.272243+00:00,STRING
thyroid-branch,BCL2L11,BCL2,9606.ENSP00000376943,9606.ENSP00000381185,BCL2L11,BCL2,0.999,700,functional,9606,2026-08-30T07:50:54.272243+00:00,STRING
thyroid-branch,KEAP1,CASP1,9606.ENSP00000377245,9606.ENSP00000433138,KEAP1,CASP1,0.709,700,functional,9606,2026-08-30T07:50:54.272243+00:00,STRING
thyroid-branch,KEAP1,AKT1,9606.ENSP00000377245,9606.ENSP00000451828,KEAP1,AKT1,0.724,700,functional,9606,2026-08-30T07:50:54.272243+00:00,STRING
thyroid-branch,KEAP1,BRCA1,9606.ENSP00000377245,9606.ENSP00000418960,KEAP1,BRCA1,0.757,700,functional,9606,2026-08-30T07:50:54.272243+00:00,STRING
thyroid-branch,KEAP1,BCL2,9606.ENSP00000377245,9606.ENSP00000381185,KEAP1,BCL2,0.92,700,functional,9606,2026-08-30T07:50:54.272243+00:00,STRING
thyroid-branch,KEAP1,NFE2L2,9606.ENSP00000377245,9606.ENSP00000380252,KEAP1,NFE2L2,0.999,700,functional,9606,2026-08-30T07:50:54.272243+00:00,STRING
thyroid-branch,CYP1A1,PPARA,9606.ENSP00000378488,9606.ENSP00000385523,CYP1A1,PPARA,0.719,700,functional,9606,2026-08-30T07:50:54.272243+00:00,STRING
thyroid-branch,CYP1A1,POR,9606.ENSP00000378488,9606.ENSP00000419970,CYP1A1,POR,0.75,700,functional,9606,2026-08-30T07:50:54.272243+00:00,STRING
thyroid-branch,CYP1A1,ESR1,9606.ENSP00000378488,9606.ENSP00000405330,CYP1A1,ESR1,0.785,700,functional,9606,2026-08-30T07:50:54.272243+00:00,STRING
thyroid-branch,CYP1A1,CYP2D6,9606.ENSP00000378488,9606.ENSP00000496150,CYP1A1,CYP2D6,0.936,700,functional,9606,2026-08-30T07:50:54.272243+00:00,STRING
thyroid-branch,CYP1A1,CYP19A1,9606.ENSP00000378488,9606.ENSP00000379683,CYP1A1,CYP19A1,0.953,700,functional,9606,2026-08-30T07:50:54.272243+00:00,STRING
thyroid-branch,CYP1A1,GSTP1,9606.ENSP00000378488,9606.ENSP00000381607,CYP1A1,GSTP1,0.974,700,functional,9606,2026-08-30T07:50:54.272243+00:00,STRING
thyroid-branch,CYP19A1,AKT1,9606.ENSP00000379683,9606.ENSP00000451828,CYP19A1,AKT1,0.748,700,functional,9606,2026-08-30T07:50:54.272243+00:00,STRING
thyroid-branch,CYP19A1,ESR1,9606.ENSP00000379683,9606.ENSP00000405330,CYP19A1,ESR1,0.927,700,functional,9606,2026-08-30T07:50:54.272243+00:00,STRING
thyroid-branch,ITGA4,TNF,9606.ENSP00000380227,9606.ENSP00000398698,ITGA4,TNF,0.754,700,functional,9606,2026-08-30T07:50:54.272243+00:00,STRING
thyroid-branch,NFE2L2,TNF,9606.ENSP00000380252,9606.ENSP00000398698,NFE2L2,TNF,0.701,700,functional,9606,2026-08-30T07:50:54.272243+00:00,STRING
thyroid-branch,NFE2L2,GSTP1,9606.ENSP00000380252,9606.ENSP00000381607,NFE2L2,GSTP1,0.72,700,functional,9606,2026-08-30T07:50:54.272243+00:00,STRING
thyroid-branch,NFE2L2,HIF1A,9606.ENSP00000380252,9606.ENSP00000437955,NFE2L2,HIF1A,0.75,700,functional,9606,2026-08-30T07:50:54.272243+00:00,STRING
thyroid-branch,NFE2L2,CDKN1A,9606.ENSP00000380252,9606.ENSP00000384849,NFE2L2,CDKN1A,0.75,700,functional,9606,2026-08-30T07:50:54.272243+00:00,STRING
thyroid-branch,NFE2L2,BRCA1,9606.ENSP00000380252,9606.ENSP00000418960,NFE2L2,BRCA1,0.813,700,functional,9606,2026-08-30T07:50:54.272243+00:00,STRING
thyroid-branch,NFE2L2,IDH1,9606.ENSP00000380252,9606.ENSP00000390265,NFE2L2,IDH1,0.849,700,functional,9606,2026-08-30T07:50:54.272243+00:00,STRING
thyroid-branch,NFE2L2,AKT1,9606.ENSP00000380252,9606.ENSP00000451828,NFE2L2,AKT1,0.923,700,functional,9606,2026-08-30T07:50:54.272243+00:00,STRING
thyroid-branch,NFE2L2,MYC,9606.ENSP00000380252,9606.ENSP00000478887,NFE2L2,MYC,0.961,700,functional,9606,2026-08-30T07:50:54.272243+00:00,STRING
thyroid-branch,BCL2,BRCA1,9606.ENSP00000381185,9606.ENSP00000418960,BCL2,BRCA1,0.8,700,functional,9606,2026-08-30T07:50:54.272243+00:00,STRING
thyroid-branch,BCL2,CASP1,9606.ENSP00000381185,9606.ENSP00000433138,BCL2,CASP1,0.817,700,functional,9606,2026-08-30T07:50:54.272243+00:00,STRING
thyroid-branch,BCL2,CDKN1A,9606.ENSP00000381185,9606.ENSP00000384849,BCL2,CDKN1A,0.82,700,functional,9606,2026-08-30T07:50:54.272243+00:00,STRING
thyroid-branch,BCL2,TNF,9606.ENSP00000381185,9606.ENSP00000398698,BCL2,TNF,0.885,700,functional,9606,2026-08-30T07:50:54.272243+00:00,STRING
thyroid-branch,BCL2,RAF1,9606.ENSP00000381185,9606.ENSP00000401888,BCL2,RAF1,0.892,700,functional,9606,2026-08-30T07:50:54.272243+00:00,STRING
thyroid-branch,BCL2,ESR1,9606.ENSP00000381185,9606.ENSP00000405330,BCL2,ESR1,0.897,700,functional,9606,2026-08-30T07:50:54.272243+00:00,STRING
thyroid-branch,BCL2,CREB1,9606.ENSP00000381185,9606.ENSP00000387699,BCL2,CREB1,0.925,700,functional,9606,2026-08-30T07:50:54.272243+00:00,STRING
thyroid-branch,BCL2,HIF1A,9606.ENSP00000381185,9606.ENSP00000437955,BCL2,HIF1A,0.946,700,functional,9606,2026-08-30T07:50:54.272243+00:00,STRING
thyroid-branch,BCL2,MYC,9606.ENSP00000381185,9606.ENSP00000478887,BCL2,MYC,0.955,700,functional,9606,2026-08-30T07:50:54.272243+00:00,STRING
thyroid-branch,BCL2,AKT1,9606.ENSP00000381185,9606.ENSP00000451828,BCL2,AKT1,0.993,700,functional,9606,2026-08-30T07:50:54.272243+00:00,STRING
thyroid-branch,GSTP1,CYP2D6,9606.ENSP00000381607,9606.ENSP00000496150,GSTP1,CYP2D6,0.734,700,functional,9606,2026-08-30T07:50:54.272243+00:00,STRING
thyroid-branch,RBBP8,CCNA2,9606.ENSP00000382628,9606.ENSP00000481380,RBBP8,CCNA2,0.744,700,functional,9606,2026-08-30T07:50:54.272243+00:00,STRING
thyroid-branch,RBBP8,BRCA1,9606.ENSP00000382628,9606.ENSP00000418960,RBBP8,BRCA1,0.999,700,functional,9606,2026-08-30T07:50:54.272243+00:00,STRING
thyroid-branch,CDKN1A,BRCA1,9606.ENSP00000384849,9606.ENSP00000418960,CDKN1A,BRCA1,0.809,700,functional,9606,2026-08-30T07:50:54.272243+00:00,STRING
thyroid-branch,CDKN1A,ESR1,9606.ENSP00000384849,9606.ENSP00000405330,CDKN1A,ESR1,0.842,700,functional,9606,2026-08-30T07:50:54.272243+00:00,STRING
thyroid-branch,CDKN1A,MYC,9606.ENSP00000384849,9606.ENSP00000478887,CDKN1A,MYC,0.981,700,functional,9606,2026-08-30T07:50:54.272243+00:00,STRING
thyroid-branch,CDKN1A,AKT1,9606.ENSP00000384849,9606.ENSP00000451828,CDKN1A,AKT1,0.995,700,functional,9606,2026-08-30T07:50:54.272243+00:00,STRING
thyroid-branch,CDKN1A,CCNA2,9606.ENSP00000384849,9606.ENSP00000481380,CDKN1A,CCNA2,0.999,700,functional,9606,2026-08-30T07:50:54.272243+00:00,STRING
thyroid-branch,ESRRA,CREB1,9606.ENSP00000384851,9606.ENSP00000387699,ESRRA,CREB1,0.72,700,functional,9606,2026-08-30T07:50:54.272243+00:00,STRING
thyroid-branch,ESRRA,ESR1,9606.ENSP00000384851,9606.ENSP00000405330,ESRRA,ESR1,0.888,700,functional,9606,2026-08-30T07:50:54.272243+00:00,STRING
thyroid-branch,PPARA,AKT1,9606.ENSP00000385523,9606.ENSP00000451828,PPARA,AKT1,0.7,700,functional,9606,2026-08-30T07:50:54.272243+00:00,STRING
thyroid-branch,PPARA,HIF1A,9606.ENSP00000385523,9606.ENSP00000437955,PPARA,HIF1A,0.761,700,functional,9606,2026-08-30T07:50:54.272243+00:00,STRING
thyroid-branch,PPARA,TNF,9606.ENSP00000385523,9606.ENSP00000398698,PPARA,TNF,0.81,700,functional,9606,2026-08-30T07:50:54.272243+00:00,STRING
thyroid-branch,CREB1,ESR1,9606.ENSP00000387699,9606.ENSP00000405330,CREB1,ESR1,0.757,700,functional,9606,2026-08-30T07:50:54.272243+00:00,STRING
thyroid-branch,CREB1,MYC,9606.ENSP00000387699,9606.ENSP00000478887,CREB1,MYC,0.789,700,functional,9606,2026-08-30T07:50:54.272243+00:00,STRING
thyroid-branch,CREB1,HIF1A,9606.ENSP00000387699,9606.ENSP00000437955,CREB1,HIF1A,0.833,700,functional,9606,2026-08-30T07:50:54.272243+00:00,STRING
thyroid-branch,CREB1,KMT2A,9606.ENSP00000387699,9606.ENSP00000436786,CREB1,KMT2A,0.917,700,functional,9606,2026-08-30T07:50:54.272243+00:00,STRING
thyroid-branch,CREB1,AKT1,9606.ENSP00000387699,9606.ENSP00000451828,CREB1,AKT1,0.965,700,functional,9606,2026-08-30T07:50:54.272243+00:00,STRING
thyroid-branch,IDH1,MYC,9606.ENSP00000390265,9606.ENSP00000478887,IDH1,MYC,0.74,700,functional,9606,2026-08-30T07:50:54.272243+00:00,STRING
thyroid-branch,IDH1,ENO1,9606.ENSP00000390265,9606.ENSP00000495530,IDH1,ENO1,0.765,700,functional,9606,2026-08-30T07:50:54.272243+00:00,STRING
thyroid-branch,TNF,MYC,9606.ENSP00000398698,9606.ENSP00000478887,TNF,MYC,0.702,700,functional,9606,2026-08-30T07:50:54.272243+00:00,STRING
thyroid-branch,TNF,HIF1A,9606.ENSP00000398698,9606.ENSP00000437955,TNF,HIF1A,0.818,700,functional,9606,2026-08-30T07:50:54.272243+00:00,STRING
thyroid-branch,TNF,CASP1,9606.ENSP00000398698,9606.ENSP00000433138,TNF,CASP1,0.904,700,functional,9606,2026-08-30T07:50:54.272243+00:00,STRING
thyroid-branch,TNF,AKT1,9606.ENSP00000398698,9606.ENSP00000451828,TNF,AKT1,0.907,700,functional,9606,2026-08-30T07:50:54.272243+00:00,STRING
thyroid-branch,FOXA2,HIF1A,9606.ENSP00000400341,9606.ENSP00000437955,FOXA2,HIF1A,0.88,700,functional,9606,2026-08-30T07:50:54.272243+00:00,STRING
thyroid-branch,RAF1,MYC,9606.ENSP00000401888,9606.ENSP00000478887,RAF1,MYC,0.755,700,functional,9606,2026-08-30T07:50:54.272243+00:00,STRING
thyroid-branch,RAF1,AKT1,9606.ENSP00000401888,9606.ENSP00000451828,RAF1,AKT1,0.992,700,functional,9606,2026-08-30T07:50:54.272243+00:00,STRING
thyroid-branch,ESR1,CYP2D6,9606.ENSP00000405330,9606.ENSP00000496150,ESR1,CYP2D6,0.712,700,functional,9606,2026-08-30T07:50:54.272243+00:00,STRING
thyroid-branch,ESR1,NR1H4,9606.ENSP00000405330,9606.ENSP00000447149,ESR1,NR1H4,0.744,700,functional,9606,2026-08-30T07:50:54.272243+00:00,STRING
thyroid-branch,ESR1,MUC1,9606.ENSP00000405330,9606.ENSP00000484824,ESR1,MUC1,0.839,700,functional,9606,2026-08-30T07:50:54.272243+00:00,STRING
thyroid-branch,ESR1,FKBP5,9606.ENSP00000405330,9606.ENSP00000444810,ESR1,FKBP5,0.883,700,functional,9606,2026-08-30T07:50:54.272243+00:00,STRING
thyroid-branch,ESR1,AKT1,9606.ENSP00000405330,9606.ENSP00000451828,ESR1,AKT1,0.913,700,functional,9606,2026-08-30T07:50:54.272243+00:00,STRING
thyroid-branch,ESR1,HIF1A,9606.ENSP00000405330,9606.ENSP00000437955,ESR1,HIF1A,0.948,700,functional,9606,2026-08-30T07:50:54.272243+00:00,STRING
thyroid-branch,ESR1,MYC,9606.ENSP00000405330,9606.ENSP00000478887,ESR1,MYC,0.982,700,functional,9606,2026-08-30T07:50:54.272243+00:00,STRING
thyroid-branch,ESR1,BRCA1,9606.ENSP00000405330,9606.ENSP00000418960,ESR1,BRCA1,0.999,700,functional,9606,2026-08-30T07:50:54.272243+00:00,STRING
thyroid-branch,HDAC9,HIF1A,9606.ENSP00000408617,9606.ENSP00000437955,HDAC9,HIF1A,0.783,700,functional,9606,2026-08-30T07:50:54.272243+00:00,STRING
thyroid-branch,SERPINA1,CFB,9606.ENSP00000416066,9606.ENSP00000416561,SERPINA1,CFB,0.725,700,functional,9606,2026-08-30T07:50:54.272243+00:00,STRING
thyroid-branch,BRCA1,CCNA2,9606.ENSP00000418960,9606.ENSP00000481380,BRCA1,CCNA2,0.956,700,functional,9606,2026-08-30T07:50:54.272243+00:00,STRING
thyroid-branch,BRCA1,AKT1,9606.ENSP00000418960,9606.ENSP00000451828,BRCA1,AKT1,0.993,700,functional,9606,2026-08-30T07:50:54.272243+00:00,STRING
thyroid-branch,BRCA1,MYC,9606.ENSP00000418960,9606.ENSP00000478887,BRCA1,MYC,0.999,700,functional,9606,2026-08-30T07:50:54.272243+00:00,STRING
thyroid-branch,EIF4E,HIF1A,9606.ENSP00000425561,9606.ENSP00000437955,EIF4E,HIF1A,0.756,700,functional,9606,2026-08-30T07:50:54.272243+00:00,STRING
thyroid-branch,EIF4E,MYC,9606.ENSP00000425561,9606.ENSP00000478887,EIF4E,MYC,0.781,700,functional,9606,2026-08-30T07:50:54.272243+00:00,STRING
thyroid-branch,EIF4E,AKT1,9606.ENSP00000425561,9606.ENSP00000451828,EIF4E,AKT1,0.788,700,functional,9606,2026-08-30T07:50:54.272243+00:00,STRING
thyroid-branch,TRHR,TSHR,9606.ENSP00000430711,9606.ENSP00000441235,TRHR,TSHR,0.732,700,functional,9606,2026-08-30T07:50:54.272243+00:00,STRING
thyroid-branch,HIF1A,MUC1,9606.ENSP00000437955,9606.ENSP00000484824,HIF1A,MUC1,0.755,700,functional,9606,2026-08-30T07:50:54.272243+00:00,STRING
thyroid-branch,HIF1A,AKT1,9606.ENSP00000437955,9606.ENSP00000451828,HIF1A,AKT1,0.932,700,functional,9606,2026-08-30T07:50:54.272243+00:00,STRING
thyroid-branch,HIF1A,MYC,9606.ENSP00000437955,9606.ENSP00000478887,HIF1A,MYC,0.993,700,functional,9606,2026-08-30T07:50:54.272243+00:00,STRING
thyroid-branch,FKBP5,AKT1,9606.ENSP00000444810,9606.ENSP00000451828,FKBP5,AKT1,0.964,700,functional,9606,2026-08-30T07:50:54.272243+00:00,STRING
thyroid-branch,AKT1,CCNA2,9606.ENSP00000451828,9606.ENSP00000481380,AKT1,CCNA2,0.771,700,functional,9606,2026-08-30T07:50:54.272243+00:00,STRING
thyroid-branch,AKT1,ENO1,9606.ENSP00000451828,9606.ENSP00000495530,AKT1,ENO1,0.816,700,functional,9606,2026-08-30T07:50:54.272243+00:00,STRING
thyroid-branch,AKT1,MYC,9606.ENSP00000451828,9606.ENSP00000478887,AKT1,MYC,0.928,700,functional,9606,2026-08-30T07:50:54.272243+00:00,STRING
thyroid-branch,ABCB1,CYP2D6,9606.ENSP00000478255,9606.ENSP00000496150,ABCB1,CYP2D6,0.779,700,functional,9606,2026-08-30T07:50:54.272243+00:00,STRING
thyroid-branch,MYC,CCNA2,9606.ENSP00000478887,9606.ENSP00000481380,MYC,CCNA2,0.734,700,functional,9606,2026-08-30T07:50:54.272243+00:00,STRING
hypertension-branch,CFTR,ACTB,9606.ENSP00000003084,9606.ENSP00000494750,CFTR,ACTB,0.717,700,functional,9606,2026-08-30T07:51:00.550986+00:00,STRING
hypertension-branch,CFTR,HSPB1,9606.ENSP00000003084,9606.ENSP00000248553,CFTR,HSPB1,0.78,700,functional,9606,2026-08-30T07:51:00.550986+00:00,STRING
hypertension-branch,CFTR,SLC9A3,9606.ENSP00000003084,9606.ENSP00000264938,CFTR,SLC9A3,0.828,700,functional,9606,2026-08-30T07:51:00.550986+00:00,STRING
hypertension-branch,CFTR,CLCA1,9606.ENSP00000003084,9606.ENSP00000234701,CFTR,CLCA1,0.838,700,functional,9606,2026-08-30T07:51:00.550986+00:00,STRING
hypertension-branch,CFTR,HDAC6,9606.ENSP00000003084,9606.ENSP00000365804,CFTR,HDAC6,0.848,700,functional,9606,2026-08-30T07:51:00.550986+00:00,STRING
hypertension-branch,CFTR,EZR,9606.ENSP00000003084,9606.ENSP00000338934,CFTR,EZR,0.898,700,functional,9606,2026-08-30T07:51:00.550986+00:00,STRING
hypertension-branch,CFTR,VCP,9606.ENSP00000003084,9606.ENSP00000351777,CFTR,VCP,0.938,700,functional,9606,2026-08-30T07:51:00.550986+00:00,STRING
hypertension-branch,KCNQ1,KCNH2,9606.ENSP00000155840,9606.ENSP00000262186,KCNQ1,KCNH2,0.983,700,functional,9606,2026-08-30T07:51:00.550986+00:00,STRING
hypertension-branch,KIF22,APOD,9606.ENSP00000160827,9606.ENSP00000345179,KIF22,APOD,0.727,700,functional,9606,2026-08-30T07:51:00.550986+00:00,STRING
hypertension-branch,KIF22,CCNA2,9606.ENSP00000160827,9606.ENSP00000481380,KIF22,CCNA2,0.735,700,functional,9606,2026-08-30T07:51:00.550986+00:00,STRING
hypertension-branch,KIF22,AURKA,9606.ENSP00000160827,9606.ENSP00000216911,KIF22,AURKA,0.802,700,functional,9606,2026-08-30T07:51:00.550986+00:00,STRING
hypertension-branch,KIF22,CDCA3,9606.ENSP00000160827,9606.ENSP00000442068,KIF22,CDCA3,0.833,700,functional,9606,2026-08-30T07:51:00.550986+00:00,STRING
hypertension-branch,KIF22,CDC20,9606.ENSP00000160827,9606.ENSP00000361540,KIF22,CDC20,0.837,700,functional,9606,2026-08-30T07:51:00.550986+00:00,STRING
hypertension-branch,KIF22,PLK1,9606.ENSP00000160827,9606.ENSP00000300093,KIF22,PLK1,0.86,700,functional,9606,2026-08-30T07:51:00.550986+00:00,STRING
hypertension-branch,KIF22,BIRC5,9606.ENSP00000160827,9606.ENSP00000301633,KIF22,BIRC5,0.877,700,functional,9606,2026-08-30T07:51:00.550986+00:00,STRING
hypertension-branch,SLC22A4,PADI4,9606.ENSP00000200652,9606.ENSP00000364597,SLC22A4,PADI4,0.775,700,functional,9606,2026-08-30T07:51:00.550986+00:00,STRING
hypertension-branch,SLC22A4,NOD2,9606.ENSP00000200652,9606.ENSP00000300589,SLC22A4,NOD2,0.841,700,functional,9606,2026-08-30T07:51:00.550986+00:00,STRING
hypertension-branch,GSTA3,CYP3A5,9606.ENSP00000211122,9606.ENSP00000222982,GSTA3,CYP3A5,0.705,700,functional,9606,2026-08-30T07:51:00.550986+00:00,STRING
hypertension-branch,GSTA3,GSTP1,9606.ENSP00000211122,9606.ENSP00000381607,GSTA3,GSTP1,0.722,700,functional,9606,2026-08-30T07:51:00.550986+00:00,STRING
hypertension-branch,GSTA3,GSTM4,9606.ENSP00000211122,9606.ENSP00000358851,GSTA3,GSTM4,0.728,700,functional,9606,2026-08-30T07:51:00.550986+00:00,STRING
hypertension-branch,GSTA3,GSTM3,9606.ENSP00000211122,9606.ENSP00000354357,GSTA3,GSTM3,0.732,700,functional,9606,2026-08-30T07:51:00.550986+00:00,STRING
hypertension-branch,GSTA3,CYP2B6,9606.ENSP00000211122,9606.ENSP00000324648,GSTA3,CYP2B6,0.733,700,functional,9606,2026-08-30T07:51:00.550986+00:00,STRING
hypertension-branch,GSTA3,GSTM1,9606.ENSP00000211122,9606.ENSP00000311469,GSTA3,GSTM1,0.735,700,functional,9606,2026-08-30T07:51:00.550986+00:00,STRING
hypertension-branch,GSTA3,GSTM2,9606.ENSP00000211122,9606.ENSP00000241337,GSTA3,GSTM2,0.74,700,functional,9606,2026-08-30T07:51:00.550986+00:00,STRING
hypertension-branch,GSTA3,GGT1,9606.ENSP00000211122,9606.ENSP00000248923,GSTA3,GGT1,0.749,700,functional,9606,2026-08-30T07:51:00.550986+00:00,STRING
hypertension-branch,GSTA3,GPX3,9606.ENSP00000211122,9606.ENSP00000373477,GSTA3,GPX3,0.797,700,functional,9606,2026-08-30T07:51:00.550986+00:00,STRING
hypertension-branch,GSTA3,GSTM5,9606.ENSP00000211122,9606.ENSP00000256593,GSTA3,GSTM5,0.819,700,functional,9606,2026-08-30T07:51:00.550986+00:00,STRING
hypertension-branch,GSTA3,GSTO2,9606.ENSP00000211122,9606.ENSP00000345023,GSTA3,GSTO2,0.84,700,functional,9606,2026-08-30T07:51:00.550986+00:00,STRING
hypertension-branch,GSTA3,NFE2L2,9606.ENSP00000211122,9606.ENSP00000380252,GSTA3,NFE2L2,0.846,700,functional,9606,2026-08-30T07:51:00.550986+00:00,STRING
hypertension-branch,GSTA3,CYP2C9,9606.ENSP00000211122,9606.ENSP00000260682,GSTA3,CYP2C9,0.917,700,functional,9606,2026-08-30T07:51:00.550986+00:00,STRING
hypertension-branch,GSTA3,CYP1B1,9606.ENSP00000211122,9606.ENSP00000478561,GSTA3,CYP1B1,0.919,700,functional,9606,2026-08-30T07:51:00.550986+00:00,STRING
hypertension-branch,GSTA3,CYP2A6,9606.ENSP00000211122,9606.ENSP00000301141,GSTA3,CYP2A6,0.919,700,functional,9606,2026-08-30T07:51:00.550986+00:00,STRING
hypertension-branch,GSTA3,GSS,9606.ENSP00000211122,9606.ENSP00000495750,GSTA3,GSS,0.927,700,functional,9606,2026-08-30T07:51:00.550986+00:00,STRING
hypertension-branch,GSTA3,CYP3A4,9606.ENSP00000211122,9606.ENSP00000498939,GSTA3,CYP3A4,0.929,700,functional,9606,2026-08-30T07:51:00.550986+00:00,STRING
hypertension-branch,GSTA3,GPX4,9606.ENSP00000211122,9606.ENSP00000346103,GSTA3,GPX4,0.931,700,functional,9606,2026-08-30T07:51:00.550986+00:00,STRING
hypertension-branch,GSTA3,CYP2E1,9606.ENSP00000211122,9606.ENSP00000440689,GSTA3,CYP2E1,0.932,700,functional,9606,2026-08-30T07:51:00.550986+00:00,STRING
hypertension-branch,GSTA3,PRDX6,9606.ENSP00000211122,9606.ENSP00000342026,GSTA3,PRDX6,0.932,700,functional,9606,2026-08-30T07:51:00.550986+00:00,STRING
hypertension-branch,GSTA3,GSR,9606.ENSP00000211122,9606.ENSP00000221130,GSTA3,GSR,0.933,700,functional,9606,2026-08-30T07:51:00.550986+00:00,STRING
hypertension-branch,GSTA3,CYP1A1,9606.ENSP00000211122,9606.ENSP00000378488,GSTA3,CYP1A1,0.933,700,functional,9606,2026-08-30T07:51:00.550986+00:00,STRING
hypertension-branch,GSTA3,CYP1A2,9606.ENSP00000211122,9606.ENSP00000342007,GSTA3,CYP1A2,0.933,700,functional,9606,2026-08-30T07:51:00.550986+00:00,STRING
hypertension-branch,GSTA3,EPHX1,9606.ENSP00000211122,9606.ENSP00000480004,GSTA3,EPHX1,0.936,700,functional,9606,2026-08-30T07:51:00.550986+00:00,STRING
hypertension-branch,VCL,MACF1,9606.ENSP00000211998,9606.ENSP00000354573,VCL,MACF1,0.71,700,functional,9606,2026-08-30T07:51:00.550986+00:00,STRING
hypertension-branch,VCL,MAPK1,9606.ENSP00000211998,9606.ENSP00000215832,VCL,MAPK1,0.786,700,functional,9606,2026-08-30T07:51:00.550986+00:00,STRING
hypertension-branch,VCL,AKT1,9606.ENSP00000211998,9606.ENSP00000451828,VCL,AKT1,0.797,700,functional,9606,2026-08-30T07:51:00.550986+00:00,STRING
hypertension-branch,VCL,PTK2B,9606.ENSP00000211998,9606.ENSP00000380638,VCL,PTK2B,0.928,700,functional,9606,2026-08-30T07:51:00.550986+00:00,STRING
hypertension-branch,VCL,ACTA1,9606.ENSP00000211998,9606.ENSP00000355645,VCL,ACTA1,0.942,700,functional,9606,2026-08-30T07:51:00.550986+00:00,STRING
hypertension-branch,VCL,TPM1,9606.ENSP00000211998,9606.ENSP00000351022,VCL,TPM1,0.957,700,functional,9606,2026-08-30T07:51:00.550986+00:00,STRING
hypertension-branch,VCL,EZR,9606.ENSP00000211998,9606.ENSP00000338934,VCL,EZR,0.979,700,functional,9606,2026-08-30T07:51:00.550986+00:00,STRING
hypertension-branch,VCL,ACTB,9606.ENSP00000211998,9606.ENSP00000494750,VCL,ACTB,0.984,700,functional,9606,2026-08-30T07:51:00.550986+00:00,STRING
hypertension-branch,FGF22,NGF,9606.ENSP00000215530,9606.ENSP00000358525,FGF22,NGF,0.702,700,functional,9606,2026-08-30T07:51:00.550986+00:00,STRING
hypertension-branch,FGF22,TNFRSF12A,9606.ENSP00000215530,9606.ENSP00000326737,FGF22,TNFRSF12A,0.716,700,functional,9606,2026-08-30T07:51:00.550986+00:00,STRING
hypertension-branch,FGF22,ALB,9606.ENSP00000215530,9606.ENSP00000295897,FGF22,ALB,0.751,700,functional,9606,2026-08-30T07:51:00.550986+00:00,STRING
hypertension-branch,FGF22,CXCL8,9606.ENSP00000215530,9606.ENSP00000306512,FGF22,CXCL8,0.754,700,functional,9606,2026-08-30T07:51:00.550986+00:00,STRING
hypertension-branch,FGF22,NTRK2,9606.ENSP00000215530,9606.ENSP00000277120,FGF22,NTRK2,0.762,700,functional,9606,2026-08-30T07:51:00.550986+00:00,STRING
hypertension-branch,FGF22,IGF1,9606.ENSP00000215530,9606.ENSP00000376637,FGF22,IGF1,0.782,700,functional,9606,2026-08-30T07:51:00.550986+00:00,STRING
hypertension-branch,FGF22,EGFR,9606.ENSP00000215530,9606.ENSP00000275493,FGF22,EGFR,0.926,700,functional,9606,2026-08-30T07:51:00.550986+00:00,STRING
hypertension-branch,MAPK1,ABL1,9606.ENSP00000215832,9606.ENSP00000361423,MAPK1,ABL1,0.724,700,functional,9606,2026-08-30T07:51:00.550986+00:00,STRING
hypertension-branch,MAPK1,CDKN1A,9606.ENSP00000215832,9606.ENSP00000384849,MAPK1,CDKN1A,0.732,700,functional,9606,2026-08-30T07:51:00.550986+00:00,STRING
hypertension-branch,MAPK1,CXCL8,9606.ENSP00000215832,9606.ENSP00000306512,MAPK1,CXCL8,0.735,700,functional,9606,2026-08-30T07:51:00.550986+00:00,STRING
hypertension-branch,MAPK1,PPARG,9606.ENSP00000215832,9606.ENSP00000287820,MAPK1,PPARG,0.736,700,functional,9606,2026-08-30T07:51:00.550986+00:00,STRING
hypertension-branch,MAPK1,MCL1,9606.ENSP00000215832,9606.ENSP00000358022,MAPK1,MCL1,0.74,700,functional,9606,2026-08-30T07:51:00.550986+00:00,STRING
hypertension-branch,MAPK1,TNF,9606.ENSP00000215832,9606.ENSP00000398698,MAPK1,TNF,0.757,700,functional,9606,2026-08-30T07:51:00.550986+00:00,STRING
hypertension-branch,MAPK1,ACTB,9606.ENSP00000215832,9606.ENSP00000494750,MAPK1,ACTB,0.767,700,functional,9606,2026-08-30T07:51:00.550986+00:00,STRING
hypertension-branch,MAPK1,IER3,9606.ENSP00000215832,9606.ENSP00000259874,MAPK1,IER3,0.77,700,functional,9606,2026-08-30T07:51:00.550986+00:00,STRING
hypertension-branch,MAPK1,CYCS,9606.ENSP00000215832,9606.ENSP00000307786,MAPK1,CYCS,0.775,700,functional,9606,2026-08-30T07:51:00.550986+00:00,STRING
hypertension-branch,MAPK1,NFKB1,9606.ENSP00000215832,9606.ENSP00000226574,MAPK1,NFKB1,0.79,700,functional,9606,2026-08-30T07:51:00.550986+00:00,STRING
hypertension-branch,MAPK1,HMGB1,9606.ENSP00000215832,9606.ENSP00000345347,MAPK1,HMGB1,0.792,700,functional,9606,2026-08-30T07:51:00.550986+00:00,STRING
hypertension-branch,MAPK1,APP,9606.ENSP00000215832,9606.ENSP00000284981,MAPK1,APP,0.827,700,functional,9606,2026-08-30T07:51:00.550986+00:00,STRING
hypertension-branch,MAPK1,CASP9,9606.ENSP00000215832,9606.ENSP00000330237,MAPK1,CASP9,0.841,700,functional,9606,2026-08-30T07:51:00.550986+00:00,STRING
hypertension-branch,MAPK1,CDKN1B,9606.ENSP00000215832,9606.ENSP00000228872,MAPK1,CDKN1B,0.858,700,functional,9606,2026-08-30T07:51:00.550986+00:00,STRING
hypertension-branch,MAPK1,THRB,9606.ENSP00000215832,9606.ENSP00000379904,MAPK1,THRB,0.912,700,functional,9606,2026-08-30T07:51:00.550986+00:00,STRING
hypertension-branch,MAPK1,SPHK1,9606.ENSP00000215832,9606.ENSP00000313681,MAPK1,SPHK1,0.922,700,functional,9606,2026-08-30T07:51:00.550986+00:00,STRING
hypertension-branch,MAPK1,GNAI1,9606.ENSP00000215832,9606.ENSP00000497260,MAPK1,GNAI1,0.931,700,functional,9606,2026-08-30T07:51:00.550986+00:00,STRING
hypertension-branch,MAPK1,MITF,9606.ENSP00000215832,9606.ENSP00000391803,MAPK1,MITF,0.932,700,functional,9606,2026-08-30T07:51:00.550986+00:00,STRING
hypertension-branch,MAPK1,ESR2,9606.ENSP00000215832,9606.ENSP00000343925,MAPK1,ESR2,0.948,700,functional,9606,2026-08-30T07:51:00.550986+00:00,STRING
hypertension-branch,MAPK1,MAPT,9606.ENSP00000215832,9606.ENSP00000340820,MAPK1,MAPT,0.952,700,functional,9606,2026-08-30T07:51:00.550986+00:00,STRING
hypertension-branch,MAPK1,BCL2L11,9606.ENSP00000215832,9606.ENSP00000376943,MAPK1,BCL2L11,0.953,700,functional,9606,2026-08-30T07:51:00.550986+00:00,STRING
hypertension-branch,MAPK1,CASP3,9606.ENSP00000215832,9606.ENSP00000311032,MAPK1,CASP3,0.961,700,functional,9606,2026-08-30T07:51:00.550986+00:00,STRING
hypertension-branch,MAPK1,SMAD3,9606.ENSP00000215832,9606.ENSP00000332973,MAPK1,SMAD3,0.962,700,functional,9606,2026-08-30T07:51:00.550986+00:00,STRING
hypertension-branch,MAPK1,CREB1,9606.ENSP00000215832,9606.ENSP00000387699,MAPK1,CREB1,0.962,700,functional,9606,2026-08-30T07:51:00.550986+00:00,STRING
hypertension-branch,MAPK1,SMAD2,9606.ENSP00000215832,9606.ENSP00000262160,MAPK1,SMAD2,0.967,700,functional,9606,2026-08-30T07:51:00.550986+00:00,STRING
hypertension-branch,MAPK1,BCL2,9606.ENSP00000215832,9606.ENSP00000381185,MAPK1,BCL2,0.969,700,functional,9606,2026-08-30T07:51:00.550986+00:00,STRING
hypertension-branch,MAPK1,PTPN5,9606.ENSP00000215832,9606.ENSP00000351342,MAPK1,PTPN5,0.974,700,functional,9606,2026-08-30T07:51:00.550986+00:00,STRING
hypertension-branch,MAPK1,RAF1,9606.ENSP00000215832,9606.ENSP00000401888,MAPK1,RAF1,0.975,700,functional,9606,2026-08-30T07:51:00.550986+00:00,STRING
hypertension-branch,MAPK1,MYC,9606.ENSP00000215832,9606.ENSP00000478887,MAPK1,MYC,0.983,700,functional,9606,2026-08-30T07:51:00.550986+00:00,STRING
hypertension-branch,MAPK1,HIF1A,9606.ENSP00000215832,9606.ENSP00000437955,MAPK1,HIF1A,0.985,700,functional,9606,2026-08-30T07:51:00.550986+00:00,STRING
hypertension-branch,MAPK1,ESR1,9606.ENSP00000215832,9606.ENSP00000405330,MAPK1,ESR1,0.987,700,functional,9606,2026-08-30T07:51:00.550986+00:00,STRING
hypertension-branch,MAPK1,AKT1,9606.ENSP00000215832,9606.ENSP00000451828,MAPK1,AKT1,0.988,700,functional,9606,2026-08-30T07:51:00.550986+00:00,STRING
hypertension-branch,MAPK1,ARRB1,9606.ENSP00000215832,9606.ENSP00000409581,MAPK1,ARRB1,0.989,700,functional,9606,2026-08-30T07:51:00.550986+00:00,STRING
hypertension-branch,MAPK1,FOS,9606.ENSP00000215832,9606.ENSP00000306245,MAPK1,FOS,0.992,700,functional,9606,2026-08-30T07:51:00.550986+00:00,STRING
hypertension-branch,MAPK1,DUSP1,9606.ENSP00000215832,9606.ENSP00000239223,MAPK1,DUSP1,0.996,700,functional,9606,2026-08-30T07:51:00.550986+00:00,STRING
hypertension-branch,MAPK1,TP53,9606.ENSP00000215832,9606.ENSP00000269305,MAPK1,TP53,0.998,700,functional,9606,2026-08-30T07:51:00.550986+00:00,STRING
hypertension-branch,MAPK1,JUN,9606.ENSP00000215832,9606.ENSP00000360266,MAPK1,JUN,0.998,700,functional,9606,2026-08-30T07:51:00.550986+00:00,STRING
hypertension-branch,HMOX1,HIF1A,9606.ENSP00000216117,9606.ENSP00000437955,HMOX1,HIF1A,0.701,700,functional,9606,2026-08-30T07:51:00.550986+00:00,STRING
hypertension-branch,HMOX1,GPX4,9606.ENSP00000216117,9606.ENSP00000346103,HMOX1,GPX4,0.716,700,functional,9606,2026-08-30T07:51:00.550986+00:00,STRING
hypertension-branch,HMOX1,BAX,9606.ENSP00000216117,9606.ENSP00000293288,HMOX1,BAX,0.729,700,functional,9606,2026-08-30T07:51:00.550986+00:00,STRING
hypertension-branch,HMOX1,EDN1,9606.ENSP00000216117,9606.ENSP00000368683,HMOX1,EDN1,0.735,700,functional,9606,2026-08-30T07:51:00.550986+00:00,STRING
hypertension-branch,HMOX1,GSR,9606.ENSP00000216117,9606.ENSP00000221130,HMOX1,GSR,0.761,700,functional,9606,2026-08-30T07:51:00.550986+00:00,STRING
hypertension-branch,HMOX1,NOS3,9606.ENSP00000216117,9606.ENSP00000297494,HMOX1,NOS3,0.77,700,functional,9606,2026-08-30T07:51:00.550986+00:00,STRING
hypertension-branch,HMOX1,PPARG,9606.ENSP00000216117,9606.ENSP00000287820,HMOX1,PPARG,0.784,700,functional,9606,2026-08-30T07:51:00.550986+00:00,STRING
hypertension-branch,HMOX1,ACTB,9606.ENSP00000216117,9606.ENSP00000494750,HMOX1,ACTB,0.785,700,functional,9606,2026-08-30T07:51:00.550986+00:00,STRING
hypertension-branch,HMOX1,TNF,9606.ENSP00000216117,9606.ENSP00000398698,HMOX1,TNF,0.792,700,functional,9606,2026-08-30T07:51:00.550986+00:00,STRING
hypertension-branch,HMOX1,AKT1,9606.ENSP00000216117,9606.ENSP00000451828,HMOX1,AKT1,0.796,700,functional,9606,2026-08-30T07:51:00.550986+00:00,STRING
hypertension-branch,HMOX1,JUN,9606.ENSP00000216117,9606.ENSP00000360266,HMOX1,JUN,0.798,700,functional,9606,2026-08-30T07:51:00.550986+00:00,STRING
hypertension-branch,HMOX1,CASP3,9606.ENSP00000216117,9606.ENSP00000311032,HMOX1,CASP3,0.806,700,functional,9606,2026-08-30T07:51:00.550986+00:00,STRING
hypertension-branch,HMOX1,IL1B,9606.ENSP00000216117,9606.ENSP00000263341,HMOX1,IL1B,0.817,700,functional,9606,2026-08-30T07:51:00.550986+00:00,STRING
hypertension-branch,HMOX1,CYCS,9606.ENSP00000216117,9606.ENSP00000307786,HMOX1,CYCS,0.827,700,functional,9606,2026-08-30T07:51:00.550986+00:00,STRING
hypertension-branch,HMOX1,GPX3,9606.ENSP00000216117,9606.ENSP00000373477,HMOX1,GPX3,0.844,700,functional,9606,2026-08-30T07:51:00.550986+00:00,STRING
hypertension-branch,HMOX1,BCL2,9606.ENSP00000216117,9606.ENSP00000381185,HMOX1,BCL2,0.856,700,functional,9606,2026-08-30T07:51:00.550986+00:00,STRING
hypertension-branch,HMOX1,IL4,9606.ENSP00000216117,9606.ENSP00000231449,HMOX1,IL4,0.878,700,functional,9606,2026-08-30T07:51:00.550986+00:00,STRING
hypertension-branch,HMOX1,NLRP3,9606.ENSP00000216117,9606.ENSP00000337383,HMOX1,NLRP3,0.892,700,functional,9606,2026-08-30T07:51:00.550986+00:00,STRING
hypertension-branch,HMOX1,GCLC,9606.ENSP00000216117,9606.ENSP00000497574,HMOX1,GCLC,0.903,700,functional,9606,2026-08-30T07:51:00.550986+00:00,STRING
hypertension-branch,HMOX1,NQO1,9606.ENSP00000216117,9606.ENSP00000319788,HMOX1,NQO1,0.916,700,functional,9606,2026-08-30T07:51:00.550986+00:00,STRING
hypertension-branch,HMOX1,KEAP1,9606.ENSP00000216117,9606.ENSP00000377245,HMOX1,KEAP1,0.934,700,functional,9606,2026-08-30T07:51:00.550986+00:00,STRING
hypertension-branch,HMOX1,FXN,9606.ENSP00000216117,9606.ENSP00000419243,HMOX1,FXN,0.939,700,functional,9606,2026-08-30T07:51:00.550986+00:00,STRING
hypertension-branch,HMOX1,POR,9606.ENSP00000216117,9606.ENSP00000419970,HMOX1,POR,0.965,700,functional,9606,2026-08-30T07:51:00.550986+00:00,STRING
hypertension-branch,HMOX1,NFE2L2,9606.ENSP00000216117,9606.ENSP00000380252,HMOX1,NFE2L2,0.989,700,functional,9606,2026-08-30T07:51:00.550986+00:00,STRING
hypertension-branch,AURKA,PCLAF,9606.ENSP00000216911,9606.ENSP00000300035,AURKA,PCLAF,0.735,700,functional,9606,2026-08-30T07:51:00.550986+00:00,STRING
hypertension-branch,AURKA,CDKN1B,9606.ENSP00000216911,9606.ENSP00000228872,AURKA,CDKN1B,0.74,700,functional,9606,2026-08-30T07:51:00.550986+00:00,STRING
hypertension-branch,AURKA,FEN1,9606.ENSP00000216911,9606.ENSP00000305480,AURKA,FEN1,0.748,700,functional,9606,2026-08-30T07:51:00.550986+00:00,STRING
hypertension-branch,AURKA,ESR1,9606.ENSP00000216911,9606.ENSP00000405330,AURKA,ESR1,0.769,700,functional,9606,2026-08-30T07:51:00.550986+00:00,STRING
hypertension-branch,AURKA,NFKB1,9606.ENSP00000216911,9606.ENSP00000226574,AURKA,NFKB1,0.794,700,functional,9606,2026-08-30T07:51:00.550986+00:00,STRING
hypertension-branch,AURKA,CDCA3,9606.ENSP00000216911,9606.ENSP00000442068,AURKA,CDCA3,0.815,700,functional,9606,2026-08-30T07:51:00.550986+00:00,STRING
hypertension-branch,AURKA,MYBL2,9606.ENSP00000216911,9606.ENSP00000217026,AURKA,MYBL2,0.84,700,functional,9606,2026-08-30T07:51:00.550986+00:00,STRING
hypertension-branch,AURKA,CDK2,9606.ENSP00000216911,9606.ENSP00000266970,AURKA,CDK2,0.886,700,functional,9606,2026-08-30T07:51:00.550986+00:00,STRING
hypertension-branch,AURKA,MYC,9606.ENSP00000216911,9606.ENSP00000478887,AURKA,MYC,0.914,700,functional,9606,2026-08-30T07:51:00.550986+00:00,STRING
hypertension-branch,AURKA,AURKB,9606.ENSP00000216911,9606.ENSP00000313950,AURKA,AURKB,0.922,700,functional,9606,2026-08-30T07:51:00.550986+00:00,STRING
hypertension-branch,AURKA,BRCA1,9606.ENSP00000216911,9606.ENSP00000418960,AURKA,BRCA1,0.942,700,functional,9606,2026-08-30T07:51:00.550986+00:00,STRING
hypertension-branch,AURKA,HDAC6,9606.ENSP00000216911,9606.ENSP00000365804,AURKA,HDAC6,0.944,700,functional,9606,2026-08-30T07:51:00.550986+00:00,STRING
hypertension-branch,AURKA,CCNA2,9606.ENSP00000216911,9606.ENSP00000481380,AURKA,CCNA2,0.949,700,functional,9606,2026-08-30T07:51:00.550986+00:00,STRING
hypertension-branch,AURKA,CDK1,9606.ENSP00000216911,9606.ENSP00000378699,AURKA,CDK1,0.951,700,functional,9606,2026-08-30T07:51:00.550986+00:00,STRING
hypertension-branch,AURKA,CCNB2,9606.ENSP00000216911,9606.ENSP00000288207,AURKA,CCNB2,0.988,700,functional,9606,2026-08-30T07:51:00.550986+00:00,STRING
hypertension-branch,AURKA,BIRC5,9606.ENSP00000216911,9606.ENSP00000301633,AURKA,BIRC5,0.993,700,functional,9606,2026-08-30T07:51:00.550986+00:00,STRING
hypertension-branch,AURKA,CDC20,9606.ENSP00000216911,9606.ENSP00000361540,AURKA,CDC20,0.995,700,functional,9606,2026-08-30T07:51:00.550986+00:00,STRING
hypertension-branch,AURKA,PLK1,9606.ENSP00000216911,9606.ENSP00000300093,AURKA,PLK1,0.997,700,functional,9606,2026-08-30T07:51:00.550986+00:00,STRING
hypertension-branch,AURKA,TP53,9606.ENSP00000216911,9606.ENSP00000269305,AURKA,TP53,0.998,700,functional,9606,2026-08-30T07:51:00.550986+00:00,STRING
hypertension-branch,MYBL2,CCND1,9606.ENSP00000217026,9606.ENSP00000227507,MYBL2,CCND1,0.702,700,functional,9606,2026-08-30T07:51:00.550986+00:00,STRING
hypertension-branch,MYBL2,AURKB,9606.ENSP00000217026,9606.ENSP00000313950,MYBL2,AURKB,0.704,700,functional,9606,2026-08-30T07:51:00.550986+00:00,STRING
hypertension-branch,MYBL2,TP53,9606.ENSP00000217026,9606.ENSP00000269305,MYBL2,TP53,0.742,700,functional,9606,2026-08-30T07:51:00.550986+00:00,STRING
hypertension-branch,MYBL2,CDK1,9606.ENSP00000217026,9606.ENSP00000378699,MYBL2,CDK1,0.743,700,functional,9606,2026-08-30T07:51:00.550986+00:00,STRING
hypertension-branch,MYBL2,TK1,9606.ENSP00000217026,9606.ENSP00000468425,MYBL2,TK1,0.765,700,functional,9606,2026-08-30T07:51:00.550986+00:00,STRING
hypertension-branch,MYBL2,BIRC5,9606.ENSP00000217026,9606.ENSP00000301633,MYBL2,BIRC5,0.844,700,functional,9606,2026-08-30T07:51:00.550986+00:00,STRING
hypertension-branch,MYBL2,CDC20,9606.ENSP00000217026,9606.ENSP00000361540,MYBL2,CDC20,0.865,700,functional,9606,2026-08-30T07:51:00.550986+00:00,STRING
hypertension-branch,MYBL2,CCNB2,9606.ENSP00000217026,9606.ENSP00000288207,MYBL2,CCNB2,0.868,700,functional,9606,2026-08-30T07:51:00.550986+00:00,STRING
hypertension-branch,MYBL2,PLK1,9606.ENSP00000217026,9606.ENSP00000300093,MYBL2,PLK1,0.877,700,functional,9606,2026-08-30T07:51:00.550986+00:00,STRING
hypertension-branch,MYBL2,CDK2,9606.ENSP00000217026,9606.ENSP00000266970,MYBL2,CDK2,0.986,700,functional,9606,2026-08-30T07:51:00.550986+00:00,STRING
hypertension-branch,MYBL2,CCNA2,9606.ENSP00000217026,9606.ENSP00000481380,MYBL2,CCNA2,0.991,700,functional,9606,2026-08-30T07:51:00.550986+00:00,STRING
hypertension-branch,TIMP1,JUN,9606.ENSP00000218388,9606.ENSP00000360266,TIMP1,JUN,0.701,700,functional,9606,2026-08-30T07:51:00.550986+00:00,STRING
hypertension-branch,TIMP1,NFKB1,9606.ENSP00000218388,9606.ENSP00000226574,TIMP1,NFKB1,0.704,700,functional,9606,2026-08-30T07:51:00.550986+00:00,STRING
hypertension-branch,TIMP1,IL4,9606.ENSP00000218388,9606.ENSP00000231449,TIMP1,IL4,0.72,700,functional,9606,2026-08-30T07:51:00.550986+00:00,STRING
hypertension-branch,TIMP1,ADAM17,9606.ENSP00000218388,9606.ENSP00000309968,TIMP1,ADAM17,0.725,700,functional,9606,2026-08-30T07:51:00.550986+00:00,STRING
hypertension-branch,TIMP1,TNF,9606.ENSP00000218388,9606.ENSP00000398698,TIMP1,TNF,0.727,700,functional,9606,2026-08-30T07:51:00.550986+00:00,STRING
hypertension-branch,TIMP1,A2M,9606.ENSP00000218388,9606.ENSP00000323929,TIMP1,A2M,0.736,700,functional,9606,2026-08-30T07:51:00.550986+00:00,STRING
hypertension-branch,TIMP1,ALB,9606.ENSP00000218388,9606.ENSP00000295897,TIMP1,ALB,0.737,700,functional,9606,2026-08-30T07:51:00.550986+00:00,STRING
hypertension-branch,TIMP1,CXCL10,9606.ENSP00000218388,9606.ENSP00000305651,TIMP1,CXCL10,0.744,700,functional,9606,2026-08-30T07:51:00.550986+00:00,STRING
hypertension-branch,TIMP1,IFNG,9606.ENSP00000218388,9606.ENSP00000229135,TIMP1,IFNG,0.76,700,functional,9606,2026-08-30T07:51:00.550986+00:00,STRING
hypertension-branch,TIMP1,PLAUR,9606.ENSP00000218388,9606.ENSP00000339328,TIMP1,PLAUR,0.768,700,functional,9606,2026-08-30T07:51:00.550986+00:00,STRING
hypertension-branch,TIMP1,CXCL8,9606.ENSP00000218388,9606.ENSP00000306512,TIMP1,CXCL8,0.78,700,functional,9606,2026-08-30T07:51:00.550986+00:00,STRING
hypertension-branch,TIMP1,IL1B,9606.ENSP00000218388,9606.ENSP00000263341,TIMP1,IL1B,0.791,700,functional,9606,2026-08-30T07:51:00.550986+00:00,STRING
hypertension-branch,TIMP1,SERPINE1,9606.ENSP00000218388,9606.ENSP00000223095,TIMP1,SERPINE1,0.84,700,functional,9606,2026-08-30T07:51:00.550986+00:00,STRING
hypertension-branch,TIMP1,COL1A1,9606.ENSP00000218388,9606.ENSP00000225964,TIMP1,COL1A1,0.842,700,functional,9606,2026-08-30T07:51:00.550986+00:00,STRING
hypertension-branch,TIMP1,CCL2,9606.ENSP00000218388,9606.ENSP00000225831,TIMP1,CCL2,0.867,700,functional,9606,2026-08-30T07:51:00.550986+00:00,STRING
hypertension-branch,TIMP1,MMP9,9606.ENSP00000218388,9606.ENSP00000361405,TIMP1,MMP9,0.999,700,functional,9606,2026-08-30T07:51:00.550986+00:00,STRING
hypertension-branch,TIMP1,MMP14,9606.ENSP00000218388,9606.ENSP00000308208,TIMP1,MMP14,0.999,700,functional,9606,2026-08-30T07:51:00.550986+00:00,STRING
hypertension-branch,GLA,SMPD1,9606.ENSP00000218516,9606.ENSP00000340409,GLA,SMPD1,0.703,700,functional,9606,2026-08-30T07:51:00.550986+00:00,STRING
hypertension-branch,GLA,GBA1,9606.ENSP00000218516,9606.ENSP00000314508,GLA,GBA,0.823,700,functional,9606,2026-08-30T07:51:00.550986+00:00,STRING
hypertension-branch,GLA,GAA,9606.ENSP00000218516,9606.ENSP00000305692,GLA,GAA,0.943,700,functional,9606,2026-08-30T07:51:00.550986+00:00,STRING
hypertension-branch,CCL17,TNF,9606.ENSP00000219244,9606.ENSP00000398698,CCL17,TNF,0.709,700,functional,9606,2026-08-30T07:51:00.550986+00:00,STRING
hypertension-branch,CCL17,CXCL2,9606.ENSP00000219244,9606.ENSP00000427279,CCL17,CXCL2,0.743,700,functional,9606,2026-08-30T07:51:00.550986+00:00,STRING
hypertension-branch,CCL17,CCL2,9606.ENSP00000219244,9606.ENSP00000225831,CCL17,CCL2,0.75,700,functional,9606,2026-08-30T07:51:00.550986+00:00,STRING
hypertension-branch,CCL17,IFNG,9606.ENSP00000219244,9606.ENSP00000229135,CCL17,IFNG,0.764,700,functional,9606,2026-08-30T07:51:00.550986+00:00,STRING
hypertension-branch,CCL17,IL4,9606.ENSP00000219244,9606.ENSP00000231449,CCL17,IL4,0.794,700,functional,9606,2026-08-30T07:51:00.550986+00:00,STRING
hypertension-branch,CCL17,CXCL1,9606.ENSP00000219244,9606.ENSP00000379110,CCL17,CXCL1,0.812,700,functional,9606,2026-08-30T07:51:00.550986+00:00,STRING
hypertension-branch,CCL17,CXCR6,9606.ENSP00000219244,9606.ENSP00000395704,CCL17,CXCR6,0.828,700,functional,9606,2026-08-30T07:51:00.550986+00:00,STRING
hypertension-branch,CCL17,CXCL8,9606.ENSP00000219244,9606.ENSP00000306512,CCL17,CXCL8,0.857,700,functional,9606,2026-08-30T07:51:00.550986+00:00,STRING
hypertension-branch,CCL17,CXCL10,9606.ENSP00000219244,9606.ENSP00000305651,CCL17,CXCL10,0.883,700,functional,9606,2026-08-30T07:51:00.550986+00:00,STRING
hypertension-branch,CCL17,ACKR5,9606.ENSP00000219244,9606.ENSP00000349967,CCL17,CCRL2,0.901,700,functional,9606,2026-08-30T07:51:00.550986+00:00,STRING
hypertension-branch,CCL17,CCR6,9606.ENSP00000219244,9606.ENSP00000343952,CCL17,CCR6,0.964,700,functional,9606,2026-08-30T07:51:00.550986+00:00,STRING
hypertension-branch,CCL17,PF4,9606.ENSP00000219244,9606.ENSP00000296029,CCL17,PF4,0.996,700,functional,9606,2026-08-30T07:51:00.550986+00:00,STRING
hypertension-branch,CCL17,CXCL14,9606.ENSP00000219244,9606.ENSP00000337065,CCL17,CXCL14,0.996,700,functional,9606,2026-08-30T07:51:00.550986+00:00,STRING
hypertension-branch,RIPK2,TNF,9606.ENSP00000220751,9606.ENSP00000398698,RIPK2,TNF,0.703,700,functional,9606,2026-08-30T07:51:00.550986+00:00,STRING
hypertension-branch,RIPK2,IL1B,9606.ENSP00000220751,9606.ENSP00000263341,RIPK2,IL1B,0.735,700,functional,9606,2026-08-30T07:51:00.550986+00:00,STRING
hypertension-branch,RIPK2,NFKB1,9606.ENSP00000220751,9606.ENSP00000226574,RIPK2,NFKB1,0.767,700,functional,9606,2026-08-30T07:51:00.550986+00:00,STRING
hypertension-branch,RIPK2,CASP1,9606.ENSP00000220751,9606.ENSP00000433138,RIPK2,CASP1,0.849,700,functional,9606,2026-08-30T07:51:00.550986+00:00,STRING
hypertension-branch,RIPK2,NLRP3,9606.ENSP00000220751,9606.ENSP00000337383,RIPK2,NLRP3,0.861,700,functional,9606,2026-08-30T07:51:00.550986+00:00,STRING
hypertension-branch,RIPK2,NOD2,9606.ENSP00000220751,9606.ENSP00000300589,RIPK2,NOD2,0.999,700,functional,9606,2026-08-30T07:51:00.550986+00:00,STRING
hypertension-branch,PLAT,EDN1,9606.ENSP00000220809,9606.ENSP00000368683,PLAT,EDN1,0.739,700,functional,9606,2026-08-30T07:51:00.550986+00:00,STRING
hypertension-branch,PLAT,PLAUR,9606.ENSP00000220809,9606.ENSP00000339328,PLAT,PLAUR,0.851,700,functional,9606,2026-08-30T07:51:00.550986+00:00,STRING
hypertension-branch,PLAT,MMP9,9606.ENSP00000220809,9606.ENSP00000361405,PLAT,MMP9,0.893,700,functional,9606,2026-08-30T07:51:00.550986+00:00,STRING
hypertension-branch,PLAT,F3,9606.ENSP00000220809,9606.ENSP00000334145,PLAT,F3,0.932,700,functional,9606,2026-08-30T07:51:00.550986+00:00,STRING
hypertension-branch,PLAT,SERPINE1,9606.ENSP00000220809,9606.ENSP00000223095,PLAT,SERPINE1,0.999,700,functional,9606,2026-08-30T07:51:00.550986+00:00,STRING
hypertension-branch,GSR,KEAP1,9606.ENSP00000221130,9606.ENSP00000377245,GSR,KEAP1,0.712,700,functional,9606,2026-08-30T07:51:00.550986+00:00,STRING
hypertension-branch,GSR,CYCS,9606.ENSP00000221130,9606.ENSP00000307786,GSR,CYCS,0.721,700,functional,9606,2026-08-30T07:51:00.550986+00:00,STRING
hypertension-branch,GSR,SRXN1,9606.ENSP00000221130,9606.ENSP00000371388,GSR,SRXN1,0.722,700,functional,9606,2026-08-30T07:51:00.550986+00:00,STRING
hypertension-branch,GSR,IDH1,9606.ENSP00000221130,9606.ENSP00000390265,GSR,IDH1,0.776,700,functional,9606,2026-08-30T07:51:00.550986+00:00,STRING
hypertension-branch,GSR,NQO1,9606.ENSP00000221130,9606.ENSP00000319788,GSR,NQO1,0.835,700,functional,9606,2026-08-30T07:51:00.550986+00:00,STRING
hypertension-branch,GSR,GCLC,9606.ENSP00000221130,9606.ENSP00000497574,GSR,GCLC,0.874,700,functional,9606,2026-08-30T07:51:00.550986+00:00,STRING
hypertension-branch,GSR,GSTM5,9606.ENSP00000221130,9606.ENSP00000256593,GSR,GSTM5,0.921,700,functional,9606,2026-08-30T07:51:00.550986+00:00,STRING
hypertension-branch,GSR,GSTM4,9606.ENSP00000221130,9606.ENSP00000358851,GSR,GSTM4,0.923,700,functional,9606,2026-08-30T07:51:00.550986+00:00,STRING
hypertension-branch,GSR,GSTM3,9606.ENSP00000221130,9606.ENSP00000354357,GSR,GSTM3,0.929,700,functional,9606,2026-08-30T07:51:00.550986+00:00,STRING
hypertension-branch,GSR,NFE2L2,9606.ENSP00000221130,9606.ENSP00000380252,GSR,NFE2L2,0.93,700,functional,9606,2026-08-30T07:51:00.550986+00:00,STRING
hypertension-branch,GSR,GGT1,9606.ENSP00000221130,9606.ENSP00000248923,GSR,GGT1,0.933,700,functional,9606,2026-08-30T07:51:00.550986+00:00,STRING
hypertension-branch,GSR,GSTM2,9606.ENSP00000221130,9606.ENSP00000241337,GSR,GSTM2,0.941,700,functional,9606,2026-08-30T07:51:00.550986+00:00,STRING
hypertension-branch,GSR,GSTM1,9606.ENSP00000221130,9606.ENSP00000311469,GSR,GSTM1,0.945,700,functional,9606,2026-08-30T07:51:00.550986+00:00,STRING
hypertension-branch,GSR,GSTP1,9606.ENSP00000221130,9606.ENSP00000381607,GSR,GSTP1,0.952,700,functional,9606,2026-08-30T07:51:00.550986+00:00,STRING
hypertension-branch,GSR,GSTO2,9606.ENSP00000221130,9606.ENSP00000345023,GSR,GSTO2,0.957,700,functional,9606,2026-08-30T07:51:00.550986+00:00,STRING
hypertension-branch,GSR,GSS,9606.ENSP00000221130,9606.ENSP00000495750,GSR,GSS,0.961,700,functional,9606,2026-08-30T07:51:00.550986+00:00,STRING
hypertension-branch,GSR,PRDX6,9606.ENSP00000221130,9606.ENSP00000342026,GSR,PRDX6,0.964,700,functional,9606,2026-08-30T07:51:00.550986+00:00,STRING
hypertension-branch,GSR,GPX4,9606.ENSP00000221130,9606.ENSP00000346103,GSR,GPX4,0.98,700,functional,9606,2026-08-30T07:51:00.550986+00:00,STRING
hypertension-branch,GSR,GPX3,9606.ENSP00000221130,9606.ENSP00000373477,GSR,GPX3,0.996,700,functional,9606,2026-08-30T07:51:00.550986+00:00,STRING
hypertension-branch,GSK3A,MCL1,9606.ENSP00000222330,9606.ENSP00000358022,GSK3A,MCL1,0.731,700,functional,9606,2026-08-30T07:51:00.550986+00:00,STRING
hypertension-branch,GSK3A,MAPT,9606.ENSP00000222330,9606.ENSP00000340820,GSK3A,MAPT,0.911,700,functional,9606,2026-08-30T07:51:00.550986+00:00,STRING
hypertension-branch,GSK3A,APP,9606.ENSP00000222330,9606.ENSP00000284981,GSK3A,APP,0.927,700,functional,9606,2026-08-30T07:51:00.550986+00:00,STRING
hypertension-branch,GSK3A,AKT1,9606.ENSP00000222330,9606.ENSP00000451828,GSK3A,AKT1,0.993,700,functional,9606,2026-08-30T07:51:00.550986+00:00,STRING
hypertension-branch,PON1,SAA2,9606.ENSP00000222381,9606.ENSP00000436126,PON1,SAA2,0.735,700,functional,9606,2026-08-30T07:51:00.550986+00:00,STRING
hypertension-branch,PON1,GPX3,9606.ENSP00000222381,9606.ENSP00000373477,PON1,GPX3,0.745,700,functional,9606,2026-08-30T07:51:00.550986+00:00,STRING
hypertension-branch,PON1,APP,9606.ENSP00000222381,9606.ENSP00000284981,PON1,APP,0.782,700,functional,9606,2026-08-30T07:51:00.550986+00:00,STRING
hypertension-branch,PON1,ALB,9606.ENSP00000222381,9606.ENSP00000295897,PON1,ALB,0.862,700,functional,9606,2026-08-30T07:51:00.550986+00:00,STRING
hypertension-branch,PON1,APOC2,9606.ENSP00000222381,9606.ENSP00000466775,PON1,APOC2,0.884,700,functional,9606,2026-08-30T07:51:00.550986+00:00,STRING
hypertension-branch,PON1,PLA2G7,9606.ENSP00000222381,9606.ENSP00000274793,PON1,PLA2G7,0.917,700,functional,9606,2026-08-30T07:51:00.550986+00:00,STRING
hypertension-branch,PON1,CLU,9606.ENSP00000222381,9606.ENSP00000315130,PON1,CLU,0.996,700,functional,9606,2026-08-30T07:51:00.550986+00:00,STRING
hypertension-branch,CYP3A5,GSTM5,9606.ENSP00000222982,9606.ENSP00000256593,CYP3A5,GSTM5,0.715,700,functional,9606,2026-08-30T07:51:00.550986+00:00,STRING
hypertension-branch,CYP3A5,GSTO2,9606.ENSP00000222982,9606.ENSP00000345023,CYP3A5,GSTO2,0.716,700,functional,9606,2026-08-30T07:51:00.550986+00:00,STRING
hypertension-branch,CYP3A5,GSTM2,9606.ENSP00000222982,9606.ENSP00000241337,CYP3A5,GSTM2,0.74,700,functional,9606,2026-08-30T07:51:00.550986+00:00,STRING
hypertension-branch,CYP3A5,GSTM3,9606.ENSP00000222982,9606.ENSP00000354357,CYP3A5,GSTM3,0.756,700,functional,9606,2026-08-30T07:51:00.550986+00:00,STRING
hypertension-branch,CYP3A5,NR1I2,9606.ENSP00000222982,9606.ENSP00000336528,CYP3A5,NR1I2,0.82,700,functional,9606,2026-08-30T07:51:00.550986+00:00,STRING
hypertension-branch,CYP3A5,CYP2E1,9606.ENSP00000222982,9606.ENSP00000440689,CYP3A5,CYP2E1,0.83,700,functional,9606,2026-08-30T07:51:00.550986+00:00,STRING
hypertension-branch,CYP3A5,GSTP1,9606.ENSP00000222982,9606.ENSP00000381607,CYP3A5,GSTP1,0.842,700,functional,9606,2026-08-30T07:51:00.550986+00:00,STRING
hypertension-branch,CYP3A5,GSTM1,9606.ENSP00000222982,9606.ENSP00000311469,CYP3A5,GSTM1,0.852,700,functional,9606,2026-08-30T07:51:00.550986+00:00,STRING
hypertension-branch,CYP3A5,ABCB1,9606.ENSP00000222982,9606.ENSP00000478255,CYP3A5,ABCB1,0.92,700,functional,9606,2026-08-30T07:51:00.550986+00:00,STRING
hypertension-branch,CYP3A5,ALDH1A1,9606.ENSP00000222982,9606.ENSP00000297785,CYP3A5,ALDH1A1,0.933,700,functional,9606,2026-08-30T07:51:00.550986+00:00,STRING
hypertension-branch,CYP3A5,CYP19A1,9606.ENSP00000222982,9606.ENSP00000379683,CYP3A5,CYP19A1,0.944,700,functional,9606,2026-08-30T07:51:00.550986+00:00,STRING
hypertension-branch,CYP3A5,EPHX1,9606.ENSP00000222982,9606.ENSP00000480004,CYP3A5,EPHX1,0.946,700,functional,9606,2026-08-30T07:51:00.550986+00:00,STRING
hypertension-branch,CYP3A5,CYP3A4,9606.ENSP00000222982,9606.ENSP00000498939,CYP3A5,CYP3A4,0.95,700,functional,9606,2026-08-30T07:51:00.550986+00:00,STRING
hypertension-branch,CYP3A5,POR,9606.ENSP00000222982,9606.ENSP00000419970,CYP3A5,POR,0.953,700,functional,9606,2026-08-30T07:51:00.550986+00:00,STRING
hypertension-branch,CYP3A5,CYP2A6,9606.ENSP00000222982,9606.ENSP00000301141,CYP3A5,CYP2A6,0.953,700,functional,9606,2026-08-30T07:51:00.550986+00:00,STRING
hypertension-branch,CYP3A5,CYP2C8,9606.ENSP00000222982,9606.ENSP00000360317,CYP3A5,CYP2C8,0.956,700,functional,9606,2026-08-30T07:51:00.550986+00:00,STRING
hypertension-branch,CYP3A5,CYP2C19,9606.ENSP00000222982,9606.ENSP00000360372,CYP3A5,CYP2C19,0.959,700,functional,9606,2026-08-30T07:51:00.550986+00:00,STRING
hypertension-branch,CYP3A5,CYP2C9,9606.ENSP00000222982,9606.ENSP00000260682,CYP3A5,CYP2C9,0.96,700,functional,9606,2026-08-30T07:51:00.550986+00:00,STRING
hypertension-branch,CYP3A5,CYP1A2,9606.ENSP00000222982,9606.ENSP00000342007,CYP3A5,CYP1A2,0.96,700,functional,9606,2026-08-30T07:51:00.550986+00:00,STRING
hypertension-branch,CYP3A5,UGT1A9,9606.ENSP00000222982,9606.ENSP00000346768,CYP3A5,UGT1A9,0.966,700,functional,9606,2026-08-30T07:51:00.550986+00:00,STRING
hypertension-branch,CYP3A5,CYP3A7,9606.ENSP00000222982,9606.ENSP00000337450,CYP3A5,CYP3A7,0.968,700,functional,9606,2026-08-30T07:51:00.550986+00:00,STRING
hypertension-branch,CYP3A5,CYP2B6,9606.ENSP00000222982,9606.ENSP00000324648,CYP3A5,CYP2B6,0.97,700,functional,9606,2026-08-30T07:51:00.550986+00:00,STRING
hypertension-branch,CYP3A5,CYP1A1,9606.ENSP00000222982,9606.ENSP00000378488,CYP3A5,CYP1A1,0.971,700,functional,9606,2026-08-30T07:51:00.550986+00:00,STRING
hypertension-branch,CYP3A5,UGT1A1,9606.ENSP00000222982,9606.ENSP00000304845,CYP3A5,UGT1A1,0.974,700,functional,9606,2026-08-30T07:51:00.550986+00:00,STRING
hypertension-branch,CYP3A5,UGT1A7,9606.ENSP00000222982,9606.ENSP00000362525,CYP3A5,UGT1A7,0.974,700,functional,9606,2026-08-30T07:51:00.550986+00:00,STRING
hypertension-branch,CYP3A5,UGT1A4,9606.ENSP00000222982,9606.ENSP00000362508,CYP3A5,UGT1A4,0.978,700,functional,9606,2026-08-30T07:51:00.550986+00:00,STRING
hypertension-branch,SERPINE1,CDKN1A,9606.ENSP00000223095,9606.ENSP00000384849,SERPINE1,CDKN1A,0.701,700,functional,9606,2026-08-30T07:51:00.550986+00:00,STRING
hypertension-branch,SERPINE1,IFNG,9606.ENSP00000223095,9606.ENSP00000229135,SERPINE1,IFNG,0.72,700,functional,9606,2026-08-30T07:51:00.550986+00:00,STRING
hypertension-branch,SERPINE1,PPARG,9606.ENSP00000223095,9606.ENSP00000287820,SERPINE1,PPARG,0.732,700,functional,9606,2026-08-30T07:51:00.550986+00:00,STRING
hypertension-branch,SERPINE1,IGF1,9606.ENSP00000223095,9606.ENSP00000376637,SERPINE1,IGF1,0.733,700,functional,9606,2026-08-30T07:51:00.550986+00:00,STRING
hypertension-branch,SERPINE1,CXCL8,9606.ENSP00000223095,9606.ENSP00000306512,SERPINE1,CXCL8,0.736,700,functional,9606,2026-08-30T07:51:00.550986+00:00,STRING
hypertension-branch,SERPINE1,IL1B,9606.ENSP00000223095,9606.ENSP00000263341,SERPINE1,IL1B,0.746,700,functional,9606,2026-08-30T07:51:00.550986+00:00,STRING
hypertension-branch,SERPINE1,EDN1,9606.ENSP00000223095,9606.ENSP00000368683,SERPINE1,EDN1,0.755,700,functional,9606,2026-08-30T07:51:00.550986+00:00,STRING
hypertension-branch,SERPINE1,TNF,9606.ENSP00000223095,9606.ENSP00000398698,SERPINE1,TNF,0.764,700,functional,9606,2026-08-30T07:51:00.550986+00:00,STRING
hypertension-branch,SERPINE1,ORM1,9606.ENSP00000223095,9606.ENSP00000259396,SERPINE1,ORM1,0.795,700,functional,9606,2026-08-30T07:51:00.550986+00:00,STRING
hypertension-branch,SERPINE1,MMP9,9606.ENSP00000223095,9606.ENSP00000361405,SERPINE1,MMP9,0.801,700,functional,9606,2026-08-30T07:51:00.550986+00:00,STRING
hypertension-branch,SERPINE1,A2M,9606.ENSP00000223095,9606.ENSP00000323929,SERPINE1,A2M,0.804,700,functional,9606,2026-08-30T07:51:00.550986+00:00,STRING
hypertension-branch,SERPINE1,SMAD2,9606.ENSP00000223095,9606.ENSP00000262160,SERPINE1,SMAD2,0.846,700,functional,9606,2026-08-30T07:51:00.550986+00:00,STRING
hypertension-branch,SERPINE1,SMAD3,9606.ENSP00000223095,9606.ENSP00000332973,SERPINE1,SMAD3,0.848,700,functional,9606,2026-08-30T07:51:00.550986+00:00,STRING
hypertension-branch,SERPINE1,F3,9606.ENSP00000223095,9606.ENSP00000334145,SERPINE1,F3,0.902,700,functional,9606,2026-08-30T07:51:00.550986+00:00,STRING
hypertension-branch,SERPINE1,CCL2,9606.ENSP00000223095,9606.ENSP00000225831,SERPINE1,CCL2,0.918,700,functional,9606,2026-08-30T07:51:00.550986+00:00,STRING
hypertension-branch,SERPINE1,PLAUR,9606.ENSP00000223095,9606.ENSP00000339328,SERPINE1,PLAUR,0.994,700,functional,9606,2026-08-30T07:51:00.550986+00:00,STRING
hypertension-branch,CCL2,ATF3,9606.ENSP00000225831,9606.ENSP00000344352,CCL2,ATF3,0.704,700,functional,9606,2026-08-30T07:51:00.550986+00:00,STRING
hypertension-branch,CCL2,CASP1,9606.ENSP00000225831,9606.ENSP00000433138,CCL2,CASP1,0.707,700,functional,9606,2026-08-30T07:51:00.550986+00:00,STRING
hypertension-branch,CCL2,LOX,9606.ENSP00000225831,9606.ENSP00000231004,CCL2,LOX,0.71,700,functional,9606,2026-08-30T07:51:00.550986+00:00,STRING
hypertension-branch,CCL2,AKT1,9606.ENSP00000225831,9606.ENSP00000451828,CCL2,AKT1,0.72,700,functional,9606,2026-08-30T07:51:00.550986+00:00,STRING
hypertension-branch,CCL2,EGFR,9606.ENSP00000225831,9606.ENSP00000275493,CCL2,EGFR,0.725,700,functional,9606,2026-08-30T07:51:00.550986+00:00,STRING
hypertension-branch,CCL2,ARG1,9606.ENSP00000225831,9606.ENSP00000349446,CCL2,ARG1,0.726,700,functional,9606,2026-08-30T07:51:00.550986+00:00,STRING
hypertension-branch,CCL2,PPARG,9606.ENSP00000225831,9606.ENSP00000287820,CCL2,PPARG,0.731,700,functional,9606,2026-08-30T07:51:00.550986+00:00,STRING
hypertension-branch,CCL2,TNFAIP6,9606.ENSP00000225831,9606.ENSP00000243347,CCL2,TNFAIP6,0.732,700,functional,9606,2026-08-30T07:51:00.550986+00:00,STRING
hypertension-branch,CCL2,ALB,9606.ENSP00000225831,9606.ENSP00000295897,CCL2,ALB,0.739,700,functional,9606,2026-08-30T07:51:00.550986+00:00,STRING
hypertension-branch,CCL2,FOS,9606.ENSP00000225831,9606.ENSP00000306245,CCL2,FOS,0.756,700,functional,9606,2026-08-30T07:51:00.550986+00:00,STRING
hypertension-branch,CCL2,IGF1,9606.ENSP00000225831,9606.ENSP00000376637,CCL2,IGF1,0.76,700,functional,9606,2026-08-30T07:51:00.550986+00:00,STRING
hypertension-branch,CCL2,EDN1,9606.ENSP00000225831,9606.ENSP00000368683,CCL2,EDN1,0.791,700,functional,9606,2026-08-30T07:51:00.550986+00:00,STRING
hypertension-branch,CCL2,GNAI1,9606.ENSP00000225831,9606.ENSP00000497260,CCL2,GNAI1,0.805,700,functional,9606,2026-08-30T07:51:00.550986+00:00,STRING
hypertension-branch,CCL2,MMP9,9606.ENSP00000225831,9606.ENSP00000361405,CCL2,MMP9,0.809,700,functional,9606,2026-08-30T07:51:00.550986+00:00,STRING
hypertension-branch,CCL2,CCL7,9606.ENSP00000225831,9606.ENSP00000367832,CCL2,CCL7,0.883,700,functional,9606,2026-08-30T07:51:00.550986+00:00,STRING
hypertension-branch,CCL2,CXCR6,9606.ENSP00000225831,9606.ENSP00000395704,CCL2,CXCR6,0.885,700,functional,9606,2026-08-30T07:51:00.550986+00:00,STRING
hypertension-branch,CCL2,IL4,9606.ENSP00000225831,9606.ENSP00000231449,CCL2,IL4,0.921,700,functional,9606,2026-08-30T07:51:00.550986+00:00,STRING
hypertension-branch,CCL2,CXCL2,9606.ENSP00000225831,9606.ENSP00000427279,CCL2,CXCL2,0.929,700,functional,9606,2026-08-30T07:51:00.550986+00:00,STRING
hypertension-branch,CCL2,IFNG,9606.ENSP00000225831,9606.ENSP00000229135,CCL2,IFNG,0.938,700,functional,9606,2026-08-30T07:51:00.550986+00:00,STRING
hypertension-branch,CCL2,CXCL10,9606.ENSP00000225831,9606.ENSP00000305651,CCL2,CXCL10,0.965,700,functional,9606,2026-08-30T07:51:00.550986+00:00,STRING
hypertension-branch,CCL2,IL1B,9606.ENSP00000225831,9606.ENSP00000263341,CCL2,IL1B,0.97,700,functional,9606,2026-08-30T07:51:00.550986+00:00,STRING
hypertension-branch,CCL2,TNF,9606.ENSP00000225831,9606.ENSP00000398698,CCL2,TNF,0.978,700,functional,9606,2026-08-30T07:51:00.550986+00:00,STRING
hypertension-branch,CCL2,CXCL1,9606.ENSP00000225831,9606.ENSP00000379110,CCL2,CXCL1,0.98,700,functional,9606,2026-08-30T07:51:00.550986+00:00,STRING
hypertension-branch,CCL2,JUN,9606.ENSP00000225831,9606.ENSP00000360266,CCL2,JUN,0.98,700,functional,9606,2026-08-30T07:51:00.550986+00:00,STRING
hypertension-branch,CCL2,NFKB1,9606.ENSP00000225831,9606.ENSP00000226574,CCL2,NFKB1,0.982,700,functional,9606,2026-08-30T07:51:00.550986+00:00,STRING
hypertension-branch,CCL2,ACKR5,9606.ENSP00000225831,9606.ENSP00000349967,CCL2,CCRL2,0.99,700,functional,9606,2026-08-30T07:51:00.550986+00:00,STRING
hypertension-branch,CCL2,CCR6,9606.ENSP00000225831,9606.ENSP00000343952,CCL2,CCR6,0.996,700,functional,9606,2026-08-30T07:51:00.550986+00:00,STRING
hypertension-branch,CCL2,PF4,9606.ENSP00000225831,9606.ENSP00000296029,CCL2,PF4,0.998,700,functional,9606,2026-08-30T07:51:00.550986+00:00,STRING
hypertension-branch,CCL2,CCL8,9606.ENSP00000225831,9606.ENSP00000378118,CCL2,CCL8,0.999,700,functional,9606,2026-08-30T07:51:00.550986+00:00,STRING
hypertension-branch,CCL2,CXCL8,9606.ENSP00000225831,9606.ENSP00000306512,CCL2,CXCL8,0.999,700,functional,9606,2026-08-30T07:51:00.550986+00:00,STRING
hypertension-branch,COL1A1,IGF1,9606.ENSP00000225964,9606.ENSP00000376637,COL1A1,IGF1,0.714,700,functional,9606,2026-08-30T07:51:00.550986+00:00,STRING
hypertension-branch,COL1A1,ITGA2B,9606.ENSP00000225964,9606.ENSP00000262407,COL1A1,ITGA2B,0.718,700,functional,9606,2026-08-30T07:51:00.550986+00:00,STRING
hypertension-branch,COL1A1,COL18A1,9606.ENSP00000225964,9606.ENSP00000352798,COL1A1,COL18A1,0.724,700,functional,9606,2026-08-30T07:51:00.550986+00:00,STRING
hypertension-branch,COL1A1,IGFBP3,9606.ENSP00000225964,9606.ENSP00000370473,COL1A1,IGFBP3,0.75,700,functional,9606,2026-08-30T07:51:00.550986+00:00,STRING
hypertension-branch,COL1A1,P4HB,9606.ENSP00000225964,9606.ENSP00000327801,COL1A1,P4HB,0.763,700,functional,9606,2026-08-30T07:51:00.550986+00:00,STRING
hypertension-branch,COL1A1,SMAD3,9606.ENSP00000225964,9606.ENSP00000332973,COL1A1,SMAD3,0.773,700,functional,9606,2026-08-30T07:51:00.550986+00:00,STRING
hypertension-branch,COL1A1,LOX,9606.ENSP00000225964,9606.ENSP00000231004,COL1A1,LOX,0.808,700,functional,9606,2026-08-30T07:51:00.550986+00:00,STRING
hypertension-branch,COL1A1,ALPL,9606.ENSP00000225964,9606.ENSP00000363973,COL1A1,ALPL,0.826,700,functional,9606,2026-08-30T07:51:00.550986+00:00,STRING
hypertension-branch,COL1A1,MMP9,9606.ENSP00000225964,9606.ENSP00000361405,COL1A1,MMP9,0.84,700,functional,9606,2026-08-30T07:51:00.550986+00:00,STRING
hypertension-branch,COL1A1,ELN,9606.ENSP00000225964,9606.ENSP00000351807,COL1A1,ELN,0.876,700,functional,9606,2026-08-30T07:51:00.550986+00:00,STRING
hypertension-branch,COL1A1,COL5A1,9606.ENSP00000225964,9606.ENSP00000360882,COL1A1,COL5A1,0.994,700,functional,9606,2026-08-30T07:51:00.550986+00:00,STRING
hypertension-branch,COL1A1,COL5A2,9606.ENSP00000225964,9606.ENSP00000364000,COL1A1,COL5A2,0.995,700,functional,9606,2026-08-30T07:51:00.550986+00:00,STRING
hypertension-branch,COL1A1,COL1A2,9606.ENSP00000225964,9606.ENSP00000297268,COL1A1,COL1A2,0.999,700,functional,9606,2026-08-30T07:51:00.550986+00:00,STRING
hypertension-branch,GNRHR,GNAS,9606.ENSP00000226413,9606.ENSP00000360141,GNRHR,GNAS,0.931,700,functional,9606,2026-08-30T07:51:00.550986+00:00,STRING
hypertension-branch,GNRHR,KISS1R,9606.ENSP00000226413,9606.ENSP00000234371,GNRHR,KISS1R,0.975,700,functional,9606,2026-08-30T07:51:00.550986+00:00,STRING
hypertension-branch,NFKB1,HSPA5,9606.ENSP00000226574,9606.ENSP00000324173,NFKB1,HSPA5,0.704,700,functional,9606,2026-08-30T07:51:00.550986+00:00,STRING
hypertension-branch,NFKB1,NGF,9606.ENSP00000226574,9606.ENSP00000358525,NFKB1,NGF,0.711,700,functional,9606,2026-08-30T07:51:00.550986+00:00,STRING
hypertension-branch,NFKB1,MDM2,9606.ENSP00000226574,9606.ENSP00000258149,NFKB1,MDM2,0.719,700,functional,9606,2026-08-30T07:51:00.550986+00:00,STRING
hypertension-branch,NFKB1,PPARD,9606.ENSP00000226574,9606.ENSP00000310928,NFKB1,PPARD,0.719,700,functional,9606,2026-08-30T07:51:00.550986+00:00,STRING
hypertension-branch,NFKB1,BRCA1,9606.ENSP00000226574,9606.ENSP00000418960,NFKB1,BRCA1,0.726,700,functional,9606,2026-08-30T07:51:00.550986+00:00,STRING
hypertension-branch,NFKB1,KEAP1,9606.ENSP00000226574,9606.ENSP00000377245,NFKB1,KEAP1,0.733,700,functional,9606,2026-08-30T07:51:00.550986+00:00,STRING
hypertension-branch,NFKB1,ATM,9606.ENSP00000226574,9606.ENSP00000278616,NFKB1,ATM,0.746,700,functional,9606,2026-08-30T07:51:00.550986+00:00,STRING
hypertension-branch,NFKB1,CCL3,9606.ENSP00000226574,9606.ENSP00000477908,NFKB1,CCL3,0.749,700,functional,9606,2026-08-30T07:51:00.550986+00:00,STRING
hypertension-branch,NFKB1,CDKN1A,9606.ENSP00000226574,9606.ENSP00000384849,NFKB1,CDKN1A,0.751,700,functional,9606,2026-08-30T07:51:00.550986+00:00,STRING
hypertension-branch,NFKB1,CLU,9606.ENSP00000226574,9606.ENSP00000315130,NFKB1,CLU,0.761,700,functional,9606,2026-08-30T07:51:00.550986+00:00,STRING
hypertension-branch,NFKB1,SMAD3,9606.ENSP00000226574,9606.ENSP00000332973,NFKB1,SMAD3,0.765,700,functional,9606,2026-08-30T07:51:00.550986+00:00,STRING
hypertension-branch,NFKB1,ACTB,9606.ENSP00000226574,9606.ENSP00000494750,NFKB1,ACTB,0.766,700,functional,9606,2026-08-30T07:51:00.550986+00:00,STRING
hypertension-branch,NFKB1,HDAC3,9606.ENSP00000226574,9606.ENSP00000302967,NFKB1,HDAC3,0.767,700,functional,9606,2026-08-30T07:51:00.550986+00:00,STRING
hypertension-branch,NFKB1,CREB1,9606.ENSP00000226574,9606.ENSP00000387699,NFKB1,CREB1,0.773,700,functional,9606,2026-08-30T07:51:00.550986+00:00,STRING
hypertension-branch,NFKB1,AGER,9606.ENSP00000226574,9606.ENSP00000364210,NFKB1,AGER,0.776,700,functional,9606,2026-08-30T07:51:00.550986+00:00,STRING
hypertension-branch,NFKB1,NOD2,9606.ENSP00000226574,9606.ENSP00000300589,NFKB1,NOD2,0.776,700,functional,9606,2026-08-30T07:51:00.550986+00:00,STRING
hypertension-branch,NFKB1,NCOA1,9606.ENSP00000226574,9606.ENSP00000385216,NFKB1,NCOA1,0.781,700,functional,9606,2026-08-30T07:51:00.550986+00:00,STRING
hypertension-branch,NFKB1,IL4,9606.ENSP00000226574,9606.ENSP00000231449,NFKB1,IL4,0.8,700,functional,9606,2026-08-30T07:51:00.550986+00:00,STRING
hypertension-branch,NFKB1,MMP9,9606.ENSP00000226574,9606.ENSP00000361405,NFKB1,MMP9,0.802,700,functional,9606,2026-08-30T07:51:00.550986+00:00,STRING
hypertension-branch,NFKB1,MEN1,9606.ENSP00000226574,9606.ENSP00000337088,NFKB1,MEN1,0.803,700,functional,9606,2026-08-30T07:51:00.550986+00:00,STRING
hypertension-branch,NFKB1,FOS,9606.ENSP00000226574,9606.ENSP00000306245,NFKB1,FOS,0.808,700,functional,9606,2026-08-30T07:51:00.550986+00:00,STRING
hypertension-branch,NFKB1,HIF1A,9606.ENSP00000226574,9606.ENSP00000437955,NFKB1,HIF1A,0.816,700,functional,9606,2026-08-30T07:51:00.550986+00:00,STRING
hypertension-branch,NFKB1,BCL2,9606.ENSP00000226574,9606.ENSP00000381185,NFKB1,BCL2,0.818,700,functional,9606,2026-08-30T07:51:00.550986+00:00,STRING
hypertension-branch,NFKB1,CASP3,9606.ENSP00000226574,9606.ENSP00000311032,NFKB1,CASP3,0.821,700,functional,9606,2026-08-30T07:51:00.550986+00:00,STRING
hypertension-branch,NFKB1,CASP1,9606.ENSP00000226574,9606.ENSP00000433138,NFKB1,CASP1,0.826,700,functional,9606,2026-08-30T07:51:00.550986+00:00,STRING
hypertension-branch,NFKB1,TLR9,9606.ENSP00000226574,9606.ENSP00000353874,NFKB1,TLR9,0.828,700,functional,9606,2026-08-30T07:51:00.550986+00:00,STRING
hypertension-branch,NFKB1,EGFR,9606.ENSP00000226574,9606.ENSP00000275493,NFKB1,EGFR,0.837,700,functional,9606,2026-08-30T07:51:00.550986+00:00,STRING
hypertension-branch,NFKB1,CXCL10,9606.ENSP00000226574,9606.ENSP00000305651,NFKB1,CXCL10,0.845,700,functional,9606,2026-08-30T07:51:00.550986+00:00,STRING
hypertension-branch,NFKB1,APP,9606.ENSP00000226574,9606.ENSP00000284981,NFKB1,APP,0.87,700,functional,9606,2026-08-30T07:51:00.550986+00:00,STRING
hypertension-branch,NFKB1,NR3C1,9606.ENSP00000226574,9606.ENSP00000231509,NFKB1,NR3C1,0.878,700,functional,9606,2026-08-30T07:51:00.550986+00:00,STRING
hypertension-branch,NFKB1,AKT1,9606.ENSP00000226574,9606.ENSP00000451828,NFKB1,AKT1,0.896,700,functional,9606,2026-08-30T07:51:00.550986+00:00,STRING
hypertension-branch,NFKB1,MYC,9606.ENSP00000226574,9606.ENSP00000478887,NFKB1,MYC,0.917,700,functional,9606,2026-08-30T07:51:00.550986+00:00,STRING
hypertension-branch,NFKB1,HMGB1,9606.ENSP00000226574,9606.ENSP00000345347,NFKB1,HMGB1,0.923,700,functional,9606,2026-08-30T07:51:00.550986+00:00,STRING
hypertension-branch,NFKB1,IFNG,9606.ENSP00000226574,9606.ENSP00000229135,NFKB1,IFNG,0.932,700,functional,9606,2026-08-30T07:51:00.550986+00:00,STRING
hypertension-branch,NFKB1,CAMP,9606.ENSP00000226574,9606.ENSP00000296435,NFKB1,CAMP,0.938,700,functional,9606,2026-08-30T07:51:00.550986+00:00,STRING
hypertension-branch,NFKB1,RAF1,9606.ENSP00000226574,9606.ENSP00000401888,NFKB1,RAF1,0.94,700,functional,9606,2026-08-30T07:51:00.550986+00:00,STRING
hypertension-branch,NFKB1,ESR1,9606.ENSP00000226574,9606.ENSP00000405330,NFKB1,ESR1,0.957,700,functional,9606,2026-08-30T07:51:00.550986+00:00,STRING
hypertension-branch,NFKB1,CXCL1,9606.ENSP00000226574,9606.ENSP00000379110,NFKB1,CXCL1,0.963,700,functional,9606,2026-08-30T07:51:00.550986+00:00,STRING
hypertension-branch,NFKB1,CXCL2,9606.ENSP00000226574,9606.ENSP00000427279,NFKB1,CXCL2,0.969,700,functional,9606,2026-08-30T07:51:00.550986+00:00,STRING
hypertension-branch,NFKB1,PPARG,9606.ENSP00000226574,9606.ENSP00000287820,NFKB1,PPARG,0.972,700,functional,9606,2026-08-30T07:51:00.550986+00:00,STRING
hypertension-branch,NFKB1,NLRP3,9606.ENSP00000226574,9606.ENSP00000337383,NFKB1,NLRP3,0.981,700,functional,9606,2026-08-30T07:51:00.550986+00:00,STRING
hypertension-branch,NFKB1,CXCL8,9606.ENSP00000226574,9606.ENSP00000306512,NFKB1,CXCL8,0.988,700,functional,9606,2026-08-30T07:51:00.550986+00:00,STRING
hypertension-branch,NFKB1,TP53,9606.ENSP00000226574,9606.ENSP00000269305,NFKB1,TP53,0.989,700,functional,9606,2026-08-30T07:51:00.550986+00:00,STRING
hypertension-branch,NFKB1,JUN,9606.ENSP00000226574,9606.ENSP00000360266,NFKB1,JUN,0.994,700,functional,9606,2026-08-30T07:51:00.550986+00:00,STRING
hypertension-branch,NFKB1,IL1B,9606.ENSP00000226574,9606.ENSP00000263341,NFKB1,IL1B,0.996,700,functional,9606,2026-08-30T07:51:00.550986+00:00,STRING
hypertension-branch,NFKB1,TNF,9606.ENSP00000226574,9606.ENSP00000398698,NFKB1,TNF,0.999,700,functional,9606,2026-08-30T07:51:00.550986+00:00,STRING
hypertension-branch,NFKB1,NFKB2,9606.ENSP00000226574,9606.ENSP00000358983,NFKB1,NFKB2,0.999,700,functional,9606,2026-08-30T07:51:00.550986+00:00,STRING
hypertension-branch,CCND1,CYP19A1,9606.ENSP00000227507,9606.ENSP00000379683,CCND1,CYP19A1,0.712,700,functional,9606,2026-08-30T07:51:00.550986+00:00,STRING
hypertension-branch,CCND1,PLK1,9606.ENSP00000227507,9606.ENSP00000300093,CCND1,PLK1,0.727,700,functional,9606,2026-08-30T07:51:00.550986+00:00,STRING
hypertension-branch,CCND1,ABL1,9606.ENSP00000227507,9606.ENSP00000361423,CCND1,ABL1,0.742,700,functional,9606,2026-08-30T07:51:00.550986+00:00,STRING
hypertension-branch,CCND1,SMAD2,9606.ENSP00000227507,9606.ENSP00000262160,CCND1,SMAD2,0.743,700,functional,9606,2026-08-30T07:51:00.550986+00:00,STRING
hypertension-branch,CCND1,BIRC5,9606.ENSP00000227507,9606.ENSP00000301633,CCND1,BIRC5,0.751,700,functional,9606,2026-08-30T07:51:00.550986+00:00,STRING
hypertension-branch,CCND1,BCL2L11,9606.ENSP00000227507,9606.ENSP00000376943,CCND1,BCL2L11,0.752,700,functional,9606,2026-08-30T07:51:00.550986+00:00,STRING
hypertension-branch,CCND1,NCOA1,9606.ENSP00000227507,9606.ENSP00000385216,CCND1,NCOA1,0.774,700,functional,9606,2026-08-30T07:51:00.550986+00:00,STRING
hypertension-branch,CCND1,NCOA3,9606.ENSP00000227507,9606.ENSP00000361066,CCND1,NCOA3,0.79,700,functional,9606,2026-08-30T07:51:00.550986+00:00,STRING
hypertension-branch,CCND1,SOX2,9606.ENSP00000227507,9606.ENSP00000323588,CCND1,SOX2,0.792,700,functional,9606,2026-08-30T07:51:00.550986+00:00,STRING
hypertension-branch,CCND1,MMP9,9606.ENSP00000227507,9606.ENSP00000361405,CCND1,MMP9,0.799,700,functional,9606,2026-08-30T07:51:00.550986+00:00,STRING
hypertension-branch,CCND1,ANXA5,9606.ENSP00000227507,9606.ENSP00000296511,CCND1,ANXA5,0.808,700,functional,9606,2026-08-30T07:51:00.550986+00:00,STRING
hypertension-branch,CCND1,BCL2L1,9606.ENSP00000227507,9606.ENSP00000365230,CCND1,BCL2L1,0.808,700,functional,9606,2026-08-30T07:51:00.550986+00:00,STRING
hypertension-branch,CCND1,ACTB,9606.ENSP00000227507,9606.ENSP00000494750,CCND1,ACTB,0.811,700,functional,9606,2026-08-30T07:51:00.550986+00:00,STRING
hypertension-branch,CCND1,PGR,9606.ENSP00000227507,9606.ENSP00000325120,CCND1,PGR,0.834,700,functional,9606,2026-08-30T07:51:00.550986+00:00,STRING
hypertension-branch,CCND1,MCL1,9606.ENSP00000227507,9606.ENSP00000358022,CCND1,MCL1,0.837,700,functional,9606,2026-08-30T07:51:00.550986+00:00,STRING
hypertension-branch,CCND1,EGFR,9606.ENSP00000227507,9606.ENSP00000275493,CCND1,EGFR,0.841,700,functional,9606,2026-08-30T07:51:00.550986+00:00,STRING
hypertension-branch,CCND1,CASP9,9606.ENSP00000227507,9606.ENSP00000330237,CCND1,CASP9,0.844,700,functional,9606,2026-08-30T07:51:00.550986+00:00,STRING
hypertension-branch,CCND1,CASP3,9606.ENSP00000227507,9606.ENSP00000311032,CCND1,CASP3,0.847,700,functional,9606,2026-08-30T07:51:00.550986+00:00,STRING
hypertension-branch,CCND1,HIF1A,9606.ENSP00000227507,9606.ENSP00000437955,CCND1,HIF1A,0.876,700,functional,9606,2026-08-30T07:51:00.550986+00:00,STRING
hypertension-branch,CCND1,CKS1B,9606.ENSP00000227507,9606.ENSP00000311083,CCND1,CKS1B,0.892,700,functional,9606,2026-08-30T07:51:00.550986+00:00,STRING
hypertension-branch,CCND1,HDAC3,9606.ENSP00000227507,9606.ENSP00000302967,CCND1,HDAC3,0.9,700,functional,9606,2026-08-30T07:51:00.550986+00:00,STRING
hypertension-branch,CCND1,JUN,9606.ENSP00000227507,9606.ENSP00000360266,CCND1,JUN,0.919,700,functional,9606,2026-08-30T07:51:00.550986+00:00,STRING
hypertension-branch,CCND1,BRCA1,9606.ENSP00000227507,9606.ENSP00000418960,CCND1,BRCA1,0.922,700,functional,9606,2026-08-30T07:51:00.550986+00:00,STRING
hypertension-branch,CCND1,AKT1,9606.ENSP00000227507,9606.ENSP00000451828,CCND1,AKT1,0.923,700,functional,9606,2026-08-30T07:51:00.550986+00:00,STRING
hypertension-branch,CCND1,MDM2,9606.ENSP00000227507,9606.ENSP00000258149,CCND1,MDM2,0.926,700,functional,9606,2026-08-30T07:51:00.550986+00:00,STRING
hypertension-branch,CCND1,FOS,9606.ENSP00000227507,9606.ENSP00000306245,CCND1,FOS,0.942,700,functional,9606,2026-08-30T07:51:00.550986+00:00,STRING
hypertension-branch,CCND1,TP53,9606.ENSP00000227507,9606.ENSP00000269305,CCND1,TP53,0.946,700,functional,9606,2026-08-30T07:51:00.550986+00:00,STRING
hypertension-branch,CCND1,CREB1,9606.ENSP00000227507,9606.ENSP00000387699,CCND1,CREB1,0.949,700,functional,9606,2026-08-30T07:51:00.550986+00:00,STRING
hypertension-branch,CCND1,AR,9606.ENSP00000227507,9606.ENSP00000363822,CCND1,AR,0.955,700,functional,9606,2026-08-30T07:51:00.550986+00:00,STRING
hypertension-branch,CCND1,BCL2,9606.ENSP00000227507,9606.ENSP00000381185,CCND1,BCL2,0.958,700,functional,9606,2026-08-30T07:51:00.550986+00:00,STRING
hypertension-branch,CCND1,MYC,9606.ENSP00000227507,9606.ENSP00000478887,CCND1,MYC,0.969,700,functional,9606,2026-08-30T07:51:00.550986+00:00,STRING
hypertension-branch,CCND1,ESR1,9606.ENSP00000227507,9606.ENSP00000405330,CCND1,ESR1,0.997,700,functional,9606,2026-08-30T07:51:00.550986+00:00,STRING
hypertension-branch,CCND1,CDK1,9606.ENSP00000227507,9606.ENSP00000378699,CCND1,CDK1,0.998,700,functional,9606,2026-08-30T07:51:00.550986+00:00,STRING
hypertension-branch,CCND1,CDK2,9606.ENSP00000227507,9606.ENSP00000266970,CCND1,CDK2,0.999,700,functional,9606,2026-08-30T07:51:00.550986+00:00,STRING
hypertension-branch,CCND1,CDKN1B,9606.ENSP00000227507,9606.ENSP00000228872,CCND1,CDKN1B,0.999,700,functional,9606,2026-08-30T07:51:00.550986+00:00,STRING
hypertension-branch,CCND1,CDKN1A,9606.ENSP00000227507,9606.ENSP00000384849,CCND1,CDKN1A,0.999,700,functional,9606,2026-08-30T07:51:00.550986+00:00,STRING
hypertension-branch,VDR,CAMP,9606.ENSP00000228606,9606.ENSP00000296435,CYP27B1,CAMP,0.721,700,functional,9606,2026-08-30T07:51:00.550986+00:00,STRING
hypertension-branch,VDR,NCOA3,9606.ENSP00000228606,9606.ENSP00000361066,CYP27B1,NCOA3,0.843,700,functional,9606,2026-08-30T07:51:00.550986+00:00,STRING
hypertension-branch,VDR,NCOA1,9606.ENSP00000228606,9606.ENSP00000385216,CYP27B1,NCOA1,0.92,700,functional,9606,2026-08-30T07:51:00.550986+00:00,STRING
hypertension-branch,VDR,RXRA,9606.ENSP00000228606,9606.ENSP00000419692,CYP27B1,RXRA,0.981,700,functional,9606,2026-08-30T07:51:00.550986+00:00,STRING
hypertension-branch,CDKN1B,BCL2,9606.ENSP00000228872,9606.ENSP00000381185,CDKN1B,BCL2,0.702,700,functional,9606,2026-08-30T07:51:00.550986+00:00,STRING
hypertension-branch,CDKN1B,ATM,9606.ENSP00000228872,9606.ENSP00000278616,CDKN1B,ATM,0.713,700,functional,9606,2026-08-30T07:51:00.550986+00:00,STRING
hypertension-branch,CDKN1B,CASP3,9606.ENSP00000228872,9606.ENSP00000311032,CDKN1B,CASP3,0.721,700,functional,9606,2026-08-30T07:51:00.550986+00:00,STRING
hypertension-branch,CDKN1B,EGFR,9606.ENSP00000228872,9606.ENSP00000275493,CDKN1B,EGFR,0.736,700,functional,9606,2026-08-30T07:51:00.550986+00:00,STRING
hypertension-branch,CDKN1B,ABL1,9606.ENSP00000228872,9606.ENSP00000361423,CDKN1B,ABL1,0.746,700,functional,9606,2026-08-30T07:51:00.550986+00:00,STRING
hypertension-branch,CDKN1B,BCL2L11,9606.ENSP00000228872,9606.ENSP00000376943,CDKN1B,BCL2L11,0.748,700,functional,9606,2026-08-30T07:51:00.550986+00:00,STRING
hypertension-branch,CDKN1B,MEN1,9606.ENSP00000228872,9606.ENSP00000337088,CDKN1B,MEN1,0.804,700,functional,9606,2026-08-30T07:51:00.550986+00:00,STRING
hypertension-branch,CDKN1B,BCL2L1,9606.ENSP00000228872,9606.ENSP00000365230,CDKN1B,BCL2L1,0.836,700,functional,9606,2026-08-30T07:51:00.550986+00:00,STRING
hypertension-branch,CDKN1B,MYC,9606.ENSP00000228872,9606.ENSP00000478887,CDKN1B,MYC,0.855,700,functional,9606,2026-08-30T07:51:00.550986+00:00,STRING
hypertension-branch,CDKN1B,CCNB2,9606.ENSP00000228872,9606.ENSP00000288207,CDKN1B,CCNB2,0.86,700,functional,9606,2026-08-30T07:51:00.550986+00:00,STRING
hypertension-branch,CDKN1B,SFN,9606.ENSP00000228872,9606.ENSP00000340989,CDKN1B,SFN,0.923,700,functional,9606,2026-08-30T07:51:00.550986+00:00,STRING
hypertension-branch,CDKN1B,RPS27A,9606.ENSP00000228872,9606.ENSP00000272317,CDKN1B,RPS27A,0.966,700,functional,9606,2026-08-30T07:51:00.550986+00:00,STRING
hypertension-branch,CDKN1B,CDK1,9606.ENSP00000228872,9606.ENSP00000378699,CDKN1B,CDK1,0.978,700,functional,9606,2026-08-30T07:51:00.550986+00:00,STRING
hypertension-branch,CDKN1B,CDKN1A,9606.ENSP00000228872,9606.ENSP00000384849,CDKN1B,CDKN1A,0.982,700,functional,9606,2026-08-30T07:51:00.550986+00:00,STRING
hypertension-branch,CDKN1B,TP53,9606.ENSP00000228872,9606.ENSP00000269305,CDKN1B,TP53,0.991,700,functional,9606,2026-08-30T07:51:00.550986+00:00,STRING
hypertension-branch,CDKN1B,AKT1,9606.ENSP00000228872,9606.ENSP00000451828,CDKN1B,AKT1,0.996,700,functional,9606,2026-08-30T07:51:00.550986+00:00,STRING
hypertension-branch,CDKN1B,CKS1B,9606.ENSP00000228872,9606.ENSP00000311083,CDKN1B,CKS1B,0.997,700,functional,9606,2026-08-30T07:51:00.550986+00:00,STRING
hypertension-branch,CDKN1B,CDK2,9606.ENSP00000228872,9606.ENSP00000266970,CDKN1B,CDK2,0.999,700,functional,9606,2026-08-30T07:51:00.550986+00:00,STRING
hypertension-branch,CDKN1B,CCNA2,9606.ENSP00000228872,9606.ENSP00000481380,CDKN1B,CCNA2,0.999,700,functional,9606,2026-08-30T07:51:00.550986+00:00,STRING
hypertension-branch,IFNG,JUN,9606.ENSP00000229135,9606.ENSP00000360266,IFNG,JUN,0.711,700,functional,9606,2026-08-30T07:51:00.550986+00:00,STRING
hypertension-branch,IFNG,CXCR6,9606.ENSP00000229135,9606.ENSP00000395704,IFNG,CXCR6,0.712,700,functional,9606,2026-08-30T07:51:00.550986+00:00,STRING
hypertension-branch,IFNG,ANXA5,9606.ENSP00000229135,9606.ENSP00000296511,IFNG,ANXA5,0.716,700,functional,9606,2026-08-30T07:51:00.550986+00:00,STRING
hypertension-branch,IFNG,MUC1,9606.ENSP00000229135,9606.ENSP00000484824,IFNG,MUC1,0.72,700,functional,9606,2026-08-30T07:51:00.550986+00:00,STRING
hypertension-branch,IFNG,CCL7,9606.ENSP00000229135,9606.ENSP00000367832,IFNG,CCL7,0.724,700,functional,9606,2026-08-30T07:51:00.550986+00:00,STRING
hypertension-branch,IFNG,FOS,9606.ENSP00000229135,9606.ENSP00000306245,IFNG,FOS,0.751,700,functional,9606,2026-08-30T07:51:00.550986+00:00,STRING
hypertension-branch,IFNG,MMP9,9606.ENSP00000229135,9606.ENSP00000361405,IFNG,MMP9,0.751,700,functional,9606,2026-08-30T07:51:00.550986+00:00,STRING
hypertension-branch,IFNG,IGF1,9606.ENSP00000229135,9606.ENSP00000376637,IFNG,IGF1,0.754,700,functional,9606,2026-08-30T07:51:00.550986+00:00,STRING
hypertension-branch,IFNG,NOD2,9606.ENSP00000229135,9606.ENSP00000300589,IFNG,NOD2,0.77,700,functional,9606,2026-08-30T07:51:00.550986+00:00,STRING
hypertension-branch,IFNG,RORC,9606.ENSP00000229135,9606.ENSP00000327025,IFNG,RORC,0.782,700,functional,9606,2026-08-30T07:51:00.550986+00:00,STRING
hypertension-branch,IFNG,HMGB1,9606.ENSP00000229135,9606.ENSP00000345347,IFNG,HMGB1,0.792,700,functional,9606,2026-08-30T07:51:00.550986+00:00,STRING
hypertension-branch,IFNG,BCL2,9606.ENSP00000229135,9606.ENSP00000381185,IFNG,BCL2,0.795,700,functional,9606,2026-08-30T07:51:00.550986+00:00,STRING
hypertension-branch,IFNG,ACTB,9606.ENSP00000229135,9606.ENSP00000494750,IFNG,ACTB,0.795,700,functional,9606,2026-08-30T07:51:00.550986+00:00,STRING
hypertension-branch,IFNG,ARG1,9606.ENSP00000229135,9606.ENSP00000349446,IFNG,ARG1,0.801,700,functional,9606,2026-08-30T07:51:00.550986+00:00,STRING
hypertension-branch,IFNG,AKT1,9606.ENSP00000229135,9606.ENSP00000451828,IFNG,AKT1,0.817,700,functional,9606,2026-08-30T07:51:00.550986+00:00,STRING
hypertension-branch,IFNG,CXCL2,9606.ENSP00000229135,9606.ENSP00000427279,IFNG,CXCL2,0.823,700,functional,9606,2026-08-30T07:51:00.550986+00:00,STRING
hypertension-branch,IFNG,CASP3,9606.ENSP00000229135,9606.ENSP00000311032,IFNG,CASP3,0.825,700,functional,9606,2026-08-30T07:51:00.550986+00:00,STRING
hypertension-branch,IFNG,TP53,9606.ENSP00000229135,9606.ENSP00000269305,IFNG,TP53,0.834,700,functional,9606,2026-08-30T07:51:00.550986+00:00,STRING
hypertension-branch,IFNG,CCR6,9606.ENSP00000229135,9606.ENSP00000343952,IFNG,CCR6,0.85,700,functional,9606,2026-08-30T07:51:00.550986+00:00,STRING
hypertension-branch,IFNG,ACKR5,9606.ENSP00000229135,9606.ENSP00000349967,IFNG,CCRL2,0.853,700,functional,9606,2026-08-30T07:51:00.550986+00:00,STRING
hypertension-branch,IFNG,ALB,9606.ENSP00000229135,9606.ENSP00000295897,IFNG,ALB,0.866,700,functional,9606,2026-08-30T07:51:00.550986+00:00,STRING
hypertension-branch,IFNG,EGFR,9606.ENSP00000229135,9606.ENSP00000275493,IFNG,EGFR,0.876,700,functional,9606,2026-08-30T07:51:00.550986+00:00,STRING
hypertension-branch,IFNG,CXCL1,9606.ENSP00000229135,9606.ENSP00000379110,IFNG,CXCL1,0.887,700,functional,9606,2026-08-30T07:51:00.550986+00:00,STRING
hypertension-branch,IFNG,TLR9,9606.ENSP00000229135,9606.ENSP00000353874,IFNG,TLR9,0.891,700,functional,9606,2026-08-30T07:51:00.550986+00:00,STRING
hypertension-branch,IFNG,CASP1,9606.ENSP00000229135,9606.ENSP00000433138,IFNG,CASP1,0.893,700,functional,9606,2026-08-30T07:51:00.550986+00:00,STRING
hypertension-branch,IFNG,CCL3,9606.ENSP00000229135,9606.ENSP00000477908,IFNG,CCL3,0.947,700,functional,9606,2026-08-30T07:51:00.550986+00:00,STRING
hypertension-branch,IFNG,CXCL10,9606.ENSP00000229135,9606.ENSP00000305651,IFNG,CXCL10,0.959,700,functional,9606,2026-08-30T07:51:00.550986+00:00,STRING
hypertension-branch,IFNG,CXCL8,9606.ENSP00000229135,9606.ENSP00000306512,IFNG,CXCL8,0.961,700,functional,9606,2026-08-30T07:51:00.550986+00:00,STRING
hypertension-branch,IFNG,IL4,9606.ENSP00000229135,9606.ENSP00000231449,IFNG,IL4,0.99,700,functional,9606,2026-08-30T07:51:00.550986+00:00,STRING
hypertension-branch,IFNG,TNF,9606.ENSP00000229135,9606.ENSP00000398698,IFNG,TNF,0.991,700,functional,9606,2026-08-30T07:51:00.550986+00:00,STRING
hypertension-branch,IFNG,IL1B,9606.ENSP00000229135,9606.ENSP00000263341,IFNG,IL1B,0.998,700,functional,9606,2026-08-30T07:51:00.550986+00:00,STRING
hypertension-branch,LOX,COL5A1,9606.ENSP00000231004,9606.ENSP00000360882,LOX,COL5A1,0.703,700,functional,9606,2026-08-30T07:51:00.550986+00:00,STRING
hypertension-branch,LOX,MYC,9606.ENSP00000231004,9606.ENSP00000478887,LOX,MYC,0.708,700,functional,9606,2026-08-30T07:51:00.550986+00:00,STRING
hypertension-branch,LOX,EGFR,9606.ENSP00000231004,9606.ENSP00000275493,LOX,EGFR,0.71,700,functional,9606,2026-08-30T07:51:00.550986+00:00,STRING
hypertension-branch,LOX,IL1B,9606.ENSP00000231004,9606.ENSP00000263341,LOX,IL1B,0.727,700,functional,9606,2026-08-30T07:51:00.550986+00:00,STRING
hypertension-branch,LOX,COL1A2,9606.ENSP00000231004,9606.ENSP00000297268,LOX,COL1A2,0.788,700,functional,9606,2026-08-30T07:51:00.550986+00:00,STRING
hypertension-branch,LOX,ALOX15,9606.ENSP00000231004,9606.ENSP00000293761,LOX,ALOX15,0.859,700,functional,9606,2026-08-30T07:51:00.550986+00:00,STRING
hypertension-branch,LOX,ELN,9606.ENSP00000231004,9606.ENSP00000351807,LOX,ELN,0.992,700,functional,9606,2026-08-30T07:51:00.550986+00:00,STRING
hypertension-branch,IL4,FOS,9606.ENSP00000231449,9606.ENSP00000306245,IL4,FOS,0.7,700,functional,9606,2026-08-30T07:51:00.550986+00:00,STRING
hypertension-branch,IL4,ACTB,9606.ENSP00000231449,9606.ENSP00000494750,IL4,ACTB,0.7,700,functional,9606,2026-08-30T07:51:00.550986+00:00,STRING
hypertension-branch,IL4,TP53,9606.ENSP00000231449,9606.ENSP00000269305,IL4,TP53,0.718,700,functional,9606,2026-08-30T07:51:00.550986+00:00,STRING
hypertension-branch,IL4,ALB,9606.ENSP00000231449,9606.ENSP00000295897,IL4,ALB,0.725,700,functional,9606,2026-08-30T07:51:00.550986+00:00,STRING
hypertension-branch,IL4,CXCL1,9606.ENSP00000231449,9606.ENSP00000379110,IL4,CXCL1,0.738,700,functional,9606,2026-08-30T07:51:00.550986+00:00,STRING
hypertension-branch,IL4,TLR9,9606.ENSP00000231449,9606.ENSP00000353874,IL4,TLR9,0.78,700,functional,9606,2026-08-30T07:51:00.550986+00:00,STRING
hypertension-branch,IL4,ACKR5,9606.ENSP00000231449,9606.ENSP00000349967,IL4,CCRL2,0.788,700,functional,9606,2026-08-30T07:51:00.550986+00:00,STRING
hypertension-branch,IL4,CCR6,9606.ENSP00000231449,9606.ENSP00000343952,IL4,CCR6,0.79,700,functional,9606,2026-08-30T07:51:00.550986+00:00,STRING
hypertension-branch,IL4,EGFR,9606.ENSP00000231449,9606.ENSP00000275493,IL4,EGFR,0.82,700,functional,9606,2026-08-30T07:51:00.550986+00:00,STRING
hypertension-branch,IL4,CCL3,9606.ENSP00000231449,9606.ENSP00000477908,IL4,CCL3,0.827,700,functional,9606,2026-08-30T07:51:00.550986+00:00,STRING
hypertension-branch,IL4,ARG1,9606.ENSP00000231449,9606.ENSP00000349446,IL4,ARG1,0.88,700,functional,9606,2026-08-30T07:51:00.550986+00:00,STRING
hypertension-branch,IL4,CXCL10,9606.ENSP00000231449,9606.ENSP00000305651,IL4,CXCL10,0.882,700,functional,9606,2026-08-30T07:51:00.550986+00:00,STRING
hypertension-branch,IL4,TNF,9606.ENSP00000231449,9606.ENSP00000398698,IL4,TNF,0.977,700,functional,9606,2026-08-30T07:51:00.550986+00:00,STRING
hypertension-branch,IL4,CXCL8,9606.ENSP00000231449,9606.ENSP00000306512,IL4,CXCL8,0.997,700,functional,9606,2026-08-30T07:51:00.550986+00:00,STRING
hypertension-branch,IL4,IL1B,9606.ENSP00000231449,9606.ENSP00000263341,IL4,IL1B,0.998,700,functional,9606,2026-08-30T07:51:00.550986+00:00,STRING
hypertension-branch,NR3C1,EPAS1,9606.ENSP00000231509,9606.ENSP00000263734,NR3C1,EPAS1,0.718,700,functional,9606,2026-08-30T07:51:00.550986+00:00,STRING
hypertension-branch,NR3C1,ADRB2,9606.ENSP00000231509,9606.ENSP00000305372,NR3C1,ADRB2,0.727,700,functional,9606,2026-08-30T07:51:00.550986+00:00,STRING
hypertension-branch,NR3C1,PGR,9606.ENSP00000231509,9606.ENSP00000325120,NR3C1,PGR,0.733,700,functional,9606,2026-08-30T07:51:00.550986+00:00,STRING
hypertension-branch,NR3C1,TNF,9606.ENSP00000231509,9606.ENSP00000398698,NR3C1,TNF,0.745,700,functional,9606,2026-08-30T07:51:00.550986+00:00,STRING
hypertension-branch,NR3C1,HSPA1A,9606.ENSP00000231509,9606.ENSP00000364802,NR3C1,HSPA1A,0.746,700,functional,9606,2026-08-30T07:51:00.550986+00:00,STRING
hypertension-branch,NR3C1,BCL2,9606.ENSP00000231509,9606.ENSP00000381185,NR3C1,BCL2,0.767,700,functional,9606,2026-08-30T07:51:00.550986+00:00,STRING
hypertension-branch,NR3C1,SMAD2,9606.ENSP00000231509,9606.ENSP00000262160,NR3C1,SMAD2,0.789,700,functional,9606,2026-08-30T07:51:00.550986+00:00,STRING
hypertension-branch,NR3C1,AKT1,9606.ENSP00000231509,9606.ENSP00000451828,NR3C1,AKT1,0.791,700,functional,9606,2026-08-30T07:51:00.550986+00:00,STRING
hypertension-branch,NR3C1,SUMO1,9606.ENSP00000231509,9606.ENSP00000376077,NR3C1,SUMO1,0.794,700,functional,9606,2026-08-30T07:51:00.550986+00:00,STRING
hypertension-branch,NR3C1,AR,9606.ENSP00000231509,9606.ENSP00000363822,NR3C1,AR,0.795,700,functional,9606,2026-08-30T07:51:00.550986+00:00,STRING
hypertension-branch,NR3C1,HDAC6,9606.ENSP00000231509,9606.ENSP00000365804,NR3C1,HDAC6,0.824,700,functional,9606,2026-08-30T07:51:00.550986+00:00,STRING
hypertension-branch,NR3C1,HIF1A,9606.ENSP00000231509,9606.ENSP00000437955,NR3C1,HIF1A,0.852,700,functional,9606,2026-08-30T07:51:00.550986+00:00,STRING
hypertension-branch,NR3C1,EGFR,9606.ENSP00000231509,9606.ENSP00000275493,NR3C1,EGFR,0.87,700,functional,9606,2026-08-30T07:51:00.550986+00:00,STRING
hypertension-branch,NR3C1,ESR1,9606.ENSP00000231509,9606.ENSP00000405330,NR3C1,ESR1,0.896,700,functional,9606,2026-08-30T07:51:00.550986+00:00,STRING
hypertension-branch,NR3C1,NCOA3,9606.ENSP00000231509,9606.ENSP00000361066,NR3C1,NCOA3,0.903,700,functional,9606,2026-08-30T07:51:00.550986+00:00,STRING
hypertension-branch,NR3C1,NTRK2,9606.ENSP00000231509,9606.ENSP00000277120,NR3C1,NTRK2,0.905,700,functional,9606,2026-08-30T07:51:00.550986+00:00,STRING
hypertension-branch,NR3C1,CREB1,9606.ENSP00000231509,9606.ENSP00000387699,NR3C1,CREB1,0.924,700,functional,9606,2026-08-30T07:51:00.550986+00:00,STRING
hypertension-branch,NR3C1,HSPA1B,9606.ENSP00000231509,9606.ENSP00000364801,NR3C1,HSPA1B,0.935,700,functional,9606,2026-08-30T07:51:00.550986+00:00,STRING
hypertension-branch,NR3C1,TP53,9606.ENSP00000231509,9606.ENSP00000269305,NR3C1,TP53,0.936,700,functional,9606,2026-08-30T07:51:00.550986+00:00,STRING
hypertension-branch,NR3C1,SMAD3,9606.ENSP00000231509,9606.ENSP00000332973,NR3C1,SMAD3,0.942,700,functional,9606,2026-08-30T07:51:00.550986+00:00,STRING
hypertension-branch,NR3C1,FOS,9606.ENSP00000231509,9606.ENSP00000306245,NR3C1,FOS,0.961,700,functional,9606,2026-08-30T07:51:00.550986+00:00,STRING
hypertension-branch,NR3C1,JUN,9606.ENSP00000231509,9606.ENSP00000360266,NR3C1,JUN,0.961,700,functional,9606,2026-08-30T07:51:00.550986+00:00,STRING
hypertension-branch,NR3C1,NCOA1,9606.ENSP00000231509,9606.ENSP00000385216,NR3C1,NCOA1,0.997,700,functional,9606,2026-08-30T07:51:00.550986+00:00,STRING
hypertension-branch,NR3C1,FKBP5,9606.ENSP00000231509,9606.ENSP00000444810,NR3C1,FKBP5,0.999,700,functional,9606,2026-08-30T07:51:00.550986+00:00,STRING
hypertension-branch,PRTN3,MMP9,9606.ENSP00000234347,9606.ENSP00000361405,PRTN3,MMP9,0.71,700,functional,9606,2026-08-30T07:51:00.550986+00:00,STRING
hypertension-branch,PRTN3,ELN,9606.ENSP00000234347,9606.ENSP00000351807,PRTN3,ELN,0.737,700,functional,9606,2026-08-30T07:51:00.550986+00:00,STRING
hypertension-branch,PRTN3,TMEM37,9606.ENSP00000234347,9606.ENSP00000303148,PRTN3,TMEM37,0.789,700,functional,9606,2026-08-30T07:51:00.550986+00:00,STRING
hypertension-branch,PRTN3,SERPINA1,9606.ENSP00000234347,9606.ENSP00000416066,PRTN3,SERPINA1,0.838,700,functional,9606,2026-08-30T07:51:00.550986+00:00,STRING
hypertension-branch,PRTN3,PADI4,9606.ENSP00000234347,9606.ENSP00000364597,PRTN3,PADI4,0.86,700,functional,9606,2026-08-30T07:51:00.550986+00:00,STRING
hypertension-branch,PRTN3,CAMP,9606.ENSP00000234347,9606.ENSP00000296435,PRTN3,CAMP,0.99,700,functional,9606,2026-08-30T07:51:00.550986+00:00,STRING
hypertension-branch,PRTN3,CD177,9606.ENSP00000234347,9606.ENSP00000479536,PRTN3,CD177,0.991,700,functional,9606,2026-08-30T07:51:00.550986+00:00,STRING
hypertension-branch,KISS1R,ARRB1,9606.ENSP00000234371,9606.ENSP00000409581,KISS1R,ARRB1,0.953,700,functional,9606,2026-08-30T07:51:00.550986+00:00,STRING
hypertension-branch,CLCA1,FKBP5,9606.ENSP00000234701,9606.ENSP00000444810,CLCA1,FKBP5,0.773,700,functional,9606,2026-08-30T07:51:00.550986+00:00,STRING
hypertension-branch,OPRD1,COMT,9606.ENSP00000234961,9606.ENSP00000354511,OPRD1,COMT,0.73,700,functional,9606,2026-08-30T07:51:00.550986+00:00,STRING
hypertension-branch,OPRD1,OPRM1,9606.ENSP00000234961,9606.ENSP00000394624,OPRD1,OPRM1,0.967,700,functional,9606,2026-08-30T07:51:00.550986+00:00,STRING
hypertension-branch,OPRD1,GNAI1,9606.ENSP00000234961,9606.ENSP00000497260,OPRD1,GNAI1,0.991,700,functional,9606,2026-08-30T07:51:00.550986+00:00,STRING
hypertension-branch,TTR,SNCA,9606.ENSP00000237014,9606.ENSP00000500990,TTR,SNCA,0.753,700,functional,9606,2026-08-30T07:51:00.550986+00:00,STRING
hypertension-branch,TTR,PRNP,9606.ENSP00000237014,9606.ENSP00000399376,TTR,PRNP,0.821,700,functional,9606,2026-08-30T07:51:00.550986+00:00,STRING
hypertension-branch,TTR,ORM1,9606.ENSP00000237014,9606.ENSP00000259396,TTR,ORM1,0.85,700,functional,9606,2026-08-30T07:51:00.550986+00:00,STRING
hypertension-branch,TTR,AHSG,9606.ENSP00000237014,9606.ENSP00000273784,TTR,AHSG,0.858,700,functional,9606,2026-08-30T07:51:00.550986+00:00,STRING
hypertension-branch,TTR,FOXA2,9606.ENSP00000237014,9606.ENSP00000400341,TTR,FOXA2,0.861,700,functional,9606,2026-08-30T07:51:00.550986+00:00,STRING
hypertension-branch,TTR,AGER,9606.ENSP00000237014,9606.ENSP00000364210,TTR,AGER,0.884,700,functional,9606,2026-08-30T07:51:00.550986+00:00,STRING
hypertension-branch,TTR,CLU,9606.ENSP00000237014,9606.ENSP00000315130,TTR,CLU,0.885,700,functional,9606,2026-08-30T07:51:00.550986+00:00,STRING
hypertension-branch,TTR,A2M,9606.ENSP00000237014,9606.ENSP00000323929,TTR,A2M,0.905,700,functional,9606,2026-08-30T07:51:00.550986+00:00,STRING
hypertension-branch,TTR,SERPINA1,9606.ENSP00000237014,9606.ENSP00000416066,TTR,SERPINA1,0.961,700,functional,9606,2026-08-30T07:51:00.550986+00:00,STRING
hypertension-branch,TTR,APP,9606.ENSP00000237014,9606.ENSP00000284981,TTR,APP,0.982,700,functional,9606,2026-08-30T07:51:00.550986+00:00,STRING
hypertension-branch,TTR,ALB,9606.ENSP00000237014,9606.ENSP00000295897,TTR,ALB,0.994,700,functional,9606,2026-08-30T07:51:00.550986+00:00,STRING
hypertension-branch,DUSP1,CKS1B,9606.ENSP00000239223,9606.ENSP00000311083,DUSP1,CKS1B,0.75,700,functional,9606,2026-08-30T07:51:00.550986+00:00,STRING
hypertension-branch,DUSP1,ATF3,9606.ENSP00000239223,9606.ENSP00000344352,DUSP1,ATF3,0.833,700,functional,9606,2026-08-30T07:51:00.550986+00:00,STRING
hypertension-branch,DUSP1,JUN,9606.ENSP00000239223,9606.ENSP00000360266,DUSP1,JUN,0.911,700,functional,9606,2026-08-30T07:51:00.550986+00:00,STRING
hypertension-branch,DUSP1,FOS,9606.ENSP00000239223,9606.ENSP00000306245,DUSP1,FOS,0.961,700,functional,9606,2026-08-30T07:51:00.550986+00:00,STRING
hypertension-branch,TARDBP,PRNP,9606.ENSP00000240185,9606.ENSP00000399376,TARDBP,PRNP,0.88,700,functional,9606,2026-08-30T07:51:00.550986+00:00,STRING
hypertension-branch,TARDBP,APP,9606.ENSP00000240185,9606.ENSP00000284981,TARDBP,APP,0.881,700,functional,9606,2026-08-30T07:51:00.550986+00:00,STRING
hypertension-branch,TARDBP,PABPC1,9606.ENSP00000240185,9606.ENSP00000313007,TARDBP,PABPC1,0.904,700,functional,9606,2026-08-30T07:51:00.550986+00:00,STRING
hypertension-branch,TARDBP,HTT,9606.ENSP00000240185,9606.ENSP00000347184,TARDBP,HTT,0.905,700,functional,9606,2026-08-30T07:51:00.550986+00:00,STRING
hypertension-branch,TARDBP,VCP,9606.ENSP00000240185,9606.ENSP00000351777,TARDBP,VCP,0.964,700,functional,9606,2026-08-30T07:51:00.550986+00:00,STRING
hypertension-branch,TARDBP,MAPT,9606.ENSP00000240185,9606.ENSP00000340820,TARDBP,MAPT,0.97,700,functional,9606,2026-08-30T07:51:00.550986+00:00,STRING
hypertension-branch,TARDBP,HDAC6,9606.ENSP00000240185,9606.ENSP00000365804,TARDBP,HDAC6,0.981,700,functional,9606,2026-08-30T07:51:00.550986+00:00,STRING
hypertension-branch,TARDBP,PRKN,9606.ENSP00000240185,9606.ENSP00000355865,TARDBP,PRKN,0.984,700,functional,9606,2026-08-30T07:51:00.550986+00:00,STRING
hypertension-branch,TARDBP,ATXN2,9606.ENSP00000240185,9606.ENSP00000446576,TARDBP,ATXN2,0.992,700,functional,9606,2026-08-30T07:51:00.550986+00:00,STRING
hypertension-branch,TARDBP,SNCA,9606.ENSP00000240185,9606.ENSP00000500990,TARDBP,SNCA,0.994,700,functional,9606,2026-08-30T07:51:00.550986+00:00,STRING
hypertension-branch,TARDBP,FUS,9606.ENSP00000240185,9606.ENSP00000254108,TARDBP,FUS,0.999,700,functional,9606,2026-08-30T07:51:00.550986+00:00,STRING
hypertension-branch,GSTM2,CYP2C8,9606.ENSP00000241337,9606.ENSP00000360317,GSTM2,CYP2C8,0.709,700,functional,9606,2026-08-30T07:51:00.550986+00:00,STRING
hypertension-branch,GSTM2,CYP2B6,9606.ENSP00000241337,9606.ENSP00000324648,GSTM2,CYP2B6,0.74,700,functional,9606,2026-08-30T07:51:00.550986+00:00,STRING
hypertension-branch,GSTM2,GGT1,9606.ENSP00000241337,9606.ENSP00000248923,GSTM2,GGT1,0.753,700,functional,9606,2026-08-30T07:51:00.550986+00:00,STRING
hypertension-branch,GSTM2,GSTP1,9606.ENSP00000241337,9606.ENSP00000381607,GSTM2,GSTP1,0.769,700,functional,9606,2026-08-30T07:51:00.550986+00:00,STRING
hypertension-branch,GSTM2,CYP2C19,9606.ENSP00000241337,9606.ENSP00000360372,GSTM2,CYP2C19,0.82,700,functional,9606,2026-08-30T07:51:00.550986+00:00,STRING
hypertension-branch,GSTM2,GPX3,9606.ENSP00000241337,9606.ENSP00000373477,GSTM2,GPX3,0.822,700,functional,9606,2026-08-30T07:51:00.550986+00:00,STRING
hypertension-branch,GSTM2,GSTO2,9606.ENSP00000241337,9606.ENSP00000345023,GSTM2,GSTO2,0.852,700,functional,9606,2026-08-30T07:51:00.550986+00:00,STRING
hypertension-branch,GSTM2,CYP2C9,9606.ENSP00000241337,9606.ENSP00000260682,GSTM2,CYP2C9,0.921,700,functional,9606,2026-08-30T07:51:00.550986+00:00,STRING
hypertension-branch,GSTM2,CYP2A6,9606.ENSP00000241337,9606.ENSP00000301141,GSTM2,CYP2A6,0.926,700,functional,9606,2026-08-30T07:51:00.550986+00:00,STRING
hypertension-branch,GSTM2,GSS,9606.ENSP00000241337,9606.ENSP00000495750,GSTM2,GSS,0.927,700,functional,9606,2026-08-30T07:51:00.550986+00:00,STRING
hypertension-branch,GSTM2,PRDX6,9606.ENSP00000241337,9606.ENSP00000342026,GSTM2,PRDX6,0.933,700,functional,9606,2026-08-30T07:51:00.550986+00:00,STRING
hypertension-branch,GSTM2,GPX4,9606.ENSP00000241337,9606.ENSP00000346103,GSTM2,GPX4,0.934,700,functional,9606,2026-08-30T07:51:00.550986+00:00,STRING
hypertension-branch,GSTM2,CYP1A2,9606.ENSP00000241337,9606.ENSP00000342007,GSTM2,CYP1A2,0.937,700,functional,9606,2026-08-30T07:51:00.550986+00:00,STRING
hypertension-branch,GSTM2,CYP2E1,9606.ENSP00000241337,9606.ENSP00000440689,GSTM2,CYP2E1,0.938,700,functional,9606,2026-08-30T07:51:00.550986+00:00,STRING
hypertension-branch,GSTM2,CYP1B1,9606.ENSP00000241337,9606.ENSP00000478561,GSTM2,CYP1B1,0.947,700,functional,9606,2026-08-30T07:51:00.550986+00:00,STRING
hypertension-branch,GSTM2,CYP1A1,9606.ENSP00000241337,9606.ENSP00000378488,GSTM2,CYP1A1,0.947,700,functional,9606,2026-08-30T07:51:00.550986+00:00,STRING
hypertension-branch,GSTM2,CYP3A4,9606.ENSP00000241337,9606.ENSP00000498939,GSTM2,CYP3A4,0.948,700,functional,9606,2026-08-30T07:51:00.550986+00:00,STRING
hypertension-branch,GSTM2,EPHX1,9606.ENSP00000241337,9606.ENSP00000480004,GSTM2,EPHX1,0.951,700,functional,9606,2026-08-30T07:51:00.550986+00:00,STRING
hypertension-branch,GSTM2,GSTM5,9606.ENSP00000241337,9606.ENSP00000256593,GSTM2,GSTM5,0.951,700,functional,9606,2026-08-30T07:51:00.550986+00:00,STRING
hypertension-branch,GSTM2,GSTM4,9606.ENSP00000241337,9606.ENSP00000358851,GSTM2,GSTM4,0.973,700,functional,9606,2026-08-30T07:51:00.550986+00:00,STRING
hypertension-branch,GSTM2,GSTM3,9606.ENSP00000241337,9606.ENSP00000354357,GSTM2,GSTM3,0.996,700,functional,9606,2026-08-30T07:51:00.550986+00:00,STRING
hypertension-branch,GSTM2,GSTM1,9606.ENSP00000241337,9606.ENSP00000311469,GSTM2,GSTM1,0.999,700,functional,9606,2026-08-30T07:51:00.550986+00:00,STRING
hypertension-branch,AHR,NCOA1,9606.ENSP00000242057,9606.ENSP00000385216,AHR,NCOA1,0.702,700,functional,9606,2026-08-30T07:51:00.550986+00:00,STRING
hypertension-branch,AHR,CYP1B1,9606.ENSP00000242057,9606.ENSP00000478561,AHR,CYP1B1,0.763,700,functional,9606,2026-08-30T07:51:00.550986+00:00,STRING
hypertension-branch,AHR,CYP1A2,9606.ENSP00000242057,9606.ENSP00000342007,AHR,CYP1A2,0.866,700,functional,9606,2026-08-30T07:51:00.550986+00:00,STRING
hypertension-branch,AHR,ESR1,9606.ENSP00000242057,9606.ENSP00000405330,AHR,ESR1,0.906,700,functional,9606,2026-08-30T07:51:00.550986+00:00,STRING
hypertension-branch,AHR,CYP1A1,9606.ENSP00000242057,9606.ENSP00000378488,AHR,CYP1A1,0.973,700,functional,9606,2026-08-30T07:51:00.550986+00:00,STRING
hypertension-branch,AHR,ARNT,9606.ENSP00000242057,9606.ENSP00000351407,AHR,ARNT,0.999,700,functional,9606,2026-08-30T07:51:00.550986+00:00,STRING
hypertension-branch,TNFAIP6,IL1B,9606.ENSP00000243347,9606.ENSP00000263341,TNFAIP6,IL1B,0.752,700,functional,9606,2026-08-30T07:51:00.550986+00:00,STRING
hypertension-branch,TNFAIP6,CXCL8,9606.ENSP00000243347,9606.ENSP00000306512,TNFAIP6,CXCL8,0.933,700,functional,9606,2026-08-30T07:51:00.550986+00:00,STRING
hypertension-branch,TNFAIP6,PTX3,9606.ENSP00000243347,9606.ENSP00000295927,TNFAIP6,PTX3,0.975,700,functional,9606,2026-08-30T07:51:00.550986+00:00,STRING
hypertension-branch,MC3R,MC1R,9606.ENSP00000243911,9606.ENSP00000451605,MC3R,MC1R,0.735,700,functional,9606,2026-08-30T07:51:00.550986+00:00,STRING
hypertension-branch,PIN1,MAPT,9606.ENSP00000247970,9606.ENSP00000340820,PIN1,MAPT,0.716,700,functional,9606,2026-08-30T07:51:00.550986+00:00,STRING
hypertension-branch,PIN1,PLK1,9606.ENSP00000247970,9606.ENSP00000300093,PIN1,PLK1,0.821,700,functional,9606,2026-08-30T07:51:00.550986+00:00,STRING
hypertension-branch,PIN1,MYC,9606.ENSP00000247970,9606.ENSP00000478887,PIN1,MYC,0.881,700,functional,9606,2026-08-30T07:51:00.550986+00:00,STRING
hypertension-branch,PIN1,SFN,9606.ENSP00000247970,9606.ENSP00000340989,PIN1,SFN,0.909,700,functional,9606,2026-08-30T07:51:00.550986+00:00,STRING
hypertension-branch,PIN1,TP53,9606.ENSP00000247970,9606.ENSP00000269305,PIN1,TP53,0.946,700,functional,9606,2026-08-30T07:51:00.550986+00:00,STRING
hypertension-branch,GFER,CYCS,9606.ENSP00000248114,9606.ENSP00000307786,GFER,CYCS,0.781,700,functional,9606,2026-08-30T07:51:00.550986+00:00,STRING
hypertension-branch,GFER,QSOX1,9606.ENSP00000248114,9606.ENSP00000356574,GFER,QSOX1,0.869,700,functional,9606,2026-08-30T07:51:00.550986+00:00,STRING
hypertension-branch,HSPB1,MAPT,9606.ENSP00000248553,9606.ENSP00000340820,HSPB1,MAPT,0.707,700,functional,9606,2026-08-30T07:51:00.550986+00:00,STRING
hypertension-branch,HSPB1,ESR1,9606.ENSP00000248553,9606.ENSP00000405330,HSPB1,ESR1,0.737,700,functional,9606,2026-08-30T07:51:00.550986+00:00,STRING
hypertension-branch,HSPB1,CASP9,9606.ENSP00000248553,9606.ENSP00000330237,HSPB1,CASP9,0.742,700,functional,9606,2026-08-30T07:51:00.550986+00:00,STRING
hypertension-branch,HSPB1,APAF1,9606.ENSP00000248553,9606.ENSP00000448165,HSPB1,APAF1,0.775,700,functional,9606,2026-08-30T07:51:00.550986+00:00,STRING
hypertension-branch,HSPB1,EGFR,9606.ENSP00000248553,9606.ENSP00000275493,HSPB1,EGFR,0.794,700,functional,9606,2026-08-30T07:51:00.550986+00:00,STRING
hypertension-branch,HSPB1,HSPA5,9606.ENSP00000248553,9606.ENSP00000324173,HSPB1,HSPA5,0.801,700,functional,9606,2026-08-30T07:51:00.550986+00:00,STRING
hypertension-branch,HSPB1,PABPC1,9606.ENSP00000248553,9606.ENSP00000313007,HSPB1,PABPC1,0.842,700,functional,9606,2026-08-30T07:51:00.550986+00:00,STRING
hypertension-branch,HSPB1,HSPA9,9606.ENSP00000248553,9606.ENSP00000297185,HSPB1,HSPA9,0.845,700,functional,9606,2026-08-30T07:51:00.550986+00:00,STRING
hypertension-branch,HSPB1,SNCA,9606.ENSP00000248553,9606.ENSP00000500990,HSPB1,SNCA,0.853,700,functional,9606,2026-08-30T07:51:00.550986+00:00,STRING
hypertension-branch,HSPB1,CASP3,9606.ENSP00000248553,9606.ENSP00000311032,HSPB1,CASP3,0.867,700,functional,9606,2026-08-30T07:51:00.550986+00:00,STRING
hypertension-branch,HSPB1,HSPA1B,9606.ENSP00000248553,9606.ENSP00000364801,HSPB1,HSPA1B,0.939,700,functional,9606,2026-08-30T07:51:00.550986+00:00,STRING
hypertension-branch,HSPB1,TP53,9606.ENSP00000248553,9606.ENSP00000269305,HSPB1,TP53,0.955,700,functional,9606,2026-08-30T07:51:00.550986+00:00,STRING
hypertension-branch,HSPB1,HSPA1A,9606.ENSP00000248553,9606.ENSP00000364802,HSPB1,HSPA1A,0.977,700,functional,9606,2026-08-30T07:51:00.550986+00:00,STRING
hypertension-branch,HSPB1,AKT1,9606.ENSP00000248553,9606.ENSP00000451828,HSPB1,AKT1,0.991,700,functional,9606,2026-08-30T07:51:00.550986+00:00,STRING
hypertension-branch,HSPB1,CYCS,9606.ENSP00000248553,9606.ENSP00000307786,HSPB1,CYCS,0.993,700,functional,9606,2026-08-30T07:51:00.550986+00:00,STRING
hypertension-branch,GGT1,GSTM4,9606.ENSP00000248923,9606.ENSP00000358851,GGT1,GSTM4,0.711,700,functional,9606,2026-08-30T07:51:00.550986+00:00,STRING
hypertension-branch,GGT1,GSTM5,9606.ENSP00000248923,9606.ENSP00000256593,GGT1,GSTM5,0.712,700,functional,9606,2026-08-30T07:51:00.550986+00:00,STRING
hypertension-branch,GGT1,GSTM3,9606.ENSP00000248923,9606.ENSP00000354357,GGT1,GSTM3,0.718,700,functional,9606,2026-08-30T07:51:00.550986+00:00,STRING
hypertension-branch,GGT1,GSTO2,9606.ENSP00000248923,9606.ENSP00000345023,GGT1,GSTO2,0.728,700,functional,9606,2026-08-30T07:51:00.550986+00:00,STRING
hypertension-branch,GGT1,GSTM1,9606.ENSP00000248923,9606.ENSP00000311469,GGT1,GSTM1,0.754,700,functional,9606,2026-08-30T07:51:00.550986+00:00,STRING
hypertension-branch,GGT1,GSTP1,9606.ENSP00000248923,9606.ENSP00000381607,GGT1,GSTP1,0.781,700,functional,9606,2026-08-30T07:51:00.550986+00:00,STRING
hypertension-branch,GGT1,GPX3,9606.ENSP00000248923,9606.ENSP00000373477,GGT1,GPX3,0.82,700,functional,9606,2026-08-30T07:51:00.550986+00:00,STRING
hypertension-branch,GGT1,PRDX6,9606.ENSP00000248923,9606.ENSP00000342026,GGT1,PRDX6,0.909,700,functional,9606,2026-08-30T07:51:00.550986+00:00,STRING
hypertension-branch,GGT1,GPX4,9606.ENSP00000248923,9606.ENSP00000346103,GGT1,GPX4,0.924,700,functional,9606,2026-08-30T07:51:00.550986+00:00,STRING
hypertension-branch,GGT1,GCLC,9606.ENSP00000248923,9606.ENSP00000497574,GGT1,GCLC,0.944,700,functional,9606,2026-08-30T07:51:00.550986+00:00,STRING
hypertension-branch,GGT1,GSS,9606.ENSP00000248923,9606.ENSP00000495750,GGT1,GSS,0.96,700,functional,9606,2026-08-30T07:51:00.550986+00:00,STRING
hypertension-branch,ALOX12,PLA2G5,9606.ENSP00000251535,9606.ENSP00000364249,ALOX12,PLA2G5,0.701,700,functional,9606,2026-08-30T07:51:00.550986+00:00,STRING
hypertension-branch,ALOX12,CYP2B6,9606.ENSP00000251535,9606.ENSP00000324648,ALOX12,CYP2B6,0.906,700,functional,9606,2026-08-30T07:51:00.550986+00:00,STRING
hypertension-branch,ALOX12,ALOX15,9606.ENSP00000251535,9606.ENSP00000293761,ALOX12,ALOX15,0.906,700,functional,9606,2026-08-30T07:51:00.550986+00:00,STRING
hypertension-branch,ALOX12,CYP2C8,9606.ENSP00000251535,9606.ENSP00000360317,ALOX12,CYP2C8,0.91,700,functional,9606,2026-08-30T07:51:00.550986+00:00,STRING
hypertension-branch,ALOX12,CYP2C19,9606.ENSP00000251535,9606.ENSP00000360372,ALOX12,CYP2C19,0.915,700,functional,9606,2026-08-30T07:51:00.550986+00:00,STRING
hypertension-branch,ALOX12,CYP2C9,9606.ENSP00000251535,9606.ENSP00000260682,ALOX12,CYP2C9,0.919,700,functional,9606,2026-08-30T07:51:00.550986+00:00,STRING
hypertension-branch,ALOX12,CYP2E1,9606.ENSP00000251535,9606.ENSP00000440689,ALOX12,CYP2E1,0.922,700,functional,9606,2026-08-30T07:51:00.550986+00:00,STRING
hypertension-branch,TSG101,TP53,9606.ENSP00000251968,9606.ENSP00000269305,TSG101,TP53,0.701,700,functional,9606,2026-08-30T07:51:00.550986+00:00,STRING
hypertension-branch,TSG101,EGFR,9606.ENSP00000251968,9606.ENSP00000275493,TSG101,EGFR,0.756,700,functional,9606,2026-08-30T07:51:00.550986+00:00,STRING
hypertension-branch,TSG101,ACTB,9606.ENSP00000251968,9606.ENSP00000494750,TSG101,ACTB,0.757,700,functional,9606,2026-08-30T07:51:00.550986+00:00,STRING
hypertension-branch,TSG101,RPS27A,9606.ENSP00000251968,9606.ENSP00000272317,TSG101,RPS27A,0.996,700,functional,9606,2026-08-30T07:51:00.550986+00:00,STRING
hypertension-branch,GDF15,TP53,9606.ENSP00000252809,9606.ENSP00000269305,GDF15,TP53,0.762,700,functional,9606,2026-08-30T07:51:00.550986+00:00,STRING
hypertension-branch,RARA,ABL1,9606.ENSP00000254066,9606.ENSP00000361423,RARA,ABL1,0.719,700,functional,9606,2026-08-30T07:51:00.550986+00:00,STRING
hypertension-branch,RARA,JUN,9606.ENSP00000254066,9606.ENSP00000360266,RARA,JUN,0.759,700,functional,9606,2026-08-30T07:51:00.550986+00:00,STRING
hypertension-branch,RARA,DNMT1,9606.ENSP00000254066,9606.ENSP00000352516,RARA,DNMT1,0.764,700,functional,9606,2026-08-30T07:51:00.550986+00:00,STRING
hypertension-branch,RARA,AKT1,9606.ENSP00000254066,9606.ENSP00000451828,RARA,AKT1,0.765,700,functional,9606,2026-08-30T07:51:00.550986+00:00,STRING
hypertension-branch,RARA,PPARG,9606.ENSP00000254066,9606.ENSP00000287820,RARA,PPARG,0.848,700,functional,9606,2026-08-30T07:51:00.550986+00:00,STRING
hypertension-branch,RARA,FOS,9606.ENSP00000254066,9606.ENSP00000306245,RARA,FOS,0.868,700,functional,9606,2026-08-30T07:51:00.550986+00:00,STRING
hypertension-branch,RARA,NCOA3,9606.ENSP00000254066,9606.ENSP00000361066,RARA,NCOA3,0.948,700,functional,9606,2026-08-30T07:51:00.550986+00:00,STRING
hypertension-branch,RARA,NCOA1,9606.ENSP00000254066,9606.ENSP00000385216,RARA,NCOA1,0.996,700,functional,9606,2026-08-30T07:51:00.550986+00:00,STRING
hypertension-branch,RARA,RXRA,9606.ENSP00000254066,9606.ENSP00000419692,RARA,RXRA,0.999,700,functional,9606,2026-08-30T07:51:00.550986+00:00,STRING
hypertension-branch,FUS,HTT,9606.ENSP00000254108,9606.ENSP00000347184,FUS,HTT,0.782,700,functional,9606,2026-08-30T07:51:00.550986+00:00,STRING
hypertension-branch,FUS,VCP,9606.ENSP00000254108,9606.ENSP00000351777,FUS,VCP,0.832,700,functional,9606,2026-08-30T07:51:00.550986+00:00,STRING
hypertension-branch,FUS,PABPC1,9606.ENSP00000254108,9606.ENSP00000313007,FUS,PABPC1,0.86,700,functional,9606,2026-08-30T07:51:00.550986+00:00,STRING
hypertension-branch,FUS,MAPT,9606.ENSP00000254108,9606.ENSP00000340820,FUS,MAPT,0.918,700,functional,9606,2026-08-30T07:51:00.550986+00:00,STRING
hypertension-branch,FUS,ATXN2,9606.ENSP00000254108,9606.ENSP00000446576,FUS,ATXN2,0.924,700,functional,9606,2026-08-30T07:51:00.550986+00:00,STRING
hypertension-branch,FUS,PRMT1,9606.ENSP00000254108,9606.ENSP00000406162,FUS,PRMT1,0.961,700,functional,9606,2026-08-30T07:51:00.550986+00:00,STRING
hypertension-branch,CHI3L1,IL1B,9606.ENSP00000255409,9606.ENSP00000263341,CHI3L1,IL1B,0.713,700,functional,9606,2026-08-30T07:51:00.550986+00:00,STRING
hypertension-branch,RRAS2,RAPGEF3,9606.ENSP00000256196,9606.ENSP00000395708,RRAS2,RAPGEF3,0.911,700,functional,9606,2026-08-30T07:51:00.550986+00:00,STRING
hypertension-branch,RRAS2,RAPGEF4,9606.ENSP00000256196,9606.ENSP00000380271,RRAS2,RAPGEF4,0.927,700,functional,9606,2026-08-30T07:51:00.550986+00:00,STRING
hypertension-branch,RRAS2,RAF1,9606.ENSP00000256196,9606.ENSP00000401888,RRAS2,RAF1,0.985,700,functional,9606,2026-08-30T07:51:00.550986+00:00,STRING
hypertension-branch,MBD2,DNMT1,9606.ENSP00000256429,9606.ENSP00000352516,MBD2,DNMT1,0.983,700,functional,9606,2026-08-30T07:51:00.550986+00:00,STRING
hypertension-branch,GSTM5,CYP2B6,9606.ENSP00000256593,9606.ENSP00000324648,GSTM5,CYP2B6,0.701,700,functional,9606,2026-08-30T07:51:00.550986+00:00,STRING
hypertension-branch,GSTM5,CYP2C19,9606.ENSP00000256593,9606.ENSP00000360372,GSTM5,CYP2C19,0.707,700,functional,9606,2026-08-30T07:51:00.550986+00:00,STRING
hypertension-branch,GSTM5,GSTP1,9606.ENSP00000256593,9606.ENSP00000381607,GSTM5,GSTP1,0.763,700,functional,9606,2026-08-30T07:51:00.550986+00:00,STRING
hypertension-branch,GSTM5,GPX3,9606.ENSP00000256593,9606.ENSP00000373477,GSTM5,GPX3,0.766,700,functional,9606,2026-08-30T07:51:00.550986+00:00,STRING
hypertension-branch,GSTM5,GSTO2,9606.ENSP00000256593,9606.ENSP00000345023,GSTM5,GSTO2,0.832,700,functional,9606,2026-08-30T07:51:00.550986+00:00,STRING
hypertension-branch,GSTM5,GSTM1,9606.ENSP00000256593,9606.ENSP00000311469,GSTM5,GSTM1,0.87,700,functional,9606,2026-08-30T07:51:00.550986+00:00,STRING
hypertension-branch,GSTM5,CYP2A6,9606.ENSP00000256593,9606.ENSP00000301141,GSTM5,CYP2A6,0.906,700,functional,9606,2026-08-30T07:51:00.550986+00:00,STRING
hypertension-branch,GSTM5,CYP2C9,9606.ENSP00000256593,9606.ENSP00000260682,GSTM5,CYP2C9,0.908,700,functional,9606,2026-08-30T07:51:00.550986+00:00,STRING
hypertension-branch,GSTM5,CYP3A4,9606.ENSP00000256593,9606.ENSP00000498939,GSTM5,CYP3A4,0.917,700,functional,9606,2026-08-30T07:51:00.550986+00:00,STRING
hypertension-branch,GSTM5,CYP1A2,9606.ENSP00000256593,9606.ENSP00000342007,GSTM5,CYP1A2,0.917,700,functional,9606,2026-08-30T07:51:00.550986+00:00,STRING
hypertension-branch,GSTM5,GSS,9606.ENSP00000256593,9606.ENSP00000495750,GSTM5,GSS,0.918,700,functional,9606,2026-08-30T07:51:00.550986+00:00,STRING
hypertension-branch,GSTM5,CYP1A1,9606.ENSP00000256593,9606.ENSP00000378488,GSTM5,CYP1A1,0.92,700,functional,9606,2026-08-30T07:51:00.550986+00:00,STRING
hypertension-branch,GSTM5,CYP1B1,9606.ENSP00000256593,9606.ENSP00000478561,GSTM5,CYP1B1,0.92,700,functional,9606,2026-08-30T07:51:00.550986+00:00,STRING
hypertension-branch,GSTM5,CYP2E1,9606.ENSP00000256593,9606.ENSP00000440689,GSTM5,CYP2E1,0.921,700,functional,9606,2026-08-30T07:51:00.550986+00:00,STRING
hypertension-branch,GSTM5,PRDX6,9606.ENSP00000256593,9606.ENSP00000342026,GSTM5,PRDX6,0.928,700,functional,9606,2026-08-30T07:51:00.550986+00:00,STRING
hypertension-branch,GSTM5,EPHX1,9606.ENSP00000256593,9606.ENSP00000480004,GSTM5,EPHX1,0.93,700,functional,9606,2026-08-30T07:51:00.550986+00:00,STRING
hypertension-branch,GSTM5,GPX4,9606.ENSP00000256593,9606.ENSP00000346103,GSTM5,GPX4,0.94,700,functional,9606,2026-08-30T07:51:00.550986+00:00,STRING
hypertension-branch,GSTM5,GSTM4,9606.ENSP00000256593,9606.ENSP00000358851,GSTM5,GSTM4,0.954,700,functional,9606,2026-08-30T07:51:00.550986+00:00,STRING
hypertension-branch,GSTM5,GSTM3,9606.ENSP00000256593,9606.ENSP00000354357,GSTM5,GSTM3,0.957,700,functional,9606,2026-08-30T07:51:00.550986+00:00,STRING
hypertension-branch,MDM2,HDAC6,9606.ENSP00000258149,9606.ENSP00000365804,MDM2,HDAC6,0.701,700,functional,9606,2026-08-30T07:51:00.550986+00:00,STRING
hypertension-branch,MDM2,FOS,9606.ENSP00000258149,9606.ENSP00000306245,MDM2,FOS,0.722,700,functional,9606,2026-08-30T07:51:00.550986+00:00,STRING
hypertension-branch,MDM2,PKM,9606.ENSP00000258149,9606.ENSP00000320171,MDM2,PKM,0.722,700,functional,9606,2026-08-30T07:51:00.550986+00:00,STRING
hypertension-branch,MDM2,UCHL1,9606.ENSP00000258149,9606.ENSP00000284440,MDM2,UCHL1,0.734,700,functional,9606,2026-08-30T07:51:00.550986+00:00,STRING
hypertension-branch,MDM2,MCL1,9606.ENSP00000258149,9606.ENSP00000358022,MDM2,MCL1,0.75,700,functional,9606,2026-08-30T07:51:00.550986+00:00,STRING
hypertension-branch,MDM2,PLK1,9606.ENSP00000258149,9606.ENSP00000300093,MDM2,PLK1,0.772,700,functional,9606,2026-08-30T07:51:00.550986+00:00,STRING
hypertension-branch,MDM2,BRCA1,9606.ENSP00000258149,9606.ENSP00000418960,MDM2,BRCA1,0.794,700,functional,9606,2026-08-30T07:51:00.550986+00:00,STRING
hypertension-branch,MDM2,BCL2L1,9606.ENSP00000258149,9606.ENSP00000365230,MDM2,BCL2L1,0.794,700,functional,9606,2026-08-30T07:51:00.550986+00:00,STRING
hypertension-branch,MDM2,GRK2,9606.ENSP00000258149,9606.ENSP00000312262,MDM2,GRK2,0.802,700,functional,9606,2026-08-30T07:51:00.550986+00:00,STRING
hypertension-branch,MDM2,JUN,9606.ENSP00000258149,9606.ENSP00000360266,MDM2,JUN,0.803,700,functional,9606,2026-08-30T07:51:00.550986+00:00,STRING
hypertension-branch,MDM2,MYC,9606.ENSP00000258149,9606.ENSP00000478887,MDM2,MYC,0.813,700,functional,9606,2026-08-30T07:51:00.550986+00:00,STRING
hypertension-branch,MDM2,CDK1,9606.ENSP00000258149,9606.ENSP00000378699,MDM2,CDK1,0.829,700,functional,9606,2026-08-30T07:51:00.550986+00:00,STRING
hypertension-branch,MDM2,SGK1,9606.ENSP00000258149,9606.ENSP00000356832,MDM2,SGK1,0.833,700,functional,9606,2026-08-30T07:51:00.550986+00:00,STRING
hypertension-branch,MDM2,CCNA2,9606.ENSP00000258149,9606.ENSP00000481380,MDM2,CCNA2,0.837,700,functional,9606,2026-08-30T07:51:00.550986+00:00,STRING
hypertension-branch,MDM2,USP2,9606.ENSP00000258149,9606.ENSP00000260187,MDM2,USP2,0.848,700,functional,9606,2026-08-30T07:51:00.550986+00:00,STRING
hypertension-branch,MDM2,CDK2,9606.ENSP00000258149,9606.ENSP00000266970,MDM2,CDK2,0.849,700,functional,9606,2026-08-30T07:51:00.550986+00:00,STRING
hypertension-branch,MDM2,SUMO1,9606.ENSP00000258149,9606.ENSP00000376077,MDM2,SUMO1,0.858,700,functional,9606,2026-08-30T07:51:00.550986+00:00,STRING
hypertension-branch,MDM2,CASP9,9606.ENSP00000258149,9606.ENSP00000330237,MDM2,CASP9,0.869,700,functional,9606,2026-08-30T07:51:00.550986+00:00,STRING
hypertension-branch,MDM2,ABL1,9606.ENSP00000258149,9606.ENSP00000361423,MDM2,ABL1,0.896,700,functional,9606,2026-08-30T07:51:00.550986+00:00,STRING
hypertension-branch,MDM2,EGFR,9606.ENSP00000258149,9606.ENSP00000275493,MDM2,EGFR,0.897,700,functional,9606,2026-08-30T07:51:00.550986+00:00,STRING
hypertension-branch,MDM2,ATF3,9606.ENSP00000258149,9606.ENSP00000344352,MDM2,ATF3,0.942,700,functional,9606,2026-08-30T07:51:00.550986+00:00,STRING
hypertension-branch,MDM2,ESR1,9606.ENSP00000258149,9606.ENSP00000405330,MDM2,ESR1,0.946,700,functional,9606,2026-08-30T07:51:00.550986+00:00,STRING
hypertension-branch,MDM2,BCL2,9606.ENSP00000258149,9606.ENSP00000381185,MDM2,BCL2,0.953,700,functional,9606,2026-08-30T07:51:00.550986+00:00,STRING
hypertension-branch,MDM2,CASP3,9606.ENSP00000258149,9606.ENSP00000311032,MDM2,CASP3,0.966,700,functional,9606,2026-08-30T07:51:00.550986+00:00,STRING
hypertension-branch,MDM2,CDKN1A,9606.ENSP00000258149,9606.ENSP00000384849,MDM2,CDKN1A,0.98,700,functional,9606,2026-08-30T07:51:00.550986+00:00,STRING
hypertension-branch,MDM2,HIF1A,9606.ENSP00000258149,9606.ENSP00000437955,MDM2,HIF1A,0.988,700,functional,9606,2026-08-30T07:51:00.550986+00:00,STRING
hypertension-branch,MDM2,SFN,9606.ENSP00000258149,9606.ENSP00000340989,MDM2,SFN,0.989,700,functional,9606,2026-08-30T07:51:00.550986+00:00,STRING
hypertension-branch,MDM2,ARRB1,9606.ENSP00000258149,9606.ENSP00000409581,MDM2,ARRB1,0.99,700,functional,9606,2026-08-30T07:51:00.550986+00:00,STRING
hypertension-branch,MDM2,RPS27A,9606.ENSP00000258149,9606.ENSP00000272317,MDM2,RPS27A,0.994,700,functional,9606,2026-08-30T07:51:00.550986+00:00,STRING
hypertension-branch,MDM2,ATM,9606.ENSP00000258149,9606.ENSP00000278616,MDM2,ATM,0.995,700,functional,9606,2026-08-30T07:51:00.550986+00:00,STRING
hypertension-branch,MDM2,AR,9606.ENSP00000258149,9606.ENSP00000363822,MDM2,AR,0.998,700,functional,9606,2026-08-30T07:51:00.550986+00:00,STRING
hypertension-branch,MDM2,AKT1,9606.ENSP00000258149,9606.ENSP00000451828,MDM2,AKT1,0.999,700,functional,9606,2026-08-30T07:51:00.550986+00:00,STRING
hypertension-branch,MDM2,MDM4,9606.ENSP00000258149,9606.ENSP00000356150,MDM2,MDM4,0.999,700,functional,9606,2026-08-30T07:51:00.550986+00:00,STRING
hypertension-branch,MDM2,TP53,9606.ENSP00000258149,9606.ENSP00000269305,MDM2,TP53,0.999,700,functional,9606,2026-08-30T07:51:00.550986+00:00,STRING
hypertension-branch,ORM1,CYP3A4,9606.ENSP00000259396,9606.ENSP00000498939,ORM1,CYP3A4,0.745,700,functional,9606,2026-08-30T07:51:00.550986+00:00,STRING
hypertension-branch,ORM1,A2M,9606.ENSP00000259396,9606.ENSP00000323929,ORM1,A2M,0.809,700,functional,9606,2026-08-30T07:51:00.550986+00:00,STRING
hypertension-branch,ORM1,CLU,9606.ENSP00000259396,9606.ENSP00000315130,ORM1,CLU,0.854,700,functional,9606,2026-08-30T07:51:00.550986+00:00,STRING
hypertension-branch,ORM1,AHSG,9606.ENSP00000259396,9606.ENSP00000273784,ORM1,AHSG,0.926,700,functional,9606,2026-08-30T07:51:00.550986+00:00,STRING
hypertension-branch,ORM1,SERPINA1,9606.ENSP00000259396,9606.ENSP00000416066,ORM1,SERPINA1,0.979,700,functional,9606,2026-08-30T07:51:00.550986+00:00,STRING
hypertension-branch,ORM1,ALB,9606.ENSP00000259396,9606.ENSP00000295897,ORM1,ALB,0.998,700,functional,9606,2026-08-30T07:51:00.550986+00:00,STRING
hypertension-branch,IER3,MCL1,9606.ENSP00000259874,9606.ENSP00000358022,IER3,MCL1,0.76,700,functional,9606,2026-08-30T07:51:00.550986+00:00,STRING
hypertension-branch,USP2,FASN,9606.ENSP00000260187,9606.ENSP00000304592,USP2,FASN,0.746,700,functional,9606,2026-08-30T07:51:00.550986+00:00,STRING
hypertension-branch,USP2,MDM4,9606.ENSP00000260187,9606.ENSP00000356150,USP2,MDM4,0.819,700,functional,9606,2026-08-30T07:51:00.550986+00:00,STRING
hypertension-branch,USP2,RPS27A,9606.ENSP00000260187,9606.ENSP00000272317,USP2,RPS27A,0.971,700,functional,9606,2026-08-30T07:51:00.550986+00:00,STRING
hypertension-branch,ADAM10,BAX,9606.ENSP00000260408,9606.ENSP00000293288,ADAM10,BAX,0.736,700,functional,9606,2026-08-30T07:51:00.550986+00:00,STRING
hypertension-branch,ADAM10,BCL2,9606.ENSP00000260408,9606.ENSP00000381185,ADAM10,BCL2,0.802,700,functional,9606,2026-08-30T07:51:00.550986+00:00,STRING
hypertension-branch,ADAM10,APP,9606.ENSP00000260408,9606.ENSP00000284981,ADAM10,APP,0.95,700,functional,9606,2026-08-30T07:51:00.550986+00:00,STRING
hypertension-branch,ADAM10,ADAM17,9606.ENSP00000260408,9606.ENSP00000309968,ADAM10,ADAM17,0.958,700,functional,9606,2026-08-30T07:51:00.550986+00:00,STRING
hypertension-branch,CYP2C9,ABCB1,9606.ENSP00000260682,9606.ENSP00000478255,CYP2C9,ABCB1,0.742,700,functional,9606,2026-08-30T07:51:00.550986+00:00,STRING
hypertension-branch,CYP2C9,SULT1A1,9606.ENSP00000260682,9606.ENSP00000378972,CYP2C9,SULT1A1,0.746,700,functional,9606,2026-08-30T07:51:00.550986+00:00,STRING
hypertension-branch,CYP2C9,CYP2D6,9606.ENSP00000260682,9606.ENSP00000496150,CYP2C9,CYP2D6,0.781,700,functional,9606,2026-08-30T07:51:00.550986+00:00,STRING
hypertension-branch,CYP2C9,POR,9606.ENSP00000260682,9606.ENSP00000419970,CYP2C9,POR,0.818,700,functional,9606,2026-08-30T07:51:00.550986+00:00,STRING
hypertension-branch,CYP2C9,NR1I2,9606.ENSP00000260682,9606.ENSP00000336528,CYP2C9,NR1I2,0.85,700,functional,9606,2026-08-30T07:51:00.550986+00:00,STRING
hypertension-branch,CYP2C9,GSTM4,9606.ENSP00000260682,9606.ENSP00000358851,CYP2C9,GSTM4,0.908,700,functional,9606,2026-08-30T07:51:00.550986+00:00,STRING
hypertension-branch,CYP2C9,GSTO2,9606.ENSP00000260682,9606.ENSP00000345023,CYP2C9,GSTO2,0.912,700,functional,9606,2026-08-30T07:51:00.550986+00:00,STRING
hypertension-branch,CYP2C9,UGT1A9,9606.ENSP00000260682,9606.ENSP00000346768,CYP2C9,UGT1A9,0.913,700,functional,9606,2026-08-30T07:51:00.550986+00:00,STRING
hypertension-branch,CYP2C9,ALOX15,9606.ENSP00000260682,9606.ENSP00000293761,CYP2C9,ALOX15,0.921,700,functional,9606,2026-08-30T07:51:00.550986+00:00,STRING
hypertension-branch,CYP2C9,CYP2B6,9606.ENSP00000260682,9606.ENSP00000324648,CYP2C9,CYP2B6,0.921,700,functional,9606,2026-08-30T07:51:00.550986+00:00,STRING
hypertension-branch,CYP2C9,CYP2C8,9606.ENSP00000260682,9606.ENSP00000360317,CYP2C9,CYP2C8,0.928,700,functional,9606,2026-08-30T07:51:00.550986+00:00,STRING
hypertension-branch,CYP2C9,ALDH1A1,9606.ENSP00000260682,9606.ENSP00000297785,CYP2C9,ALDH1A1,0.928,700,functional,9606,2026-08-30T07:51:00.550986+00:00,STRING
hypertension-branch,CYP2C9,UGT1A7,9606.ENSP00000260682,9606.ENSP00000362525,CYP2C9,UGT1A7,0.928,700,functional,9606,2026-08-30T07:51:00.550986+00:00,STRING
hypertension-branch,CYP2C9,GSTM3,9606.ENSP00000260682,9606.ENSP00000354357,CYP2C9,GSTM3,0.931,700,functional,9606,2026-08-30T07:51:00.550986+00:00,STRING
hypertension-branch,CYP2C9,UGT1A1,9606.ENSP00000260682,9606.ENSP00000304845,CYP2C9,UGT1A1,0.932,700,functional,9606,2026-08-30T07:51:00.550986+00:00,STRING
hypertension-branch,CYP2C9,CYP2E1,9606.ENSP00000260682,9606.ENSP00000440689,CYP2C9,CYP2E1,0.936,700,functional,9606,2026-08-30T07:51:00.550986+00:00,STRING
hypertension-branch,CYP2C9,UGT1A4,9606.ENSP00000260682,9606.ENSP00000362508,CYP2C9,UGT1A4,0.937,700,functional,9606,2026-08-30T07:51:00.550986+00:00,STRING
hypertension-branch,CYP2C9,CYP2A6,9606.ENSP00000260682,9606.ENSP00000301141,CYP2C9,CYP2A6,0.946,700,functional,9606,2026-08-30T07:51:00.550986+00:00,STRING
hypertension-branch,CYP2C9,CYP1A2,9606.ENSP00000260682,9606.ENSP00000342007,CYP2C9,CYP1A2,0.947,700,functional,9606,2026-08-30T07:51:00.550986+00:00,STRING
hypertension-branch,CYP2C9,FMO3,9606.ENSP00000260682,9606.ENSP00000356729,CYP2C9,FMO3,0.948,700,functional,9606,2026-08-30T07:51:00.550986+00:00,STRING
hypertension-branch,CYP2C9,GSTM1,9606.ENSP00000260682,9606.ENSP00000311469,CYP2C9,GSTM1,0.951,700,functional,9606,2026-08-30T07:51:00.550986+00:00,STRING
hypertension-branch,CYP2C9,GSTP1,9606.ENSP00000260682,9606.ENSP00000381607,CYP2C9,GSTP1,0.951,700,functional,9606,2026-08-30T07:51:00.550986+00:00,STRING
hypertension-branch,CYP2C9,EPHX1,9606.ENSP00000260682,9606.ENSP00000480004,CYP2C9,EPHX1,0.963,700,functional,9606,2026-08-30T07:51:00.550986+00:00,STRING
hypertension-branch,CYP2C9,CYP1A1,9606.ENSP00000260682,9606.ENSP00000378488,CYP2C9,CYP1A1,0.964,700,functional,9606,2026-08-30T07:51:00.550986+00:00,STRING
hypertension-branch,CYP2C9,EPHX2,9606.ENSP00000260682,9606.ENSP00000430269,CYP2C9,EPHX2,0.967,700,functional,9606,2026-08-30T07:51:00.550986+00:00,STRING
hypertension-branch,CYP2C9,CYP3A7,9606.ENSP00000260682,9606.ENSP00000337450,CYP2C9,CYP3A7,0.971,700,functional,9606,2026-08-30T07:51:00.550986+00:00,STRING
hypertension-branch,CYP2C9,CYP3A4,9606.ENSP00000260682,9606.ENSP00000498939,CYP2C9,CYP3A4,0.98,700,functional,9606,2026-08-30T07:51:00.550986+00:00,STRING
hypertension-branch,CYP2C9,CYP2C19,9606.ENSP00000260682,9606.ENSP00000360372,CYP2C9,CYP2C19,0.988,700,functional,9606,2026-08-30T07:51:00.550986+00:00,STRING
hypertension-branch,ALDH2,EPHX2,9606.ENSP00000261733,9606.ENSP00000430269,ALDH2,EPHX2,0.827,700,functional,9606,2026-08-30T07:51:00.550986+00:00,STRING
hypertension-branch,ALDH2,CYP2E1,9606.ENSP00000261733,9606.ENSP00000440689,ALDH2,CYP2E1,0.857,700,functional,9606,2026-08-30T07:51:00.550986+00:00,STRING
hypertension-branch,ARG2,ARG1,9606.ENSP00000261783,9606.ENSP00000349446,ARG2,ARG1,0.933,700,functional,9606,2026-08-30T07:51:00.550986+00:00,STRING
hypertension-branch,ARG2,NOS3,9606.ENSP00000261783,9606.ENSP00000297494,ARG2,NOS3,0.966,700,functional,9606,2026-08-30T07:51:00.550986+00:00,STRING
hypertension-branch,SMAD2,COL1A2,9606.ENSP00000262160,9606.ENSP00000297268,SMAD2,COL1A2,0.703,700,functional,9606,2026-08-30T07:51:00.550986+00:00,STRING
hypertension-branch,SMAD2,PPARG,9606.ENSP00000262160,9606.ENSP00000287820,SMAD2,PPARG,0.707,700,functional,9606,2026-08-30T07:51:00.550986+00:00,STRING
hypertension-branch,SMAD2,NCOA3,9606.ENSP00000262160,9606.ENSP00000361066,SMAD2,NCOA3,0.709,700,functional,9606,2026-08-30T07:51:00.550986+00:00,STRING
hypertension-branch,SMAD2,ACTB,9606.ENSP00000262160,9606.ENSP00000494750,SMAD2,ACTB,0.713,700,functional,9606,2026-08-30T07:51:00.550986+00:00,STRING
hypertension-branch,SMAD2,IGF1,9606.ENSP00000262160,9606.ENSP00000376637,SMAD2,IGF1,0.716,700,functional,9606,2026-08-30T07:51:00.550986+00:00,STRING
hypertension-branch,SMAD2,EGFR,9606.ENSP00000262160,9606.ENSP00000275493,SMAD2,EGFR,0.736,700,functional,9606,2026-08-30T07:51:00.550986+00:00,STRING
hypertension-branch,SMAD2,SOX2,9606.ENSP00000262160,9606.ENSP00000323588,SMAD2,SOX2,0.756,700,functional,9606,2026-08-30T07:51:00.550986+00:00,STRING
hypertension-branch,SMAD2,MEN1,9606.ENSP00000262160,9606.ENSP00000337088,SMAD2,MEN1,0.768,700,functional,9606,2026-08-30T07:51:00.550986+00:00,STRING
hypertension-branch,SMAD2,EPAS1,9606.ENSP00000262160,9606.ENSP00000263734,SMAD2,EPAS1,0.787,700,functional,9606,2026-08-30T07:51:00.550986+00:00,STRING
hypertension-branch,SMAD2,ESR1,9606.ENSP00000262160,9606.ENSP00000405330,SMAD2,ESR1,0.83,700,functional,9606,2026-08-30T07:51:00.550986+00:00,STRING
hypertension-branch,SMAD2,AKT1,9606.ENSP00000262160,9606.ENSP00000451828,SMAD2,AKT1,0.918,700,functional,9606,2026-08-30T07:51:00.550986+00:00,STRING
hypertension-branch,SMAD2,JUN,9606.ENSP00000262160,9606.ENSP00000360266,SMAD2,JUN,0.925,700,functional,9606,2026-08-30T07:51:00.550986+00:00,STRING
hypertension-branch,SMAD2,YAP1,9606.ENSP00000262160,9606.ENSP00000478927,SMAD2,YAP1,0.979,700,functional,9606,2026-08-30T07:51:00.550986+00:00,STRING
hypertension-branch,SMAD2,MYC,9606.ENSP00000262160,9606.ENSP00000478887,SMAD2,MYC,0.982,700,functional,9606,2026-08-30T07:51:00.550986+00:00,STRING
hypertension-branch,SMAD2,TP53,9606.ENSP00000262160,9606.ENSP00000269305,SMAD2,TP53,0.993,700,functional,9606,2026-08-30T07:51:00.550986+00:00,STRING
hypertension-branch,SMAD2,SMAD3,9606.ENSP00000262160,9606.ENSP00000332973,SMAD2,SMAD3,0.999,700,functional,9606,2026-08-30T07:51:00.550986+00:00,STRING
hypertension-branch,KCNH2,CYP3A4,9606.ENSP00000262186,9606.ENSP00000498939,KCNH2,CYP3A4,0.73,700,functional,9606,2026-08-30T07:51:00.550986+00:00,STRING
hypertension-branch,TRPA1,MCOLN1,9606.ENSP00000262209,9606.ENSP00000264079,TRPA1,MCOLN1,0.714,700,functional,9606,2026-08-30T07:51:00.550986+00:00,STRING
hypertension-branch,TRPA1,NGF,9606.ENSP00000262209,9606.ENSP00000358525,TRPA1,NGF,0.916,700,functional,9606,2026-08-30T07:51:00.550986+00:00,STRING
hypertension-branch,TRPA1,TRPV1,9606.ENSP00000262209,9606.ENSP00000459962,TRPA1,TRPV1,0.991,700,functional,9606,2026-08-30T07:51:00.550986+00:00,STRING
hypertension-branch,ITGA2B,ALB,9606.ENSP00000262407,9606.ENSP00000295897,ITGA2B,ALB,0.701,700,functional,9606,2026-08-30T07:51:00.550986+00:00,STRING
hypertension-branch,ITGA2B,F3,9606.ENSP00000262407,9606.ENSP00000334145,ITGA2B,F3,0.718,700,functional,9606,2026-08-30T07:51:00.550986+00:00,STRING
hypertension-branch,ITGA2B,PF4,9606.ENSP00000262407,9606.ENSP00000296029,ITGA2B,PF4,0.789,700,functional,9606,2026-08-30T07:51:00.550986+00:00,STRING
hypertension-branch,ITGA2B,ACTB,9606.ENSP00000262407,9606.ENSP00000494750,ITGA2B,ACTB,0.937,700,functional,9606,2026-08-30T07:51:00.550986+00:00,STRING
hypertension-branch,SYP,EGFR,9606.ENSP00000263233,9606.ENSP00000275493,SYP,EGFR,0.709,700,functional,9606,2026-08-30T07:51:00.550986+00:00,STRING
hypertension-branch,SYP,MAPT,9606.ENSP00000263233,9606.ENSP00000340820,SYP,MAPT,0.855,700,functional,9606,2026-08-30T07:51:00.550986+00:00,STRING
hypertension-branch,SYP,APP,9606.ENSP00000263233,9606.ENSP00000284981,SYP,APP,0.918,700,functional,9606,2026-08-30T07:51:00.550986+00:00,STRING
hypertension-branch,IL1B,SAA2,9606.ENSP00000263341,9606.ENSP00000436126,IL1B,SAA2,0.701,700,functional,9606,2026-08-30T07:51:00.550986+00:00,STRING
hypertension-branch,IL1B,FGF7,9606.ENSP00000263341,9606.ENSP00000267843,IL1B,FGF7,0.708,700,functional,9606,2026-08-30T07:51:00.550986+00:00,STRING
hypertension-branch,IL1B,ATF3,9606.ENSP00000263341,9606.ENSP00000344352,IL1B,ATF3,0.709,700,functional,9606,2026-08-30T07:51:00.550986+00:00,STRING
hypertension-branch,IL1B,PPARA,9606.ENSP00000263341,9606.ENSP00000385523,IL1B,PPARA,0.711,700,functional,9606,2026-08-30T07:51:00.550986+00:00,STRING
hypertension-branch,IL1B,RORC,9606.ENSP00000263341,9606.ENSP00000327025,IL1B,RORC,0.713,700,functional,9606,2026-08-30T07:51:00.550986+00:00,STRING
hypertension-branch,IL1B,ANXA5,9606.ENSP00000263341,9606.ENSP00000296511,IL1B,ANXA5,0.716,700,functional,9606,2026-08-30T07:51:00.550986+00:00,STRING
hypertension-branch,IL1B,CCL7,9606.ENSP00000263341,9606.ENSP00000367832,IL1B,CCL7,0.717,700,functional,9606,2026-08-30T07:51:00.550986+00:00,STRING
hypertension-branch,IL1B,TP53,9606.ENSP00000263341,9606.ENSP00000269305,IL1B,TP53,0.718,700,functional,9606,2026-08-30T07:51:00.550986+00:00,STRING
hypertension-branch,IL1B,F3,9606.ENSP00000263341,9606.ENSP00000334145,IL1B,F3,0.719,700,functional,9606,2026-08-30T07:51:00.550986+00:00,STRING
hypertension-branch,IL1B,NGF,9606.ENSP00000263341,9606.ENSP00000358525,IL1B,NGF,0.728,700,functional,9606,2026-08-30T07:51:00.550986+00:00,STRING
hypertension-branch,IL1B,HSPA5,9606.ENSP00000263341,9606.ENSP00000324173,IL1B,HSPA5,0.731,700,functional,9606,2026-08-30T07:51:00.550986+00:00,STRING
hypertension-branch,IL1B,CCR6,9606.ENSP00000263341,9606.ENSP00000343952,IL1B,CCR6,0.741,700,functional,9606,2026-08-30T07:51:00.550986+00:00,STRING
hypertension-branch,IL1B,GPX3,9606.ENSP00000263341,9606.ENSP00000373477,IL1B,GPX3,0.742,700,functional,9606,2026-08-30T07:51:00.550986+00:00,STRING
hypertension-branch,IL1B,ACKR5,9606.ENSP00000263341,9606.ENSP00000349967,IL1B,CCRL2,0.744,700,functional,9606,2026-08-30T07:51:00.550986+00:00,STRING
hypertension-branch,IL1B,NFE2L2,9606.ENSP00000263341,9606.ENSP00000380252,IL1B,NFE2L2,0.749,700,functional,9606,2026-08-30T07:51:00.550986+00:00,STRING
hypertension-branch,IL1B,IL11,9606.ENSP00000263341,9606.ENSP00000264563,IL1B,IL11,0.752,700,functional,9606,2026-08-30T07:51:00.550986+00:00,STRING
hypertension-branch,IL1B,BCL2L1,9606.ENSP00000263341,9606.ENSP00000365230,IL1B,BCL2L1,0.764,700,functional,9606,2026-08-30T07:51:00.550986+00:00,STRING
hypertension-branch,IL1B,HIF1A,9606.ENSP00000263341,9606.ENSP00000437955,IL1B,HIF1A,0.771,700,functional,9606,2026-08-30T07:51:00.550986+00:00,STRING
hypertension-branch,IL1B,NFKB2,9606.ENSP00000263341,9606.ENSP00000358983,IL1B,NFKB2,0.771,700,functional,9606,2026-08-30T07:51:00.550986+00:00,STRING
hypertension-branch,IL1B,MYC,9606.ENSP00000263341,9606.ENSP00000478887,IL1B,MYC,0.778,700,functional,9606,2026-08-30T07:51:00.550986+00:00,STRING
hypertension-branch,IL1B,AGER,9606.ENSP00000263341,9606.ENSP00000364210,IL1B,AGER,0.794,700,functional,9606,2026-08-30T07:51:00.550986+00:00,STRING
hypertension-branch,IL1B,ARG1,9606.ENSP00000263341,9606.ENSP00000349446,IL1B,ARG1,0.8,700,functional,9606,2026-08-30T07:51:00.550986+00:00,STRING
hypertension-branch,IL1B,EDN1,9606.ENSP00000263341,9606.ENSP00000368683,IL1B,EDN1,0.803,700,functional,9606,2026-08-30T07:51:00.550986+00:00,STRING
hypertension-branch,IL1B,BCL2,9606.ENSP00000263341,9606.ENSP00000381185,IL1B,BCL2,0.808,700,functional,9606,2026-08-30T07:51:00.550986+00:00,STRING
hypertension-branch,IL1B,ESR1,9606.ENSP00000263341,9606.ENSP00000405330,IL1B,ESR1,0.82,700,functional,9606,2026-08-30T07:51:00.550986+00:00,STRING
hypertension-branch,IL1B,CASP9,9606.ENSP00000263341,9606.ENSP00000330237,IL1B,CASP9,0.826,700,functional,9606,2026-08-30T07:51:00.550986+00:00,STRING
hypertension-branch,IL1B,APP,9606.ENSP00000263341,9606.ENSP00000284981,IL1B,APP,0.828,700,functional,9606,2026-08-30T07:51:00.550986+00:00,STRING
hypertension-branch,IL1B,ALB,9606.ENSP00000263341,9606.ENSP00000295897,IL1B,ALB,0.836,700,functional,9606,2026-08-30T07:51:00.550986+00:00,STRING
hypertension-branch,IL1B,ACTB,9606.ENSP00000263341,9606.ENSP00000494750,IL1B,ACTB,0.847,700,functional,9606,2026-08-30T07:51:00.550986+00:00,STRING
hypertension-branch,IL1B,IGF1,9606.ENSP00000263341,9606.ENSP00000376637,IL1B,IGF1,0.847,700,functional,9606,2026-08-30T07:51:00.550986+00:00,STRING
hypertension-branch,IL1B,PPARG,9606.ENSP00000263341,9606.ENSP00000287820,IL1B,PPARG,0.858,700,functional,9606,2026-08-30T07:51:00.550986+00:00,STRING
hypertension-branch,IL1B,AKT1,9606.ENSP00000263341,9606.ENSP00000451828,IL1B,AKT1,0.864,700,functional,9606,2026-08-30T07:51:00.550986+00:00,STRING
hypertension-branch,IL1B,NOD2,9606.ENSP00000263341,9606.ENSP00000300589,IL1B,NOD2,0.866,700,functional,9606,2026-08-30T07:51:00.550986+00:00,STRING
hypertension-branch,IL1B,EGFR,9606.ENSP00000263341,9606.ENSP00000275493,IL1B,EGFR,0.873,700,functional,9606,2026-08-30T07:51:00.550986+00:00,STRING
hypertension-branch,IL1B,FOS,9606.ENSP00000263341,9606.ENSP00000306245,IL1B,FOS,0.894,700,functional,9606,2026-08-30T07:51:00.550986+00:00,STRING
hypertension-branch,IL1B,CASP3,9606.ENSP00000263341,9606.ENSP00000311032,IL1B,CASP3,0.899,700,functional,9606,2026-08-30T07:51:00.550986+00:00,STRING
hypertension-branch,IL1B,MMP9,9606.ENSP00000263341,9606.ENSP00000361405,IL1B,MMP9,0.949,700,functional,9606,2026-08-30T07:51:00.550986+00:00,STRING
hypertension-branch,IL1B,CXCL10,9606.ENSP00000263341,9606.ENSP00000305651,IL1B,CXCL10,0.962,700,functional,9606,2026-08-30T07:51:00.550986+00:00,STRING
hypertension-branch,IL1B,CXCL2,9606.ENSP00000263341,9606.ENSP00000427279,IL1B,CXCL2,0.968,700,functional,9606,2026-08-30T07:51:00.550986+00:00,STRING
hypertension-branch,IL1B,HMGB1,9606.ENSP00000263341,9606.ENSP00000345347,IL1B,HMGB1,0.97,700,functional,9606,2026-08-30T07:51:00.550986+00:00,STRING
hypertension-branch,IL1B,CCL3,9606.ENSP00000263341,9606.ENSP00000477908,IL1B,CCL3,0.972,700,functional,9606,2026-08-30T07:51:00.550986+00:00,STRING
hypertension-branch,IL1B,TLR9,9606.ENSP00000263341,9606.ENSP00000353874,IL1B,TLR9,0.975,700,functional,9606,2026-08-30T07:51:00.550986+00:00,STRING
hypertension-branch,IL1B,CXCL1,9606.ENSP00000263341,9606.ENSP00000379110,IL1B,CXCL1,0.978,700,functional,9606,2026-08-30T07:51:00.550986+00:00,STRING
hypertension-branch,IL1B,A2M,9606.ENSP00000263341,9606.ENSP00000323929,IL1B,A2M,0.984,700,functional,9606,2026-08-30T07:51:00.550986+00:00,STRING
hypertension-branch,IL1B,JUN,9606.ENSP00000263341,9606.ENSP00000360266,IL1B,JUN,0.987,700,functional,9606,2026-08-30T07:51:00.550986+00:00,STRING
hypertension-branch,IL1B,CXCL8,9606.ENSP00000263341,9606.ENSP00000306512,IL1B,CXCL8,0.994,700,functional,9606,2026-08-30T07:51:00.550986+00:00,STRING
hypertension-branch,IL1B,NLRP3,9606.ENSP00000263341,9606.ENSP00000337383,IL1B,NLRP3,0.997,700,functional,9606,2026-08-30T07:51:00.550986+00:00,STRING
hypertension-branch,IL1B,TNF,9606.ENSP00000263341,9606.ENSP00000398698,IL1B,TNF,0.998,700,functional,9606,2026-08-30T07:51:00.550986+00:00,STRING
hypertension-branch,IL1B,CASP1,9606.ENSP00000263341,9606.ENSP00000433138,IL1B,CASP1,0.999,700,functional,9606,2026-08-30T07:51:00.550986+00:00,STRING
hypertension-branch,EPAS1,JUN,9606.ENSP00000263734,9606.ENSP00000360266,EPAS1,JUN,0.716,700,functional,9606,2026-08-30T07:51:00.550986+00:00,STRING
hypertension-branch,EPAS1,ESR1,9606.ENSP00000263734,9606.ENSP00000405330,EPAS1,ESR1,0.724,700,functional,9606,2026-08-30T07:51:00.550986+00:00,STRING
hypertension-branch,EPAS1,TP53,9606.ENSP00000263734,9606.ENSP00000269305,EPAS1,TP53,0.736,700,functional,9606,2026-08-30T07:51:00.550986+00:00,STRING
hypertension-branch,EPAS1,SMAD3,9606.ENSP00000263734,9606.ENSP00000332973,EPAS1,SMAD3,0.801,700,functional,9606,2026-08-30T07:51:00.550986+00:00,STRING
hypertension-branch,EPAS1,EGFR,9606.ENSP00000263734,9606.ENSP00000275493,EPAS1,EGFR,0.821,700,functional,9606,2026-08-30T07:51:00.550986+00:00,STRING
hypertension-branch,EPAS1,SOX2,9606.ENSP00000263734,9606.ENSP00000323588,EPAS1,SOX2,0.874,700,functional,9606,2026-08-30T07:51:00.550986+00:00,STRING
hypertension-branch,EPAS1,MYC,9606.ENSP00000263734,9606.ENSP00000478887,EPAS1,MYC,0.932,700,functional,9606,2026-08-30T07:51:00.550986+00:00,STRING
hypertension-branch,EPAS1,HIF1A,9606.ENSP00000263734,9606.ENSP00000437955,EPAS1,HIF1A,0.998,700,functional,9606,2026-08-30T07:51:00.550986+00:00,STRING
hypertension-branch,EPAS1,ARNT,9606.ENSP00000263734,9606.ENSP00000351407,EPAS1,ARNT,0.999,700,functional,9606,2026-08-30T07:51:00.550986+00:00,STRING
hypertension-branch,TUBB4A,ACTB,9606.ENSP00000264071,9606.ENSP00000494750,TUBB4A,ACTB,0.801,700,functional,9606,2026-08-30T07:51:00.550986+00:00,STRING
hypertension-branch,TUBB4A,PLK1,9606.ENSP00000264071,9606.ENSP00000300093,TUBB4A,PLK1,0.84,700,functional,9606,2026-08-30T07:51:00.550986+00:00,STRING
hypertension-branch,TUBB4A,MAPT,9606.ENSP00000264071,9606.ENSP00000340820,TUBB4A,MAPT,0.953,700,functional,9606,2026-08-30T07:51:00.550986+00:00,STRING
hypertension-branch,TUBB4A,TUBA1A,9606.ENSP00000264071,9606.ENSP00000439020,TUBB4A,TUBA1A,0.979,700,functional,9606,2026-08-30T07:51:00.550986+00:00,STRING
hypertension-branch,MCOLN1,TRPV1,9606.ENSP00000264079,9606.ENSP00000459962,MCOLN1,TRPV1,0.754,700,functional,9606,2026-08-30T07:51:00.550986+00:00,STRING
hypertension-branch,IL11,CXCL8,9606.ENSP00000264563,9606.ENSP00000306512,IL11,CXCL8,0.825,700,functional,9606,2026-08-30T07:51:00.550986+00:00,STRING
hypertension-branch,IL11,EGFR,9606.ENSP00000264563,9606.ENSP00000275493,IL11,EGFR,0.868,700,functional,9606,2026-08-30T07:51:00.550986+00:00,STRING
hypertension-branch,SLC9A3,EZR,9606.ENSP00000264938,9606.ENSP00000338934,SLC9A3,EZR,0.887,700,functional,9606,2026-08-30T07:51:00.550986+00:00,STRING
hypertension-branch,PRKAR2B,RAPGEF4,9606.ENSP00000265717,9606.ENSP00000380271,PRKAR2B,RAPGEF4,0.729,700,functional,9606,2026-08-30T07:51:00.550986+00:00,STRING
hypertension-branch,PRKAR2B,PLK1,9606.ENSP00000265717,9606.ENSP00000300093,PRKAR2B,PLK1,0.812,700,functional,9606,2026-08-30T07:51:00.550986+00:00,STRING
hypertension-branch,IDE,MMEL1,9606.ENSP00000265986,9606.ENSP00000367668,IDE,MMEL1,0.948,700,functional,9606,2026-08-30T07:51:00.550986+00:00,STRING
hypertension-branch,IDE,RPS27A,9606.ENSP00000265986,9606.ENSP00000272317,IDE,RPS27A,0.952,700,functional,9606,2026-08-30T07:51:00.550986+00:00,STRING
hypertension-branch,IDE,CCL3,9606.ENSP00000265986,9606.ENSP00000477908,IDE,CCL3,0.953,700,functional,9606,2026-08-30T07:51:00.550986+00:00,STRING
hypertension-branch,IDE,APP,9606.ENSP00000265986,9606.ENSP00000284981,IDE,APP,0.995,700,functional,9606,2026-08-30T07:51:00.550986+00:00,STRING
hypertension-branch,TIMP3,MMP14,9606.ENSP00000266085,9606.ENSP00000308208,TIMP3,MMP14,0.93,700,functional,9606,2026-08-30T07:51:00.550986+00:00,STRING
hypertension-branch,TIMP3,MMP9,9606.ENSP00000266085,9606.ENSP00000361405,TIMP3,MMP9,0.995,700,functional,9606,2026-08-30T07:51:00.550986+00:00,STRING
hypertension-branch,TIMP3,ADAM17,9606.ENSP00000266085,9606.ENSP00000309968,TIMP3,ADAM17,0.996,700,functional,9606,2026-08-30T07:51:00.550986+00:00,STRING
hypertension-branch,ASCL1,FOXA2,9606.ENSP00000266744,9606.ENSP00000400341,ASCL1,FOXA2,0.738,700,functional,9606,2026-08-30T07:51:00.550986+00:00,STRING
hypertension-branch,ASCL1,SOX2,9606.ENSP00000266744,9606.ENSP00000323588,ASCL1,SOX2,0.748,700,functional,9606,2026-08-30T07:51:00.550986+00:00,STRING
hypertension-branch,ASCL1,CREB1,9606.ENSP00000266744,9606.ENSP00000387699,ASCL1,CREB1,0.906,700,functional,9606,2026-08-30T07:51:00.550986+00:00,STRING
hypertension-branch,CDK2,ESR1,9606.ENSP00000266970,9606.ENSP00000405330,CDK2,ESR1,0.714,700,functional,9606,2026-08-30T07:51:00.550986+00:00,STRING
hypertension-branch,CDK2,FEN1,9606.ENSP00000266970,9606.ENSP00000305480,CDK2,FEN1,0.734,700,functional,9606,2026-08-30T07:51:00.550986+00:00,STRING
hypertension-branch,CDK2,PLK1,9606.ENSP00000266970,9606.ENSP00000300093,CDK2,PLK1,0.742,700,functional,9606,2026-08-30T07:51:00.550986+00:00,STRING
hypertension-branch,CDK2,BIRC5,9606.ENSP00000266970,9606.ENSP00000301633,CDK2,BIRC5,0.755,700,functional,9606,2026-08-30T07:51:00.550986+00:00,STRING
hypertension-branch,CDK2,HIF1A,9606.ENSP00000266970,9606.ENSP00000437955,CDK2,HIF1A,0.773,700,functional,9606,2026-08-30T07:51:00.550986+00:00,STRING
hypertension-branch,CDK2,BCL2,9606.ENSP00000266970,9606.ENSP00000381185,CDK2,BCL2,0.812,700,functional,9606,2026-08-30T07:51:00.550986+00:00,STRING
hypertension-branch,CDK2,ACTB,9606.ENSP00000266970,9606.ENSP00000494750,CDK2,ACTB,0.816,700,functional,9606,2026-08-30T07:51:00.550986+00:00,STRING
hypertension-branch,CDK2,PGR,9606.ENSP00000266970,9606.ENSP00000325120,CDK2,PGR,0.822,700,functional,9606,2026-08-30T07:51:00.550986+00:00,STRING
hypertension-branch,CDK2,JUN,9606.ENSP00000266970,9606.ENSP00000360266,CDK2,JUN,0.825,700,functional,9606,2026-08-30T07:51:00.550986+00:00,STRING
hypertension-branch,CDK2,CASP3,9606.ENSP00000266970,9606.ENSP00000311032,CDK2,CASP3,0.829,700,functional,9606,2026-08-30T07:51:00.550986+00:00,STRING
hypertension-branch,CDK2,SMAD3,9606.ENSP00000266970,9606.ENSP00000332973,CDK2,SMAD3,0.836,700,functional,9606,2026-08-30T07:51:00.550986+00:00,STRING
hypertension-branch,CDK2,RPS27A,9606.ENSP00000266970,9606.ENSP00000272317,CDK2,RPS27A,0.914,700,functional,9606,2026-08-30T07:51:00.550986+00:00,STRING
hypertension-branch,CDK2,SFN,9606.ENSP00000266970,9606.ENSP00000340989,CDK2,SFN,0.94,700,functional,9606,2026-08-30T07:51:00.550986+00:00,STRING
hypertension-branch,CDK2,MYC,9606.ENSP00000266970,9606.ENSP00000478887,CDK2,MYC,0.96,700,functional,9606,2026-08-30T07:51:00.550986+00:00,STRING
hypertension-branch,CDK2,ATM,9606.ENSP00000266970,9606.ENSP00000278616,CDK2,ATM,0.966,700,functional,9606,2026-08-30T07:51:00.550986+00:00,STRING
hypertension-branch,CDK2,BRCA1,9606.ENSP00000266970,9606.ENSP00000418960,CDK2,BRCA1,0.984,700,functional,9606,2026-08-30T07:51:00.550986+00:00,STRING
hypertension-branch,CDK2,TP53,9606.ENSP00000266970,9606.ENSP00000269305,CDK2,TP53,0.987,700,functional,9606,2026-08-30T07:51:00.550986+00:00,STRING
hypertension-branch,CDK2,CDC20,9606.ENSP00000266970,9606.ENSP00000361540,CDK2,CDC20,0.992,700,functional,9606,2026-08-30T07:51:00.550986+00:00,STRING
hypertension-branch,CDK2,CDK1,9606.ENSP00000266970,9606.ENSP00000378699,CDK2,CDK1,0.994,700,functional,9606,2026-08-30T07:51:00.550986+00:00,STRING
hypertension-branch,CDK2,CCNA2,9606.ENSP00000266970,9606.ENSP00000481380,CDK2,CCNA2,0.999,700,functional,9606,2026-08-30T07:51:00.550986+00:00,STRING
hypertension-branch,CDK2,CKS1B,9606.ENSP00000266970,9606.ENSP00000311083,CDK2,CKS1B,0.999,700,functional,9606,2026-08-30T07:51:00.550986+00:00,STRING
hypertension-branch,CDK2,CDKN1A,9606.ENSP00000266970,9606.ENSP00000384849,CDK2,CDKN1A,0.999,700,functional,9606,2026-08-30T07:51:00.550986+00:00,STRING
hypertension-branch,CDK2,CCNB2,9606.ENSP00000266970,9606.ENSP00000288207,CDK2,CCNB2,0.999,700,functional,9606,2026-08-30T07:51:00.550986+00:00,STRING
hypertension-branch,FGF7,ELN,9606.ENSP00000267843,9606.ENSP00000351807,FGF7,ELN,0.703,700,functional,9606,2026-08-30T07:51:00.550986+00:00,STRING
hypertension-branch,FGF7,NGF,9606.ENSP00000267843,9606.ENSP00000358525,FGF7,NGF,0.706,700,functional,9606,2026-08-30T07:51:00.550986+00:00,STRING
hypertension-branch,FGF7,ALB,9606.ENSP00000267843,9606.ENSP00000295897,FGF7,ALB,0.763,700,functional,9606,2026-08-30T07:51:00.550986+00:00,STRING
hypertension-branch,FGF7,NTRK2,9606.ENSP00000267843,9606.ENSP00000277120,FGF7,NTRK2,0.771,700,functional,9606,2026-08-30T07:51:00.550986+00:00,STRING
hypertension-branch,FGF7,IGF1,9606.ENSP00000267843,9606.ENSP00000376637,FGF7,IGF1,0.827,700,functional,9606,2026-08-30T07:51:00.550986+00:00,STRING
hypertension-branch,FGF7,CXCL8,9606.ENSP00000267843,9606.ENSP00000306512,FGF7,CXCL8,0.881,700,functional,9606,2026-08-30T07:51:00.550986+00:00,STRING
hypertension-branch,FGF7,EGFR,9606.ENSP00000267843,9606.ENSP00000275493,FGF7,EGFR,0.927,700,functional,9606,2026-08-30T07:51:00.550986+00:00,STRING
hypertension-branch,NPC1,SMPD1,9606.ENSP00000269228,9606.ENSP00000340409,NPC1,SMPD1,0.73,700,functional,9606,2026-08-30T07:51:00.550986+00:00,STRING
hypertension-branch,TP53,THRB,9606.ENSP00000269305,9606.ENSP00000379904,TP53,THRB,0.705,700,functional,9606,2026-08-30T07:51:00.550986+00:00,STRING
hypertension-branch,TP53,VCP,9606.ENSP00000269305,9606.ENSP00000351777,TP53,VCP,0.709,700,functional,9606,2026-08-30T07:51:00.550986+00:00,STRING
hypertension-branch,TP53,SLC7A11,9606.ENSP00000269305,9606.ENSP00000280612,TP53,SLC7A11,0.71,700,functional,9606,2026-08-30T07:51:00.550986+00:00,STRING
hypertension-branch,TP53,APP,9606.ENSP00000269305,9606.ENSP00000284981,TP53,APP,0.714,700,functional,9606,2026-08-30T07:51:00.550986+00:00,STRING
hypertension-branch,TP53,IGF1,9606.ENSP00000269305,9606.ENSP00000376637,TP53,IGF1,0.72,700,functional,9606,2026-08-30T07:51:00.550986+00:00,STRING
hypertension-branch,TP53,MEN1,9606.ENSP00000269305,9606.ENSP00000337088,TP53,MEN1,0.72,700,functional,9606,2026-08-30T07:51:00.550986+00:00,STRING
hypertension-branch,TP53,YAP1,9606.ENSP00000269305,9606.ENSP00000478927,TP53,YAP1,0.721,700,functional,9606,2026-08-30T07:51:00.550986+00:00,STRING
hypertension-branch,TP53,ALB,9606.ENSP00000269305,9606.ENSP00000295897,TP53,ALB,0.722,700,functional,9606,2026-08-30T07:51:00.550986+00:00,STRING
hypertension-branch,TP53,TUBB,9606.ENSP00000269305,9606.ENSP00000339001,TP53,TUBB,0.723,700,functional,9606,2026-08-30T07:51:00.550986+00:00,STRING
hypertension-branch,TP53,GPX4,9606.ENSP00000269305,9606.ENSP00000346103,TP53,GPX4,0.73,700,functional,9606,2026-08-30T07:51:00.550986+00:00,STRING
hypertension-branch,TP53,CASP7,9606.ENSP00000269305,9606.ENSP00000358327,TP53,CASP7,0.74,700,functional,9606,2026-08-30T07:51:00.550986+00:00,STRING
hypertension-branch,TP53,HDAC3,9606.ENSP00000269305,9606.ENSP00000302967,TP53,HDAC3,0.741,700,functional,9606,2026-08-30T07:51:00.550986+00:00,STRING
hypertension-branch,TP53,HSPA1A,9606.ENSP00000269305,9606.ENSP00000364802,TP53,HSPA1A,0.754,700,functional,9606,2026-08-30T07:51:00.550986+00:00,STRING
hypertension-branch,TP53,KMT2A,9606.ENSP00000269305,9606.ENSP00000436786,TP53,KMT2A,0.757,700,functional,9606,2026-08-30T07:51:00.550986+00:00,STRING
hypertension-branch,TP53,PRKN,9606.ENSP00000269305,9606.ENSP00000355865,TP53,PRKN,0.76,700,functional,9606,2026-08-30T07:51:00.550986+00:00,STRING
hypertension-branch,TP53,MOV10,9606.ENSP00000269305,9606.ENSP00000399797,TP53,MOV10,0.773,700,functional,9606,2026-08-30T07:51:00.550986+00:00,STRING
hypertension-branch,TP53,NFE2L2,9606.ENSP00000269305,9606.ENSP00000380252,TP53,NFE2L2,0.78,700,functional,9606,2026-08-30T07:51:00.550986+00:00,STRING
hypertension-branch,TP53,ESR2,9606.ENSP00000269305,9606.ENSP00000343925,TP53,ESR2,0.783,700,functional,9606,2026-08-30T07:51:00.550986+00:00,STRING
hypertension-branch,TP53,UCHL1,9606.ENSP00000269305,9606.ENSP00000284440,TP53,UCHL1,0.795,700,functional,9606,2026-08-30T07:51:00.550986+00:00,STRING
hypertension-branch,TP53,CXCL8,9606.ENSP00000269305,9606.ENSP00000306512,TP53,CXCL8,0.804,700,functional,9606,2026-08-30T07:51:00.550986+00:00,STRING
hypertension-branch,TP53,KEAP1,9606.ENSP00000269305,9606.ENSP00000377245,TP53,KEAP1,0.81,700,functional,9606,2026-08-30T07:51:00.550986+00:00,STRING
hypertension-branch,TP53,GNAS,9606.ENSP00000269305,9606.ENSP00000360141,TP53,GNAS,0.81,700,functional,9606,2026-08-30T07:51:00.550986+00:00,STRING
hypertension-branch,TP53,ANXA5,9606.ENSP00000269305,9606.ENSP00000296511,TP53,ANXA5,0.818,700,functional,9606,2026-08-30T07:51:00.550986+00:00,STRING
hypertension-branch,TP53,HSPA5,9606.ENSP00000269305,9606.ENSP00000324173,TP53,HSPA5,0.824,700,functional,9606,2026-08-30T07:51:00.550986+00:00,STRING
hypertension-branch,TP53,PKM,9606.ENSP00000269305,9606.ENSP00000320171,TP53,PKM,0.825,700,functional,9606,2026-08-30T07:51:00.550986+00:00,STRING
hypertension-branch,TP53,NCOA1,9606.ENSP00000269305,9606.ENSP00000385216,TP53,NCOA1,0.826,700,functional,9606,2026-08-30T07:51:00.550986+00:00,STRING
hypertension-branch,TP53,MMP9,9606.ENSP00000269305,9606.ENSP00000361405,TP53,MMP9,0.838,700,functional,9606,2026-08-30T07:51:00.550986+00:00,STRING
hypertension-branch,TP53,S100A6,9606.ENSP00000269305,9606.ENSP00000357709,TP53,S100A6,0.842,700,functional,9606,2026-08-30T07:51:00.550986+00:00,STRING
hypertension-branch,TP53,IDH1,9606.ENSP00000269305,9606.ENSP00000390265,TP53,IDH1,0.845,700,functional,9606,2026-08-30T07:51:00.550986+00:00,STRING
hypertension-branch,TP53,PGR,9606.ENSP00000269305,9606.ENSP00000325120,TP53,PGR,0.849,700,functional,9606,2026-08-30T07:51:00.550986+00:00,STRING
hypertension-branch,TP53,PADI4,9606.ENSP00000269305,9606.ENSP00000364597,TP53,PADI4,0.861,700,functional,9606,2026-08-30T07:51:00.550986+00:00,STRING
hypertension-branch,TP53,TNF,9606.ENSP00000269305,9606.ENSP00000398698,TP53,TNF,0.865,700,functional,9606,2026-08-30T07:51:00.550986+00:00,STRING
hypertension-branch,TP53,BCL2L11,9606.ENSP00000269305,9606.ENSP00000376943,TP53,BCL2L11,0.867,700,functional,9606,2026-08-30T07:51:00.550986+00:00,STRING
hypertension-branch,TP53,CASP1,9606.ENSP00000269305,9606.ENSP00000433138,TP53,CASP1,0.876,700,functional,9606,2026-08-30T07:51:00.550986+00:00,STRING
hypertension-branch,TP53,ACTB,9606.ENSP00000269305,9606.ENSP00000494750,TP53,ACTB,0.879,700,functional,9606,2026-08-30T07:51:00.550986+00:00,STRING
hypertension-branch,TP53,SOX2,9606.ENSP00000269305,9606.ENSP00000323588,TP53,SOX2,0.883,700,functional,9606,2026-08-30T07:51:00.550986+00:00,STRING
hypertension-branch,TP53,IGFBP3,9606.ENSP00000269305,9606.ENSP00000370473,TP53,IGFBP3,0.901,700,functional,9606,2026-08-30T07:51:00.550986+00:00,STRING
hypertension-branch,TP53,AR,9606.ENSP00000269305,9606.ENSP00000363822,TP53,AR,0.905,700,functional,9606,2026-08-30T07:51:00.550986+00:00,STRING
hypertension-branch,TP53,AURKB,9606.ENSP00000269305,9606.ENSP00000313950,TP53,AURKB,0.908,700,functional,9606,2026-08-30T07:51:00.550986+00:00,STRING
hypertension-branch,TP53,TNFRSF10B,9606.ENSP00000269305,9606.ENSP00000276431,TP53,TNFRSF10B,0.908,700,functional,9606,2026-08-30T07:51:00.550986+00:00,STRING
hypertension-branch,TP53,ABL1,9606.ENSP00000269305,9606.ENSP00000361423,TP53,ABL1,0.909,700,functional,9606,2026-08-30T07:51:00.550986+00:00,STRING
hypertension-branch,TP53,CYCS,9606.ENSP00000269305,9606.ENSP00000307786,TP53,CYCS,0.911,700,functional,9606,2026-08-30T07:51:00.550986+00:00,STRING
hypertension-branch,TP53,DDIT4,9606.ENSP00000269305,9606.ENSP00000307305,TP53,DDIT4,0.911,700,functional,9606,2026-08-30T07:51:00.550986+00:00,STRING
hypertension-branch,TP53,MCL1,9606.ENSP00000269305,9606.ENSP00000358022,TP53,MCL1,0.918,700,functional,9606,2026-08-30T07:51:00.550986+00:00,STRING
hypertension-branch,TP53,BIRC5,9606.ENSP00000269305,9606.ENSP00000301633,TP53,BIRC5,0.93,700,functional,9606,2026-08-30T07:51:00.550986+00:00,STRING
hypertension-branch,TP53,PRMT1,9606.ENSP00000269305,9606.ENSP00000406162,TP53,PRMT1,0.937,700,functional,9606,2026-08-30T07:51:00.550986+00:00,STRING
hypertension-branch,TP53,EGFR,9606.ENSP00000269305,9606.ENSP00000275493,TP53,EGFR,0.943,700,functional,9606,2026-08-30T07:51:00.550986+00:00,STRING
hypertension-branch,TP53,NQO1,9606.ENSP00000269305,9606.ENSP00000319788,TP53,NQO1,0.946,700,functional,9606,2026-08-30T07:51:00.550986+00:00,STRING
hypertension-branch,TP53,PPARG,9606.ENSP00000269305,9606.ENSP00000287820,TP53,PPARG,0.949,700,functional,9606,2026-08-30T07:51:00.550986+00:00,STRING
hypertension-branch,TP53,FOS,9606.ENSP00000269305,9606.ENSP00000306245,TP53,FOS,0.952,700,functional,9606,2026-08-30T07:51:00.550986+00:00,STRING
hypertension-branch,TP53,CASP9,9606.ENSP00000269305,9606.ENSP00000330237,TP53,CASP9,0.953,700,functional,9606,2026-08-30T07:51:00.550986+00:00,STRING
hypertension-branch,TP53,CASP3,9606.ENSP00000269305,9606.ENSP00000311032,TP53,CASP3,0.956,700,functional,9606,2026-08-30T07:51:00.550986+00:00,STRING
hypertension-branch,TP53,CDK1,9606.ENSP00000269305,9606.ENSP00000378699,TP53,CDK1,0.962,700,functional,9606,2026-08-30T07:51:00.550986+00:00,STRING
hypertension-branch,TP53,SMAD3,9606.ENSP00000269305,9606.ENSP00000332973,TP53,SMAD3,0.963,700,functional,9606,2026-08-30T07:51:00.550986+00:00,STRING
hypertension-branch,TP53,WRN,9606.ENSP00000269305,9606.ENSP00000298139,TP53,WRN,0.963,700,functional,9606,2026-08-30T07:51:00.550986+00:00,STRING
hypertension-branch,TP53,MUC1,9606.ENSP00000269305,9606.ENSP00000484824,TP53,MUC1,0.966,700,functional,9606,2026-08-30T07:51:00.550986+00:00,STRING
hypertension-branch,TP53,HSPA1B,9606.ENSP00000269305,9606.ENSP00000364801,TP53,HSPA1B,0.971,700,functional,9606,2026-08-30T07:51:00.550986+00:00,STRING
hypertension-branch,TP53,RPS27A,9606.ENSP00000269305,9606.ENSP00000272317,TP53,RPS27A,0.971,700,functional,9606,2026-08-30T07:51:00.550986+00:00,STRING
hypertension-branch,TP53,APAF1,9606.ENSP00000269305,9606.ENSP00000448165,TP53,APAF1,0.974,700,functional,9606,2026-08-30T07:51:00.550986+00:00,STRING
hypertension-branch,TP53,PLK1,9606.ENSP00000269305,9606.ENSP00000300093,TP53,PLK1,0.981,700,functional,9606,2026-08-30T07:51:00.550986+00:00,STRING
hypertension-branch,TP53,ATRX,9606.ENSP00000269305,9606.ENSP00000362441,TP53,ATRX,0.981,700,functional,9606,2026-08-30T07:51:00.550986+00:00,STRING
hypertension-branch,TP53,ATF3,9606.ENSP00000269305,9606.ENSP00000344352,TP53,ATF3,0.982,700,functional,9606,2026-08-30T07:51:00.550986+00:00,STRING
hypertension-branch,TP53,ESR1,9606.ENSP00000269305,9606.ENSP00000405330,TP53,ESR1,0.992,700,functional,9606,2026-08-30T07:51:00.550986+00:00,STRING
hypertension-branch,TP53,BAX,9606.ENSP00000269305,9606.ENSP00000293288,TP53,BAX,0.994,700,functional,9606,2026-08-30T07:51:00.550986+00:00,STRING
hypertension-branch,TP53,AKT1,9606.ENSP00000269305,9606.ENSP00000451828,TP53,AKT1,0.994,700,functional,9606,2026-08-30T07:51:00.550986+00:00,STRING
hypertension-branch,TP53,SUMO1,9606.ENSP00000269305,9606.ENSP00000376077,TP53,SUMO1,0.996,700,functional,9606,2026-08-30T07:51:00.550986+00:00,STRING
hypertension-branch,TP53,DNMT1,9606.ENSP00000269305,9606.ENSP00000352516,TP53,DNMT1,0.997,700,functional,9606,2026-08-30T07:51:00.550986+00:00,STRING
hypertension-branch,TP53,JUN,9606.ENSP00000269305,9606.ENSP00000360266,TP53,JUN,0.997,700,functional,9606,2026-08-30T07:51:00.550986+00:00,STRING
hypertension-branch,TP53,MYC,9606.ENSP00000269305,9606.ENSP00000478887,TP53,MYC,0.997,700,functional,9606,2026-08-30T07:51:00.550986+00:00,STRING
hypertension-branch,TP53,CCNA2,9606.ENSP00000269305,9606.ENSP00000481380,TP53,CCNA2,0.997,700,functional,9606,2026-08-30T07:51:00.550986+00:00,STRING
hypertension-branch,TP53,HMGB1,9606.ENSP00000269305,9606.ENSP00000345347,TP53,HMGB1,0.997,700,functional,9606,2026-08-30T07:51:00.550986+00:00,STRING
hypertension-branch,TP53,CREB1,9606.ENSP00000269305,9606.ENSP00000387699,TP53,CREB1,0.998,700,functional,9606,2026-08-30T07:51:00.550986+00:00,STRING
hypertension-branch,TP53,HTT,9606.ENSP00000269305,9606.ENSP00000347184,TP53,HTT,0.998,700,functional,9606,2026-08-30T07:51:00.550986+00:00,STRING
hypertension-branch,TP53,HSPA9,9606.ENSP00000269305,9606.ENSP00000297185,TP53,HSPA9,0.998,700,functional,9606,2026-08-30T07:51:00.550986+00:00,STRING
hypertension-branch,TP53,SFN,9606.ENSP00000269305,9606.ENSP00000340989,TP53,SFN,0.999,700,functional,9606,2026-08-30T07:51:00.550986+00:00,STRING
hypertension-branch,TP53,HIF1A,9606.ENSP00000269305,9606.ENSP00000437955,TP53,HIF1A,0.999,700,functional,9606,2026-08-30T07:51:00.550986+00:00,STRING
hypertension-branch,TP53,ATM,9606.ENSP00000269305,9606.ENSP00000278616,TP53,ATM,0.999,700,functional,9606,2026-08-30T07:51:00.550986+00:00,STRING
hypertension-branch,TP53,MDM4,9606.ENSP00000269305,9606.ENSP00000356150,TP53,MDM4,0.999,700,functional,9606,2026-08-30T07:51:00.550986+00:00,STRING
hypertension-branch,TP53,BCL2,9606.ENSP00000269305,9606.ENSP00000381185,TP53,BCL2,0.999,700,functional,9606,2026-08-30T07:51:00.550986+00:00,STRING
hypertension-branch,TP53,BCL2L1,9606.ENSP00000269305,9606.ENSP00000365230,TP53,BCL2L1,0.999,700,functional,9606,2026-08-30T07:51:00.550986+00:00,STRING
hypertension-branch,TP53,BRCA1,9606.ENSP00000269305,9606.ENSP00000418960,TP53,BRCA1,0.999,700,functional,9606,2026-08-30T07:51:00.550986+00:00,STRING
hypertension-branch,TP53,CDKN1A,9606.ENSP00000269305,9606.ENSP00000384849,TP53,CDKN1A,0.999,700,functional,9606,2026-08-30T07:51:00.550986+00:00,STRING
hypertension-branch,RPS27A,JUN,9606.ENSP00000272317,9606.ENSP00000360266,RPS27A,JUN,0.71,700,functional,9606,2026-08-30T07:51:00.550986+00:00,STRING
hypertension-branch,RPS27A,HSPA1A,9606.ENSP00000272317,9606.ENSP00000364802,RPS27A,HSPA1A,0.712,700,functional,9606,2026-08-30T07:51:00.550986+00:00,STRING
hypertension-branch,RPS27A,NFE2L2,9606.ENSP00000272317,9606.ENSP00000380252,RPS27A,NFE2L2,0.723,700,functional,9606,2026-08-30T07:51:00.550986+00:00,STRING
hypertension-branch,RPS27A,BRCA1,9606.ENSP00000272317,9606.ENSP00000418960,RPS27A,BRCA1,0.725,700,functional,9606,2026-08-30T07:51:00.550986+00:00,STRING
hypertension-branch,RPS27A,EGFR,9606.ENSP00000272317,9606.ENSP00000275493,RPS27A,EGFR,0.769,700,functional,9606,2026-08-30T07:51:00.550986+00:00,STRING
hypertension-branch,RPS27A,KMT2A,9606.ENSP00000272317,9606.ENSP00000436786,RPS27A,KMT2A,0.827,700,functional,9606,2026-08-30T07:51:00.550986+00:00,STRING
hypertension-branch,RPS27A,CDKN1A,9606.ENSP00000272317,9606.ENSP00000384849,RPS27A,CDKN1A,0.837,700,functional,9606,2026-08-30T07:51:00.550986+00:00,STRING
hypertension-branch,RPS27A,MYC,9606.ENSP00000272317,9606.ENSP00000478887,RPS27A,MYC,0.844,700,functional,9606,2026-08-30T07:51:00.550986+00:00,STRING
hypertension-branch,RPS27A,VCP,9606.ENSP00000272317,9606.ENSP00000351777,RPS27A,VCP,0.887,700,functional,9606,2026-08-30T07:51:00.550986+00:00,STRING
hypertension-branch,RPS27A,CCNA2,9606.ENSP00000272317,9606.ENSP00000481380,RPS27A,CCNA2,0.904,700,functional,9606,2026-08-30T07:51:00.550986+00:00,STRING
hypertension-branch,RPS27A,CKS1B,9606.ENSP00000272317,9606.ENSP00000311083,RPS27A,CKS1B,0.906,700,functional,9606,2026-08-30T07:51:00.550986+00:00,STRING
hypertension-branch,RPS27A,DNMT1,9606.ENSP00000272317,9606.ENSP00000352516,RPS27A,DNMT1,0.944,700,functional,9606,2026-08-30T07:51:00.550986+00:00,STRING
hypertension-branch,RPS27A,USP1,9606.ENSP00000272317,9606.ENSP00000343526,RPS27A,USP1,0.956,700,functional,9606,2026-08-30T07:51:00.550986+00:00,STRING
hypertension-branch,RPS27A,HDAC6,9606.ENSP00000272317,9606.ENSP00000365804,RPS27A,HDAC6,0.96,700,functional,9606,2026-08-30T07:51:00.550986+00:00,STRING
hypertension-branch,RPS27A,MDM4,9606.ENSP00000272317,9606.ENSP00000356150,RPS27A,MDM4,0.97,700,functional,9606,2026-08-30T07:51:00.550986+00:00,STRING
hypertension-branch,RPS27A,UCHL1,9606.ENSP00000272317,9606.ENSP00000284440,RPS27A,UCHL1,0.991,700,functional,9606,2026-08-30T07:51:00.550986+00:00,STRING
hypertension-branch,RPS27A,PRKN,9606.ENSP00000272317,9606.ENSP00000355865,RPS27A,PRKN,0.997,700,functional,9606,2026-08-30T07:51:00.550986+00:00,STRING
hypertension-branch,RPS27A,RPSA,9606.ENSP00000272317,9606.ENSP00000389351,RPS27A,RPSA,0.999,700,functional,9606,2026-08-30T07:51:00.550986+00:00,STRING
hypertension-branch,AHSG,A2M,9606.ENSP00000273784,9606.ENSP00000323929,AHSG,A2M,0.803,700,functional,9606,2026-08-30T07:51:00.550986+00:00,STRING
hypertension-branch,AHSG,SERPINA1,9606.ENSP00000273784,9606.ENSP00000416066,AHSG,SERPINA1,0.971,700,functional,9606,2026-08-30T07:51:00.550986+00:00,STRING
hypertension-branch,AHSG,ALB,9606.ENSP00000273784,9606.ENSP00000295897,AHSG,ALB,0.999,700,functional,9606,2026-08-30T07:51:00.550986+00:00,STRING
hypertension-branch,PLA2G7,APP,9606.ENSP00000274793,9606.ENSP00000284981,PLA2G7,APP,0.751,700,functional,9606,2026-08-30T07:51:00.550986+00:00,STRING
hypertension-branch,PLA2G7,PLA2G5,9606.ENSP00000274793,9606.ENSP00000364249,PLA2G7,PLA2G5,0.766,700,functional,9606,2026-08-30T07:51:00.550986+00:00,STRING
hypertension-branch,PLA2G7,APOC2,9606.ENSP00000274793,9606.ENSP00000466775,PLA2G7,APOC2,0.82,700,functional,9606,2026-08-30T07:51:00.550986+00:00,STRING
hypertension-branch,PLA2G7,CLU,9606.ENSP00000274793,9606.ENSP00000315130,PLA2G7,CLU,0.842,700,functional,9606,2026-08-30T07:51:00.550986+00:00,STRING
hypertension-branch,PLA2G7,PAFAH1B2,9606.ENSP00000274793,9606.ENSP00000435289,PLA2G7,PAFAH1B2,0.929,700,functional,9606,2026-08-30T07:51:00.550986+00:00,STRING
hypertension-branch,EGFR,PLCB3,9606.ENSP00000275493,9606.ENSP00000443631,EGFR,PLCB3,0.711,700,functional,9606,2026-08-30T07:51:00.550986+00:00,STRING
hypertension-branch,EGFR,GSTP1,9606.ENSP00000275493,9606.ENSP00000381607,EGFR,GSTP1,0.713,700,functional,9606,2026-08-30T07:51:00.550986+00:00,STRING
hypertension-branch,EGFR,GNAS,9606.ENSP00000275493,9606.ENSP00000360141,EGFR,GNAS,0.718,700,functional,9606,2026-08-30T07:51:00.550986+00:00,STRING
hypertension-branch,EGFR,SNCA,9606.ENSP00000275493,9606.ENSP00000500990,EGFR,SNCA,0.728,700,functional,9606,2026-08-30T07:51:00.550986+00:00,STRING
hypertension-branch,EGFR,ANXA5,9606.ENSP00000275493,9606.ENSP00000296511,EGFR,ANXA5,0.745,700,functional,9606,2026-08-30T07:51:00.550986+00:00,STRING
hypertension-branch,EGFR,KEAP1,9606.ENSP00000275493,9606.ENSP00000377245,EGFR,KEAP1,0.746,700,functional,9606,2026-08-30T07:51:00.550986+00:00,STRING
hypertension-branch,EGFR,CASP3,9606.ENSP00000275493,9606.ENSP00000311032,EGFR,CASP3,0.747,700,functional,9606,2026-08-30T07:51:00.550986+00:00,STRING
hypertension-branch,EGFR,CDKN1A,9606.ENSP00000275493,9606.ENSP00000384849,EGFR,CDKN1A,0.752,700,functional,9606,2026-08-30T07:51:00.550986+00:00,STRING
hypertension-branch,EGFR,CASP9,9606.ENSP00000275493,9606.ENSP00000330237,EGFR,CASP9,0.753,700,functional,9606,2026-08-30T07:51:00.550986+00:00,STRING
hypertension-branch,EGFR,ESR2,9606.ENSP00000275493,9606.ENSP00000343925,EGFR,ESR2,0.755,700,functional,9606,2026-08-30T07:51:00.550986+00:00,STRING
hypertension-branch,EGFR,SOX2,9606.ENSP00000275493,9606.ENSP00000323588,EGFR,SOX2,0.758,700,functional,9606,2026-08-30T07:51:00.550986+00:00,STRING
hypertension-branch,EGFR,RGS4,9606.ENSP00000275493,9606.ENSP00000397181,EGFR,RGS4,0.778,700,functional,9606,2026-08-30T07:51:00.550986+00:00,STRING
hypertension-branch,EGFR,MMP14,9606.ENSP00000275493,9606.ENSP00000308208,EGFR,MMP14,0.787,700,functional,9606,2026-08-30T07:51:00.550986+00:00,STRING
hypertension-branch,EGFR,ARRB1,9606.ENSP00000275493,9606.ENSP00000409581,EGFR,ARRB1,0.787,700,functional,9606,2026-08-30T07:51:00.550986+00:00,STRING
hypertension-branch,EGFR,AKT1,9606.ENSP00000275493,9606.ENSP00000451828,EGFR,AKT1,0.792,700,functional,9606,2026-08-30T07:51:00.550986+00:00,STRING
hypertension-branch,EGFR,CXCL8,9606.ENSP00000275493,9606.ENSP00000306512,EGFR,CXCL8,0.792,700,functional,9606,2026-08-30T07:51:00.550986+00:00,STRING
hypertension-branch,EGFR,IDH1,9606.ENSP00000275493,9606.ENSP00000390265,EGFR,IDH1,0.795,700,functional,9606,2026-08-30T07:51:00.550986+00:00,STRING
hypertension-branch,EGFR,PGF,9606.ENSP00000275493,9606.ENSP00000451040,EGFR,PGF,0.797,700,functional,9606,2026-08-30T07:51:00.550986+00:00,STRING
hypertension-branch,EGFR,BRCA1,9606.ENSP00000275493,9606.ENSP00000418960,EGFR,BRCA1,0.8,700,functional,9606,2026-08-30T07:51:00.550986+00:00,STRING
hypertension-branch,EGFR,ALB,9606.ENSP00000275493,9606.ENSP00000295897,EGFR,ALB,0.808,700,functional,9606,2026-08-30T07:51:00.550986+00:00,STRING
hypertension-branch,EGFR,TUBA1A,9606.ENSP00000275493,9606.ENSP00000439020,EGFR,TUBA1A,0.817,700,functional,9606,2026-08-30T07:51:00.550986+00:00,STRING
hypertension-branch,EGFR,MMP9,9606.ENSP00000275493,9606.ENSP00000361405,EGFR,MMP9,0.827,700,functional,9606,2026-08-30T07:51:00.550986+00:00,STRING
hypertension-branch,EGFR,UCHL1,9606.ENSP00000275493,9606.ENSP00000284440,EGFR,UCHL1,0.828,700,functional,9606,2026-08-30T07:51:00.550986+00:00,STRING
hypertension-branch,EGFR,MAPT,9606.ENSP00000275493,9606.ENSP00000340820,EGFR,MAPT,0.83,700,functional,9606,2026-08-30T07:51:00.550986+00:00,STRING
hypertension-branch,EGFR,PGR,9606.ENSP00000275493,9606.ENSP00000325120,EGFR,PGR,0.83,700,functional,9606,2026-08-30T07:51:00.550986+00:00,STRING
hypertension-branch,EGFR,PTK2B,9606.ENSP00000275493,9606.ENSP00000380638,EGFR,PTK2B,0.835,700,functional,9606,2026-08-30T07:51:00.550986+00:00,STRING
hypertension-branch,EGFR,BCL2,9606.ENSP00000275493,9606.ENSP00000381185,EGFR,BCL2,0.839,700,functional,9606,2026-08-30T07:51:00.550986+00:00,STRING
hypertension-branch,EGFR,ACTB,9606.ENSP00000275493,9606.ENSP00000494750,EGFR,ACTB,0.839,700,functional,9606,2026-08-30T07:51:00.550986+00:00,STRING
hypertension-branch,EGFR,PPARG,9606.ENSP00000275493,9606.ENSP00000287820,EGFR,PPARG,0.843,700,functional,9606,2026-08-30T07:51:00.550986+00:00,STRING
hypertension-branch,EGFR,BCL2L1,9606.ENSP00000275493,9606.ENSP00000365230,EGFR,BCL2L1,0.847,700,functional,9606,2026-08-30T07:51:00.550986+00:00,STRING
hypertension-branch,EGFR,RAF1,9606.ENSP00000275493,9606.ENSP00000401888,EGFR,RAF1,0.848,700,functional,9606,2026-08-30T07:51:00.550986+00:00,STRING
hypertension-branch,EGFR,CDK1,9606.ENSP00000275493,9606.ENSP00000378699,EGFR,CDK1,0.849,700,functional,9606,2026-08-30T07:51:00.550986+00:00,STRING
hypertension-branch,EGFR,ABL1,9606.ENSP00000275493,9606.ENSP00000361423,EGFR,ABL1,0.861,700,functional,9606,2026-08-30T07:51:00.550986+00:00,STRING
hypertension-branch,EGFR,HSPA5,9606.ENSP00000275493,9606.ENSP00000324173,EGFR,HSPA5,0.862,700,functional,9606,2026-08-30T07:51:00.550986+00:00,STRING
hypertension-branch,EGFR,AR,9606.ENSP00000275493,9606.ENSP00000363822,EGFR,AR,0.864,700,functional,9606,2026-08-30T07:51:00.550986+00:00,STRING
hypertension-branch,EGFR,JUN,9606.ENSP00000275493,9606.ENSP00000360266,EGFR,JUN,0.871,700,functional,9606,2026-08-30T07:51:00.550986+00:00,STRING
hypertension-branch,EGFR,MYC,9606.ENSP00000275493,9606.ENSP00000478887,EGFR,MYC,0.875,700,functional,9606,2026-08-30T07:51:00.550986+00:00,STRING
hypertension-branch,EGFR,NTRK2,9606.ENSP00000275493,9606.ENSP00000277120,EGFR,NTRK2,0.882,700,functional,9606,2026-08-30T07:51:00.550986+00:00,STRING
hypertension-branch,EGFR,YAP1,9606.ENSP00000275493,9606.ENSP00000478927,EGFR,YAP1,0.884,700,functional,9606,2026-08-30T07:51:00.550986+00:00,STRING
hypertension-branch,EGFR,SFN,9606.ENSP00000275493,9606.ENSP00000340989,EGFR,SFN,0.884,700,functional,9606,2026-08-30T07:51:00.550986+00:00,STRING
hypertension-branch,EGFR,APP,9606.ENSP00000275493,9606.ENSP00000284981,EGFR,APP,0.889,700,functional,9606,2026-08-30T07:51:00.550986+00:00,STRING
hypertension-branch,EGFR,TNF,9606.ENSP00000275493,9606.ENSP00000398698,EGFR,TNF,0.89,700,functional,9606,2026-08-30T07:51:00.550986+00:00,STRING
hypertension-branch,EGFR,EZR,9606.ENSP00000275493,9606.ENSP00000338934,EGFR,EZR,0.891,700,functional,9606,2026-08-30T07:51:00.550986+00:00,STRING
hypertension-branch,EGFR,NGF,9606.ENSP00000275493,9606.ENSP00000358525,EGFR,NGF,0.892,700,functional,9606,2026-08-30T07:51:00.550986+00:00,STRING
hypertension-branch,EGFR,PLAUR,9606.ENSP00000275493,9606.ENSP00000339328,EGFR,PLAUR,0.896,700,functional,9606,2026-08-30T07:51:00.550986+00:00,STRING
hypertension-branch,EGFR,HDAC6,9606.ENSP00000275493,9606.ENSP00000365804,EGFR,HDAC6,0.919,700,functional,9606,2026-08-30T07:51:00.550986+00:00,STRING
hypertension-branch,EGFR,HSPA1B,9606.ENSP00000275493,9606.ENSP00000364801,EGFR,HSPA1B,0.923,700,functional,9606,2026-08-30T07:51:00.550986+00:00,STRING
hypertension-branch,EGFR,ENO1,9606.ENSP00000275493,9606.ENSP00000495530,EGFR,ENO1,0.928,700,functional,9606,2026-08-30T07:51:00.550986+00:00,STRING
hypertension-branch,EGFR,HIF1A,9606.ENSP00000275493,9606.ENSP00000437955,EGFR,HIF1A,0.934,700,functional,9606,2026-08-30T07:51:00.550986+00:00,STRING
hypertension-branch,EGFR,FOS,9606.ENSP00000275493,9606.ENSP00000306245,EGFR,FOS,0.94,700,functional,9606,2026-08-30T07:51:00.550986+00:00,STRING
hypertension-branch,EGFR,IGFBP3,9606.ENSP00000275493,9606.ENSP00000370473,EGFR,IGFBP3,0.981,700,functional,9606,2026-08-30T07:51:00.550986+00:00,STRING
hypertension-branch,EGFR,ESR1,9606.ENSP00000275493,9606.ENSP00000405330,EGFR,ESR1,0.988,700,functional,9606,2026-08-30T07:51:00.550986+00:00,STRING
hypertension-branch,EGFR,IGF1,9606.ENSP00000275493,9606.ENSP00000376637,EGFR,IGF1,0.991,700,functional,9606,2026-08-30T07:51:00.550986+00:00,STRING
hypertension-branch,EGFR,ERRFI1,9606.ENSP00000275493,9606.ENSP00000366702,EGFR,ERRFI1,0.996,700,functional,9606,2026-08-30T07:51:00.550986+00:00,STRING
hypertension-branch,EGFR,NRG1,9606.ENSP00000275493,9606.ENSP00000287842,EGFR,NRG1,0.999,700,functional,9606,2026-08-30T07:51:00.550986+00:00,STRING
hypertension-branch,EGFR,MUC1,9606.ENSP00000275493,9606.ENSP00000484824,EGFR,MUC1,0.999,700,functional,9606,2026-08-30T07:51:00.550986+00:00,STRING
hypertension-branch,EGFR,AREG,9606.ENSP00000275493,9606.ENSP00000379097,EGFR,AREG,0.999,700,functional,9606,2026-08-30T07:51:00.550986+00:00,STRING
hypertension-branch,TNFRSF10B,CYCS,9606.ENSP00000276431,9606.ENSP00000307786,TNFRSF10B,CYCS,0.7,700,functional,9606,2026-08-30T07:51:00.550986+00:00,STRING
hypertension-branch,TNFRSF10B,MCL1,9606.ENSP00000276431,9606.ENSP00000358022,TNFRSF10B,MCL1,0.705,700,functional,9606,2026-08-30T07:51:00.550986+00:00,STRING
hypertension-branch,TNFRSF10B,CASP7,9606.ENSP00000276431,9606.ENSP00000358327,TNFRSF10B,CASP7,0.717,700,functional,9606,2026-08-30T07:51:00.550986+00:00,STRING
hypertension-branch,TNFRSF10B,BCL2L1,9606.ENSP00000276431,9606.ENSP00000365230,TNFRSF10B,BCL2L1,0.727,700,functional,9606,2026-08-30T07:51:00.550986+00:00,STRING
hypertension-branch,TNFRSF10B,CASP9,9606.ENSP00000276431,9606.ENSP00000330237,TNFRSF10B,CASP9,0.73,700,functional,9606,2026-08-30T07:51:00.550986+00:00,STRING
hypertension-branch,TNFRSF10B,BCL2,9606.ENSP00000276431,9606.ENSP00000381185,TNFRSF10B,BCL2,0.739,700,functional,9606,2026-08-30T07:51:00.550986+00:00,STRING
hypertension-branch,TNFRSF10B,CASP3,9606.ENSP00000276431,9606.ENSP00000311032,TNFRSF10B,CASP3,0.782,700,functional,9606,2026-08-30T07:51:00.550986+00:00,STRING
hypertension-branch,TNFRSF10B,TNF,9606.ENSP00000276431,9606.ENSP00000398698,TNFRSF10B,TNF,0.997,700,functional,9606,2026-08-30T07:51:00.550986+00:00,STRING
hypertension-branch,NTRK2,MC4R,9606.ENSP00000277120,9606.ENSP00000299766,NTRK2,MC4R,0.705,700,functional,9606,2026-08-30T07:51:00.550986+00:00,STRING
hypertension-branch,NTRK2,CREB1,9606.ENSP00000277120,9606.ENSP00000387699,NTRK2,CREB1,0.771,700,functional,9606,2026-08-30T07:51:00.550986+00:00,STRING
hypertension-branch,NTRK2,IGF1,9606.ENSP00000277120,9606.ENSP00000376637,NTRK2,IGF1,0.89,700,functional,9606,2026-08-30T07:51:00.550986+00:00,STRING
hypertension-branch,NTRK2,ABL1,9606.ENSP00000277120,9606.ENSP00000361423,NTRK2,ABL1,0.91,700,functional,9606,2026-08-30T07:51:00.550986+00:00,STRING
hypertension-branch,NTRK2,NGF,9606.ENSP00000277120,9606.ENSP00000358525,NTRK2,NGF,0.999,700,functional,9606,2026-08-30T07:51:00.550986+00:00,STRING
hypertension-branch,SCGB1A1,CHRM1,9606.ENSP00000278282,9606.ENSP00000306490,SCGB1A1,CHRM1,0.763,700,functional,9606,2026-08-30T07:51:00.550986+00:00,STRING
hypertension-branch,SCGB1A1,PLCB3,9606.ENSP00000278282,9606.ENSP00000443631,SCGB1A1,PLCB3,0.765,700,functional,9606,2026-08-30T07:51:00.550986+00:00,STRING
hypertension-branch,ATM,CASP3,9606.ENSP00000278616,9606.ENSP00000311032,ATM,CASP3,0.702,700,functional,9606,2026-08-30T07:51:00.550986+00:00,STRING
hypertension-branch,ATM,BCL2,9606.ENSP00000278616,9606.ENSP00000381185,ATM,BCL2,0.712,700,functional,9606,2026-08-30T07:51:00.550986+00:00,STRING
hypertension-branch,ATM,CDK1,9606.ENSP00000278616,9606.ENSP00000378699,ATM,CDK1,0.733,700,functional,9606,2026-08-30T07:51:00.550986+00:00,STRING
hypertension-branch,ATM,CREB1,9606.ENSP00000278616,9606.ENSP00000387699,ATM,CREB1,0.735,700,functional,9606,2026-08-30T07:51:00.550986+00:00,STRING
hypertension-branch,ATM,AKT1,9606.ENSP00000278616,9606.ENSP00000451828,ATM,AKT1,0.742,700,functional,9606,2026-08-30T07:51:00.550986+00:00,STRING
hypertension-branch,ATM,FEN1,9606.ENSP00000278616,9606.ENSP00000305480,ATM,FEN1,0.753,700,functional,9606,2026-08-30T07:51:00.550986+00:00,STRING
hypertension-branch,ATM,PLK1,9606.ENSP00000278616,9606.ENSP00000300093,ATM,PLK1,0.768,700,functional,9606,2026-08-30T07:51:00.550986+00:00,STRING
hypertension-branch,ATM,CDKN1A,9606.ENSP00000278616,9606.ENSP00000384849,ATM,CDKN1A,0.807,700,functional,9606,2026-08-30T07:51:00.550986+00:00,STRING
hypertension-branch,ATM,CCNA2,9606.ENSP00000278616,9606.ENSP00000481380,ATM,CCNA2,0.815,700,functional,9606,2026-08-30T07:51:00.550986+00:00,STRING
hypertension-branch,ATM,MYC,9606.ENSP00000278616,9606.ENSP00000478887,ATM,MYC,0.871,700,functional,9606,2026-08-30T07:51:00.550986+00:00,STRING
hypertension-branch,ATM,ATRX,9606.ENSP00000278616,9606.ENSP00000362441,ATM,ATRX,0.897,700,functional,9606,2026-08-30T07:51:00.550986+00:00,STRING
hypertension-branch,ATM,RAD52,9606.ENSP00000278616,9606.ENSP00000351284,ATM,RAD52,0.94,700,functional,9606,2026-08-30T07:51:00.550986+00:00,STRING
hypertension-branch,ATM,MDM4,9606.ENSP00000278616,9606.ENSP00000356150,ATM,MDM4,0.954,700,functional,9606,2026-08-30T07:51:00.550986+00:00,STRING
hypertension-branch,ATM,WRN,9606.ENSP00000278616,9606.ENSP00000298139,ATM,WRN,0.955,700,functional,9606,2026-08-30T07:51:00.550986+00:00,STRING
hypertension-branch,ATM,ABL1,9606.ENSP00000278616,9606.ENSP00000361423,ATM,ABL1,0.988,700,functional,9606,2026-08-30T07:51:00.550986+00:00,STRING
hypertension-branch,ATM,BRCA1,9606.ENSP00000278616,9606.ENSP00000418960,ATM,BRCA1,0.999,700,functional,9606,2026-08-30T07:51:00.550986+00:00,STRING
hypertension-branch,SLC7A11,GPX4,9606.ENSP00000280612,9606.ENSP00000346103,SLC7A11,GPX4,0.824,700,functional,9606,2026-08-30T07:51:00.550986+00:00,STRING
hypertension-branch,SLC7A11,NFE2L2,9606.ENSP00000280612,9606.ENSP00000380252,SLC7A11,NFE2L2,0.826,700,functional,9606,2026-08-30T07:51:00.550986+00:00,STRING
hypertension-branch,NRGN,SNCA,9606.ENSP00000284292,9606.ENSP00000500990,NRGN,SNCA,0.783,700,functional,9606,2026-08-30T07:51:00.550986+00:00,STRING
hypertension-branch,UCHL1,GBA1,9606.ENSP00000284440,9606.ENSP00000314508,UCHL1,GBA,0.71,700,functional,9606,2026-08-30T07:51:00.550986+00:00,STRING
hypertension-branch,UCHL1,MAPT,9606.ENSP00000284440,9606.ENSP00000340820,UCHL1,MAPT,0.721,700,functional,9606,2026-08-30T07:51:00.550986+00:00,STRING
hypertension-branch,UCHL1,APP,9606.ENSP00000284440,9606.ENSP00000284981,UCHL1,APP,0.746,700,functional,9606,2026-08-30T07:51:00.550986+00:00,STRING
hypertension-branch,UCHL1,SNCA,9606.ENSP00000284440,9606.ENSP00000500990,UCHL1,SNCA,0.957,700,functional,9606,2026-08-30T07:51:00.550986+00:00,STRING
hypertension-branch,UCHL1,PRKN,9606.ENSP00000284440,9606.ENSP00000355865,UCHL1,PRKN,0.96,700,functional,9606,2026-08-30T07:51:00.550986+00:00,STRING
hypertension-branch,APP,CYCS,9606.ENSP00000284981,9606.ENSP00000307786,APP,CYCS,0.709,700,functional,9606,2026-08-30T07:51:00.550986+00:00,STRING
hypertension-branch,APP,CREB1,9606.ENSP00000284981,9606.ENSP00000387699,APP,CREB1,0.713,700,functional,9606,2026-08-30T07:51:00.550986+00:00,STRING
hypertension-branch,APP,ADAM17,9606.ENSP00000284981,9606.ENSP00000309968,APP,ADAM17,0.733,700,functional,9606,2026-08-30T07:51:00.550986+00:00,STRING
hypertension-branch,APP,PDIA3,9606.ENSP00000284981,9606.ENSP00000300289,APP,PDIA3,0.737,700,functional,9606,2026-08-30T07:51:00.550986+00:00,STRING
hypertension-branch,APP,SERPINA1,9606.ENSP00000284981,9606.ENSP00000416066,APP,SERPINA1,0.764,700,functional,9606,2026-08-30T07:51:00.550986+00:00,STRING
hypertension-branch,APP,APOC2,9606.ENSP00000284981,9606.ENSP00000466775,APP,APOC2,0.772,700,functional,9606,2026-08-30T07:51:00.550986+00:00,STRING
hypertension-branch,APP,JUN,9606.ENSP00000284981,9606.ENSP00000360266,APP,JUN,0.79,700,functional,9606,2026-08-30T07:51:00.550986+00:00,STRING
hypertension-branch,APP,TNF,9606.ENSP00000284981,9606.ENSP00000398698,APP,TNF,0.799,700,functional,9606,2026-08-30T07:51:00.550986+00:00,STRING
hypertension-branch,APP,ACTB,9606.ENSP00000284981,9606.ENSP00000494750,APP,ACTB,0.801,700,functional,9606,2026-08-30T07:51:00.550986+00:00,STRING
hypertension-branch,APP,HTT,9606.ENSP00000284981,9606.ENSP00000347184,APP,HTT,0.826,700,functional,9606,2026-08-30T07:51:00.550986+00:00,STRING
hypertension-branch,APP,NGF,9606.ENSP00000284981,9606.ENSP00000358525,APP,NGF,0.85,700,functional,9606,2026-08-30T07:51:00.550986+00:00,STRING
hypertension-branch,APP,PRKN,9606.ENSP00000284981,9606.ENSP00000355865,APP,PRKN,0.856,700,functional,9606,2026-08-30T07:51:00.550986+00:00,STRING
hypertension-branch,APP,AGER,9606.ENSP00000284981,9606.ENSP00000364210,APP,AGER,0.881,700,functional,9606,2026-08-30T07:51:00.550986+00:00,STRING
hypertension-branch,APP,MMEL1,9606.ENSP00000284981,9606.ENSP00000367668,APP,MMEL1,0.891,700,functional,9606,2026-08-30T07:51:00.550986+00:00,STRING
hypertension-branch,APP,ALB,9606.ENSP00000284981,9606.ENSP00000295897,APP,ALB,0.901,700,functional,9606,2026-08-30T07:51:00.550986+00:00,STRING
hypertension-branch,APP,A2M,9606.ENSP00000284981,9606.ENSP00000323929,APP,A2M,0.905,700,functional,9606,2026-08-30T07:51:00.550986+00:00,STRING
hypertension-branch,APP,CASP3,9606.ENSP00000284981,9606.ENSP00000311032,APP,CASP3,0.908,700,functional,9606,2026-08-30T07:51:00.550986+00:00,STRING
hypertension-branch,APP,HSPD1,9606.ENSP00000284981,9606.ENSP00000340019,APP,HSPD1,0.916,700,functional,9606,2026-08-30T07:51:00.550986+00:00,STRING
hypertension-branch,APP,ACHE,9606.ENSP00000284981,9606.ENSP00000303211,APP,ACHE,0.937,700,functional,9606,2026-08-30T07:51:00.550986+00:00,STRING
hypertension-branch,APP,SNCA,9606.ENSP00000284981,9606.ENSP00000500990,APP,SNCA,0.993,700,functional,9606,2026-08-30T07:51:00.550986+00:00,STRING
hypertension-branch,APP,MAPT,9606.ENSP00000284981,9606.ENSP00000340820,APP,MAPT,0.995,700,functional,9606,2026-08-30T07:51:00.550986+00:00,STRING
hypertension-branch,APP,CLU,9606.ENSP00000284981,9606.ENSP00000315130,APP,CLU,0.998,700,functional,9606,2026-08-30T07:51:00.550986+00:00,STRING
hypertension-branch,APP,PRNP,9606.ENSP00000284981,9606.ENSP00000399376,APP,PRNP,0.998,700,functional,9606,2026-08-30T07:51:00.550986+00:00,STRING
hypertension-branch,APP,NAE1,9606.ENSP00000284981,9606.ENSP00000351990,APP,NAE1,0.998,700,functional,9606,2026-08-30T07:51:00.550986+00:00,STRING
hypertension-branch,RHOC,ACTB,9606.ENSP00000285735,9606.ENSP00000494750,RHOC,ACTB,0.786,700,functional,9606,2026-08-30T07:51:00.550986+00:00,STRING
hypertension-branch,PPARG,PPARD,9606.ENSP00000287820,9606.ENSP00000310928,PPARG,PPARD,0.715,700,functional,9606,2026-08-30T07:51:00.550986+00:00,STRING
hypertension-branch,PPARG,EDN1,9606.ENSP00000287820,9606.ENSP00000368683,PPARG,EDN1,0.724,700,functional,9606,2026-08-30T07:51:00.550986+00:00,STRING
hypertension-branch,PPARG,MMP9,9606.ENSP00000287820,9606.ENSP00000361405,PPARG,MMP9,0.765,700,functional,9606,2026-08-30T07:51:00.550986+00:00,STRING
hypertension-branch,PPARG,NR2F2,9606.ENSP00000287820,9606.ENSP00000377721,PPARG,NR2F2,0.779,700,functional,9606,2026-08-30T07:51:00.550986+00:00,STRING
hypertension-branch,PPARG,AKT1,9606.ENSP00000287820,9606.ENSP00000451828,PPARG,AKT1,0.79,700,functional,9606,2026-08-30T07:51:00.550986+00:00,STRING
hypertension-branch,PPARG,ESR1,9606.ENSP00000287820,9606.ENSP00000405330,PPARG,ESR1,0.794,700,functional,9606,2026-08-30T07:51:00.550986+00:00,STRING
hypertension-branch,PPARG,NR0B1,9606.ENSP00000287820,9606.ENSP00000368253,PPARG,NR0B1,0.801,700,functional,9606,2026-08-30T07:51:00.550986+00:00,STRING
hypertension-branch,PPARG,HTT,9606.ENSP00000287820,9606.ENSP00000347184,PPARG,HTT,0.802,700,functional,9606,2026-08-30T07:51:00.550986+00:00,STRING
hypertension-branch,PPARG,TNF,9606.ENSP00000287820,9606.ENSP00000398698,PPARG,TNF,0.807,700,functional,9606,2026-08-30T07:51:00.550986+00:00,STRING
hypertension-branch,PPARG,IGF1,9606.ENSP00000287820,9606.ENSP00000376637,PPARG,IGF1,0.828,700,functional,9606,2026-08-30T07:51:00.550986+00:00,STRING
hypertension-branch,PPARG,NFE2L2,9606.ENSP00000287820,9606.ENSP00000380252,PPARG,NFE2L2,0.831,700,functional,9606,2026-08-30T07:51:00.550986+00:00,STRING
hypertension-branch,PPARG,JUN,9606.ENSP00000287820,9606.ENSP00000360266,PPARG,JUN,0.849,700,functional,9606,2026-08-30T07:51:00.550986+00:00,STRING
hypertension-branch,PPARG,IGFBP3,9606.ENSP00000287820,9606.ENSP00000370473,PPARG,IGFBP3,0.85,700,functional,9606,2026-08-30T07:51:00.550986+00:00,STRING
hypertension-branch,PPARG,HIF1A,9606.ENSP00000287820,9606.ENSP00000437955,PPARG,HIF1A,0.854,700,functional,9606,2026-08-30T07:51:00.550986+00:00,STRING
hypertension-branch,PPARG,FASN,9606.ENSP00000287820,9606.ENSP00000304592,PPARG,FASN,0.86,700,functional,9606,2026-08-30T07:51:00.550986+00:00,STRING
hypertension-branch,PPARG,ANGPTL4,9606.ENSP00000287820,9606.ENSP00000301455,PPARG,ANGPTL4,0.875,700,functional,9606,2026-08-30T07:51:00.550986+00:00,STRING
hypertension-branch,PPARG,ESRRA,9606.ENSP00000287820,9606.ENSP00000384851,PPARG,ESRRA,0.898,700,functional,9606,2026-08-30T07:51:00.550986+00:00,STRING
hypertension-branch,PPARG,NCOA3,9606.ENSP00000287820,9606.ENSP00000361066,PPARG,NCOA3,0.909,700,functional,9606,2026-08-30T07:51:00.550986+00:00,STRING
hypertension-branch,PPARG,SMAD3,9606.ENSP00000287820,9606.ENSP00000332973,PPARG,SMAD3,0.95,700,functional,9606,2026-08-30T07:51:00.550986+00:00,STRING
hypertension-branch,PPARG,HDAC3,9606.ENSP00000287820,9606.ENSP00000302967,PPARG,HDAC3,0.965,700,functional,9606,2026-08-30T07:51:00.550986+00:00,STRING
hypertension-branch,PPARG,ACTB,9606.ENSP00000287820,9606.ENSP00000494750,PPARG,ACTB,0.971,700,functional,9606,2026-08-30T07:51:00.550986+00:00,STRING
hypertension-branch,PPARG,RXRA,9606.ENSP00000287820,9606.ENSP00000419692,PPARG,RXRA,0.999,700,functional,9606,2026-08-30T07:51:00.550986+00:00,STRING
hypertension-branch,PPARG,NCOA1,9606.ENSP00000287820,9606.ENSP00000385216,PPARG,NCOA1,0.999,700,functional,9606,2026-08-30T07:51:00.550986+00:00,STRING
hypertension-branch,NRG1,NGF,9606.ENSP00000287842,9606.ENSP00000358525,NRG1,NGF,0.719,700,functional,9606,2026-08-30T07:51:00.550986+00:00,STRING
hypertension-branch,NRG1,AREG,9606.ENSP00000287842,9606.ENSP00000379097,NRG1,AREG,0.788,700,functional,9606,2026-08-30T07:51:00.550986+00:00,STRING
hypertension-branch,HTR5A,GNAS,9606.ENSP00000287907,9606.ENSP00000360141,HTR5A,GNAS,0.722,700,functional,9606,2026-08-30T07:51:00.550986+00:00,STRING
hypertension-branch,HTR5A,GNAI1,9606.ENSP00000287907,9606.ENSP00000497260,HTR5A,GNAI1,0.976,700,functional,9606,2026-08-30T07:51:00.550986+00:00,STRING
hypertension-branch,CCNB2,TK1,9606.ENSP00000288207,9606.ENSP00000468425,CCNB2,TK1,0.88,700,functional,9606,2026-08-30T07:51:00.550986+00:00,STRING
hypertension-branch,CCNB2,PCLAF,9606.ENSP00000288207,9606.ENSP00000300035,CCNB2,PCLAF,0.882,700,functional,9606,2026-08-30T07:51:00.550986+00:00,STRING
hypertension-branch,CCNB2,CDCA3,9606.ENSP00000288207,9606.ENSP00000442068,CCNB2,CDCA3,0.913,700,functional,9606,2026-08-30T07:51:00.550986+00:00,STRING
hypertension-branch,CCNB2,SFN,9606.ENSP00000288207,9606.ENSP00000340989,CCNB2,SFN,0.919,700,functional,9606,2026-08-30T07:51:00.550986+00:00,STRING
hypertension-branch,CCNB2,CDKN1A,9606.ENSP00000288207,9606.ENSP00000384849,CCNB2,CDKN1A,0.927,700,functional,9606,2026-08-30T07:51:00.550986+00:00,STRING
hypertension-branch,CCNB2,CKS1B,9606.ENSP00000288207,9606.ENSP00000311083,CCNB2,CKS1B,0.952,700,functional,9606,2026-08-30T07:51:00.550986+00:00,STRING
hypertension-branch,CCNB2,CCNA2,9606.ENSP00000288207,9606.ENSP00000481380,CCNB2,CCNA2,0.965,700,functional,9606,2026-08-30T07:51:00.550986+00:00,STRING
hypertension-branch,CCNB2,AURKB,9606.ENSP00000288207,9606.ENSP00000313950,CCNB2,AURKB,0.99,700,functional,9606,2026-08-30T07:51:00.550986+00:00,STRING
hypertension-branch,CCNB2,BIRC5,9606.ENSP00000288207,9606.ENSP00000301633,CCNB2,BIRC5,0.993,700,functional,9606,2026-08-30T07:51:00.550986+00:00,STRING
hypertension-branch,CCNB2,PLK1,9606.ENSP00000288207,9606.ENSP00000300093,CCNB2,PLK1,0.995,700,functional,9606,2026-08-30T07:51:00.550986+00:00,STRING
hypertension-branch,CCNB2,CDK1,9606.ENSP00000288207,9606.ENSP00000378699,CCNB2,CDK1,0.999,700,functional,9606,2026-08-30T07:51:00.550986+00:00,STRING
hypertension-branch,CCNB2,CDC20,9606.ENSP00000288207,9606.ENSP00000361540,CCNB2,CDC20,0.999,700,functional,9606,2026-08-30T07:51:00.550986+00:00,STRING
hypertension-branch,PTGER1,ADRB2,9606.ENSP00000292513,9606.ENSP00000305372,PTGER1,ADRB2,0.704,700,functional,9606,2026-08-30T07:51:00.550986+00:00,STRING
hypertension-branch,PTGER1,GNAI1,9606.ENSP00000292513,9606.ENSP00000497260,PTGER1,GNAI1,0.909,700,functional,9606,2026-08-30T07:51:00.550986+00:00,STRING
hypertension-branch,PTGER1,GNAS,9606.ENSP00000292513,9606.ENSP00000360141,PTGER1,GNAS,0.919,700,functional,9606,2026-08-30T07:51:00.550986+00:00,STRING
hypertension-branch,BAX,AKT1,9606.ENSP00000293288,9606.ENSP00000451828,BAX,AKT1,0.761,700,functional,9606,2026-08-30T07:51:00.550986+00:00,STRING
hypertension-branch,BAX,SFN,9606.ENSP00000293288,9606.ENSP00000340989,BAX,SFN,0.821,700,functional,9606,2026-08-30T07:51:00.550986+00:00,STRING
hypertension-branch,BAX,CASP9,9606.ENSP00000293288,9606.ENSP00000330237,BAX,CASP9,0.856,700,functional,9606,2026-08-30T07:51:00.550986+00:00,STRING
hypertension-branch,BAX,CASP3,9606.ENSP00000293288,9606.ENSP00000311032,BAX,CASP3,0.884,700,functional,9606,2026-08-30T07:51:00.550986+00:00,STRING
hypertension-branch,BAX,CLU,9606.ENSP00000293288,9606.ENSP00000315130,BAX,CLU,0.886,700,functional,9606,2026-08-30T07:51:00.550986+00:00,STRING
hypertension-branch,BAX,APAF1,9606.ENSP00000293288,9606.ENSP00000448165,BAX,APAF1,0.922,700,functional,9606,2026-08-30T07:51:00.550986+00:00,STRING
hypertension-branch,BAX,PRKN,9606.ENSP00000293288,9606.ENSP00000355865,BAX,PRKN,0.94,700,functional,9606,2026-08-30T07:51:00.550986+00:00,STRING
hypertension-branch,BAX,CYCS,9606.ENSP00000293288,9606.ENSP00000307786,BAX,CYCS,0.993,700,functional,9606,2026-08-30T07:51:00.550986+00:00,STRING
hypertension-branch,BAX,BCL2L11,9606.ENSP00000293288,9606.ENSP00000376943,BAX,BCL2L11,0.998,700,functional,9606,2026-08-30T07:51:00.550986+00:00,STRING
hypertension-branch,BAX,BCL2,9606.ENSP00000293288,9606.ENSP00000381185,BAX,BCL2,0.999,700,functional,9606,2026-08-30T07:51:00.550986+00:00,STRING
hypertension-branch,BAX,BCL2L1,9606.ENSP00000293288,9606.ENSP00000365230,BAX,BCL2L1,0.999,700,functional,9606,2026-08-30T07:51:00.550986+00:00,STRING
hypertension-branch,BAX,MCL1,9606.ENSP00000293288,9606.ENSP00000358022,BAX,MCL1,0.999,700,functional,9606,2026-08-30T07:51:00.550986+00:00,STRING
hypertension-branch,ALOX15,PLA2G5,9606.ENSP00000293761,9606.ENSP00000364249,ALOX15,PLA2G5,0.709,700,functional,9606,2026-08-30T07:51:00.550986+00:00,STRING
hypertension-branch,ALOX15,CYP2B6,9606.ENSP00000293761,9606.ENSP00000324648,ALOX15,CYP2B6,0.911,700,functional,9606,2026-08-30T07:51:00.550986+00:00,STRING
hypertension-branch,ALOX15,CYP3A4,9606.ENSP00000293761,9606.ENSP00000498939,ALOX15,CYP3A4,0.912,700,functional,9606,2026-08-30T07:51:00.550986+00:00,STRING
hypertension-branch,ALOX15,CYP2C8,9606.ENSP00000293761,9606.ENSP00000360317,ALOX15,CYP2C8,0.913,700,functional,9606,2026-08-30T07:51:00.550986+00:00,STRING
hypertension-branch,ALOX15,CYP1A2,9606.ENSP00000293761,9606.ENSP00000342007,ALOX15,CYP1A2,0.915,700,functional,9606,2026-08-30T07:51:00.550986+00:00,STRING
hypertension-branch,ALOX15,CYP2E1,9606.ENSP00000293761,9606.ENSP00000440689,ALOX15,CYP2E1,0.916,700,functional,9606,2026-08-30T07:51:00.550986+00:00,STRING
hypertension-branch,ALOX15,CYP2C19,9606.ENSP00000293761,9606.ENSP00000360372,ALOX15,CYP2C19,0.92,700,functional,9606,2026-08-30T07:51:00.550986+00:00,STRING
hypertension-branch,ALOX15,GPX3,9606.ENSP00000293761,9606.ENSP00000373477,ALOX15,GPX3,0.933,700,functional,9606,2026-08-30T07:51:00.550986+00:00,STRING
hypertension-branch,CLDN1,CLDN2,9606.ENSP00000295522,9606.ENSP00000336571,CLDN1,CLDN2,0.843,700,functional,9606,2026-08-30T07:51:00.550986+00:00,STRING
hypertension-branch,CLDN1,CLDN3,9606.ENSP00000295522,9606.ENSP00000378577,CLDN1,CLDN3,0.85,700,functional,9606,2026-08-30T07:51:00.550986+00:00,STRING
hypertension-branch,CLDN1,MARVELD2,9606.ENSP00000295522,9606.ENSP00000323264,CLDN1,MARVELD2,0.889,700,functional,9606,2026-08-30T07:51:00.550986+00:00,STRING
hypertension-branch,CLDN1,CLDN4,9606.ENSP00000295522,9606.ENSP00000409544,CLDN1,CLDN4,0.944,700,functional,9606,2026-08-30T07:51:00.550986+00:00,STRING
hypertension-branch,ALB,GPX3,9606.ENSP00000295897,9606.ENSP00000373477,ALB,GPX3,0.716,700,functional,9606,2026-08-30T07:51:00.550986+00:00,STRING
hypertension-branch,ALB,FOXA2,9606.ENSP00000295897,9606.ENSP00000400341,ALB,FOXA2,0.737,700,functional,9606,2026-08-30T07:51:00.550986+00:00,STRING
hypertension-branch,ALB,CYP3A4,9606.ENSP00000295897,9606.ENSP00000498939,ALB,CYP3A4,0.744,700,functional,9606,2026-08-30T07:51:00.550986+00:00,STRING
hypertension-branch,ALB,MMP9,9606.ENSP00000295897,9606.ENSP00000361405,ALB,MMP9,0.745,700,functional,9606,2026-08-30T07:51:00.550986+00:00,STRING
hypertension-branch,ALB,BCL2,9606.ENSP00000295897,9606.ENSP00000381185,ALB,BCL2,0.748,700,functional,9606,2026-08-30T07:51:00.550986+00:00,STRING
hypertension-branch,ALB,TNNI3,9606.ENSP00000295897,9606.ENSP00000341838,ALB,TNNI3,0.748,700,functional,9606,2026-08-30T07:51:00.550986+00:00,STRING
hypertension-branch,ALB,PPARA,9606.ENSP00000295897,9606.ENSP00000385523,ALB,PPARA,0.751,700,functional,9606,2026-08-30T07:51:00.550986+00:00,STRING
hypertension-branch,ALB,MYC,9606.ENSP00000295897,9606.ENSP00000478887,ALB,MYC,0.759,700,functional,9606,2026-08-30T07:51:00.550986+00:00,STRING
hypertension-branch,ALB,NGF,9606.ENSP00000295897,9606.ENSP00000358525,ALB,NGF,0.763,700,functional,9606,2026-08-30T07:51:00.550986+00:00,STRING
hypertension-branch,ALB,GLP1R,9606.ENSP00000295897,9606.ENSP00000362353,ALB,GLP1R,0.765,700,functional,9606,2026-08-30T07:51:00.550986+00:00,STRING
hypertension-branch,ALB,PF4,9606.ENSP00000295897,9606.ENSP00000296029,ALB,PF4,0.766,700,functional,9606,2026-08-30T07:51:00.550986+00:00,STRING
hypertension-branch,ALB,CXCL8,9606.ENSP00000295897,9606.ENSP00000306512,ALB,CXCL8,0.782,700,functional,9606,2026-08-30T07:51:00.550986+00:00,STRING
hypertension-branch,ALB,ELN,9606.ENSP00000295897,9606.ENSP00000351807,ALB,ELN,0.783,700,functional,9606,2026-08-30T07:51:00.550986+00:00,STRING
hypertension-branch,ALB,ANXA5,9606.ENSP00000295897,9606.ENSP00000296511,ALB,ANXA5,0.786,700,functional,9606,2026-08-30T07:51:00.550986+00:00,STRING
hypertension-branch,ALB,AKT1,9606.ENSP00000295897,9606.ENSP00000451828,ALB,AKT1,0.795,700,functional,9606,2026-08-30T07:51:00.550986+00:00,STRING
hypertension-branch,ALB,ESR1,9606.ENSP00000295897,9606.ENSP00000405330,ALB,ESR1,0.796,700,functional,9606,2026-08-30T07:51:00.550986+00:00,STRING
hypertension-branch,ALB,AGER,9606.ENSP00000295897,9606.ENSP00000364210,ALB,AGER,0.797,700,functional,9606,2026-08-30T07:51:00.550986+00:00,STRING
hypertension-branch,ALB,F3,9606.ENSP00000295897,9606.ENSP00000334145,ALB,F3,0.799,700,functional,9606,2026-08-30T07:51:00.550986+00:00,STRING
hypertension-branch,ALB,CASP3,9606.ENSP00000295897,9606.ENSP00000311032,ALB,CASP3,0.815,700,functional,9606,2026-08-30T07:51:00.550986+00:00,STRING
hypertension-branch,ALB,IGF1,9606.ENSP00000295897,9606.ENSP00000376637,ALB,IGF1,0.83,700,functional,9606,2026-08-30T07:51:00.550986+00:00,STRING
hypertension-branch,ALB,CLU,9606.ENSP00000295897,9606.ENSP00000315130,ALB,CLU,0.831,700,functional,9606,2026-08-30T07:51:00.550986+00:00,STRING
hypertension-branch,ALB,TNF,9606.ENSP00000295897,9606.ENSP00000398698,ALB,TNF,0.87,700,functional,9606,2026-08-30T07:51:00.550986+00:00,STRING
hypertension-branch,ALB,ACTB,9606.ENSP00000295897,9606.ENSP00000494750,ALB,ACTB,0.886,700,functional,9606,2026-08-30T07:51:00.550986+00:00,STRING
hypertension-branch,ALB,A2M,9606.ENSP00000295897,9606.ENSP00000323929,ALB,A2M,0.98,700,functional,9606,2026-08-30T07:51:00.550986+00:00,STRING
hypertension-branch,ALB,CYCS,9606.ENSP00000295897,9606.ENSP00000307786,ALB,CYCS,0.986,700,functional,9606,2026-08-30T07:51:00.550986+00:00,STRING
hypertension-branch,ALB,SERPINA1,9606.ENSP00000295897,9606.ENSP00000416066,ALB,SERPINA1,0.998,700,functional,9606,2026-08-30T07:51:00.550986+00:00,STRING
hypertension-branch,PF4,TNF,9606.ENSP00000296029,9606.ENSP00000398698,PF4,TNF,0.714,700,functional,9606,2026-08-30T07:51:00.550986+00:00,STRING
hypertension-branch,PF4,F3,9606.ENSP00000296029,9606.ENSP00000334145,PF4,F3,0.72,700,functional,9606,2026-08-30T07:51:00.550986+00:00,STRING
hypertension-branch,PF4,CCR6,9606.ENSP00000296029,9606.ENSP00000343952,PF4,CCR6,0.725,700,functional,9606,2026-08-30T07:51:00.550986+00:00,STRING
hypertension-branch,PF4,CCL3,9606.ENSP00000296029,9606.ENSP00000477908,PF4,CCL3,0.734,700,functional,9606,2026-08-30T07:51:00.550986+00:00,STRING
hypertension-branch,PF4,CXCR6,9606.ENSP00000296029,9606.ENSP00000395704,PF4,CXCR6,0.755,700,functional,9606,2026-08-30T07:51:00.550986+00:00,STRING
hypertension-branch,PF4,HMGB1,9606.ENSP00000296029,9606.ENSP00000345347,PF4,HMGB1,0.779,700,functional,9606,2026-08-30T07:51:00.550986+00:00,STRING
hypertension-branch,PF4,CXCL14,9606.ENSP00000296029,9606.ENSP00000337065,PF4,CXCL14,0.996,700,functional,9606,2026-08-30T07:51:00.550986+00:00,STRING
hypertension-branch,PF4,CXCL2,9606.ENSP00000296029,9606.ENSP00000427279,PF4,CXCL2,0.996,700,functional,9606,2026-08-30T07:51:00.550986+00:00,STRING
hypertension-branch,PF4,CXCL8,9606.ENSP00000296029,9606.ENSP00000306512,PF4,CXCL8,0.999,700,functional,9606,2026-08-30T07:51:00.550986+00:00,STRING
hypertension-branch,PF4,CXCL10,9606.ENSP00000296029,9606.ENSP00000305651,PF4,CXCL10,0.999,700,functional,9606,2026-08-30T07:51:00.550986+00:00,STRING
hypertension-branch,KLF15,CLCNKB,9606.ENSP00000296233,9606.ENSP00000364831,KLF15,CLCNKB,0.763,700,functional,9606,2026-08-30T07:51:00.550986+00:00,STRING
hypertension-branch,CAMP,CXCL8,9606.ENSP00000296435,9606.ENSP00000306512,CAMP,CXCL8,0.788,700,functional,9606,2026-08-30T07:51:00.550986+00:00,STRING
hypertension-branch,CAMP,MMP9,9606.ENSP00000296435,9606.ENSP00000361405,CAMP,MMP9,0.789,700,functional,9606,2026-08-30T07:51:00.550986+00:00,STRING
hypertension-branch,CAMP,HMGB1,9606.ENSP00000296435,9606.ENSP00000345347,CAMP,HMGB1,0.882,700,functional,9606,2026-08-30T07:51:00.550986+00:00,STRING
hypertension-branch,CAMP,JUN,9606.ENSP00000296435,9606.ENSP00000360266,CAMP,JUN,0.923,700,functional,9606,2026-08-30T07:51:00.550986+00:00,STRING
hypertension-branch,CAMP,TLR9,9606.ENSP00000296435,9606.ENSP00000353874,CAMP,TLR9,0.967,700,functional,9606,2026-08-30T07:51:00.550986+00:00,STRING
hypertension-branch,ANXA5,PDIA3,9606.ENSP00000296511,9606.ENSP00000300289,ANXA5,PDIA3,0.701,700,functional,9606,2026-08-30T07:51:00.550986+00:00,STRING
hypertension-branch,ANXA5,BCL2L11,9606.ENSP00000296511,9606.ENSP00000376943,ANXA5,BCL2L11,0.712,700,functional,9606,2026-08-30T07:51:00.550986+00:00,STRING
hypertension-branch,ANXA5,CASP7,9606.ENSP00000296511,9606.ENSP00000358327,ANXA5,CASP7,0.738,700,functional,9606,2026-08-30T07:51:00.550986+00:00,STRING
hypertension-branch,ANXA5,MYC,9606.ENSP00000296511,9606.ENSP00000478887,ANXA5,MYC,0.741,700,functional,9606,2026-08-30T07:51:00.550986+00:00,STRING
hypertension-branch,ANXA5,MCL1,9606.ENSP00000296511,9606.ENSP00000358022,ANXA5,MCL1,0.751,700,functional,9606,2026-08-30T07:51:00.550986+00:00,STRING
hypertension-branch,ANXA5,TNF,9606.ENSP00000296511,9606.ENSP00000398698,ANXA5,TNF,0.758,700,functional,9606,2026-08-30T07:51:00.550986+00:00,STRING
hypertension-branch,ANXA5,BCL2L1,9606.ENSP00000296511,9606.ENSP00000365230,ANXA5,BCL2L1,0.796,700,functional,9606,2026-08-30T07:51:00.550986+00:00,STRING
hypertension-branch,ANXA5,AKT1,9606.ENSP00000296511,9606.ENSP00000451828,ANXA5,AKT1,0.821,700,functional,9606,2026-08-30T07:51:00.550986+00:00,STRING
hypertension-branch,ANXA5,CYCS,9606.ENSP00000296511,9606.ENSP00000307786,ANXA5,CYCS,0.841,700,functional,9606,2026-08-30T07:51:00.550986+00:00,STRING
hypertension-branch,ANXA5,F3,9606.ENSP00000296511,9606.ENSP00000334145,ANXA5,F3,0.854,700,functional,9606,2026-08-30T07:51:00.550986+00:00,STRING
hypertension-branch,ANXA5,CASP9,9606.ENSP00000296511,9606.ENSP00000330237,ANXA5,CASP9,0.885,700,functional,9606,2026-08-30T07:51:00.550986+00:00,STRING
hypertension-branch,ANXA5,BCL2,9606.ENSP00000296511,9606.ENSP00000381185,ANXA5,BCL2,0.899,700,functional,9606,2026-08-30T07:51:00.550986+00:00,STRING
hypertension-branch,ANXA5,CASP3,9606.ENSP00000296511,9606.ENSP00000311032,ANXA5,CASP3,0.921,700,functional,9606,2026-08-30T07:51:00.550986+00:00,STRING
hypertension-branch,ANXA5,ACTB,9606.ENSP00000296511,9606.ENSP00000494750,ANXA5,ACTB,0.95,700,functional,9606,2026-08-30T07:51:00.550986+00:00,STRING
hypertension-branch,ERAP1,TNF,9606.ENSP00000296754,9606.ENSP00000398698,ERAP1,TNF,0.728,700,functional,9606,2026-08-30T07:51:00.550986+00:00,STRING
hypertension-branch,HSPA9,AKT1,9606.ENSP00000297185,9606.ENSP00000451828,HSPA9,AKT1,0.711,700,functional,9606,2026-08-30T07:51:00.550986+00:00,STRING
hypertension-branch,HSPA9,ENO1,9606.ENSP00000297185,9606.ENSP00000495530,HSPA9,ENO1,0.712,700,functional,9606,2026-08-30T07:51:00.550986+00:00,STRING
hypertension-branch,HSPA9,SNCA,9606.ENSP00000297185,9606.ENSP00000500990,HSPA9,SNCA,0.72,700,functional,9606,2026-08-30T07:51:00.550986+00:00,STRING
hypertension-branch,HSPA9,PDIA3,9606.ENSP00000297185,9606.ENSP00000300289,HSPA9,PDIA3,0.729,700,functional,9606,2026-08-30T07:51:00.550986+00:00,STRING
hypertension-branch,HSPA9,HSPA1B,9606.ENSP00000297185,9606.ENSP00000364801,HSPA9,HSPA1B,0.802,700,functional,9606,2026-08-30T07:51:00.550986+00:00,STRING
hypertension-branch,HSPA9,PRKN,9606.ENSP00000297185,9606.ENSP00000355865,HSPA9,PRKN,0.807,700,functional,9606,2026-08-30T07:51:00.550986+00:00,STRING
hypertension-branch,HSPA9,HSPA1A,9606.ENSP00000297185,9606.ENSP00000364802,HSPA9,HSPA1A,0.807,700,functional,9606,2026-08-30T07:51:00.550986+00:00,STRING
hypertension-branch,HSPA9,ACTB,9606.ENSP00000297185,9606.ENSP00000494750,HSPA9,ACTB,0.828,700,functional,9606,2026-08-30T07:51:00.550986+00:00,STRING
hypertension-branch,HSPA9,ATP5F1A,9606.ENSP00000297185,9606.ENSP00000381736,HSPA9,ATP5F1A,0.871,700,functional,9606,2026-08-30T07:51:00.550986+00:00,STRING
hypertension-branch,HSPA9,HSPA5,9606.ENSP00000297185,9606.ENSP00000324173,HSPA9,HSPA5,0.883,700,functional,9606,2026-08-30T07:51:00.550986+00:00,STRING
hypertension-branch,HSPA9,FXN,9606.ENSP00000297185,9606.ENSP00000419243,HSPA9,FXN,0.954,700,functional,9606,2026-08-30T07:51:00.550986+00:00,STRING
hypertension-branch,HSPA9,HSPD1,9606.ENSP00000297185,9606.ENSP00000340019,HSPA9,HSPD1,0.999,700,functional,9606,2026-08-30T07:51:00.550986+00:00,STRING
hypertension-branch,COL1A2,ELN,9606.ENSP00000297268,9606.ENSP00000351807,COL1A2,ELN,0.777,700,functional,9606,2026-08-30T07:51:00.550986+00:00,STRING
hypertension-branch,COL1A2,SMAD3,9606.ENSP00000297268,9606.ENSP00000332973,COL1A2,SMAD3,0.799,700,functional,9606,2026-08-30T07:51:00.550986+00:00,STRING
hypertension-branch,COL1A2,MMP9,9606.ENSP00000297268,9606.ENSP00000361405,COL1A2,MMP9,0.904,700,functional,9606,2026-08-30T07:51:00.550986+00:00,STRING
hypertension-branch,COL1A2,COL5A1,9606.ENSP00000297268,9606.ENSP00000360882,COL1A2,COL5A1,0.989,700,functional,9606,2026-08-30T07:51:00.550986+00:00,STRING
hypertension-branch,COL1A2,COL5A2,9606.ENSP00000297268,9606.ENSP00000364000,COL1A2,COL5A2,0.998,700,functional,9606,2026-08-30T07:51:00.550986+00:00,STRING
hypertension-branch,SOX17,FOXA2,9606.ENSP00000297316,9606.ENSP00000400341,SOX17,FOXA2,0.942,700,functional,9606,2026-08-30T07:51:00.550986+00:00,STRING
hypertension-branch,NOS3,MMP9,9606.ENSP00000297494,9606.ENSP00000361405,NOS3,MMP9,0.73,700,functional,9606,2026-08-30T07:51:00.550986+00:00,STRING
hypertension-branch,NOS3,ESR1,9606.ENSP00000297494,9606.ENSP00000405330,NOS3,ESR1,0.773,700,functional,9606,2026-08-30T07:51:00.550986+00:00,STRING
hypertension-branch,NOS3,LYPLA1,9606.ENSP00000297494,9606.ENSP00000320043,NOS3,LYPLA1,0.794,700,functional,9606,2026-08-30T07:51:00.550986+00:00,STRING
hypertension-branch,NOS3,EDN1,9606.ENSP00000297494,9606.ENSP00000368683,NOS3,EDN1,0.884,700,functional,9606,2026-08-30T07:51:00.550986+00:00,STRING
hypertension-branch,NOS3,ACTB,9606.ENSP00000297494,9606.ENSP00000494750,NOS3,ACTB,0.892,700,functional,9606,2026-08-30T07:51:00.550986+00:00,STRING
hypertension-branch,NOS3,GNAI1,9606.ENSP00000297494,9606.ENSP00000497260,NOS3,GNAI1,0.906,700,functional,9606,2026-08-30T07:51:00.550986+00:00,STRING
hypertension-branch,NOS3,ARG1,9606.ENSP00000297494,9606.ENSP00000349446,NOS3,ARG1,0.959,700,functional,9606,2026-08-30T07:51:00.550986+00:00,STRING
hypertension-branch,NOS3,AKT1,9606.ENSP00000297494,9606.ENSP00000451828,NOS3,AKT1,0.997,700,functional,9606,2026-08-30T07:51:00.550986+00:00,STRING
hypertension-branch,ALDH1A1,UGT1A7,9606.ENSP00000297785,9606.ENSP00000362525,ALDH1A1,UGT1A7,0.707,700,functional,9606,2026-08-30T07:51:00.550986+00:00,STRING
hypertension-branch,ALDH1A1,UGT1A4,9606.ENSP00000297785,9606.ENSP00000362508,ALDH1A1,UGT1A4,0.71,700,functional,9606,2026-08-30T07:51:00.550986+00:00,STRING
hypertension-branch,ALDH1A1,UGT1A1,9606.ENSP00000297785,9606.ENSP00000304845,ALDH1A1,UGT1A1,0.72,700,functional,9606,2026-08-30T07:51:00.550986+00:00,STRING
hypertension-branch,ALDH1A1,IDH1,9606.ENSP00000297785,9606.ENSP00000390265,ALDH1A1,IDH1,0.739,700,functional,9606,2026-08-30T07:51:00.550986+00:00,STRING
hypertension-branch,ALDH1A1,SOX2,9606.ENSP00000297785,9606.ENSP00000323588,ALDH1A1,SOX2,0.771,700,functional,9606,2026-08-30T07:51:00.550986+00:00,STRING
hypertension-branch,ALDH1A1,EPHX2,9606.ENSP00000297785,9606.ENSP00000430269,ALDH1A1,EPHX2,0.824,700,functional,9606,2026-08-30T07:51:00.550986+00:00,STRING
hypertension-branch,ALDH1A1,CYP3A7,9606.ENSP00000297785,9606.ENSP00000337450,ALDH1A1,CYP3A7,0.923,700,functional,9606,2026-08-30T07:51:00.550986+00:00,STRING
hypertension-branch,ALDH1A1,CYP2A6,9606.ENSP00000297785,9606.ENSP00000301141,ALDH1A1,CYP2A6,0.924,700,functional,9606,2026-08-30T07:51:00.550986+00:00,STRING
hypertension-branch,ALDH1A1,CYP2C8,9606.ENSP00000297785,9606.ENSP00000360317,ALDH1A1,CYP2C8,0.924,700,functional,9606,2026-08-30T07:51:00.550986+00:00,STRING
hypertension-branch,ALDH1A1,CYP1A2,9606.ENSP00000297785,9606.ENSP00000342007,ALDH1A1,CYP1A2,0.931,700,functional,9606,2026-08-30T07:51:00.550986+00:00,STRING
hypertension-branch,ALDH1A1,CYP2B6,9606.ENSP00000297785,9606.ENSP00000324648,ALDH1A1,CYP2B6,0.933,700,functional,9606,2026-08-30T07:51:00.550986+00:00,STRING
hypertension-branch,ALDH1A1,CYP3A4,9606.ENSP00000297785,9606.ENSP00000498939,ALDH1A1,CYP3A4,0.937,700,functional,9606,2026-08-30T07:51:00.550986+00:00,STRING
hypertension-branch,ALDH1A1,CYP1A1,9606.ENSP00000297785,9606.ENSP00000378488,ALDH1A1,CYP1A1,0.939,700,functional,9606,2026-08-30T07:51:00.550986+00:00,STRING
hypertension-branch,WRN,LMNA,9606.ENSP00000298139,9606.ENSP00000357283,WRN,LMNA,0.727,700,functional,9606,2026-08-30T07:51:00.550986+00:00,STRING
hypertension-branch,WRN,SUMO1,9606.ENSP00000298139,9606.ENSP00000376077,WRN,SUMO1,0.74,700,functional,9606,2026-08-30T07:51:00.550986+00:00,STRING
hypertension-branch,WRN,VCP,9606.ENSP00000298139,9606.ENSP00000351777,WRN,VCP,0.751,700,functional,9606,2026-08-30T07:51:00.550986+00:00,STRING
hypertension-branch,WRN,ATRX,9606.ENSP00000298139,9606.ENSP00000362441,WRN,ATRX,0.848,700,functional,9606,2026-08-30T07:51:00.550986+00:00,STRING
hypertension-branch,WRN,BRCA1,9606.ENSP00000298139,9606.ENSP00000418960,WRN,BRCA1,0.983,700,functional,9606,2026-08-30T07:51:00.550986+00:00,STRING
hypertension-branch,WRN,RAD52,9606.ENSP00000298139,9606.ENSP00000351284,WRN,RAD52,0.996,700,functional,9606,2026-08-30T07:51:00.550986+00:00,STRING
hypertension-branch,WRN,FEN1,9606.ENSP00000298139,9606.ENSP00000305480,WRN,FEN1,0.998,700,functional,9606,2026-08-30T07:51:00.550986+00:00,STRING
hypertension-branch,AVPR1A,GNAS,9606.ENSP00000299178,9606.ENSP00000360141,AVPR1A,GNAS,0.747,700,functional,9606,2026-08-30T07:51:00.550986+00:00,STRING
hypertension-branch,AVPR1A,OXTR,9606.ENSP00000299178,9606.ENSP00000324270,AVPR1A,OXTR,0.775,700,functional,9606,2026-08-30T07:51:00.550986+00:00,STRING
hypertension-branch,CKB,ENO1,9606.ENSP00000299198,9606.ENSP00000495530,CKB,ENO1,0.736,700,functional,9606,2026-08-30T07:51:00.550986+00:00,STRING
hypertension-branch,MC4R,GNAS,9606.ENSP00000299766,9606.ENSP00000360141,MC4R,GNAS,0.938,700,functional,9606,2026-08-30T07:51:00.550986+00:00,STRING
hypertension-branch,PCLAF,CDKN1A,9606.ENSP00000300035,9606.ENSP00000384849,PCLAF,CDKN1A,0.719,700,functional,9606,2026-08-30T07:51:00.550986+00:00,STRING
hypertension-branch,PCLAF,AURKB,9606.ENSP00000300035,9606.ENSP00000313950,PCLAF,AURKB,0.785,700,functional,9606,2026-08-30T07:51:00.550986+00:00,STRING
hypertension-branch,PCLAF,BRCA1,9606.ENSP00000300035,9606.ENSP00000418960,PCLAF,BRCA1,0.81,700,functional,9606,2026-08-30T07:51:00.550986+00:00,STRING
hypertension-branch,PCLAF,CDCA3,9606.ENSP00000300035,9606.ENSP00000442068,PCLAF,CDCA3,0.811,700,functional,9606,2026-08-30T07:51:00.550986+00:00,STRING
hypertension-branch,PCLAF,TK1,9606.ENSP00000300035,9606.ENSP00000468425,PCLAF,TK1,0.82,700,functional,9606,2026-08-30T07:51:00.550986+00:00,STRING
hypertension-branch,PCLAF,CDK1,9606.ENSP00000300035,9606.ENSP00000378699,PCLAF,CDK1,0.877,700,functional,9606,2026-08-30T07:51:00.550986+00:00,STRING
hypertension-branch,PCLAF,CDC20,9606.ENSP00000300035,9606.ENSP00000361540,PCLAF,CDC20,0.881,700,functional,9606,2026-08-30T07:51:00.550986+00:00,STRING
hypertension-branch,PCLAF,CCNA2,9606.ENSP00000300035,9606.ENSP00000481380,PCLAF,CCNA2,0.886,700,functional,9606,2026-08-30T07:51:00.550986+00:00,STRING
hypertension-branch,PCLAF,BIRC5,9606.ENSP00000300035,9606.ENSP00000301633,PCLAF,BIRC5,0.93,700,functional,9606,2026-08-30T07:51:00.550986+00:00,STRING
hypertension-branch,PLK1,MYC,9606.ENSP00000300093,9606.ENSP00000478887,PLK1,MYC,0.844,700,functional,9606,2026-08-30T07:51:00.550986+00:00,STRING
hypertension-branch,PLK1,TUBB,9606.ENSP00000300093,9606.ENSP00000339001,PLK1,TUBB,0.869,700,functional,9606,2026-08-30T07:51:00.550986+00:00,STRING
hypertension-branch,PLK1,TUBA1A,9606.ENSP00000300093,9606.ENSP00000439020,PLK1,TUBA1A,0.888,700,functional,9606,2026-08-30T07:51:00.550986+00:00,STRING
hypertension-branch,PLK1,CDCA3,9606.ENSP00000300093,9606.ENSP00000442068,PLK1,CDCA3,0.904,700,functional,9606,2026-08-30T07:51:00.550986+00:00,STRING
hypertension-branch,PLK1,AURKB,9606.ENSP00000300093,9606.ENSP00000313950,PLK1,AURKB,0.939,700,functional,9606,2026-08-30T07:51:00.550986+00:00,STRING
hypertension-branch,PLK1,CCNA2,9606.ENSP00000300093,9606.ENSP00000481380,PLK1,CCNA2,0.958,700,functional,9606,2026-08-30T07:51:00.550986+00:00,STRING
hypertension-branch,PLK1,BRCA1,9606.ENSP00000300093,9606.ENSP00000418960,PLK1,BRCA1,0.96,700,functional,9606,2026-08-30T07:51:00.550986+00:00,STRING
hypertension-branch,PLK1,BIRC5,9606.ENSP00000300093,9606.ENSP00000301633,PLK1,BIRC5,0.98,700,functional,9606,2026-08-30T07:51:00.550986+00:00,STRING
hypertension-branch,PLK1,CDK1,9606.ENSP00000300093,9606.ENSP00000378699,PLK1,CDK1,0.993,700,functional,9606,2026-08-30T07:51:00.550986+00:00,STRING
hypertension-branch,PLK1,CDC20,9606.ENSP00000300093,9606.ENSP00000361540,PLK1,CDC20,0.999,700,functional,9606,2026-08-30T07:51:00.550986+00:00,STRING
hypertension-branch,PDIA3,MYC,9606.ENSP00000300289,9606.ENSP00000478887,PDIA3,MYC,0.773,700,functional,9606,2026-08-30T07:51:00.550986+00:00,STRING
hypertension-branch,PDIA3,P4HB,9606.ENSP00000300289,9606.ENSP00000327801,PDIA3,P4HB,0.817,700,functional,9606,2026-08-30T07:51:00.550986+00:00,STRING
hypertension-branch,PDIA3,HSPA5,9606.ENSP00000300289,9606.ENSP00000324173,PDIA3,HSPA5,0.999,700,functional,9606,2026-08-30T07:51:00.550986+00:00,STRING
hypertension-branch,NOD2,TNF,9606.ENSP00000300589,9606.ENSP00000398698,NOD2,TNF,0.852,700,functional,9606,2026-08-30T07:51:00.550986+00:00,STRING
hypertension-branch,NOD2,TLR9,9606.ENSP00000300589,9606.ENSP00000353874,NOD2,TLR9,0.92,700,functional,9606,2026-08-30T07:51:00.550986+00:00,STRING
hypertension-branch,NOD2,CASP1,9606.ENSP00000300589,9606.ENSP00000433138,NOD2,CASP1,0.923,700,functional,9606,2026-08-30T07:51:00.550986+00:00,STRING
hypertension-branch,CYP2A6,FMO3,9606.ENSP00000301141,9606.ENSP00000356729,CYP2A6,FMO3,0.721,700,functional,9606,2026-08-30T07:51:00.550986+00:00,STRING
hypertension-branch,CYP2A6,NR1I2,9606.ENSP00000301141,9606.ENSP00000336528,CYP2A6,NR1I2,0.75,700,functional,9606,2026-08-30T07:51:00.550986+00:00,STRING
hypertension-branch,CYP2A6,POR,9606.ENSP00000301141,9606.ENSP00000419970,CYP2A6,POR,0.783,700,functional,9606,2026-08-30T07:51:00.550986+00:00,STRING
hypertension-branch,CYP2A6,GSTM4,9606.ENSP00000301141,9606.ENSP00000358851,CYP2A6,GSTM4,0.908,700,functional,9606,2026-08-30T07:51:00.550986+00:00,STRING
hypertension-branch,CYP2A6,GSTO2,9606.ENSP00000301141,9606.ENSP00000345023,CYP2A6,GSTO2,0.917,700,functional,9606,2026-08-30T07:51:00.550986+00:00,STRING
hypertension-branch,CYP2A6,GSTM3,9606.ENSP00000301141,9606.ENSP00000354357,CYP2A6,GSTM3,0.921,700,functional,9606,2026-08-30T07:51:00.550986+00:00,STRING
hypertension-branch,CYP2A6,CYP2E1,9606.ENSP00000301141,9606.ENSP00000440689,CYP2A6,CYP2E1,0.928,700,functional,9606,2026-08-30T07:51:00.550986+00:00,STRING
hypertension-branch,CYP2A6,GSTP1,9606.ENSP00000301141,9606.ENSP00000381607,CYP2A6,GSTP1,0.945,700,functional,9606,2026-08-30T07:51:00.550986+00:00,STRING
hypertension-branch,CYP2A6,EPHX1,9606.ENSP00000301141,9606.ENSP00000480004,CYP2A6,EPHX1,0.946,700,functional,9606,2026-08-30T07:51:00.550986+00:00,STRING
hypertension-branch,CYP2A6,CYP2B6,9606.ENSP00000301141,9606.ENSP00000324648,CYP2A6,CYP2B6,0.951,700,functional,9606,2026-08-30T07:51:00.550986+00:00,STRING
hypertension-branch,CYP2A6,CYP3A7,9606.ENSP00000301141,9606.ENSP00000337450,CYP2A6,CYP3A7,0.951,700,functional,9606,2026-08-30T07:51:00.550986+00:00,STRING
hypertension-branch,CYP2A6,GSTM1,9606.ENSP00000301141,9606.ENSP00000311469,CYP2A6,GSTM1,0.951,700,functional,9606,2026-08-30T07:51:00.550986+00:00,STRING
hypertension-branch,CYP2A6,CYP2D6,9606.ENSP00000301141,9606.ENSP00000496150,CYP2A6,CYP2D6,0.953,700,functional,9606,2026-08-30T07:51:00.550986+00:00,STRING
hypertension-branch,CYP2A6,CYP1A1,9606.ENSP00000301141,9606.ENSP00000378488,CYP2A6,CYP1A1,0.958,700,functional,9606,2026-08-30T07:51:00.550986+00:00,STRING
hypertension-branch,CYP2A6,UGT1A9,9606.ENSP00000301141,9606.ENSP00000346768,CYP2A6,UGT1A9,0.964,700,functional,9606,2026-08-30T07:51:00.550986+00:00,STRING
hypertension-branch,CYP2A6,UGT1A1,9606.ENSP00000301141,9606.ENSP00000304845,CYP2A6,UGT1A1,0.964,700,functional,9606,2026-08-30T07:51:00.550986+00:00,STRING
hypertension-branch,CYP2A6,UGT1A7,9606.ENSP00000301141,9606.ENSP00000362525,CYP2A6,UGT1A7,0.965,700,functional,9606,2026-08-30T07:51:00.550986+00:00,STRING
hypertension-branch,CYP2A6,CYP1A2,9606.ENSP00000301141,9606.ENSP00000342007,CYP2A6,CYP1A2,0.969,700,functional,9606,2026-08-30T07:51:00.550986+00:00,STRING
hypertension-branch,CYP2A6,UGT1A4,9606.ENSP00000301141,9606.ENSP00000362508,CYP2A6,UGT1A4,0.972,700,functional,9606,2026-08-30T07:51:00.550986+00:00,STRING
hypertension-branch,CYP2A6,CYP3A4,9606.ENSP00000301141,9606.ENSP00000498939,CYP2A6,CYP3A4,0.975,700,functional,9606,2026-08-30T07:51:00.550986+00:00,STRING
hypertension-branch,ANGPTL4,HIF1A,9606.ENSP00000301455,9606.ENSP00000437955,ANGPTL4,HIF1A,0.73,700,functional,9606,2026-08-30T07:51:00.550986+00:00,STRING
hypertension-branch,ANGPTL4,AREG,9606.ENSP00000301455,9606.ENSP00000379097,ANGPTL4,AREG,0.734,700,functional,9606,2026-08-30T07:51:00.550986+00:00,STRING
hypertension-branch,ANGPTL4,PPARA,9606.ENSP00000301455,9606.ENSP00000385523,ANGPTL4,PPARA,0.843,700,functional,9606,2026-08-30T07:51:00.550986+00:00,STRING
hypertension-branch,IGFBP6,IGFBP3,9606.ENSP00000301464,9606.ENSP00000370473,IGFBP6,IGFBP3,0.777,700,functional,9606,2026-08-30T07:51:00.550986+00:00,STRING
hypertension-branch,IGFBP6,IGF1,9606.ENSP00000301464,9606.ENSP00000376637,IGFBP6,IGF1,0.999,700,functional,9606,2026-08-30T07:51:00.550986+00:00,STRING
hypertension-branch,PRDX2,GPX4,9606.ENSP00000301522,9606.ENSP00000346103,PRDX2,GPX4,0.702,700,functional,9606,2026-08-30T07:51:00.550986+00:00,STRING
hypertension-branch,PRDX2,ENO1,9606.ENSP00000301522,9606.ENSP00000495530,PRDX2,ENO1,0.76,700,functional,9606,2026-08-30T07:51:00.550986+00:00,STRING
hypertension-branch,PRDX2,GPX3,9606.ENSP00000301522,9606.ENSP00000373477,PRDX2,GPX3,0.765,700,functional,9606,2026-08-30T07:51:00.550986+00:00,STRING
hypertension-branch,PRDX2,PRDX6,9606.ENSP00000301522,9606.ENSP00000342026,PRDX2,PRDX6,0.798,700,functional,9606,2026-08-30T07:51:00.550986+00:00,STRING
hypertension-branch,PRDX2,SRXN1,9606.ENSP00000301522,9606.ENSP00000371388,PRDX2,SRXN1,0.889,700,functional,9606,2026-08-30T07:51:00.550986+00:00,STRING
hypertension-branch,BIRC5,CASP7,9606.ENSP00000301633,9606.ENSP00000358327,BIRC5,CASP7,0.755,700,functional,9606,2026-08-30T07:51:00.550986+00:00,STRING
hypertension-branch,BIRC5,MYC,9606.ENSP00000301633,9606.ENSP00000478887,BIRC5,MYC,0.825,700,functional,9606,2026-08-30T07:51:00.550986+00:00,STRING
hypertension-branch,BIRC5,CASP9,9606.ENSP00000301633,9606.ENSP00000330237,BIRC5,CASP9,0.911,700,functional,9606,2026-08-30T07:51:00.550986+00:00,STRING
hypertension-branch,BIRC5,CASP3,9606.ENSP00000301633,9606.ENSP00000311032,BIRC5,CASP3,0.916,700,functional,9606,2026-08-30T07:51:00.550986+00:00,STRING
hypertension-branch,BIRC5,TK1,9606.ENSP00000301633,9606.ENSP00000468425,BIRC5,TK1,0.92,700,functional,9606,2026-08-30T07:51:00.550986+00:00,STRING
hypertension-branch,BIRC5,CCNA2,9606.ENSP00000301633,9606.ENSP00000481380,BIRC5,CCNA2,0.956,700,functional,9606,2026-08-30T07:51:00.550986+00:00,STRING
hypertension-branch,BIRC5,CDCA3,9606.ENSP00000301633,9606.ENSP00000442068,BIRC5,CDCA3,0.96,700,functional,9606,2026-08-30T07:51:00.550986+00:00,STRING
hypertension-branch,BIRC5,CDC20,9606.ENSP00000301633,9606.ENSP00000361540,BIRC5,CDC20,0.995,700,functional,9606,2026-08-30T07:51:00.550986+00:00,STRING
hypertension-branch,BIRC5,CDK1,9606.ENSP00000301633,9606.ENSP00000378699,BIRC5,CDK1,0.997,700,functional,9606,2026-08-30T07:51:00.550986+00:00,STRING
hypertension-branch,BIRC5,AURKB,9606.ENSP00000301633,9606.ENSP00000313950,BIRC5,AURKB,0.999,700,functional,9606,2026-08-30T07:51:00.550986+00:00,STRING
hypertension-branch,LRG1,CYCS,9606.ENSP00000302621,9606.ENSP00000307786,LRG1,CYCS,0.807,700,functional,9606,2026-08-30T07:51:00.550986+00:00,STRING
hypertension-branch,HDAC3,AR,9606.ENSP00000302967,9606.ENSP00000363822,HDAC3,AR,0.73,700,functional,9606,2026-08-30T07:51:00.550986+00:00,STRING
hypertension-branch,HDAC3,JUN,9606.ENSP00000302967,9606.ENSP00000360266,HDAC3,JUN,0.754,700,functional,9606,2026-08-30T07:51:00.550986+00:00,STRING
hypertension-branch,HDAC3,HDAC9,9606.ENSP00000302967,9606.ENSP00000408617,HDAC3,HDAC9,0.759,700,functional,9606,2026-08-30T07:51:00.550986+00:00,STRING
hypertension-branch,HDAC3,RXRA,9606.ENSP00000302967,9606.ENSP00000419692,HDAC3,RXRA,0.774,700,functional,9606,2026-08-30T07:51:00.550986+00:00,STRING
hypertension-branch,HDAC3,THRB,9606.ENSP00000302967,9606.ENSP00000379904,HDAC3,THRB,0.776,700,functional,9606,2026-08-30T07:51:00.550986+00:00,STRING
hypertension-branch,HDAC3,HIF1A,9606.ENSP00000302967,9606.ENSP00000437955,HDAC3,HIF1A,0.804,700,functional,9606,2026-08-30T07:51:00.550986+00:00,STRING
hypertension-branch,HDAC3,AKT1,9606.ENSP00000302967,9606.ENSP00000451828,HDAC3,AKT1,0.811,700,functional,9606,2026-08-30T07:51:00.550986+00:00,STRING
hypertension-branch,HDAC3,MYC,9606.ENSP00000302967,9606.ENSP00000478887,HDAC3,MYC,0.949,700,functional,9606,2026-08-30T07:51:00.550986+00:00,STRING
hypertension-branch,ACHE,MAPT,9606.ENSP00000303211,9606.ENSP00000340820,ACHE,MAPT,0.817,700,functional,9606,2026-08-30T07:51:00.550986+00:00,STRING
hypertension-branch,FASN,PPARA,9606.ENSP00000304592,9606.ENSP00000385523,FASN,PPARA,0.784,700,functional,9606,2026-08-30T07:51:00.550986+00:00,STRING
hypertension-branch,FASN,ESR1,9606.ENSP00000304592,9606.ENSP00000405330,FASN,ESR1,0.792,700,functional,9606,2026-08-30T07:51:00.550986+00:00,STRING
hypertension-branch,UGT1A1,SULT1A1,9606.ENSP00000304845,9606.ENSP00000378972,UGT1A1,SULT1A1,0.736,700,functional,9606,2026-08-30T07:51:00.550986+00:00,STRING
hypertension-branch,UGT1A1,NR1I2,9606.ENSP00000304845,9606.ENSP00000336528,UGT1A1,NR1I2,0.761,700,functional,9606,2026-08-30T07:51:00.550986+00:00,STRING
hypertension-branch,UGT1A1,CYP2C19,9606.ENSP00000304845,9606.ENSP00000360372,UGT1A1,CYP2C19,0.809,700,functional,9606,2026-08-30T07:51:00.550986+00:00,STRING
hypertension-branch,UGT1A1,CES1,9606.ENSP00000304845,9606.ENSP00000353720,UGT1A1,CES1,0.826,700,functional,9606,2026-08-30T07:51:00.550986+00:00,STRING
hypertension-branch,UGT1A1,CYP3A7,9606.ENSP00000304845,9606.ENSP00000337450,UGT1A1,CYP3A7,0.844,700,functional,9606,2026-08-30T07:51:00.550986+00:00,STRING
hypertension-branch,UGT1A1,COMT,9606.ENSP00000304845,9606.ENSP00000354511,UGT1A1,COMT,0.85,700,functional,9606,2026-08-30T07:51:00.550986+00:00,STRING
hypertension-branch,UGT1A1,CYP2C8,9606.ENSP00000304845,9606.ENSP00000360317,UGT1A1,CYP2C8,0.902,700,functional,9606,2026-08-30T07:51:00.550986+00:00,STRING
hypertension-branch,UGT1A1,CYP2B6,9606.ENSP00000304845,9606.ENSP00000324648,UGT1A1,CYP2B6,0.926,700,functional,9606,2026-08-30T07:51:00.550986+00:00,STRING
hypertension-branch,UGT1A1,CYP19A1,9606.ENSP00000304845,9606.ENSP00000379683,UGT1A1,CYP19A1,0.94,700,functional,9606,2026-08-30T07:51:00.550986+00:00,STRING
hypertension-branch,UGT1A1,CYP1A2,9606.ENSP00000304845,9606.ENSP00000342007,UGT1A1,CYP1A2,0.957,700,functional,9606,2026-08-30T07:51:00.550986+00:00,STRING
hypertension-branch,UGT1A1,CYP1B1,9606.ENSP00000304845,9606.ENSP00000478561,UGT1A1,CYP1B1,0.963,700,functional,9606,2026-08-30T07:51:00.550986+00:00,STRING
hypertension-branch,UGT1A1,CYP2E1,9606.ENSP00000304845,9606.ENSP00000440689,UGT1A1,CYP2E1,0.97,700,functional,9606,2026-08-30T07:51:00.550986+00:00,STRING
hypertension-branch,UGT1A1,CYP2D6,9606.ENSP00000304845,9606.ENSP00000496150,UGT1A1,CYP2D6,0.979,700,functional,9606,2026-08-30T07:51:00.550986+00:00,STRING
hypertension-branch,UGT1A1,CYP1A1,9606.ENSP00000304845,9606.ENSP00000378488,UGT1A1,CYP1A1,0.985,700,functional,9606,2026-08-30T07:51:00.550986+00:00,STRING
hypertension-branch,UGT1A1,UGT1A7,9606.ENSP00000304845,9606.ENSP00000362525,UGT1A1,UGT1A7,0.994,700,functional,9606,2026-08-30T07:51:00.550986+00:00,STRING
hypertension-branch,UGT1A1,CYP3A4,9606.ENSP00000304845,9606.ENSP00000498939,UGT1A1,CYP3A4,0.994,700,functional,9606,2026-08-30T07:51:00.550986+00:00,STRING
hypertension-branch,UGT1A1,UGT1A4,9606.ENSP00000304845,9606.ENSP00000362508,UGT1A1,UGT1A4,0.994,700,functional,9606,2026-08-30T07:51:00.550986+00:00,STRING
hypertension-branch,UGT1A1,UGT1A9,9606.ENSP00000304845,9606.ENSP00000346768,UGT1A1,UGT1A9,0.998,700,functional,9606,2026-08-30T07:51:00.550986+00:00,STRING
hypertension-branch,ADRB2,EZR,9606.ENSP00000305372,9606.ENSP00000338934,ADRB2,EZR,0.714,700,functional,9606,2026-08-30T07:51:00.550986+00:00,STRING
hypertension-branch,ADRB2,TNF,9606.ENSP00000305372,9606.ENSP00000398698,ADRB2,TNF,0.718,700,functional,9606,2026-08-30T07:51:00.550986+00:00,STRING
hypertension-branch,ADRB2,OPRM1,9606.ENSP00000305372,9606.ENSP00000394624,ADRB2,OPRM1,0.743,700,functional,9606,2026-08-30T07:51:00.550986+00:00,STRING
hypertension-branch,ADRB2,RAPGEF4,9606.ENSP00000305372,9606.ENSP00000380271,ADRB2,RAPGEF4,0.753,700,functional,9606,2026-08-30T07:51:00.550986+00:00,STRING
hypertension-branch,ADRB2,RAPGEF3,9606.ENSP00000305372,9606.ENSP00000395708,ADRB2,RAPGEF3,0.756,700,functional,9606,2026-08-30T07:51:00.550986+00:00,STRING
hypertension-branch,ADRB2,EDN1,9606.ENSP00000305372,9606.ENSP00000368683,ADRB2,EDN1,0.812,700,functional,9606,2026-08-30T07:51:00.550986+00:00,STRING
hypertension-branch,ADRB2,GNAI1,9606.ENSP00000305372,9606.ENSP00000497260,ADRB2,GNAI1,0.949,700,functional,9606,2026-08-30T07:51:00.550986+00:00,STRING
hypertension-branch,ADRB2,GRK2,9606.ENSP00000305372,9606.ENSP00000312262,ADRB2,GRK2,0.983,700,functional,9606,2026-08-30T07:51:00.550986+00:00,STRING
hypertension-branch,ADRB2,GNAS,9606.ENSP00000305372,9606.ENSP00000360141,ADRB2,GNAS,0.993,700,functional,9606,2026-08-30T07:51:00.550986+00:00,STRING
hypertension-branch,ADRB2,ARRB1,9606.ENSP00000305372,9606.ENSP00000409581,ADRB2,ARRB1,0.999,700,functional,9606,2026-08-30T07:51:00.550986+00:00,STRING
hypertension-branch,FEN1,BRCA1,9606.ENSP00000305480,9606.ENSP00000418960,FEN1,BRCA1,0.704,700,functional,9606,2026-08-30T07:51:00.550986+00:00,STRING
hypertension-branch,FEN1,CDK1,9606.ENSP00000305480,9606.ENSP00000378699,FEN1,CDK1,0.829,700,functional,9606,2026-08-30T07:51:00.550986+00:00,STRING
hypertension-branch,FEN1,CCNA2,9606.ENSP00000305480,9606.ENSP00000481380,FEN1,CCNA2,0.908,700,functional,9606,2026-08-30T07:51:00.550986+00:00,STRING
hypertension-branch,FEN1,RAD52,9606.ENSP00000305480,9606.ENSP00000351284,FEN1,RAD52,0.933,700,functional,9606,2026-08-30T07:51:00.550986+00:00,STRING
hypertension-branch,CXCL10,TLR9,9606.ENSP00000305651,9606.ENSP00000353874,CXCL10,TLR9,0.761,700,functional,9606,2026-08-30T07:51:00.550986+00:00,STRING
hypertension-branch,CXCL10,SAA2,9606.ENSP00000305651,9606.ENSP00000436126,CXCL10,SAA2,0.78,700,functional,9606,2026-08-30T07:51:00.550986+00:00,STRING
hypertension-branch,CXCL10,CCL7,9606.ENSP00000305651,9606.ENSP00000367832,CXCL10,CCL7,0.833,700,functional,9606,2026-08-30T07:51:00.550986+00:00,STRING
hypertension-branch,CXCL10,MMP9,9606.ENSP00000305651,9606.ENSP00000361405,CXCL10,MMP9,0.868,700,functional,9606,2026-08-30T07:51:00.550986+00:00,STRING
hypertension-branch,CXCL10,ACKR5,9606.ENSP00000305651,9606.ENSP00000349967,CXCL10,CCRL2,0.881,700,functional,9606,2026-08-30T07:51:00.550986+00:00,STRING
hypertension-branch,CXCL10,CCR6,9606.ENSP00000305651,9606.ENSP00000343952,CXCL10,CCR6,0.946,700,functional,9606,2026-08-30T07:51:00.550986+00:00,STRING
hypertension-branch,CXCL10,CCL3,9606.ENSP00000305651,9606.ENSP00000477908,CXCL10,CCL3,0.951,700,functional,9606,2026-08-30T07:51:00.550986+00:00,STRING
hypertension-branch,CXCL10,CXCL2,9606.ENSP00000305651,9606.ENSP00000427279,CXCL10,CXCL2,0.965,700,functional,9606,2026-08-30T07:51:00.550986+00:00,STRING
hypertension-branch,CXCL10,TNF,9606.ENSP00000305651,9606.ENSP00000398698,CXCL10,TNF,0.966,700,functional,9606,2026-08-30T07:51:00.550986+00:00,STRING
hypertension-branch,CXCL10,CXCR6,9606.ENSP00000305651,9606.ENSP00000395704,CXCL10,CXCR6,0.969,700,functional,9606,2026-08-30T07:51:00.550986+00:00,STRING
hypertension-branch,CXCL10,CXCL8,9606.ENSP00000305651,9606.ENSP00000306512,CXCL10,CXCL8,0.975,700,functional,9606,2026-08-30T07:51:00.550986+00:00,STRING
hypertension-branch,CXCL10,CXCL1,9606.ENSP00000305651,9606.ENSP00000379110,CXCL10,CXCL1,0.992,700,functional,9606,2026-08-30T07:51:00.550986+00:00,STRING
hypertension-branch,CXCL10,CXCL14,9606.ENSP00000305651,9606.ENSP00000337065,CXCL10,CXCL14,0.996,700,functional,9606,2026-08-30T07:51:00.550986+00:00,STRING
hypertension-branch,CXCL10,CCL8,9606.ENSP00000305651,9606.ENSP00000378118,CXCL10,CCL8,0.999,700,functional,9606,2026-08-30T07:51:00.550986+00:00,STRING
hypertension-branch,FOS,ACTB,9606.ENSP00000306245,9606.ENSP00000494750,FOS,ACTB,0.722,700,functional,9606,2026-08-30T07:51:00.550986+00:00,STRING
hypertension-branch,FOS,NFE2L2,9606.ENSP00000306245,9606.ENSP00000380252,FOS,NFE2L2,0.728,700,functional,9606,2026-08-30T07:51:00.550986+00:00,STRING
hypertension-branch,FOS,TNF,9606.ENSP00000306245,9606.ENSP00000398698,FOS,TNF,0.728,700,functional,9606,2026-08-30T07:51:00.550986+00:00,STRING
hypertension-branch,FOS,CASP1,9606.ENSP00000306245,9606.ENSP00000433138,FOS,CASP1,0.74,700,functional,9606,2026-08-30T07:51:00.550986+00:00,STRING
hypertension-branch,FOS,AKT1,9606.ENSP00000306245,9606.ENSP00000451828,FOS,AKT1,0.746,700,functional,9606,2026-08-30T07:51:00.550986+00:00,STRING
hypertension-branch,FOS,CASP3,9606.ENSP00000306245,9606.ENSP00000311032,FOS,CASP3,0.749,700,functional,9606,2026-08-30T07:51:00.550986+00:00,STRING
hypertension-branch,FOS,CCN1,9606.ENSP00000306245,9606.ENSP00000398736,FOS,CCN1,0.753,700,functional,9606,2026-08-30T07:51:00.550986+00:00,STRING
hypertension-branch,FOS,CDKN1A,9606.ENSP00000306245,9606.ENSP00000384849,FOS,CDKN1A,0.753,700,functional,9606,2026-08-30T07:51:00.550986+00:00,STRING
hypertension-branch,FOS,YAP1,9606.ENSP00000306245,9606.ENSP00000478927,FOS,YAP1,0.756,700,functional,9606,2026-08-30T07:51:00.550986+00:00,STRING
hypertension-branch,FOS,CXCL8,9606.ENSP00000306245,9606.ENSP00000306512,FOS,CXCL8,0.765,700,functional,9606,2026-08-30T07:51:00.550986+00:00,STRING
hypertension-branch,FOS,BCL2,9606.ENSP00000306245,9606.ENSP00000381185,FOS,BCL2,0.784,700,functional,9606,2026-08-30T07:51:00.550986+00:00,STRING
hypertension-branch,FOS,HIF1A,9606.ENSP00000306245,9606.ENSP00000437955,FOS,HIF1A,0.805,700,functional,9606,2026-08-30T07:51:00.550986+00:00,STRING
hypertension-branch,FOS,MITF,9606.ENSP00000306245,9606.ENSP00000391803,FOS,MITF,0.92,700,functional,9606,2026-08-30T07:51:00.550986+00:00,STRING
hypertension-branch,FOS,NCOA1,9606.ENSP00000306245,9606.ENSP00000385216,FOS,NCOA1,0.949,700,functional,9606,2026-08-30T07:51:00.550986+00:00,STRING
hypertension-branch,FOS,ESR2,9606.ENSP00000306245,9606.ENSP00000343925,FOS,ESR2,0.961,700,functional,9606,2026-08-30T07:51:00.550986+00:00,STRING
hypertension-branch,FOS,MYC,9606.ENSP00000306245,9606.ENSP00000478887,FOS,MYC,0.965,700,functional,9606,2026-08-30T07:51:00.550986+00:00,STRING
hypertension-branch,FOS,NCOA3,9606.ENSP00000306245,9606.ENSP00000361066,FOS,NCOA3,0.97,700,functional,9606,2026-08-30T07:51:00.550986+00:00,STRING
hypertension-branch,FOS,SMAD3,9606.ENSP00000306245,9606.ENSP00000332973,FOS,SMAD3,0.976,700,functional,9606,2026-08-30T07:51:00.550986+00:00,STRING
hypertension-branch,FOS,ATF3,9606.ENSP00000306245,9606.ENSP00000344352,FOS,ATF3,0.994,700,functional,9606,2026-08-30T07:51:00.550986+00:00,STRING
hypertension-branch,FOS,CREB1,9606.ENSP00000306245,9606.ENSP00000387699,FOS,CREB1,0.998,700,functional,9606,2026-08-30T07:51:00.550986+00:00,STRING
hypertension-branch,FOS,JUN,9606.ENSP00000306245,9606.ENSP00000360266,FOS,JUN,0.999,700,functional,9606,2026-08-30T07:51:00.550986+00:00,STRING
hypertension-branch,FOS,ESR1,9606.ENSP00000306245,9606.ENSP00000405330,FOS,ESR1,0.999,700,functional,9606,2026-08-30T07:51:00.550986+00:00,STRING
hypertension-branch,CHRM1,ARRB1,9606.ENSP00000306490,9606.ENSP00000409581,CHRM1,ARRB1,0.821,700,functional,9606,2026-08-30T07:51:00.550986+00:00,STRING
hypertension-branch,CHRM1,PLCB3,9606.ENSP00000306490,9606.ENSP00000443631,CHRM1,PLCB3,0.894,700,functional,9606,2026-08-30T07:51:00.550986+00:00,STRING
hypertension-branch,CXCL8,OPRM1,9606.ENSP00000306512,9606.ENSP00000394624,CXCL8,OPRM1,0.701,700,functional,9606,2026-08-30T07:51:00.550986+00:00,STRING
hypertension-branch,CXCL8,SAA2,9606.ENSP00000306512,9606.ENSP00000436126,CXCL8,SAA2,0.711,700,functional,9606,2026-08-30T07:51:00.550986+00:00,STRING
hypertension-branch,CXCL8,HIF1A,9606.ENSP00000306512,9606.ENSP00000437955,CXCL8,HIF1A,0.716,700,functional,9606,2026-08-30T07:51:00.550986+00:00,STRING
hypertension-branch,CXCL8,AKT1,9606.ENSP00000306512,9606.ENSP00000451828,CXCL8,AKT1,0.72,700,functional,9606,2026-08-30T07:51:00.550986+00:00,STRING
hypertension-branch,CXCL8,ACTB,9606.ENSP00000306512,9606.ENSP00000494750,CXCL8,ACTB,0.729,700,functional,9606,2026-08-30T07:51:00.550986+00:00,STRING
hypertension-branch,CXCL8,PGF,9606.ENSP00000306512,9606.ENSP00000451040,CXCL8,PGF,0.731,700,functional,9606,2026-08-30T07:51:00.550986+00:00,STRING
hypertension-branch,CXCL8,F3,9606.ENSP00000306512,9606.ENSP00000334145,CXCL8,F3,0.74,700,functional,9606,2026-08-30T07:51:00.550986+00:00,STRING
hypertension-branch,CXCL8,CASP3,9606.ENSP00000306512,9606.ENSP00000311032,CXCL8,CASP3,0.752,700,functional,9606,2026-08-30T07:51:00.550986+00:00,STRING
hypertension-branch,CXCL8,ACKR5,9606.ENSP00000306512,9606.ENSP00000349967,CXCL8,CCRL2,0.762,700,functional,9606,2026-08-30T07:51:00.550986+00:00,STRING
hypertension-branch,CXCL8,S100A8,9606.ENSP00000306512,9606.ENSP00000357721,CXCL8,S100A8,0.763,700,functional,9606,2026-08-30T07:51:00.550986+00:00,STRING
hypertension-branch,CXCL8,TLR9,9606.ENSP00000306512,9606.ENSP00000353874,CXCL8,TLR9,0.776,700,functional,9606,2026-08-30T07:51:00.550986+00:00,STRING
hypertension-branch,CXCL8,EDN1,9606.ENSP00000306512,9606.ENSP00000368683,CXCL8,EDN1,0.803,700,functional,9606,2026-08-30T07:51:00.550986+00:00,STRING
hypertension-branch,CXCL8,NFKB2,9606.ENSP00000306512,9606.ENSP00000358983,CXCL8,NFKB2,0.806,700,functional,9606,2026-08-30T07:51:00.550986+00:00,STRING
hypertension-branch,CXCL8,GNAI1,9606.ENSP00000306512,9606.ENSP00000497260,CXCL8,GNAI1,0.815,700,functional,9606,2026-08-30T07:51:00.550986+00:00,STRING
hypertension-branch,CXCL8,MMP9,9606.ENSP00000306512,9606.ENSP00000361405,CXCL8,MMP9,0.88,700,functional,9606,2026-08-30T07:51:00.550986+00:00,STRING
hypertension-branch,CXCL8,CXCR6,9606.ENSP00000306512,9606.ENSP00000395704,CXCL8,CXCR6,0.884,700,functional,9606,2026-08-30T07:51:00.550986+00:00,STRING
hypertension-branch,CXCL8,CCR6,9606.ENSP00000306512,9606.ENSP00000343952,CXCL8,CCR6,0.9,700,functional,9606,2026-08-30T07:51:00.550986+00:00,STRING
hypertension-branch,CXCL8,CCL7,9606.ENSP00000306512,9606.ENSP00000367832,CXCL8,CCL7,0.907,700,functional,9606,2026-08-30T07:51:00.550986+00:00,STRING
hypertension-branch,CXCL8,CXCL1,9606.ENSP00000306512,9606.ENSP00000379110,CXCL8,CXCL1,0.957,700,functional,9606,2026-08-30T07:51:00.550986+00:00,STRING
hypertension-branch,CXCL8,CCL3,9606.ENSP00000306512,9606.ENSP00000477908,CXCL8,CCL3,0.977,700,functional,9606,2026-08-30T07:51:00.550986+00:00,STRING
hypertension-branch,CXCL8,CXCL2,9606.ENSP00000306512,9606.ENSP00000427279,CXCL8,CXCL2,0.982,700,functional,9606,2026-08-30T07:51:00.550986+00:00,STRING
hypertension-branch,CXCL8,TNF,9606.ENSP00000306512,9606.ENSP00000398698,CXCL8,TNF,0.983,700,functional,9606,2026-08-30T07:51:00.550986+00:00,STRING
hypertension-branch,CXCL8,JUN,9606.ENSP00000306512,9606.ENSP00000360266,CXCL8,JUN,0.987,700,functional,9606,2026-08-30T07:51:00.550986+00:00,STRING
hypertension-branch,CXCL8,CCL8,9606.ENSP00000306512,9606.ENSP00000378118,CXCL8,CCL8,0.998,700,functional,9606,2026-08-30T07:51:00.550986+00:00,STRING
hypertension-branch,DDIT4,AKT1,9606.ENSP00000307305,9606.ENSP00000451828,DDIT4,AKT1,0.732,700,functional,9606,2026-08-30T07:51:00.550986+00:00,STRING
hypertension-branch,CYCS,MMP9,9606.ENSP00000307786,9606.ENSP00000361405,CYCS,MMP9,0.731,700,functional,9606,2026-08-30T07:51:00.550986+00:00,STRING
hypertension-branch,CYCS,GPX3,9606.ENSP00000307786,9606.ENSP00000373477,CYCS,GPX3,0.737,700,functional,9606,2026-08-30T07:51:00.550986+00:00,STRING
hypertension-branch,CYCS,HSPA5,9606.ENSP00000307786,9606.ENSP00000324173,CYCS,HSPA5,0.738,700,functional,9606,2026-08-30T07:51:00.550986+00:00,STRING
hypertension-branch,CYCS,CASP1,9606.ENSP00000307786,9606.ENSP00000433138,CYCS,CASP1,0.78,700,functional,9606,2026-08-30T07:51:00.550986+00:00,STRING
hypertension-branch,CYCS,CDKN1A,9606.ENSP00000307786,9606.ENSP00000384849,CYCS,CDKN1A,0.799,700,functional,9606,2026-08-30T07:51:00.550986+00:00,STRING
hypertension-branch,CYCS,TNF,9606.ENSP00000307786,9606.ENSP00000398698,CYCS,TNF,0.81,700,functional,9606,2026-08-30T07:51:00.550986+00:00,STRING
hypertension-branch,CYCS,AKT1,9606.ENSP00000307786,9606.ENSP00000451828,CYCS,AKT1,0.812,700,functional,9606,2026-08-30T07:51:00.550986+00:00,STRING
hypertension-branch,CYCS,MCL1,9606.ENSP00000307786,9606.ENSP00000358022,CYCS,MCL1,0.817,700,functional,9606,2026-08-30T07:51:00.550986+00:00,STRING
hypertension-branch,CYCS,HSPD1,9606.ENSP00000307786,9606.ENSP00000340019,CYCS,HSPD1,0.818,700,functional,9606,2026-08-30T07:51:00.550986+00:00,STRING
hypertension-branch,CYCS,JUN,9606.ENSP00000307786,9606.ENSP00000360266,CYCS,JUN,0.829,700,functional,9606,2026-08-30T07:51:00.550986+00:00,STRING
hypertension-branch,CYCS,ESRRA,9606.ENSP00000307786,9606.ENSP00000384851,CYCS,ESRRA,0.861,700,functional,9606,2026-08-30T07:51:00.550986+00:00,STRING
hypertension-branch,CYCS,ACTB,9606.ENSP00000307786,9606.ENSP00000494750,CYCS,ACTB,0.871,700,functional,9606,2026-08-30T07:51:00.550986+00:00,STRING
hypertension-branch,CYCS,BCL2L11,9606.ENSP00000307786,9606.ENSP00000376943,CYCS,BCL2L11,0.899,700,functional,9606,2026-08-30T07:51:00.550986+00:00,STRING
hypertension-branch,CYCS,CASP7,9606.ENSP00000307786,9606.ENSP00000358327,CYCS,CASP7,0.942,700,functional,9606,2026-08-30T07:51:00.550986+00:00,STRING
hypertension-branch,CYCS,BCL2,9606.ENSP00000307786,9606.ENSP00000381185,CYCS,BCL2,0.997,700,functional,9606,2026-08-30T07:51:00.550986+00:00,STRING
hypertension-branch,CYCS,CASP3,9606.ENSP00000307786,9606.ENSP00000311032,CYCS,CASP3,0.997,700,functional,9606,2026-08-30T07:51:00.550986+00:00,STRING
hypertension-branch,CYCS,BCL2L1,9606.ENSP00000307786,9606.ENSP00000365230,CYCS,BCL2L1,0.998,700,functional,9606,2026-08-30T07:51:00.550986+00:00,STRING
hypertension-branch,CYCS,APAF1,9606.ENSP00000307786,9606.ENSP00000448165,CYCS,APAF1,0.999,700,functional,9606,2026-08-30T07:51:00.550986+00:00,STRING
hypertension-branch,CYCS,CASP9,9606.ENSP00000307786,9606.ENSP00000330237,CYCS,CASP9,0.999,700,functional,9606,2026-08-30T07:51:00.550986+00:00,STRING
hypertension-branch,MMP14,MMP9,9606.ENSP00000308208,9606.ENSP00000361405,MMP14,MMP9,0.831,700,functional,9606,2026-08-30T07:51:00.550986+00:00,STRING
hypertension-branch,MMP14,GNAI1,9606.ENSP00000308208,9606.ENSP00000497260,MMP14,GNAI1,0.904,700,functional,9606,2026-08-30T07:51:00.550986+00:00,STRING
hypertension-branch,ADAM17,AREG,9606.ENSP00000309968,9606.ENSP00000379097,ADAM17,AREG,0.708,700,functional,9606,2026-08-30T07:51:00.550986+00:00,STRING
hypertension-branch,ADAM17,TNF,9606.ENSP00000309968,9606.ENSP00000398698,ADAM17,TNF,0.95,700,functional,9606,2026-08-30T07:51:00.550986+00:00,STRING
hypertension-branch,PPARD,NCOA3,9606.ENSP00000310928,9606.ENSP00000361066,PPARD,NCOA3,0.704,700,functional,9606,2026-08-30T07:51:00.550986+00:00,STRING
hypertension-branch,PPARD,NCOA1,9606.ENSP00000310928,9606.ENSP00000385216,PPARD,NCOA1,0.882,700,functional,9606,2026-08-30T07:51:00.550986+00:00,STRING
hypertension-branch,PPARD,PPARA,9606.ENSP00000310928,9606.ENSP00000385523,PPARD,PPARA,0.887,700,functional,9606,2026-08-30T07:51:00.550986+00:00,STRING
hypertension-branch,PPARD,RXRA,9606.ENSP00000310928,9606.ENSP00000419692,PPARD,RXRA,0.995,700,functional,9606,2026-08-30T07:51:00.550986+00:00,STRING
hypertension-branch,CASP3,CCNA2,9606.ENSP00000311032,9606.ENSP00000481380,CASP3,CCNA2,0.706,700,functional,9606,2026-08-30T07:51:00.550986+00:00,STRING
hypertension-branch,CASP3,CASP1,9606.ENSP00000311032,9606.ENSP00000433138,CASP3,CASP1,0.709,700,functional,9606,2026-08-30T07:51:00.550986+00:00,STRING
hypertension-branch,CASP3,NFE2L2,9606.ENSP00000311032,9606.ENSP00000380252,CASP3,NFE2L2,0.717,700,functional,9606,2026-08-30T07:51:00.550986+00:00,STRING
hypertension-branch,CASP3,GSS,9606.ENSP00000311032,9606.ENSP00000495750,CASP3,GSS,0.722,700,functional,9606,2026-08-30T07:51:00.550986+00:00,STRING
hypertension-branch,CASP3,ATF6,9606.ENSP00000311032,9606.ENSP00000356919,CASP3,ATF6,0.737,700,functional,9606,2026-08-30T07:51:00.550986+00:00,STRING
hypertension-branch,CASP3,GPX3,9606.ENSP00000311032,9606.ENSP00000373477,CASP3,GPX3,0.741,700,functional,9606,2026-08-30T07:51:00.550986+00:00,STRING
hypertension-branch,CASP3,HTT,9606.ENSP00000311032,9606.ENSP00000347184,CASP3,HTT,0.75,700,functional,9606,2026-08-30T07:51:00.550986+00:00,STRING
hypertension-branch,CASP3,HMGB1,9606.ENSP00000311032,9606.ENSP00000345347,CASP3,HMGB1,0.755,700,functional,9606,2026-08-30T07:51:00.550986+00:00,STRING
hypertension-branch,CASP3,HIF1A,9606.ENSP00000311032,9606.ENSP00000437955,CASP3,HIF1A,0.766,700,functional,9606,2026-08-30T07:51:00.550986+00:00,STRING
hypertension-branch,CASP3,HSPA5,9606.ENSP00000311032,9606.ENSP00000324173,CASP3,HSPA5,0.793,700,functional,9606,2026-08-30T07:51:00.550986+00:00,STRING
hypertension-branch,CASP3,HSPD1,9606.ENSP00000311032,9606.ENSP00000340019,CASP3,HSPD1,0.806,700,functional,9606,2026-08-30T07:51:00.550986+00:00,STRING
hypertension-branch,CASP3,MMP9,9606.ENSP00000311032,9606.ENSP00000361405,CASP3,MMP9,0.806,700,functional,9606,2026-08-30T07:51:00.550986+00:00,STRING
hypertension-branch,CASP3,JUN,9606.ENSP00000311032,9606.ENSP00000360266,CASP3,JUN,0.809,700,functional,9606,2026-08-30T07:51:00.550986+00:00,STRING
hypertension-branch,CASP3,NGF,9606.ENSP00000311032,9606.ENSP00000358525,CASP3,NGF,0.858,700,functional,9606,2026-08-30T07:51:00.550986+00:00,STRING
hypertension-branch,CASP3,CDK1,9606.ENSP00000311032,9606.ENSP00000378699,CASP3,CDK1,0.862,700,functional,9606,2026-08-30T07:51:00.550986+00:00,STRING
hypertension-branch,CASP3,BCL2L11,9606.ENSP00000311032,9606.ENSP00000376943,CASP3,BCL2L11,0.863,700,functional,9606,2026-08-30T07:51:00.550986+00:00,STRING
hypertension-branch,CASP3,MYC,9606.ENSP00000311032,9606.ENSP00000478887,CASP3,MYC,0.881,700,functional,9606,2026-08-30T07:51:00.550986+00:00,STRING
hypertension-branch,CASP3,MCL1,9606.ENSP00000311032,9606.ENSP00000358022,CASP3,MCL1,0.911,700,functional,9606,2026-08-30T07:51:00.550986+00:00,STRING
hypertension-branch,CASP3,TNF,9606.ENSP00000311032,9606.ENSP00000398698,CASP3,TNF,0.939,700,functional,9606,2026-08-30T07:51:00.550986+00:00,STRING
hypertension-branch,CASP3,AKT1,9606.ENSP00000311032,9606.ENSP00000451828,CASP3,AKT1,0.945,700,functional,9606,2026-08-30T07:51:00.550986+00:00,STRING
hypertension-branch,CASP3,BCL2L1,9606.ENSP00000311032,9606.ENSP00000365230,CASP3,BCL2L1,0.95,700,functional,9606,2026-08-30T07:51:00.550986+00:00,STRING
hypertension-branch,CASP3,CASP7,9606.ENSP00000311032,9606.ENSP00000358327,CASP3,CASP7,0.95,700,functional,9606,2026-08-30T07:51:00.550986+00:00,STRING
hypertension-branch,CASP3,MAPT,9606.ENSP00000311032,9606.ENSP00000340820,CASP3,MAPT,0.98,700,functional,9606,2026-08-30T07:51:00.550986+00:00,STRING
hypertension-branch,CASP3,BCL2,9606.ENSP00000311032,9606.ENSP00000381185,CASP3,BCL2,0.987,700,functional,9606,2026-08-30T07:51:00.550986+00:00,STRING
hypertension-branch,CASP3,ACTB,9606.ENSP00000311032,9606.ENSP00000494750,CASP3,ACTB,0.989,700,functional,9606,2026-08-30T07:51:00.550986+00:00,STRING
hypertension-branch,CASP3,CDKN1A,9606.ENSP00000311032,9606.ENSP00000384849,CASP3,CDKN1A,0.996,700,functional,9606,2026-08-30T07:51:00.550986+00:00,STRING
hypertension-branch,CASP3,CASP9,9606.ENSP00000311032,9606.ENSP00000330237,CASP3,CASP9,0.999,700,functional,9606,2026-08-30T07:51:00.550986+00:00,STRING
hypertension-branch,CASP3,APAF1,9606.ENSP00000311032,9606.ENSP00000448165,CASP3,APAF1,0.999,700,functional,9606,2026-08-30T07:51:00.550986+00:00,STRING
hypertension-branch,CKS1B,CDKN1A,9606.ENSP00000311083,9606.ENSP00000384849,CKS1B,CDKN1A,0.926,700,functional,9606,2026-08-30T07:51:00.550986+00:00,STRING
hypertension-branch,CKS1B,CDC20,9606.ENSP00000311083,9606.ENSP00000361540,CKS1B,CDC20,0.971,700,functional,9606,2026-08-30T07:51:00.550986+00:00,STRING
hypertension-branch,CKS1B,CDK1,9606.ENSP00000311083,9606.ENSP00000378699,CKS1B,CDK1,0.999,700,functional,9606,2026-08-30T07:51:00.550986+00:00,STRING
hypertension-branch,CKS1B,CCNA2,9606.ENSP00000311083,9606.ENSP00000481380,CKS1B,CCNA2,0.999,700,functional,9606,2026-08-30T07:51:00.550986+00:00,STRING
hypertension-branch,GSTM1,OPRM1,9606.ENSP00000311469,9606.ENSP00000394624,GSTM1,OPRM1,0.719,700,functional,9606,2026-08-30T07:51:00.550986+00:00,STRING
hypertension-branch,GSTM1,NQO1,9606.ENSP00000311469,9606.ENSP00000319788,GSTM1,NQO1,0.719,700,functional,9606,2026-08-30T07:51:00.550986+00:00,STRING
hypertension-branch,GSTM1,GSTM3,9606.ENSP00000311469,9606.ENSP00000354357,GSTM1,GSTM3,0.749,700,functional,9606,2026-08-30T07:51:00.550986+00:00,STRING
hypertension-branch,GSTM1,CYP2C8,9606.ENSP00000311469,9606.ENSP00000360317,GSTM1,CYP2C8,0.779,700,functional,9606,2026-08-30T07:51:00.550986+00:00,STRING
hypertension-branch,GSTM1,GSTP1,9606.ENSP00000311469,9606.ENSP00000381607,GSTM1,GSTP1,0.808,700,functional,9606,2026-08-30T07:51:00.550986+00:00,STRING
hypertension-branch,GSTM1,CYP2B6,9606.ENSP00000311469,9606.ENSP00000324648,GSTM1,CYP2B6,0.832,700,functional,9606,2026-08-30T07:51:00.550986+00:00,STRING
hypertension-branch,GSTM1,GPX3,9606.ENSP00000311469,9606.ENSP00000373477,GSTM1,GPX3,0.844,700,functional,9606,2026-08-30T07:51:00.550986+00:00,STRING
hypertension-branch,GSTM1,GSTM4,9606.ENSP00000311469,9606.ENSP00000358851,GSTM1,GSTM4,0.869,700,functional,9606,2026-08-30T07:51:00.550986+00:00,STRING
hypertension-branch,GSTM1,GSTO2,9606.ENSP00000311469,9606.ENSP00000345023,GSTM1,GSTO2,0.887,700,functional,9606,2026-08-30T07:51:00.550986+00:00,STRING
hypertension-branch,GSTM1,CYP2C19,9606.ENSP00000311469,9606.ENSP00000360372,GSTM1,CYP2C19,0.889,700,functional,9606,2026-08-30T07:51:00.550986+00:00,STRING
hypertension-branch,GSTM1,GSS,9606.ENSP00000311469,9606.ENSP00000495750,GSTM1,GSS,0.931,700,functional,9606,2026-08-30T07:51:00.550986+00:00,STRING
hypertension-branch,GSTM1,GPX4,9606.ENSP00000311469,9606.ENSP00000346103,GSTM1,GPX4,0.938,700,functional,9606,2026-08-30T07:51:00.550986+00:00,STRING
hypertension-branch,GSTM1,PRDX6,9606.ENSP00000311469,9606.ENSP00000342026,GSTM1,PRDX6,0.939,700,functional,9606,2026-08-30T07:51:00.550986+00:00,STRING
hypertension-branch,GSTM1,CYP3A4,9606.ENSP00000311469,9606.ENSP00000498939,GSTM1,CYP3A4,0.958,700,functional,9606,2026-08-30T07:51:00.550986+00:00,STRING
hypertension-branch,GSTM1,CYP1A2,9606.ENSP00000311469,9606.ENSP00000342007,GSTM1,CYP1A2,0.96,700,functional,9606,2026-08-30T07:51:00.550986+00:00,STRING
hypertension-branch,GSTM1,CYP1B1,9606.ENSP00000311469,9606.ENSP00000478561,GSTM1,CYP1B1,0.962,700,functional,9606,2026-08-30T07:51:00.550986+00:00,STRING
hypertension-branch,GSTM1,CYP2E1,9606.ENSP00000311469,9606.ENSP00000440689,GSTM1,CYP2E1,0.976,700,functional,9606,2026-08-30T07:51:00.550986+00:00,STRING
hypertension-branch,GSTM1,EPHX1,9606.ENSP00000311469,9606.ENSP00000480004,GSTM1,EPHX1,0.985,700,functional,9606,2026-08-30T07:51:00.550986+00:00,STRING
hypertension-branch,GSTM1,CYP1A1,9606.ENSP00000311469,9606.ENSP00000378488,GSTM1,CYP1A1,0.991,700,functional,9606,2026-08-30T07:51:00.550986+00:00,STRING
hypertension-branch,GRK2,EDN1,9606.ENSP00000312262,9606.ENSP00000368683,GRK2,EDN1,0.714,700,functional,9606,2026-08-30T07:51:00.550986+00:00,STRING
hypertension-branch,GRK2,RGS16,9606.ENSP00000312262,9606.ENSP00000356529,GRK2,RGS16,0.737,700,functional,9606,2026-08-30T07:51:00.550986+00:00,STRING
hypertension-branch,GRK2,OXTR,9606.ENSP00000312262,9606.ENSP00000324270,GRK2,OXTR,0.748,700,functional,9606,2026-08-30T07:51:00.550986+00:00,STRING
hypertension-branch,GRK2,RGS4,9606.ENSP00000312262,9606.ENSP00000397181,GRK2,RGS4,0.75,700,functional,9606,2026-08-30T07:51:00.550986+00:00,STRING
hypertension-branch,GRK2,AKT1,9606.ENSP00000312262,9606.ENSP00000451828,GRK2,AKT1,0.778,700,functional,9606,2026-08-30T07:51:00.550986+00:00,STRING
hypertension-branch,GRK2,OPRM1,9606.ENSP00000312262,9606.ENSP00000394624,GRK2,OPRM1,0.951,700,functional,9606,2026-08-30T07:51:00.550986+00:00,STRING
hypertension-branch,GRK2,ARRB1,9606.ENSP00000312262,9606.ENSP00000409581,GRK2,ARRB1,0.998,700,functional,9606,2026-08-30T07:51:00.550986+00:00,STRING
hypertension-branch,PABPC1,HSPA1A,9606.ENSP00000313007,9606.ENSP00000364802,PABPC1,HSPA1A,0.865,700,functional,9606,2026-08-30T07:51:00.550986+00:00,STRING
hypertension-branch,PABPC1,ATXN2,9606.ENSP00000313007,9606.ENSP00000446576,PABPC1,ATXN2,0.998,700,functional,9606,2026-08-30T07:51:00.550986+00:00,STRING
hypertension-branch,SPHK1,SMPD1,9606.ENSP00000313681,9606.ENSP00000340409,SPHK1,SMPD1,0.704,700,functional,9606,2026-08-30T07:51:00.550986+00:00,STRING
hypertension-branch,AURKB,MYC,9606.ENSP00000313950,9606.ENSP00000478887,AURKB,MYC,0.761,700,functional,9606,2026-08-30T07:51:00.550986+00:00,STRING
hypertension-branch,AURKB,TK1,9606.ENSP00000313950,9606.ENSP00000468425,AURKB,TK1,0.767,700,functional,9606,2026-08-30T07:51:00.550986+00:00,STRING
hypertension-branch,AURKB,VCP,9606.ENSP00000313950,9606.ENSP00000351777,AURKB,VCP,0.797,700,functional,9606,2026-08-30T07:51:00.550986+00:00,STRING
hypertension-branch,AURKB,CDCA3,9606.ENSP00000313950,9606.ENSP00000442068,AURKB,CDCA3,0.933,700,functional,9606,2026-08-30T07:51:00.550986+00:00,STRING
hypertension-branch,AURKB,CCNA2,9606.ENSP00000313950,9606.ENSP00000481380,AURKB,CCNA2,0.991,700,functional,9606,2026-08-30T07:51:00.550986+00:00,STRING
hypertension-branch,AURKB,CDK1,9606.ENSP00000313950,9606.ENSP00000378699,AURKB,CDK1,0.997,700,functional,9606,2026-08-30T07:51:00.550986+00:00,STRING
hypertension-branch,AURKB,CDC20,9606.ENSP00000313950,9606.ENSP00000361540,AURKB,CDC20,0.998,700,functional,9606,2026-08-30T07:51:00.550986+00:00,STRING
hypertension-branch,GBA1,PRKN,9606.ENSP00000314508,9606.ENSP00000355865,GBA,PRKN,0.911,700,functional,9606,2026-08-30T07:51:00.550986+00:00,STRING
hypertension-branch,GBA1,SNCA,9606.ENSP00000314508,9606.ENSP00000500990,GBA,SNCA,0.963,700,functional,9606,2026-08-30T07:51:00.550986+00:00,STRING
hypertension-branch,GBA1,SMPD1,9606.ENSP00000314508,9606.ENSP00000340409,GBA,SMPD1,0.98,700,functional,9606,2026-08-30T07:51:00.550986+00:00,STRING
hypertension-branch,CLU,SAA2,9606.ENSP00000315130,9606.ENSP00000436126,CLU,SAA2,0.705,700,functional,9606,2026-08-30T07:51:00.550986+00:00,STRING
hypertension-branch,CLU,MMP9,9606.ENSP00000315130,9606.ENSP00000361405,CLU,MMP9,0.718,700,functional,9606,2026-08-30T07:51:00.550986+00:00,STRING
hypertension-branch,CLU,BCL2L1,9606.ENSP00000315130,9606.ENSP00000365230,CLU,BCL2L1,0.745,700,functional,9606,2026-08-30T07:51:00.550986+00:00,STRING
hypertension-branch,CLU,ELN,9606.ENSP00000315130,9606.ENSP00000351807,CLU,ELN,0.804,700,functional,9606,2026-08-30T07:51:00.550986+00:00,STRING
hypertension-branch,CLU,SNCA,9606.ENSP00000315130,9606.ENSP00000500990,CLU,SNCA,0.861,700,functional,9606,2026-08-30T07:51:00.550986+00:00,STRING
hypertension-branch,CLU,HSPA5,9606.ENSP00000315130,9606.ENSP00000324173,CLU,HSPA5,0.874,700,functional,9606,2026-08-30T07:51:00.550986+00:00,STRING
hypertension-branch,CLU,SERPINA1,9606.ENSP00000315130,9606.ENSP00000416066,CLU,SERPINA1,0.896,700,functional,9606,2026-08-30T07:51:00.550986+00:00,STRING
hypertension-branch,CLU,A2M,9606.ENSP00000315130,9606.ENSP00000323929,CLU,A2M,0.896,700,functional,9606,2026-08-30T07:51:00.550986+00:00,STRING
hypertension-branch,CLU,APOD,9606.ENSP00000315130,9606.ENSP00000345179,CLU,APOD,0.939,700,functional,9606,2026-08-30T07:51:00.550986+00:00,STRING
hypertension-branch,CLU,APOC2,9606.ENSP00000315130,9606.ENSP00000466775,CLU,APOC2,0.955,700,functional,9606,2026-08-30T07:51:00.550986+00:00,STRING
hypertension-branch,TUBB6,ACTB,9606.ENSP00000318697,9606.ENSP00000494750,TUBB6,ACTB,0.759,700,functional,9606,2026-08-30T07:51:00.550986+00:00,STRING
hypertension-branch,TUBB6,MAPT,9606.ENSP00000318697,9606.ENSP00000340820,TUBB6,MAPT,0.941,700,functional,9606,2026-08-30T07:51:00.550986+00:00,STRING
hypertension-branch,TUBB6,TUBA1A,9606.ENSP00000318697,9606.ENSP00000439020,TUBB6,TUBA1A,0.981,700,functional,9606,2026-08-30T07:51:00.550986+00:00,STRING
hypertension-branch,NQO1,AKT1,9606.ENSP00000319788,9606.ENSP00000451828,NQO1,AKT1,0.706,700,functional,9606,2026-08-30T07:51:00.550986+00:00,STRING
hypertension-branch,NQO1,TNF,9606.ENSP00000319788,9606.ENSP00000398698,NQO1,TNF,0.712,700,functional,9606,2026-08-30T07:51:00.550986+00:00,STRING
hypertension-branch,NQO1,GSTP1,9606.ENSP00000319788,9606.ENSP00000381607,NQO1,GSTP1,0.728,700,functional,9606,2026-08-30T07:51:00.550986+00:00,STRING
hypertension-branch,NQO1,GPX3,9606.ENSP00000319788,9606.ENSP00000373477,NQO1,GPX3,0.733,700,functional,9606,2026-08-30T07:51:00.550986+00:00,STRING
hypertension-branch,NQO1,CYP1A1,9606.ENSP00000319788,9606.ENSP00000378488,NQO1,CYP1A1,0.746,700,functional,9606,2026-08-30T07:51:00.550986+00:00,STRING
hypertension-branch,NQO1,EPHX1,9606.ENSP00000319788,9606.ENSP00000480004,NQO1,EPHX1,0.793,700,functional,9606,2026-08-30T07:51:00.550986+00:00,STRING
hypertension-branch,NQO1,CYP1B1,9606.ENSP00000319788,9606.ENSP00000478561,NQO1,CYP1B1,0.797,700,functional,9606,2026-08-30T07:51:00.550986+00:00,STRING
hypertension-branch,NQO1,SRXN1,9606.ENSP00000319788,9606.ENSP00000371388,NQO1,SRXN1,0.803,700,functional,9606,2026-08-30T07:51:00.550986+00:00,STRING
hypertension-branch,NQO1,HIF1A,9606.ENSP00000319788,9606.ENSP00000437955,NQO1,HIF1A,0.852,700,functional,9606,2026-08-30T07:51:00.550986+00:00,STRING
hypertension-branch,NQO1,GCLC,9606.ENSP00000319788,9606.ENSP00000497574,NQO1,GCLC,0.906,700,functional,9606,2026-08-30T07:51:00.550986+00:00,STRING
hypertension-branch,NQO1,KEAP1,9606.ENSP00000319788,9606.ENSP00000377245,NQO1,KEAP1,0.953,700,functional,9606,2026-08-30T07:51:00.550986+00:00,STRING
hypertension-branch,NQO1,NFE2L2,9606.ENSP00000319788,9606.ENSP00000380252,NQO1,NFE2L2,0.978,700,functional,9606,2026-08-30T07:51:00.550986+00:00,STRING
hypertension-branch,PKM,FBP1,9606.ENSP00000320171,9606.ENSP00000408025,PKM,FBP1,0.7,700,functional,9606,2026-08-30T07:51:00.550986+00:00,STRING
hypertension-branch,PKM,MYC,9606.ENSP00000320171,9606.ENSP00000478887,PKM,MYC,0.805,700,functional,9606,2026-08-30T07:51:00.550986+00:00,STRING
hypertension-branch,PKM,HIF1A,9606.ENSP00000320171,9606.ENSP00000437955,PKM,HIF1A,0.996,700,functional,9606,2026-08-30T07:51:00.550986+00:00,STRING
hypertension-branch,PKM,ENO1,9606.ENSP00000320171,9606.ENSP00000495530,PKM,ENO1,0.997,700,functional,9606,2026-08-30T07:51:00.550986+00:00,STRING
hypertension-branch,MARVELD2,CLDN2,9606.ENSP00000323264,9606.ENSP00000336571,MARVELD2,CLDN2,0.793,700,functional,9606,2026-08-30T07:51:00.550986+00:00,STRING
hypertension-branch,MARVELD2,CLDN4,9606.ENSP00000323264,9606.ENSP00000409544,MARVELD2,CLDN4,0.795,700,functional,9606,2026-08-30T07:51:00.550986+00:00,STRING
hypertension-branch,MARVELD2,TUBA1A,9606.ENSP00000323264,9606.ENSP00000439020,MARVELD2,TUBA1A,0.9,700,functional,9606,2026-08-30T07:51:00.550986+00:00,STRING
hypertension-branch,MARVELD2,CLDN3,9606.ENSP00000323264,9606.ENSP00000378577,MARVELD2,CLDN3,0.908,700,functional,9606,2026-08-30T07:51:00.550986+00:00,STRING
hypertension-branch,SOX2,YAP1,9606.ENSP00000323588,9606.ENSP00000478927,SOX2,YAP1,0.702,700,functional,9606,2026-08-30T07:51:00.550986+00:00,STRING
hypertension-branch,SOX2,ACTB,9606.ENSP00000323588,9606.ENSP00000494750,SOX2,ACTB,0.704,700,functional,9606,2026-08-30T07:51:00.550986+00:00,STRING
hypertension-branch,SOX2,GLI3,9606.ENSP00000323588,9606.ENSP00000379258,SOX2,GLI3,0.747,700,functional,9606,2026-08-30T07:51:00.550986+00:00,STRING
hypertension-branch,SOX2,HIF1A,9606.ENSP00000323588,9606.ENSP00000437955,SOX2,HIF1A,0.758,700,functional,9606,2026-08-30T07:51:00.550986+00:00,STRING
hypertension-branch,SOX2,AKT1,9606.ENSP00000323588,9606.ENSP00000451828,SOX2,AKT1,0.833,700,functional,9606,2026-08-30T07:51:00.550986+00:00,STRING
hypertension-branch,SOX2,FOXA2,9606.ENSP00000323588,9606.ENSP00000400341,SOX2,FOXA2,0.841,700,functional,9606,2026-08-30T07:51:00.550986+00:00,STRING
hypertension-branch,SOX2,SMAD3,9606.ENSP00000323588,9606.ENSP00000332973,SOX2,SMAD3,0.929,700,functional,9606,2026-08-30T07:51:00.550986+00:00,STRING
hypertension-branch,SOX2,MYC,9606.ENSP00000323588,9606.ENSP00000478887,SOX2,MYC,0.958,700,functional,9606,2026-08-30T07:51:00.550986+00:00,STRING
hypertension-branch,SOX2,CDK1,9606.ENSP00000323588,9606.ENSP00000378699,SOX2,CDK1,0.961,700,functional,9606,2026-08-30T07:51:00.550986+00:00,STRING
hypertension-branch,AHRR,CYP1B1,9606.ENSP00000323816,9606.ENSP00000478561,AHRR,CYP1B1,0.752,700,functional,9606,2026-08-30T07:51:00.550986+00:00,STRING
hypertension-branch,AHRR,ARNT,9606.ENSP00000323816,9606.ENSP00000351407,AHRR,ARNT,0.894,700,functional,9606,2026-08-30T07:51:00.550986+00:00,STRING
hypertension-branch,AHRR,CYP1A1,9606.ENSP00000323816,9606.ENSP00000378488,AHRR,CYP1A1,0.934,700,functional,9606,2026-08-30T07:51:00.550986+00:00,STRING
hypertension-branch,A2M,NGF,9606.ENSP00000323929,9606.ENSP00000358525,A2M,NGF,0.719,700,functional,9606,2026-08-30T07:51:00.550986+00:00,STRING
hypertension-branch,A2M,CFB,9606.ENSP00000323929,9606.ENSP00000416561,A2M,CFB,0.726,700,functional,9606,2026-08-30T07:51:00.550986+00:00,STRING
hypertension-branch,A2M,TNF,9606.ENSP00000323929,9606.ENSP00000398698,A2M,TNF,0.828,700,functional,9606,2026-08-30T07:51:00.550986+00:00,STRING
hypertension-branch,A2M,MMP9,9606.ENSP00000323929,9606.ENSP00000361405,A2M,MMP9,0.845,700,functional,9606,2026-08-30T07:51:00.550986+00:00,STRING
hypertension-branch,A2M,HSPA5,9606.ENSP00000323929,9606.ENSP00000324173,A2M,HSPA5,0.972,700,functional,9606,2026-08-30T07:51:00.550986+00:00,STRING
hypertension-branch,A2M,SERPINA1,9606.ENSP00000323929,9606.ENSP00000416066,A2M,SERPINA1,0.98,700,functional,9606,2026-08-30T07:51:00.550986+00:00,STRING
hypertension-branch,HSPA5,HDAC6,9606.ENSP00000324173,9606.ENSP00000365804,HSPA5,HDAC6,0.71,700,functional,9606,2026-08-30T07:51:00.550986+00:00,STRING
hypertension-branch,HSPA5,TUBA1A,9606.ENSP00000324173,9606.ENSP00000439020,HSPA5,TUBA1A,0.717,700,functional,9606,2026-08-30T07:51:00.550986+00:00,STRING
hypertension-branch,HSPA5,ENO1,9606.ENSP00000324173,9606.ENSP00000495530,HSPA5,ENO1,0.726,700,functional,9606,2026-08-30T07:51:00.550986+00:00,STRING
hypertension-branch,HSPA5,BCL2,9606.ENSP00000324173,9606.ENSP00000381185,HSPA5,BCL2,0.738,700,functional,9606,2026-08-30T07:51:00.550986+00:00,STRING
hypertension-branch,HSPA5,ACTB,9606.ENSP00000324173,9606.ENSP00000494750,HSPA5,ACTB,0.808,700,functional,9606,2026-08-30T07:51:00.550986+00:00,STRING
hypertension-branch,HSPA5,HSPA1A,9606.ENSP00000324173,9606.ENSP00000364802,HSPA5,HSPA1A,0.809,700,functional,9606,2026-08-30T07:51:00.550986+00:00,STRING
hypertension-branch,HSPA5,HSPA1B,9606.ENSP00000324173,9606.ENSP00000364801,HSPA5,HSPA1B,0.882,700,functional,9606,2026-08-30T07:51:00.550986+00:00,STRING
hypertension-branch,HSPA5,HSPD1,9606.ENSP00000324173,9606.ENSP00000340019,HSPA5,HSPD1,0.908,700,functional,9606,2026-08-30T07:51:00.550986+00:00,STRING
hypertension-branch,HSPA5,VCP,9606.ENSP00000324173,9606.ENSP00000351777,HSPA5,VCP,0.944,700,functional,9606,2026-08-30T07:51:00.550986+00:00,STRING
hypertension-branch,HSPA5,SNCA,9606.ENSP00000324173,9606.ENSP00000500990,HSPA5,SNCA,0.947,700,functional,9606,2026-08-30T07:51:00.550986+00:00,STRING
hypertension-branch,HSPA5,GPX4,9606.ENSP00000324173,9606.ENSP00000346103,HSPA5,GPX4,0.952,700,functional,9606,2026-08-30T07:51:00.550986+00:00,STRING
hypertension-branch,HSPA5,PRNP,9606.ENSP00000324173,9606.ENSP00000399376,HSPA5,PRNP,0.954,700,functional,9606,2026-08-30T07:51:00.550986+00:00,STRING
hypertension-branch,HSPA5,CASP7,9606.ENSP00000324173,9606.ENSP00000358327,HSPA5,CASP7,0.966,700,functional,9606,2026-08-30T07:51:00.550986+00:00,STRING
hypertension-branch,HSPA5,AKT1,9606.ENSP00000324173,9606.ENSP00000451828,HSPA5,AKT1,0.971,700,functional,9606,2026-08-30T07:51:00.550986+00:00,STRING
hypertension-branch,HSPA5,P4HB,9606.ENSP00000324173,9606.ENSP00000327801,HSPA5,P4HB,0.996,700,functional,9606,2026-08-30T07:51:00.550986+00:00,STRING
hypertension-branch,HSPA5,ATF6,9606.ENSP00000324173,9606.ENSP00000356919,HSPA5,ATF6,0.999,700,functional,9606,2026-08-30T07:51:00.550986+00:00,STRING
hypertension-branch,OXTR,EDN2,9606.ENSP00000324270,9606.ENSP00000361668,OXTR,EDN2,0.709,700,functional,9606,2026-08-30T07:51:00.550986+00:00,STRING
hypertension-branch,OXTR,ESR1,9606.ENSP00000324270,9606.ENSP00000405330,OXTR,ESR1,0.751,700,functional,9606,2026-08-30T07:51:00.550986+00:00,STRING
hypertension-branch,OXTR,EDN1,9606.ENSP00000324270,9606.ENSP00000368683,OXTR,EDN1,0.783,700,functional,9606,2026-08-30T07:51:00.550986+00:00,STRING
hypertension-branch,OXTR,ESR2,9606.ENSP00000324270,9606.ENSP00000343925,OXTR,ESR2,0.8,700,functional,9606,2026-08-30T07:51:00.550986+00:00,STRING
hypertension-branch,OXTR,DRD2,9606.ENSP00000324270,9606.ENSP00000354859,OXTR,DRD2,0.802,700,functional,9606,2026-08-30T07:51:00.550986+00:00,STRING
hypertension-branch,OXTR,GNAI1,9606.ENSP00000324270,9606.ENSP00000497260,OXTR,GNAI1,0.909,700,functional,9606,2026-08-30T07:51:00.550986+00:00,STRING
hypertension-branch,OXTR,GNAS,9606.ENSP00000324270,9606.ENSP00000360141,OXTR,GNAS,0.992,700,functional,9606,2026-08-30T07:51:00.550986+00:00,STRING
hypertension-branch,CYP2B6,GSTO2,9606.ENSP00000324648,9606.ENSP00000345023,CYP2B6,GSTO2,0.707,700,functional,9606,2026-08-30T07:51:00.550986+00:00,STRING
hypertension-branch,CYP2B6,ABCB1,9606.ENSP00000324648,9606.ENSP00000478255,CYP2B6,ABCB1,0.741,700,functional,9606,2026-08-30T07:51:00.550986+00:00,STRING
hypertension-branch,CYP2B6,GSTM3,9606.ENSP00000324648,9606.ENSP00000354357,CYP2B6,GSTM3,0.749,700,functional,9606,2026-08-30T07:51:00.550986+00:00,STRING
hypertension-branch,CYP2B6,GSTM4,9606.ENSP00000324648,9606.ENSP00000358851,CYP2B6,GSTM4,0.808,700,functional,9606,2026-08-30T07:51:00.550986+00:00,STRING
hypertension-branch,CYP2B6,GSTP1,9606.ENSP00000324648,9606.ENSP00000381607,CYP2B6,GSTP1,0.828,700,functional,9606,2026-08-30T07:51:00.550986+00:00,STRING
hypertension-branch,CYP2B6,NR1I2,9606.ENSP00000324648,9606.ENSP00000336528,CYP2B6,NR1I2,0.872,700,functional,9606,2026-08-30T07:51:00.550986+00:00,STRING
hypertension-branch,CYP2B6,UGT1A9,9606.ENSP00000324648,9606.ENSP00000346768,CYP2B6,UGT1A9,0.906,700,functional,9606,2026-08-30T07:51:00.550986+00:00,STRING
hypertension-branch,CYP2B6,POR,9606.ENSP00000324648,9606.ENSP00000419970,CYP2B6,POR,0.91,700,functional,9606,2026-08-30T07:51:00.550986+00:00,STRING
hypertension-branch,CYP2B6,CYP2C8,9606.ENSP00000324648,9606.ENSP00000360317,CYP2B6,CYP2C8,0.917,700,functional,9606,2026-08-30T07:51:00.550986+00:00,STRING
hypertension-branch,CYP2B6,CYP2C19,9606.ENSP00000324648,9606.ENSP00000360372,CYP2B6,CYP2C19,0.92,700,functional,9606,2026-08-30T07:51:00.550986+00:00,STRING
hypertension-branch,CYP2B6,CYP2E1,9606.ENSP00000324648,9606.ENSP00000440689,CYP2B6,CYP2E1,0.921,700,functional,9606,2026-08-30T07:51:00.550986+00:00,STRING
hypertension-branch,CYP2B6,UGT1A7,9606.ENSP00000324648,9606.ENSP00000362525,CYP2B6,UGT1A7,0.924,700,functional,9606,2026-08-30T07:51:00.550986+00:00,STRING
hypertension-branch,CYP2B6,UGT1A4,9606.ENSP00000324648,9606.ENSP00000362508,CYP2B6,UGT1A4,0.93,700,functional,9606,2026-08-30T07:51:00.550986+00:00,STRING
hypertension-branch,CYP2B6,CYP1B1,9606.ENSP00000324648,9606.ENSP00000478561,CYP2B6,CYP1B1,0.932,700,functional,9606,2026-08-30T07:51:00.550986+00:00,STRING
hypertension-branch,CYP2B6,EPHX2,9606.ENSP00000324648,9606.ENSP00000430269,CYP2B6,EPHX2,0.944,700,functional,9606,2026-08-30T07:51:00.550986+00:00,STRING
hypertension-branch,CYP2B6,EPHX1,9606.ENSP00000324648,9606.ENSP00000480004,CYP2B6,EPHX1,0.952,700,functional,9606,2026-08-30T07:51:00.550986+00:00,STRING
hypertension-branch,CYP2B6,CYP1A1,9606.ENSP00000324648,9606.ENSP00000378488,CYP2B6,CYP1A1,0.959,700,functional,9606,2026-08-30T07:51:00.550986+00:00,STRING
hypertension-branch,CYP2B6,CYP3A4,9606.ENSP00000324648,9606.ENSP00000498939,CYP2B6,CYP3A4,0.96,700,functional,9606,2026-08-30T07:51:00.550986+00:00,STRING
hypertension-branch,CYP2B6,CYP1A2,9606.ENSP00000324648,9606.ENSP00000342007,CYP2B6,CYP1A2,0.963,700,functional,9606,2026-08-30T07:51:00.550986+00:00,STRING
hypertension-branch,CYP2B6,CYP3A7,9606.ENSP00000324648,9606.ENSP00000337450,CYP2B6,CYP3A7,0.967,700,functional,9606,2026-08-30T07:51:00.550986+00:00,STRING
hypertension-branch,PGR,MYC,9606.ENSP00000325120,9606.ENSP00000478887,PGR,MYC,0.705,700,functional,9606,2026-08-30T07:51:00.550986+00:00,STRING
hypertension-branch,PGR,HIF1A,9606.ENSP00000325120,9606.ENSP00000437955,PGR,HIF1A,0.717,700,functional,9606,2026-08-30T07:51:00.550986+00:00,STRING
hypertension-branch,PGR,AR,9606.ENSP00000325120,9606.ENSP00000363822,PGR,AR,0.766,700,functional,9606,2026-08-30T07:51:00.550986+00:00,STRING
hypertension-branch,PGR,CYP19A1,9606.ENSP00000325120,9606.ENSP00000379683,PGR,CYP19A1,0.883,700,functional,9606,2026-08-30T07:51:00.550986+00:00,STRING
hypertension-branch,PGR,BRCA1,9606.ENSP00000325120,9606.ENSP00000418960,PGR,BRCA1,0.963,700,functional,9606,2026-08-30T07:51:00.550986+00:00,STRING
hypertension-branch,PGR,ESR1,9606.ENSP00000325120,9606.ENSP00000405330,PGR,ESR1,0.974,700,functional,9606,2026-08-30T07:51:00.550986+00:00,STRING
hypertension-branch,PGR,FKBP5,9606.ENSP00000325120,9606.ENSP00000444810,PGR,FKBP5,0.977,700,functional,9606,2026-08-30T07:51:00.550986+00:00,STRING
hypertension-branch,PGR,NCOA3,9606.ENSP00000325120,9606.ENSP00000361066,PGR,NCOA3,0.986,700,functional,9606,2026-08-30T07:51:00.550986+00:00,STRING
hypertension-branch,PGR,NCOA1,9606.ENSP00000325120,9606.ENSP00000385216,PGR,NCOA1,0.997,700,functional,9606,2026-08-30T07:51:00.550986+00:00,STRING
hypertension-branch,PPP1CA,ACTB,9606.ENSP00000326031,9606.ENSP00000494750,PPP1CA,ACTB,0.785,700,functional,9606,2026-08-30T07:51:00.550986+00:00,STRING
hypertension-branch,PPP1CA,CREB1,9606.ENSP00000326031,9606.ENSP00000387699,PPP1CA,CREB1,0.81,700,functional,9606,2026-08-30T07:51:00.550986+00:00,STRING
hypertension-branch,PPP1CA,BRCA1,9606.ENSP00000326031,9606.ENSP00000418960,PPP1CA,BRCA1,0.869,700,functional,9606,2026-08-30T07:51:00.550986+00:00,STRING
hypertension-branch,PPP1CA,AKT1,9606.ENSP00000326031,9606.ENSP00000451828,PPP1CA,AKT1,0.884,700,functional,9606,2026-08-30T07:51:00.550986+00:00,STRING
hypertension-branch,PPP1CA,MYL6,9606.ENSP00000326031,9606.ENSP00000446955,PPP1CA,MYL6,0.921,700,functional,9606,2026-08-30T07:51:00.550986+00:00,STRING
hypertension-branch,PPP1CA,ACTA1,9606.ENSP00000326031,9606.ENSP00000355645,PPP1CA,ACTA1,0.95,700,functional,9606,2026-08-30T07:51:00.550986+00:00,STRING
hypertension-branch,PPP1CA,YAP1,9606.ENSP00000326031,9606.ENSP00000478927,PPP1CA,YAP1,0.959,700,functional,9606,2026-08-30T07:51:00.550986+00:00,STRING
hypertension-branch,TNFRSF12A,TNF,9606.ENSP00000326737,9606.ENSP00000398698,TNFRSF12A,TNF,0.793,700,functional,9606,2026-08-30T07:51:00.550986+00:00,STRING
hypertension-branch,RORC,ACKR5,9606.ENSP00000327025,9606.ENSP00000349967,RORC,CCRL2,0.72,700,functional,9606,2026-08-30T07:51:00.550986+00:00,STRING
hypertension-branch,RORC,CCR6,9606.ENSP00000327025,9606.ENSP00000343952,RORC,CCR6,0.726,700,functional,9606,2026-08-30T07:51:00.550986+00:00,STRING
hypertension-branch,RORC,NCOA1,9606.ENSP00000327025,9606.ENSP00000385216,RORC,NCOA1,0.947,700,functional,9606,2026-08-30T07:51:00.550986+00:00,STRING
hypertension-branch,P4HB,ACTB,9606.ENSP00000327801,9606.ENSP00000494750,P4HB,ACTB,0.714,700,functional,9606,2026-08-30T07:51:00.550986+00:00,STRING
hypertension-branch,P4HB,LGALS9,9606.ENSP00000327801,9606.ENSP00000378856,P4HB,LGALS9,0.75,700,functional,9606,2026-08-30T07:51:00.550986+00:00,STRING
hypertension-branch,P4HB,VCP,9606.ENSP00000327801,9606.ENSP00000351777,P4HB,VCP,0.892,700,functional,9606,2026-08-30T07:51:00.550986+00:00,STRING
hypertension-branch,CASP9,NFE2L2,9606.ENSP00000330237,9606.ENSP00000380252,CASP9,NFE2L2,0.702,700,functional,9606,2026-08-30T07:51:00.550986+00:00,STRING
hypertension-branch,CASP9,CASP1,9606.ENSP00000330237,9606.ENSP00000433138,CASP9,CASP1,0.712,700,functional,9606,2026-08-30T07:51:00.550986+00:00,STRING
hypertension-branch,CASP9,CDKN1A,9606.ENSP00000330237,9606.ENSP00000384849,CASP9,CDKN1A,0.713,700,functional,9606,2026-08-30T07:51:00.550986+00:00,STRING
hypertension-branch,CASP9,MYC,9606.ENSP00000330237,9606.ENSP00000478887,CASP9,MYC,0.717,700,functional,9606,2026-08-30T07:51:00.550986+00:00,STRING
hypertension-branch,CASP9,HIF1A,9606.ENSP00000330237,9606.ENSP00000437955,CASP9,HIF1A,0.746,700,functional,9606,2026-08-30T07:51:00.550986+00:00,STRING
hypertension-branch,CASP9,CDK1,9606.ENSP00000330237,9606.ENSP00000378699,CASP9,CDK1,0.763,700,functional,9606,2026-08-30T07:51:00.550986+00:00,STRING
hypertension-branch,CASP9,JUN,9606.ENSP00000330237,9606.ENSP00000360266,CASP9,JUN,0.77,700,functional,9606,2026-08-30T07:51:00.550986+00:00,STRING
hypertension-branch,CASP9,TNF,9606.ENSP00000330237,9606.ENSP00000398698,CASP9,TNF,0.816,700,functional,9606,2026-08-30T07:51:00.550986+00:00,STRING
hypertension-branch,CASP9,ACTB,9606.ENSP00000330237,9606.ENSP00000494750,CASP9,ACTB,0.819,700,functional,9606,2026-08-30T07:51:00.550986+00:00,STRING
hypertension-branch,CASP9,MCL1,9606.ENSP00000330237,9606.ENSP00000358022,CASP9,MCL1,0.829,700,functional,9606,2026-08-30T07:51:00.550986+00:00,STRING
hypertension-branch,CASP9,BCL2L11,9606.ENSP00000330237,9606.ENSP00000376943,CASP9,BCL2L11,0.864,700,functional,9606,2026-08-30T07:51:00.550986+00:00,STRING
hypertension-branch,CASP9,BCL2,9606.ENSP00000330237,9606.ENSP00000381185,CASP9,BCL2,0.946,700,functional,9606,2026-08-30T07:51:00.550986+00:00,STRING
hypertension-branch,CASP9,CASP7,9606.ENSP00000330237,9606.ENSP00000358327,CASP9,CASP7,0.952,700,functional,9606,2026-08-30T07:51:00.550986+00:00,STRING
hypertension-branch,CASP9,AKT1,9606.ENSP00000330237,9606.ENSP00000451828,CASP9,AKT1,0.989,700,functional,9606,2026-08-30T07:51:00.550986+00:00,STRING
hypertension-branch,CASP9,BCL2L1,9606.ENSP00000330237,9606.ENSP00000365230,CASP9,BCL2L1,0.992,700,functional,9606,2026-08-30T07:51:00.550986+00:00,STRING
hypertension-branch,CASP9,APAF1,9606.ENSP00000330237,9606.ENSP00000448165,CASP9,APAF1,0.999,700,functional,9606,2026-08-30T07:51:00.550986+00:00,STRING
hypertension-branch,PAPPA,TNNI3,9606.ENSP00000330658,9606.ENSP00000341838,PAPPA,TNNI3,0.721,700,functional,9606,2026-08-30T07:51:00.550986+00:00,STRING
hypertension-branch,PAPPA,IGFBP3,9606.ENSP00000330658,9606.ENSP00000370473,PAPPA,IGFBP3,0.743,700,functional,9606,2026-08-30T07:51:00.550986+00:00,STRING
hypertension-branch,PAPPA,PGF,9606.ENSP00000330658,9606.ENSP00000451040,PAPPA,PGF,0.799,700,functional,9606,2026-08-30T07:51:00.550986+00:00,STRING
hypertension-branch,PAPPA,IGF1,9606.ENSP00000330658,9606.ENSP00000376637,PAPPA,IGF1,0.89,700,functional,9606,2026-08-30T07:51:00.550986+00:00,STRING
hypertension-branch,SMAD3,CASP1,9606.ENSP00000332973,9606.ENSP00000433138,SMAD3,CASP1,0.711,700,functional,9606,2026-08-30T07:51:00.550986+00:00,STRING
hypertension-branch,SMAD3,ACTB,9606.ENSP00000332973,9606.ENSP00000494750,SMAD3,ACTB,0.76,700,functional,9606,2026-08-30T07:51:00.550986+00:00,STRING
hypertension-branch,SMAD3,S100A8,9606.ENSP00000332973,9606.ENSP00000357721,SMAD3,S100A8,0.765,700,functional,9606,2026-08-30T07:51:00.550986+00:00,STRING
hypertension-branch,SMAD3,FOXA2,9606.ENSP00000332973,9606.ENSP00000400341,SMAD3,FOXA2,0.775,700,functional,9606,2026-08-30T07:51:00.550986+00:00,STRING
hypertension-branch,SMAD3,ESR1,9606.ENSP00000332973,9606.ENSP00000405330,SMAD3,ESR1,0.84,700,functional,9606,2026-08-30T07:51:00.550986+00:00,STRING
hypertension-branch,SMAD3,BRCA1,9606.ENSP00000332973,9606.ENSP00000418960,SMAD3,BRCA1,0.867,700,functional,9606,2026-08-30T07:51:00.550986+00:00,STRING
hypertension-branch,SMAD3,CREB1,9606.ENSP00000332973,9606.ENSP00000387699,SMAD3,CREB1,0.899,700,functional,9606,2026-08-30T07:51:00.550986+00:00,STRING
hypertension-branch,SMAD3,CDKN1A,9606.ENSP00000332973,9606.ENSP00000384849,SMAD3,CDKN1A,0.918,700,functional,9606,2026-08-30T07:51:00.550986+00:00,STRING
hypertension-branch,SMAD3,AR,9606.ENSP00000332973,9606.ENSP00000363822,SMAD3,AR,0.953,700,functional,9606,2026-08-30T07:51:00.550986+00:00,STRING
hypertension-branch,SMAD3,YAP1,9606.ENSP00000332973,9606.ENSP00000478927,SMAD3,YAP1,0.965,700,functional,9606,2026-08-30T07:51:00.550986+00:00,STRING
hypertension-branch,SMAD3,HIF1A,9606.ENSP00000332973,9606.ENSP00000437955,SMAD3,HIF1A,0.975,700,functional,9606,2026-08-30T07:51:00.550986+00:00,STRING
hypertension-branch,SMAD3,MEN1,9606.ENSP00000332973,9606.ENSP00000337088,SMAD3,MEN1,0.983,700,functional,9606,2026-08-30T07:51:00.550986+00:00,STRING
hypertension-branch,SMAD3,ATF3,9606.ENSP00000332973,9606.ENSP00000344352,SMAD3,ATF3,0.988,700,functional,9606,2026-08-30T07:51:00.550986+00:00,STRING
hypertension-branch,SMAD3,MYC,9606.ENSP00000332973,9606.ENSP00000478887,SMAD3,MYC,0.993,700,functional,9606,2026-08-30T07:51:00.550986+00:00,STRING
hypertension-branch,SMAD3,AKT1,9606.ENSP00000332973,9606.ENSP00000451828,SMAD3,AKT1,0.996,700,functional,9606,2026-08-30T07:51:00.550986+00:00,STRING
hypertension-branch,SMAD3,JUN,9606.ENSP00000332973,9606.ENSP00000360266,SMAD3,JUN,0.997,700,functional,9606,2026-08-30T07:51:00.550986+00:00,STRING
hypertension-branch,F3,TNF,9606.ENSP00000334145,9606.ENSP00000398698,F3,TNF,0.72,700,functional,9606,2026-08-30T07:51:00.550986+00:00,STRING
hypertension-branch,F3,PLAUR,9606.ENSP00000334145,9606.ENSP00000339328,F3,PLAUR,0.742,700,functional,9606,2026-08-30T07:51:00.550986+00:00,STRING
hypertension-branch,NR1I2,CYP1A1,9606.ENSP00000336528,9606.ENSP00000378488,NR1I2,CYP1A1,0.742,700,functional,9606,2026-08-30T07:51:00.550986+00:00,STRING
hypertension-branch,NR1I2,UGT1A7,9606.ENSP00000336528,9606.ENSP00000362525,NR1I2,UGT1A7,0.747,700,functional,9606,2026-08-30T07:51:00.550986+00:00,STRING
hypertension-branch,NR1I2,CYP2C19,9606.ENSP00000336528,9606.ENSP00000360372,NR1I2,CYP2C19,0.749,700,functional,9606,2026-08-30T07:51:00.550986+00:00,STRING
hypertension-branch,NR1I2,UGT1A4,9606.ENSP00000336528,9606.ENSP00000362508,NR1I2,UGT1A4,0.762,700,functional,9606,2026-08-30T07:51:00.550986+00:00,STRING
hypertension-branch,NR1I2,CYP1A2,9606.ENSP00000336528,9606.ENSP00000342007,NR1I2,CYP1A2,0.834,700,functional,9606,2026-08-30T07:51:00.550986+00:00,STRING
hypertension-branch,NR1I2,ABCB1,9606.ENSP00000336528,9606.ENSP00000478255,NR1I2,ABCB1,0.842,700,functional,9606,2026-08-30T07:51:00.550986+00:00,STRING
hypertension-branch,NR1I2,CYP3A7,9606.ENSP00000336528,9606.ENSP00000337450,NR1I2,CYP3A7,0.876,700,functional,9606,2026-08-30T07:51:00.550986+00:00,STRING
hypertension-branch,NR1I2,CYP3A4,9606.ENSP00000336528,9606.ENSP00000498939,NR1I2,CYP3A4,0.962,700,functional,9606,2026-08-30T07:51:00.550986+00:00,STRING
hypertension-branch,NR1I2,NCOA1,9606.ENSP00000336528,9606.ENSP00000385216,NR1I2,NCOA1,0.998,700,functional,9606,2026-08-30T07:51:00.550986+00:00,STRING
hypertension-branch,NR1I2,RXRA,9606.ENSP00000336528,9606.ENSP00000419692,NR1I2,RXRA,0.999,700,functional,9606,2026-08-30T07:51:00.550986+00:00,STRING
hypertension-branch,CLDN2,CLDN3,9606.ENSP00000336571,9606.ENSP00000378577,CLDN2,CLDN3,0.8,700,functional,9606,2026-08-30T07:51:00.550986+00:00,STRING
hypertension-branch,CXCL14,CXCR6,9606.ENSP00000337065,9606.ENSP00000395704,CXCL14,CXCR6,0.77,700,functional,9606,2026-08-30T07:51:00.550986+00:00,STRING
hypertension-branch,CXCL14,CCR6,9606.ENSP00000337065,9606.ENSP00000343952,CXCL14,CCR6,0.843,700,functional,9606,2026-08-30T07:51:00.550986+00:00,STRING
hypertension-branch,CXCL14,CXCL2,9606.ENSP00000337065,9606.ENSP00000427279,CXCL14,CXCL2,0.995,700,functional,9606,2026-08-30T07:51:00.550986+00:00,STRING
hypertension-branch,MEN1,PLCB3,9606.ENSP00000337088,9606.ENSP00000443631,MEN1,PLCB3,0.714,700,functional,9606,2026-08-30T07:51:00.550986+00:00,STRING
hypertension-branch,MEN1,MYC,9606.ENSP00000337088,9606.ENSP00000478887,MEN1,MYC,0.727,700,functional,9606,2026-08-30T07:51:00.550986+00:00,STRING
hypertension-branch,MEN1,ATRX,9606.ENSP00000337088,9606.ENSP00000362441,MEN1,ATRX,0.861,700,functional,9606,2026-08-30T07:51:00.550986+00:00,STRING
hypertension-branch,MEN1,ESR1,9606.ENSP00000337088,9606.ENSP00000405330,MEN1,ESR1,0.923,700,functional,9606,2026-08-30T07:51:00.550986+00:00,STRING
hypertension-branch,MEN1,KMT2A,9606.ENSP00000337088,9606.ENSP00000436786,MEN1,KMT2A,0.999,700,functional,9606,2026-08-30T07:51:00.550986+00:00,STRING
hypertension-branch,NLRP3,CGAS,9606.ENSP00000337383,9606.ENSP00000359339,NLRP3,CGAS,0.722,700,functional,9606,2026-08-30T07:51:00.550986+00:00,STRING
hypertension-branch,NLRP3,TLR9,9606.ENSP00000337383,9606.ENSP00000353874,NLRP3,TLR9,0.746,700,functional,9606,2026-08-30T07:51:00.550986+00:00,STRING
hypertension-branch,NLRP3,TNF,9606.ENSP00000337383,9606.ENSP00000398698,NLRP3,TNF,0.869,700,functional,9606,2026-08-30T07:51:00.550986+00:00,STRING
hypertension-branch,NLRP3,CASP1,9606.ENSP00000337383,9606.ENSP00000433138,NLRP3,CASP1,0.999,700,functional,9606,2026-08-30T07:51:00.550986+00:00,STRING
hypertension-branch,CYP3A7,CYP2C19,9606.ENSP00000337450,9606.ENSP00000360372,CYP3A7,CYP2C19,0.71,700,functional,9606,2026-08-30T07:51:00.550986+00:00,STRING
hypertension-branch,CYP3A7,UGT1A9,9606.ENSP00000337450,9606.ENSP00000346768,CYP3A7,UGT1A9,0.802,700,functional,9606,2026-08-30T07:51:00.550986+00:00,STRING
hypertension-branch,CYP3A7,UGT1A7,9606.ENSP00000337450,9606.ENSP00000362525,CYP3A7,UGT1A7,0.843,700,functional,9606,2026-08-30T07:51:00.550986+00:00,STRING
hypertension-branch,CYP3A7,UGT1A4,9606.ENSP00000337450,9606.ENSP00000362508,CYP3A7,UGT1A4,0.861,700,functional,9606,2026-08-30T07:51:00.550986+00:00,STRING
hypertension-branch,CYP3A7,POR,9606.ENSP00000337450,9606.ENSP00000419970,CYP3A7,POR,0.945,700,functional,9606,2026-08-30T07:51:00.550986+00:00,STRING
hypertension-branch,CYP3A7,CYP1A1,9606.ENSP00000337450,9606.ENSP00000378488,CYP3A7,CYP1A1,0.956,700,functional,9606,2026-08-30T07:51:00.550986+00:00,STRING
hypertension-branch,CYP3A7,CYP1A2,9606.ENSP00000337450,9606.ENSP00000342007,CYP3A7,CYP1A2,0.956,700,functional,9606,2026-08-30T07:51:00.550986+00:00,STRING
hypertension-branch,CYP3A7,CYP2C8,9606.ENSP00000337450,9606.ENSP00000360317,CYP3A7,CYP2C8,0.969,700,functional,9606,2026-08-30T07:51:00.550986+00:00,STRING
hypertension-branch,EZR,ACTB,9606.ENSP00000338934,9606.ENSP00000494750,EZR,ACTB,0.983,700,functional,9606,2026-08-30T07:51:00.550986+00:00,STRING
hypertension-branch,TUBB,AKT1,9606.ENSP00000339001,9606.ENSP00000451828,TUBB,AKT1,0.81,700,functional,9606,2026-08-30T07:51:00.550986+00:00,STRING
hypertension-branch,TUBB,ACTB,9606.ENSP00000339001,9606.ENSP00000494750,TUBB,ACTB,0.844,700,functional,9606,2026-08-30T07:51:00.550986+00:00,STRING
hypertension-branch,TUBB,MAPT,9606.ENSP00000339001,9606.ENSP00000340820,TUBB,MAPT,0.943,700,functional,9606,2026-08-30T07:51:00.550986+00:00,STRING
hypertension-branch,TUBB,TUBA1A,9606.ENSP00000339001,9606.ENSP00000439020,TUBB,TUBA1A,0.996,700,functional,9606,2026-08-30T07:51:00.550986+00:00,STRING
hypertension-branch,PLAUR,CD177,9606.ENSP00000339328,9606.ENSP00000479536,PLAUR,CD177,0.75,700,functional,9606,2026-08-30T07:51:00.550986+00:00,STRING
hypertension-branch,PLAUR,MMP9,9606.ENSP00000339328,9606.ENSP00000361405,PLAUR,MMP9,0.772,700,functional,9606,2026-08-30T07:51:00.550986+00:00,STRING
hypertension-branch,HSPD1,FXN,9606.ENSP00000340019,9606.ENSP00000419243,HSPD1,FXN,0.736,700,functional,9606,2026-08-30T07:51:00.550986+00:00,STRING
hypertension-branch,HSPD1,PRKN,9606.ENSP00000340019,9606.ENSP00000355865,HSPD1,PRKN,0.784,700,functional,9606,2026-08-30T07:51:00.550986+00:00,STRING
hypertension-branch,HSPD1,PRNP,9606.ENSP00000340019,9606.ENSP00000399376,HSPD1,PRNP,0.814,700,functional,9606,2026-08-30T07:51:00.550986+00:00,STRING
hypertension-branch,HSPD1,ATP5F1A,9606.ENSP00000340019,9606.ENSP00000381736,HSPD1,ATP5F1A,0.823,700,functional,9606,2026-08-30T07:51:00.550986+00:00,STRING
hypertension-branch,HSPD1,HSPA1B,9606.ENSP00000340019,9606.ENSP00000364801,HSPD1,HSPA1B,0.846,700,functional,9606,2026-08-30T07:51:00.550986+00:00,STRING
hypertension-branch,MAPT,CDK1,9606.ENSP00000340820,9606.ENSP00000378699,MAPT,CDK1,0.709,700,functional,9606,2026-08-30T07:51:00.550986+00:00,STRING
hypertension-branch,MAPT,VCP,9606.ENSP00000340820,9606.ENSP00000351777,MAPT,VCP,0.713,700,functional,9606,2026-08-30T07:51:00.550986+00:00,STRING
hypertension-branch,MAPT,HTT,9606.ENSP00000340820,9606.ENSP00000347184,MAPT,HTT,0.715,700,functional,9606,2026-08-30T07:51:00.550986+00:00,STRING
hypertension-branch,MAPT,HSPA1B,9606.ENSP00000340820,9606.ENSP00000364801,MAPT,HSPA1B,0.81,700,functional,9606,2026-08-30T07:51:00.550986+00:00,STRING
hypertension-branch,MAPT,ACTB,9606.ENSP00000340820,9606.ENSP00000494750,MAPT,ACTB,0.817,700,functional,9606,2026-08-30T07:51:00.550986+00:00,STRING
hypertension-branch,MAPT,AKT1,9606.ENSP00000340820,9606.ENSP00000451828,MAPT,AKT1,0.872,700,functional,9606,2026-08-30T07:51:00.550986+00:00,STRING
hypertension-branch,MAPT,HDAC6,9606.ENSP00000340820,9606.ENSP00000365804,MAPT,HDAC6,0.879,700,functional,9606,2026-08-30T07:51:00.550986+00:00,STRING
hypertension-branch,MAPT,PRNP,9606.ENSP00000340820,9606.ENSP00000399376,MAPT,PRNP,0.884,700,functional,9606,2026-08-30T07:51:00.550986+00:00,STRING
hypertension-branch,MAPT,FKBP5,9606.ENSP00000340820,9606.ENSP00000444810,MAPT,FKBP5,0.896,700,functional,9606,2026-08-30T07:51:00.550986+00:00,STRING
hypertension-branch,MAPT,PRKN,9606.ENSP00000340820,9606.ENSP00000355865,MAPT,PRKN,0.92,700,functional,9606,2026-08-30T07:51:00.550986+00:00,STRING
hypertension-branch,MAPT,CASP7,9606.ENSP00000340820,9606.ENSP00000358327,MAPT,CASP7,0.935,700,functional,9606,2026-08-30T07:51:00.550986+00:00,STRING
hypertension-branch,MAPT,TUBA1A,9606.ENSP00000340820,9606.ENSP00000439020,MAPT,TUBA1A,0.978,700,functional,9606,2026-08-30T07:51:00.550986+00:00,STRING
hypertension-branch,MAPT,SNCA,9606.ENSP00000340820,9606.ENSP00000500990,MAPT,SNCA,0.994,700,functional,9606,2026-08-30T07:51:00.550986+00:00,STRING
hypertension-branch,CRHR2,GNAS,9606.ENSP00000340943,9606.ENSP00000360141,CRHR2,GNAS,0.948,700,functional,9606,2026-08-30T07:51:00.550986+00:00,STRING
hypertension-branch,SFN,AKT1,9606.ENSP00000340989,9606.ENSP00000451828,SFN,AKT1,0.827,700,functional,9606,2026-08-30T07:51:00.550986+00:00,STRING
hypertension-branch,SFN,YAP1,9606.ENSP00000340989,9606.ENSP00000478927,SFN,YAP1,0.85,700,functional,9606,2026-08-30T07:51:00.550986+00:00,STRING
hypertension-branch,SFN,JUN,9606.ENSP00000340989,9606.ENSP00000360266,SFN,JUN,0.934,700,functional,9606,2026-08-30T07:51:00.550986+00:00,STRING
hypertension-branch,SFN,RAF1,9606.ENSP00000340989,9606.ENSP00000401888,SFN,RAF1,0.937,700,functional,9606,2026-08-30T07:51:00.550986+00:00,STRING
hypertension-branch,SFN,CDK1,9606.ENSP00000340989,9606.ENSP00000378699,SFN,CDK1,0.963,700,functional,9606,2026-08-30T07:51:00.550986+00:00,STRING
hypertension-branch,SFN,MDM4,9606.ENSP00000340989,9606.ENSP00000356150,SFN,MDM4,0.977,700,functional,9606,2026-08-30T07:51:00.550986+00:00,STRING
hypertension-branch,SFN,ESR1,9606.ENSP00000340989,9606.ENSP00000405330,SFN,ESR1,0.984,700,functional,9606,2026-08-30T07:51:00.550986+00:00,STRING
hypertension-branch,TNNI3,ACTA1,9606.ENSP00000341838,9606.ENSP00000355645,TNNI3,ACTA1,0.945,700,functional,9606,2026-08-30T07:51:00.550986+00:00,STRING
hypertension-branch,TNNI3,TNNT1,9606.ENSP00000341838,9606.ENSP00000467176,TNNI3,TNNT1,0.998,700,functional,9606,2026-08-30T07:51:00.550986+00:00,STRING
hypertension-branch,TNNI3,TNNT2,9606.ENSP00000341838,9606.ENSP00000499593,TNNI3,TNNT2,0.999,700,functional,9606,2026-08-30T07:51:00.550986+00:00,STRING
hypertension-branch,TNNI3,TPM1,9606.ENSP00000341838,9606.ENSP00000351022,TNNI3,TPM1,0.999,700,functional,9606,2026-08-30T07:51:00.550986+00:00,STRING
hypertension-branch,CYP1A2,SULT1A1,9606.ENSP00000342007,9606.ENSP00000378972,CYP1A2,SULT1A1,0.705,700,functional,9606,2026-08-30T07:51:00.550986+00:00,STRING
hypertension-branch,CYP1A2,FMO3,9606.ENSP00000342007,9606.ENSP00000356729,CYP1A2,FMO3,0.706,700,functional,9606,2026-08-30T07:51:00.550986+00:00,STRING
hypertension-branch,CYP1A2,POR,9606.ENSP00000342007,9606.ENSP00000419970,CYP1A2,POR,0.892,700,functional,9606,2026-08-30T07:51:00.550986+00:00,STRING
hypertension-branch,CYP1A2,UGT1A9,9606.ENSP00000342007,9606.ENSP00000346768,CYP1A2,UGT1A9,0.915,700,functional,9606,2026-08-30T07:51:00.550986+00:00,STRING
hypertension-branch,CYP1A2,GSTO2,9606.ENSP00000342007,9606.ENSP00000345023,CYP1A2,GSTO2,0.917,700,functional,9606,2026-08-30T07:51:00.550986+00:00,STRING
hypertension-branch,CYP1A2,GSTM4,9606.ENSP00000342007,9606.ENSP00000358851,CYP1A2,GSTM4,0.921,700,functional,9606,2026-08-30T07:51:00.550986+00:00,STRING
hypertension-branch,CYP1A2,GSTM3,9606.ENSP00000342007,9606.ENSP00000354357,CYP1A2,GSTM3,0.935,700,functional,9606,2026-08-30T07:51:00.550986+00:00,STRING
hypertension-branch,CYP1A2,CYP1B1,9606.ENSP00000342007,9606.ENSP00000478561,CYP1A2,CYP1B1,0.936,700,functional,9606,2026-08-30T07:51:00.550986+00:00,STRING
hypertension-branch,CYP1A2,CYP2C8,9606.ENSP00000342007,9606.ENSP00000360317,CYP1A2,CYP2C8,0.946,700,functional,9606,2026-08-30T07:51:00.550986+00:00,STRING
hypertension-branch,CYP1A2,CYP1A1,9606.ENSP00000342007,9606.ENSP00000378488,CYP1A2,CYP1A1,0.95,700,functional,9606,2026-08-30T07:51:00.550986+00:00,STRING
hypertension-branch,CYP1A2,CYP2C19,9606.ENSP00000342007,9606.ENSP00000360372,CYP1A2,CYP2C19,0.951,700,functional,9606,2026-08-30T07:51:00.550986+00:00,STRING
hypertension-branch,CYP1A2,UGT1A7,9606.ENSP00000342007,9606.ENSP00000362525,CYP1A2,UGT1A7,0.955,700,functional,9606,2026-08-30T07:51:00.550986+00:00,STRING
hypertension-branch,CYP1A2,UGT1A4,9606.ENSP00000342007,9606.ENSP00000362508,CYP1A2,UGT1A4,0.958,700,functional,9606,2026-08-30T07:51:00.550986+00:00,STRING
hypertension-branch,CYP1A2,GSTP1,9606.ENSP00000342007,9606.ENSP00000381607,CYP1A2,GSTP1,0.96,700,functional,9606,2026-08-30T07:51:00.550986+00:00,STRING
hypertension-branch,CYP1A2,EPHX1,9606.ENSP00000342007,9606.ENSP00000480004,CYP1A2,EPHX1,0.961,700,functional,9606,2026-08-30T07:51:00.550986+00:00,STRING
hypertension-branch,CYP1A2,CYP3A4,9606.ENSP00000342007,9606.ENSP00000498939,CYP1A2,CYP3A4,0.968,700,functional,9606,2026-08-30T07:51:00.550986+00:00,STRING
hypertension-branch,CYP1A2,CYP2E1,9606.ENSP00000342007,9606.ENSP00000440689,CYP1A2,CYP2E1,0.982,700,functional,9606,2026-08-30T07:51:00.550986+00:00,STRING
hypertension-branch,PRDX6,ENO1,9606.ENSP00000342026,9606.ENSP00000495530,PRDX6,ENO1,0.737,700,functional,9606,2026-08-30T07:51:00.550986+00:00,STRING
hypertension-branch,PRDX6,GSS,9606.ENSP00000342026,9606.ENSP00000495750,PRDX6,GSS,0.915,700,functional,9606,2026-08-30T07:51:00.550986+00:00,STRING
hypertension-branch,PRDX6,GSTM4,9606.ENSP00000342026,9606.ENSP00000358851,PRDX6,GSTM4,0.92,700,functional,9606,2026-08-30T07:51:00.550986+00:00,STRING
hypertension-branch,PRDX6,GSTO2,9606.ENSP00000342026,9606.ENSP00000345023,PRDX6,GSTO2,0.933,700,functional,9606,2026-08-30T07:51:00.550986+00:00,STRING
hypertension-branch,PRDX6,GSTM3,9606.ENSP00000342026,9606.ENSP00000354357,PRDX6,GSTM3,0.94,700,functional,9606,2026-08-30T07:51:00.550986+00:00,STRING
hypertension-branch,PRDX6,GPX3,9606.ENSP00000342026,9606.ENSP00000373477,PRDX6,GPX3,0.967,700,functional,9606,2026-08-30T07:51:00.550986+00:00,STRING
hypertension-branch,PRDX6,GPX4,9606.ENSP00000342026,9606.ENSP00000346103,PRDX6,GPX4,0.973,700,functional,9606,2026-08-30T07:51:00.550986+00:00,STRING
hypertension-branch,PRDX6,GSTP1,9606.ENSP00000342026,9606.ENSP00000381607,PRDX6,GSTP1,0.973,700,functional,9606,2026-08-30T07:51:00.550986+00:00,STRING
hypertension-branch,HRH3,DRD2,9606.ENSP00000342560,9606.ENSP00000354859,HRH3,DRD2,0.707,700,functional,9606,2026-08-30T07:51:00.550986+00:00,STRING
hypertension-branch,HRH3,DRD1,9606.ENSP00000342560,9606.ENSP00000377353,HRH3,DRD1,0.782,700,functional,9606,2026-08-30T07:51:00.550986+00:00,STRING
hypertension-branch,ESR2,IGF1,9606.ENSP00000343925,9606.ENSP00000376637,ESR2,IGF1,0.731,700,functional,9606,2026-08-30T07:51:00.550986+00:00,STRING
hypertension-branch,ESR2,CREB1,9606.ENSP00000343925,9606.ENSP00000387699,ESR2,CREB1,0.746,700,functional,9606,2026-08-30T07:51:00.550986+00:00,STRING
hypertension-branch,ESR2,PRMT1,9606.ENSP00000343925,9606.ENSP00000406162,ESR2,PRMT1,0.807,700,functional,9606,2026-08-30T07:51:00.550986+00:00,STRING
hypertension-branch,ESR2,CYP19A1,9606.ENSP00000343925,9606.ENSP00000379683,ESR2,CYP19A1,0.925,700,functional,9606,2026-08-30T07:51:00.550986+00:00,STRING
hypertension-branch,ESR2,JUN,9606.ENSP00000343925,9606.ENSP00000360266,ESR2,JUN,0.967,700,functional,9606,2026-08-30T07:51:00.550986+00:00,STRING
hypertension-branch,ESR2,NCOA3,9606.ENSP00000343925,9606.ENSP00000361066,ESR2,NCOA3,0.997,700,functional,9606,2026-08-30T07:51:00.550986+00:00,STRING
hypertension-branch,ESR2,ESR1,9606.ENSP00000343925,9606.ENSP00000405330,ESR2,ESR1,0.998,700,functional,9606,2026-08-30T07:51:00.550986+00:00,STRING
hypertension-branch,ESR2,NCOA1,9606.ENSP00000343925,9606.ENSP00000385216,ESR2,NCOA1,0.999,700,functional,9606,2026-08-30T07:51:00.550986+00:00,STRING
hypertension-branch,CCR6,CXCR6,9606.ENSP00000343952,9606.ENSP00000395704,CCR6,CXCR6,0.716,700,functional,9606,2026-08-30T07:51:00.550986+00:00,STRING
hypertension-branch,CCR6,CXCL2,9606.ENSP00000343952,9606.ENSP00000427279,CCR6,CXCL2,0.795,700,functional,9606,2026-08-30T07:51:00.550986+00:00,STRING
hypertension-branch,CCR6,ARRB1,9606.ENSP00000343952,9606.ENSP00000409581,CCR6,ARRB1,0.806,700,functional,9606,2026-08-30T07:51:00.550986+00:00,STRING
hypertension-branch,CCR6,CXCL1,9606.ENSP00000343952,9606.ENSP00000379110,CCR6,CXCL1,0.822,700,functional,9606,2026-08-30T07:51:00.550986+00:00,STRING
hypertension-branch,CCR6,CCL8,9606.ENSP00000343952,9606.ENSP00000378118,CCR6,CCL8,0.863,700,functional,9606,2026-08-30T07:51:00.550986+00:00,STRING
hypertension-branch,CCR6,CCL7,9606.ENSP00000343952,9606.ENSP00000367832,CCR6,CCL7,0.866,700,functional,9606,2026-08-30T07:51:00.550986+00:00,STRING
hypertension-branch,CCR6,CCL3,9606.ENSP00000343952,9606.ENSP00000477908,CCR6,CCL3,0.973,700,functional,9606,2026-08-30T07:51:00.550986+00:00,STRING
hypertension-branch,ATF3,AKT1,9606.ENSP00000344352,9606.ENSP00000451828,ATF3,AKT1,0.708,700,functional,9606,2026-08-30T07:51:00.550986+00:00,STRING
hypertension-branch,ATF3,CCN1,9606.ENSP00000344352,9606.ENSP00000398736,ATF3,CCN1,0.717,700,functional,9606,2026-08-30T07:51:00.550986+00:00,STRING
hypertension-branch,ATF3,CDKN1A,9606.ENSP00000344352,9606.ENSP00000384849,ATF3,CDKN1A,0.737,700,functional,9606,2026-08-30T07:51:00.550986+00:00,STRING
hypertension-branch,ATF3,MYC,9606.ENSP00000344352,9606.ENSP00000478887,ATF3,MYC,0.737,700,functional,9606,2026-08-30T07:51:00.550986+00:00,STRING
hypertension-branch,ATF3,ACTB,9606.ENSP00000344352,9606.ENSP00000494750,ATF3,ACTB,0.766,700,functional,9606,2026-08-30T07:51:00.550986+00:00,STRING
hypertension-branch,ATF3,ATF6,9606.ENSP00000344352,9606.ENSP00000356919,ATF3,ATF6,0.777,700,functional,9606,2026-08-30T07:51:00.550986+00:00,STRING
hypertension-branch,ATF3,CREB1,9606.ENSP00000344352,9606.ENSP00000387699,ATF3,CREB1,0.841,700,functional,9606,2026-08-30T07:51:00.550986+00:00,STRING
hypertension-branch,ATF3,JUN,9606.ENSP00000344352,9606.ENSP00000360266,ATF3,JUN,0.999,700,functional,9606,2026-08-30T07:51:00.550986+00:00,STRING
hypertension-branch,GSTO2,GPX3,9606.ENSP00000345023,9606.ENSP00000373477,GSTO2,GPX3,0.799,700,functional,9606,2026-08-30T07:51:00.550986+00:00,STRING
hypertension-branch,GSTO2,GSTM4,9606.ENSP00000345023,9606.ENSP00000358851,GSTO2,GSTM4,0.817,700,functional,9606,2026-08-30T07:51:00.550986+00:00,STRING
hypertension-branch,GSTO2,GSTM3,9606.ENSP00000345023,9606.ENSP00000354357,GSTO2,GSTM3,0.842,700,functional,9606,2026-08-30T07:51:00.550986+00:00,STRING
hypertension-branch,GSTO2,CYP3A4,9606.ENSP00000345023,9606.ENSP00000498939,GSTO2,CYP3A4,0.91,700,functional,9606,2026-08-30T07:51:00.550986+00:00,STRING
hypertension-branch,GSTO2,CYP1A1,9606.ENSP00000345023,9606.ENSP00000378488,GSTO2,CYP1A1,0.921,700,functional,9606,2026-08-30T07:51:00.550986+00:00,STRING
hypertension-branch,GSTO2,CYP1B1,9606.ENSP00000345023,9606.ENSP00000478561,GSTO2,CYP1B1,0.921,700,functional,9606,2026-08-30T07:51:00.550986+00:00,STRING
hypertension-branch,GSTO2,CYP2E1,9606.ENSP00000345023,9606.ENSP00000440689,GSTO2,CYP2E1,0.921,700,functional,9606,2026-08-30T07:51:00.550986+00:00,STRING
hypertension-branch,GSTO2,GSTP1,9606.ENSP00000345023,9606.ENSP00000381607,GSTO2,GSTP1,0.927,700,functional,9606,2026-08-30T07:51:00.550986+00:00,STRING
hypertension-branch,GSTO2,EPHX1,9606.ENSP00000345023,9606.ENSP00000480004,GSTO2,EPHX1,0.928,700,functional,9606,2026-08-30T07:51:00.550986+00:00,STRING
hypertension-branch,GSTO2,GSS,9606.ENSP00000345023,9606.ENSP00000495750,GSTO2,GSS,0.935,700,functional,9606,2026-08-30T07:51:00.550986+00:00,STRING
hypertension-branch,GSTO2,GPX4,9606.ENSP00000345023,9606.ENSP00000346103,GSTO2,GPX4,0.946,700,functional,9606,2026-08-30T07:51:00.550986+00:00,STRING
hypertension-branch,APOD,APOC2,9606.ENSP00000345179,9606.ENSP00000466775,APOD,APOC2,0.754,700,functional,9606,2026-08-30T07:51:00.550986+00:00,STRING
hypertension-branch,HMGB1,TNF,9606.ENSP00000345347,9606.ENSP00000398698,HMGB1,TNF,0.753,700,functional,9606,2026-08-30T07:51:00.550986+00:00,STRING
hypertension-branch,HMGB1,S100A9,9606.ENSP00000345347,9606.ENSP00000357727,HMGB1,S100A9,0.759,700,functional,9606,2026-08-30T07:51:00.550986+00:00,STRING
hypertension-branch,HMGB1,TLR9,9606.ENSP00000345347,9606.ENSP00000353874,HMGB1,TLR9,0.997,700,functional,9606,2026-08-30T07:51:00.550986+00:00,STRING
hypertension-branch,HMGB1,AGER,9606.ENSP00000345347,9606.ENSP00000364210,HMGB1,AGER,0.999,700,functional,9606,2026-08-30T07:51:00.550986+00:00,STRING
hypertension-branch,GPX4,GCLC,9606.ENSP00000346103,9606.ENSP00000497574,GPX4,GCLC,0.809,700,functional,9606,2026-08-30T07:51:00.550986+00:00,STRING
hypertension-branch,GPX4,GSTM4,9606.ENSP00000346103,9606.ENSP00000358851,GPX4,GSTM4,0.925,700,functional,9606,2026-08-30T07:51:00.550986+00:00,STRING
hypertension-branch,GPX4,GSTM3,9606.ENSP00000346103,9606.ENSP00000354357,GPX4,GSTM3,0.927,700,functional,9606,2026-08-30T07:51:00.550986+00:00,STRING
hypertension-branch,GPX4,GPX3,9606.ENSP00000346103,9606.ENSP00000373477,GPX4,GPX3,0.936,700,functional,9606,2026-08-30T07:51:00.550986+00:00,STRING
hypertension-branch,GPX4,GSS,9606.ENSP00000346103,9606.ENSP00000495750,GPX4,GSS,0.944,700,functional,9606,2026-08-30T07:51:00.550986+00:00,STRING
hypertension-branch,GPX4,GSTP1,9606.ENSP00000346103,9606.ENSP00000381607,GPX4,GSTP1,0.945,700,functional,9606,2026-08-30T07:51:00.550986+00:00,STRING
hypertension-branch,UGT1A9,CYP2C19,9606.ENSP00000346768,9606.ENSP00000360372,UGT1A9,CYP2C19,0.754,700,functional,9606,2026-08-30T07:51:00.550986+00:00,STRING
hypertension-branch,UGT1A9,CES1,9606.ENSP00000346768,9606.ENSP00000353720,UGT1A9,CES1,0.793,700,functional,9606,2026-08-30T07:51:00.550986+00:00,STRING
hypertension-branch,UGT1A9,COMT,9606.ENSP00000346768,9606.ENSP00000354511,UGT1A9,COMT,0.882,700,functional,9606,2026-08-30T07:51:00.550986+00:00,STRING
hypertension-branch,UGT1A9,CYP2C8,9606.ENSP00000346768,9606.ENSP00000360317,UGT1A9,CYP2C8,0.894,700,functional,9606,2026-08-30T07:51:00.550986+00:00,STRING
hypertension-branch,UGT1A9,CYP19A1,9606.ENSP00000346768,9606.ENSP00000379683,UGT1A9,CYP19A1,0.926,700,functional,9606,2026-08-30T07:51:00.550986+00:00,STRING
hypertension-branch,UGT1A9,CYP1B1,9606.ENSP00000346768,9606.ENSP00000478561,UGT1A9,CYP1B1,0.944,700,functional,9606,2026-08-30T07:51:00.550986+00:00,STRING
hypertension-branch,UGT1A9,CYP2E1,9606.ENSP00000346768,9606.ENSP00000440689,UGT1A9,CYP2E1,0.962,700,functional,9606,2026-08-30T07:51:00.550986+00:00,STRING
hypertension-branch,UGT1A9,CYP1A1,9606.ENSP00000346768,9606.ENSP00000378488,UGT1A9,CYP1A1,0.966,700,functional,9606,2026-08-30T07:51:00.550986+00:00,STRING
hypertension-branch,UGT1A9,CYP2D6,9606.ENSP00000346768,9606.ENSP00000496150,UGT1A9,CYP2D6,0.969,700,functional,9606,2026-08-30T07:51:00.550986+00:00,STRING
hypertension-branch,UGT1A9,CYP3A4,9606.ENSP00000346768,9606.ENSP00000498939,UGT1A9,CYP3A4,0.981,700,functional,9606,2026-08-30T07:51:00.550986+00:00,STRING
hypertension-branch,UGT1A9,UGT1A7,9606.ENSP00000346768,9606.ENSP00000362525,UGT1A9,UGT1A7,0.994,700,functional,9606,2026-08-30T07:51:00.550986+00:00,STRING
hypertension-branch,UGT1A9,UGT1A4,9606.ENSP00000346768,9606.ENSP00000362508,UGT1A9,UGT1A4,0.995,700,functional,9606,2026-08-30T07:51:00.550986+00:00,STRING
hypertension-branch,HTT,HDAC6,9606.ENSP00000347184,9606.ENSP00000365804,HTT,HDAC6,0.72,700,functional,9606,2026-08-30T07:51:00.550986+00:00,STRING
hypertension-branch,HTT,ATXN2,9606.ENSP00000347184,9606.ENSP00000446576,HTT,ATXN2,0.764,700,functional,9606,2026-08-30T07:51:00.550986+00:00,STRING
hypertension-branch,HTT,PRKN,9606.ENSP00000347184,9606.ENSP00000355865,HTT,PRKN,0.817,700,functional,9606,2026-08-30T07:51:00.550986+00:00,STRING
hypertension-branch,HTT,PRNP,9606.ENSP00000347184,9606.ENSP00000399376,HTT,PRNP,0.84,700,functional,9606,2026-08-30T07:51:00.550986+00:00,STRING
hypertension-branch,HTT,VCP,9606.ENSP00000347184,9606.ENSP00000351777,HTT,VCP,0.901,700,functional,9606,2026-08-30T07:51:00.550986+00:00,STRING
hypertension-branch,HTT,CREB1,9606.ENSP00000347184,9606.ENSP00000387699,HTT,CREB1,0.982,700,functional,9606,2026-08-30T07:51:00.550986+00:00,STRING
hypertension-branch,HTT,SNCA,9606.ENSP00000347184,9606.ENSP00000500990,HTT,SNCA,0.989,700,functional,9606,2026-08-30T07:51:00.550986+00:00,STRING
hypertension-branch,ARG1,TNF,9606.ENSP00000349446,9606.ENSP00000398698,ARG1,TNF,0.777,700,functional,9606,2026-08-30T07:51:00.550986+00:00,STRING
hypertension-branch,ACKR5,TNF,9606.ENSP00000349967,9606.ENSP00000398698,CCRL2,TNF,0.745,700,functional,9606,2026-08-30T07:51:00.550986+00:00,STRING
hypertension-branch,ACKR5,CCL7,9606.ENSP00000349967,9606.ENSP00000367832,CCRL2,CCL7,0.787,700,functional,9606,2026-08-30T07:51:00.550986+00:00,STRING
hypertension-branch,ACKR5,CCL3,9606.ENSP00000349967,9606.ENSP00000477908,CCRL2,CCL3,0.951,700,functional,9606,2026-08-30T07:51:00.550986+00:00,STRING
hypertension-branch,TPM1,MYL6,9606.ENSP00000351022,9606.ENSP00000446955,TPM1,MYL6,0.765,700,functional,9606,2026-08-30T07:51:00.550986+00:00,STRING
hypertension-branch,TPM1,ACTA1,9606.ENSP00000351022,9606.ENSP00000355645,TPM1,ACTA1,0.976,700,functional,9606,2026-08-30T07:51:00.550986+00:00,STRING
hypertension-branch,TPM1,TNNT1,9606.ENSP00000351022,9606.ENSP00000467176,TPM1,TNNT1,0.99,700,functional,9606,2026-08-30T07:51:00.550986+00:00,STRING
hypertension-branch,TPM1,TNNT2,9606.ENSP00000351022,9606.ENSP00000499593,TPM1,TNNT2,0.999,700,functional,9606,2026-08-30T07:51:00.550986+00:00,STRING
hypertension-branch,RAD52,ABL1,9606.ENSP00000351284,9606.ENSP00000361423,RAD52,ABL1,0.822,700,functional,9606,2026-08-30T07:51:00.550986+00:00,STRING
hypertension-branch,RAD52,SUMO1,9606.ENSP00000351284,9606.ENSP00000376077,RAD52,SUMO1,0.951,700,functional,9606,2026-08-30T07:51:00.550986+00:00,STRING
hypertension-branch,RAD52,BRCA1,9606.ENSP00000351284,9606.ENSP00000418960,RAD52,BRCA1,0.987,700,functional,9606,2026-08-30T07:51:00.550986+00:00,STRING
hypertension-branch,RAD52,ATRX,9606.ENSP00000351284,9606.ENSP00000362441,RAD52,ATRX,0.993,700,functional,9606,2026-08-30T07:51:00.550986+00:00,STRING
hypertension-branch,ARNT,JUN,9606.ENSP00000351407,9606.ENSP00000360266,ARNT,JUN,0.717,700,functional,9606,2026-08-30T07:51:00.550986+00:00,STRING
hypertension-branch,ARNT,CREB1,9606.ENSP00000351407,9606.ENSP00000387699,ARNT,CREB1,0.726,700,functional,9606,2026-08-30T07:51:00.550986+00:00,STRING
hypertension-branch,ARNT,MYC,9606.ENSP00000351407,9606.ENSP00000478887,ARNT,MYC,0.741,700,functional,9606,2026-08-30T07:51:00.550986+00:00,STRING
hypertension-branch,ARNT,TGM2,9606.ENSP00000351407,9606.ENSP00000355330,ARNT,TGM2,0.751,700,functional,9606,2026-08-30T07:51:00.550986+00:00,STRING
hypertension-branch,ARNT,CYP1B1,9606.ENSP00000351407,9606.ENSP00000478561,ARNT,CYP1B1,0.763,700,functional,9606,2026-08-30T07:51:00.550986+00:00,STRING
hypertension-branch,ARNT,AKT1,9606.ENSP00000351407,9606.ENSP00000451828,ARNT,AKT1,0.771,700,functional,9606,2026-08-30T07:51:00.550986+00:00,STRING
hypertension-branch,ARNT,ESR1,9606.ENSP00000351407,9606.ENSP00000405330,ARNT,ESR1,0.87,700,functional,9606,2026-08-30T07:51:00.550986+00:00,STRING
hypertension-branch,ARNT,CYP1A1,9606.ENSP00000351407,9606.ENSP00000378488,ARNT,CYP1A1,0.908,700,functional,9606,2026-08-30T07:51:00.550986+00:00,STRING
hypertension-branch,ARNT,HIF1A,9606.ENSP00000351407,9606.ENSP00000437955,ARNT,HIF1A,0.999,700,functional,9606,2026-08-30T07:51:00.550986+00:00,STRING
hypertension-branch,VCP,KEAP1,9606.ENSP00000351777,9606.ENSP00000377245,VCP,KEAP1,0.723,700,functional,9606,2026-08-30T07:51:00.550986+00:00,STRING
hypertension-branch,VCP,ACTB,9606.ENSP00000351777,9606.ENSP00000494750,VCP,ACTB,0.728,700,functional,9606,2026-08-30T07:51:00.550986+00:00,STRING
hypertension-branch,VCP,AKT1,9606.ENSP00000351777,9606.ENSP00000451828,VCP,AKT1,0.735,700,functional,9606,2026-08-30T07:51:00.550986+00:00,STRING
hypertension-branch,VCP,BRCA1,9606.ENSP00000351777,9606.ENSP00000418960,VCP,BRCA1,0.787,700,functional,9606,2026-08-30T07:51:00.550986+00:00,STRING
hypertension-branch,VCP,PRKN,9606.ENSP00000351777,9606.ENSP00000355865,VCP,PRKN,0.928,700,functional,9606,2026-08-30T07:51:00.550986+00:00,STRING
hypertension-branch,VCP,HDAC6,9606.ENSP00000351777,9606.ENSP00000365804,VCP,HDAC6,0.995,700,functional,9606,2026-08-30T07:51:00.550986+00:00,STRING
hypertension-branch,ELN,SERPINA1,9606.ENSP00000351807,9606.ENSP00000416066,ELN,SERPINA1,0.718,700,functional,9606,2026-08-30T07:51:00.550986+00:00,STRING
hypertension-branch,ELN,MMP9,9606.ENSP00000351807,9606.ENSP00000361405,ELN,MMP9,0.979,700,functional,9606,2026-08-30T07:51:00.550986+00:00,STRING
hypertension-branch,ELN,MFAP4,9606.ENSP00000351807,9606.ENSP00000378957,ELN,MFAP4,0.99,700,functional,9606,2026-08-30T07:51:00.550986+00:00,STRING
hypertension-branch,DNMT1,ACTB,9606.ENSP00000352516,9606.ENSP00000494750,DNMT1,ACTB,0.714,700,functional,9606,2026-08-30T07:51:00.550986+00:00,STRING
hypertension-branch,DNMT1,SUMO1,9606.ENSP00000352516,9606.ENSP00000376077,DNMT1,SUMO1,0.725,700,functional,9606,2026-08-30T07:51:00.550986+00:00,STRING
hypertension-branch,DNMT1,BRCA1,9606.ENSP00000352516,9606.ENSP00000418960,DNMT1,BRCA1,0.799,700,functional,9606,2026-08-30T07:51:00.550986+00:00,STRING
hypertension-branch,DNMT1,ATRX,9606.ENSP00000352516,9606.ENSP00000362441,DNMT1,ATRX,0.814,700,functional,9606,2026-08-30T07:51:00.550986+00:00,STRING
hypertension-branch,DNMT1,AKT1,9606.ENSP00000352516,9606.ENSP00000451828,DNMT1,AKT1,0.822,700,functional,9606,2026-08-30T07:51:00.550986+00:00,STRING
hypertension-branch,DNMT1,MYC,9606.ENSP00000352516,9606.ENSP00000478887,DNMT1,MYC,0.837,700,functional,9606,2026-08-30T07:51:00.550986+00:00,STRING
hypertension-branch,DNMT1,CBX1,9606.ENSP00000352516,9606.ENSP00000377060,DNMT1,CBX1,0.923,700,functional,9606,2026-08-30T07:51:00.550986+00:00,STRING
hypertension-branch,COL18A1,COL5A2,9606.ENSP00000352798,9606.ENSP00000364000,COL18A1,COL5A2,0.718,700,functional,9606,2026-08-30T07:51:00.550986+00:00,STRING
hypertension-branch,COL18A1,MMP9,9606.ENSP00000352798,9606.ENSP00000361405,COL18A1,MMP9,0.92,700,functional,9606,2026-08-30T07:51:00.550986+00:00,STRING
hypertension-branch,SPINK5,KLK7,9606.ENSP00000352936,9606.ENSP00000470538,SPINK5,KLK7,0.903,700,functional,9606,2026-08-30T07:51:00.550986+00:00,STRING
hypertension-branch,CES1,UGT1A7,9606.ENSP00000353720,9606.ENSP00000362525,CES1,UGT1A7,0.824,700,functional,9606,2026-08-30T07:51:00.550986+00:00,STRING
hypertension-branch,CES1,UGT1A4,9606.ENSP00000353720,9606.ENSP00000362508,CES1,UGT1A4,0.824,700,functional,9606,2026-08-30T07:51:00.550986+00:00,STRING
hypertension-branch,CES1,CYP2E1,9606.ENSP00000353720,9606.ENSP00000440689,CES1,CYP2E1,0.933,700,functional,9606,2026-08-30T07:51:00.550986+00:00,STRING
hypertension-branch,CES1,CYP3A4,9606.ENSP00000353720,9606.ENSP00000498939,CES1,CYP3A4,0.958,700,functional,9606,2026-08-30T07:51:00.550986+00:00,STRING
hypertension-branch,TLR9,CASP1,9606.ENSP00000353874,9606.ENSP00000433138,TLR9,CASP1,0.771,700,functional,9606,2026-08-30T07:51:00.550986+00:00,STRING
hypertension-branch,TLR9,AGER,9606.ENSP00000353874,9606.ENSP00000364210,TLR9,AGER,0.795,700,functional,9606,2026-08-30T07:51:00.550986+00:00,STRING
hypertension-branch,TLR9,CGAS,9606.ENSP00000353874,9606.ENSP00000359339,TLR9,CGAS,0.812,700,functional,9606,2026-08-30T07:51:00.550986+00:00,STRING
hypertension-branch,TLR9,TNF,9606.ENSP00000353874,9606.ENSP00000398698,TLR9,TNF,0.896,700,functional,9606,2026-08-30T07:51:00.550986+00:00,STRING
hypertension-branch,GSTM3,CYP2C8,9606.ENSP00000354357,9606.ENSP00000360317,GSTM3,CYP2C8,0.709,700,functional,9606,2026-08-30T07:51:00.550986+00:00,STRING
hypertension-branch,GSTM3,GSTP1,9606.ENSP00000354357,9606.ENSP00000381607,GSTM3,GSTP1,0.758,700,functional,9606,2026-08-30T07:51:00.550986+00:00,STRING
hypertension-branch,GSTM3,GPX3,9606.ENSP00000354357,9606.ENSP00000373477,GSTM3,GPX3,0.803,700,functional,9606,2026-08-30T07:51:00.550986+00:00,STRING
hypertension-branch,GSTM3,CYP2C19,9606.ENSP00000354357,9606.ENSP00000360372,GSTM3,CYP2C19,0.823,700,functional,9606,2026-08-30T07:51:00.550986+00:00,STRING
hypertension-branch,GSTM3,CYP3A4,9606.ENSP00000354357,9606.ENSP00000498939,GSTM3,CYP3A4,0.923,700,functional,9606,2026-08-30T07:51:00.550986+00:00,STRING
hypertension-branch,GSTM3,GSS,9606.ENSP00000354357,9606.ENSP00000495750,GSTM3,GSS,0.93,700,functional,9606,2026-08-30T07:51:00.550986+00:00,STRING
hypertension-branch,GSTM3,CYP1B1,9606.ENSP00000354357,9606.ENSP00000478561,GSTM3,CYP1B1,0.943,700,functional,9606,2026-08-30T07:51:00.550986+00:00,STRING
hypertension-branch,GSTM3,CYP2E1,9606.ENSP00000354357,9606.ENSP00000440689,GSTM3,CYP2E1,0.944,700,functional,9606,2026-08-30T07:51:00.550986+00:00,STRING
hypertension-branch,GSTM3,CYP1A1,9606.ENSP00000354357,9606.ENSP00000378488,GSTM3,CYP1A1,0.95,700,functional,9606,2026-08-30T07:51:00.550986+00:00,STRING
hypertension-branch,GSTM3,EPHX1,9606.ENSP00000354357,9606.ENSP00000480004,GSTM3,EPHX1,0.959,700,functional,9606,2026-08-30T07:51:00.550986+00:00,STRING
hypertension-branch,GSTM3,GSTM4,9606.ENSP00000354357,9606.ENSP00000358851,GSTM3,GSTM4,0.963,700,functional,9606,2026-08-30T07:51:00.550986+00:00,STRING
hypertension-branch,COMT,DRD1,9606.ENSP00000354511,9606.ENSP00000377353,COMT,DRD1,0.715,700,functional,9606,2026-08-30T07:51:00.550986+00:00,STRING
hypertension-branch,COMT,DRD3,9606.ENSP00000354511,9606.ENSP00000373169,COMT,DRD3,0.783,700,functional,9606,2026-08-30T07:51:00.550986+00:00,STRING
hypertension-branch,COMT,UGT1A7,9606.ENSP00000354511,9606.ENSP00000362525,COMT,UGT1A7,0.858,700,functional,9606,2026-08-30T07:51:00.550986+00:00,STRING
hypertension-branch,COMT,UGT1A4,9606.ENSP00000354511,9606.ENSP00000362508,COMT,UGT1A4,0.859,700,functional,9606,2026-08-30T07:51:00.550986+00:00,STRING
hypertension-branch,COMT,HTR2A,9606.ENSP00000354511,9606.ENSP00000437737,COMT,HTR2A,0.864,700,functional,9606,2026-08-30T07:51:00.550986+00:00,STRING
hypertension-branch,COMT,OPRM1,9606.ENSP00000354511,9606.ENSP00000394624,COMT,OPRM1,0.87,700,functional,9606,2026-08-30T07:51:00.550986+00:00,STRING
hypertension-branch,COMT,DRD2,9606.ENSP00000354511,9606.ENSP00000354859,COMT,DRD2,0.924,700,functional,9606,2026-08-30T07:51:00.550986+00:00,STRING
hypertension-branch,COMT,CYP1B1,9606.ENSP00000354511,9606.ENSP00000478561,COMT,CYP1B1,0.971,700,functional,9606,2026-08-30T07:51:00.550986+00:00,STRING
hypertension-branch,COMT,CYP1A1,9606.ENSP00000354511,9606.ENSP00000378488,COMT,CYP1A1,0.985,700,functional,9606,2026-08-30T07:51:00.550986+00:00,STRING
hypertension-branch,DRD2,EDN1,9606.ENSP00000354859,9606.ENSP00000368683,DRD2,EDN1,0.731,700,functional,9606,2026-08-30T07:51:00.550986+00:00,STRING
hypertension-branch,DRD2,HTR2A,9606.ENSP00000354859,9606.ENSP00000437737,DRD2,HTR2A,0.799,700,functional,9606,2026-08-30T07:51:00.550986+00:00,STRING
hypertension-branch,DRD2,ARRB1,9606.ENSP00000354859,9606.ENSP00000409581,DRD2,ARRB1,0.977,700,functional,9606,2026-08-30T07:51:00.550986+00:00,STRING
hypertension-branch,DRD2,GNAI1,9606.ENSP00000354859,9606.ENSP00000497260,DRD2,GNAI1,0.998,700,functional,9606,2026-08-30T07:51:00.550986+00:00,STRING
hypertension-branch,KRT19,MUC1,9606.ENSP00000355124,9606.ENSP00000484824,KRT19,MUC1,0.775,700,functional,9606,2026-08-30T07:51:00.550986+00:00,STRING
hypertension-branch,ACTA1,TNNT1,9606.ENSP00000355645,9606.ENSP00000467176,ACTA1,TNNT1,0.851,700,functional,9606,2026-08-30T07:51:00.550986+00:00,STRING
hypertension-branch,ACTA1,ACTB,9606.ENSP00000355645,9606.ENSP00000494750,ACTA1,ACTB,0.901,700,functional,9606,2026-08-30T07:51:00.550986+00:00,STRING
hypertension-branch,ACTA1,CAP1,9606.ENSP00000355645,9606.ENSP00000361883,ACTA1,CAP1,0.957,700,functional,9606,2026-08-30T07:51:00.550986+00:00,STRING
hypertension-branch,ACTA1,TNNT2,9606.ENSP00000355645,9606.ENSP00000499593,ACTA1,TNNT2,0.966,700,functional,9606,2026-08-30T07:51:00.550986+00:00,STRING
hypertension-branch,PRKN,BCL2,9606.ENSP00000355865,9606.ENSP00000381185,PRKN,BCL2,0.705,700,functional,9606,2026-08-30T07:51:00.550986+00:00,STRING
hypertension-branch,PRKN,ACTB,9606.ENSP00000355865,9606.ENSP00000494750,PRKN,ACTB,0.711,700,functional,9606,2026-08-30T07:51:00.550986+00:00,STRING
hypertension-branch,PRKN,HIF1A,9606.ENSP00000355865,9606.ENSP00000437955,PRKN,HIF1A,0.716,700,functional,9606,2026-08-30T07:51:00.550986+00:00,STRING
hypertension-branch,PRKN,SUMO1,9606.ENSP00000355865,9606.ENSP00000376077,PRKN,SUMO1,0.757,700,functional,9606,2026-08-30T07:51:00.550986+00:00,STRING
hypertension-branch,PRKN,HSPA1B,9606.ENSP00000355865,9606.ENSP00000364801,PRKN,HSPA1B,0.768,700,functional,9606,2026-08-30T07:51:00.550986+00:00,STRING
hypertension-branch,PRKN,BCL2L1,9606.ENSP00000355865,9606.ENSP00000365230,PRKN,BCL2L1,0.777,700,functional,9606,2026-08-30T07:51:00.550986+00:00,STRING
hypertension-branch,PRKN,HDAC6,9606.ENSP00000355865,9606.ENSP00000365804,PRKN,HDAC6,0.946,700,functional,9606,2026-08-30T07:51:00.550986+00:00,STRING
hypertension-branch,PRKN,SNCA,9606.ENSP00000355865,9606.ENSP00000500990,PRKN,SNCA,0.999,700,functional,9606,2026-08-30T07:51:00.550986+00:00,STRING
hypertension-branch,MDM4,BCL2,9606.ENSP00000356150,9606.ENSP00000381185,MDM4,BCL2,0.728,700,functional,9606,2026-08-30T07:51:00.550986+00:00,STRING
hypertension-branch,MDM4,CDKN1A,9606.ENSP00000356150,9606.ENSP00000384849,MDM4,CDKN1A,0.754,700,functional,9606,2026-08-30T07:51:00.550986+00:00,STRING
hypertension-branch,MDM4,BRCA1,9606.ENSP00000356150,9606.ENSP00000418960,MDM4,BRCA1,0.77,700,functional,9606,2026-08-30T07:51:00.550986+00:00,STRING
hypertension-branch,RGS16,GNAI1,9606.ENSP00000356529,9606.ENSP00000497260,RGS16,GNAI1,0.977,700,functional,9606,2026-08-30T07:51:00.550986+00:00,STRING
hypertension-branch,FMO3,CYP2D6,9606.ENSP00000356729,9606.ENSP00000496150,FMO3,CYP2D6,0.965,700,functional,9606,2026-08-30T07:51:00.550986+00:00,STRING
hypertension-branch,FMO3,CYP3A4,9606.ENSP00000356729,9606.ENSP00000498939,FMO3,CYP3A4,0.972,700,functional,9606,2026-08-30T07:51:00.550986+00:00,STRING
hypertension-branch,SGK1,RAF1,9606.ENSP00000356832,9606.ENSP00000401888,SGK1,RAF1,0.78,700,functional,9606,2026-08-30T07:51:00.550986+00:00,STRING
hypertension-branch,SGK1,CREB1,9606.ENSP00000356832,9606.ENSP00000387699,SGK1,CREB1,0.886,700,functional,9606,2026-08-30T07:51:00.550986+00:00,STRING
hypertension-branch,SGK1,FKBP5,9606.ENSP00000356832,9606.ENSP00000444810,SGK1,FKBP5,0.904,700,functional,9606,2026-08-30T07:51:00.550986+00:00,STRING
hypertension-branch,ATF6,CREB1,9606.ENSP00000356919,9606.ENSP00000387699,ATF6,CREB1,0.701,700,functional,9606,2026-08-30T07:51:00.550986+00:00,STRING
hypertension-branch,ATF6,BCL2,9606.ENSP00000356919,9606.ENSP00000381185,ATF6,BCL2,0.716,700,functional,9606,2026-08-30T07:51:00.550986+00:00,STRING
hypertension-branch,LMNA,BRCA1,9606.ENSP00000357283,9606.ENSP00000418960,LMNA,BRCA1,0.765,700,functional,9606,2026-08-30T07:51:00.550986+00:00,STRING
hypertension-branch,LMNA,ACTB,9606.ENSP00000357283,9606.ENSP00000494750,LMNA,ACTB,0.784,700,functional,9606,2026-08-30T07:51:00.550986+00:00,STRING
hypertension-branch,S100A6,S100A8,9606.ENSP00000357709,9606.ENSP00000357721,S100A6,S100A8,0.701,700,functional,9606,2026-08-30T07:51:00.550986+00:00,STRING
hypertension-branch,S100A6,AGER,9606.ENSP00000357709,9606.ENSP00000364210,S100A6,AGER,0.983,700,functional,9606,2026-08-30T07:51:00.550986+00:00,STRING
hypertension-branch,S100A8,S100A9,9606.ENSP00000357721,9606.ENSP00000357727,S100A8,S100A9,0.999,700,functional,9606,2026-08-30T07:51:00.550986+00:00,STRING
hypertension-branch,MCL1,ABL1,9606.ENSP00000358022,9606.ENSP00000361423,MCL1,ABL1,0.753,700,functional,9606,2026-08-30T07:51:00.550986+00:00,STRING
hypertension-branch,MCL1,BCL2,9606.ENSP00000358022,9606.ENSP00000381185,MCL1,BCL2,0.764,700,functional,9606,2026-08-30T07:51:00.550986+00:00,STRING
hypertension-branch,MCL1,ACTB,9606.ENSP00000358022,9606.ENSP00000494750,MCL1,ACTB,0.768,700,functional,9606,2026-08-30T07:51:00.550986+00:00,STRING
hypertension-branch,MCL1,CDK1,9606.ENSP00000358022,9606.ENSP00000378699,MCL1,CDK1,0.79,700,functional,9606,2026-08-30T07:51:00.550986+00:00,STRING
hypertension-branch,MCL1,APAF1,9606.ENSP00000358022,9606.ENSP00000448165,MCL1,APAF1,0.813,700,functional,9606,2026-08-30T07:51:00.550986+00:00,STRING
hypertension-branch,MCL1,HIF1A,9606.ENSP00000358022,9606.ENSP00000437955,MCL1,HIF1A,0.825,700,functional,9606,2026-08-30T07:51:00.550986+00:00,STRING
hypertension-branch,MCL1,CDKN1A,9606.ENSP00000358022,9606.ENSP00000384849,MCL1,CDKN1A,0.849,700,functional,9606,2026-08-30T07:51:00.550986+00:00,STRING
hypertension-branch,MCL1,MYC,9606.ENSP00000358022,9606.ENSP00000478887,MCL1,MYC,0.857,700,functional,9606,2026-08-30T07:51:00.550986+00:00,STRING
hypertension-branch,MCL1,AKT1,9606.ENSP00000358022,9606.ENSP00000451828,MCL1,AKT1,0.867,700,functional,9606,2026-08-30T07:51:00.550986+00:00,STRING
hypertension-branch,MCL1,BCL2L1,9606.ENSP00000358022,9606.ENSP00000365230,MCL1,BCL2L1,0.989,700,functional,9606,2026-08-30T07:51:00.550986+00:00,STRING
hypertension-branch,MCL1,BCL2L11,9606.ENSP00000358022,9606.ENSP00000376943,MCL1,BCL2L11,0.999,700,functional,9606,2026-08-30T07:51:00.550986+00:00,STRING
hypertension-branch,CASP7,BCL2L1,9606.ENSP00000358327,9606.ENSP00000365230,CASP7,BCL2L1,0.854,700,functional,9606,2026-08-30T07:51:00.550986+00:00,STRING
hypertension-branch,CASP7,BCL2,9606.ENSP00000358327,9606.ENSP00000381185,CASP7,BCL2,0.857,700,functional,9606,2026-08-30T07:51:00.550986+00:00,STRING
hypertension-branch,CASP7,APAF1,9606.ENSP00000358327,9606.ENSP00000448165,CASP7,APAF1,0.94,700,functional,9606,2026-08-30T07:51:00.550986+00:00,STRING
hypertension-branch,CASP7,ACTB,9606.ENSP00000358327,9606.ENSP00000494750,CASP7,ACTB,0.967,700,functional,9606,2026-08-30T07:51:00.550986+00:00,STRING
hypertension-branch,NGF,TNF,9606.ENSP00000358525,9606.ENSP00000398698,NGF,TNF,0.714,700,functional,9606,2026-08-30T07:51:00.550986+00:00,STRING
hypertension-branch,NGF,AKT1,9606.ENSP00000358525,9606.ENSP00000451828,NGF,AKT1,0.818,700,functional,9606,2026-08-30T07:51:00.550986+00:00,STRING
hypertension-branch,NGF,IGF1,9606.ENSP00000358525,9606.ENSP00000376637,NGF,IGF1,0.84,700,functional,9606,2026-08-30T07:51:00.550986+00:00,STRING
hypertension-branch,NGF,TRPV1,9606.ENSP00000358525,9606.ENSP00000459962,NGF,TRPV1,0.853,700,functional,9606,2026-08-30T07:51:00.550986+00:00,STRING
hypertension-branch,GSTM4,GPX3,9606.ENSP00000358851,9606.ENSP00000373477,GSTM4,GPX3,0.757,700,functional,9606,2026-08-30T07:51:00.550986+00:00,STRING
hypertension-branch,GSTM4,GSTP1,9606.ENSP00000358851,9606.ENSP00000381607,GSTM4,GSTP1,0.763,700,functional,9606,2026-08-30T07:51:00.550986+00:00,STRING
hypertension-branch,GSTM4,CYP1B1,9606.ENSP00000358851,9606.ENSP00000478561,GSTM4,CYP1B1,0.917,700,functional,9606,2026-08-30T07:51:00.550986+00:00,STRING
hypertension-branch,GSTM4,CYP3A4,9606.ENSP00000358851,9606.ENSP00000498939,GSTM4,CYP3A4,0.918,700,functional,9606,2026-08-30T07:51:00.550986+00:00,STRING
hypertension-branch,GSTM4,GSS,9606.ENSP00000358851,9606.ENSP00000495750,GSTM4,GSS,0.919,700,functional,9606,2026-08-30T07:51:00.550986+00:00,STRING
hypertension-branch,GSTM4,CYP1A1,9606.ENSP00000358851,9606.ENSP00000378488,GSTM4,CYP1A1,0.92,700,functional,9606,2026-08-30T07:51:00.550986+00:00,STRING
hypertension-branch,GSTM4,CYP2E1,9606.ENSP00000358851,9606.ENSP00000440689,GSTM4,CYP2E1,0.922,700,functional,9606,2026-08-30T07:51:00.550986+00:00,STRING
hypertension-branch,GSTM4,EPHX1,9606.ENSP00000358851,9606.ENSP00000480004,GSTM4,EPHX1,0.94,700,functional,9606,2026-08-30T07:51:00.550986+00:00,STRING
hypertension-branch,NFKB2,TNF,9606.ENSP00000358983,9606.ENSP00000398698,NFKB2,TNF,0.772,700,functional,9606,2026-08-30T07:51:00.550986+00:00,STRING
hypertension-branch,CGAS,BRCA1,9606.ENSP00000359339,9606.ENSP00000418960,CGAS,BRCA1,0.71,700,functional,9606,2026-08-30T07:51:00.550986+00:00,STRING
hypertension-branch,GNAS,GNAI1,9606.ENSP00000360141,9606.ENSP00000497260,GNAS,GNAI1,0.728,700,functional,9606,2026-08-30T07:51:00.550986+00:00,STRING
hypertension-branch,GNAS,RXFP1,9606.ENSP00000360141,9606.ENSP00000405841,GNAS,RXFP1,0.913,700,functional,9606,2026-08-30T07:51:00.550986+00:00,STRING
hypertension-branch,GNAS,TRHR,9606.ENSP00000360141,9606.ENSP00000430711,GNAS,TRHR,0.92,700,functional,9606,2026-08-30T07:51:00.550986+00:00,STRING
hypertension-branch,GNAS,OPRM1,9606.ENSP00000360141,9606.ENSP00000394624,GNAS,OPRM1,0.92,700,functional,9606,2026-08-30T07:51:00.550986+00:00,STRING
hypertension-branch,GNAS,MC1R,9606.ENSP00000360141,9606.ENSP00000451605,GNAS,MC1R,0.929,700,functional,9606,2026-08-30T07:51:00.550986+00:00,STRING
hypertension-branch,GNAS,HTR2A,9606.ENSP00000360141,9606.ENSP00000437737,GNAS,HTR2A,0.932,700,functional,9606,2026-08-30T07:51:00.550986+00:00,STRING
hypertension-branch,GNAS,HRH2,9606.ENSP00000360141,9606.ENSP00000366506,GNAS,HRH2,0.951,700,functional,9606,2026-08-30T07:51:00.550986+00:00,STRING
hypertension-branch,GNAS,DRD1,9606.ENSP00000360141,9606.ENSP00000377353,GNAS,DRD1,0.994,700,functional,9606,2026-08-30T07:51:00.550986+00:00,STRING
hypertension-branch,GNAS,GLP1R,9606.ENSP00000360141,9606.ENSP00000362353,GNAS,GLP1R,0.995,700,functional,9606,2026-08-30T07:51:00.550986+00:00,STRING
hypertension-branch,GNAS,GCGR,9606.ENSP00000360141,9606.ENSP00000383558,GNAS,GCGR,0.995,700,functional,9606,2026-08-30T07:51:00.550986+00:00,STRING
hypertension-branch,GNAS,PTH1R,9606.ENSP00000360141,9606.ENSP00000402723,GNAS,PTH1R,0.997,700,functional,9606,2026-08-30T07:51:00.550986+00:00,STRING
hypertension-branch,GNAS,TSHR,9606.ENSP00000360141,9606.ENSP00000441235,GNAS,TSHR,0.997,700,functional,9606,2026-08-30T07:51:00.550986+00:00,STRING
hypertension-branch,JUN,BCL2L1,9606.ENSP00000360266,9606.ENSP00000365230,JUN,BCL2L1,0.706,700,functional,9606,2026-08-30T07:51:00.550986+00:00,STRING
hypertension-branch,JUN,MUC1,9606.ENSP00000360266,9606.ENSP00000484824,JUN,MUC1,0.714,700,functional,9606,2026-08-30T07:51:00.550986+00:00,STRING
hypertension-branch,JUN,BCL2L11,9606.ENSP00000360266,9606.ENSP00000376943,JUN,BCL2L11,0.778,700,functional,9606,2026-08-30T07:51:00.550986+00:00,STRING
hypertension-branch,JUN,CDK1,9606.ENSP00000360266,9606.ENSP00000378699,JUN,CDK1,0.778,700,functional,9606,2026-08-30T07:51:00.550986+00:00,STRING
hypertension-branch,JUN,ABL1,9606.ENSP00000360266,9606.ENSP00000361423,JUN,ABL1,0.784,700,functional,9606,2026-08-30T07:51:00.550986+00:00,STRING
hypertension-branch,JUN,BRCA1,9606.ENSP00000360266,9606.ENSP00000418960,JUN,BRCA1,0.794,700,functional,9606,2026-08-30T07:51:00.550986+00:00,STRING
hypertension-branch,JUN,ACTB,9606.ENSP00000360266,9606.ENSP00000494750,JUN,ACTB,0.806,700,functional,9606,2026-08-30T07:51:00.550986+00:00,STRING
hypertension-branch,JUN,CDKN1A,9606.ENSP00000360266,9606.ENSP00000384849,JUN,CDKN1A,0.831,700,functional,9606,2026-08-30T07:51:00.550986+00:00,STRING
hypertension-branch,JUN,AR,9606.ENSP00000360266,9606.ENSP00000363822,JUN,AR,0.84,700,functional,9606,2026-08-30T07:51:00.550986+00:00,STRING
hypertension-branch,JUN,MMP9,9606.ENSP00000360266,9606.ENSP00000361405,JUN,MMP9,0.866,700,functional,9606,2026-08-30T07:51:00.550986+00:00,STRING
hypertension-branch,JUN,YAP1,9606.ENSP00000360266,9606.ENSP00000478927,JUN,YAP1,0.909,700,functional,9606,2026-08-30T07:51:00.550986+00:00,STRING
hypertension-branch,JUN,NFE2L2,9606.ENSP00000360266,9606.ENSP00000380252,JUN,NFE2L2,0.92,700,functional,9606,2026-08-30T07:51:00.550986+00:00,STRING
hypertension-branch,JUN,MITF,9606.ENSP00000360266,9606.ENSP00000391803,JUN,MITF,0.923,700,functional,9606,2026-08-30T07:51:00.550986+00:00,STRING
hypertension-branch,JUN,BCL2,9606.ENSP00000360266,9606.ENSP00000381185,JUN,BCL2,0.927,700,functional,9606,2026-08-30T07:51:00.550986+00:00,STRING
hypertension-branch,JUN,GSTP1,9606.ENSP00000360266,9606.ENSP00000381607,JUN,GSTP1,0.927,700,functional,9606,2026-08-30T07:51:00.550986+00:00,STRING
hypertension-branch,JUN,NCOA3,9606.ENSP00000360266,9606.ENSP00000361066,JUN,NCOA3,0.938,700,functional,9606,2026-08-30T07:51:00.550986+00:00,STRING
hypertension-branch,JUN,CXCL1,9606.ENSP00000360266,9606.ENSP00000379110,JUN,CXCL1,0.952,700,functional,9606,2026-08-30T07:51:00.550986+00:00,STRING
hypertension-branch,JUN,CXCL2,9606.ENSP00000360266,9606.ENSP00000427279,JUN,CXCL2,0.953,700,functional,9606,2026-08-30T07:51:00.550986+00:00,STRING
hypertension-branch,JUN,HIF1A,9606.ENSP00000360266,9606.ENSP00000437955,JUN,HIF1A,0.961,700,functional,9606,2026-08-30T07:51:00.550986+00:00,STRING
hypertension-branch,JUN,NCOA1,9606.ENSP00000360266,9606.ENSP00000385216,JUN,NCOA1,0.965,700,functional,9606,2026-08-30T07:51:00.550986+00:00,STRING
hypertension-branch,JUN,MYC,9606.ENSP00000360266,9606.ENSP00000478887,JUN,MYC,0.97,700,functional,9606,2026-08-30T07:51:00.550986+00:00,STRING
hypertension-branch,JUN,PPARA,9606.ENSP00000360266,9606.ENSP00000385523,JUN,PPARA,0.979,700,functional,9606,2026-08-30T07:51:00.550986+00:00,STRING
hypertension-branch,JUN,TNF,9606.ENSP00000360266,9606.ENSP00000398698,JUN,TNF,0.989,700,functional,9606,2026-08-30T07:51:00.550986+00:00,STRING
hypertension-branch,JUN,AKT1,9606.ENSP00000360266,9606.ENSP00000451828,JUN,AKT1,0.991,700,functional,9606,2026-08-30T07:51:00.550986+00:00,STRING
hypertension-branch,JUN,CREB1,9606.ENSP00000360266,9606.ENSP00000387699,JUN,CREB1,0.998,700,functional,9606,2026-08-30T07:51:00.550986+00:00,STRING
hypertension-branch,JUN,ESR1,9606.ENSP00000360266,9606.ENSP00000405330,JUN,ESR1,0.999,700,functional,9606,2026-08-30T07:51:00.550986+00:00,STRING
hypertension-branch,CYP2C8,ABCB1,9606.ENSP00000360317,9606.ENSP00000478255,CYP2C8,ABCB1,0.722,700,functional,9606,2026-08-30T07:51:00.550986+00:00,STRING
hypertension-branch,CYP2C8,GSTP1,9606.ENSP00000360317,9606.ENSP00000381607,CYP2C8,GSTP1,0.794,700,functional,9606,2026-08-30T07:51:00.550986+00:00,STRING
hypertension-branch,CYP2C8,UGT1A7,9606.ENSP00000360317,9606.ENSP00000362525,CYP2C8,UGT1A7,0.906,700,functional,9606,2026-08-30T07:51:00.550986+00:00,STRING
hypertension-branch,CYP2C8,GPX3,9606.ENSP00000360317,9606.ENSP00000373477,CYP2C8,GPX3,0.91,700,functional,9606,2026-08-30T07:51:00.550986+00:00,STRING
hypertension-branch,CYP2C8,UGT1A4,9606.ENSP00000360317,9606.ENSP00000362508,CYP2C8,UGT1A4,0.925,700,functional,9606,2026-08-30T07:51:00.550986+00:00,STRING
hypertension-branch,CYP2C8,CYP2C19,9606.ENSP00000360317,9606.ENSP00000360372,CYP2C8,CYP2C19,0.943,700,functional,9606,2026-08-30T07:51:00.550986+00:00,STRING
hypertension-branch,CYP2C8,EPHX1,9606.ENSP00000360317,9606.ENSP00000480004,CYP2C8,EPHX1,0.945,700,functional,9606,2026-08-30T07:51:00.550986+00:00,STRING
hypertension-branch,CYP2C8,CYP2E1,9606.ENSP00000360317,9606.ENSP00000440689,CYP2C8,CYP2E1,0.951,700,functional,9606,2026-08-30T07:51:00.550986+00:00,STRING
hypertension-branch,CYP2C8,CYP1A1,9606.ENSP00000360317,9606.ENSP00000378488,CYP2C8,CYP1A1,0.955,700,functional,9606,2026-08-30T07:51:00.550986+00:00,STRING
hypertension-branch,CYP2C8,CYP3A4,9606.ENSP00000360317,9606.ENSP00000498939,CYP2C8,CYP3A4,0.973,700,functional,9606,2026-08-30T07:51:00.550986+00:00,STRING
hypertension-branch,CYP2C8,EPHX2,9606.ENSP00000360317,9606.ENSP00000430269,CYP2C8,EPHX2,0.973,700,functional,9606,2026-08-30T07:51:00.550986+00:00,STRING
hypertension-branch,CYP2C19,UGT1A7,9606.ENSP00000360372,9606.ENSP00000362525,CYP2C19,UGT1A7,0.799,700,functional,9606,2026-08-30T07:51:00.550986+00:00,STRING
hypertension-branch,CYP2C19,GSTP1,9606.ENSP00000360372,9606.ENSP00000381607,CYP2C19,GSTP1,0.819,700,functional,9606,2026-08-30T07:51:00.550986+00:00,STRING
hypertension-branch,CYP2C19,UGT1A4,9606.ENSP00000360372,9606.ENSP00000362508,CYP2C19,UGT1A4,0.831,700,functional,9606,2026-08-30T07:51:00.550986+00:00,STRING
hypertension-branch,CYP2C19,POR,9606.ENSP00000360372,9606.ENSP00000419970,CYP2C19,POR,0.838,700,functional,9606,2026-08-30T07:51:00.550986+00:00,STRING
hypertension-branch,CYP2C19,ABCB1,9606.ENSP00000360372,9606.ENSP00000478255,CYP2C19,ABCB1,0.858,700,functional,9606,2026-08-30T07:51:00.550986+00:00,STRING
hypertension-branch,CYP2C19,CYP2E1,9606.ENSP00000360372,9606.ENSP00000440689,CYP2C19,CYP2E1,0.915,700,functional,9606,2026-08-30T07:51:00.550986+00:00,STRING
hypertension-branch,CYP2C19,CYP2D6,9606.ENSP00000360372,9606.ENSP00000496150,CYP2C19,CYP2D6,0.925,700,functional,9606,2026-08-30T07:51:00.550986+00:00,STRING
hypertension-branch,CYP2C19,EPHX1,9606.ENSP00000360372,9606.ENSP00000480004,CYP2C19,EPHX1,0.952,700,functional,9606,2026-08-30T07:51:00.550986+00:00,STRING
hypertension-branch,CYP2C19,CYP3A4,9606.ENSP00000360372,9606.ENSP00000498939,CYP2C19,CYP3A4,0.968,700,functional,9606,2026-08-30T07:51:00.550986+00:00,STRING
hypertension-branch,COL5A1,COL5A2,9606.ENSP00000360882,9606.ENSP00000364000,COL5A1,COL5A2,0.996,700,functional,9606,2026-08-30T07:51:00.550986+00:00,STRING
hypertension-branch,NCOA3,NR1H4,9606.ENSP00000361066,9606.ENSP00000447149,NCOA3,NR1H4,0.775,700,functional,9606,2026-08-30T07:51:00.550986+00:00,STRING
hypertension-branch,NCOA3,ESRRA,9606.ENSP00000361066,9606.ENSP00000384851,NCOA3,ESRRA,0.805,700,functional,9606,2026-08-30T07:51:00.550986+00:00,STRING
hypertension-branch,NCOA3,MYC,9606.ENSP00000361066,9606.ENSP00000478887,NCOA3,MYC,0.845,700,functional,9606,2026-08-30T07:51:00.550986+00:00,STRING
hypertension-branch,NCOA3,PRMT1,9606.ENSP00000361066,9606.ENSP00000406162,NCOA3,PRMT1,0.924,700,functional,9606,2026-08-30T07:51:00.550986+00:00,STRING
hypertension-branch,NCOA3,THRB,9606.ENSP00000361066,9606.ENSP00000379904,NCOA3,THRB,0.938,700,functional,9606,2026-08-30T07:51:00.550986+00:00,STRING
hypertension-branch,NCOA3,RXRA,9606.ENSP00000361066,9606.ENSP00000419692,NCOA3,RXRA,0.988,700,functional,9606,2026-08-30T07:51:00.550986+00:00,STRING
hypertension-branch,NCOA3,NCOA1,9606.ENSP00000361066,9606.ENSP00000385216,NCOA3,NCOA1,0.994,700,functional,9606,2026-08-30T07:51:00.550986+00:00,STRING
hypertension-branch,NCOA3,AR,9606.ENSP00000361066,9606.ENSP00000363822,NCOA3,AR,0.997,700,functional,9606,2026-08-30T07:51:00.550986+00:00,STRING
hypertension-branch,NCOA3,ESR1,9606.ENSP00000361066,9606.ENSP00000405330,NCOA3,ESR1,0.999,700,functional,9606,2026-08-30T07:51:00.550986+00:00,STRING
hypertension-branch,MMP9,PGF,9606.ENSP00000361405,9606.ENSP00000451040,MMP9,PGF,0.702,700,functional,9606,2026-08-30T07:51:00.550986+00:00,STRING
hypertension-branch,MMP9,MYC,9606.ENSP00000361405,9606.ENSP00000478887,MMP9,MYC,0.704,700,functional,9606,2026-08-30T07:51:00.550986+00:00,STRING
hypertension-branch,MMP9,CXCL1,9606.ENSP00000361405,9606.ENSP00000379110,MMP9,CXCL1,0.714,700,functional,9606,2026-08-30T07:51:00.550986+00:00,STRING
hypertension-branch,MMP9,IGF1,9606.ENSP00000361405,9606.ENSP00000376637,MMP9,IGF1,0.767,700,functional,9606,2026-08-30T07:51:00.550986+00:00,STRING
hypertension-branch,MMP9,ESR1,9606.ENSP00000361405,9606.ENSP00000405330,MMP9,ESR1,0.772,700,functional,9606,2026-08-30T07:51:00.550986+00:00,STRING
hypertension-branch,MMP9,ACTB,9606.ENSP00000361405,9606.ENSP00000494750,MMP9,ACTB,0.778,700,functional,9606,2026-08-30T07:51:00.550986+00:00,STRING
hypertension-branch,MMP9,BCL2,9606.ENSP00000361405,9606.ENSP00000381185,MMP9,BCL2,0.804,700,functional,9606,2026-08-30T07:51:00.550986+00:00,STRING
hypertension-branch,MMP9,HIF1A,9606.ENSP00000361405,9606.ENSP00000437955,MMP9,HIF1A,0.824,700,functional,9606,2026-08-30T07:51:00.550986+00:00,STRING
hypertension-branch,MMP9,AKT1,9606.ENSP00000361405,9606.ENSP00000451828,MMP9,AKT1,0.827,700,functional,9606,2026-08-30T07:51:00.550986+00:00,STRING
hypertension-branch,MMP9,TNF,9606.ENSP00000361405,9606.ENSP00000398698,MMP9,TNF,0.93,700,functional,9606,2026-08-30T07:51:00.550986+00:00,STRING
hypertension-branch,MMP9,EDN1,9606.ENSP00000361405,9606.ENSP00000368683,MMP9,EDN1,0.963,700,functional,9606,2026-08-30T07:51:00.550986+00:00,STRING
hypertension-branch,ABL1,BCL2L1,9606.ENSP00000361423,9606.ENSP00000365230,ABL1,BCL2L1,0.722,700,functional,9606,2026-08-30T07:51:00.550986+00:00,STRING
hypertension-branch,ABL1,MYC,9606.ENSP00000361423,9606.ENSP00000478887,ABL1,MYC,0.785,700,functional,9606,2026-08-30T07:51:00.550986+00:00,STRING
hypertension-branch,ABL1,SNCA,9606.ENSP00000361423,9606.ENSP00000500990,ABL1,SNCA,0.823,700,functional,9606,2026-08-30T07:51:00.550986+00:00,STRING
hypertension-branch,ABL1,CDKN1A,9606.ENSP00000361423,9606.ENSP00000384849,ABL1,CDKN1A,0.878,700,functional,9606,2026-08-30T07:51:00.550986+00:00,STRING
hypertension-branch,ABL1,YAP1,9606.ENSP00000361423,9606.ENSP00000478927,ABL1,YAP1,0.886,700,functional,9606,2026-08-30T07:51:00.550986+00:00,STRING
hypertension-branch,ABL1,BRCA1,9606.ENSP00000361423,9606.ENSP00000418960,ABL1,BRCA1,0.956,700,functional,9606,2026-08-30T07:51:00.550986+00:00,STRING
hypertension-branch,CDC20,BRCA1,9606.ENSP00000361540,9606.ENSP00000418960,CDC20,BRCA1,0.766,700,functional,9606,2026-08-30T07:51:00.550986+00:00,STRING
hypertension-branch,CDC20,CDKN1A,9606.ENSP00000361540,9606.ENSP00000384849,CDC20,CDKN1A,0.853,700,functional,9606,2026-08-30T07:51:00.550986+00:00,STRING
hypertension-branch,CDC20,TK1,9606.ENSP00000361540,9606.ENSP00000468425,CDC20,TK1,0.883,700,functional,9606,2026-08-30T07:51:00.550986+00:00,STRING
hypertension-branch,CDC20,CDCA3,9606.ENSP00000361540,9606.ENSP00000442068,CDC20,CDCA3,0.981,700,functional,9606,2026-08-30T07:51:00.550986+00:00,STRING
hypertension-branch,CDC20,CCNA2,9606.ENSP00000361540,9606.ENSP00000481380,CDC20,CCNA2,0.999,700,functional,9606,2026-08-30T07:51:00.550986+00:00,STRING
hypertension-branch,CDC20,CDK1,9606.ENSP00000361540,9606.ENSP00000378699,CDC20,CDK1,0.999,700,functional,9606,2026-08-30T07:51:00.550986+00:00,STRING
hypertension-branch,EDN2,EDN1,9606.ENSP00000361668,9606.ENSP00000368683,EDN2,EDN1,0.95,700,functional,9606,2026-08-30T07:51:00.550986+00:00,STRING
hypertension-branch,CAP1,ACTB,9606.ENSP00000361883,9606.ENSP00000494750,CAP1,ACTB,0.86,700,functional,9606,2026-08-30T07:51:00.550986+00:00,STRING
hypertension-branch,ADA,EPHX2,9606.ENSP00000361965,9606.ENSP00000430269,ADA,EPHX2,0.85,700,functional,9606,2026-08-30T07:51:00.550986+00:00,STRING
hypertension-branch,GLP1R,ARRB1,9606.ENSP00000362353,9606.ENSP00000409581,GLP1R,ARRB1,0.775,700,functional,9606,2026-08-30T07:51:00.550986+00:00,STRING
hypertension-branch,ATRX,BRCA1,9606.ENSP00000362441,9606.ENSP00000418960,ATRX,BRCA1,0.858,700,functional,9606,2026-08-30T07:51:00.550986+00:00,STRING
hypertension-branch,ATRX,IDH1,9606.ENSP00000362441,9606.ENSP00000390265,ATRX,IDH1,0.888,700,functional,9606,2026-08-30T07:51:00.550986+00:00,STRING
hypertension-branch,UGT1A4,ABCB1,9606.ENSP00000362508,9606.ENSP00000478255,UGT1A4,ABCB1,0.703,700,functional,9606,2026-08-30T07:51:00.550986+00:00,STRING
hypertension-branch,UGT1A4,SULT1A1,9606.ENSP00000362508,9606.ENSP00000378972,UGT1A4,SULT1A1,0.738,700,functional,9606,2026-08-30T07:51:00.550986+00:00,STRING
hypertension-branch,UGT1A4,CYP19A1,9606.ENSP00000362508,9606.ENSP00000379683,UGT1A4,CYP19A1,0.941,700,functional,9606,2026-08-30T07:51:00.550986+00:00,STRING
hypertension-branch,UGT1A4,CYP1B1,9606.ENSP00000362508,9606.ENSP00000478561,UGT1A4,CYP1B1,0.963,700,functional,9606,2026-08-30T07:51:00.550986+00:00,STRING
hypertension-branch,UGT1A4,CYP2E1,9606.ENSP00000362508,9606.ENSP00000440689,UGT1A4,CYP2E1,0.97,700,functional,9606,2026-08-30T07:51:00.550986+00:00,STRING
hypertension-branch,UGT1A4,CYP2D6,9606.ENSP00000362508,9606.ENSP00000496150,UGT1A4,CYP2D6,0.981,700,functional,9606,2026-08-30T07:51:00.550986+00:00,STRING
hypertension-branch,UGT1A4,CYP1A1,9606.ENSP00000362508,9606.ENSP00000378488,UGT1A4,CYP1A1,0.985,700,functional,9606,2026-08-30T07:51:00.550986+00:00,STRING
hypertension-branch,UGT1A4,CYP3A4,9606.ENSP00000362508,9606.ENSP00000498939,UGT1A4,CYP3A4,0.992,700,functional,9606,2026-08-30T07:51:00.550986+00:00,STRING
hypertension-branch,UGT1A4,UGT1A7,9606.ENSP00000362508,9606.ENSP00000362525,UGT1A4,UGT1A7,0.994,700,functional,9606,2026-08-30T07:51:00.550986+00:00,STRING
hypertension-branch,UGT1A7,SULT1A1,9606.ENSP00000362525,9606.ENSP00000378972,UGT1A7,SULT1A1,0.738,700,functional,9606,2026-08-30T07:51:00.550986+00:00,STRING
hypertension-branch,UGT1A7,CYP19A1,9606.ENSP00000362525,9606.ENSP00000379683,UGT1A7,CYP19A1,0.945,700,functional,9606,2026-08-30T07:51:00.550986+00:00,STRING
hypertension-branch,UGT1A7,CYP1B1,9606.ENSP00000362525,9606.ENSP00000478561,UGT1A7,CYP1B1,0.963,700,functional,9606,2026-08-30T07:51:00.550986+00:00,STRING
hypertension-branch,UGT1A7,CYP2E1,9606.ENSP00000362525,9606.ENSP00000440689,UGT1A7,CYP2E1,0.969,700,functional,9606,2026-08-30T07:51:00.550986+00:00,STRING
hypertension-branch,UGT1A7,CYP2D6,9606.ENSP00000362525,9606.ENSP00000496150,UGT1A7,CYP2D6,0.979,700,functional,9606,2026-08-30T07:51:00.550986+00:00,STRING
hypertension-branch,UGT1A7,CYP1A1,9606.ENSP00000362525,9606.ENSP00000378488,UGT1A7,CYP1A1,0.985,700,functional,9606,2026-08-30T07:51:00.550986+00:00,STRING
hypertension-branch,UGT1A7,CYP3A4,9606.ENSP00000362525,9606.ENSP00000498939,UGT1A7,CYP3A4,0.992,700,functional,9606,2026-08-30T07:51:00.550986+00:00,STRING
hypertension-branch,AR,MYC,9606.ENSP00000363822,9606.ENSP00000478887,AR,MYC,0.7,700,functional,9606,2026-08-30T07:51:00.550986+00:00,STRING
hypertension-branch,AR,HSPA1B,9606.ENSP00000363822,9606.ENSP00000364801,AR,HSPA1B,0.734,700,functional,9606,2026-08-30T07:51:00.550986+00:00,STRING
hypertension-branch,AR,SUMO1,9606.ENSP00000363822,9606.ENSP00000376077,AR,SUMO1,0.747,700,functional,9606,2026-08-30T07:51:00.550986+00:00,STRING
hypertension-branch,AR,IGF1,9606.ENSP00000363822,9606.ENSP00000376637,AR,IGF1,0.747,700,functional,9606,2026-08-30T07:51:00.550986+00:00,STRING
hypertension-branch,AR,CYP19A1,9606.ENSP00000363822,9606.ENSP00000379683,AR,CYP19A1,0.787,700,functional,9606,2026-08-30T07:51:00.550986+00:00,STRING
hypertension-branch,AR,YAP1,9606.ENSP00000363822,9606.ENSP00000478927,AR,YAP1,0.847,700,functional,9606,2026-08-30T07:51:00.550986+00:00,STRING
hypertension-branch,AR,FOXA2,9606.ENSP00000363822,9606.ENSP00000400341,AR,FOXA2,0.857,700,functional,9606,2026-08-30T07:51:00.550986+00:00,STRING
hypertension-branch,AR,NR0B1,9606.ENSP00000363822,9606.ENSP00000368253,AR,NR0B1,0.865,700,functional,9606,2026-08-30T07:51:00.550986+00:00,STRING
hypertension-branch,AR,HIF1A,9606.ENSP00000363822,9606.ENSP00000437955,AR,HIF1A,0.871,700,functional,9606,2026-08-30T07:51:00.550986+00:00,STRING
hypertension-branch,AR,ERG,9606.ENSP00000363822,9606.ENSP00000414150,AR,ERG,0.893,700,functional,9606,2026-08-30T07:51:00.550986+00:00,STRING
hypertension-branch,AR,AKT1,9606.ENSP00000363822,9606.ENSP00000451828,AR,AKT1,0.895,700,functional,9606,2026-08-30T07:51:00.550986+00:00,STRING
hypertension-branch,AR,FKBP5,9606.ENSP00000363822,9606.ENSP00000444810,AR,FKBP5,0.905,700,functional,9606,2026-08-30T07:51:00.550986+00:00,STRING
hypertension-branch,AR,BRCA1,9606.ENSP00000363822,9606.ENSP00000418960,AR,BRCA1,0.908,700,functional,9606,2026-08-30T07:51:00.550986+00:00,STRING
hypertension-branch,AR,ESR1,9606.ENSP00000363822,9606.ENSP00000405330,AR,ESR1,0.981,700,functional,9606,2026-08-30T07:51:00.550986+00:00,STRING
hypertension-branch,AR,NCOA1,9606.ENSP00000363822,9606.ENSP00000385216,AR,NCOA1,0.984,700,functional,9606,2026-08-30T07:51:00.550986+00:00,STRING
hypertension-branch,PLA2G5,PAFAH1B2,9606.ENSP00000364249,9606.ENSP00000435289,PLA2G5,PAFAH1B2,0.71,700,functional,9606,2026-08-30T07:51:00.550986+00:00,STRING
hypertension-branch,HSPA1B,SNCA,9606.ENSP00000364801,9606.ENSP00000500990,HSPA1B,SNCA,0.758,700,functional,9606,2026-08-30T07:51:00.550986+00:00,STRING
hypertension-branch,HSPA1B,TNF,9606.ENSP00000364801,9606.ENSP00000398698,HSPA1B,TNF,0.773,700,functional,9606,2026-08-30T07:51:00.550986+00:00,STRING
hypertension-branch,HSPA1B,HSPA1A,9606.ENSP00000364801,9606.ENSP00000364802,HSPA1B,HSPA1A,0.994,700,functional,9606,2026-08-30T07:51:00.550986+00:00,STRING
hypertension-branch,BCL2L1,CDK1,9606.ENSP00000365230,9606.ENSP00000378699,BCL2L1,CDK1,0.703,700,functional,9606,2026-08-30T07:51:00.550986+00:00,STRING
hypertension-branch,BCL2L1,CDKN1A,9606.ENSP00000365230,9606.ENSP00000384849,BCL2L1,CDKN1A,0.704,700,functional,9606,2026-08-30T07:51:00.550986+00:00,STRING
hypertension-branch,BCL2L1,IGF1,9606.ENSP00000365230,9606.ENSP00000376637,BCL2L1,IGF1,0.704,700,functional,9606,2026-08-30T07:51:00.550986+00:00,STRING
hypertension-branch,BCL2L1,SNCA,9606.ENSP00000365230,9606.ENSP00000500990,BCL2L1,SNCA,0.706,700,functional,9606,2026-08-30T07:51:00.550986+00:00,STRING
hypertension-branch,BCL2L1,CASP1,9606.ENSP00000365230,9606.ENSP00000433138,BCL2L1,CASP1,0.728,700,functional,9606,2026-08-30T07:51:00.550986+00:00,STRING
hypertension-branch,BCL2L1,ACTB,9606.ENSP00000365230,9606.ENSP00000494750,BCL2L1,ACTB,0.784,700,functional,9606,2026-08-30T07:51:00.550986+00:00,STRING
hypertension-branch,BCL2L1,MYC,9606.ENSP00000365230,9606.ENSP00000478887,BCL2L1,MYC,0.863,700,functional,9606,2026-08-30T07:51:00.550986+00:00,STRING
hypertension-branch,BCL2L1,TNF,9606.ENSP00000365230,9606.ENSP00000398698,BCL2L1,TNF,0.878,700,functional,9606,2026-08-30T07:51:00.550986+00:00,STRING
hypertension-branch,BCL2L1,RAF1,9606.ENSP00000365230,9606.ENSP00000401888,BCL2L1,RAF1,0.892,700,functional,9606,2026-08-30T07:51:00.550986+00:00,STRING
hypertension-branch,BCL2L1,AKT1,9606.ENSP00000365230,9606.ENSP00000451828,BCL2L1,AKT1,0.991,700,functional,9606,2026-08-30T07:51:00.550986+00:00,STRING
hypertension-branch,BCL2L1,APAF1,9606.ENSP00000365230,9606.ENSP00000448165,BCL2L1,APAF1,0.996,700,functional,9606,2026-08-30T07:51:00.550986+00:00,STRING
hypertension-branch,BCL2L1,BCL2,9606.ENSP00000365230,9606.ENSP00000381185,BCL2L1,BCL2,0.999,700,functional,9606,2026-08-30T07:51:00.550986+00:00,STRING
hypertension-branch,BCL2L1,BCL2L11,9606.ENSP00000365230,9606.ENSP00000376943,BCL2L1,BCL2L11,0.999,700,functional,9606,2026-08-30T07:51:00.550986+00:00,STRING
hypertension-branch,GPR183,GNAI1,9606.ENSP00000365596,9606.ENSP00000497260,GPR183,GNAI1,0.907,700,functional,9606,2026-08-30T07:51:00.550986+00:00,STRING
hypertension-branch,HDAC6,AKT1,9606.ENSP00000365804,9606.ENSP00000451828,HDAC6,AKT1,0.712,700,functional,9606,2026-08-30T07:51:00.550986+00:00,STRING
hypertension-branch,HDAC6,HDAC9,9606.ENSP00000365804,9606.ENSP00000408617,HDAC6,HDAC9,0.715,700,functional,9606,2026-08-30T07:51:00.550986+00:00,STRING
hypertension-branch,HDAC6,ACTB,9606.ENSP00000365804,9606.ENSP00000494750,HDAC6,ACTB,0.716,700,functional,9606,2026-08-30T07:51:00.550986+00:00,STRING
hypertension-branch,HDAC6,HIF1A,9606.ENSP00000365804,9606.ENSP00000437955,HDAC6,HIF1A,0.752,700,functional,9606,2026-08-30T07:51:00.550986+00:00,STRING
hypertension-branch,HDAC6,SNCA,9606.ENSP00000365804,9606.ENSP00000500990,HDAC6,SNCA,0.754,700,functional,9606,2026-08-30T07:51:00.550986+00:00,STRING
hypertension-branch,HDAC6,CDKN1A,9606.ENSP00000365804,9606.ENSP00000384849,HDAC6,CDKN1A,0.775,700,functional,9606,2026-08-30T07:51:00.550986+00:00,STRING
hypertension-branch,HDAC6,TUBA1A,9606.ENSP00000365804,9606.ENSP00000439020,HDAC6,TUBA1A,0.953,700,functional,9606,2026-08-30T07:51:00.550986+00:00,STRING
hypertension-branch,CCL7,CXCL2,9606.ENSP00000367832,9606.ENSP00000427279,CCL7,CXCL2,0.727,700,functional,9606,2026-08-30T07:51:00.550986+00:00,STRING
hypertension-branch,CCL7,TNF,9606.ENSP00000367832,9606.ENSP00000398698,CCL7,TNF,0.808,700,functional,9606,2026-08-30T07:51:00.550986+00:00,STRING
hypertension-branch,CCL7,CXCR6,9606.ENSP00000367832,9606.ENSP00000395704,CCL7,CXCR6,0.819,700,functional,9606,2026-08-30T07:51:00.550986+00:00,STRING
hypertension-branch,CCL7,CXCL1,9606.ENSP00000367832,9606.ENSP00000379110,CCL7,CXCL1,0.866,700,functional,9606,2026-08-30T07:51:00.550986+00:00,STRING
hypertension-branch,NR0B1,CYP19A1,9606.ENSP00000368253,9606.ENSP00000379683,NR0B1,CYP19A1,0.765,700,functional,9606,2026-08-30T07:51:00.550986+00:00,STRING
hypertension-branch,EDN1,PLCB3,9606.ENSP00000368683,9606.ENSP00000443631,EDN1,PLCB3,0.721,700,functional,9606,2026-08-30T07:51:00.550986+00:00,STRING
hypertension-branch,EDN1,TNF,9606.ENSP00000368683,9606.ENSP00000398698,EDN1,TNF,0.732,700,functional,9606,2026-08-30T07:51:00.550986+00:00,STRING
hypertension-branch,EDN1,MC1R,9606.ENSP00000368683,9606.ENSP00000451605,EDN1,MC1R,0.755,700,functional,9606,2026-08-30T07:51:00.550986+00:00,STRING
hypertension-branch,IGFBP3,RXRA,9606.ENSP00000370473,9606.ENSP00000419692,IGFBP3,RXRA,0.931,700,functional,9606,2026-08-30T07:51:00.550986+00:00,STRING
hypertension-branch,IGFBP3,IGF1,9606.ENSP00000370473,9606.ENSP00000376637,IGFBP3,IGF1,0.999,700,functional,9606,2026-08-30T07:51:00.550986+00:00,STRING
hypertension-branch,SRXN1,GCLC,9606.ENSP00000371388,9606.ENSP00000497574,SRXN1,GCLC,0.756,700,functional,9606,2026-08-30T07:51:00.550986+00:00,STRING
hypertension-branch,SRXN1,NFE2L2,9606.ENSP00000371388,9606.ENSP00000380252,SRXN1,NFE2L2,0.899,700,functional,9606,2026-08-30T07:51:00.550986+00:00,STRING
hypertension-branch,DRD3,DRD1,9606.ENSP00000373169,9606.ENSP00000377353,DRD3,DRD1,0.801,700,functional,9606,2026-08-30T07:51:00.550986+00:00,STRING
hypertension-branch,DRD3,GNAI1,9606.ENSP00000373169,9606.ENSP00000497260,DRD3,GNAI1,0.983,700,functional,9606,2026-08-30T07:51:00.550986+00:00,STRING
hypertension-branch,GPX3,GCLC,9606.ENSP00000373477,9606.ENSP00000497574,GPX3,GCLC,0.705,700,functional,9606,2026-08-30T07:51:00.550986+00:00,STRING
hypertension-branch,GPX3,BCL2,9606.ENSP00000373477,9606.ENSP00000381185,GPX3,BCL2,0.725,700,functional,9606,2026-08-30T07:51:00.550986+00:00,STRING
hypertension-branch,GPX3,TNF,9606.ENSP00000373477,9606.ENSP00000398698,GPX3,TNF,0.727,700,functional,9606,2026-08-30T07:51:00.550986+00:00,STRING
hypertension-branch,GPX3,KEAP1,9606.ENSP00000373477,9606.ENSP00000377245,GPX3,KEAP1,0.727,700,functional,9606,2026-08-30T07:51:00.550986+00:00,STRING
hypertension-branch,GPX3,NFE2L2,9606.ENSP00000373477,9606.ENSP00000380252,GPX3,NFE2L2,0.802,700,functional,9606,2026-08-30T07:51:00.550986+00:00,STRING
hypertension-branch,GPX3,GSTP1,9606.ENSP00000373477,9606.ENSP00000381607,GPX3,GSTP1,0.84,700,functional,9606,2026-08-30T07:51:00.550986+00:00,STRING
hypertension-branch,GPX3,GSS,9606.ENSP00000373477,9606.ENSP00000495750,GPX3,GSS,0.945,700,functional,9606,2026-08-30T07:51:00.550986+00:00,STRING
hypertension-branch,SUMO1,NCOA1,9606.ENSP00000376077,9606.ENSP00000385216,SUMO1,NCOA1,0.712,700,functional,9606,2026-08-30T07:51:00.550986+00:00,STRING
hypertension-branch,SUMO1,MITF,9606.ENSP00000376077,9606.ENSP00000391803,SUMO1,MITF,0.731,700,functional,9606,2026-08-30T07:51:00.550986+00:00,STRING
hypertension-branch,SUMO1,RAN,9606.ENSP00000376077,9606.ENSP00000446215,SUMO1,RAN,0.758,700,functional,9606,2026-08-30T07:51:00.550986+00:00,STRING
hypertension-branch,SUMO1,HIF1A,9606.ENSP00000376077,9606.ENSP00000437955,SUMO1,HIF1A,0.87,700,functional,9606,2026-08-30T07:51:00.550986+00:00,STRING
hypertension-branch,SUMO1,BRCA1,9606.ENSP00000376077,9606.ENSP00000418960,SUMO1,BRCA1,0.879,700,functional,9606,2026-08-30T07:51:00.550986+00:00,STRING
hypertension-branch,IGF1,MYC,9606.ENSP00000376637,9606.ENSP00000478887,IGF1,MYC,0.731,700,functional,9606,2026-08-30T07:51:00.550986+00:00,STRING
hypertension-branch,IGF1,BCL2,9606.ENSP00000376637,9606.ENSP00000381185,IGF1,BCL2,0.765,700,functional,9606,2026-08-30T07:51:00.550986+00:00,STRING
hypertension-branch,IGF1,TNF,9606.ENSP00000376637,9606.ENSP00000398698,IGF1,TNF,0.837,700,functional,9606,2026-08-30T07:51:00.550986+00:00,STRING
hypertension-branch,IGF1,AKT1,9606.ENSP00000376637,9606.ENSP00000451828,IGF1,AKT1,0.935,700,functional,9606,2026-08-30T07:51:00.550986+00:00,STRING
hypertension-branch,IGF1,ESR1,9606.ENSP00000376637,9606.ENSP00000405330,IGF1,ESR1,0.964,700,functional,9606,2026-08-30T07:51:00.550986+00:00,STRING
hypertension-branch,BCL2L11,CDKN1A,9606.ENSP00000376943,9606.ENSP00000384849,BCL2L11,CDKN1A,0.726,700,functional,9606,2026-08-30T07:51:00.550986+00:00,STRING
hypertension-branch,BCL2L11,AKT1,9606.ENSP00000376943,9606.ENSP00000451828,BCL2L11,AKT1,0.833,700,functional,9606,2026-08-30T07:51:00.550986+00:00,STRING
hypertension-branch,BCL2L11,APAF1,9606.ENSP00000376943,9606.ENSP00000448165,BCL2L11,APAF1,0.893,700,functional,9606,2026-08-30T07:51:00.550986+00:00,STRING
hypertension-branch,BCL2L11,BCL2,9606.ENSP00000376943,9606.ENSP00000381185,BCL2L11,BCL2,0.999,700,functional,9606,2026-08-30T07:51:00.550986+00:00,STRING
hypertension-branch,KEAP1,CASP1,9606.ENSP00000377245,9606.ENSP00000433138,KEAP1,CASP1,0.709,700,functional,9606,2026-08-30T07:51:00.550986+00:00,STRING
hypertension-branch,KEAP1,AKT1,9606.ENSP00000377245,9606.ENSP00000451828,KEAP1,AKT1,0.724,700,functional,9606,2026-08-30T07:51:00.550986+00:00,STRING
hypertension-branch,KEAP1,BRCA1,9606.ENSP00000377245,9606.ENSP00000418960,KEAP1,BRCA1,0.757,700,functional,9606,2026-08-30T07:51:00.550986+00:00,STRING
hypertension-branch,KEAP1,GCLC,9606.ENSP00000377245,9606.ENSP00000497574,KEAP1,GCLC,0.905,700,functional,9606,2026-08-30T07:51:00.550986+00:00,STRING
hypertension-branch,KEAP1,BCL2,9606.ENSP00000377245,9606.ENSP00000381185,KEAP1,BCL2,0.92,700,functional,9606,2026-08-30T07:51:00.550986+00:00,STRING
hypertension-branch,KEAP1,ENC1,9606.ENSP00000377245,9606.ENSP00000499185,KEAP1,ENC1,0.936,700,functional,9606,2026-08-30T07:51:00.550986+00:00,STRING
hypertension-branch,KEAP1,NFE2L2,9606.ENSP00000377245,9606.ENSP00000380252,KEAP1,NFE2L2,0.999,700,functional,9606,2026-08-30T07:51:00.550986+00:00,STRING
hypertension-branch,SYNPO,ACTB,9606.ENSP00000377789,9606.ENSP00000494750,SYNPO,ACTB,0.951,700,functional,9606,2026-08-30T07:51:00.550986+00:00,STRING
hypertension-branch,CCL8,CXCR6,9606.ENSP00000378118,9606.ENSP00000395704,CCL8,CXCR6,0.782,700,functional,9606,2026-08-30T07:51:00.550986+00:00,STRING
hypertension-branch,CCL8,CXCL2,9606.ENSP00000378118,9606.ENSP00000427279,CCL8,CXCL2,0.998,700,functional,9606,2026-08-30T07:51:00.550986+00:00,STRING
hypertension-branch,CYP1A1,RXRA,9606.ENSP00000378488,9606.ENSP00000419692,CYP1A1,RXRA,0.714,700,functional,9606,2026-08-30T07:51:00.550986+00:00,STRING
hypertension-branch,CYP1A1,PPARA,9606.ENSP00000378488,9606.ENSP00000385523,CYP1A1,PPARA,0.719,700,functional,9606,2026-08-30T07:51:00.550986+00:00,STRING
hypertension-branch,CYP1A1,POR,9606.ENSP00000378488,9606.ENSP00000419970,CYP1A1,POR,0.75,700,functional,9606,2026-08-30T07:51:00.550986+00:00,STRING
hypertension-branch,CYP1A1,ESR1,9606.ENSP00000378488,9606.ENSP00000405330,CYP1A1,ESR1,0.785,700,functional,9606,2026-08-30T07:51:00.550986+00:00,STRING
hypertension-branch,CYP1A1,CYP2D6,9606.ENSP00000378488,9606.ENSP00000496150,CYP1A1,CYP2D6,0.936,700,functional,9606,2026-08-30T07:51:00.550986+00:00,STRING
hypertension-branch,CYP1A1,CYP1B1,9606.ENSP00000378488,9606.ENSP00000478561,CYP1A1,CYP1B1,0.937,700,functional,9606,2026-08-30T07:51:00.550986+00:00,STRING
hypertension-branch,CYP1A1,CYP2E1,9606.ENSP00000378488,9606.ENSP00000440689,CYP1A1,CYP2E1,0.939,700,functional,9606,2026-08-30T07:51:00.550986+00:00,STRING
hypertension-branch,CYP1A1,CYP19A1,9606.ENSP00000378488,9606.ENSP00000379683,CYP1A1,CYP19A1,0.953,700,functional,9606,2026-08-30T07:51:00.550986+00:00,STRING
hypertension-branch,CYP1A1,GSTP1,9606.ENSP00000378488,9606.ENSP00000381607,CYP1A1,GSTP1,0.974,700,functional,9606,2026-08-30T07:51:00.550986+00:00,STRING
hypertension-branch,CYP1A1,EPHX1,9606.ENSP00000378488,9606.ENSP00000480004,CYP1A1,EPHX1,0.985,700,functional,9606,2026-08-30T07:51:00.550986+00:00,STRING
hypertension-branch,CYP1A1,CYP3A4,9606.ENSP00000378488,9606.ENSP00000498939,CYP1A1,CYP3A4,0.987,700,functional,9606,2026-08-30T07:51:00.550986+00:00,STRING
hypertension-branch,CLDN3,CLDN4,9606.ENSP00000378577,9606.ENSP00000409544,CLDN3,CLDN4,0.859,700,functional,9606,2026-08-30T07:51:00.550986+00:00,STRING
hypertension-branch,CDK1,MYC,9606.ENSP00000378699,9606.ENSP00000478887,CDK1,MYC,0.755,700,functional,9606,2026-08-30T07:51:00.550986+00:00,STRING
hypertension-branch,CDK1,HIF1A,9606.ENSP00000378699,9606.ENSP00000437955,CDK1,HIF1A,0.793,700,functional,9606,2026-08-30T07:51:00.550986+00:00,STRING
hypertension-branch,CDK1,TK1,9606.ENSP00000378699,9606.ENSP00000468425,CDK1,TK1,0.84,700,functional,9606,2026-08-30T07:51:00.550986+00:00,STRING
hypertension-branch,CDK1,BRCA1,9606.ENSP00000378699,9606.ENSP00000418960,CDK1,BRCA1,0.878,700,functional,9606,2026-08-30T07:51:00.550986+00:00,STRING
hypertension-branch,CDK1,BCL2,9606.ENSP00000378699,9606.ENSP00000381185,CDK1,BCL2,0.92,700,functional,9606,2026-08-30T07:51:00.550986+00:00,STRING
hypertension-branch,CDK1,CDCA3,9606.ENSP00000378699,9606.ENSP00000442068,CDK1,CDCA3,0.973,700,functional,9606,2026-08-30T07:51:00.550986+00:00,STRING
hypertension-branch,CDK1,CDKN1A,9606.ENSP00000378699,9606.ENSP00000384849,CDK1,CDKN1A,0.998,700,functional,9606,2026-08-30T07:51:00.550986+00:00,STRING
hypertension-branch,CDK1,CCNA2,9606.ENSP00000378699,9606.ENSP00000481380,CDK1,CCNA2,0.999,700,functional,9606,2026-08-30T07:51:00.550986+00:00,STRING
hypertension-branch,SULT1A1,CYP1B1,9606.ENSP00000378972,9606.ENSP00000478561,SULT1A1,CYP1B1,0.751,700,functional,9606,2026-08-30T07:51:00.550986+00:00,STRING
hypertension-branch,CXCL1,CXCR6,9606.ENSP00000379110,9606.ENSP00000395704,CXCL1,CXCR6,0.871,700,functional,9606,2026-08-30T07:51:00.550986+00:00,STRING
hypertension-branch,CXCL1,CCL3,9606.ENSP00000379110,9606.ENSP00000477908,CXCL1,CCL3,0.948,700,functional,9606,2026-08-30T07:51:00.550986+00:00,STRING
hypertension-branch,CXCL1,TNF,9606.ENSP00000379110,9606.ENSP00000398698,CXCL1,TNF,0.955,700,functional,9606,2026-08-30T07:51:00.550986+00:00,STRING
hypertension-branch,CXCL1,CXCL2,9606.ENSP00000379110,9606.ENSP00000427279,CXCL1,CXCL2,0.996,700,functional,9606,2026-08-30T07:51:00.550986+00:00,STRING
hypertension-branch,GLI3,AKT1,9606.ENSP00000379258,9606.ENSP00000451828,GLI3,AKT1,0.757,700,functional,9606,2026-08-30T07:51:00.550986+00:00,STRING
hypertension-branch,GLI3,ARRB1,9606.ENSP00000379258,9606.ENSP00000409581,GLI3,ARRB1,0.919,700,functional,9606,2026-08-30T07:51:00.550986+00:00,STRING
hypertension-branch,CYP19A1,CYP1B1,9606.ENSP00000379683,9606.ENSP00000478561,CYP19A1,CYP1B1,0.739,700,functional,9606,2026-08-30T07:51:00.550986+00:00,STRING
hypertension-branch,CYP19A1,AKT1,9606.ENSP00000379683,9606.ENSP00000451828,CYP19A1,AKT1,0.748,700,functional,9606,2026-08-30T07:51:00.550986+00:00,STRING
hypertension-branch,CYP19A1,ESR1,9606.ENSP00000379683,9606.ENSP00000405330,CYP19A1,ESR1,0.927,700,functional,9606,2026-08-30T07:51:00.550986+00:00,STRING
hypertension-branch,CYP19A1,CYP3A4,9606.ENSP00000379683,9606.ENSP00000498939,CYP19A1,CYP3A4,0.95,700,functional,9606,2026-08-30T07:51:00.550986+00:00,STRING
hypertension-branch,THRB,NCOA1,9606.ENSP00000379904,9606.ENSP00000385216,THRB,NCOA1,0.985,700,functional,9606,2026-08-30T07:51:00.550986+00:00,STRING
hypertension-branch,THRB,RXRA,9606.ENSP00000379904,9606.ENSP00000419692,THRB,RXRA,0.993,700,functional,9606,2026-08-30T07:51:00.550986+00:00,STRING
hypertension-branch,NFE2L2,ENC1,9606.ENSP00000380252,9606.ENSP00000499185,NFE2L2,ENC1,0.7,700,functional,9606,2026-08-30T07:51:00.550986+00:00,STRING
hypertension-branch,NFE2L2,TNF,9606.ENSP00000380252,9606.ENSP00000398698,NFE2L2,TNF,0.701,700,functional,9606,2026-08-30T07:51:00.550986+00:00,STRING
hypertension-branch,NFE2L2,GSTP1,9606.ENSP00000380252,9606.ENSP00000381607,NFE2L2,GSTP1,0.72,700,functional,9606,2026-08-30T07:51:00.550986+00:00,STRING
hypertension-branch,NFE2L2,HIF1A,9606.ENSP00000380252,9606.ENSP00000437955,NFE2L2,HIF1A,0.75,700,functional,9606,2026-08-30T07:51:00.550986+00:00,STRING
hypertension-branch,NFE2L2,CDKN1A,9606.ENSP00000380252,9606.ENSP00000384849,NFE2L2,CDKN1A,0.75,700,functional,9606,2026-08-30T07:51:00.550986+00:00,STRING
hypertension-branch,NFE2L2,ACTB,9606.ENSP00000380252,9606.ENSP00000494750,NFE2L2,ACTB,0.758,700,functional,9606,2026-08-30T07:51:00.550986+00:00,STRING
hypertension-branch,NFE2L2,BRCA1,9606.ENSP00000380252,9606.ENSP00000418960,NFE2L2,BRCA1,0.813,700,functional,9606,2026-08-30T07:51:00.550986+00:00,STRING
hypertension-branch,NFE2L2,IDH1,9606.ENSP00000380252,9606.ENSP00000390265,NFE2L2,IDH1,0.849,700,functional,9606,2026-08-30T07:51:00.550986+00:00,STRING
hypertension-branch,NFE2L2,AKT1,9606.ENSP00000380252,9606.ENSP00000451828,NFE2L2,AKT1,0.923,700,functional,9606,2026-08-30T07:51:00.550986+00:00,STRING
hypertension-branch,NFE2L2,MYC,9606.ENSP00000380252,9606.ENSP00000478887,NFE2L2,MYC,0.961,700,functional,9606,2026-08-30T07:51:00.550986+00:00,STRING
hypertension-branch,NFE2L2,GCLC,9606.ENSP00000380252,9606.ENSP00000497574,NFE2L2,GCLC,0.966,700,functional,9606,2026-08-30T07:51:00.550986+00:00,STRING
hypertension-branch,RAPGEF4,GNAI1,9606.ENSP00000380271,9606.ENSP00000497260,RAPGEF4,GNAI1,0.908,700,functional,9606,2026-08-30T07:51:00.550986+00:00,STRING
hypertension-branch,RAPGEF4,RAPGEF3,9606.ENSP00000380271,9606.ENSP00000395708,RAPGEF4,RAPGEF3,0.911,700,functional,9606,2026-08-30T07:51:00.550986+00:00,STRING
hypertension-branch,RAPGEF4,ARRB1,9606.ENSP00000380271,9606.ENSP00000409581,RAPGEF4,ARRB1,0.944,700,functional,9606,2026-08-30T07:51:00.550986+00:00,STRING
hypertension-branch,BCL2,CCL3,9606.ENSP00000381185,9606.ENSP00000477908,BCL2,CCL3,0.753,700,functional,9606,2026-08-30T07:51:00.550986+00:00,STRING
hypertension-branch,BCL2,BRCA1,9606.ENSP00000381185,9606.ENSP00000418960,BCL2,BRCA1,0.8,700,functional,9606,2026-08-30T07:51:00.550986+00:00,STRING
hypertension-branch,BCL2,CASP1,9606.ENSP00000381185,9606.ENSP00000433138,BCL2,CASP1,0.817,700,functional,9606,2026-08-30T07:51:00.550986+00:00,STRING
hypertension-branch,BCL2,CDKN1A,9606.ENSP00000381185,9606.ENSP00000384849,BCL2,CDKN1A,0.82,700,functional,9606,2026-08-30T07:51:00.550986+00:00,STRING
hypertension-branch,BCL2,ACTB,9606.ENSP00000381185,9606.ENSP00000494750,BCL2,ACTB,0.885,700,functional,9606,2026-08-30T07:51:00.550986+00:00,STRING
hypertension-branch,BCL2,TNF,9606.ENSP00000381185,9606.ENSP00000398698,BCL2,TNF,0.885,700,functional,9606,2026-08-30T07:51:00.550986+00:00,STRING
hypertension-branch,BCL2,RAF1,9606.ENSP00000381185,9606.ENSP00000401888,BCL2,RAF1,0.892,700,functional,9606,2026-08-30T07:51:00.550986+00:00,STRING
hypertension-branch,BCL2,ESR1,9606.ENSP00000381185,9606.ENSP00000405330,BCL2,ESR1,0.897,700,functional,9606,2026-08-30T07:51:00.550986+00:00,STRING
hypertension-branch,BCL2,CREB1,9606.ENSP00000381185,9606.ENSP00000387699,BCL2,CREB1,0.925,700,functional,9606,2026-08-30T07:51:00.550986+00:00,STRING
hypertension-branch,BCL2,HIF1A,9606.ENSP00000381185,9606.ENSP00000437955,BCL2,HIF1A,0.946,700,functional,9606,2026-08-30T07:51:00.550986+00:00,STRING
hypertension-branch,BCL2,MYC,9606.ENSP00000381185,9606.ENSP00000478887,BCL2,MYC,0.955,700,functional,9606,2026-08-30T07:51:00.550986+00:00,STRING
hypertension-branch,BCL2,AKT1,9606.ENSP00000381185,9606.ENSP00000451828,BCL2,AKT1,0.993,700,functional,9606,2026-08-30T07:51:00.550986+00:00,STRING
hypertension-branch,BCL2,APAF1,9606.ENSP00000381185,9606.ENSP00000448165,BCL2,APAF1,0.993,700,functional,9606,2026-08-30T07:51:00.550986+00:00,STRING
hypertension-branch,GSTP1,CYP2D6,9606.ENSP00000381607,9606.ENSP00000496150,GSTP1,CYP2D6,0.734,700,functional,9606,2026-08-30T07:51:00.550986+00:00,STRING
hypertension-branch,GSTP1,GSS,9606.ENSP00000381607,9606.ENSP00000495750,GSTP1,GSS,0.934,700,functional,9606,2026-08-30T07:51:00.550986+00:00,STRING
hypertension-branch,GSTP1,CYP1B1,9606.ENSP00000381607,9606.ENSP00000478561,GSTP1,CYP1B1,0.973,700,functional,9606,2026-08-30T07:51:00.550986+00:00,STRING
hypertension-branch,GSTP1,CYP3A4,9606.ENSP00000381607,9606.ENSP00000498939,GSTP1,CYP3A4,0.976,700,functional,9606,2026-08-30T07:51:00.550986+00:00,STRING
hypertension-branch,GSTP1,CYP2E1,9606.ENSP00000381607,9606.ENSP00000440689,GSTP1,CYP2E1,0.979,700,functional,9606,2026-08-30T07:51:00.550986+00:00,STRING
hypertension-branch,GSTP1,EPHX1,9606.ENSP00000381607,9606.ENSP00000480004,GSTP1,EPHX1,0.989,700,functional,9606,2026-08-30T07:51:00.550986+00:00,STRING
hypertension-branch,ATP5F1A,RPSA,9606.ENSP00000381736,9606.ENSP00000389351,ATP5F1A,RPSA,0.741,700,functional,9606,2026-08-30T07:51:00.550986+00:00,STRING
hypertension-branch,ATP5F1A,ENO1,9606.ENSP00000381736,9606.ENSP00000495530,ATP5F1A,ENO1,0.828,700,functional,9606,2026-08-30T07:51:00.550986+00:00,STRING
hypertension-branch,GCGR,GNAI1,9606.ENSP00000383558,9606.ENSP00000497260,GCGR,GNAI1,0.915,700,functional,9606,2026-08-30T07:51:00.550986+00:00,STRING
hypertension-branch,CDKN1A,ACTB,9606.ENSP00000384849,9606.ENSP00000494750,CDKN1A,ACTB,0.709,700,functional,9606,2026-08-30T07:51:00.550986+00:00,STRING
hypertension-branch,CDKN1A,BRCA1,9606.ENSP00000384849,9606.ENSP00000418960,CDKN1A,BRCA1,0.809,700,functional,9606,2026-08-30T07:51:00.550986+00:00,STRING
hypertension-branch,CDKN1A,ESR1,9606.ENSP00000384849,9606.ENSP00000405330,CDKN1A,ESR1,0.842,700,functional,9606,2026-08-30T07:51:00.550986+00:00,STRING
hypertension-branch,CDKN1A,MYC,9606.ENSP00000384849,9606.ENSP00000478887,CDKN1A,MYC,0.981,700,functional,9606,2026-08-30T07:51:00.550986+00:00,STRING
hypertension-branch,CDKN1A,AKT1,9606.ENSP00000384849,9606.ENSP00000451828,CDKN1A,AKT1,0.995,700,functional,9606,2026-08-30T07:51:00.550986+00:00,STRING
hypertension-branch,CDKN1A,CCNA2,9606.ENSP00000384849,9606.ENSP00000481380,CDKN1A,CCNA2,0.999,700,functional,9606,2026-08-30T07:51:00.550986+00:00,STRING
hypertension-branch,ESRRA,CREB1,9606.ENSP00000384851,9606.ENSP00000387699,ESRRA,CREB1,0.72,700,functional,9606,2026-08-30T07:51:00.550986+00:00,STRING
hypertension-branch,ESRRA,ESR1,9606.ENSP00000384851,9606.ENSP00000405330,ESRRA,ESR1,0.888,700,functional,9606,2026-08-30T07:51:00.550986+00:00,STRING
hypertension-branch,NCOA1,HIF1A,9606.ENSP00000385216,9606.ENSP00000437955,NCOA1,HIF1A,0.831,700,functional,9606,2026-08-30T07:51:00.550986+00:00,STRING
hypertension-branch,NCOA1,PRMT1,9606.ENSP00000385216,9606.ENSP00000406162,NCOA1,PRMT1,0.893,700,functional,9606,2026-08-30T07:51:00.550986+00:00,STRING
hypertension-branch,NCOA1,NR1H4,9606.ENSP00000385216,9606.ENSP00000447149,NCOA1,NR1H4,0.997,700,functional,9606,2026-08-30T07:51:00.550986+00:00,STRING
hypertension-branch,NCOA1,PPARA,9606.ENSP00000385216,9606.ENSP00000385523,NCOA1,PPARA,0.998,700,functional,9606,2026-08-30T07:51:00.550986+00:00,STRING
hypertension-branch,NCOA1,RXRA,9606.ENSP00000385216,9606.ENSP00000419692,NCOA1,RXRA,0.999,700,functional,9606,2026-08-30T07:51:00.550986+00:00,STRING
hypertension-branch,NCOA1,ESR1,9606.ENSP00000385216,9606.ENSP00000405330,NCOA1,ESR1,0.999,700,functional,9606,2026-08-30T07:51:00.550986+00:00,STRING
hypertension-branch,PPARA,AKT1,9606.ENSP00000385523,9606.ENSP00000451828,PPARA,AKT1,0.7,700,functional,9606,2026-08-30T07:51:00.550986+00:00,STRING
hypertension-branch,PPARA,TRPV1,9606.ENSP00000385523,9606.ENSP00000459962,PPARA,TRPV1,0.718,700,functional,9606,2026-08-30T07:51:00.550986+00:00,STRING
hypertension-branch,PPARA,HIF1A,9606.ENSP00000385523,9606.ENSP00000437955,PPARA,HIF1A,0.761,700,functional,9606,2026-08-30T07:51:00.550986+00:00,STRING
hypertension-branch,PPARA,TNF,9606.ENSP00000385523,9606.ENSP00000398698,PPARA,TNF,0.81,700,functional,9606,2026-08-30T07:51:00.550986+00:00,STRING
hypertension-branch,PPARA,RXRA,9606.ENSP00000385523,9606.ENSP00000419692,PPARA,RXRA,0.999,700,functional,9606,2026-08-30T07:51:00.550986+00:00,STRING
hypertension-branch,CREB1,YAP1,9606.ENSP00000387699,9606.ENSP00000478927,CREB1,YAP1,0.73,700,functional,9606,2026-08-30T07:51:00.550986+00:00,STRING
hypertension-branch,CREB1,ESR1,9606.ENSP00000387699,9606.ENSP00000405330,CREB1,ESR1,0.757,700,functional,9606,2026-08-30T07:51:00.550986+00:00,STRING
hypertension-branch,CREB1,MYC,9606.ENSP00000387699,9606.ENSP00000478887,CREB1,MYC,0.789,700,functional,9606,2026-08-30T07:51:00.550986+00:00,STRING
hypertension-branch,CREB1,HIF1A,9606.ENSP00000387699,9606.ENSP00000437955,CREB1,HIF1A,0.833,700,functional,9606,2026-08-30T07:51:00.550986+00:00,STRING
hypertension-branch,CREB1,KMT2A,9606.ENSP00000387699,9606.ENSP00000436786,CREB1,KMT2A,0.917,700,functional,9606,2026-08-30T07:51:00.550986+00:00,STRING
hypertension-branch,CREB1,AKT1,9606.ENSP00000387699,9606.ENSP00000451828,CREB1,AKT1,0.965,700,functional,9606,2026-08-30T07:51:00.550986+00:00,STRING
hypertension-branch,RPSA,PRNP,9606.ENSP00000389351,9606.ENSP00000399376,RPSA,PRNP,0.94,700,functional,9606,2026-08-30T07:51:00.550986+00:00,STRING
hypertension-branch,IDH1,MYC,9606.ENSP00000390265,9606.ENSP00000478887,IDH1,MYC,0.74,700,functional,9606,2026-08-30T07:51:00.550986+00:00,STRING
hypertension-branch,IDH1,ENO1,9606.ENSP00000390265,9606.ENSP00000495530,IDH1,ENO1,0.765,700,functional,9606,2026-08-30T07:51:00.550986+00:00,STRING
hypertension-branch,IDH1,IL4I1,9606.ENSP00000390265,9606.ENSP00000472474,IDH1,IL4I1,0.814,700,functional,9606,2026-08-30T07:51:00.550986+00:00,STRING
hypertension-branch,MITF,MC1R,9606.ENSP00000391803,9606.ENSP00000451605,MITF,MC1R,0.847,700,functional,9606,2026-08-30T07:51:00.550986+00:00,STRING
hypertension-branch,OPRM1,TRPV1,9606.ENSP00000394624,9606.ENSP00000459962,OPRM1,TRPV1,0.718,700,functional,9606,2026-08-30T07:51:00.550986+00:00,STRING
hypertension-branch,OPRM1,ARRB1,9606.ENSP00000394624,9606.ENSP00000409581,OPRM1,ARRB1,0.983,700,functional,9606,2026-08-30T07:51:00.550986+00:00,STRING
hypertension-branch,OPRM1,GNAI1,9606.ENSP00000394624,9606.ENSP00000497260,OPRM1,GNAI1,0.992,700,functional,9606,2026-08-30T07:51:00.550986+00:00,STRING
hypertension-branch,CXCR6,ARRB1,9606.ENSP00000395704,9606.ENSP00000409581,CXCR6,ARRB1,0.722,700,functional,9606,2026-08-30T07:51:00.550986+00:00,STRING
hypertension-branch,CXCR6,CXCL2,9606.ENSP00000395704,9606.ENSP00000427279,CXCR6,CXCL2,0.776,700,functional,9606,2026-08-30T07:51:00.550986+00:00,STRING
hypertension-branch,CXCR6,CCL3,9606.ENSP00000395704,9606.ENSP00000477908,CXCR6,CCL3,0.934,700,functional,9606,2026-08-30T07:51:00.550986+00:00,STRING
hypertension-branch,RAPGEF3,GNAI1,9606.ENSP00000395708,9606.ENSP00000497260,RAPGEF3,GNAI1,0.907,700,functional,9606,2026-08-30T07:51:00.550986+00:00,STRING
hypertension-branch,RAPGEF3,ARRB1,9606.ENSP00000395708,9606.ENSP00000409581,RAPGEF3,ARRB1,0.942,700,functional,9606,2026-08-30T07:51:00.550986+00:00,STRING
hypertension-branch,RGS4,GNAI1,9606.ENSP00000397181,9606.ENSP00000497260,RGS4,GNAI1,0.932,700,functional,9606,2026-08-30T07:51:00.550986+00:00,STRING
hypertension-branch,SELENBP1,ENO1,9606.ENSP00000397261,9606.ENSP00000495530,SELENBP1,ENO1,0.751,700,functional,9606,2026-08-30T07:51:00.550986+00:00,STRING
hypertension-branch,TNF,MYC,9606.ENSP00000398698,9606.ENSP00000478887,TNF,MYC,0.702,700,functional,9606,2026-08-30T07:51:00.550986+00:00,STRING
hypertension-branch,TNF,SAA2,9606.ENSP00000398698,9606.ENSP00000436126,TNF,SAA2,0.723,700,functional,9606,2026-08-30T07:51:00.550986+00:00,STRING
hypertension-branch,TNF,CYP2E1,9606.ENSP00000398698,9606.ENSP00000440689,TNF,CYP2E1,0.729,700,functional,9606,2026-08-30T07:51:00.550986+00:00,STRING
hypertension-branch,TNF,HIF1A,9606.ENSP00000398698,9606.ENSP00000437955,TNF,HIF1A,0.818,700,functional,9606,2026-08-30T07:51:00.550986+00:00,STRING
hypertension-branch,TNF,ACTB,9606.ENSP00000398698,9606.ENSP00000494750,TNF,ACTB,0.847,700,functional,9606,2026-08-30T07:51:00.550986+00:00,STRING
hypertension-branch,TNF,CASP1,9606.ENSP00000398698,9606.ENSP00000433138,TNF,CASP1,0.904,700,functional,9606,2026-08-30T07:51:00.550986+00:00,STRING
hypertension-branch,TNF,AKT1,9606.ENSP00000398698,9606.ENSP00000451828,TNF,AKT1,0.907,700,functional,9606,2026-08-30T07:51:00.550986+00:00,STRING
hypertension-branch,TNF,CXCL2,9606.ENSP00000398698,9606.ENSP00000427279,TNF,CXCL2,0.928,700,functional,9606,2026-08-30T07:51:00.550986+00:00,STRING
hypertension-branch,TNF,CCL3,9606.ENSP00000398698,9606.ENSP00000477908,TNF,CCL3,0.988,700,functional,9606,2026-08-30T07:51:00.550986+00:00,STRING
hypertension-branch,CCN1,YAP1,9606.ENSP00000398736,9606.ENSP00000478927,CCN1,YAP1,0.764,700,functional,9606,2026-08-30T07:51:00.550986+00:00,STRING
hypertension-branch,PRNP,SNCA,9606.ENSP00000399376,9606.ENSP00000500990,PRNP,SNCA,0.984,700,functional,9606,2026-08-30T07:51:00.550986+00:00,STRING
hypertension-branch,FOXA2,HIF1A,9606.ENSP00000400341,9606.ENSP00000437955,FOXA2,HIF1A,0.88,700,functional,9606,2026-08-30T07:51:00.550986+00:00,STRING
hypertension-branch,RAF1,MYC,9606.ENSP00000401888,9606.ENSP00000478887,RAF1,MYC,0.755,700,functional,9606,2026-08-30T07:51:00.550986+00:00,STRING
hypertension-branch,RAF1,ARRB1,9606.ENSP00000401888,9606.ENSP00000409581,RAF1,ARRB1,0.958,700,functional,9606,2026-08-30T07:51:00.550986+00:00,STRING
hypertension-branch,RAF1,AKT1,9606.ENSP00000401888,9606.ENSP00000451828,RAF1,AKT1,0.992,700,functional,9606,2026-08-30T07:51:00.550986+00:00,STRING
hypertension-branch,PTH1R,GNAI1,9606.ENSP00000402723,9606.ENSP00000497260,PTH1R,GNAI1,0.938,700,functional,9606,2026-08-30T07:51:00.550986+00:00,STRING
hypertension-branch,PTH1R,ARRB1,9606.ENSP00000402723,9606.ENSP00000409581,PTH1R,ARRB1,0.981,700,functional,9606,2026-08-30T07:51:00.550986+00:00,STRING
hypertension-branch,ESR1,CYP2D6,9606.ENSP00000405330,9606.ENSP00000496150,ESR1,CYP2D6,0.712,700,functional,9606,2026-08-30T07:51:00.550986+00:00,STRING
hypertension-branch,ESR1,NR1H4,9606.ENSP00000405330,9606.ENSP00000447149,ESR1,NR1H4,0.744,700,functional,9606,2026-08-30T07:51:00.550986+00:00,STRING
hypertension-branch,ESR1,MUC1,9606.ENSP00000405330,9606.ENSP00000484824,ESR1,MUC1,0.839,700,functional,9606,2026-08-30T07:51:00.550986+00:00,STRING
hypertension-branch,ESR1,PRMT1,9606.ENSP00000405330,9606.ENSP00000406162,ESR1,PRMT1,0.878,700,functional,9606,2026-08-30T07:51:00.550986+00:00,STRING
hypertension-branch,ESR1,FKBP5,9606.ENSP00000405330,9606.ENSP00000444810,ESR1,FKBP5,0.883,700,functional,9606,2026-08-30T07:51:00.550986+00:00,STRING
hypertension-branch,ESR1,AKT1,9606.ENSP00000405330,9606.ENSP00000451828,ESR1,AKT1,0.913,700,functional,9606,2026-08-30T07:51:00.550986+00:00,STRING
hypertension-branch,ESR1,ACTB,9606.ENSP00000405330,9606.ENSP00000494750,ESR1,ACTB,0.947,700,functional,9606,2026-08-30T07:51:00.550986+00:00,STRING
hypertension-branch,ESR1,HIF1A,9606.ENSP00000405330,9606.ENSP00000437955,ESR1,HIF1A,0.948,700,functional,9606,2026-08-30T07:51:00.550986+00:00,STRING
hypertension-branch,ESR1,MYC,9606.ENSP00000405330,9606.ENSP00000478887,ESR1,MYC,0.982,700,functional,9606,2026-08-30T07:51:00.550986+00:00,STRING
hypertension-branch,ESR1,BRCA1,9606.ENSP00000405330,9606.ENSP00000418960,ESR1,BRCA1,0.999,700,functional,9606,2026-08-30T07:51:00.550986+00:00,STRING
hypertension-branch,RXFP1,GNAI1,9606.ENSP00000405841,9606.ENSP00000497260,RXFP1,GNAI1,0.912,700,functional,9606,2026-08-30T07:51:00.550986+00:00,STRING
hypertension-branch,FBP1,HIF1A,9606.ENSP00000408025,9606.ENSP00000437955,FBP1,HIF1A,0.713,700,functional,9606,2026-08-30T07:51:00.550986+00:00,STRING
hypertension-branch,HDAC9,HIF1A,9606.ENSP00000408617,9606.ENSP00000437955,HDAC9,HIF1A,0.783,700,functional,9606,2026-08-30T07:51:00.550986+00:00,STRING
hypertension-branch,ARRB1,TRHR,9606.ENSP00000409581,9606.ENSP00000430711,ARRB1,TRHR,0.848,700,functional,9606,2026-08-30T07:51:00.550986+00:00,STRING
hypertension-branch,ARRB1,AKT1,9606.ENSP00000409581,9606.ENSP00000451828,ARRB1,AKT1,0.99,700,functional,9606,2026-08-30T07:51:00.550986+00:00,STRING
hypertension-branch,SERPINA1,APOC2,9606.ENSP00000416066,9606.ENSP00000466775,SERPINA1,APOC2,0.708,700,functional,9606,2026-08-30T07:51:00.550986+00:00,STRING
hypertension-branch,SERPINA1,CFB,9606.ENSP00000416066,9606.ENSP00000416561,SERPINA1,CFB,0.725,700,functional,9606,2026-08-30T07:51:00.550986+00:00,STRING
hypertension-branch,BRCA1,CCNA2,9606.ENSP00000418960,9606.ENSP00000481380,BRCA1,CCNA2,0.956,700,functional,9606,2026-08-30T07:51:00.550986+00:00,STRING
hypertension-branch,BRCA1,AKT1,9606.ENSP00000418960,9606.ENSP00000451828,BRCA1,AKT1,0.993,700,functional,9606,2026-08-30T07:51:00.550986+00:00,STRING
hypertension-branch,BRCA1,MYC,9606.ENSP00000418960,9606.ENSP00000478887,BRCA1,MYC,0.999,700,functional,9606,2026-08-30T07:51:00.550986+00:00,STRING
hypertension-branch,RXRA,NR1H4,9606.ENSP00000419692,9606.ENSP00000447149,RXRA,NR1H4,0.999,700,functional,9606,2026-08-30T07:51:00.550986+00:00,STRING
hypertension-branch,POR,CYP2E1,9606.ENSP00000419970,9606.ENSP00000440689,POR,CYP2E1,0.931,700,functional,9606,2026-08-30T07:51:00.550986+00:00,STRING
hypertension-branch,POR,CYP3A4,9606.ENSP00000419970,9606.ENSP00000498939,POR,CYP3A4,0.992,700,functional,9606,2026-08-30T07:51:00.550986+00:00,STRING
hypertension-branch,CXCL2,CCL3,9606.ENSP00000427279,9606.ENSP00000477908,CXCL2,CCL3,0.939,700,functional,9606,2026-08-30T07:51:00.550986+00:00,STRING
hypertension-branch,EPHX2,EPHX1,9606.ENSP00000430269,9606.ENSP00000480004,EPHX2,EPHX1,0.731,700,functional,9606,2026-08-30T07:51:00.550986+00:00,STRING
hypertension-branch,TRHR,TSHR,9606.ENSP00000430711,9606.ENSP00000441235,TRHR,TSHR,0.732,700,functional,9606,2026-08-30T07:51:00.550986+00:00,STRING
hypertension-branch,CASP1,ACTB,9606.ENSP00000433138,9606.ENSP00000494750,CASP1,ACTB,0.729,700,functional,9606,2026-08-30T07:51:00.550986+00:00,STRING
hypertension-branch,CASP1,APAF1,9606.ENSP00000433138,9606.ENSP00000448165,CASP1,APAF1,0.817,700,functional,9606,2026-08-30T07:51:00.550986+00:00,STRING
hypertension-branch,SAA2,APOC2,9606.ENSP00000436126,9606.ENSP00000466775,SAA2,APOC2,0.733,700,functional,9606,2026-08-30T07:51:00.550986+00:00,STRING
hypertension-branch,HIF1A,MUC1,9606.ENSP00000437955,9606.ENSP00000484824,HIF1A,MUC1,0.755,700,functional,9606,2026-08-30T07:51:00.550986+00:00,STRING
hypertension-branch,HIF1A,ACTB,9606.ENSP00000437955,9606.ENSP00000494750,HIF1A,ACTB,0.787,700,functional,9606,2026-08-30T07:51:00.550986+00:00,STRING
hypertension-branch,HIF1A,AKT1,9606.ENSP00000437955,9606.ENSP00000451828,HIF1A,AKT1,0.932,700,functional,9606,2026-08-30T07:51:00.550986+00:00,STRING
hypertension-branch,HIF1A,MYC,9606.ENSP00000437955,9606.ENSP00000478887,HIF1A,MYC,0.993,700,functional,9606,2026-08-30T07:51:00.550986+00:00,STRING
hypertension-branch,TUBA1A,ENO1,9606.ENSP00000439020,9606.ENSP00000495530,TUBA1A,ENO1,0.769,700,functional,9606,2026-08-30T07:51:00.550986+00:00,STRING
hypertension-branch,TUBA1A,ACTB,9606.ENSP00000439020,9606.ENSP00000494750,TUBA1A,ACTB,0.838,700,functional,9606,2026-08-30T07:51:00.550986+00:00,STRING
hypertension-branch,CYP2E1,EPHX1,9606.ENSP00000440689,9606.ENSP00000480004,CYP2E1,EPHX1,0.971,700,functional,9606,2026-08-30T07:51:00.550986+00:00,STRING
hypertension-branch,CYP2E1,CYP3A4,9606.ENSP00000440689,9606.ENSP00000498939,CYP2E1,CYP3A4,0.991,700,functional,9606,2026-08-30T07:51:00.550986+00:00,STRING
hypertension-branch,CDCA3,CCNA2,9606.ENSP00000442068,9606.ENSP00000481380,CDCA3,CCNA2,0.94,700,functional,9606,2026-08-30T07:51:00.550986+00:00,STRING
hypertension-branch,PLCB3,GNAI1,9606.ENSP00000443631,9606.ENSP00000497260,PLCB3,GNAI1,0.93,700,functional,9606,2026-08-30T07:51:00.550986+00:00,STRING
hypertension-branch,FKBP5,AKT1,9606.ENSP00000444810,9606.ENSP00000451828,FKBP5,AKT1,0.964,700,functional,9606,2026-08-30T07:51:00.550986+00:00,STRING
hypertension-branch,MYL6,ACTB,9606.ENSP00000446955,9606.ENSP00000494750,MYL6,ACTB,0.973,700,functional,9606,2026-08-30T07:51:00.550986+00:00,STRING
hypertension-branch,PAH,IL4I1,9606.ENSP00000448059,9606.ENSP00000472474,PAH,IL4I1,0.904,700,functional,9606,2026-08-30T07:51:00.550986+00:00,STRING
hypertension-branch,AKT1,CCNA2,9606.ENSP00000451828,9606.ENSP00000481380,AKT1,CCNA2,0.771,700,functional,9606,2026-08-30T07:51:00.550986+00:00,STRING
hypertension-branch,AKT1,ENO1,9606.ENSP00000451828,9606.ENSP00000495530,AKT1,ENO1,0.816,700,functional,9606,2026-08-30T07:51:00.550986+00:00,STRING
hypertension-branch,AKT1,ACTB,9606.ENSP00000451828,9606.ENSP00000494750,AKT1,ACTB,0.923,700,functional,9606,2026-08-30T07:51:00.550986+00:00,STRING
hypertension-branch,AKT1,MYC,9606.ENSP00000451828,9606.ENSP00000478887,AKT1,MYC,0.928,700,functional,9606,2026-08-30T07:51:00.550986+00:00,STRING
hypertension-branch,TNNT1,TNNT2,9606.ENSP00000467176,9606.ENSP00000499593,TNNT1,TNNT2,0.946,700,functional,9606,2026-08-30T07:51:00.550986+00:00,STRING
hypertension-branch,TK1,CCNA2,9606.ENSP00000468425,9606.ENSP00000481380,TK1,CCNA2,0.78,700,functional,9606,2026-08-30T07:51:00.550986+00:00,STRING
hypertension-branch,APLNR,GNAI1,9606.ENSP00000475344,9606.ENSP00000497260,APLNR,GNAI1,0.866,700,functional,9606,2026-08-30T07:51:00.550986+00:00,STRING
hypertension-branch,ABCB1,CYP2D6,9606.ENSP00000478255,9606.ENSP00000496150,ABCB1,CYP2D6,0.779,700,functional,9606,2026-08-30T07:51:00.550986+00:00,STRING
hypertension-branch,ABCB1,CYP3A4,9606.ENSP00000478255,9606.ENSP00000498939,ABCB1,CYP3A4,0.886,700,functional,9606,2026-08-30T07:51:00.550986+00:00,STRING
hypertension-branch,CYP1B1,CYP3A4,9606.ENSP00000478561,9606.ENSP00000498939,CYP1B1,CYP3A4,0.706,700,functional,9606,2026-08-30T07:51:00.550986+00:00,STRING
hypertension-branch,CYP1B1,EPHX1,9606.ENSP00000478561,9606.ENSP00000480004,CYP1B1,EPHX1,0.966,700,functional,9606,2026-08-30T07:51:00.550986+00:00,STRING
hypertension-branch,MYC,CCNA2,9606.ENSP00000478887,9606.ENSP00000481380,MYC,CCNA2,0.734,700,functional,9606,2026-08-30T07:51:00.550986+00:00,STRING
hypertension-branch,MYC,ACTB,9606.ENSP00000478887,9606.ENSP00000494750,MYC,ACTB,0.892,700,functional,9606,2026-08-30T07:51:00.550986+00:00,STRING
hypertension-branch,EPHX1,CYP3A4,9606.ENSP00000480004,9606.ENSP00000498939,EPHX1,CYP3A4,0.956,700,functional,9606,2026-08-30T07:51:00.550986+00:00,STRING
hypertension-branch,ACTB,ENO1,9606.ENSP00000494750,9606.ENSP00000495530,ACTB,ENO1,0.869,700,functional,9606,2026-08-30T07:51:00.550986+00:00,STRING
hypertension-branch,GSS,GCLC,9606.ENSP00000495750,9606.ENSP00000497574,GSS,GCLC,0.995,700,functional,9606,2026-08-30T07:51:00.550986+00:00,STRING
hypertension-branch,CYP2D6,CYP3A4,9606.ENSP00000496150,9606.ENSP00000498939,CYP2D6,CYP3A4,0.961,700,functional,9606,2026-08-30T07:51:00.550986+00:00,STRING
shared-core,MAPK1,ABL1,9606.ENSP00000215832,9606.ENSP00000361423,MAPK1,ABL1,0.724,700,functional,9606,2026-08-30T07:51:09.311524+00:00,STRING
shared-core,MAPK1,CDKN1A,9606.ENSP00000215832,9606.ENSP00000384849,MAPK1,CDKN1A,0.732,700,functional,9606,2026-08-30T07:51:09.311524+00:00,STRING
shared-core,MAPK1,CXCL8,9606.ENSP00000215832,9606.ENSP00000306512,MAPK1,CXCL8,0.735,700,functional,9606,2026-08-30T07:51:09.311524+00:00,STRING
shared-core,MAPK1,PPARG,9606.ENSP00000215832,9606.ENSP00000287820,MAPK1,PPARG,0.736,700,functional,9606,2026-08-30T07:51:09.311524+00:00,STRING
shared-core,MAPK1,MCL1,9606.ENSP00000215832,9606.ENSP00000358022,MAPK1,MCL1,0.74,700,functional,9606,2026-08-30T07:51:09.311524+00:00,STRING
shared-core,MAPK1,TNF,9606.ENSP00000215832,9606.ENSP00000398698,MAPK1,TNF,0.757,700,functional,9606,2026-08-30T07:51:09.311524+00:00,STRING
shared-core,MAPK1,CYCS,9606.ENSP00000215832,9606.ENSP00000307786,MAPK1,CYCS,0.775,700,functional,9606,2026-08-30T07:51:09.311524+00:00,STRING
shared-core,MAPK1,NFKB1,9606.ENSP00000215832,9606.ENSP00000226574,MAPK1,NFKB1,0.79,700,functional,9606,2026-08-30T07:51:09.311524+00:00,STRING
shared-core,MAPK1,HMGB1,9606.ENSP00000215832,9606.ENSP00000345347,MAPK1,HMGB1,0.792,700,functional,9606,2026-08-30T07:51:09.311524+00:00,STRING
shared-core,MAPK1,APP,9606.ENSP00000215832,9606.ENSP00000284981,MAPK1,APP,0.827,700,functional,9606,2026-08-30T07:51:09.311524+00:00,STRING
shared-core,MAPK1,CASP9,9606.ENSP00000215832,9606.ENSP00000330237,MAPK1,CASP9,0.841,700,functional,9606,2026-08-30T07:51:09.311524+00:00,STRING
shared-core,MAPK1,CDKN1B,9606.ENSP00000215832,9606.ENSP00000228872,MAPK1,CDKN1B,0.858,700,functional,9606,2026-08-30T07:51:09.311524+00:00,STRING
shared-core,MAPK1,THRB,9606.ENSP00000215832,9606.ENSP00000379904,MAPK1,THRB,0.912,700,functional,9606,2026-08-30T07:51:09.311524+00:00,STRING
shared-core,MAPK1,SPHK1,9606.ENSP00000215832,9606.ENSP00000313681,MAPK1,SPHK1,0.922,700,functional,9606,2026-08-30T07:51:09.311524+00:00,STRING
shared-core,MAPK1,MITF,9606.ENSP00000215832,9606.ENSP00000391803,MAPK1,MITF,0.932,700,functional,9606,2026-08-30T07:51:09.311524+00:00,STRING
shared-core,MAPK1,ESR2,9606.ENSP00000215832,9606.ENSP00000343925,MAPK1,ESR2,0.948,700,functional,9606,2026-08-30T07:51:09.311524+00:00,STRING
shared-core,MAPK1,MAPT,9606.ENSP00000215832,9606.ENSP00000340820,MAPK1,MAPT,0.952,700,functional,9606,2026-08-30T07:51:09.311524+00:00,STRING
shared-core,MAPK1,BCL2L11,9606.ENSP00000215832,9606.ENSP00000376943,MAPK1,BCL2L11,0.953,700,functional,9606,2026-08-30T07:51:09.311524+00:00,STRING
shared-core,MAPK1,CASP3,9606.ENSP00000215832,9606.ENSP00000311032,MAPK1,CASP3,0.961,700,functional,9606,2026-08-30T07:51:09.311524+00:00,STRING
shared-core,MAPK1,CREB1,9606.ENSP00000215832,9606.ENSP00000387699,MAPK1,CREB1,0.962,700,functional,9606,2026-08-30T07:51:09.311524+00:00,STRING
shared-core,MAPK1,SMAD2,9606.ENSP00000215832,9606.ENSP00000262160,MAPK1,SMAD2,0.967,700,functional,9606,2026-08-30T07:51:09.311524+00:00,STRING
shared-core,MAPK1,BCL2,9606.ENSP00000215832,9606.ENSP00000381185,MAPK1,BCL2,0.969,700,functional,9606,2026-08-30T07:51:09.311524+00:00,STRING
shared-core,MAPK1,RAF1,9606.ENSP00000215832,9606.ENSP00000401888,MAPK1,RAF1,0.975,700,functional,9606,2026-08-30T07:51:09.311524+00:00,STRING
shared-core,MAPK1,MYC,9606.ENSP00000215832,9606.ENSP00000478887,MAPK1,MYC,0.983,700,functional,9606,2026-08-30T07:51:09.311524+00:00,STRING
shared-core,MAPK1,HIF1A,9606.ENSP00000215832,9606.ENSP00000437955,MAPK1,HIF1A,0.985,700,functional,9606,2026-08-30T07:51:09.311524+00:00,STRING
shared-core,MAPK1,ESR1,9606.ENSP00000215832,9606.ENSP00000405330,MAPK1,ESR1,0.987,700,functional,9606,2026-08-30T07:51:09.311524+00:00,STRING
shared-core,MAPK1,AKT1,9606.ENSP00000215832,9606.ENSP00000451828,MAPK1,AKT1,0.988,700,functional,9606,2026-08-30T07:51:09.311524+00:00,STRING
shared-core,MAPK1,FOS,9606.ENSP00000215832,9606.ENSP00000306245,MAPK1,FOS,0.992,700,functional,9606,2026-08-30T07:51:09.311524+00:00,STRING
shared-core,MAPK1,TP53,9606.ENSP00000215832,9606.ENSP00000269305,MAPK1,TP53,0.998,700,functional,9606,2026-08-30T07:51:09.311524+00:00,STRING
shared-core,MAPK1,JUN,9606.ENSP00000215832,9606.ENSP00000360266,MAPK1,JUN,0.998,700,functional,9606,2026-08-30T07:51:09.311524+00:00,STRING
shared-core,HMOX1,HIF1A,9606.ENSP00000216117,9606.ENSP00000437955,HMOX1,HIF1A,0.701,700,functional,9606,2026-08-30T07:51:09.311524+00:00,STRING
shared-core,HMOX1,GPX4,9606.ENSP00000216117,9606.ENSP00000346103,HMOX1,GPX4,0.716,700,functional,9606,2026-08-30T07:51:09.311524+00:00,STRING
shared-core,HMOX1,BAX,9606.ENSP00000216117,9606.ENSP00000293288,HMOX1,BAX,0.729,700,functional,9606,2026-08-30T07:51:09.311524+00:00,STRING
shared-core,HMOX1,EDN1,9606.ENSP00000216117,9606.ENSP00000368683,HMOX1,EDN1,0.735,700,functional,9606,2026-08-30T07:51:09.311524+00:00,STRING
shared-core,HMOX1,GSR,9606.ENSP00000216117,9606.ENSP00000221130,HMOX1,GSR,0.761,700,functional,9606,2026-08-30T07:51:09.311524+00:00,STRING
shared-core,HMOX1,NOS3,9606.ENSP00000216117,9606.ENSP00000297494,HMOX1,NOS3,0.77,700,functional,9606,2026-08-30T07:51:09.311524+00:00,STRING
shared-core,HMOX1,PPARG,9606.ENSP00000216117,9606.ENSP00000287820,HMOX1,PPARG,0.784,700,functional,9606,2026-08-30T07:51:09.311524+00:00,STRING
shared-core,HMOX1,TNF,9606.ENSP00000216117,9606.ENSP00000398698,HMOX1,TNF,0.792,700,functional,9606,2026-08-30T07:51:09.311524+00:00,STRING
shared-core,HMOX1,AKT1,9606.ENSP00000216117,9606.ENSP00000451828,HMOX1,AKT1,0.796,700,functional,9606,2026-08-30T07:51:09.311524+00:00,STRING
shared-core,HMOX1,JUN,9606.ENSP00000216117,9606.ENSP00000360266,HMOX1,JUN,0.798,700,functional,9606,2026-08-30T07:51:09.311524+00:00,STRING
shared-core,HMOX1,CASP3,9606.ENSP00000216117,9606.ENSP00000311032,HMOX1,CASP3,0.806,700,functional,9606,2026-08-30T07:51:09.311524+00:00,STRING
shared-core,HMOX1,IL1B,9606.ENSP00000216117,9606.ENSP00000263341,HMOX1,IL1B,0.817,700,functional,9606,2026-08-30T07:51:09.311524+00:00,STRING
shared-core,HMOX1,CYCS,9606.ENSP00000216117,9606.ENSP00000307786,HMOX1,CYCS,0.827,700,functional,9606,2026-08-30T07:51:09.311524+00:00,STRING
shared-core,HMOX1,GPX3,9606.ENSP00000216117,9606.ENSP00000373477,HMOX1,GPX3,0.844,700,functional,9606,2026-08-30T07:51:09.311524+00:00,STRING
shared-core,HMOX1,BCL2,9606.ENSP00000216117,9606.ENSP00000381185,HMOX1,BCL2,0.856,700,functional,9606,2026-08-30T07:51:09.311524+00:00,STRING
shared-core,HMOX1,IL4,9606.ENSP00000216117,9606.ENSP00000231449,HMOX1,IL4,0.878,700,functional,9606,2026-08-30T07:51:09.311524+00:00,STRING
shared-core,HMOX1,NLRP3,9606.ENSP00000216117,9606.ENSP00000337383,HMOX1,NLRP3,0.892,700,functional,9606,2026-08-30T07:51:09.311524+00:00,STRING
shared-core,HMOX1,NQO1,9606.ENSP00000216117,9606.ENSP00000319788,HMOX1,NQO1,0.916,700,functional,9606,2026-08-30T07:51:09.311524+00:00,STRING
shared-core,HMOX1,KEAP1,9606.ENSP00000216117,9606.ENSP00000377245,HMOX1,KEAP1,0.934,700,functional,9606,2026-08-30T07:51:09.311524+00:00,STRING
shared-core,HMOX1,POR,9606.ENSP00000216117,9606.ENSP00000419970,HMOX1,POR,0.965,700,functional,9606,2026-08-30T07:51:09.311524+00:00,STRING
shared-core,HMOX1,NFE2L2,9606.ENSP00000216117,9606.ENSP00000380252,HMOX1,NFE2L2,0.989,700,functional,9606,2026-08-30T07:51:09.311524+00:00,STRING
shared-core,AURKA,CDKN1B,9606.ENSP00000216911,9606.ENSP00000228872,AURKA,CDKN1B,0.74,700,functional,9606,2026-08-30T07:51:09.311524+00:00,STRING
shared-core,AURKA,ESR1,9606.ENSP00000216911,9606.ENSP00000405330,AURKA,ESR1,0.769,700,functional,9606,2026-08-30T07:51:09.311524+00:00,STRING
shared-core,AURKA,NFKB1,9606.ENSP00000216911,9606.ENSP00000226574,AURKA,NFKB1,0.794,700,functional,9606,2026-08-30T07:51:09.311524+00:00,STRING
shared-core,AURKA,MYC,9606.ENSP00000216911,9606.ENSP00000478887,AURKA,MYC,0.914,700,functional,9606,2026-08-30T07:51:09.311524+00:00,STRING
shared-core,AURKA,BRCA1,9606.ENSP00000216911,9606.ENSP00000418960,AURKA,BRCA1,0.942,700,functional,9606,2026-08-30T07:51:09.311524+00:00,STRING
shared-core,AURKA,HDAC6,9606.ENSP00000216911,9606.ENSP00000365804,AURKA,HDAC6,0.944,700,functional,9606,2026-08-30T07:51:09.311524+00:00,STRING
shared-core,AURKA,CCNA2,9606.ENSP00000216911,9606.ENSP00000481380,AURKA,CCNA2,0.949,700,functional,9606,2026-08-30T07:51:09.311524+00:00,STRING
shared-core,AURKA,CCNB2,9606.ENSP00000216911,9606.ENSP00000288207,AURKA,CCNB2,0.988,700,functional,9606,2026-08-30T07:51:09.311524+00:00,STRING
shared-core,AURKA,BIRC5,9606.ENSP00000216911,9606.ENSP00000301633,AURKA,BIRC5,0.993,700,functional,9606,2026-08-30T07:51:09.311524+00:00,STRING
shared-core,AURKA,TP53,9606.ENSP00000216911,9606.ENSP00000269305,AURKA,TP53,0.998,700,functional,9606,2026-08-30T07:51:09.311524+00:00,STRING
shared-core,TIMP1,JUN,9606.ENSP00000218388,9606.ENSP00000360266,TIMP1,JUN,0.701,700,functional,9606,2026-08-30T07:51:09.311524+00:00,STRING
shared-core,TIMP1,NFKB1,9606.ENSP00000218388,9606.ENSP00000226574,TIMP1,NFKB1,0.704,700,functional,9606,2026-08-30T07:51:09.311524+00:00,STRING
shared-core,TIMP1,IL4,9606.ENSP00000218388,9606.ENSP00000231449,TIMP1,IL4,0.72,700,functional,9606,2026-08-30T07:51:09.311524+00:00,STRING
shared-core,TIMP1,ADAM17,9606.ENSP00000218388,9606.ENSP00000309968,TIMP1,ADAM17,0.725,700,functional,9606,2026-08-30T07:51:09.311524+00:00,STRING
shared-core,TIMP1,TNF,9606.ENSP00000218388,9606.ENSP00000398698,TIMP1,TNF,0.727,700,functional,9606,2026-08-30T07:51:09.311524+00:00,STRING
shared-core,TIMP1,ALB,9606.ENSP00000218388,9606.ENSP00000295897,TIMP1,ALB,0.737,700,functional,9606,2026-08-30T07:51:09.311524+00:00,STRING
shared-core,TIMP1,CXCL10,9606.ENSP00000218388,9606.ENSP00000305651,TIMP1,CXCL10,0.744,700,functional,9606,2026-08-30T07:51:09.311524+00:00,STRING
shared-core,TIMP1,IFNG,9606.ENSP00000218388,9606.ENSP00000229135,TIMP1,IFNG,0.76,700,functional,9606,2026-08-30T07:51:09.311524+00:00,STRING
shared-core,TIMP1,CXCL8,9606.ENSP00000218388,9606.ENSP00000306512,TIMP1,CXCL8,0.78,700,functional,9606,2026-08-30T07:51:09.311524+00:00,STRING
shared-core,TIMP1,IL1B,9606.ENSP00000218388,9606.ENSP00000263341,TIMP1,IL1B,0.791,700,functional,9606,2026-08-30T07:51:09.311524+00:00,STRING
shared-core,TIMP1,SERPINE1,9606.ENSP00000218388,9606.ENSP00000223095,TIMP1,SERPINE1,0.84,700,functional,9606,2026-08-30T07:51:09.311524+00:00,STRING
shared-core,TIMP1,COL1A1,9606.ENSP00000218388,9606.ENSP00000225964,TIMP1,COL1A1,0.842,700,functional,9606,2026-08-30T07:51:09.311524+00:00,STRING
shared-core,TIMP1,CCL2,9606.ENSP00000218388,9606.ENSP00000225831,TIMP1,CCL2,0.867,700,functional,9606,2026-08-30T07:51:09.311524+00:00,STRING
shared-core,TIMP1,MMP9,9606.ENSP00000218388,9606.ENSP00000361405,TIMP1,MMP9,0.999,700,functional,9606,2026-08-30T07:51:09.311524+00:00,STRING
shared-core,TIMP1,MMP14,9606.ENSP00000218388,9606.ENSP00000308208,TIMP1,MMP14,0.999,700,functional,9606,2026-08-30T07:51:09.311524+00:00,STRING
shared-core,PLAT,EDN1,9606.ENSP00000220809,9606.ENSP00000368683,PLAT,EDN1,0.739,700,functional,9606,2026-08-30T07:51:09.311524+00:00,STRING
shared-core,PLAT,MMP9,9606.ENSP00000220809,9606.ENSP00000361405,PLAT,MMP9,0.893,700,functional,9606,2026-08-30T07:51:09.311524+00:00,STRING
shared-core,PLAT,SERPINE1,9606.ENSP00000220809,9606.ENSP00000223095,PLAT,SERPINE1,0.999,700,functional,9606,2026-08-30T07:51:09.311524+00:00,STRING
shared-core,GSR,KEAP1,9606.ENSP00000221130,9606.ENSP00000377245,GSR,KEAP1,0.712,700,functional,9606,2026-08-30T07:51:09.311524+00:00,STRING
shared-core,GSR,CYCS,9606.ENSP00000221130,9606.ENSP00000307786,GSR,CYCS,0.721,700,functional,9606,2026-08-30T07:51:09.311524+00:00,STRING
shared-core,GSR,IDH1,9606.ENSP00000221130,9606.ENSP00000390265,GSR,IDH1,0.776,700,functional,9606,2026-08-30T07:51:09.311524+00:00,STRING
shared-core,GSR,NQO1,9606.ENSP00000221130,9606.ENSP00000319788,GSR,NQO1,0.835,700,functional,9606,2026-08-30T07:51:09.311524+00:00,STRING
shared-core,GSR,NFE2L2,9606.ENSP00000221130,9606.ENSP00000380252,GSR,NFE2L2,0.93,700,functional,9606,2026-08-30T07:51:09.311524+00:00,STRING
shared-core,GSR,GGT1,9606.ENSP00000221130,9606.ENSP00000248923,GSR,GGT1,0.933,700,functional,9606,2026-08-30T07:51:09.311524+00:00,STRING
shared-core,GSR,GSTM1,9606.ENSP00000221130,9606.ENSP00000311469,GSR,GSTM1,0.945,700,functional,9606,2026-08-30T07:51:09.311524+00:00,STRING
shared-core,GSR,GSTP1,9606.ENSP00000221130,9606.ENSP00000381607,GSR,GSTP1,0.952,700,functional,9606,2026-08-30T07:51:09.311524+00:00,STRING
shared-core,GSR,PRDX6,9606.ENSP00000221130,9606.ENSP00000342026,GSR,PRDX6,0.964,700,functional,9606,2026-08-30T07:51:09.311524+00:00,STRING
shared-core,GSR,GPX4,9606.ENSP00000221130,9606.ENSP00000346103,GSR,GPX4,0.98,700,functional,9606,2026-08-30T07:51:09.311524+00:00,STRING
shared-core,GSR,GPX3,9606.ENSP00000221130,9606.ENSP00000373477,GSR,GPX3,0.996,700,functional,9606,2026-08-30T07:51:09.311524+00:00,STRING
shared-core,PON1,GPX3,9606.ENSP00000222381,9606.ENSP00000373477,PON1,GPX3,0.745,700,functional,9606,2026-08-30T07:51:09.311524+00:00,STRING
shared-core,PON1,APP,9606.ENSP00000222381,9606.ENSP00000284981,PON1,APP,0.782,700,functional,9606,2026-08-30T07:51:09.311524+00:00,STRING
shared-core,PON1,ALB,9606.ENSP00000222381,9606.ENSP00000295897,PON1,ALB,0.862,700,functional,9606,2026-08-30T07:51:09.311524+00:00,STRING
shared-core,PON1,CLU,9606.ENSP00000222381,9606.ENSP00000315130,PON1,CLU,0.996,700,functional,9606,2026-08-30T07:51:09.311524+00:00,STRING
shared-core,SERPINE1,CDKN1A,9606.ENSP00000223095,9606.ENSP00000384849,SERPINE1,CDKN1A,0.701,700,functional,9606,2026-08-30T07:51:09.311524+00:00,STRING
shared-core,SERPINE1,IFNG,9606.ENSP00000223095,9606.ENSP00000229135,SERPINE1,IFNG,0.72,700,functional,9606,2026-08-30T07:51:09.311524+00:00,STRING
shared-core,SERPINE1,PPARG,9606.ENSP00000223095,9606.ENSP00000287820,SERPINE1,PPARG,0.732,700,functional,9606,2026-08-30T07:51:09.311524+00:00,STRING
shared-core,SERPINE1,IGF1,9606.ENSP00000223095,9606.ENSP00000376637,SERPINE1,IGF1,0.733,700,functional,9606,2026-08-30T07:51:09.311524+00:00,STRING
shared-core,SERPINE1,CXCL8,9606.ENSP00000223095,9606.ENSP00000306512,SERPINE1,CXCL8,0.736,700,functional,9606,2026-08-30T07:51:09.311524+00:00,STRING
shared-core,SERPINE1,IL1B,9606.ENSP00000223095,9606.ENSP00000263341,SERPINE1,IL1B,0.746,700,functional,9606,2026-08-30T07:51:09.311524+00:00,STRING
shared-core,SERPINE1,EDN1,9606.ENSP00000223095,9606.ENSP00000368683,SERPINE1,EDN1,0.755,700,functional,9606,2026-08-30T07:51:09.311524+00:00,STRING
shared-core,SERPINE1,TNF,9606.ENSP00000223095,9606.ENSP00000398698,SERPINE1,TNF,0.764,700,functional,9606,2026-08-30T07:51:09.311524+00:00,STRING
shared-core,SERPINE1,MMP9,9606.ENSP00000223095,9606.ENSP00000361405,SERPINE1,MMP9,0.801,700,functional,9606,2026-08-30T07:51:09.311524+00:00,STRING
shared-core,SERPINE1,SMAD2,9606.ENSP00000223095,9606.ENSP00000262160,SERPINE1,SMAD2,0.846,700,functional,9606,2026-08-30T07:51:09.311524+00:00,STRING
shared-core,SERPINE1,CCL2,9606.ENSP00000223095,9606.ENSP00000225831,SERPINE1,CCL2,0.918,700,functional,9606,2026-08-30T07:51:09.311524+00:00,STRING
shared-core,CCL2,CASP1,9606.ENSP00000225831,9606.ENSP00000433138,CCL2,CASP1,0.707,700,functional,9606,2026-08-30T07:51:09.311524+00:00,STRING
shared-core,CCL2,AKT1,9606.ENSP00000225831,9606.ENSP00000451828,CCL2,AKT1,0.72,700,functional,9606,2026-08-30T07:51:09.311524+00:00,STRING
shared-core,CCL2,EGFR,9606.ENSP00000225831,9606.ENSP00000275493,CCL2,EGFR,0.725,700,functional,9606,2026-08-30T07:51:09.311524+00:00,STRING
shared-core,CCL2,PPARG,9606.ENSP00000225831,9606.ENSP00000287820,CCL2,PPARG,0.731,700,functional,9606,2026-08-30T07:51:09.311524+00:00,STRING
shared-core,CCL2,ALB,9606.ENSP00000225831,9606.ENSP00000295897,CCL2,ALB,0.739,700,functional,9606,2026-08-30T07:51:09.311524+00:00,STRING
shared-core,CCL2,FOS,9606.ENSP00000225831,9606.ENSP00000306245,CCL2,FOS,0.756,700,functional,9606,2026-08-30T07:51:09.311524+00:00,STRING
shared-core,CCL2,IGF1,9606.ENSP00000225831,9606.ENSP00000376637,CCL2,IGF1,0.76,700,functional,9606,2026-08-30T07:51:09.311524+00:00,STRING
shared-core,CCL2,EDN1,9606.ENSP00000225831,9606.ENSP00000368683,CCL2,EDN1,0.791,700,functional,9606,2026-08-30T07:51:09.311524+00:00,STRING
shared-core,CCL2,MMP9,9606.ENSP00000225831,9606.ENSP00000361405,CCL2,MMP9,0.809,700,functional,9606,2026-08-30T07:51:09.311524+00:00,STRING
shared-core,CCL2,CXCR6,9606.ENSP00000225831,9606.ENSP00000395704,CCL2,CXCR6,0.885,700,functional,9606,2026-08-30T07:51:09.311524+00:00,STRING
shared-core,CCL2,IL4,9606.ENSP00000225831,9606.ENSP00000231449,CCL2,IL4,0.921,700,functional,9606,2026-08-30T07:51:09.311524+00:00,STRING
shared-core,CCL2,IFNG,9606.ENSP00000225831,9606.ENSP00000229135,CCL2,IFNG,0.938,700,functional,9606,2026-08-30T07:51:09.311524+00:00,STRING
shared-core,CCL2,CXCL10,9606.ENSP00000225831,9606.ENSP00000305651,CCL2,CXCL10,0.965,700,functional,9606,2026-08-30T07:51:09.311524+00:00,STRING
shared-core,CCL2,IL1B,9606.ENSP00000225831,9606.ENSP00000263341,CCL2,IL1B,0.97,700,functional,9606,2026-08-30T07:51:09.311524+00:00,STRING
shared-core,CCL2,TNF,9606.ENSP00000225831,9606.ENSP00000398698,CCL2,TNF,0.978,700,functional,9606,2026-08-30T07:51:09.311524+00:00,STRING
shared-core,CCL2,JUN,9606.ENSP00000225831,9606.ENSP00000360266,CCL2,JUN,0.98,700,functional,9606,2026-08-30T07:51:09.311524+00:00,STRING
shared-core,CCL2,NFKB1,9606.ENSP00000225831,9606.ENSP00000226574,CCL2,NFKB1,0.982,700,functional,9606,2026-08-30T07:51:09.311524+00:00,STRING
shared-core,CCL2,PF4,9606.ENSP00000225831,9606.ENSP00000296029,CCL2,PF4,0.998,700,functional,9606,2026-08-30T07:51:09.311524+00:00,STRING
shared-core,CCL2,CXCL8,9606.ENSP00000225831,9606.ENSP00000306512,CCL2,CXCL8,0.999,700,functional,9606,2026-08-30T07:51:09.311524+00:00,STRING
shared-core,COL1A1,IGF1,9606.ENSP00000225964,9606.ENSP00000376637,COL1A1,IGF1,0.714,700,functional,9606,2026-08-30T07:51:09.311524+00:00,STRING
shared-core,COL1A1,IGFBP3,9606.ENSP00000225964,9606.ENSP00000370473,COL1A1,IGFBP3,0.75,700,functional,9606,2026-08-30T07:51:09.311524+00:00,STRING
shared-core,COL1A1,ALPL,9606.ENSP00000225964,9606.ENSP00000363973,COL1A1,ALPL,0.826,700,functional,9606,2026-08-30T07:51:09.311524+00:00,STRING
shared-core,COL1A1,MMP9,9606.ENSP00000225964,9606.ENSP00000361405,COL1A1,MMP9,0.84,700,functional,9606,2026-08-30T07:51:09.311524+00:00,STRING
shared-core,COL1A1,ELN,9606.ENSP00000225964,9606.ENSP00000351807,COL1A1,ELN,0.876,700,functional,9606,2026-08-30T07:51:09.311524+00:00,STRING
shared-core,GNRHR,GNAS,9606.ENSP00000226413,9606.ENSP00000360141,GNRHR,GNAS,0.931,700,functional,9606,2026-08-30T07:51:09.311524+00:00,STRING
shared-core,NFKB1,HSPA5,9606.ENSP00000226574,9606.ENSP00000324173,NFKB1,HSPA5,0.704,700,functional,9606,2026-08-30T07:51:09.311524+00:00,STRING
shared-core,NFKB1,NGF,9606.ENSP00000226574,9606.ENSP00000358525,NFKB1,NGF,0.711,700,functional,9606,2026-08-30T07:51:09.311524+00:00,STRING
shared-core,NFKB1,MDM2,9606.ENSP00000226574,9606.ENSP00000258149,NFKB1,MDM2,0.719,700,functional,9606,2026-08-30T07:51:09.311524+00:00,STRING
shared-core,NFKB1,BRCA1,9606.ENSP00000226574,9606.ENSP00000418960,NFKB1,BRCA1,0.726,700,functional,9606,2026-08-30T07:51:09.311524+00:00,STRING
shared-core,NFKB1,KEAP1,9606.ENSP00000226574,9606.ENSP00000377245,NFKB1,KEAP1,0.733,700,functional,9606,2026-08-30T07:51:09.311524+00:00,STRING
shared-core,NFKB1,ATM,9606.ENSP00000226574,9606.ENSP00000278616,NFKB1,ATM,0.746,700,functional,9606,2026-08-30T07:51:09.311524+00:00,STRING
shared-core,NFKB1,CDKN1A,9606.ENSP00000226574,9606.ENSP00000384849,NFKB1,CDKN1A,0.751,700,functional,9606,2026-08-30T07:51:09.311524+00:00,STRING
shared-core,NFKB1,CLU,9606.ENSP00000226574,9606.ENSP00000315130,NFKB1,CLU,0.761,700,functional,9606,2026-08-30T07:51:09.311524+00:00,STRING
shared-core,NFKB1,HDAC3,9606.ENSP00000226574,9606.ENSP00000302967,NFKB1,HDAC3,0.767,700,functional,9606,2026-08-30T07:51:09.311524+00:00,STRING
shared-core,NFKB1,CREB1,9606.ENSP00000226574,9606.ENSP00000387699,NFKB1,CREB1,0.773,700,functional,9606,2026-08-30T07:51:09.311524+00:00,STRING
shared-core,NFKB1,NOD2,9606.ENSP00000226574,9606.ENSP00000300589,NFKB1,NOD2,0.776,700,functional,9606,2026-08-30T07:51:09.311524+00:00,STRING
shared-core,NFKB1,IL4,9606.ENSP00000226574,9606.ENSP00000231449,NFKB1,IL4,0.8,700,functional,9606,2026-08-30T07:51:09.311524+00:00,STRING
shared-core,NFKB1,MMP9,9606.ENSP00000226574,9606.ENSP00000361405,NFKB1,MMP9,0.802,700,functional,9606,2026-08-30T07:51:09.311524+00:00,STRING
shared-core,NFKB1,MEN1,9606.ENSP00000226574,9606.ENSP00000337088,NFKB1,MEN1,0.803,700,functional,9606,2026-08-30T07:51:09.311524+00:00,STRING
shared-core,NFKB1,FOS,9606.ENSP00000226574,9606.ENSP00000306245,NFKB1,FOS,0.808,700,functional,9606,2026-08-30T07:51:09.311524+00:00,STRING
shared-core,NFKB1,HIF1A,9606.ENSP00000226574,9606.ENSP00000437955,NFKB1,HIF1A,0.816,700,functional,9606,2026-08-30T07:51:09.311524+00:00,STRING
shared-core,NFKB1,BCL2,9606.ENSP00000226574,9606.ENSP00000381185,NFKB1,BCL2,0.818,700,functional,9606,2026-08-30T07:51:09.311524+00:00,STRING
shared-core,NFKB1,CASP3,9606.ENSP00000226574,9606.ENSP00000311032,NFKB1,CASP3,0.821,700,functional,9606,2026-08-30T07:51:09.311524+00:00,STRING
shared-core,NFKB1,CASP1,9606.ENSP00000226574,9606.ENSP00000433138,NFKB1,CASP1,0.826,700,functional,9606,2026-08-30T07:51:09.311524+00:00,STRING
shared-core,NFKB1,TLR9,9606.ENSP00000226574,9606.ENSP00000353874,NFKB1,TLR9,0.828,700,functional,9606,2026-08-30T07:51:09.311524+00:00,STRING
shared-core,NFKB1,EGFR,9606.ENSP00000226574,9606.ENSP00000275493,NFKB1,EGFR,0.837,700,functional,9606,2026-08-30T07:51:09.311524+00:00,STRING
shared-core,NFKB1,CXCL10,9606.ENSP00000226574,9606.ENSP00000305651,NFKB1,CXCL10,0.845,700,functional,9606,2026-08-30T07:51:09.311524+00:00,STRING
shared-core,NFKB1,APP,9606.ENSP00000226574,9606.ENSP00000284981,NFKB1,APP,0.87,700,functional,9606,2026-08-30T07:51:09.311524+00:00,STRING
shared-core,NFKB1,NR3C1,9606.ENSP00000226574,9606.ENSP00000231509,NFKB1,NR3C1,0.878,700,functional,9606,2026-08-30T07:51:09.311524+00:00,STRING
shared-core,NFKB1,AKT1,9606.ENSP00000226574,9606.ENSP00000451828,NFKB1,AKT1,0.896,700,functional,9606,2026-08-30T07:51:09.311524+00:00,STRING
shared-core,NFKB1,MYC,9606.ENSP00000226574,9606.ENSP00000478887,NFKB1,MYC,0.917,700,functional,9606,2026-08-30T07:51:09.311524+00:00,STRING
shared-core,NFKB1,HMGB1,9606.ENSP00000226574,9606.ENSP00000345347,NFKB1,HMGB1,0.923,700,functional,9606,2026-08-30T07:51:09.311524+00:00,STRING
shared-core,NFKB1,IFNG,9606.ENSP00000226574,9606.ENSP00000229135,NFKB1,IFNG,0.932,700,functional,9606,2026-08-30T07:51:09.311524+00:00,STRING
shared-core,NFKB1,RAF1,9606.ENSP00000226574,9606.ENSP00000401888,NFKB1,RAF1,0.94,700,functional,9606,2026-08-30T07:51:09.311524+00:00,STRING
shared-core,NFKB1,ESR1,9606.ENSP00000226574,9606.ENSP00000405330,NFKB1,ESR1,0.957,700,functional,9606,2026-08-30T07:51:09.311524+00:00,STRING
shared-core,NFKB1,PPARG,9606.ENSP00000226574,9606.ENSP00000287820,NFKB1,PPARG,0.972,700,functional,9606,2026-08-30T07:51:09.311524+00:00,STRING
shared-core,NFKB1,NLRP3,9606.ENSP00000226574,9606.ENSP00000337383,NFKB1,NLRP3,0.981,700,functional,9606,2026-08-30T07:51:09.311524+00:00,STRING
shared-core,NFKB1,CXCL8,9606.ENSP00000226574,9606.ENSP00000306512,NFKB1,CXCL8,0.988,700,functional,9606,2026-08-30T07:51:09.311524+00:00,STRING
shared-core,NFKB1,TP53,9606.ENSP00000226574,9606.ENSP00000269305,NFKB1,TP53,0.989,700,functional,9606,2026-08-30T07:51:09.311524+00:00,STRING
shared-core,NFKB1,JUN,9606.ENSP00000226574,9606.ENSP00000360266,NFKB1,JUN,0.994,700,functional,9606,2026-08-30T07:51:09.311524+00:00,STRING
shared-core,NFKB1,IL1B,9606.ENSP00000226574,9606.ENSP00000263341,NFKB1,IL1B,0.996,700,functional,9606,2026-08-30T07:51:09.311524+00:00,STRING
shared-core,NFKB1,TNF,9606.ENSP00000226574,9606.ENSP00000398698,NFKB1,TNF,0.999,700,functional,9606,2026-08-30T07:51:09.311524+00:00,STRING
shared-core,CCND1,CYP19A1,9606.ENSP00000227507,9606.ENSP00000379683,CCND1,CYP19A1,0.712,700,functional,9606,2026-08-30T07:51:09.311524+00:00,STRING
shared-core,CCND1,ABL1,9606.ENSP00000227507,9606.ENSP00000361423,CCND1,ABL1,0.742,700,functional,9606,2026-08-30T07:51:09.311524+00:00,STRING
shared-core,CCND1,SMAD2,9606.ENSP00000227507,9606.ENSP00000262160,CCND1,SMAD2,0.743,700,functional,9606,2026-08-30T07:51:09.311524+00:00,STRING
shared-core,CCND1,BIRC5,9606.ENSP00000227507,9606.ENSP00000301633,CCND1,BIRC5,0.751,700,functional,9606,2026-08-30T07:51:09.311524+00:00,STRING
shared-core,CCND1,BCL2L11,9606.ENSP00000227507,9606.ENSP00000376943,CCND1,BCL2L11,0.752,700,functional,9606,2026-08-30T07:51:09.311524+00:00,STRING
shared-core,CCND1,NCOA3,9606.ENSP00000227507,9606.ENSP00000361066,CCND1,NCOA3,0.79,700,functional,9606,2026-08-30T07:51:09.311524+00:00,STRING
shared-core,CCND1,SOX2,9606.ENSP00000227507,9606.ENSP00000323588,CCND1,SOX2,0.792,700,functional,9606,2026-08-30T07:51:09.311524+00:00,STRING
shared-core,CCND1,MMP9,9606.ENSP00000227507,9606.ENSP00000361405,CCND1,MMP9,0.799,700,functional,9606,2026-08-30T07:51:09.311524+00:00,STRING
shared-core,CCND1,BCL2L1,9606.ENSP00000227507,9606.ENSP00000365230,CCND1,BCL2L1,0.808,700,functional,9606,2026-08-30T07:51:09.311524+00:00,STRING
shared-core,CCND1,PGR,9606.ENSP00000227507,9606.ENSP00000325120,CCND1,PGR,0.834,700,functional,9606,2026-08-30T07:51:09.311524+00:00,STRING
shared-core,CCND1,MCL1,9606.ENSP00000227507,9606.ENSP00000358022,CCND1,MCL1,0.837,700,functional,9606,2026-08-30T07:51:09.311524+00:00,STRING
shared-core,CCND1,EGFR,9606.ENSP00000227507,9606.ENSP00000275493,CCND1,EGFR,0.841,700,functional,9606,2026-08-30T07:51:09.311524+00:00,STRING
shared-core,CCND1,CASP9,9606.ENSP00000227507,9606.ENSP00000330237,CCND1,CASP9,0.844,700,functional,9606,2026-08-30T07:51:09.311524+00:00,STRING
shared-core,CCND1,CASP3,9606.ENSP00000227507,9606.ENSP00000311032,CCND1,CASP3,0.847,700,functional,9606,2026-08-30T07:51:09.311524+00:00,STRING
shared-core,CCND1,HIF1A,9606.ENSP00000227507,9606.ENSP00000437955,CCND1,HIF1A,0.876,700,functional,9606,2026-08-30T07:51:09.311524+00:00,STRING
shared-core,CCND1,CKS1B,9606.ENSP00000227507,9606.ENSP00000311083,CCND1,CKS1B,0.892,700,functional,9606,2026-08-30T07:51:09.311524+00:00,STRING
shared-core,CCND1,HDAC3,9606.ENSP00000227507,9606.ENSP00000302967,CCND1,HDAC3,0.9,700,functional,9606,2026-08-30T07:51:09.311524+00:00,STRING
shared-core,CCND1,JUN,9606.ENSP00000227507,9606.ENSP00000360266,CCND1,JUN,0.919,700,functional,9606,2026-08-30T07:51:09.311524+00:00,STRING
shared-core,CCND1,BRCA1,9606.ENSP00000227507,9606.ENSP00000418960,CCND1,BRCA1,0.922,700,functional,9606,2026-08-30T07:51:09.311524+00:00,STRING
shared-core,CCND1,AKT1,9606.ENSP00000227507,9606.ENSP00000451828,CCND1,AKT1,0.923,700,functional,9606,2026-08-30T07:51:09.311524+00:00,STRING
shared-core,CCND1,MDM2,9606.ENSP00000227507,9606.ENSP00000258149,CCND1,MDM2,0.926,700,functional,9606,2026-08-30T07:51:09.311524+00:00,STRING
shared-core,CCND1,FOS,9606.ENSP00000227507,9606.ENSP00000306245,CCND1,FOS,0.942,700,functional,9606,2026-08-30T07:51:09.311524+00:00,STRING
shared-core,CCND1,TP53,9606.ENSP00000227507,9606.ENSP00000269305,CCND1,TP53,0.946,700,functional,9606,2026-08-30T07:51:09.311524+00:00,STRING
shared-core,CCND1,CREB1,9606.ENSP00000227507,9606.ENSP00000387699,CCND1,CREB1,0.949,700,functional,9606,2026-08-30T07:51:09.311524+00:00,STRING
shared-core,CCND1,AR,9606.ENSP00000227507,9606.ENSP00000363822,CCND1,AR,0.955,700,functional,9606,2026-08-30T07:51:09.311524+00:00,STRING
shared-core,CCND1,BCL2,9606.ENSP00000227507,9606.ENSP00000381185,CCND1,BCL2,0.958,700,functional,9606,2026-08-30T07:51:09.311524+00:00,STRING
shared-core,CCND1,MYC,9606.ENSP00000227507,9606.ENSP00000478887,CCND1,MYC,0.969,700,functional,9606,2026-08-30T07:51:09.311524+00:00,STRING
shared-core,CCND1,ESR1,9606.ENSP00000227507,9606.ENSP00000405330,CCND1,ESR1,0.997,700,functional,9606,2026-08-30T07:51:09.311524+00:00,STRING
shared-core,CCND1,CDKN1B,9606.ENSP00000227507,9606.ENSP00000228872,CCND1,CDKN1B,0.999,700,functional,9606,2026-08-30T07:51:09.311524+00:00,STRING
shared-core,CCND1,CDKN1A,9606.ENSP00000227507,9606.ENSP00000384849,CCND1,CDKN1A,0.999,700,functional,9606,2026-08-30T07:51:09.311524+00:00,STRING
shared-core,VDR,NCOA3,9606.ENSP00000228606,9606.ENSP00000361066,CYP27B1,NCOA3,0.843,700,functional,9606,2026-08-30T07:51:09.311524+00:00,STRING
shared-core,CDKN1B,BCL2,9606.ENSP00000228872,9606.ENSP00000381185,CDKN1B,BCL2,0.702,700,functional,9606,2026-08-30T07:51:09.311524+00:00,STRING
shared-core,CDKN1B,ATM,9606.ENSP00000228872,9606.ENSP00000278616,CDKN1B,ATM,0.713,700,functional,9606,2026-08-30T07:51:09.311524+00:00,STRING
shared-core,CDKN1B,CASP3,9606.ENSP00000228872,9606.ENSP00000311032,CDKN1B,CASP3,0.721,700,functional,9606,2026-08-30T07:51:09.311524+00:00,STRING
shared-core,CDKN1B,EGFR,9606.ENSP00000228872,9606.ENSP00000275493,CDKN1B,EGFR,0.736,700,functional,9606,2026-08-30T07:51:09.311524+00:00,STRING
shared-core,CDKN1B,ABL1,9606.ENSP00000228872,9606.ENSP00000361423,CDKN1B,ABL1,0.746,700,functional,9606,2026-08-30T07:51:09.311524+00:00,STRING
shared-core,CDKN1B,BCL2L11,9606.ENSP00000228872,9606.ENSP00000376943,CDKN1B,BCL2L11,0.748,700,functional,9606,2026-08-30T07:51:09.311524+00:00,STRING
shared-core,CDKN1B,MEN1,9606.ENSP00000228872,9606.ENSP00000337088,CDKN1B,MEN1,0.804,700,functional,9606,2026-08-30T07:51:09.311524+00:00,STRING
shared-core,CDKN1B,BCL2L1,9606.ENSP00000228872,9606.ENSP00000365230,CDKN1B,BCL2L1,0.836,700,functional,9606,2026-08-30T07:51:09.311524+00:00,STRING
shared-core,CDKN1B,MYC,9606.ENSP00000228872,9606.ENSP00000478887,CDKN1B,MYC,0.855,700,functional,9606,2026-08-30T07:51:09.311524+00:00,STRING
shared-core,CDKN1B,CCNB2,9606.ENSP00000228872,9606.ENSP00000288207,CDKN1B,CCNB2,0.86,700,functional,9606,2026-08-30T07:51:09.311524+00:00,STRING
shared-core,CDKN1B,CDKN1A,9606.ENSP00000228872,9606.ENSP00000384849,CDKN1B,CDKN1A,0.982,700,functional,9606,2026-08-30T07:51:09.311524+00:00,STRING
shared-core,CDKN1B,TP53,9606.ENSP00000228872,9606.ENSP00000269305,CDKN1B,TP53,0.991,700,functional,9606,2026-08-30T07:51:09.311524+00:00,STRING
shared-core,CDKN1B,AKT1,9606.ENSP00000228872,9606.ENSP00000451828,CDKN1B,AKT1,0.996,700,functional,9606,2026-08-30T07:51:09.311524+00:00,STRING
shared-core,CDKN1B,CKS1B,9606.ENSP00000228872,9606.ENSP00000311083,CDKN1B,CKS1B,0.997,700,functional,9606,2026-08-30T07:51:09.311524+00:00,STRING
shared-core,CDKN1B,CCNA2,9606.ENSP00000228872,9606.ENSP00000481380,CDKN1B,CCNA2,0.999,700,functional,9606,2026-08-30T07:51:09.311524+00:00,STRING
shared-core,IFNG,JUN,9606.ENSP00000229135,9606.ENSP00000360266,IFNG,JUN,0.711,700,functional,9606,2026-08-30T07:51:09.311524+00:00,STRING
shared-core,IFNG,CXCR6,9606.ENSP00000229135,9606.ENSP00000395704,IFNG,CXCR6,0.712,700,functional,9606,2026-08-30T07:51:09.311524+00:00,STRING
shared-core,IFNG,MUC1,9606.ENSP00000229135,9606.ENSP00000484824,IFNG,MUC1,0.72,700,functional,9606,2026-08-30T07:51:09.311524+00:00,STRING
shared-core,IFNG,FOS,9606.ENSP00000229135,9606.ENSP00000306245,IFNG,FOS,0.751,700,functional,9606,2026-08-30T07:51:09.311524+00:00,STRING
shared-core,IFNG,MMP9,9606.ENSP00000229135,9606.ENSP00000361405,IFNG,MMP9,0.751,700,functional,9606,2026-08-30T07:51:09.311524+00:00,STRING
shared-core,IFNG,IGF1,9606.ENSP00000229135,9606.ENSP00000376637,IFNG,IGF1,0.754,700,functional,9606,2026-08-30T07:51:09.311524+00:00,STRING
shared-core,IFNG,NOD2,9606.ENSP00000229135,9606.ENSP00000300589,IFNG,NOD2,0.77,700,functional,9606,2026-08-30T07:51:09.311524+00:00,STRING
shared-core,IFNG,RORC,9606.ENSP00000229135,9606.ENSP00000327025,IFNG,RORC,0.782,700,functional,9606,2026-08-30T07:51:09.311524+00:00,STRING
shared-core,IFNG,HMGB1,9606.ENSP00000229135,9606.ENSP00000345347,IFNG,HMGB1,0.792,700,functional,9606,2026-08-30T07:51:09.311524+00:00,STRING
shared-core,IFNG,BCL2,9606.ENSP00000229135,9606.ENSP00000381185,IFNG,BCL2,0.795,700,functional,9606,2026-08-30T07:51:09.311524+00:00,STRING
shared-core,IFNG,AKT1,9606.ENSP00000229135,9606.ENSP00000451828,IFNG,AKT1,0.817,700,functional,9606,2026-08-30T07:51:09.311524+00:00,STRING
shared-core,IFNG,CASP3,9606.ENSP00000229135,9606.ENSP00000311032,IFNG,CASP3,0.825,700,functional,9606,2026-08-30T07:51:09.311524+00:00,STRING
shared-core,IFNG,TP53,9606.ENSP00000229135,9606.ENSP00000269305,IFNG,TP53,0.834,700,functional,9606,2026-08-30T07:51:09.311524+00:00,STRING
shared-core,IFNG,ALB,9606.ENSP00000229135,9606.ENSP00000295897,IFNG,ALB,0.866,700,functional,9606,2026-08-30T07:51:09.311524+00:00,STRING
shared-core,IFNG,EGFR,9606.ENSP00000229135,9606.ENSP00000275493,IFNG,EGFR,0.876,700,functional,9606,2026-08-30T07:51:09.311524+00:00,STRING
shared-core,IFNG,TLR9,9606.ENSP00000229135,9606.ENSP00000353874,IFNG,TLR9,0.891,700,functional,9606,2026-08-30T07:51:09.311524+00:00,STRING
shared-core,IFNG,CASP1,9606.ENSP00000229135,9606.ENSP00000433138,IFNG,CASP1,0.893,700,functional,9606,2026-08-30T07:51:09.311524+00:00,STRING
shared-core,IFNG,CXCL10,9606.ENSP00000229135,9606.ENSP00000305651,IFNG,CXCL10,0.959,700,functional,9606,2026-08-30T07:51:09.311524+00:00,STRING
shared-core,IFNG,CXCL8,9606.ENSP00000229135,9606.ENSP00000306512,IFNG,CXCL8,0.961,700,functional,9606,2026-08-30T07:51:09.311524+00:00,STRING
shared-core,IFNG,IL4,9606.ENSP00000229135,9606.ENSP00000231449,IFNG,IL4,0.99,700,functional,9606,2026-08-30T07:51:09.311524+00:00,STRING
shared-core,IFNG,TNF,9606.ENSP00000229135,9606.ENSP00000398698,IFNG,TNF,0.991,700,functional,9606,2026-08-30T07:51:09.311524+00:00,STRING
shared-core,IFNG,IL1B,9606.ENSP00000229135,9606.ENSP00000263341,IFNG,IL1B,0.998,700,functional,9606,2026-08-30T07:51:09.311524+00:00,STRING
shared-core,IL4,FOS,9606.ENSP00000231449,9606.ENSP00000306245,IL4,FOS,0.7,700,functional,9606,2026-08-30T07:51:09.311524+00:00,STRING
shared-core,IL4,TP53,9606.ENSP00000231449,9606.ENSP00000269305,IL4,TP53,0.718,700,functional,9606,2026-08-30T07:51:09.311524+00:00,STRING
shared-core,IL4,ALB,9606.ENSP00000231449,9606.ENSP00000295897,IL4,ALB,0.725,700,functional,9606,2026-08-30T07:51:09.311524+00:00,STRING
shared-core,IL4,TLR9,9606.ENSP00000231449,9606.ENSP00000353874,IL4,TLR9,0.78,700,functional,9606,2026-08-30T07:51:09.311524+00:00,STRING
shared-core,IL4,EGFR,9606.ENSP00000231449,9606.ENSP00000275493,IL4,EGFR,0.82,700,functional,9606,2026-08-30T07:51:09.311524+00:00,STRING
shared-core,IL4,CXCL10,9606.ENSP00000231449,9606.ENSP00000305651,IL4,CXCL10,0.882,700,functional,9606,2026-08-30T07:51:09.311524+00:00,STRING
shared-core,IL4,TNF,9606.ENSP00000231449,9606.ENSP00000398698,IL4,TNF,0.977,700,functional,9606,2026-08-30T07:51:09.311524+00:00,STRING
shared-core,IL4,CXCL8,9606.ENSP00000231449,9606.ENSP00000306512,IL4,CXCL8,0.997,700,functional,9606,2026-08-30T07:51:09.311524+00:00,STRING
shared-core,IL4,IL1B,9606.ENSP00000231449,9606.ENSP00000263341,IL4,IL1B,0.998,700,functional,9606,2026-08-30T07:51:09.311524+00:00,STRING
shared-core,NR3C1,EPAS1,9606.ENSP00000231509,9606.ENSP00000263734,NR3C1,EPAS1,0.718,700,functional,9606,2026-08-30T07:51:09.311524+00:00,STRING
shared-core,NR3C1,PGR,9606.ENSP00000231509,9606.ENSP00000325120,NR3C1,PGR,0.733,700,functional,9606,2026-08-30T07:51:09.311524+00:00,STRING
shared-core,NR3C1,TNF,9606.ENSP00000231509,9606.ENSP00000398698,NR3C1,TNF,0.745,700,functional,9606,2026-08-30T07:51:09.311524+00:00,STRING
shared-core,NR3C1,BCL2,9606.ENSP00000231509,9606.ENSP00000381185,NR3C1,BCL2,0.767,700,functional,9606,2026-08-30T07:51:09.311524+00:00,STRING
shared-core,NR3C1,SMAD2,9606.ENSP00000231509,9606.ENSP00000262160,NR3C1,SMAD2,0.789,700,functional,9606,2026-08-30T07:51:09.311524+00:00,STRING
shared-core,NR3C1,AKT1,9606.ENSP00000231509,9606.ENSP00000451828,NR3C1,AKT1,0.791,700,functional,9606,2026-08-30T07:51:09.311524+00:00,STRING
shared-core,NR3C1,AR,9606.ENSP00000231509,9606.ENSP00000363822,NR3C1,AR,0.795,700,functional,9606,2026-08-30T07:51:09.311524+00:00,STRING
shared-core,NR3C1,HDAC6,9606.ENSP00000231509,9606.ENSP00000365804,NR3C1,HDAC6,0.824,700,functional,9606,2026-08-30T07:51:09.311524+00:00,STRING
shared-core,NR3C1,HIF1A,9606.ENSP00000231509,9606.ENSP00000437955,NR3C1,HIF1A,0.852,700,functional,9606,2026-08-30T07:51:09.311524+00:00,STRING
shared-core,NR3C1,EGFR,9606.ENSP00000231509,9606.ENSP00000275493,NR3C1,EGFR,0.87,700,functional,9606,2026-08-30T07:51:09.311524+00:00,STRING
shared-core,NR3C1,ESR1,9606.ENSP00000231509,9606.ENSP00000405330,NR3C1,ESR1,0.896,700,functional,9606,2026-08-30T07:51:09.311524+00:00,STRING
shared-core,NR3C1,NCOA3,9606.ENSP00000231509,9606.ENSP00000361066,NR3C1,NCOA3,0.903,700,functional,9606,2026-08-30T07:51:09.311524+00:00,STRING
shared-core,NR3C1,CREB1,9606.ENSP00000231509,9606.ENSP00000387699,NR3C1,CREB1,0.924,700,functional,9606,2026-08-30T07:51:09.311524+00:00,STRING
shared-core,NR3C1,TP53,9606.ENSP00000231509,9606.ENSP00000269305,NR3C1,TP53,0.936,700,functional,9606,2026-08-30T07:51:09.311524+00:00,STRING
shared-core,NR3C1,FOS,9606.ENSP00000231509,9606.ENSP00000306245,NR3C1,FOS,0.961,700,functional,9606,2026-08-30T07:51:09.311524+00:00,STRING
shared-core,NR3C1,JUN,9606.ENSP00000231509,9606.ENSP00000360266,NR3C1,JUN,0.961,700,functional,9606,2026-08-30T07:51:09.311524+00:00,STRING
shared-core,NR3C1,FKBP5,9606.ENSP00000231509,9606.ENSP00000444810,NR3C1,FKBP5,0.999,700,functional,9606,2026-08-30T07:51:09.311524+00:00,STRING
shared-core,PRTN3,MMP9,9606.ENSP00000234347,9606.ENSP00000361405,PRTN3,MMP9,0.71,700,functional,9606,2026-08-30T07:51:09.311524+00:00,STRING
shared-core,PRTN3,ELN,9606.ENSP00000234347,9606.ENSP00000351807,PRTN3,ELN,0.737,700,functional,9606,2026-08-30T07:51:09.311524+00:00,STRING
shared-core,PRTN3,SERPINA1,9606.ENSP00000234347,9606.ENSP00000416066,PRTN3,SERPINA1,0.838,700,functional,9606,2026-08-30T07:51:09.311524+00:00,STRING
shared-core,TTR,SNCA,9606.ENSP00000237014,9606.ENSP00000500990,TTR,SNCA,0.753,700,functional,9606,2026-08-30T07:51:09.311524+00:00,STRING
shared-core,TTR,AHSG,9606.ENSP00000237014,9606.ENSP00000273784,TTR,AHSG,0.858,700,functional,9606,2026-08-30T07:51:09.311524+00:00,STRING
shared-core,TTR,FOXA2,9606.ENSP00000237014,9606.ENSP00000400341,TTR,FOXA2,0.861,700,functional,9606,2026-08-30T07:51:09.311524+00:00,STRING
shared-core,TTR,CLU,9606.ENSP00000237014,9606.ENSP00000315130,TTR,CLU,0.885,700,functional,9606,2026-08-30T07:51:09.311524+00:00,STRING
shared-core,TTR,SERPINA1,9606.ENSP00000237014,9606.ENSP00000416066,TTR,SERPINA1,0.961,700,functional,9606,2026-08-30T07:51:09.311524+00:00,STRING
shared-core,TTR,APP,9606.ENSP00000237014,9606.ENSP00000284981,TTR,APP,0.982,700,functional,9606,2026-08-30T07:51:09.311524+00:00,STRING
shared-core,TTR,ALB,9606.ENSP00000237014,9606.ENSP00000295897,TTR,ALB,0.994,700,functional,9606,2026-08-30T07:51:09.311524+00:00,STRING
shared-core,AHR,ESR1,9606.ENSP00000242057,9606.ENSP00000405330,AHR,ESR1,0.906,700,functional,9606,2026-08-30T07:51:09.311524+00:00,STRING
shared-core,AHR,CYP1A1,9606.ENSP00000242057,9606.ENSP00000378488,AHR,CYP1A1,0.973,700,functional,9606,2026-08-30T07:51:09.311524+00:00,STRING
shared-core,PIN1,MAPT,9606.ENSP00000247970,9606.ENSP00000340820,PIN1,MAPT,0.716,700,functional,9606,2026-08-30T07:51:09.311524+00:00,STRING
shared-core,PIN1,MYC,9606.ENSP00000247970,9606.ENSP00000478887,PIN1,MYC,0.881,700,functional,9606,2026-08-30T07:51:09.311524+00:00,STRING
shared-core,PIN1,TP53,9606.ENSP00000247970,9606.ENSP00000269305,PIN1,TP53,0.946,700,functional,9606,2026-08-30T07:51:09.311524+00:00,STRING
shared-core,GFER,CYCS,9606.ENSP00000248114,9606.ENSP00000307786,GFER,CYCS,0.781,700,functional,9606,2026-08-30T07:51:09.311524+00:00,STRING
shared-core,GGT1,GSTM1,9606.ENSP00000248923,9606.ENSP00000311469,GGT1,GSTM1,0.754,700,functional,9606,2026-08-30T07:51:09.311524+00:00,STRING
shared-core,GGT1,GSTP1,9606.ENSP00000248923,9606.ENSP00000381607,GGT1,GSTP1,0.781,700,functional,9606,2026-08-30T07:51:09.311524+00:00,STRING
shared-core,GGT1,GPX3,9606.ENSP00000248923,9606.ENSP00000373477,GGT1,GPX3,0.82,700,functional,9606,2026-08-30T07:51:09.311524+00:00,STRING
shared-core,GGT1,PRDX6,9606.ENSP00000248923,9606.ENSP00000342026,GGT1,PRDX6,0.909,700,functional,9606,2026-08-30T07:51:09.311524+00:00,STRING
shared-core,GGT1,GPX4,9606.ENSP00000248923,9606.ENSP00000346103,GGT1,GPX4,0.924,700,functional,9606,2026-08-30T07:51:09.311524+00:00,STRING
shared-core,TSG101,TP53,9606.ENSP00000251968,9606.ENSP00000269305,TSG101,TP53,0.701,700,functional,9606,2026-08-30T07:51:09.311524+00:00,STRING
shared-core,TSG101,EGFR,9606.ENSP00000251968,9606.ENSP00000275493,TSG101,EGFR,0.756,700,functional,9606,2026-08-30T07:51:09.311524+00:00,STRING
shared-core,GDF15,TP53,9606.ENSP00000252809,9606.ENSP00000269305,GDF15,TP53,0.762,700,functional,9606,2026-08-30T07:51:09.311524+00:00,STRING
shared-core,CHI3L1,IL1B,9606.ENSP00000255409,9606.ENSP00000263341,CHI3L1,IL1B,0.713,700,functional,9606,2026-08-30T07:51:09.311524+00:00,STRING
shared-core,MBD2,DNMT1,9606.ENSP00000256429,9606.ENSP00000352516,MBD2,DNMT1,0.983,700,functional,9606,2026-08-30T07:51:09.311524+00:00,STRING
shared-core,MDM2,HDAC6,9606.ENSP00000258149,9606.ENSP00000365804,MDM2,HDAC6,0.701,700,functional,9606,2026-08-30T07:51:09.311524+00:00,STRING
shared-core,MDM2,FOS,9606.ENSP00000258149,9606.ENSP00000306245,MDM2,FOS,0.722,700,functional,9606,2026-08-30T07:51:09.311524+00:00,STRING
shared-core,MDM2,PKM,9606.ENSP00000258149,9606.ENSP00000320171,MDM2,PKM,0.722,700,functional,9606,2026-08-30T07:51:09.311524+00:00,STRING
shared-core,MDM2,MCL1,9606.ENSP00000258149,9606.ENSP00000358022,MDM2,MCL1,0.75,700,functional,9606,2026-08-30T07:51:09.311524+00:00,STRING
shared-core,MDM2,BRCA1,9606.ENSP00000258149,9606.ENSP00000418960,MDM2,BRCA1,0.794,700,functional,9606,2026-08-30T07:51:09.311524+00:00,STRING
shared-core,MDM2,BCL2L1,9606.ENSP00000258149,9606.ENSP00000365230,MDM2,BCL2L1,0.794,700,functional,9606,2026-08-30T07:51:09.311524+00:00,STRING
shared-core,MDM2,GRK2,9606.ENSP00000258149,9606.ENSP00000312262,MDM2,GRK2,0.802,700,functional,9606,2026-08-30T07:51:09.311524+00:00,STRING
shared-core,MDM2,JUN,9606.ENSP00000258149,9606.ENSP00000360266,MDM2,JUN,0.803,700,functional,9606,2026-08-30T07:51:09.311524+00:00,STRING
shared-core,MDM2,MYC,9606.ENSP00000258149,9606.ENSP00000478887,MDM2,MYC,0.813,700,functional,9606,2026-08-30T07:51:09.311524+00:00,STRING
shared-core,MDM2,CCNA2,9606.ENSP00000258149,9606.ENSP00000481380,MDM2,CCNA2,0.837,700,functional,9606,2026-08-30T07:51:09.311524+00:00,STRING
shared-core,MDM2,CASP9,9606.ENSP00000258149,9606.ENSP00000330237,MDM2,CASP9,0.869,700,functional,9606,2026-08-30T07:51:09.311524+00:00,STRING
shared-core,MDM2,ABL1,9606.ENSP00000258149,9606.ENSP00000361423,MDM2,ABL1,0.896,700,functional,9606,2026-08-30T07:51:09.311524+00:00,STRING
shared-core,MDM2,EGFR,9606.ENSP00000258149,9606.ENSP00000275493,MDM2,EGFR,0.897,700,functional,9606,2026-08-30T07:51:09.311524+00:00,STRING
shared-core,MDM2,ESR1,9606.ENSP00000258149,9606.ENSP00000405330,MDM2,ESR1,0.946,700,functional,9606,2026-08-30T07:51:09.311524+00:00,STRING
shared-core,MDM2,BCL2,9606.ENSP00000258149,9606.ENSP00000381185,MDM2,BCL2,0.953,700,functional,9606,2026-08-30T07:51:09.311524+00:00,STRING
shared-core,MDM2,CASP3,9606.ENSP00000258149,9606.ENSP00000311032,MDM2,CASP3,0.966,700,functional,9606,2026-08-30T07:51:09.311524+00:00,STRING
shared-core,MDM2,CDKN1A,9606.ENSP00000258149,9606.ENSP00000384849,MDM2,CDKN1A,0.98,700,functional,9606,2026-08-30T07:51:09.311524+00:00,STRING
shared-core,MDM2,HIF1A,9606.ENSP00000258149,9606.ENSP00000437955,MDM2,HIF1A,0.988,700,functional,9606,2026-08-30T07:51:09.311524+00:00,STRING
shared-core,MDM2,ATM,9606.ENSP00000258149,9606.ENSP00000278616,MDM2,ATM,0.995,700,functional,9606,2026-08-30T07:51:09.311524+00:00,STRING
shared-core,MDM2,AR,9606.ENSP00000258149,9606.ENSP00000363822,MDM2,AR,0.998,700,functional,9606,2026-08-30T07:51:09.311524+00:00,STRING
shared-core,MDM2,AKT1,9606.ENSP00000258149,9606.ENSP00000451828,MDM2,AKT1,0.999,700,functional,9606,2026-08-30T07:51:09.311524+00:00,STRING
shared-core,MDM2,MDM4,9606.ENSP00000258149,9606.ENSP00000356150,MDM2,MDM4,0.999,700,functional,9606,2026-08-30T07:51:09.311524+00:00,STRING
shared-core,MDM2,TP53,9606.ENSP00000258149,9606.ENSP00000269305,MDM2,TP53,0.999,700,functional,9606,2026-08-30T07:51:09.311524+00:00,STRING
shared-core,ARG2,NOS3,9606.ENSP00000261783,9606.ENSP00000297494,ARG2,NOS3,0.966,700,functional,9606,2026-08-30T07:51:09.311524+00:00,STRING
shared-core,SMAD2,PPARG,9606.ENSP00000262160,9606.ENSP00000287820,SMAD2,PPARG,0.707,700,functional,9606,2026-08-30T07:51:09.311524+00:00,STRING
shared-core,SMAD2,NCOA3,9606.ENSP00000262160,9606.ENSP00000361066,SMAD2,NCOA3,0.709,700,functional,9606,2026-08-30T07:51:09.311524+00:00,STRING
shared-core,SMAD2,IGF1,9606.ENSP00000262160,9606.ENSP00000376637,SMAD2,IGF1,0.716,700,functional,9606,2026-08-30T07:51:09.311524+00:00,STRING
shared-core,SMAD2,EGFR,9606.ENSP00000262160,9606.ENSP00000275493,SMAD2,EGFR,0.736,700,functional,9606,2026-08-30T07:51:09.311524+00:00,STRING
shared-core,SMAD2,SOX2,9606.ENSP00000262160,9606.ENSP00000323588,SMAD2,SOX2,0.756,700,functional,9606,2026-08-30T07:51:09.311524+00:00,STRING
shared-core,SMAD2,MEN1,9606.ENSP00000262160,9606.ENSP00000337088,SMAD2,MEN1,0.768,700,functional,9606,2026-08-30T07:51:09.311524+00:00,STRING
shared-core,SMAD2,EPAS1,9606.ENSP00000262160,9606.ENSP00000263734,SMAD2,EPAS1,0.787,700,functional,9606,2026-08-30T07:51:09.311524+00:00,STRING
shared-core,SMAD2,ESR1,9606.ENSP00000262160,9606.ENSP00000405330,SMAD2,ESR1,0.83,700,functional,9606,2026-08-30T07:51:09.311524+00:00,STRING
shared-core,SMAD2,AKT1,9606.ENSP00000262160,9606.ENSP00000451828,SMAD2,AKT1,0.918,700,functional,9606,2026-08-30T07:51:09.311524+00:00,STRING
shared-core,SMAD2,JUN,9606.ENSP00000262160,9606.ENSP00000360266,SMAD2,JUN,0.925,700,functional,9606,2026-08-30T07:51:09.311524+00:00,STRING
shared-core,SMAD2,MYC,9606.ENSP00000262160,9606.ENSP00000478887,SMAD2,MYC,0.982,700,functional,9606,2026-08-30T07:51:09.311524+00:00,STRING
shared-core,SMAD2,TP53,9606.ENSP00000262160,9606.ENSP00000269305,SMAD2,TP53,0.993,700,functional,9606,2026-08-30T07:51:09.311524+00:00,STRING
shared-core,SYP,EGFR,9606.ENSP00000263233,9606.ENSP00000275493,SYP,EGFR,0.709,700,functional,9606,2026-08-30T07:51:09.311524+00:00,STRING
shared-core,SYP,MAPT,9606.ENSP00000263233,9606.ENSP00000340820,SYP,MAPT,0.855,700,functional,9606,2026-08-30T07:51:09.311524+00:00,STRING
shared-core,SYP,APP,9606.ENSP00000263233,9606.ENSP00000284981,SYP,APP,0.918,700,functional,9606,2026-08-30T07:51:09.311524+00:00,STRING
shared-core,IL1B,FGF7,9606.ENSP00000263341,9606.ENSP00000267843,IL1B,FGF7,0.708,700,functional,9606,2026-08-30T07:51:09.311524+00:00,STRING
shared-core,IL1B,PPARA,9606.ENSP00000263341,9606.ENSP00000385523,IL1B,PPARA,0.711,700,functional,9606,2026-08-30T07:51:09.311524+00:00,STRING
shared-core,IL1B,RORC,9606.ENSP00000263341,9606.ENSP00000327025,IL1B,RORC,0.713,700,functional,9606,2026-08-30T07:51:09.311524+00:00,STRING
shared-core,IL1B,TP53,9606.ENSP00000263341,9606.ENSP00000269305,IL1B,TP53,0.718,700,functional,9606,2026-08-30T07:51:09.311524+00:00,STRING
shared-core,IL1B,NGF,9606.ENSP00000263341,9606.ENSP00000358525,IL1B,NGF,0.728,700,functional,9606,2026-08-30T07:51:09.311524+00:00,STRING
shared-core,IL1B,HSPA5,9606.ENSP00000263341,9606.ENSP00000324173,IL1B,HSPA5,0.731,700,functional,9606,2026-08-30T07:51:09.311524+00:00,STRING
shared-core,IL1B,GPX3,9606.ENSP00000263341,9606.ENSP00000373477,IL1B,GPX3,0.742,700,functional,9606,2026-08-30T07:51:09.311524+00:00,STRING
shared-core,IL1B,NFE2L2,9606.ENSP00000263341,9606.ENSP00000380252,IL1B,NFE2L2,0.749,700,functional,9606,2026-08-30T07:51:09.311524+00:00,STRING
shared-core,IL1B,BCL2L1,9606.ENSP00000263341,9606.ENSP00000365230,IL1B,BCL2L1,0.764,700,functional,9606,2026-08-30T07:51:09.311524+00:00,STRING
shared-core,IL1B,HIF1A,9606.ENSP00000263341,9606.ENSP00000437955,IL1B,HIF1A,0.771,700,functional,9606,2026-08-30T07:51:09.311524+00:00,STRING
shared-core,IL1B,MYC,9606.ENSP00000263341,9606.ENSP00000478887,IL1B,MYC,0.778,700,functional,9606,2026-08-30T07:51:09.311524+00:00,STRING
shared-core,IL1B,EDN1,9606.ENSP00000263341,9606.ENSP00000368683,IL1B,EDN1,0.803,700,functional,9606,2026-08-30T07:51:09.311524+00:00,STRING
shared-core,IL1B,BCL2,9606.ENSP00000263341,9606.ENSP00000381185,IL1B,BCL2,0.808,700,functional,9606,2026-08-30T07:51:09.311524+00:00,STRING
shared-core,IL1B,ESR1,9606.ENSP00000263341,9606.ENSP00000405330,IL1B,ESR1,0.82,700,functional,9606,2026-08-30T07:51:09.311524+00:00,STRING
shared-core,IL1B,CASP9,9606.ENSP00000263341,9606.ENSP00000330237,IL1B,CASP9,0.826,700,functional,9606,2026-08-30T07:51:09.311524+00:00,STRING
shared-core,IL1B,APP,9606.ENSP00000263341,9606.ENSP00000284981,IL1B,APP,0.828,700,functional,9606,2026-08-30T07:51:09.311524+00:00,STRING
shared-core,IL1B,ALB,9606.ENSP00000263341,9606.ENSP00000295897,IL1B,ALB,0.836,700,functional,9606,2026-08-30T07:51:09.311524+00:00,STRING
shared-core,IL1B,IGF1,9606.ENSP00000263341,9606.ENSP00000376637,IL1B,IGF1,0.847,700,functional,9606,2026-08-30T07:51:09.311524+00:00,STRING
shared-core,IL1B,PPARG,9606.ENSP00000263341,9606.ENSP00000287820,IL1B,PPARG,0.858,700,functional,9606,2026-08-30T07:51:09.311524+00:00,STRING
shared-core,IL1B,AKT1,9606.ENSP00000263341,9606.ENSP00000451828,IL1B,AKT1,0.864,700,functional,9606,2026-08-30T07:51:09.311524+00:00,STRING
shared-core,IL1B,NOD2,9606.ENSP00000263341,9606.ENSP00000300589,IL1B,NOD2,0.866,700,functional,9606,2026-08-30T07:51:09.311524+00:00,STRING
shared-core,IL1B,EGFR,9606.ENSP00000263341,9606.ENSP00000275493,IL1B,EGFR,0.873,700,functional,9606,2026-08-30T07:51:09.311524+00:00,STRING
shared-core,IL1B,FOS,9606.ENSP00000263341,9606.ENSP00000306245,IL1B,FOS,0.894,700,functional,9606,2026-08-30T07:51:09.311524+00:00,STRING
shared-core,IL1B,CASP3,9606.ENSP00000263341,9606.ENSP00000311032,IL1B,CASP3,0.899,700,functional,9606,2026-08-30T07:51:09.311524+00:00,STRING
shared-core,IL1B,MMP9,9606.ENSP00000263341,9606.ENSP00000361405,IL1B,MMP9,0.949,700,functional,9606,2026-08-30T07:51:09.311524+00:00,STRING
shared-core,IL1B,CXCL10,9606.ENSP00000263341,9606.ENSP00000305651,IL1B,CXCL10,0.962,700,functional,9606,2026-08-30T07:51:09.311524+00:00,STRING
shared-core,IL1B,HMGB1,9606.ENSP00000263341,9606.ENSP00000345347,IL1B,HMGB1,0.97,700,functional,9606,2026-08-30T07:51:09.311524+00:00,STRING
shared-core,IL1B,TLR9,9606.ENSP00000263341,9606.ENSP00000353874,IL1B,TLR9,0.975,700,functional,9606,2026-08-30T07:51:09.311524+00:00,STRING
shared-core,IL1B,JUN,9606.ENSP00000263341,9606.ENSP00000360266,IL1B,JUN,0.987,700,functional,9606,2026-08-30T07:51:09.311524+00:00,STRING
shared-core,IL1B,CXCL8,9606.ENSP00000263341,9606.ENSP00000306512,IL1B,CXCL8,0.994,700,functional,9606,2026-08-30T07:51:09.311524+00:00,STRING
shared-core,IL1B,NLRP3,9606.ENSP00000263341,9606.ENSP00000337383,IL1B,NLRP3,0.997,700,functional,9606,2026-08-30T07:51:09.311524+00:00,STRING
shared-core,IL1B,TNF,9606.ENSP00000263341,9606.ENSP00000398698,IL1B,TNF,0.998,700,functional,9606,2026-08-30T07:51:09.311524+00:00,STRING
shared-core,IL1B,CASP1,9606.ENSP00000263341,9606.ENSP00000433138,IL1B,CASP1,0.999,700,functional,9606,2026-08-30T07:51:09.311524+00:00,STRING
shared-core,EPAS1,JUN,9606.ENSP00000263734,9606.ENSP00000360266,EPAS1,JUN,0.716,700,functional,9606,2026-08-30T07:51:09.311524+00:00,STRING
shared-core,EPAS1,ESR1,9606.ENSP00000263734,9606.ENSP00000405330,EPAS1,ESR1,0.724,700,functional,9606,2026-08-30T07:51:09.311524+00:00,STRING
shared-core,EPAS1,TP53,9606.ENSP00000263734,9606.ENSP00000269305,EPAS1,TP53,0.736,700,functional,9606,2026-08-30T07:51:09.311524+00:00,STRING
shared-core,EPAS1,EGFR,9606.ENSP00000263734,9606.ENSP00000275493,EPAS1,EGFR,0.821,700,functional,9606,2026-08-30T07:51:09.311524+00:00,STRING
shared-core,EPAS1,SOX2,9606.ENSP00000263734,9606.ENSP00000323588,EPAS1,SOX2,0.874,700,functional,9606,2026-08-30T07:51:09.311524+00:00,STRING
shared-core,EPAS1,MYC,9606.ENSP00000263734,9606.ENSP00000478887,EPAS1,MYC,0.932,700,functional,9606,2026-08-30T07:51:09.311524+00:00,STRING
shared-core,EPAS1,HIF1A,9606.ENSP00000263734,9606.ENSP00000437955,EPAS1,HIF1A,0.998,700,functional,9606,2026-08-30T07:51:09.311524+00:00,STRING
shared-core,TIMP3,MMP14,9606.ENSP00000266085,9606.ENSP00000308208,TIMP3,MMP14,0.93,700,functional,9606,2026-08-30T07:51:09.311524+00:00,STRING
shared-core,TIMP3,MMP9,9606.ENSP00000266085,9606.ENSP00000361405,TIMP3,MMP9,0.995,700,functional,9606,2026-08-30T07:51:09.311524+00:00,STRING
shared-core,TIMP3,ADAM17,9606.ENSP00000266085,9606.ENSP00000309968,TIMP3,ADAM17,0.996,700,functional,9606,2026-08-30T07:51:09.311524+00:00,STRING
shared-core,ASCL1,FOXA2,9606.ENSP00000266744,9606.ENSP00000400341,ASCL1,FOXA2,0.738,700,functional,9606,2026-08-30T07:51:09.311524+00:00,STRING
shared-core,ASCL1,SOX2,9606.ENSP00000266744,9606.ENSP00000323588,ASCL1,SOX2,0.748,700,functional,9606,2026-08-30T07:51:09.311524+00:00,STRING
shared-core,ASCL1,CREB1,9606.ENSP00000266744,9606.ENSP00000387699,ASCL1,CREB1,0.906,700,functional,9606,2026-08-30T07:51:09.311524+00:00,STRING
shared-core,FGF7,ELN,9606.ENSP00000267843,9606.ENSP00000351807,FGF7,ELN,0.703,700,functional,9606,2026-08-30T07:51:09.311524+00:00,STRING
shared-core,FGF7,NGF,9606.ENSP00000267843,9606.ENSP00000358525,FGF7,NGF,0.706,700,functional,9606,2026-08-30T07:51:09.311524+00:00,STRING
shared-core,FGF7,ALB,9606.ENSP00000267843,9606.ENSP00000295897,FGF7,ALB,0.763,700,functional,9606,2026-08-30T07:51:09.311524+00:00,STRING
shared-core,FGF7,IGF1,9606.ENSP00000267843,9606.ENSP00000376637,FGF7,IGF1,0.827,700,functional,9606,2026-08-30T07:51:09.311524+00:00,STRING
shared-core,FGF7,CXCL8,9606.ENSP00000267843,9606.ENSP00000306512,FGF7,CXCL8,0.881,700,functional,9606,2026-08-30T07:51:09.311524+00:00,STRING
shared-core,FGF7,EGFR,9606.ENSP00000267843,9606.ENSP00000275493,FGF7,EGFR,0.927,700,functional,9606,2026-08-30T07:51:09.311524+00:00,STRING
shared-core,TP53,THRB,9606.ENSP00000269305,9606.ENSP00000379904,TP53,THRB,0.705,700,functional,9606,2026-08-30T07:51:09.311524+00:00,STRING
shared-core,TP53,VCP,9606.ENSP00000269305,9606.ENSP00000351777,TP53,VCP,0.709,700,functional,9606,2026-08-30T07:51:09.311524+00:00,STRING
shared-core,TP53,SLC7A11,9606.ENSP00000269305,9606.ENSP00000280612,TP53,SLC7A11,0.71,700,functional,9606,2026-08-30T07:51:09.311524+00:00,STRING
shared-core,TP53,APP,9606.ENSP00000269305,9606.ENSP00000284981,TP53,APP,0.714,700,functional,9606,2026-08-30T07:51:09.311524+00:00,STRING
shared-core,TP53,IGF1,9606.ENSP00000269305,9606.ENSP00000376637,TP53,IGF1,0.72,700,functional,9606,2026-08-30T07:51:09.311524+00:00,STRING
shared-core,TP53,MEN1,9606.ENSP00000269305,9606.ENSP00000337088,TP53,MEN1,0.72,700,functional,9606,2026-08-30T07:51:09.311524+00:00,STRING
shared-core,TP53,ALB,9606.ENSP00000269305,9606.ENSP00000295897,TP53,ALB,0.722,700,functional,9606,2026-08-30T07:51:09.311524+00:00,STRING
shared-core,TP53,GPX4,9606.ENSP00000269305,9606.ENSP00000346103,TP53,GPX4,0.73,700,functional,9606,2026-08-30T07:51:09.311524+00:00,STRING
shared-core,TP53,CASP7,9606.ENSP00000269305,9606.ENSP00000358327,TP53,CASP7,0.74,700,functional,9606,2026-08-30T07:51:09.311524+00:00,STRING
shared-core,TP53,HDAC3,9606.ENSP00000269305,9606.ENSP00000302967,TP53,HDAC3,0.741,700,functional,9606,2026-08-30T07:51:09.311524+00:00,STRING
shared-core,TP53,KMT2A,9606.ENSP00000269305,9606.ENSP00000436786,TP53,KMT2A,0.757,700,functional,9606,2026-08-30T07:51:09.311524+00:00,STRING
shared-core,TP53,NFE2L2,9606.ENSP00000269305,9606.ENSP00000380252,TP53,NFE2L2,0.78,700,functional,9606,2026-08-30T07:51:09.311524+00:00,STRING
shared-core,TP53,ESR2,9606.ENSP00000269305,9606.ENSP00000343925,TP53,ESR2,0.783,700,functional,9606,2026-08-30T07:51:09.311524+00:00,STRING
shared-core,TP53,CXCL8,9606.ENSP00000269305,9606.ENSP00000306512,TP53,CXCL8,0.804,700,functional,9606,2026-08-30T07:51:09.311524+00:00,STRING
shared-core,TP53,KEAP1,9606.ENSP00000269305,9606.ENSP00000377245,TP53,KEAP1,0.81,700,functional,9606,2026-08-30T07:51:09.311524+00:00,STRING
shared-core,TP53,GNAS,9606.ENSP00000269305,9606.ENSP00000360141,TP53,GNAS,0.81,700,functional,9606,2026-08-30T07:51:09.311524+00:00,STRING
shared-core,TP53,HSPA5,9606.ENSP00000269305,9606.ENSP00000324173,TP53,HSPA5,0.824,700,functional,9606,2026-08-30T07:51:09.311524+00:00,STRING
shared-core,TP53,PKM,9606.ENSP00000269305,9606.ENSP00000320171,TP53,PKM,0.825,700,functional,9606,2026-08-30T07:51:09.311524+00:00,STRING
shared-core,TP53,MMP9,9606.ENSP00000269305,9606.ENSP00000361405,TP53,MMP9,0.838,700,functional,9606,2026-08-30T07:51:09.311524+00:00,STRING
shared-core,TP53,S100A6,9606.ENSP00000269305,9606.ENSP00000357709,TP53,S100A6,0.842,700,functional,9606,2026-08-30T07:51:09.311524+00:00,STRING
shared-core,TP53,IDH1,9606.ENSP00000269305,9606.ENSP00000390265,TP53,IDH1,0.845,700,functional,9606,2026-08-30T07:51:09.311524+00:00,STRING
shared-core,TP53,PGR,9606.ENSP00000269305,9606.ENSP00000325120,TP53,PGR,0.849,700,functional,9606,2026-08-30T07:51:09.311524+00:00,STRING
shared-core,TP53,TNF,9606.ENSP00000269305,9606.ENSP00000398698,TP53,TNF,0.865,700,functional,9606,2026-08-30T07:51:09.311524+00:00,STRING
shared-core,TP53,BCL2L11,9606.ENSP00000269305,9606.ENSP00000376943,TP53,BCL2L11,0.867,700,functional,9606,2026-08-30T07:51:09.311524+00:00,STRING
shared-core,TP53,CASP1,9606.ENSP00000269305,9606.ENSP00000433138,TP53,CASP1,0.876,700,functional,9606,2026-08-30T07:51:09.311524+00:00,STRING
shared-core,TP53,SOX2,9606.ENSP00000269305,9606.ENSP00000323588,TP53,SOX2,0.883,700,functional,9606,2026-08-30T07:51:09.311524+00:00,STRING
shared-core,TP53,IGFBP3,9606.ENSP00000269305,9606.ENSP00000370473,TP53,IGFBP3,0.901,700,functional,9606,2026-08-30T07:51:09.311524+00:00,STRING
shared-core,TP53,AR,9606.ENSP00000269305,9606.ENSP00000363822,TP53,AR,0.905,700,functional,9606,2026-08-30T07:51:09.311524+00:00,STRING
shared-core,TP53,TNFRSF10B,9606.ENSP00000269305,9606.ENSP00000276431,TP53,TNFRSF10B,0.908,700,functional,9606,2026-08-30T07:51:09.311524+00:00,STRING
shared-core,TP53,ABL1,9606.ENSP00000269305,9606.ENSP00000361423,TP53,ABL1,0.909,700,functional,9606,2026-08-30T07:51:09.311524+00:00,STRING
shared-core,TP53,CYCS,9606.ENSP00000269305,9606.ENSP00000307786,TP53,CYCS,0.911,700,functional,9606,2026-08-30T07:51:09.311524+00:00,STRING
shared-core,TP53,MCL1,9606.ENSP00000269305,9606.ENSP00000358022,TP53,MCL1,0.918,700,functional,9606,2026-08-30T07:51:09.311524+00:00,STRING
shared-core,TP53,BIRC5,9606.ENSP00000269305,9606.ENSP00000301633,TP53,BIRC5,0.93,700,functional,9606,2026-08-30T07:51:09.311524+00:00,STRING
shared-core,TP53,EGFR,9606.ENSP00000269305,9606.ENSP00000275493,TP53,EGFR,0.943,700,functional,9606,2026-08-30T07:51:09.311524+00:00,STRING
shared-core,TP53,NQO1,9606.ENSP00000269305,9606.ENSP00000319788,TP53,NQO1,0.946,700,functional,9606,2026-08-30T07:51:09.311524+00:00,STRING
shared-core,TP53,PPARG,9606.ENSP00000269305,9606.ENSP00000287820,TP53,PPARG,0.949,700,functional,9606,2026-08-30T07:51:09.311524+00:00,STRING
shared-core,TP53,FOS,9606.ENSP00000269305,9606.ENSP00000306245,TP53,FOS,0.952,700,functional,9606,2026-08-30T07:51:09.311524+00:00,STRING
shared-core,TP53,CASP9,9606.ENSP00000269305,9606.ENSP00000330237,TP53,CASP9,0.953,700,functional,9606,2026-08-30T07:51:09.311524+00:00,STRING
shared-core,TP53,CASP3,9606.ENSP00000269305,9606.ENSP00000311032,TP53,CASP3,0.956,700,functional,9606,2026-08-30T07:51:09.311524+00:00,STRING
shared-core,TP53,WRN,9606.ENSP00000269305,9606.ENSP00000298139,TP53,WRN,0.963,700,functional,9606,2026-08-30T07:51:09.311524+00:00,STRING
shared-core,TP53,MUC1,9606.ENSP00000269305,9606.ENSP00000484824,TP53,MUC1,0.966,700,functional,9606,2026-08-30T07:51:09.311524+00:00,STRING
shared-core,TP53,ESR1,9606.ENSP00000269305,9606.ENSP00000405330,TP53,ESR1,0.992,700,functional,9606,2026-08-30T07:51:09.311524+00:00,STRING
shared-core,TP53,BAX,9606.ENSP00000269305,9606.ENSP00000293288,TP53,BAX,0.994,700,functional,9606,2026-08-30T07:51:09.311524+00:00,STRING
shared-core,TP53,AKT1,9606.ENSP00000269305,9606.ENSP00000451828,TP53,AKT1,0.994,700,functional,9606,2026-08-30T07:51:09.311524+00:00,STRING
shared-core,TP53,DNMT1,9606.ENSP00000269305,9606.ENSP00000352516,TP53,DNMT1,0.997,700,functional,9606,2026-08-30T07:51:09.311524+00:00,STRING
shared-core,TP53,JUN,9606.ENSP00000269305,9606.ENSP00000360266,TP53,JUN,0.997,700,functional,9606,2026-08-30T07:51:09.311524+00:00,STRING
shared-core,TP53,MYC,9606.ENSP00000269305,9606.ENSP00000478887,TP53,MYC,0.997,700,functional,9606,2026-08-30T07:51:09.311524+00:00,STRING
shared-core,TP53,CCNA2,9606.ENSP00000269305,9606.ENSP00000481380,TP53,CCNA2,0.997,700,functional,9606,2026-08-30T07:51:09.311524+00:00,STRING
shared-core,TP53,HMGB1,9606.ENSP00000269305,9606.ENSP00000345347,TP53,HMGB1,0.997,700,functional,9606,2026-08-30T07:51:09.311524+00:00,STRING
shared-core,TP53,CREB1,9606.ENSP00000269305,9606.ENSP00000387699,TP53,CREB1,0.998,700,functional,9606,2026-08-30T07:51:09.311524+00:00,STRING
shared-core,TP53,HIF1A,9606.ENSP00000269305,9606.ENSP00000437955,TP53,HIF1A,0.999,700,functional,9606,2026-08-30T07:51:09.311524+00:00,STRING
shared-core,TP53,ATM,9606.ENSP00000269305,9606.ENSP00000278616,TP53,ATM,0.999,700,functional,9606,2026-08-30T07:51:09.311524+00:00,STRING
shared-core,TP53,MDM4,9606.ENSP00000269305,9606.ENSP00000356150,TP53,MDM4,0.999,700,functional,9606,2026-08-30T07:51:09.311524+00:00,STRING
shared-core,TP53,BCL2,9606.ENSP00000269305,9606.ENSP00000381185,TP53,BCL2,0.999,700,functional,9606,2026-08-30T07:51:09.311524+00:00,STRING
shared-core,TP53,BCL2L1,9606.ENSP00000269305,9606.ENSP00000365230,TP53,BCL2L1,0.999,700,functional,9606,2026-08-30T07:51:09.311524+00:00,STRING
shared-core,TP53,BRCA1,9606.ENSP00000269305,9606.ENSP00000418960,TP53,BRCA1,0.999,700,functional,9606,2026-08-30T07:51:09.311524+00:00,STRING
shared-core,TP53,CDKN1A,9606.ENSP00000269305,9606.ENSP00000384849,TP53,CDKN1A,0.999,700,functional,9606,2026-08-30T07:51:09.311524+00:00,STRING
shared-core,AHSG,SERPINA1,9606.ENSP00000273784,9606.ENSP00000416066,AHSG,SERPINA1,0.971,700,functional,9606,2026-08-30T07:51:09.311524+00:00,STRING
shared-core,AHSG,ALB,9606.ENSP00000273784,9606.ENSP00000295897,AHSG,ALB,0.999,700,functional,9606,2026-08-30T07:51:09.311524+00:00,STRING
shared-core,EGFR,GSTP1,9606.ENSP00000275493,9606.ENSP00000381607,EGFR,GSTP1,0.713,700,functional,9606,2026-08-30T07:51:09.311524+00:00,STRING
shared-core,EGFR,GNAS,9606.ENSP00000275493,9606.ENSP00000360141,EGFR,GNAS,0.718,700,functional,9606,2026-08-30T07:51:09.311524+00:00,STRING
shared-core,EGFR,SNCA,9606.ENSP00000275493,9606.ENSP00000500990,EGFR,SNCA,0.728,700,functional,9606,2026-08-30T07:51:09.311524+00:00,STRING
shared-core,EGFR,KEAP1,9606.ENSP00000275493,9606.ENSP00000377245,EGFR,KEAP1,0.746,700,functional,9606,2026-08-30T07:51:09.311524+00:00,STRING
shared-core,EGFR,CASP3,9606.ENSP00000275493,9606.ENSP00000311032,EGFR,CASP3,0.747,700,functional,9606,2026-08-30T07:51:09.311524+00:00,STRING
shared-core,EGFR,CDKN1A,9606.ENSP00000275493,9606.ENSP00000384849,EGFR,CDKN1A,0.752,700,functional,9606,2026-08-30T07:51:09.311524+00:00,STRING
shared-core,EGFR,CASP9,9606.ENSP00000275493,9606.ENSP00000330237,EGFR,CASP9,0.753,700,functional,9606,2026-08-30T07:51:09.311524+00:00,STRING
shared-core,EGFR,ESR2,9606.ENSP00000275493,9606.ENSP00000343925,EGFR,ESR2,0.755,700,functional,9606,2026-08-30T07:51:09.311524+00:00,STRING
shared-core,EGFR,SOX2,9606.ENSP00000275493,9606.ENSP00000323588,EGFR,SOX2,0.758,700,functional,9606,2026-08-30T07:51:09.311524+00:00,STRING
shared-core,EGFR,RGS4,9606.ENSP00000275493,9606.ENSP00000397181,EGFR,RGS4,0.778,700,functional,9606,2026-08-30T07:51:09.311524+00:00,STRING
shared-core,EGFR,MMP14,9606.ENSP00000275493,9606.ENSP00000308208,EGFR,MMP14,0.787,700,functional,9606,2026-08-30T07:51:09.311524+00:00,STRING
shared-core,EGFR,AKT1,9606.ENSP00000275493,9606.ENSP00000451828,EGFR,AKT1,0.792,700,functional,9606,2026-08-30T07:51:09.311524+00:00,STRING
shared-core,EGFR,CXCL8,9606.ENSP00000275493,9606.ENSP00000306512,EGFR,CXCL8,0.792,700,functional,9606,2026-08-30T07:51:09.311524+00:00,STRING
shared-core,EGFR,IDH1,9606.ENSP00000275493,9606.ENSP00000390265,EGFR,IDH1,0.795,700,functional,9606,2026-08-30T07:51:09.311524+00:00,STRING
shared-core,EGFR,PGF,9606.ENSP00000275493,9606.ENSP00000451040,EGFR,PGF,0.797,700,functional,9606,2026-08-30T07:51:09.311524+00:00,STRING
shared-core,EGFR,BRCA1,9606.ENSP00000275493,9606.ENSP00000418960,EGFR,BRCA1,0.8,700,functional,9606,2026-08-30T07:51:09.311524+00:00,STRING
shared-core,EGFR,ALB,9606.ENSP00000275493,9606.ENSP00000295897,EGFR,ALB,0.808,700,functional,9606,2026-08-30T07:51:09.311524+00:00,STRING
shared-core,EGFR,MMP9,9606.ENSP00000275493,9606.ENSP00000361405,EGFR,MMP9,0.827,700,functional,9606,2026-08-30T07:51:09.311524+00:00,STRING
shared-core,EGFR,MAPT,9606.ENSP00000275493,9606.ENSP00000340820,EGFR,MAPT,0.83,700,functional,9606,2026-08-30T07:51:09.311524+00:00,STRING
shared-core,EGFR,PGR,9606.ENSP00000275493,9606.ENSP00000325120,EGFR,PGR,0.83,700,functional,9606,2026-08-30T07:51:09.311524+00:00,STRING
shared-core,EGFR,BCL2,9606.ENSP00000275493,9606.ENSP00000381185,EGFR,BCL2,0.839,700,functional,9606,2026-08-30T07:51:09.311524+00:00,STRING
shared-core,EGFR,PPARG,9606.ENSP00000275493,9606.ENSP00000287820,EGFR,PPARG,0.843,700,functional,9606,2026-08-30T07:51:09.311524+00:00,STRING
shared-core,EGFR,BCL2L1,9606.ENSP00000275493,9606.ENSP00000365230,EGFR,BCL2L1,0.847,700,functional,9606,2026-08-30T07:51:09.311524+00:00,STRING
shared-core,EGFR,RAF1,9606.ENSP00000275493,9606.ENSP00000401888,EGFR,RAF1,0.848,700,functional,9606,2026-08-30T07:51:09.311524+00:00,STRING
shared-core,EGFR,ABL1,9606.ENSP00000275493,9606.ENSP00000361423,EGFR,ABL1,0.861,700,functional,9606,2026-08-30T07:51:09.311524+00:00,STRING
shared-core,EGFR,HSPA5,9606.ENSP00000275493,9606.ENSP00000324173,EGFR,HSPA5,0.862,700,functional,9606,2026-08-30T07:51:09.311524+00:00,STRING
shared-core,EGFR,AR,9606.ENSP00000275493,9606.ENSP00000363822,EGFR,AR,0.864,700,functional,9606,2026-08-30T07:51:09.311524+00:00,STRING
shared-core,EGFR,JUN,9606.ENSP00000275493,9606.ENSP00000360266,EGFR,JUN,0.871,700,functional,9606,2026-08-30T07:51:09.311524+00:00,STRING
shared-core,EGFR,MYC,9606.ENSP00000275493,9606.ENSP00000478887,EGFR,MYC,0.875,700,functional,9606,2026-08-30T07:51:09.311524+00:00,STRING
shared-core,EGFR,APP,9606.ENSP00000275493,9606.ENSP00000284981,EGFR,APP,0.889,700,functional,9606,2026-08-30T07:51:09.311524+00:00,STRING
shared-core,EGFR,TNF,9606.ENSP00000275493,9606.ENSP00000398698,EGFR,TNF,0.89,700,functional,9606,2026-08-30T07:51:09.311524+00:00,STRING
shared-core,EGFR,NGF,9606.ENSP00000275493,9606.ENSP00000358525,EGFR,NGF,0.892,700,functional,9606,2026-08-30T07:51:09.311524+00:00,STRING
shared-core,EGFR,HDAC6,9606.ENSP00000275493,9606.ENSP00000365804,EGFR,HDAC6,0.919,700,functional,9606,2026-08-30T07:51:09.311524+00:00,STRING
shared-core,EGFR,ENO1,9606.ENSP00000275493,9606.ENSP00000495530,EGFR,ENO1,0.928,700,functional,9606,2026-08-30T07:51:09.311524+00:00,STRING
shared-core,EGFR,HIF1A,9606.ENSP00000275493,9606.ENSP00000437955,EGFR,HIF1A,0.934,700,functional,9606,2026-08-30T07:51:09.311524+00:00,STRING
shared-core,EGFR,FOS,9606.ENSP00000275493,9606.ENSP00000306245,EGFR,FOS,0.94,700,functional,9606,2026-08-30T07:51:09.311524+00:00,STRING
shared-core,EGFR,IGFBP3,9606.ENSP00000275493,9606.ENSP00000370473,EGFR,IGFBP3,0.981,700,functional,9606,2026-08-30T07:51:09.311524+00:00,STRING
shared-core,EGFR,ESR1,9606.ENSP00000275493,9606.ENSP00000405330,EGFR,ESR1,0.988,700,functional,9606,2026-08-30T07:51:09.311524+00:00,STRING
shared-core,EGFR,IGF1,9606.ENSP00000275493,9606.ENSP00000376637,EGFR,IGF1,0.991,700,functional,9606,2026-08-30T07:51:09.311524+00:00,STRING
shared-core,EGFR,NRG1,9606.ENSP00000275493,9606.ENSP00000287842,EGFR,NRG1,0.999,700,functional,9606,2026-08-30T07:51:09.311524+00:00,STRING
shared-core,EGFR,MUC1,9606.ENSP00000275493,9606.ENSP00000484824,EGFR,MUC1,0.999,700,functional,9606,2026-08-30T07:51:09.311524+00:00,STRING
shared-core,TNFRSF10B,CYCS,9606.ENSP00000276431,9606.ENSP00000307786,TNFRSF10B,CYCS,0.7,700,functional,9606,2026-08-30T07:51:09.311524+00:00,STRING
shared-core,TNFRSF10B,MCL1,9606.ENSP00000276431,9606.ENSP00000358022,TNFRSF10B,MCL1,0.705,700,functional,9606,2026-08-30T07:51:09.311524+00:00,STRING
shared-core,TNFRSF10B,CASP7,9606.ENSP00000276431,9606.ENSP00000358327,TNFRSF10B,CASP7,0.717,700,functional,9606,2026-08-30T07:51:09.311524+00:00,STRING
shared-core,TNFRSF10B,BCL2L1,9606.ENSP00000276431,9606.ENSP00000365230,TNFRSF10B,BCL2L1,0.727,700,functional,9606,2026-08-30T07:51:09.311524+00:00,STRING
shared-core,TNFRSF10B,CASP9,9606.ENSP00000276431,9606.ENSP00000330237,TNFRSF10B,CASP9,0.73,700,functional,9606,2026-08-30T07:51:09.311524+00:00,STRING
shared-core,TNFRSF10B,BCL2,9606.ENSP00000276431,9606.ENSP00000381185,TNFRSF10B,BCL2,0.739,700,functional,9606,2026-08-30T07:51:09.311524+00:00,STRING
shared-core,TNFRSF10B,CASP3,9606.ENSP00000276431,9606.ENSP00000311032,TNFRSF10B,CASP3,0.782,700,functional,9606,2026-08-30T07:51:09.311524+00:00,STRING
shared-core,TNFRSF10B,TNF,9606.ENSP00000276431,9606.ENSP00000398698,TNFRSF10B,TNF,0.997,700,functional,9606,2026-08-30T07:51:09.311524+00:00,STRING
shared-core,ATM,CASP3,9606.ENSP00000278616,9606.ENSP00000311032,ATM,CASP3,0.702,700,functional,9606,2026-08-30T07:51:09.311524+00:00,STRING
shared-core,ATM,BCL2,9606.ENSP00000278616,9606.ENSP00000381185,ATM,BCL2,0.712,700,functional,9606,2026-08-30T07:51:09.311524+00:00,STRING
shared-core,ATM,CREB1,9606.ENSP00000278616,9606.ENSP00000387699,ATM,CREB1,0.735,700,functional,9606,2026-08-30T07:51:09.311524+00:00,STRING
shared-core,ATM,AKT1,9606.ENSP00000278616,9606.ENSP00000451828,ATM,AKT1,0.742,700,functional,9606,2026-08-30T07:51:09.311524+00:00,STRING
shared-core,ATM,CDKN1A,9606.ENSP00000278616,9606.ENSP00000384849,ATM,CDKN1A,0.807,700,functional,9606,2026-08-30T07:51:09.311524+00:00,STRING
shared-core,ATM,CCNA2,9606.ENSP00000278616,9606.ENSP00000481380,ATM,CCNA2,0.815,700,functional,9606,2026-08-30T07:51:09.311524+00:00,STRING
shared-core,ATM,MYC,9606.ENSP00000278616,9606.ENSP00000478887,ATM,MYC,0.871,700,functional,9606,2026-08-30T07:51:09.311524+00:00,STRING
shared-core,ATM,MDM4,9606.ENSP00000278616,9606.ENSP00000356150,ATM,MDM4,0.954,700,functional,9606,2026-08-30T07:51:09.311524+00:00,STRING
shared-core,ATM,WRN,9606.ENSP00000278616,9606.ENSP00000298139,ATM,WRN,0.955,700,functional,9606,2026-08-30T07:51:09.311524+00:00,STRING
shared-core,ATM,ABL1,9606.ENSP00000278616,9606.ENSP00000361423,ATM,ABL1,0.988,700,functional,9606,2026-08-30T07:51:09.311524+00:00,STRING
shared-core,ATM,BRCA1,9606.ENSP00000278616,9606.ENSP00000418960,ATM,BRCA1,0.999,700,functional,9606,2026-08-30T07:51:09.311524+00:00,STRING
shared-core,SLC7A11,GPX4,9606.ENSP00000280612,9606.ENSP00000346103,SLC7A11,GPX4,0.824,700,functional,9606,2026-08-30T07:51:09.311524+00:00,STRING
shared-core,SLC7A11,NFE2L2,9606.ENSP00000280612,9606.ENSP00000380252,SLC7A11,NFE2L2,0.826,700,functional,9606,2026-08-30T07:51:09.311524+00:00,STRING
shared-core,APP,CYCS,9606.ENSP00000284981,9606.ENSP00000307786,APP,CYCS,0.709,700,functional,9606,2026-08-30T07:51:09.311524+00:00,STRING
shared-core,APP,CREB1,9606.ENSP00000284981,9606.ENSP00000387699,APP,CREB1,0.713,700,functional,9606,2026-08-30T07:51:09.311524+00:00,STRING
shared-core,APP,ADAM17,9606.ENSP00000284981,9606.ENSP00000309968,APP,ADAM17,0.733,700,functional,9606,2026-08-30T07:51:09.311524+00:00,STRING
shared-core,APP,PDIA3,9606.ENSP00000284981,9606.ENSP00000300289,APP,PDIA3,0.737,700,functional,9606,2026-08-30T07:51:09.311524+00:00,STRING
shared-core,APP,SERPINA1,9606.ENSP00000284981,9606.ENSP00000416066,APP,SERPINA1,0.764,700,functional,9606,2026-08-30T07:51:09.311524+00:00,STRING
shared-core,APP,JUN,9606.ENSP00000284981,9606.ENSP00000360266,APP,JUN,0.79,700,functional,9606,2026-08-30T07:51:09.311524+00:00,STRING
shared-core,APP,TNF,9606.ENSP00000284981,9606.ENSP00000398698,APP,TNF,0.799,700,functional,9606,2026-08-30T07:51:09.311524+00:00,STRING
shared-core,APP,NGF,9606.ENSP00000284981,9606.ENSP00000358525,APP,NGF,0.85,700,functional,9606,2026-08-30T07:51:09.311524+00:00,STRING
shared-core,APP,MMEL1,9606.ENSP00000284981,9606.ENSP00000367668,APP,MMEL1,0.891,700,functional,9606,2026-08-30T07:51:09.311524+00:00,STRING
shared-core,APP,ALB,9606.ENSP00000284981,9606.ENSP00000295897,APP,ALB,0.901,700,functional,9606,2026-08-30T07:51:09.311524+00:00,STRING
shared-core,APP,CASP3,9606.ENSP00000284981,9606.ENSP00000311032,APP,CASP3,0.908,700,functional,9606,2026-08-30T07:51:09.311524+00:00,STRING
shared-core,APP,HSPD1,9606.ENSP00000284981,9606.ENSP00000340019,APP,HSPD1,0.916,700,functional,9606,2026-08-30T07:51:09.311524+00:00,STRING
shared-core,APP,ACHE,9606.ENSP00000284981,9606.ENSP00000303211,APP,ACHE,0.937,700,functional,9606,2026-08-30T07:51:09.311524+00:00,STRING
shared-core,APP,SNCA,9606.ENSP00000284981,9606.ENSP00000500990,APP,SNCA,0.993,700,functional,9606,2026-08-30T07:51:09.311524+00:00,STRING
shared-core,APP,MAPT,9606.ENSP00000284981,9606.ENSP00000340820,APP,MAPT,0.995,700,functional,9606,2026-08-30T07:51:09.311524+00:00,STRING
shared-core,APP,CLU,9606.ENSP00000284981,9606.ENSP00000315130,APP,CLU,0.998,700,functional,9606,2026-08-30T07:51:09.311524+00:00,STRING
shared-core,PPARG,EDN1,9606.ENSP00000287820,9606.ENSP00000368683,PPARG,EDN1,0.724,700,functional,9606,2026-08-30T07:51:09.311524+00:00,STRING
shared-core,PPARG,MMP9,9606.ENSP00000287820,9606.ENSP00000361405,PPARG,MMP9,0.765,700,functional,9606,2026-08-30T07:51:09.311524+00:00,STRING
shared-core,PPARG,AKT1,9606.ENSP00000287820,9606.ENSP00000451828,PPARG,AKT1,0.79,700,functional,9606,2026-08-30T07:51:09.311524+00:00,STRING
shared-core,PPARG,ESR1,9606.ENSP00000287820,9606.ENSP00000405330,PPARG,ESR1,0.794,700,functional,9606,2026-08-30T07:51:09.311524+00:00,STRING
shared-core,PPARG,TNF,9606.ENSP00000287820,9606.ENSP00000398698,PPARG,TNF,0.807,700,functional,9606,2026-08-30T07:51:09.311524+00:00,STRING
shared-core,PPARG,IGF1,9606.ENSP00000287820,9606.ENSP00000376637,PPARG,IGF1,0.828,700,functional,9606,2026-08-30T07:51:09.311524+00:00,STRING
shared-core,PPARG,NFE2L2,9606.ENSP00000287820,9606.ENSP00000380252,PPARG,NFE2L2,0.831,700,functional,9606,2026-08-30T07:51:09.311524+00:00,STRING
shared-core,PPARG,JUN,9606.ENSP00000287820,9606.ENSP00000360266,PPARG,JUN,0.849,700,functional,9606,2026-08-30T07:51:09.311524+00:00,STRING
shared-core,PPARG,IGFBP3,9606.ENSP00000287820,9606.ENSP00000370473,PPARG,IGFBP3,0.85,700,functional,9606,2026-08-30T07:51:09.311524+00:00,STRING
shared-core,PPARG,HIF1A,9606.ENSP00000287820,9606.ENSP00000437955,PPARG,HIF1A,0.854,700,functional,9606,2026-08-30T07:51:09.311524+00:00,STRING
shared-core,PPARG,ESRRA,9606.ENSP00000287820,9606.ENSP00000384851,PPARG,ESRRA,0.898,700,functional,9606,2026-08-30T07:51:09.311524+00:00,STRING
shared-core,PPARG,NCOA3,9606.ENSP00000287820,9606.ENSP00000361066,PPARG,NCOA3,0.909,700,functional,9606,2026-08-30T07:51:09.311524+00:00,STRING
shared-core,PPARG,HDAC3,9606.ENSP00000287820,9606.ENSP00000302967,PPARG,HDAC3,0.965,700,functional,9606,2026-08-30T07:51:09.311524+00:00,STRING
shared-core,NRG1,NGF,9606.ENSP00000287842,9606.ENSP00000358525,NRG1,NGF,0.719,700,functional,9606,2026-08-30T07:51:09.311524+00:00,STRING
shared-core,CCNB2,CDKN1A,9606.ENSP00000288207,9606.ENSP00000384849,CCNB2,CDKN1A,0.927,700,functional,9606,2026-08-30T07:51:09.311524+00:00,STRING
shared-core,CCNB2,CKS1B,9606.ENSP00000288207,9606.ENSP00000311083,CCNB2,CKS1B,0.952,700,functional,9606,2026-08-30T07:51:09.311524+00:00,STRING
shared-core,CCNB2,CCNA2,9606.ENSP00000288207,9606.ENSP00000481380,CCNB2,CCNA2,0.965,700,functional,9606,2026-08-30T07:51:09.311524+00:00,STRING
shared-core,CCNB2,BIRC5,9606.ENSP00000288207,9606.ENSP00000301633,CCNB2,BIRC5,0.993,700,functional,9606,2026-08-30T07:51:09.311524+00:00,STRING
shared-core,BAX,AKT1,9606.ENSP00000293288,9606.ENSP00000451828,BAX,AKT1,0.761,700,functional,9606,2026-08-30T07:51:09.311524+00:00,STRING
shared-core,BAX,CASP9,9606.ENSP00000293288,9606.ENSP00000330237,BAX,CASP9,0.856,700,functional,9606,2026-08-30T07:51:09.311524+00:00,STRING
shared-core,BAX,CASP3,9606.ENSP00000293288,9606.ENSP00000311032,BAX,CASP3,0.884,700,functional,9606,2026-08-30T07:51:09.311524+00:00,STRING
shared-core,BAX,CLU,9606.ENSP00000293288,9606.ENSP00000315130,BAX,CLU,0.886,700,functional,9606,2026-08-30T07:51:09.311524+00:00,STRING
shared-core,BAX,CYCS,9606.ENSP00000293288,9606.ENSP00000307786,BAX,CYCS,0.993,700,functional,9606,2026-08-30T07:51:09.311524+00:00,STRING
shared-core,BAX,BCL2L11,9606.ENSP00000293288,9606.ENSP00000376943,BAX,BCL2L11,0.998,700,functional,9606,2026-08-30T07:51:09.311524+00:00,STRING
shared-core,BAX,BCL2,9606.ENSP00000293288,9606.ENSP00000381185,BAX,BCL2,0.999,700,functional,9606,2026-08-30T07:51:09.311524+00:00,STRING
shared-core,BAX,BCL2L1,9606.ENSP00000293288,9606.ENSP00000365230,BAX,BCL2L1,0.999,700,functional,9606,2026-08-30T07:51:09.311524+00:00,STRING
shared-core,BAX,MCL1,9606.ENSP00000293288,9606.ENSP00000358022,BAX,MCL1,0.999,700,functional,9606,2026-08-30T07:51:09.311524+00:00,STRING
shared-core,CLDN1,CLDN4,9606.ENSP00000295522,9606.ENSP00000409544,CLDN1,CLDN4,0.944,700,functional,9606,2026-08-30T07:51:09.311524+00:00,STRING
shared-core,ALB,GPX3,9606.ENSP00000295897,9606.ENSP00000373477,ALB,GPX3,0.716,700,functional,9606,2026-08-30T07:51:09.311524+00:00,STRING
shared-core,ALB,FOXA2,9606.ENSP00000295897,9606.ENSP00000400341,ALB,FOXA2,0.737,700,functional,9606,2026-08-30T07:51:09.311524+00:00,STRING
shared-core,ALB,MMP9,9606.ENSP00000295897,9606.ENSP00000361405,ALB,MMP9,0.745,700,functional,9606,2026-08-30T07:51:09.311524+00:00,STRING
shared-core,ALB,BCL2,9606.ENSP00000295897,9606.ENSP00000381185,ALB,BCL2,0.748,700,functional,9606,2026-08-30T07:51:09.311524+00:00,STRING
shared-core,ALB,TNNI3,9606.ENSP00000295897,9606.ENSP00000341838,ALB,TNNI3,0.748,700,functional,9606,2026-08-30T07:51:09.311524+00:00,STRING
shared-core,ALB,PPARA,9606.ENSP00000295897,9606.ENSP00000385523,ALB,PPARA,0.751,700,functional,9606,2026-08-30T07:51:09.311524+00:00,STRING
shared-core,ALB,MYC,9606.ENSP00000295897,9606.ENSP00000478887,ALB,MYC,0.759,700,functional,9606,2026-08-30T07:51:09.311524+00:00,STRING
shared-core,ALB,NGF,9606.ENSP00000295897,9606.ENSP00000358525,ALB,NGF,0.763,700,functional,9606,2026-08-30T07:51:09.311524+00:00,STRING
shared-core,ALB,GLP1R,9606.ENSP00000295897,9606.ENSP00000362353,ALB,GLP1R,0.765,700,functional,9606,2026-08-30T07:51:09.311524+00:00,STRING
shared-core,ALB,PF4,9606.ENSP00000295897,9606.ENSP00000296029,ALB,PF4,0.766,700,functional,9606,2026-08-30T07:51:09.311524+00:00,STRING
shared-core,ALB,CXCL8,9606.ENSP00000295897,9606.ENSP00000306512,ALB,CXCL8,0.782,700,functional,9606,2026-08-30T07:51:09.311524+00:00,STRING
shared-core,ALB,ELN,9606.ENSP00000295897,9606.ENSP00000351807,ALB,ELN,0.783,700,functional,9606,2026-08-30T07:51:09.311524+00:00,STRING
shared-core,ALB,AKT1,9606.ENSP00000295897,9606.ENSP00000451828,ALB,AKT1,0.795,700,functional,9606,2026-08-30T07:51:09.311524+00:00,STRING
shared-core,ALB,ESR1,9606.ENSP00000295897,9606.ENSP00000405330,ALB,ESR1,0.796,700,functional,9606,2026-08-30T07:51:09.311524+00:00,STRING
shared-core,ALB,CASP3,9606.ENSP00000295897,9606.ENSP00000311032,ALB,CASP3,0.815,700,functional,9606,2026-08-30T07:51:09.311524+00:00,STRING
shared-core,ALB,IGF1,9606.ENSP00000295897,9606.ENSP00000376637,ALB,IGF1,0.83,700,functional,9606,2026-08-30T07:51:09.311524+00:00,STRING
shared-core,ALB,CLU,9606.ENSP00000295897,9606.ENSP00000315130,ALB,CLU,0.831,700,functional,9606,2026-08-30T07:51:09.311524+00:00,STRING
shared-core,ALB,TNF,9606.ENSP00000295897,9606.ENSP00000398698,ALB,TNF,0.87,700,functional,9606,2026-08-30T07:51:09.311524+00:00,STRING
shared-core,ALB,CYCS,9606.ENSP00000295897,9606.ENSP00000307786,ALB,CYCS,0.986,700,functional,9606,2026-08-30T07:51:09.311524+00:00,STRING
shared-core,ALB,SERPINA1,9606.ENSP00000295897,9606.ENSP00000416066,ALB,SERPINA1,0.998,700,functional,9606,2026-08-30T07:51:09.311524+00:00,STRING
shared-core,PF4,TNF,9606.ENSP00000296029,9606.ENSP00000398698,PF4,TNF,0.714,700,functional,9606,2026-08-30T07:51:09.311524+00:00,STRING
shared-core,PF4,CXCR6,9606.ENSP00000296029,9606.ENSP00000395704,PF4,CXCR6,0.755,700,functional,9606,2026-08-30T07:51:09.311524+00:00,STRING
shared-core,PF4,HMGB1,9606.ENSP00000296029,9606.ENSP00000345347,PF4,HMGB1,0.779,700,functional,9606,2026-08-30T07:51:09.311524+00:00,STRING
shared-core,PF4,CXCL8,9606.ENSP00000296029,9606.ENSP00000306512,PF4,CXCL8,0.999,700,functional,9606,2026-08-30T07:51:09.311524+00:00,STRING
shared-core,PF4,CXCL10,9606.ENSP00000296029,9606.ENSP00000305651,PF4,CXCL10,0.999,700,functional,9606,2026-08-30T07:51:09.311524+00:00,STRING
shared-core,SOX17,FOXA2,9606.ENSP00000297316,9606.ENSP00000400341,SOX17,FOXA2,0.942,700,functional,9606,2026-08-30T07:51:09.311524+00:00,STRING
shared-core,NOS3,MMP9,9606.ENSP00000297494,9606.ENSP00000361405,NOS3,MMP9,0.73,700,functional,9606,2026-08-30T07:51:09.311524+00:00,STRING
shared-core,NOS3,ESR1,9606.ENSP00000297494,9606.ENSP00000405330,NOS3,ESR1,0.773,700,functional,9606,2026-08-30T07:51:09.311524+00:00,STRING
shared-core,NOS3,LYPLA1,9606.ENSP00000297494,9606.ENSP00000320043,NOS3,LYPLA1,0.794,700,functional,9606,2026-08-30T07:51:09.311524+00:00,STRING
shared-core,NOS3,EDN1,9606.ENSP00000297494,9606.ENSP00000368683,NOS3,EDN1,0.884,700,functional,9606,2026-08-30T07:51:09.311524+00:00,STRING
shared-core,NOS3,AKT1,9606.ENSP00000297494,9606.ENSP00000451828,NOS3,AKT1,0.997,700,functional,9606,2026-08-30T07:51:09.311524+00:00,STRING
shared-core,ALDH1A1,IDH1,9606.ENSP00000297785,9606.ENSP00000390265,ALDH1A1,IDH1,0.739,700,functional,9606,2026-08-30T07:51:09.311524+00:00,STRING
shared-core,ALDH1A1,SOX2,9606.ENSP00000297785,9606.ENSP00000323588,ALDH1A1,SOX2,0.771,700,functional,9606,2026-08-30T07:51:09.311524+00:00,STRING
shared-core,ALDH1A1,CYP2B6,9606.ENSP00000297785,9606.ENSP00000324648,ALDH1A1,CYP2B6,0.933,700,functional,9606,2026-08-30T07:51:09.311524+00:00,STRING
shared-core,ALDH1A1,CYP1A1,9606.ENSP00000297785,9606.ENSP00000378488,ALDH1A1,CYP1A1,0.939,700,functional,9606,2026-08-30T07:51:09.311524+00:00,STRING
shared-core,WRN,LMNA,9606.ENSP00000298139,9606.ENSP00000357283,WRN,LMNA,0.727,700,functional,9606,2026-08-30T07:51:09.311524+00:00,STRING
shared-core,WRN,VCP,9606.ENSP00000298139,9606.ENSP00000351777,WRN,VCP,0.751,700,functional,9606,2026-08-30T07:51:09.311524+00:00,STRING
shared-core,WRN,BRCA1,9606.ENSP00000298139,9606.ENSP00000418960,WRN,BRCA1,0.983,700,functional,9606,2026-08-30T07:51:09.311524+00:00,STRING
shared-core,CKB,ENO1,9606.ENSP00000299198,9606.ENSP00000495530,CKB,ENO1,0.736,700,functional,9606,2026-08-30T07:51:09.311524+00:00,STRING
shared-core,PDIA3,MYC,9606.ENSP00000300289,9606.ENSP00000478887,PDIA3,MYC,0.773,700,functional,9606,2026-08-30T07:51:09.311524+00:00,STRING
shared-core,PDIA3,HSPA5,9606.ENSP00000300289,9606.ENSP00000324173,PDIA3,HSPA5,0.999,700,functional,9606,2026-08-30T07:51:09.311524+00:00,STRING
shared-core,NOD2,TNF,9606.ENSP00000300589,9606.ENSP00000398698,NOD2,TNF,0.852,700,functional,9606,2026-08-30T07:51:09.311524+00:00,STRING
shared-core,NOD2,TLR9,9606.ENSP00000300589,9606.ENSP00000353874,NOD2,TLR9,0.92,700,functional,9606,2026-08-30T07:51:09.311524+00:00,STRING
shared-core,NOD2,CASP1,9606.ENSP00000300589,9606.ENSP00000433138,NOD2,CASP1,0.923,700,functional,9606,2026-08-30T07:51:09.311524+00:00,STRING
shared-core,BIRC5,CASP7,9606.ENSP00000301633,9606.ENSP00000358327,BIRC5,CASP7,0.755,700,functional,9606,2026-08-30T07:51:09.311524+00:00,STRING
shared-core,BIRC5,MYC,9606.ENSP00000301633,9606.ENSP00000478887,BIRC5,MYC,0.825,700,functional,9606,2026-08-30T07:51:09.311524+00:00,STRING
shared-core,BIRC5,CASP9,9606.ENSP00000301633,9606.ENSP00000330237,BIRC5,CASP9,0.911,700,functional,9606,2026-08-30T07:51:09.311524+00:00,STRING
shared-core,BIRC5,CASP3,9606.ENSP00000301633,9606.ENSP00000311032,BIRC5,CASP3,0.916,700,functional,9606,2026-08-30T07:51:09.311524+00:00,STRING
shared-core,BIRC5,CCNA2,9606.ENSP00000301633,9606.ENSP00000481380,BIRC5,CCNA2,0.956,700,functional,9606,2026-08-30T07:51:09.311524+00:00,STRING
shared-core,LRG1,CYCS,9606.ENSP00000302621,9606.ENSP00000307786,LRG1,CYCS,0.807,700,functional,9606,2026-08-30T07:51:09.311524+00:00,STRING
shared-core,HDAC3,AR,9606.ENSP00000302967,9606.ENSP00000363822,HDAC3,AR,0.73,700,functional,9606,2026-08-30T07:51:09.311524+00:00,STRING
shared-core,HDAC3,JUN,9606.ENSP00000302967,9606.ENSP00000360266,HDAC3,JUN,0.754,700,functional,9606,2026-08-30T07:51:09.311524+00:00,STRING
shared-core,HDAC3,HDAC9,9606.ENSP00000302967,9606.ENSP00000408617,HDAC3,HDAC9,0.759,700,functional,9606,2026-08-30T07:51:09.311524+00:00,STRING
shared-core,HDAC3,THRB,9606.ENSP00000302967,9606.ENSP00000379904,HDAC3,THRB,0.776,700,functional,9606,2026-08-30T07:51:09.311524+00:00,STRING
shared-core,HDAC3,HIF1A,9606.ENSP00000302967,9606.ENSP00000437955,HDAC3,HIF1A,0.804,700,functional,9606,2026-08-30T07:51:09.311524+00:00,STRING
shared-core,HDAC3,AKT1,9606.ENSP00000302967,9606.ENSP00000451828,HDAC3,AKT1,0.811,700,functional,9606,2026-08-30T07:51:09.311524+00:00,STRING
shared-core,HDAC3,MYC,9606.ENSP00000302967,9606.ENSP00000478887,HDAC3,MYC,0.949,700,functional,9606,2026-08-30T07:51:09.311524+00:00,STRING
shared-core,ACHE,MAPT,9606.ENSP00000303211,9606.ENSP00000340820,ACHE,MAPT,0.817,700,functional,9606,2026-08-30T07:51:09.311524+00:00,STRING
shared-core,CXCL10,TLR9,9606.ENSP00000305651,9606.ENSP00000353874,CXCL10,TLR9,0.761,700,functional,9606,2026-08-30T07:51:09.311524+00:00,STRING
shared-core,CXCL10,MMP9,9606.ENSP00000305651,9606.ENSP00000361405,CXCL10,MMP9,0.868,700,functional,9606,2026-08-30T07:51:09.311524+00:00,STRING
shared-core,CXCL10,TNF,9606.ENSP00000305651,9606.ENSP00000398698,CXCL10,TNF,0.966,700,functional,9606,2026-08-30T07:51:09.311524+00:00,STRING
shared-core,CXCL10,CXCR6,9606.ENSP00000305651,9606.ENSP00000395704,CXCL10,CXCR6,0.969,700,functional,9606,2026-08-30T07:51:09.311524+00:00,STRING
shared-core,CXCL10,CXCL8,9606.ENSP00000305651,9606.ENSP00000306512,CXCL10,CXCL8,0.975,700,functional,9606,2026-08-30T07:51:09.311524+00:00,STRING
shared-core,FOS,NFE2L2,9606.ENSP00000306245,9606.ENSP00000380252,FOS,NFE2L2,0.728,700,functional,9606,2026-08-30T07:51:09.311524+00:00,STRING
shared-core,FOS,TNF,9606.ENSP00000306245,9606.ENSP00000398698,FOS,TNF,0.728,700,functional,9606,2026-08-30T07:51:09.311524+00:00,STRING
shared-core,FOS,CASP1,9606.ENSP00000306245,9606.ENSP00000433138,FOS,CASP1,0.74,700,functional,9606,2026-08-30T07:51:09.311524+00:00,STRING
shared-core,FOS,AKT1,9606.ENSP00000306245,9606.ENSP00000451828,FOS,AKT1,0.746,700,functional,9606,2026-08-30T07:51:09.311524+00:00,STRING
shared-core,FOS,CASP3,9606.ENSP00000306245,9606.ENSP00000311032,FOS,CASP3,0.749,700,functional,9606,2026-08-30T07:51:09.311524+00:00,STRING
shared-core,FOS,CDKN1A,9606.ENSP00000306245,9606.ENSP00000384849,FOS,CDKN1A,0.753,700,functional,9606,2026-08-30T07:51:09.311524+00:00,STRING
shared-core,FOS,CXCL8,9606.ENSP00000306245,9606.ENSP00000306512,FOS,CXCL8,0.765,700,functional,9606,2026-08-30T07:51:09.311524+00:00,STRING
shared-core,FOS,BCL2,9606.ENSP00000306245,9606.ENSP00000381185,FOS,BCL2,0.784,700,functional,9606,2026-08-30T07:51:09.311524+00:00,STRING
shared-core,FOS,HIF1A,9606.ENSP00000306245,9606.ENSP00000437955,FOS,HIF1A,0.805,700,functional,9606,2026-08-30T07:51:09.311524+00:00,STRING
shared-core,FOS,MITF,9606.ENSP00000306245,9606.ENSP00000391803,FOS,MITF,0.92,700,functional,9606,2026-08-30T07:51:09.311524+00:00,STRING
shared-core,FOS,ESR2,9606.ENSP00000306245,9606.ENSP00000343925,FOS,ESR2,0.961,700,functional,9606,2026-08-30T07:51:09.311524+00:00,STRING
shared-core,FOS,MYC,9606.ENSP00000306245,9606.ENSP00000478887,FOS,MYC,0.965,700,functional,9606,2026-08-30T07:51:09.311524+00:00,STRING
shared-core,FOS,NCOA3,9606.ENSP00000306245,9606.ENSP00000361066,FOS,NCOA3,0.97,700,functional,9606,2026-08-30T07:51:09.311524+00:00,STRING
shared-core,FOS,CREB1,9606.ENSP00000306245,9606.ENSP00000387699,FOS,CREB1,0.998,700,functional,9606,2026-08-30T07:51:09.311524+00:00,STRING
shared-core,FOS,JUN,9606.ENSP00000306245,9606.ENSP00000360266,FOS,JUN,0.999,700,functional,9606,2026-08-30T07:51:09.311524+00:00,STRING
shared-core,FOS,ESR1,9606.ENSP00000306245,9606.ENSP00000405330,FOS,ESR1,0.999,700,functional,9606,2026-08-30T07:51:09.311524+00:00,STRING
shared-core,CXCL8,OPRM1,9606.ENSP00000306512,9606.ENSP00000394624,CXCL8,OPRM1,0.701,700,functional,9606,2026-08-30T07:51:09.311524+00:00,STRING
shared-core,CXCL8,HIF1A,9606.ENSP00000306512,9606.ENSP00000437955,CXCL8,HIF1A,0.716,700,functional,9606,2026-08-30T07:51:09.311524+00:00,STRING
shared-core,CXCL8,AKT1,9606.ENSP00000306512,9606.ENSP00000451828,CXCL8,AKT1,0.72,700,functional,9606,2026-08-30T07:51:09.311524+00:00,STRING
shared-core,CXCL8,PGF,9606.ENSP00000306512,9606.ENSP00000451040,CXCL8,PGF,0.731,700,functional,9606,2026-08-30T07:51:09.311524+00:00,STRING
shared-core,CXCL8,CASP3,9606.ENSP00000306512,9606.ENSP00000311032,CXCL8,CASP3,0.752,700,functional,9606,2026-08-30T07:51:09.311524+00:00,STRING
shared-core,CXCL8,S100A8,9606.ENSP00000306512,9606.ENSP00000357721,CXCL8,S100A8,0.763,700,functional,9606,2026-08-30T07:51:09.311524+00:00,STRING
shared-core,CXCL8,TLR9,9606.ENSP00000306512,9606.ENSP00000353874,CXCL8,TLR9,0.776,700,functional,9606,2026-08-30T07:51:09.311524+00:00,STRING
shared-core,CXCL8,EDN1,9606.ENSP00000306512,9606.ENSP00000368683,CXCL8,EDN1,0.803,700,functional,9606,2026-08-30T07:51:09.311524+00:00,STRING
shared-core,CXCL8,MMP9,9606.ENSP00000306512,9606.ENSP00000361405,CXCL8,MMP9,0.88,700,functional,9606,2026-08-30T07:51:09.311524+00:00,STRING
shared-core,CXCL8,CXCR6,9606.ENSP00000306512,9606.ENSP00000395704,CXCL8,CXCR6,0.884,700,functional,9606,2026-08-30T07:51:09.311524+00:00,STRING
shared-core,CXCL8,TNF,9606.ENSP00000306512,9606.ENSP00000398698,CXCL8,TNF,0.983,700,functional,9606,2026-08-30T07:51:09.311524+00:00,STRING
shared-core,CXCL8,JUN,9606.ENSP00000306512,9606.ENSP00000360266,CXCL8,JUN,0.987,700,functional,9606,2026-08-30T07:51:09.311524+00:00,STRING
shared-core,CYCS,MMP9,9606.ENSP00000307786,9606.ENSP00000361405,CYCS,MMP9,0.731,700,functional,9606,2026-08-30T07:51:09.311524+00:00,STRING
shared-core,CYCS,GPX3,9606.ENSP00000307786,9606.ENSP00000373477,CYCS,GPX3,0.737,700,functional,9606,2026-08-30T07:51:09.311524+00:00,STRING
shared-core,CYCS,HSPA5,9606.ENSP00000307786,9606.ENSP00000324173,CYCS,HSPA5,0.738,700,functional,9606,2026-08-30T07:51:09.311524+00:00,STRING
shared-core,CYCS,CASP1,9606.ENSP00000307786,9606.ENSP00000433138,CYCS,CASP1,0.78,700,functional,9606,2026-08-30T07:51:09.311524+00:00,STRING
shared-core,CYCS,CDKN1A,9606.ENSP00000307786,9606.ENSP00000384849,CYCS,CDKN1A,0.799,700,functional,9606,2026-08-30T07:51:09.311524+00:00,STRING
shared-core,CYCS,TNF,9606.ENSP00000307786,9606.ENSP00000398698,CYCS,TNF,0.81,700,functional,9606,2026-08-30T07:51:09.311524+00:00,STRING
shared-core,CYCS,AKT1,9606.ENSP00000307786,9606.ENSP00000451828,CYCS,AKT1,0.812,700,functional,9606,2026-08-30T07:51:09.311524+00:00,STRING
shared-core,CYCS,MCL1,9606.ENSP00000307786,9606.ENSP00000358022,CYCS,MCL1,0.817,700,functional,9606,2026-08-30T07:51:09.311524+00:00,STRING
shared-core,CYCS,HSPD1,9606.ENSP00000307786,9606.ENSP00000340019,CYCS,HSPD1,0.818,700,functional,9606,2026-08-30T07:51:09.311524+00:00,STRING
shared-core,CYCS,JUN,9606.ENSP00000307786,9606.ENSP00000360266,CYCS,JUN,0.829,700,functional,9606,2026-08-30T07:51:09.311524+00:00,STRING
shared-core,CYCS,ESRRA,9606.ENSP00000307786,9606.ENSP00000384851,CYCS,ESRRA,0.861,700,functional,9606,2026-08-30T07:51:09.311524+00:00,STRING
shared-core,CYCS,BCL2L11,9606.ENSP00000307786,9606.ENSP00000376943,CYCS,BCL2L11,0.899,700,functional,9606,2026-08-30T07:51:09.311524+00:00,STRING
shared-core,CYCS,CASP7,9606.ENSP00000307786,9606.ENSP00000358327,CYCS,CASP7,0.942,700,functional,9606,2026-08-30T07:51:09.311524+00:00,STRING
shared-core,CYCS,BCL2,9606.ENSP00000307786,9606.ENSP00000381185,CYCS,BCL2,0.997,700,functional,9606,2026-08-30T07:51:09.311524+00:00,STRING
shared-core,CYCS,CASP3,9606.ENSP00000307786,9606.ENSP00000311032,CYCS,CASP3,0.997,700,functional,9606,2026-08-30T07:51:09.311524+00:00,STRING
shared-core,CYCS,BCL2L1,9606.ENSP00000307786,9606.ENSP00000365230,CYCS,BCL2L1,0.998,700,functional,9606,2026-08-30T07:51:09.311524+00:00,STRING
shared-core,CYCS,CASP9,9606.ENSP00000307786,9606.ENSP00000330237,CYCS,CASP9,0.999,700,functional,9606,2026-08-30T07:51:09.311524+00:00,STRING
shared-core,MMP14,MMP9,9606.ENSP00000308208,9606.ENSP00000361405,MMP14,MMP9,0.831,700,functional,9606,2026-08-30T07:51:09.311524+00:00,STRING
shared-core,ADAM17,TNF,9606.ENSP00000309968,9606.ENSP00000398698,ADAM17,TNF,0.95,700,functional,9606,2026-08-30T07:51:09.311524+00:00,STRING
shared-core,CASP3,CCNA2,9606.ENSP00000311032,9606.ENSP00000481380,CASP3,CCNA2,0.706,700,functional,9606,2026-08-30T07:51:09.311524+00:00,STRING
shared-core,CASP3,CASP1,9606.ENSP00000311032,9606.ENSP00000433138,CASP3,CASP1,0.709,700,functional,9606,2026-08-30T07:51:09.311524+00:00,STRING
shared-core,CASP3,NFE2L2,9606.ENSP00000311032,9606.ENSP00000380252,CASP3,NFE2L2,0.717,700,functional,9606,2026-08-30T07:51:09.311524+00:00,STRING
shared-core,CASP3,GPX3,9606.ENSP00000311032,9606.ENSP00000373477,CASP3,GPX3,0.741,700,functional,9606,2026-08-30T07:51:09.311524+00:00,STRING
shared-core,CASP3,HMGB1,9606.ENSP00000311032,9606.ENSP00000345347,CASP3,HMGB1,0.755,700,functional,9606,2026-08-30T07:51:09.311524+00:00,STRING
shared-core,CASP3,HIF1A,9606.ENSP00000311032,9606.ENSP00000437955,CASP3,HIF1A,0.766,700,functional,9606,2026-08-30T07:51:09.311524+00:00,STRING
shared-core,CASP3,HSPA5,9606.ENSP00000311032,9606.ENSP00000324173,CASP3,HSPA5,0.793,700,functional,9606,2026-08-30T07:51:09.311524+00:00,STRING
shared-core,CASP3,HSPD1,9606.ENSP00000311032,9606.ENSP00000340019,CASP3,HSPD1,0.806,700,functional,9606,2026-08-30T07:51:09.311524+00:00,STRING
shared-core,CASP3,MMP9,9606.ENSP00000311032,9606.ENSP00000361405,CASP3,MMP9,0.806,700,functional,9606,2026-08-30T07:51:09.311524+00:00,STRING
shared-core,CASP3,JUN,9606.ENSP00000311032,9606.ENSP00000360266,CASP3,JUN,0.809,700,functional,9606,2026-08-30T07:51:09.311524+00:00,STRING
shared-core,CASP3,NGF,9606.ENSP00000311032,9606.ENSP00000358525,CASP3,NGF,0.858,700,functional,9606,2026-08-30T07:51:09.311524+00:00,STRING
shared-core,CASP3,BCL2L11,9606.ENSP00000311032,9606.ENSP00000376943,CASP3,BCL2L11,0.863,700,functional,9606,2026-08-30T07:51:09.311524+00:00,STRING
shared-core,CASP3,MYC,9606.ENSP00000311032,9606.ENSP00000478887,CASP3,MYC,0.881,700,functional,9606,2026-08-30T07:51:09.311524+00:00,STRING
shared-core,CASP3,MCL1,9606.ENSP00000311032,9606.ENSP00000358022,CASP3,MCL1,0.911,700,functional,9606,2026-08-30T07:51:09.311524+00:00,STRING
shared-core,CASP3,TNF,9606.ENSP00000311032,9606.ENSP00000398698,CASP3,TNF,0.939,700,functional,9606,2026-08-30T07:51:09.311524+00:00,STRING
shared-core,CASP3,AKT1,9606.ENSP00000311032,9606.ENSP00000451828,CASP3,AKT1,0.945,700,functional,9606,2026-08-30T07:51:09.311524+00:00,STRING
shared-core,CASP3,BCL2L1,9606.ENSP00000311032,9606.ENSP00000365230,CASP3,BCL2L1,0.95,700,functional,9606,2026-08-30T07:51:09.311524+00:00,STRING
shared-core,CASP3,CASP7,9606.ENSP00000311032,9606.ENSP00000358327,CASP3,CASP7,0.95,700,functional,9606,2026-08-30T07:51:09.311524+00:00,STRING
shared-core,CASP3,MAPT,9606.ENSP00000311032,9606.ENSP00000340820,CASP3,MAPT,0.98,700,functional,9606,2026-08-30T07:51:09.311524+00:00,STRING
shared-core,CASP3,BCL2,9606.ENSP00000311032,9606.ENSP00000381185,CASP3,BCL2,0.987,700,functional,9606,2026-08-30T07:51:09.311524+00:00,STRING
shared-core,CASP3,CDKN1A,9606.ENSP00000311032,9606.ENSP00000384849,CASP3,CDKN1A,0.996,700,functional,9606,2026-08-30T07:51:09.311524+00:00,STRING
shared-core,CASP3,CASP9,9606.ENSP00000311032,9606.ENSP00000330237,CASP3,CASP9,0.999,700,functional,9606,2026-08-30T07:51:09.311524+00:00,STRING
shared-core,CKS1B,CDKN1A,9606.ENSP00000311083,9606.ENSP00000384849,CKS1B,CDKN1A,0.926,700,functional,9606,2026-08-30T07:51:09.311524+00:00,STRING
shared-core,CKS1B,CCNA2,9606.ENSP00000311083,9606.ENSP00000481380,CKS1B,CCNA2,0.999,700,functional,9606,2026-08-30T07:51:09.311524+00:00,STRING
shared-core,GSTM1,OPRM1,9606.ENSP00000311469,9606.ENSP00000394624,GSTM1,OPRM1,0.719,700,functional,9606,2026-08-30T07:51:09.311524+00:00,STRING
shared-core,GSTM1,NQO1,9606.ENSP00000311469,9606.ENSP00000319788,GSTM1,NQO1,0.719,700,functional,9606,2026-08-30T07:51:09.311524+00:00,STRING
shared-core,GSTM1,GSTP1,9606.ENSP00000311469,9606.ENSP00000381607,GSTM1,GSTP1,0.808,700,functional,9606,2026-08-30T07:51:09.311524+00:00,STRING
shared-core,GSTM1,CYP2B6,9606.ENSP00000311469,9606.ENSP00000324648,GSTM1,CYP2B6,0.832,700,functional,9606,2026-08-30T07:51:09.311524+00:00,STRING
shared-core,GSTM1,GPX3,9606.ENSP00000311469,9606.ENSP00000373477,GSTM1,GPX3,0.844,700,functional,9606,2026-08-30T07:51:09.311524+00:00,STRING
shared-core,GSTM1,CYP2C19,9606.ENSP00000311469,9606.ENSP00000360372,GSTM1,CYP2C19,0.889,700,functional,9606,2026-08-30T07:51:09.311524+00:00,STRING
shared-core,GSTM1,GPX4,9606.ENSP00000311469,9606.ENSP00000346103,GSTM1,GPX4,0.938,700,functional,9606,2026-08-30T07:51:09.311524+00:00,STRING
shared-core,GSTM1,PRDX6,9606.ENSP00000311469,9606.ENSP00000342026,GSTM1,PRDX6,0.939,700,functional,9606,2026-08-30T07:51:09.311524+00:00,STRING
shared-core,GSTM1,CYP1A1,9606.ENSP00000311469,9606.ENSP00000378488,GSTM1,CYP1A1,0.991,700,functional,9606,2026-08-30T07:51:09.311524+00:00,STRING
shared-core,GRK2,EDN1,9606.ENSP00000312262,9606.ENSP00000368683,GRK2,EDN1,0.714,700,functional,9606,2026-08-30T07:51:09.311524+00:00,STRING
shared-core,GRK2,RGS4,9606.ENSP00000312262,9606.ENSP00000397181,GRK2,RGS4,0.75,700,functional,9606,2026-08-30T07:51:09.311524+00:00,STRING
shared-core,GRK2,AKT1,9606.ENSP00000312262,9606.ENSP00000451828,GRK2,AKT1,0.778,700,functional,9606,2026-08-30T07:51:09.311524+00:00,STRING
shared-core,GRK2,OPRM1,9606.ENSP00000312262,9606.ENSP00000394624,GRK2,OPRM1,0.951,700,functional,9606,2026-08-30T07:51:09.311524+00:00,STRING
shared-core,CLU,MMP9,9606.ENSP00000315130,9606.ENSP00000361405,CLU,MMP9,0.718,700,functional,9606,2026-08-30T07:51:09.311524+00:00,STRING
shared-core,CLU,BCL2L1,9606.ENSP00000315130,9606.ENSP00000365230,CLU,BCL2L1,0.745,700,functional,9606,2026-08-30T07:51:09.311524+00:00,STRING
shared-core,CLU,ELN,9606.ENSP00000315130,9606.ENSP00000351807,CLU,ELN,0.804,700,functional,9606,2026-08-30T07:51:09.311524+00:00,STRING
shared-core,CLU,SNCA,9606.ENSP00000315130,9606.ENSP00000500990,CLU,SNCA,0.861,700,functional,9606,2026-08-30T07:51:09.311524+00:00,STRING
shared-core,CLU,HSPA5,9606.ENSP00000315130,9606.ENSP00000324173,CLU,HSPA5,0.874,700,functional,9606,2026-08-30T07:51:09.311524+00:00,STRING
shared-core,CLU,SERPINA1,9606.ENSP00000315130,9606.ENSP00000416066,CLU,SERPINA1,0.896,700,functional,9606,2026-08-30T07:51:09.311524+00:00,STRING
shared-core,CLU,APOD,9606.ENSP00000315130,9606.ENSP00000345179,CLU,APOD,0.939,700,functional,9606,2026-08-30T07:51:09.311524+00:00,STRING
shared-core,NQO1,AKT1,9606.ENSP00000319788,9606.ENSP00000451828,NQO1,AKT1,0.706,700,functional,9606,2026-08-30T07:51:09.311524+00:00,STRING
shared-core,NQO1,TNF,9606.ENSP00000319788,9606.ENSP00000398698,NQO1,TNF,0.712,700,functional,9606,2026-08-30T07:51:09.311524+00:00,STRING
shared-core,NQO1,GSTP1,9606.ENSP00000319788,9606.ENSP00000381607,NQO1,GSTP1,0.728,700,functional,9606,2026-08-30T07:51:09.311524+00:00,STRING
shared-core,NQO1,GPX3,9606.ENSP00000319788,9606.ENSP00000373477,NQO1,GPX3,0.733,700,functional,9606,2026-08-30T07:51:09.311524+00:00,STRING
shared-core,NQO1,CYP1A1,9606.ENSP00000319788,9606.ENSP00000378488,NQO1,CYP1A1,0.746,700,functional,9606,2026-08-30T07:51:09.311524+00:00,STRING
shared-core,NQO1,HIF1A,9606.ENSP00000319788,9606.ENSP00000437955,NQO1,HIF1A,0.852,700,functional,9606,2026-08-30T07:51:09.311524+00:00,STRING
shared-core,NQO1,KEAP1,9606.ENSP00000319788,9606.ENSP00000377245,NQO1,KEAP1,0.953,700,functional,9606,2026-08-30T07:51:09.311524+00:00,STRING
shared-core,NQO1,NFE2L2,9606.ENSP00000319788,9606.ENSP00000380252,NQO1,NFE2L2,0.978,700,functional,9606,2026-08-30T07:51:09.311524+00:00,STRING
shared-core,PKM,MYC,9606.ENSP00000320171,9606.ENSP00000478887,PKM,MYC,0.805,700,functional,9606,2026-08-30T07:51:09.311524+00:00,STRING
shared-core,PKM,HIF1A,9606.ENSP00000320171,9606.ENSP00000437955,PKM,HIF1A,0.996,700,functional,9606,2026-08-30T07:51:09.311524+00:00,STRING
shared-core,PKM,ENO1,9606.ENSP00000320171,9606.ENSP00000495530,PKM,ENO1,0.997,700,functional,9606,2026-08-30T07:51:09.311524+00:00,STRING
shared-core,SOX2,HIF1A,9606.ENSP00000323588,9606.ENSP00000437955,SOX2,HIF1A,0.758,700,functional,9606,2026-08-30T07:51:09.311524+00:00,STRING
shared-core,SOX2,AKT1,9606.ENSP00000323588,9606.ENSP00000451828,SOX2,AKT1,0.833,700,functional,9606,2026-08-30T07:51:09.311524+00:00,STRING
shared-core,SOX2,FOXA2,9606.ENSP00000323588,9606.ENSP00000400341,SOX2,FOXA2,0.841,700,functional,9606,2026-08-30T07:51:09.311524+00:00,STRING
shared-core,SOX2,MYC,9606.ENSP00000323588,9606.ENSP00000478887,SOX2,MYC,0.958,700,functional,9606,2026-08-30T07:51:09.311524+00:00,STRING
shared-core,HSPA5,HDAC6,9606.ENSP00000324173,9606.ENSP00000365804,HSPA5,HDAC6,0.71,700,functional,9606,2026-08-30T07:51:09.311524+00:00,STRING
shared-core,HSPA5,ENO1,9606.ENSP00000324173,9606.ENSP00000495530,HSPA5,ENO1,0.726,700,functional,9606,2026-08-30T07:51:09.311524+00:00,STRING
shared-core,HSPA5,BCL2,9606.ENSP00000324173,9606.ENSP00000381185,HSPA5,BCL2,0.738,700,functional,9606,2026-08-30T07:51:09.311524+00:00,STRING
shared-core,HSPA5,HSPD1,9606.ENSP00000324173,9606.ENSP00000340019,HSPA5,HSPD1,0.908,700,functional,9606,2026-08-30T07:51:09.311524+00:00,STRING
shared-core,HSPA5,VCP,9606.ENSP00000324173,9606.ENSP00000351777,HSPA5,VCP,0.944,700,functional,9606,2026-08-30T07:51:09.311524+00:00,STRING
shared-core,HSPA5,SNCA,9606.ENSP00000324173,9606.ENSP00000500990,HSPA5,SNCA,0.947,700,functional,9606,2026-08-30T07:51:09.311524+00:00,STRING
shared-core,HSPA5,GPX4,9606.ENSP00000324173,9606.ENSP00000346103,HSPA5,GPX4,0.952,700,functional,9606,2026-08-30T07:51:09.311524+00:00,STRING
shared-core,HSPA5,CASP7,9606.ENSP00000324173,9606.ENSP00000358327,HSPA5,CASP7,0.966,700,functional,9606,2026-08-30T07:51:09.311524+00:00,STRING
shared-core,HSPA5,AKT1,9606.ENSP00000324173,9606.ENSP00000451828,HSPA5,AKT1,0.971,700,functional,9606,2026-08-30T07:51:09.311524+00:00,STRING
shared-core,CYP2B6,ABCB1,9606.ENSP00000324648,9606.ENSP00000478255,CYP2B6,ABCB1,0.741,700,functional,9606,2026-08-30T07:51:09.311524+00:00,STRING
shared-core,CYP2B6,GSTP1,9606.ENSP00000324648,9606.ENSP00000381607,CYP2B6,GSTP1,0.828,700,functional,9606,2026-08-30T07:51:09.311524+00:00,STRING
shared-core,CYP2B6,POR,9606.ENSP00000324648,9606.ENSP00000419970,CYP2B6,POR,0.91,700,functional,9606,2026-08-30T07:51:09.311524+00:00,STRING
shared-core,CYP2B6,CYP2C19,9606.ENSP00000324648,9606.ENSP00000360372,CYP2B6,CYP2C19,0.92,700,functional,9606,2026-08-30T07:51:09.311524+00:00,STRING
shared-core,CYP2B6,CYP1A1,9606.ENSP00000324648,9606.ENSP00000378488,CYP2B6,CYP1A1,0.959,700,functional,9606,2026-08-30T07:51:09.311524+00:00,STRING
shared-core,PGR,MYC,9606.ENSP00000325120,9606.ENSP00000478887,PGR,MYC,0.705,700,functional,9606,2026-08-30T07:51:09.311524+00:00,STRING
shared-core,PGR,HIF1A,9606.ENSP00000325120,9606.ENSP00000437955,PGR,HIF1A,0.717,700,functional,9606,2026-08-30T07:51:09.311524+00:00,STRING
shared-core,PGR,AR,9606.ENSP00000325120,9606.ENSP00000363822,PGR,AR,0.766,700,functional,9606,2026-08-30T07:51:09.311524+00:00,STRING
shared-core,PGR,CYP19A1,9606.ENSP00000325120,9606.ENSP00000379683,PGR,CYP19A1,0.883,700,functional,9606,2026-08-30T07:51:09.311524+00:00,STRING
shared-core,PGR,BRCA1,9606.ENSP00000325120,9606.ENSP00000418960,PGR,BRCA1,0.963,700,functional,9606,2026-08-30T07:51:09.311524+00:00,STRING
shared-core,PGR,ESR1,9606.ENSP00000325120,9606.ENSP00000405330,PGR,ESR1,0.974,700,functional,9606,2026-08-30T07:51:09.311524+00:00,STRING
shared-core,PGR,FKBP5,9606.ENSP00000325120,9606.ENSP00000444810,PGR,FKBP5,0.977,700,functional,9606,2026-08-30T07:51:09.311524+00:00,STRING
shared-core,PGR,NCOA3,9606.ENSP00000325120,9606.ENSP00000361066,PGR,NCOA3,0.986,700,functional,9606,2026-08-30T07:51:09.311524+00:00,STRING
shared-core,CASP9,NFE2L2,9606.ENSP00000330237,9606.ENSP00000380252,CASP9,NFE2L2,0.702,700,functional,9606,2026-08-30T07:51:09.311524+00:00,STRING
shared-core,CASP9,CASP1,9606.ENSP00000330237,9606.ENSP00000433138,CASP9,CASP1,0.712,700,functional,9606,2026-08-30T07:51:09.311524+00:00,STRING
shared-core,CASP9,CDKN1A,9606.ENSP00000330237,9606.ENSP00000384849,CASP9,CDKN1A,0.713,700,functional,9606,2026-08-30T07:51:09.311524+00:00,STRING
shared-core,CASP9,MYC,9606.ENSP00000330237,9606.ENSP00000478887,CASP9,MYC,0.717,700,functional,9606,2026-08-30T07:51:09.311524+00:00,STRING
shared-core,CASP9,HIF1A,9606.ENSP00000330237,9606.ENSP00000437955,CASP9,HIF1A,0.746,700,functional,9606,2026-08-30T07:51:09.311524+00:00,STRING
shared-core,CASP9,JUN,9606.ENSP00000330237,9606.ENSP00000360266,CASP9,JUN,0.77,700,functional,9606,2026-08-30T07:51:09.311524+00:00,STRING
shared-core,CASP9,TNF,9606.ENSP00000330237,9606.ENSP00000398698,CASP9,TNF,0.816,700,functional,9606,2026-08-30T07:51:09.311524+00:00,STRING
shared-core,CASP9,MCL1,9606.ENSP00000330237,9606.ENSP00000358022,CASP9,MCL1,0.829,700,functional,9606,2026-08-30T07:51:09.311524+00:00,STRING
shared-core,CASP9,BCL2L11,9606.ENSP00000330237,9606.ENSP00000376943,CASP9,BCL2L11,0.864,700,functional,9606,2026-08-30T07:51:09.311524+00:00,STRING
shared-core,CASP9,BCL2,9606.ENSP00000330237,9606.ENSP00000381185,CASP9,BCL2,0.946,700,functional,9606,2026-08-30T07:51:09.311524+00:00,STRING
shared-core,CASP9,CASP7,9606.ENSP00000330237,9606.ENSP00000358327,CASP9,CASP7,0.952,700,functional,9606,2026-08-30T07:51:09.311524+00:00,STRING
shared-core,CASP9,AKT1,9606.ENSP00000330237,9606.ENSP00000451828,CASP9,AKT1,0.989,700,functional,9606,2026-08-30T07:51:09.311524+00:00,STRING
shared-core,CASP9,BCL2L1,9606.ENSP00000330237,9606.ENSP00000365230,CASP9,BCL2L1,0.992,700,functional,9606,2026-08-30T07:51:09.311524+00:00,STRING
shared-core,PAPPA,TNNI3,9606.ENSP00000330658,9606.ENSP00000341838,PAPPA,TNNI3,0.721,700,functional,9606,2026-08-30T07:51:09.311524+00:00,STRING
shared-core,PAPPA,IGFBP3,9606.ENSP00000330658,9606.ENSP00000370473,PAPPA,IGFBP3,0.743,700,functional,9606,2026-08-30T07:51:09.311524+00:00,STRING
shared-core,PAPPA,PGF,9606.ENSP00000330658,9606.ENSP00000451040,PAPPA,PGF,0.799,700,functional,9606,2026-08-30T07:51:09.311524+00:00,STRING
shared-core,PAPPA,IGF1,9606.ENSP00000330658,9606.ENSP00000376637,PAPPA,IGF1,0.89,700,functional,9606,2026-08-30T07:51:09.311524+00:00,STRING
shared-core,MEN1,MYC,9606.ENSP00000337088,9606.ENSP00000478887,MEN1,MYC,0.727,700,functional,9606,2026-08-30T07:51:09.311524+00:00,STRING
shared-core,MEN1,ESR1,9606.ENSP00000337088,9606.ENSP00000405330,MEN1,ESR1,0.923,700,functional,9606,2026-08-30T07:51:09.311524+00:00,STRING
shared-core,MEN1,KMT2A,9606.ENSP00000337088,9606.ENSP00000436786,MEN1,KMT2A,0.999,700,functional,9606,2026-08-30T07:51:09.311524+00:00,STRING
shared-core,NLRP3,CGAS,9606.ENSP00000337383,9606.ENSP00000359339,NLRP3,CGAS,0.722,700,functional,9606,2026-08-30T07:51:09.311524+00:00,STRING
shared-core,NLRP3,TLR9,9606.ENSP00000337383,9606.ENSP00000353874,NLRP3,TLR9,0.746,700,functional,9606,2026-08-30T07:51:09.311524+00:00,STRING
shared-core,NLRP3,TNF,9606.ENSP00000337383,9606.ENSP00000398698,NLRP3,TNF,0.869,700,functional,9606,2026-08-30T07:51:09.311524+00:00,STRING
shared-core,NLRP3,CASP1,9606.ENSP00000337383,9606.ENSP00000433138,NLRP3,CASP1,0.999,700,functional,9606,2026-08-30T07:51:09.311524+00:00,STRING
shared-core,MAPT,VCP,9606.ENSP00000340820,9606.ENSP00000351777,MAPT,VCP,0.713,700,functional,9606,2026-08-30T07:51:09.311524+00:00,STRING
shared-core,MAPT,AKT1,9606.ENSP00000340820,9606.ENSP00000451828,MAPT,AKT1,0.872,700,functional,9606,2026-08-30T07:51:09.311524+00:00,STRING
shared-core,MAPT,HDAC6,9606.ENSP00000340820,9606.ENSP00000365804,MAPT,HDAC6,0.879,700,functional,9606,2026-08-30T07:51:09.311524+00:00,STRING
shared-core,MAPT,FKBP5,9606.ENSP00000340820,9606.ENSP00000444810,MAPT,FKBP5,0.896,700,functional,9606,2026-08-30T07:51:09.311524+00:00,STRING
shared-core,MAPT,CASP7,9606.ENSP00000340820,9606.ENSP00000358327,MAPT,CASP7,0.935,700,functional,9606,2026-08-30T07:51:09.311524+00:00,STRING
shared-core,MAPT,SNCA,9606.ENSP00000340820,9606.ENSP00000500990,MAPT,SNCA,0.994,700,functional,9606,2026-08-30T07:51:09.311524+00:00,STRING
shared-core,TNNI3,ACTA1,9606.ENSP00000341838,9606.ENSP00000355645,TNNI3,ACTA1,0.945,700,functional,9606,2026-08-30T07:51:09.311524+00:00,STRING
shared-core,PRDX6,ENO1,9606.ENSP00000342026,9606.ENSP00000495530,PRDX6,ENO1,0.737,700,functional,9606,2026-08-30T07:51:09.311524+00:00,STRING
shared-core,PRDX6,GPX3,9606.ENSP00000342026,9606.ENSP00000373477,PRDX6,GPX3,0.967,700,functional,9606,2026-08-30T07:51:09.311524+00:00,STRING
shared-core,PRDX6,GPX4,9606.ENSP00000342026,9606.ENSP00000346103,PRDX6,GPX4,0.973,700,functional,9606,2026-08-30T07:51:09.311524+00:00,STRING
shared-core,PRDX6,GSTP1,9606.ENSP00000342026,9606.ENSP00000381607,PRDX6,GSTP1,0.973,700,functional,9606,2026-08-30T07:51:09.311524+00:00,STRING
shared-core,ESR2,IGF1,9606.ENSP00000343925,9606.ENSP00000376637,ESR2,IGF1,0.731,700,functional,9606,2026-08-30T07:51:09.311524+00:00,STRING
shared-core,ESR2,CREB1,9606.ENSP00000343925,9606.ENSP00000387699,ESR2,CREB1,0.746,700,functional,9606,2026-08-30T07:51:09.311524+00:00,STRING
shared-core,ESR2,CYP19A1,9606.ENSP00000343925,9606.ENSP00000379683,ESR2,CYP19A1,0.925,700,functional,9606,2026-08-30T07:51:09.311524+00:00,STRING
shared-core,ESR2,JUN,9606.ENSP00000343925,9606.ENSP00000360266,ESR2,JUN,0.967,700,functional,9606,2026-08-30T07:51:09.311524+00:00,STRING
shared-core,ESR2,NCOA3,9606.ENSP00000343925,9606.ENSP00000361066,ESR2,NCOA3,0.997,700,functional,9606,2026-08-30T07:51:09.311524+00:00,STRING
shared-core,ESR2,ESR1,9606.ENSP00000343925,9606.ENSP00000405330,ESR2,ESR1,0.998,700,functional,9606,2026-08-30T07:51:09.311524+00:00,STRING
shared-core,HMGB1,TNF,9606.ENSP00000345347,9606.ENSP00000398698,HMGB1,TNF,0.753,700,functional,9606,2026-08-30T07:51:09.311524+00:00,STRING
shared-core,HMGB1,TLR9,9606.ENSP00000345347,9606.ENSP00000353874,HMGB1,TLR9,0.997,700,functional,9606,2026-08-30T07:51:09.311524+00:00,STRING
shared-core,GPX4,GPX3,9606.ENSP00000346103,9606.ENSP00000373477,GPX4,GPX3,0.936,700,functional,9606,2026-08-30T07:51:09.311524+00:00,STRING
shared-core,GPX4,GSTP1,9606.ENSP00000346103,9606.ENSP00000381607,GPX4,GSTP1,0.945,700,functional,9606,2026-08-30T07:51:09.311524+00:00,STRING
shared-core,VCP,KEAP1,9606.ENSP00000351777,9606.ENSP00000377245,VCP,KEAP1,0.723,700,functional,9606,2026-08-30T07:51:09.311524+00:00,STRING
shared-core,VCP,AKT1,9606.ENSP00000351777,9606.ENSP00000451828,VCP,AKT1,0.735,700,functional,9606,2026-08-30T07:51:09.311524+00:00,STRING
shared-core,VCP,BRCA1,9606.ENSP00000351777,9606.ENSP00000418960,VCP,BRCA1,0.787,700,functional,9606,2026-08-30T07:51:09.311524+00:00,STRING
shared-core,VCP,HDAC6,9606.ENSP00000351777,9606.ENSP00000365804,VCP,HDAC6,0.995,700,functional,9606,2026-08-30T07:51:09.311524+00:00,STRING
shared-core,ELN,SERPINA1,9606.ENSP00000351807,9606.ENSP00000416066,ELN,SERPINA1,0.718,700,functional,9606,2026-08-30T07:51:09.311524+00:00,STRING
shared-core,ELN,MMP9,9606.ENSP00000351807,9606.ENSP00000361405,ELN,MMP9,0.979,700,functional,9606,2026-08-30T07:51:09.311524+00:00,STRING
shared-core,DNMT1,BRCA1,9606.ENSP00000352516,9606.ENSP00000418960,DNMT1,BRCA1,0.799,700,functional,9606,2026-08-30T07:51:09.311524+00:00,STRING
shared-core,DNMT1,AKT1,9606.ENSP00000352516,9606.ENSP00000451828,DNMT1,AKT1,0.822,700,functional,9606,2026-08-30T07:51:09.311524+00:00,STRING
shared-core,DNMT1,MYC,9606.ENSP00000352516,9606.ENSP00000478887,DNMT1,MYC,0.837,700,functional,9606,2026-08-30T07:51:09.311524+00:00,STRING
shared-core,DNMT1,CBX1,9606.ENSP00000352516,9606.ENSP00000377060,DNMT1,CBX1,0.923,700,functional,9606,2026-08-30T07:51:09.311524+00:00,STRING
shared-core,TLR9,CASP1,9606.ENSP00000353874,9606.ENSP00000433138,TLR9,CASP1,0.771,700,functional,9606,2026-08-30T07:51:09.311524+00:00,STRING
shared-core,TLR9,CGAS,9606.ENSP00000353874,9606.ENSP00000359339,TLR9,CGAS,0.812,700,functional,9606,2026-08-30T07:51:09.311524+00:00,STRING
shared-core,TLR9,TNF,9606.ENSP00000353874,9606.ENSP00000398698,TLR9,TNF,0.896,700,functional,9606,2026-08-30T07:51:09.311524+00:00,STRING
shared-core,KRT19,MUC1,9606.ENSP00000355124,9606.ENSP00000484824,KRT19,MUC1,0.775,700,functional,9606,2026-08-30T07:51:09.311524+00:00,STRING
shared-core,MDM4,BCL2,9606.ENSP00000356150,9606.ENSP00000381185,MDM4,BCL2,0.728,700,functional,9606,2026-08-30T07:51:09.311524+00:00,STRING
shared-core,MDM4,CDKN1A,9606.ENSP00000356150,9606.ENSP00000384849,MDM4,CDKN1A,0.754,700,functional,9606,2026-08-30T07:51:09.311524+00:00,STRING
shared-core,MDM4,BRCA1,9606.ENSP00000356150,9606.ENSP00000418960,MDM4,BRCA1,0.77,700,functional,9606,2026-08-30T07:51:09.311524+00:00,STRING
shared-core,LMNA,BRCA1,9606.ENSP00000357283,9606.ENSP00000418960,LMNA,BRCA1,0.765,700,functional,9606,2026-08-30T07:51:09.311524+00:00,STRING
shared-core,S100A6,S100A8,9606.ENSP00000357709,9606.ENSP00000357721,S100A6,S100A8,0.701,700,functional,9606,2026-08-30T07:51:09.311524+00:00,STRING
shared-core,MCL1,ABL1,9606.ENSP00000358022,9606.ENSP00000361423,MCL1,ABL1,0.753,700,functional,9606,2026-08-30T07:51:09.311524+00:00,STRING
shared-core,MCL1,BCL2,9606.ENSP00000358022,9606.ENSP00000381185,MCL1,BCL2,0.764,700,functional,9606,2026-08-30T07:51:09.311524+00:00,STRING
shared-core,MCL1,HIF1A,9606.ENSP00000358022,9606.ENSP00000437955,MCL1,HIF1A,0.825,700,functional,9606,2026-08-30T07:51:09.311524+00:00,STRING
shared-core,MCL1,CDKN1A,9606.ENSP00000358022,9606.ENSP00000384849,MCL1,CDKN1A,0.849,700,functional,9606,2026-08-30T07:51:09.311524+00:00,STRING
shared-core,MCL1,MYC,9606.ENSP00000358022,9606.ENSP00000478887,MCL1,MYC,0.857,700,functional,9606,2026-08-30T07:51:09.311524+00:00,STRING
shared-core,MCL1,AKT1,9606.ENSP00000358022,9606.ENSP00000451828,MCL1,AKT1,0.867,700,functional,9606,2026-08-30T07:51:09.311524+00:00,STRING
shared-core,MCL1,BCL2L1,9606.ENSP00000358022,9606.ENSP00000365230,MCL1,BCL2L1,0.989,700,functional,9606,2026-08-30T07:51:09.311524+00:00,STRING
shared-core,MCL1,BCL2L11,9606.ENSP00000358022,9606.ENSP00000376943,MCL1,BCL2L11,0.999,700,functional,9606,2026-08-30T07:51:09.311524+00:00,STRING
shared-core,CASP7,BCL2L1,9606.ENSP00000358327,9606.ENSP00000365230,CASP7,BCL2L1,0.854,700,functional,9606,2026-08-30T07:51:09.311524+00:00,STRING
shared-core,CASP7,BCL2,9606.ENSP00000358327,9606.ENSP00000381185,CASP7,BCL2,0.857,700,functional,9606,2026-08-30T07:51:09.311524+00:00,STRING
shared-core,NGF,TNF,9606.ENSP00000358525,9606.ENSP00000398698,NGF,TNF,0.714,700,functional,9606,2026-08-30T07:51:09.311524+00:00,STRING
shared-core,NGF,AKT1,9606.ENSP00000358525,9606.ENSP00000451828,NGF,AKT1,0.818,700,functional,9606,2026-08-30T07:51:09.311524+00:00,STRING
shared-core,NGF,IGF1,9606.ENSP00000358525,9606.ENSP00000376637,NGF,IGF1,0.84,700,functional,9606,2026-08-30T07:51:09.311524+00:00,STRING
shared-core,CGAS,BRCA1,9606.ENSP00000359339,9606.ENSP00000418960,CGAS,BRCA1,0.71,700,functional,9606,2026-08-30T07:51:09.311524+00:00,STRING
shared-core,GNAS,TRHR,9606.ENSP00000360141,9606.ENSP00000430711,GNAS,TRHR,0.92,700,functional,9606,2026-08-30T07:51:09.311524+00:00,STRING
shared-core,GNAS,OPRM1,9606.ENSP00000360141,9606.ENSP00000394624,GNAS,OPRM1,0.92,700,functional,9606,2026-08-30T07:51:09.311524+00:00,STRING
shared-core,GNAS,GLP1R,9606.ENSP00000360141,9606.ENSP00000362353,GNAS,GLP1R,0.995,700,functional,9606,2026-08-30T07:51:09.311524+00:00,STRING
shared-core,GNAS,TSHR,9606.ENSP00000360141,9606.ENSP00000441235,GNAS,TSHR,0.997,700,functional,9606,2026-08-30T07:51:09.311524+00:00,STRING
shared-core,JUN,BCL2L1,9606.ENSP00000360266,9606.ENSP00000365230,JUN,BCL2L1,0.706,700,functional,9606,2026-08-30T07:51:09.311524+00:00,STRING
shared-core,JUN,MUC1,9606.ENSP00000360266,9606.ENSP00000484824,JUN,MUC1,0.714,700,functional,9606,2026-08-30T07:51:09.311524+00:00,STRING
shared-core,JUN,BCL2L11,9606.ENSP00000360266,9606.ENSP00000376943,JUN,BCL2L11,0.778,700,functional,9606,2026-08-30T07:51:09.311524+00:00,STRING
shared-core,JUN,ABL1,9606.ENSP00000360266,9606.ENSP00000361423,JUN,ABL1,0.784,700,functional,9606,2026-08-30T07:51:09.311524+00:00,STRING
shared-core,JUN,BRCA1,9606.ENSP00000360266,9606.ENSP00000418960,JUN,BRCA1,0.794,700,functional,9606,2026-08-30T07:51:09.311524+00:00,STRING
shared-core,JUN,CDKN1A,9606.ENSP00000360266,9606.ENSP00000384849,JUN,CDKN1A,0.831,700,functional,9606,2026-08-30T07:51:09.311524+00:00,STRING
shared-core,JUN,AR,9606.ENSP00000360266,9606.ENSP00000363822,JUN,AR,0.84,700,functional,9606,2026-08-30T07:51:09.311524+00:00,STRING
shared-core,JUN,MMP9,9606.ENSP00000360266,9606.ENSP00000361405,JUN,MMP9,0.866,700,functional,9606,2026-08-30T07:51:09.311524+00:00,STRING
shared-core,JUN,NFE2L2,9606.ENSP00000360266,9606.ENSP00000380252,JUN,NFE2L2,0.92,700,functional,9606,2026-08-30T07:51:09.311524+00:00,STRING
shared-core,JUN,MITF,9606.ENSP00000360266,9606.ENSP00000391803,JUN,MITF,0.923,700,functional,9606,2026-08-30T07:51:09.311524+00:00,STRING
shared-core,JUN,BCL2,9606.ENSP00000360266,9606.ENSP00000381185,JUN,BCL2,0.927,700,functional,9606,2026-08-30T07:51:09.311524+00:00,STRING
shared-core,JUN,GSTP1,9606.ENSP00000360266,9606.ENSP00000381607,JUN,GSTP1,0.927,700,functional,9606,2026-08-30T07:51:09.311524+00:00,STRING
shared-core,JUN,NCOA3,9606.ENSP00000360266,9606.ENSP00000361066,JUN,NCOA3,0.938,700,functional,9606,2026-08-30T07:51:09.311524+00:00,STRING
shared-core,JUN,HIF1A,9606.ENSP00000360266,9606.ENSP00000437955,JUN,HIF1A,0.961,700,functional,9606,2026-08-30T07:51:09.311524+00:00,STRING
shared-core,JUN,MYC,9606.ENSP00000360266,9606.ENSP00000478887,JUN,MYC,0.97,700,functional,9606,2026-08-30T07:51:09.311524+00:00,STRING
shared-core,JUN,PPARA,9606.ENSP00000360266,9606.ENSP00000385523,JUN,PPARA,0.979,700,functional,9606,2026-08-30T07:51:09.311524+00:00,STRING
shared-core,JUN,TNF,9606.ENSP00000360266,9606.ENSP00000398698,JUN,TNF,0.989,700,functional,9606,2026-08-30T07:51:09.311524+00:00,STRING
shared-core,JUN,AKT1,9606.ENSP00000360266,9606.ENSP00000451828,JUN,AKT1,0.991,700,functional,9606,2026-08-30T07:51:09.311524+00:00,STRING
shared-core,JUN,CREB1,9606.ENSP00000360266,9606.ENSP00000387699,JUN,CREB1,0.998,700,functional,9606,2026-08-30T07:51:09.311524+00:00,STRING
shared-core,JUN,ESR1,9606.ENSP00000360266,9606.ENSP00000405330,JUN,ESR1,0.999,700,functional,9606,2026-08-30T07:51:09.311524+00:00,STRING
shared-core,CYP2C19,GSTP1,9606.ENSP00000360372,9606.ENSP00000381607,CYP2C19,GSTP1,0.819,700,functional,9606,2026-08-30T07:51:09.311524+00:00,STRING
shared-core,CYP2C19,POR,9606.ENSP00000360372,9606.ENSP00000419970,CYP2C19,POR,0.838,700,functional,9606,2026-08-30T07:51:09.311524+00:00,STRING
shared-core,CYP2C19,ABCB1,9606.ENSP00000360372,9606.ENSP00000478255,CYP2C19,ABCB1,0.858,700,functional,9606,2026-08-30T07:51:09.311524+00:00,STRING
shared-core,CYP2C19,CYP2D6,9606.ENSP00000360372,9606.ENSP00000496150,CYP2C19,CYP2D6,0.925,700,functional,9606,2026-08-30T07:51:09.311524+00:00,STRING
shared-core,NCOA3,NR1H4,9606.ENSP00000361066,9606.ENSP00000447149,NCOA3,NR1H4,0.775,700,functional,9606,2026-08-30T07:51:09.311524+00:00,STRING
shared-core,NCOA3,ESRRA,9606.ENSP00000361066,9606.ENSP00000384851,NCOA3,ESRRA,0.805,700,functional,9606,2026-08-30T07:51:09.311524+00:00,STRING
shared-core,NCOA3,MYC,9606.ENSP00000361066,9606.ENSP00000478887,NCOA3,MYC,0.845,700,functional,9606,2026-08-30T07:51:09.311524+00:00,STRING
shared-core,NCOA3,THRB,9606.ENSP00000361066,9606.ENSP00000379904,NCOA3,THRB,0.938,700,functional,9606,2026-08-30T07:51:09.311524+00:00,STRING
shared-core,NCOA3,AR,9606.ENSP00000361066,9606.ENSP00000363822,NCOA3,AR,0.997,700,functional,9606,2026-08-30T07:51:09.311524+00:00,STRING
shared-core,NCOA3,ESR1,9606.ENSP00000361066,9606.ENSP00000405330,NCOA3,ESR1,0.999,700,functional,9606,2026-08-30T07:51:09.311524+00:00,STRING
shared-core,MMP9,PGF,9606.ENSP00000361405,9606.ENSP00000451040,MMP9,PGF,0.702,700,functional,9606,2026-08-30T07:51:09.311524+00:00,STRING
shared-core,MMP9,MYC,9606.ENSP00000361405,9606.ENSP00000478887,MMP9,MYC,0.704,700,functional,9606,2026-08-30T07:51:09.311524+00:00,STRING
shared-core,MMP9,IGF1,9606.ENSP00000361405,9606.ENSP00000376637,MMP9,IGF1,0.767,700,functional,9606,2026-08-30T07:51:09.311524+00:00,STRING
shared-core,MMP9,ESR1,9606.ENSP00000361405,9606.ENSP00000405330,MMP9,ESR1,0.772,700,functional,9606,2026-08-30T07:51:09.311524+00:00,STRING
shared-core,MMP9,BCL2,9606.ENSP00000361405,9606.ENSP00000381185,MMP9,BCL2,0.804,700,functional,9606,2026-08-30T07:51:09.311524+00:00,STRING
shared-core,MMP9,HIF1A,9606.ENSP00000361405,9606.ENSP00000437955,MMP9,HIF1A,0.824,700,functional,9606,2026-08-30T07:51:09.311524+00:00,STRING
shared-core,MMP9,AKT1,9606.ENSP00000361405,9606.ENSP00000451828,MMP9,AKT1,0.827,700,functional,9606,2026-08-30T07:51:09.311524+00:00,STRING
shared-core,MMP9,TNF,9606.ENSP00000361405,9606.ENSP00000398698,MMP9,TNF,0.93,700,functional,9606,2026-08-30T07:51:09.311524+00:00,STRING
shared-core,MMP9,EDN1,9606.ENSP00000361405,9606.ENSP00000368683,MMP9,EDN1,0.963,700,functional,9606,2026-08-30T07:51:09.311524+00:00,STRING
shared-core,ABL1,BCL2L1,9606.ENSP00000361423,9606.ENSP00000365230,ABL1,BCL2L1,0.722,700,functional,9606,2026-08-30T07:51:09.311524+00:00,STRING
shared-core,ABL1,MYC,9606.ENSP00000361423,9606.ENSP00000478887,ABL1,MYC,0.785,700,functional,9606,2026-08-30T07:51:09.311524+00:00,STRING
shared-core,ABL1,SNCA,9606.ENSP00000361423,9606.ENSP00000500990,ABL1,SNCA,0.823,700,functional,9606,2026-08-30T07:51:09.311524+00:00,STRING
shared-core,ABL1,CDKN1A,9606.ENSP00000361423,9606.ENSP00000384849,ABL1,CDKN1A,0.878,700,functional,9606,2026-08-30T07:51:09.311524+00:00,STRING
shared-core,ABL1,BRCA1,9606.ENSP00000361423,9606.ENSP00000418960,ABL1,BRCA1,0.956,700,functional,9606,2026-08-30T07:51:09.311524+00:00,STRING
shared-core,AR,MYC,9606.ENSP00000363822,9606.ENSP00000478887,AR,MYC,0.7,700,functional,9606,2026-08-30T07:51:09.311524+00:00,STRING
shared-core,AR,IGF1,9606.ENSP00000363822,9606.ENSP00000376637,AR,IGF1,0.747,700,functional,9606,2026-08-30T07:51:09.311524+00:00,STRING
shared-core,AR,CYP19A1,9606.ENSP00000363822,9606.ENSP00000379683,AR,CYP19A1,0.787,700,functional,9606,2026-08-30T07:51:09.311524+00:00,STRING
shared-core,AR,FOXA2,9606.ENSP00000363822,9606.ENSP00000400341,AR,FOXA2,0.857,700,functional,9606,2026-08-30T07:51:09.311524+00:00,STRING
shared-core,AR,HIF1A,9606.ENSP00000363822,9606.ENSP00000437955,AR,HIF1A,0.871,700,functional,9606,2026-08-30T07:51:09.311524+00:00,STRING
shared-core,AR,AKT1,9606.ENSP00000363822,9606.ENSP00000451828,AR,AKT1,0.895,700,functional,9606,2026-08-30T07:51:09.311524+00:00,STRING
shared-core,AR,FKBP5,9606.ENSP00000363822,9606.ENSP00000444810,AR,FKBP5,0.905,700,functional,9606,2026-08-30T07:51:09.311524+00:00,STRING
shared-core,AR,BRCA1,9606.ENSP00000363822,9606.ENSP00000418960,AR,BRCA1,0.908,700,functional,9606,2026-08-30T07:51:09.311524+00:00,STRING
shared-core,AR,ESR1,9606.ENSP00000363822,9606.ENSP00000405330,AR,ESR1,0.981,700,functional,9606,2026-08-30T07:51:09.311524+00:00,STRING
shared-core,BCL2L1,CDKN1A,9606.ENSP00000365230,9606.ENSP00000384849,BCL2L1,CDKN1A,0.704,700,functional,9606,2026-08-30T07:51:09.311524+00:00,STRING
shared-core,BCL2L1,IGF1,9606.ENSP00000365230,9606.ENSP00000376637,BCL2L1,IGF1,0.704,700,functional,9606,2026-08-30T07:51:09.311524+00:00,STRING
shared-core,BCL2L1,SNCA,9606.ENSP00000365230,9606.ENSP00000500990,BCL2L1,SNCA,0.706,700,functional,9606,2026-08-30T07:51:09.311524+00:00,STRING
shared-core,BCL2L1,CASP1,9606.ENSP00000365230,9606.ENSP00000433138,BCL2L1,CASP1,0.728,700,functional,9606,2026-08-30T07:51:09.311524+00:00,STRING
shared-core,BCL2L1,MYC,9606.ENSP00000365230,9606.ENSP00000478887,BCL2L1,MYC,0.863,700,functional,9606,2026-08-30T07:51:09.311524+00:00,STRING
shared-core,BCL2L1,TNF,9606.ENSP00000365230,9606.ENSP00000398698,BCL2L1,TNF,0.878,700,functional,9606,2026-08-30T07:51:09.311524+00:00,STRING
shared-core,BCL2L1,RAF1,9606.ENSP00000365230,9606.ENSP00000401888,BCL2L1,RAF1,0.892,700,functional,9606,2026-08-30T07:51:09.311524+00:00,STRING
shared-core,BCL2L1,AKT1,9606.ENSP00000365230,9606.ENSP00000451828,BCL2L1,AKT1,0.991,700,functional,9606,2026-08-30T07:51:09.311524+00:00,STRING
shared-core,BCL2L1,BCL2,9606.ENSP00000365230,9606.ENSP00000381185,BCL2L1,BCL2,0.999,700,functional,9606,2026-08-30T07:51:09.311524+00:00,STRING
shared-core,BCL2L1,BCL2L11,9606.ENSP00000365230,9606.ENSP00000376943,BCL2L1,BCL2L11,0.999,700,functional,9606,2026-08-30T07:51:09.311524+00:00,STRING
shared-core,HDAC6,AKT1,9606.ENSP00000365804,9606.ENSP00000451828,HDAC6,AKT1,0.712,700,functional,9606,2026-08-30T07:51:09.311524+00:00,STRING
shared-core,HDAC6,HDAC9,9606.ENSP00000365804,9606.ENSP00000408617,HDAC6,HDAC9,0.715,700,functional,9606,2026-08-30T07:51:09.311524+00:00,STRING
shared-core,HDAC6,HIF1A,9606.ENSP00000365804,9606.ENSP00000437955,HDAC6,HIF1A,0.752,700,functional,9606,2026-08-30T07:51:09.311524+00:00,STRING
shared-core,HDAC6,SNCA,9606.ENSP00000365804,9606.ENSP00000500990,HDAC6,SNCA,0.754,700,functional,9606,2026-08-30T07:51:09.311524+00:00,STRING
shared-core,HDAC6,CDKN1A,9606.ENSP00000365804,9606.ENSP00000384849,HDAC6,CDKN1A,0.775,700,functional,9606,2026-08-30T07:51:09.311524+00:00,STRING
shared-core,EDN1,TNF,9606.ENSP00000368683,9606.ENSP00000398698,EDN1,TNF,0.732,700,functional,9606,2026-08-30T07:51:09.311524+00:00,STRING
shared-core,IGFBP3,IGF1,9606.ENSP00000370473,9606.ENSP00000376637,IGFBP3,IGF1,0.999,700,functional,9606,2026-08-30T07:51:09.311524+00:00,STRING
shared-core,GPX3,BCL2,9606.ENSP00000373477,9606.ENSP00000381185,GPX3,BCL2,0.725,700,functional,9606,2026-08-30T07:51:09.311524+00:00,STRING
shared-core,GPX3,TNF,9606.ENSP00000373477,9606.ENSP00000398698,GPX3,TNF,0.727,700,functional,9606,2026-08-30T07:51:09.311524+00:00,STRING
shared-core,GPX3,KEAP1,9606.ENSP00000373477,9606.ENSP00000377245,GPX3,KEAP1,0.727,700,functional,9606,2026-08-30T07:51:09.311524+00:00,STRING
shared-core,GPX3,NFE2L2,9606.ENSP00000373477,9606.ENSP00000380252,GPX3,NFE2L2,0.802,700,functional,9606,2026-08-30T07:51:09.311524+00:00,STRING
shared-core,GPX3,GSTP1,9606.ENSP00000373477,9606.ENSP00000381607,GPX3,GSTP1,0.84,700,functional,9606,2026-08-30T07:51:09.311524+00:00,STRING
shared-core,IGF1,MYC,9606.ENSP00000376637,9606.ENSP00000478887,IGF1,MYC,0.731,700,functional,9606,2026-08-30T07:51:09.311524+00:00,STRING
shared-core,IGF1,BCL2,9606.ENSP00000376637,9606.ENSP00000381185,IGF1,BCL2,0.765,700,functional,9606,2026-08-30T07:51:09.311524+00:00,STRING
shared-core,IGF1,TNF,9606.ENSP00000376637,9606.ENSP00000398698,IGF1,TNF,0.837,700,functional,9606,2026-08-30T07:51:09.311524+00:00,STRING
shared-core,IGF1,AKT1,9606.ENSP00000376637,9606.ENSP00000451828,IGF1,AKT1,0.935,700,functional,9606,2026-08-30T07:51:09.311524+00:00,STRING
shared-core,IGF1,ESR1,9606.ENSP00000376637,9606.ENSP00000405330,IGF1,ESR1,0.964,700,functional,9606,2026-08-30T07:51:09.311524+00:00,STRING
shared-core,BCL2L11,CDKN1A,9606.ENSP00000376943,9606.ENSP00000384849,BCL2L11,CDKN1A,0.726,700,functional,9606,2026-08-30T07:51:09.311524+00:00,STRING
shared-core,BCL2L11,AKT1,9606.ENSP00000376943,9606.ENSP00000451828,BCL2L11,AKT1,0.833,700,functional,9606,2026-08-30T07:51:09.311524+00:00,STRING
shared-core,BCL2L11,BCL2,9606.ENSP00000376943,9606.ENSP00000381185,BCL2L11,BCL2,0.999,700,functional,9606,2026-08-30T07:51:09.311524+00:00,STRING
shared-core,KEAP1,CASP1,9606.ENSP00000377245,9606.ENSP00000433138,KEAP1,CASP1,0.709,700,functional,9606,2026-08-30T07:51:09.311524+00:00,STRING
shared-core,KEAP1,AKT1,9606.ENSP00000377245,9606.ENSP00000451828,KEAP1,AKT1,0.724,700,functional,9606,2026-08-30T07:51:09.311524+00:00,STRING
shared-core,KEAP1,BRCA1,9606.ENSP00000377245,9606.ENSP00000418960,KEAP1,BRCA1,0.757,700,functional,9606,2026-08-30T07:51:09.311524+00:00,STRING
shared-core,KEAP1,BCL2,9606.ENSP00000377245,9606.ENSP00000381185,KEAP1,BCL2,0.92,700,functional,9606,2026-08-30T07:51:09.311524+00:00,STRING
shared-core,KEAP1,NFE2L2,9606.ENSP00000377245,9606.ENSP00000380252,KEAP1,NFE2L2,0.999,700,functional,9606,2026-08-30T07:51:09.311524+00:00,STRING
shared-core,CYP1A1,PPARA,9606.ENSP00000378488,9606.ENSP00000385523,CYP1A1,PPARA,0.719,700,functional,9606,2026-08-30T07:51:09.311524+00:00,STRING
shared-core,CYP1A1,POR,9606.ENSP00000378488,9606.ENSP00000419970,CYP1A1,POR,0.75,700,functional,9606,2026-08-30T07:51:09.311524+00:00,STRING
shared-core,CYP1A1,ESR1,9606.ENSP00000378488,9606.ENSP00000405330,CYP1A1,ESR1,0.785,700,functional,9606,2026-08-30T07:51:09.311524+00:00,STRING
shared-core,CYP1A1,CYP2D6,9606.ENSP00000378488,9606.ENSP00000496150,CYP1A1,CYP2D6,0.936,700,functional,9606,2026-08-30T07:51:09.311524+00:00,STRING
shared-core,CYP1A1,CYP19A1,9606.ENSP00000378488,9606.ENSP00000379683,CYP1A1,CYP19A1,0.953,700,functional,9606,2026-08-30T07:51:09.311524+00:00,STRING
shared-core,CYP1A1,GSTP1,9606.ENSP00000378488,9606.ENSP00000381607,CYP1A1,GSTP1,0.974,700,functional,9606,2026-08-30T07:51:09.311524+00:00,STRING
shared-core,CYP19A1,AKT1,9606.ENSP00000379683,9606.ENSP00000451828,CYP19A1,AKT1,0.748,700,functional,9606,2026-08-30T07:51:09.311524+00:00,STRING
shared-core,CYP19A1,ESR1,9606.ENSP00000379683,9606.ENSP00000405330,CYP19A1,ESR1,0.927,700,functional,9606,2026-08-30T07:51:09.311524+00:00,STRING
shared-core,NFE2L2,TNF,9606.ENSP00000380252,9606.ENSP00000398698,NFE2L2,TNF,0.701,700,functional,9606,2026-08-30T07:51:09.311524+00:00,STRING
shared-core,NFE2L2,GSTP1,9606.ENSP00000380252,9606.ENSP00000381607,NFE2L2,GSTP1,0.72,700,functional,9606,2026-08-30T07:51:09.311524+00:00,STRING
shared-core,NFE2L2,HIF1A,9606.ENSP00000380252,9606.ENSP00000437955,NFE2L2,HIF1A,0.75,700,functional,9606,2026-08-30T07:51:09.311524+00:00,STRING
shared-core,NFE2L2,CDKN1A,9606.ENSP00000380252,9606.ENSP00000384849,NFE2L2,CDKN1A,0.75,700,functional,9606,2026-08-30T07:51:09.311524+00:00,STRING
shared-core,NFE2L2,BRCA1,9606.ENSP00000380252,9606.ENSP00000418960,NFE2L2,BRCA1,0.813,700,functional,9606,2026-08-30T07:51:09.311524+00:00,STRING
shared-core,NFE2L2,IDH1,9606.ENSP00000380252,9606.ENSP00000390265,NFE2L2,IDH1,0.849,700,functional,9606,2026-08-30T07:51:09.311524+00:00,STRING
shared-core,NFE2L2,AKT1,9606.ENSP00000380252,9606.ENSP00000451828,NFE2L2,AKT1,0.923,700,functional,9606,2026-08-30T07:51:09.311524+00:00,STRING
shared-core,NFE2L2,MYC,9606.ENSP00000380252,9606.ENSP00000478887,NFE2L2,MYC,0.961,700,functional,9606,2026-08-30T07:51:09.311524+00:00,STRING
shared-core,BCL2,BRCA1,9606.ENSP00000381185,9606.ENSP00000418960,BCL2,BRCA1,0.8,700,functional,9606,2026-08-30T07:51:09.311524+00:00,STRING
shared-core,BCL2,CASP1,9606.ENSP00000381185,9606.ENSP00000433138,BCL2,CASP1,0.817,700,functional,9606,2026-08-30T07:51:09.311524+00:00,STRING
shared-core,BCL2,CDKN1A,9606.ENSP00000381185,9606.ENSP00000384849,BCL2,CDKN1A,0.82,700,functional,9606,2026-08-30T07:51:09.311524+00:00,STRING
shared-core,BCL2,TNF,9606.ENSP00000381185,9606.ENSP00000398698,BCL2,TNF,0.885,700,functional,9606,2026-08-30T07:51:09.311524+00:00,STRING
shared-core,BCL2,RAF1,9606.ENSP00000381185,9606.ENSP00000401888,BCL2,RAF1,0.892,700,functional,9606,2026-08-30T07:51:09.311524+00:00,STRING
shared-core,BCL2,ESR1,9606.ENSP00000381185,9606.ENSP00000405330,BCL2,ESR1,0.897,700,functional,9606,2026-08-30T07:51:09.311524+00:00,STRING
shared-core,BCL2,CREB1,9606.ENSP00000381185,9606.ENSP00000387699,BCL2,CREB1,0.925,700,functional,9606,2026-08-30T07:51:09.311524+00:00,STRING
shared-core,BCL2,HIF1A,9606.ENSP00000381185,9606.ENSP00000437955,BCL2,HIF1A,0.946,700,functional,9606,2026-08-30T07:51:09.311524+00:00,STRING
shared-core,BCL2,MYC,9606.ENSP00000381185,9606.ENSP00000478887,BCL2,MYC,0.955,700,functional,9606,2026-08-30T07:51:09.311524+00:00,STRING
shared-core,BCL2,AKT1,9606.ENSP00000381185,9606.ENSP00000451828,BCL2,AKT1,0.993,700,functional,9606,2026-08-30T07:51:09.311524+00:00,STRING
shared-core,GSTP1,CYP2D6,9606.ENSP00000381607,9606.ENSP00000496150,GSTP1,CYP2D6,0.734,700,functional,9606,2026-08-30T07:51:09.311524+00:00,STRING
shared-core,CDKN1A,BRCA1,9606.ENSP00000384849,9606.ENSP00000418960,CDKN1A,BRCA1,0.809,700,functional,9606,2026-08-30T07:51:09.311524+00:00,STRING
shared-core,CDKN1A,ESR1,9606.ENSP00000384849,9606.ENSP00000405330,CDKN1A,ESR1,0.842,700,functional,9606,2026-08-30T07:51:09.311524+00:00,STRING
shared-core,CDKN1A,MYC,9606.ENSP00000384849,9606.ENSP00000478887,CDKN1A,MYC,0.981,700,functional,9606,2026-08-30T07:51:09.311524+00:00,STRING
shared-core,CDKN1A,AKT1,9606.ENSP00000384849,9606.ENSP00000451828,CDKN1A,AKT1,0.995,700,functional,9606,2026-08-30T07:51:09.311524+00:00,STRING
shared-core,CDKN1A,CCNA2,9606.ENSP00000384849,9606.ENSP00000481380,CDKN1A,CCNA2,0.999,700,functional,9606,2026-08-30T07:51:09.311524+00:00,STRING
shared-core,ESRRA,CREB1,9606.ENSP00000384851,9606.ENSP00000387699,ESRRA,CREB1,0.72,700,functional,9606,2026-08-30T07:51:09.311524+00:00,STRING
shared-core,ESRRA,ESR1,9606.ENSP00000384851,9606.ENSP00000405330,ESRRA,ESR1,0.888,700,functional,9606,2026-08-30T07:51:09.311524+00:00,STRING
shared-core,PPARA,AKT1,9606.ENSP00000385523,9606.ENSP00000451828,PPARA,AKT1,0.7,700,functional,9606,2026-08-30T07:51:09.311524+00:00,STRING
shared-core,PPARA,HIF1A,9606.ENSP00000385523,9606.ENSP00000437955,PPARA,HIF1A,0.761,700,functional,9606,2026-08-30T07:51:09.311524+00:00,STRING
shared-core,PPARA,TNF,9606.ENSP00000385523,9606.ENSP00000398698,PPARA,TNF,0.81,700,functional,9606,2026-08-30T07:51:09.311524+00:00,STRING
shared-core,CREB1,ESR1,9606.ENSP00000387699,9606.ENSP00000405330,CREB1,ESR1,0.757,700,functional,9606,2026-08-30T07:51:09.311524+00:00,STRING
shared-core,CREB1,MYC,9606.ENSP00000387699,9606.ENSP00000478887,CREB1,MYC,0.789,700,functional,9606,2026-08-30T07:51:09.311524+00:00,STRING
shared-core,CREB1,HIF1A,9606.ENSP00000387699,9606.ENSP00000437955,CREB1,HIF1A,0.833,700,functional,9606,2026-08-30T07:51:09.311524+00:00,STRING
shared-core,CREB1,KMT2A,9606.ENSP00000387699,9606.ENSP00000436786,CREB1,KMT2A,0.917,700,functional,9606,2026-08-30T07:51:09.311524+00:00,STRING
shared-core,CREB1,AKT1,9606.ENSP00000387699,9606.ENSP00000451828,CREB1,AKT1,0.965,700,functional,9606,2026-08-30T07:51:09.311524+00:00,STRING
shared-core,IDH1,MYC,9606.ENSP00000390265,9606.ENSP00000478887,IDH1,MYC,0.74,700,functional,9606,2026-08-30T07:51:09.311524+00:00,STRING
shared-core,IDH1,ENO1,9606.ENSP00000390265,9606.ENSP00000495530,IDH1,ENO1,0.765,700,functional,9606,2026-08-30T07:51:09.311524+00:00,STRING
shared-core,TNF,MYC,9606.ENSP00000398698,9606.ENSP00000478887,TNF,MYC,0.702,700,functional,9606,2026-08-30T07:51:09.311524+00:00,STRING
shared-core,TNF,HIF1A,9606.ENSP00000398698,9606.ENSP00000437955,TNF,HIF1A,0.818,700,functional,9606,2026-08-30T07:51:09.311524+00:00,STRING
shared-core,TNF,CASP1,9606.ENSP00000398698,9606.ENSP00000433138,TNF,CASP1,0.904,700,functional,9606,2026-08-30T07:51:09.311524+00:00,STRING
shared-core,TNF,AKT1,9606.ENSP00000398698,9606.ENSP00000451828,TNF,AKT1,0.907,700,functional,9606,2026-08-30T07:51:09.311524+00:00,STRING
shared-core,FOXA2,HIF1A,9606.ENSP00000400341,9606.ENSP00000437955,FOXA2,HIF1A,0.88,700,functional,9606,2026-08-30T07:51:09.311524+00:00,STRING
shared-core,RAF1,MYC,9606.ENSP00000401888,9606.ENSP00000478887,RAF1,MYC,0.755,700,functional,9606,2026-08-30T07:51:09.311524+00:00,STRING
shared-core,RAF1,AKT1,9606.ENSP00000401888,9606.ENSP00000451828,RAF1,AKT1,0.992,700,functional,9606,2026-08-30T07:51:09.311524+00:00,STRING
shared-core,ESR1,CYP2D6,9606.ENSP00000405330,9606.ENSP00000496150,ESR1,CYP2D6,0.712,700,functional,9606,2026-08-30T07:51:09.311524+00:00,STRING
shared-core,ESR1,NR1H4,9606.ENSP00000405330,9606.ENSP00000447149,ESR1,NR1H4,0.744,700,functional,9606,2026-08-30T07:51:09.311524+00:00,STRING
shared-core,ESR1,MUC1,9606.ENSP00000405330,9606.ENSP00000484824,ESR1,MUC1,0.839,700,functional,9606,2026-08-30T07:51:09.311524+00:00,STRING
shared-core,ESR1,FKBP5,9606.ENSP00000405330,9606.ENSP00000444810,ESR1,FKBP5,0.883,700,functional,9606,2026-08-30T07:51:09.311524+00:00,STRING
shared-core,ESR1,AKT1,9606.ENSP00000405330,9606.ENSP00000451828,ESR1,AKT1,0.913,700,functional,9606,2026-08-30T07:51:09.311524+00:00,STRING
shared-core,ESR1,HIF1A,9606.ENSP00000405330,9606.ENSP00000437955,ESR1,HIF1A,0.948,700,functional,9606,2026-08-30T07:51:09.311524+00:00,STRING
shared-core,ESR1,MYC,9606.ENSP00000405330,9606.ENSP00000478887,ESR1,MYC,0.982,700,functional,9606,2026-08-30T07:51:09.311524+00:00,STRING
shared-core,ESR1,BRCA1,9606.ENSP00000405330,9606.ENSP00000418960,ESR1,BRCA1,0.999,700,functional,9606,2026-08-30T07:51:09.311524+00:00,STRING
shared-core,HDAC9,HIF1A,9606.ENSP00000408617,9606.ENSP00000437955,HDAC9,HIF1A,0.783,700,functional,9606,2026-08-30T07:51:09.311524+00:00,STRING
shared-core,SERPINA1,CFB,9606.ENSP00000416066,9606.ENSP00000416561,SERPINA1,CFB,0.725,700,functional,9606,2026-08-30T07:51:09.311524+00:00,STRING
shared-core,BRCA1,CCNA2,9606.ENSP00000418960,9606.ENSP00000481380,BRCA1,CCNA2,0.956,700,functional,9606,2026-08-30T07:51:09.311524+00:00,STRING
shared-core,BRCA1,AKT1,9606.ENSP00000418960,9606.ENSP00000451828,BRCA1,AKT1,0.993,700,functional,9606,2026-08-30T07:51:09.311524+00:00,STRING
shared-core,BRCA1,MYC,9606.ENSP00000418960,9606.ENSP00000478887,BRCA1,MYC,0.999,700,functional,9606,2026-08-30T07:51:09.311524+00:00,STRING
shared-core,TRHR,TSHR,9606.ENSP00000430711,9606.ENSP00000441235,TRHR,TSHR,0.732,700,functional,9606,2026-08-30T07:51:09.311524+00:00,STRING
shared-core,HIF1A,MUC1,9606.ENSP00000437955,9606.ENSP00000484824,HIF1A,MUC1,0.755,700,functional,9606,2026-08-30T07:51:09.311524+00:00,STRING
shared-core,HIF1A,AKT1,9606.ENSP00000437955,9606.ENSP00000451828,HIF1A,AKT1,0.932,700,functional,9606,2026-08-30T07:51:09.311524+00:00,STRING
shared-core,HIF1A,MYC,9606.ENSP00000437955,9606.ENSP00000478887,HIF1A,MYC,0.993,700,functional,9606,2026-08-30T07:51:09.311524+00:00,STRING
shared-core,FKBP5,AKT1,9606.ENSP00000444810,9606.ENSP00000451828,FKBP5,AKT1,0.964,700,functional,9606,2026-08-30T07:51:09.311524+00:00,STRING
shared-core,AKT1,CCNA2,9606.ENSP00000451828,9606.ENSP00000481380,AKT1,CCNA2,0.771,700,functional,9606,2026-08-30T07:51:09.311524+00:00,STRING
shared-core,AKT1,ENO1,9606.ENSP00000451828,9606.ENSP00000495530,AKT1,ENO1,0.816,700,functional,9606,2026-08-30T07:51:09.311524+00:00,STRING
shared-core,AKT1,MYC,9606.ENSP00000451828,9606.ENSP00000478887,AKT1,MYC,0.928,700,functional,9606,2026-08-30T07:51:09.311524+00:00,STRING
shared-core,ABCB1,CYP2D6,9606.ENSP00000478255,9606.ENSP00000496150,ABCB1,CYP2D6,0.779,700,functional,9606,2026-08-30T07:51:09.311524+00:00,STRING
shared-core,MYC,CCNA2,9606.ENSP00000478887,9606.ENSP00000481380,MYC,CCNA2,0.734,700,functional,9606,2026-08-30T07:51:09.311524+00:00,STRING
