pathway,NES,raw_p,n_genes,direction,method,dataset_id,tissue,contrast_id,source,FDR
REACTOME_METABOLISM_OF_RNA,-6.210132983746508,5.293978140714206e-10,662,down,preranked_rank_sum,GSE158473,ovary,GSE158473_0month_DiNP_20ugkgd,Reactome,7.73979604172417e-07
REACTOME_SRP_DEPENDENT_COTRANSLATIONAL_PROTEIN_TARGETING_TO_MEMBRANE,-6.054801338692263,1.4059106090317187e-09,81,down,preranked_rank_sum,GSE158473,ovary,GSE158473_0month_DiNP_20ugkgd,Reactome,1.0277206552021863e-06
REACTOME_RESPONSE_OF_EIF2AK4_GCN2_TO_AMINO_ACID_DEFICIENCY,-5.649158978054441,1.6123469577038924e-08,68,down,preranked_rank_sum,GSE158473,ovary,GSE158473_0month_DiNP_20ugkgd,Reactome,7.857504173876968e-06
REACTOME_PROCESSING_OF_CAPPED_INTRON_CONTAINING_PRE_MRNA,-5.46241209006992,4.697081532576251e-08,270,down,preranked_rank_sum,GSE158473,ovary,GSE158473_0month_DiNP_20ugkgd,Reactome,1.7167833001566197e-05
REACTOME_INFLUENZA_INFECTION,-5.3069466368073615,1.1147679573899401e-07,121,down,preranked_rank_sum,GSE158473,ovary,GSE158473_0month_DiNP_20ugkgd,Reactome,2.6609425834759275e-05
REACTOME_METABOLISM_OF_LIPIDS,5.282921290542398,1.2714002487879395e-07,642,up,preranked_rank_sum,GSE158473,ovary,GSE158473_0month_DiNP_20ugkgd,Reactome,2.6609425834759275e-05
REACTOME_NONSENSE_MEDIATED_DECAY_NMD,-5.282540135963846,1.2740491165753414e-07,83,down,preranked_rank_sum,GSE158473,ovary,GSE158473_0month_DiNP_20ugkgd,Reactome,2.6609425834759275e-05
REACTOME_MRNA_3_END_PROCESSING,-5.244773198800753,1.5647468851811746e-07,140,down,preranked_rank_sum,GSE158473,ovary,GSE158473_0month_DiNP_20ugkgd,Reactome,2.8595749326685966e-05
REACTOME_EUKARYOTIC_TRANSLATION_ELONGATION,-5.125253631478298,2.9713747643333827e-07,61,down,preranked_rank_sum,GSE158473,ovary,GSE158473_0month_DiNP_20ugkgd,Reactome,4.826833228283784e-05
REACTOME_MEMBRANE_TRAFFICKING,4.8824608995857695,1.0477001869608968e-06,572,up,preranked_rank_sum,GSE158473,ovary,GSE158473_0month_DiNP_20ugkgd,Reactome,0.00015317376733368313
REACTOME_INFLUENZA_VIRAL_RNA_TRANSCRIPTION_AND_REPLICATION,-4.810441318718222,1.5059741311199292e-06,102,down,preranked_rank_sum,GSE158473,ovary,GSE158473_0month_DiNP_20ugkgd,Reactome,0.00020015765269975784
REACTOME_MATURATION_OF_DENV_PROTEINS,-4.621344384983665,3.8126126391176863e-06,48,down,preranked_rank_sum,GSE158473,ovary,GSE158473_0month_DiNP_20ugkgd,Reactome,0.0004477308610398642
REACTOME_DENGUE_VIRUS_GENOME_TRANSLATION_AND_REPLICATION,-4.612361874532813,3.981190966838738e-06,74,down,preranked_rank_sum,GSE158473,ovary,GSE158473_0month_DiNP_20ugkgd,Reactome,0.0004477308610398642
REACTOME_MTOR_SIGNALLING,4.5648058720202975,4.999567643873276e-06,37,up,preranked_rank_sum,GSE158473,ovary,GSE158473_0month_DiNP_20ugkgd,Reactome,0.0005220977068101949
REACTOME_REGULATION_OF_EXPRESSION_OF_SLITS_AND_ROBOS,-4.5385007627731255,5.665559096579301e-06,122,down,preranked_rank_sum,GSE158473,ovary,GSE158473_0month_DiNP_20ugkgd,Reactome,0.0005357457935028868
REACTOME_MRNA_SPLICING,-4.531264942654018,5.8631550588551215e-06,197,down,preranked_rank_sum,GSE158473,ovary,GSE158473_0month_DiNP_20ugkgd,Reactome,0.0005357457935028868
REACTOME_EUKARYOTIC_TRANSLATION_INITIATION,-4.440477760373771,8.975938104290612e-06,85,down,preranked_rank_sum,GSE158473,ovary,GSE158473_0month_DiNP_20ugkgd,Reactome,0.0007719306769689927
REACTOME_TRANSPORT_OF_MATURE_TRANSCRIPT_TO_CYTOPLASM,-4.422658395314844,9.749382487224882e-06,73,down,preranked_rank_sum,GSE158473,ovary,GSE158473_0month_DiNP_20ugkgd,Reactome,0.000791866510906821
REACTOME_MRNA_POLYADENYLATION,-4.376381507602747,1.2066573932863077e-05,119,down,preranked_rank_sum,GSE158473,ovary,GSE158473_0month_DiNP_20ugkgd,Reactome,0.0009284911099918851
REACTOME_RNA_POLYMERASE_II_TRANSCRIPTION_TERMINATION,-4.334769645028979,1.4591283491856287e-05,59,down,preranked_rank_sum,GSE158473,ovary,GSE158473_0month_DiNP_20ugkgd,Reactome,0.0010196533495490194
REACTOME_VESICLE_MEDIATED_TRANSPORT,4.33394341508203,1.4646183543453766e-05,608,up,preranked_rank_sum,GSE158473,ovary,GSE158473_0month_DiNP_20ugkgd,Reactome,0.0010196533495490194
REACTOME_TRANSLOCATION_OF_SLC2A4_GLUT4_TO_THE_PLASMA_MEMBRANE,4.188252651579658,2.8111046798112486e-05,64,up,preranked_rank_sum,GSE158473,ovary,GSE158473_0month_DiNP_20ugkgd,Reactome,0.0018681068372200205
REACTOME_MITOTIC_G1_PHASE_AND_G1_S_TRANSITION,-4.148088011163323,3.352635196472003e-05,132,down,preranked_rank_sum,GSE158473,ovary,GSE158473_0month_DiNP_20ugkgd,Reactome,0.002131109850974812
REACTOME_ENERGY_DEPENDENT_REGULATION_OF_MTOR_BY_LKB1_AMPK,4.12414353721978,3.72116794554114e-05,28,up,preranked_rank_sum,GSE158473,ovary,GSE158473_0month_DiNP_20ugkgd,Reactome,0.0022668114734921445
REACTOME_AUTOPHAGY,4.054252028994096,5.029496955323168e-05,139,up,preranked_rank_sum,GSE158473,ovary,GSE158473_0month_DiNP_20ugkgd,Reactome,0.0029412498194729885
REACTOME_SELENOAMINO_ACID_METABOLISM,-3.974306263084033,7.058468981466669e-05,78,down,preranked_rank_sum,GSE158473,ovary,GSE158473_0month_DiNP_20ugkgd,Reactome,0.0039690314041939505
REACTOME_AEROBIC_RESPIRATION_AND_RESPIRATORY_ELECTRON_TRANSPORT,3.8981194171515097,9.694261044476762e-05,214,up,preranked_rank_sum,GSE158473,ovary,GSE158473_0month_DiNP_20ugkgd,Reactome,0.0052492628322314905
REACTOME_CELL_CYCLE_CHECKPOINTS,-3.815360343437921,0.00013598434765472846,250,down,preranked_rank_sum,GSE158473,ovary,GSE158473_0month_DiNP_20ugkgd,Reactome,0.00710032558111475
REACTOME_MTORC1_MEDIATED_SIGNALLING,3.7975833109240513,0.0001461136755540381,21,up,preranked_rank_sum,GSE158473,ovary,GSE158473_0month_DiNP_20ugkgd,Reactome,0.007366144608965645
REACTOME_TNF_SIGNALING,3.784499149149146,0.00015401843451279664,54,up,preranked_rank_sum,GSE158473,ovary,GSE158473_0month_DiNP_20ugkgd,Reactome,0.007505831708590289
REACTOME_SARS_COV_2_MODULATES_HOST_TRANSLATION_MACHINERY,-3.75328487431004,0.00017453231855880182,38,down,preranked_rank_sum,GSE158473,ovary,GSE158473_0month_DiNP_20ugkgd,Reactome,0.008021320570671753
REACTOME_RIBOSOME_ASSOCIATED_QUALITY_CONTROL,-3.7518003439880707,0.00017556926009678256,113,down,preranked_rank_sum,GSE158473,ovary,GSE158473_0month_DiNP_20ugkgd,Reactome,0.008021320570671753
REACTOME_ACTIVATION_OF_THE_MRNA_UPON_BINDING_OF_THE_CAP_BINDING_COMPLEX_AND_EIFS_AND_SUBSEQUENT_BINDING_TO_43S,-3.710613836892773,0.0002067572952674741,45,down,preranked_rank_sum,GSE158473,ovary,GSE158473_0month_DiNP_20ugkgd,Reactome,0.00915997471760749
REACTOME_INTRA_GOLGI_TRAFFIC,3.664173264267895,0.0002481387750495593,42,up,preranked_rank_sum,GSE158473,ovary,GSE158473_0month_DiNP_20ugkgd,Reactome,0.01066996732713105
REACTOME_SARS_COV_1_MODULATES_HOST_TRANSLATION_MACHINERY,-3.6443692323296095,0.0002680483778090842,25,down,preranked_rank_sum,GSE158473,ovary,GSE158473_0month_DiNP_20ugkgd,Reactome,0.01119676366733946
REACTOME_SIGNALING_BY_ROBO_RECEPTORS,-3.6044156060575294,0.00031285608542677137,166,down,preranked_rank_sum,GSE158473,ovary,GSE158473_0month_DiNP_20ugkgd,Reactome,0.012705433247053883
REACTOME_FATTY_ACID_METABOLISM,3.5952879497053374,0.0003240329725143753,146,up,preranked_rank_sum,GSE158473,ovary,GSE158473_0month_DiNP_20ugkgd,Reactome,0.012803681238270722
REACTOME_SYNTHESIS_OF_PIPS_AT_THE_GOLGI_MEMBRANE,3.5464739939430436,0.0003904232751503226,16,up,preranked_rank_sum,GSE158473,ovary,GSE158473_0month_DiNP_20ugkgd,Reactome,0.015021021796572939
REACTOME_MUSCLE_CONTRACTION,-3.5102666077157667,0.0004476576034926604,163,down,preranked_rank_sum,GSE158473,ovary,GSE158473_0month_DiNP_20ugkgd,Reactome,0.01678142093092999
REACTOME_RNA_POLYMERASE_II_TRANSCRIPTION,-3.486199284511256,0.0004899358753350315,978,down,preranked_rank_sum,GSE158473,ovary,GSE158473_0month_DiNP_20ugkgd,Reactome,0.0179071562434954
REACTOME_TRANSLATION_OF_REPLICASE_AND_ASSEMBLY_OF_THE_REPLICATION_TRANSCRIPTION_COMPLEX,3.462542873824848,0.0005350966551694069,11,up,preranked_rank_sum,GSE158473,ovary,GSE158473_0month_DiNP_20ugkgd,Reactome,0.01908076365506519
REACTOME_CARDIAC_CONDUCTION,-3.433779717165249,0.0005952277081901705,103,down,preranked_rank_sum,GSE158473,ovary,GSE158473_0month_DiNP_20ugkgd,Reactome,0.020380648946529648
REACTOME_SEALING_OF_THE_NUCLEAR_ENVELOPE_NE_BY_ESCRT_III,3.4318717976306483,0.0005994308513685191,24,up,preranked_rank_sum,GSE158473,ovary,GSE158473_0month_DiNP_20ugkgd,Reactome,0.020380648946529648
REACTOME_DEVELOPMENTAL_CELL_LINEAGES_OF_THE_INTEGUMENTARY_SYSTEM,-3.419462537337511,0.0006274497161345388,46,down,preranked_rank_sum,GSE158473,ovary,GSE158473_0month_DiNP_20ugkgd,Reactome,0.020848442840652178
REACTOME_TRANSPORT_OF_VITAMINS_NUCLEOSIDES_AND_RELATED_MOLECULES,3.3731244870874657,0.0007432034321593346,26,up,preranked_rank_sum,GSE158473,ovary,GSE158473_0month_DiNP_20ugkgd,Reactome,0.024145853729265494
REACTOME_GLUCOSE_METABOLISM,-3.3157298276841254,0.0009140414812068746,74,down,preranked_rank_sum,GSE158473,ovary,GSE158473_0month_DiNP_20ugkgd,Reactome,0.028487882349361768
REACTOME_PI_METABOLISM,3.315186164552343,0.0009158211151983605,80,up,preranked_rank_sum,GSE158473,ovary,GSE158473_0month_DiNP_20ugkgd,Reactome,0.028487882349361768
REACTOME_RESPIRATORY_ELECTRON_TRANSPORT,3.2729073766762875,0.0010644735385193333,139,up,preranked_rank_sum,GSE158473,ovary,GSE158473_0month_DiNP_20ugkgd,Reactome,0.03242208986073469
REACTOME_AMINO_ACIDS_REGULATE_MTORC1,3.2660274276930203,0.0010906768481814015,51,up,preranked_rank_sum,GSE158473,ovary,GSE158473_0month_DiNP_20ugkgd,Reactome,0.03254223575594304
REACTOME_ACTIVATION_OF_THE_PRE_REPLICATIVE_COMPLEX,-3.217709387508616,0.0012921867094432878,32,down,preranked_rank_sum,GSE158473,ovary,GSE158473_0month_DiNP_20ugkgd,Reactome,0.03778353938412174
REACTOME_CELL_CYCLE,-3.202427250473117,0.0013627471596350167,594,down,preranked_rank_sum,GSE158473,ovary,GSE158473_0month_DiNP_20ugkgd,Reactome,0.03847359723224652
REACTOME_CELLULAR_RESPONSES_TO_STIMULI,-3.2012309660576745,0.001368417959012872,746,down,preranked_rank_sum,GSE158473,ovary,GSE158473_0month_DiNP_20ugkgd,Reactome,0.03847359723224652
REACTOME_INTERFERON_ALPHA_BETA_SIGNALING,3.162232359953882,0.0015656458141059975,48,up,preranked_rank_sum,GSE158473,ovary,GSE158473_0month_DiNP_20ugkgd,Reactome,0.04265764083307095
REACTOME_SIGNALING_BY_INSULIN_RECEPTOR,3.1603883065646805,0.0015755900170901717,67,up,preranked_rank_sum,GSE158473,ovary,GSE158473_0month_DiNP_20ugkgd,Reactome,0.04265764083307095
REACTOME_INNATE_IMMUNE_SYSTEM,3.1515566396228634,0.0016240266157644043,825,up,preranked_rank_sum,GSE158473,ovary,GSE158473_0month_DiNP_20ugkgd,Reactome,0.04271140937518289
REACTOME_COMPLEX_I_BIOGENESIS,3.1456516799750567,0.0016571723959881073,59,up,preranked_rank_sum,GSE158473,ovary,GSE158473_0month_DiNP_20ugkgd,Reactome,0.04271140937518289
REACTOME_SNRNP_ASSEMBLY,-3.144234551866713,0.001665219106966775,49,down,preranked_rank_sum,GSE158473,ovary,GSE158473_0month_DiNP_20ugkgd,Reactome,0.04271140937518289
REACTOME_DIFFERENTIATION_OF_NAIVE_CD_T_CELLS_TO_T_HELPER_1_CELLS_TH1_CELLS,3.0945942495576646,0.001970823066047761,10,up,preranked_rank_sum,GSE158473,ovary,GSE158473_0month_DiNP_20ugkgd,Reactome,0.0496783331476177
REACTOME_PEROXISOMAL_PROTEIN_IMPORT,3.0760958997502192,0.0020973037755793182,55,up,preranked_rank_sum,GSE158473,ovary,GSE158473_0month_DiNP_20ugkgd,Reactome,0.051970476608423105
REACTOME_G2_M_CHECKPOINTS,-3.0663861885153127,0.0021666327429557247,120,down,preranked_rank_sum,GSE158473,ovary,GSE158473_0month_DiNP_20ugkgd,Reactome,0.052793617836687824
REACTOME_HSF1_ACTIVATION,-3.0418455237813258,0.0023513252975412104,26,down,preranked_rank_sum,GSE158473,ovary,GSE158473_0month_DiNP_20ugkgd,Reactome,0.056354714508282784
REACTOME_CELL_CYCLE_MITOTIC,-3.0353350378625827,0.0024026861940493354,464,down,preranked_rank_sum,GSE158473,ovary,GSE158473_0month_DiNP_20ugkgd,Reactome,0.05665689057580852
REACTOME_DENGUE_VIRUS_ATTACHMENT_AND_ENTRY,3.0056051828411383,0.0026505290676529275,39,up,preranked_rank_sum,GSE158473,ovary,GSE158473_0month_DiNP_20ugkgd,Reactome,0.06147316270221867
REACTOME_ORC1_REMOVAL_FROM_CHROMATIN,-3.0009907220085883,0.0026910276422311866,55,down,preranked_rank_sum,GSE158473,ovary,GSE158473_0month_DiNP_20ugkgd,Reactome,0.06147316270221867
REACTOME_RHO_GTPASES_ACTIVATE_WASPS_AND_WAVES,2.973095485635394,0.0029481272147781645,36,up,preranked_rank_sum,GSE158473,ovary,GSE158473_0month_DiNP_20ugkgd,Reactome,0.06631018443085655
REACTOME_PROTEIN_LIPOYLATION,2.964006677831051,0.0030366169711411985,10,up,preranked_rank_sum,GSE158473,ovary,GSE158473_0month_DiNP_20ugkgd,Reactome,0.06718438853112318
REACTOME_ATF6_ATF6_ALPHA_ACTIVATES_CHAPERONE_GENES,-2.9592735805065615,0.003083652105715862,9,down,preranked_rank_sum,GSE158473,ovary,GSE158473_0month_DiNP_20ugkgd,Reactome,0.06718438853112318
REACTOME_RIBOSOME_QUALITY_CONTROL_RQC_COMPLEX_EXTRACTS_AND_DEGRADES_NASCENT_PEPTIDE,-2.9551811346402177,0.0031248552805173573,83,down,preranked_rank_sum,GSE158473,ovary,GSE158473_0month_DiNP_20ugkgd,Reactome,0.06718438853112318
REACTOME_METABOLISM_OF_WATER_SOLUBLE_VITAMINS_AND_COFACTORS,2.942940153496618,0.003251112603734817,108,up,preranked_rank_sum,GSE158473,ovary,GSE158473_0month_DiNP_20ugkgd,Reactome,0.06888589314000439
REACTOME_PROTEIN_LOCALIZATION,2.9380335035408387,0.0033030132696731454,145,up,preranked_rank_sum,GSE158473,ovary,GSE158473_0month_DiNP_20ugkgd,Reactome,0.06898579143231627
REACTOME_RETROGRADE_TRANSPORT_AT_THE_TRANS_GOLGI_NETWORK,2.893715091310949,0.003807134372332309,48,up,preranked_rank_sum,GSE158473,ovary,GSE158473_0month_DiNP_20ugkgd,Reactome,0.07839479510351881
REACTOME_RAB_REGULATION_OF_TRAFFICKING,2.88511907587684,0.0039126564063439884,116,up,preranked_rank_sum,GSE158473,ovary,GSE158473_0month_DiNP_20ugkgd,Reactome,0.07853280147339872
REACTOME_CHOLESTEROL_BIOSYNTHESIS,2.8844268494894716,0.0039212684730219605,26,up,preranked_rank_sum,GSE158473,ovary,GSE158473_0month_DiNP_20ugkgd,Reactome,0.07853280147339872
REACTOME_REGULATION_OF_HSF1_MEDIATED_HEAT_SHOCK_RESPONSE,-2.8786167807937595,0.0039942336724563795,75,down,preranked_rank_sum,GSE158473,ovary,GSE158473_0month_DiNP_20ugkgd,Reactome,0.07891310309636794
REACTOME_UNFOLDED_PROTEIN_RESPONSE_UPR,-2.8732453645110536,0.0040627844338786195,87,down,preranked_rank_sum,GSE158473,ovary,GSE158473_0month_DiNP_20ugkgd,Reactome,0.07919721123107389
REACTOME_CELLULAR_RESPONSE_TO_HEAT_STRESS,-2.8670797013209577,0.004142786672128193,91,down,preranked_rank_sum,GSE158473,ovary,GSE158473_0month_DiNP_20ugkgd,Reactome,0.07969413308751867
REACTOME_SUMOYLATION,-2.8556078904740643,0.0042954525873182695,163,down,preranked_rank_sum,GSE158473,ovary,GSE158473_0month_DiNP_20ugkgd,Reactome,0.08073448920555425
REACTOME_TP53_REGULATES_TRANSCRIPTION_OF_CELL_CYCLE_GENES,-2.851003878370577,0.004358143789287801,47,down,preranked_rank_sum,GSE158473,ovary,GSE158473_0month_DiNP_20ugkgd,Reactome,0.08073448920555425
REACTOME_TNFR1_INDUCED_PROAPOPTOTIC_SIGNALING,2.850683720485784,0.004362533958439662,24,up,preranked_rank_sum,GSE158473,ovary,GSE158473_0month_DiNP_20ugkgd,Reactome,0.08073448920555425
REACTOME_MITOCHONDRIAL_TRANSLATION_ELONGATION,2.8405157548382634,0.004504064809543587,88,up,preranked_rank_sum,GSE158473,ovary,GSE158473_0month_DiNP_20ugkgd,Reactome,0.08231178439440905
REACTOME_FCGAMMA_RECEPTOR_FCGR_DEPENDENT_PHAGOCYTOSIS,2.8325065587249707,0.00461846186991864,83,up,preranked_rank_sum,GSE158473,ovary,GSE158473_0month_DiNP_20ugkgd,Reactome,0.0833603858496426
REACTOME_SYNTHESIS_OF_PIPS_AT_THE_EARLY_ENDOSOME_MEMBRANE,2.8169136294747603,0.004848756301525849,16,up,preranked_rank_sum,GSE158473,ovary,GSE158473_0month_DiNP_20ugkgd,Reactome,0.08644977698574136
REACTOME_DEVELOPMENTAL_CELL_LINEAGES,-2.8089268746052842,0.004970693562081174,100,down,preranked_rank_sum,GSE158473,ovary,GSE158473_0month_DiNP_20ugkgd,Reactome,0.087556072141719
REACTOME_PARASITE_INFECTION,2.7952519828299742,0.00518592763844176,58,up,preranked_rank_sum,GSE158473,ovary,GSE158473_0month_DiNP_20ugkgd,Reactome,0.09025983580240302
REACTOME_REGULATION_OF_LIPID_METABOLISM_BY_PPARALPHA,2.7596147586149855,0.005786955817890806,113,up,preranked_rank_sum,GSE158473,ovary,GSE158473_0month_DiNP_20ugkgd,Reactome,0.09879198278608516
REACTOME_LEISHMANIA_INFECTION,2.758243279439755,0.005811293105063833,144,up,preranked_rank_sum,GSE158473,ovary,GSE158473_0month_DiNP_20ugkgd,Reactome,0.09879198278608516
REACTOME_TRANSFERRIN_ENDOCYTOSIS_AND_RECYCLING,2.7393846302213025,0.006155431417508667,28,up,preranked_rank_sum,GSE158473,ovary,GSE158473_0month_DiNP_20ugkgd,Reactome,0.1029528329869228
REACTOME_ATTENUATION_PHASE,-2.737177358792114,0.006196887348050073,23,down,preranked_rank_sum,GSE158473,ovary,GSE158473_0month_DiNP_20ugkgd,Reactome,0.1029528329869228
REACTOME_TRANSCRIPTIONAL_REGULATION_BY_RUNX3,-2.731603797849709,0.006302688409229056,84,down,preranked_rank_sum,GSE158473,ovary,GSE158473_0month_DiNP_20ugkgd,Reactome,0.10353405004823461
REACTOME_RRNA_PROCESSING,-2.7163990112422747,0.006599632605373845,174,down,preranked_rank_sum,GSE158473,ovary,GSE158473_0month_DiNP_20ugkgd,Reactome,0.10720736521173957
REACTOME_LANOSTEROL_BIOSYNTHESIS,2.7076878793838643,0.006775370900206292,13,up,preranked_rank_sum,GSE158473,ovary,GSE158473_0month_DiNP_20ugkgd,Reactome,0.10885266215496263
REACTOME_MITOCHONDRIAL_TRANSLATION,2.7010577766007886,0.006911933019937437,98,up,preranked_rank_sum,GSE158473,ovary,GSE158473_0month_DiNP_20ugkgd,Reactome,0.1098396312516145
REACTOME_SYNTHESIS_OF_DNA,-2.6872410156565603,0.007204494735791654,103,down,preranked_rank_sum,GSE158473,ovary,GSE158473_0month_DiNP_20ugkgd,Reactome,0.11325775595405806
REACTOME_DEVELOPMENTAL_LINEAGES_OF_THE_MAMMARY_GLAND,-2.6554452340302386,0.007920379318151125,31,down,preranked_rank_sum,GSE158473,ovary,GSE158473_0month_DiNP_20ugkgd,Reactome,0.12318717620358452
REACTOME_RHO_GTPASES_ACTIVATE_FORMINS,-2.6441525376911543,0.008189574050120507,131,down,preranked_rank_sum,GSE158473,ovary,GSE158473_0month_DiNP_20ugkgd,Reactome,0.12603323432922295
REACTOME_ENDOSOMAL_SORTING_COMPLEX_REQUIRED_FOR_TRANSPORT_ESCRT,2.6378089215315454,0.008344358470927784,28,up,preranked_rank_sum,GSE158473,ovary,GSE158473_0month_DiNP_20ugkgd,Reactome,0.12707762588017105
REACTOME_ZINC_TRANSPORTERS,-2.6335378134324907,0.008450042596520003,13,down,preranked_rank_sum,GSE158473,ovary,GSE158473_0month_DiNP_20ugkgd,Reactome,0.1273604358362087
REACTOME_INSULIN_RECEPTOR_RECYCLING,2.6296307546689293,0.008547765370163515,26,up,preranked_rank_sum,GSE158473,ovary,GSE158473_0month_DiNP_20ugkgd,Reactome,0.1275187037875414
REACTOME_CLASS_I_PEROXISOMAL_MEMBRANE_PROTEIN_IMPORT,2.621798369308144,0.008746716182442,20,up,preranked_rank_sum,GSE158473,ovary,GSE158473_0month_DiNP_20ugkgd,Reactome,0.12916867736091117
REACTOME_S_PHASE,-2.611842151534093,0.00900558234960782,143,down,preranked_rank_sum,GSE158473,ovary,GSE158473_0month_DiNP_20ugkgd,Reactome,0.13166161395126633
REACTOME_TRNA_MODIFICATION_IN_THE_NUCLEUS_AND_CYTOSOL,-2.6076854463957266,0.009115667844799967,42,down,preranked_rank_sum,GSE158473,ovary,GSE158473_0month_DiNP_20ugkgd,Reactome,0.13195154840690645
REACTOME_SPHINGOLIPID_CATABOLISM,2.5964531320473885,0.009419175490788691,10,up,preranked_rank_sum,GSE158473,ovary,GSE158473_0month_DiNP_20ugkgd,Reactome,0.1350081820346379
REACTOME_POLO_LIKE_KINASE_MEDIATED_EVENTS,-2.5877568483276714,0.009660314503345962,16,down,preranked_rank_sum,GSE158473,ovary,GSE158473_0month_DiNP_20ugkgd,Reactome,0.1358202700394697
REACTOME_IRON_UPTAKE_AND_TRANSPORT,2.5877098178234723,0.009661633436460225,51,up,preranked_rank_sum,GSE158473,ovary,GSE158473_0month_DiNP_20ugkgd,Reactome,0.1358202700394697
REACTOME_DEVELOPMENTAL_LINEAGE_OF_MAMMARY_GLAND_ALVEOLAR_CELLS,-2.5462454783292876,0.010888858568127623,13,down,preranked_rank_sum,GSE158473,ovary,GSE158473_0month_DiNP_20ugkgd,Reactome,0.1516143926343103
REACTOME_RAC2_GTPASE_CYCLE,2.5424313382272286,0.011008422774203011,85,up,preranked_rank_sum,GSE158473,ovary,GSE158473_0month_DiNP_20ugkgd,Reactome,0.15183315184796983
REACTOME_DEFECTS_IN_COBALAMIN_B12_METABOLISM,2.5270273324924246,0.011503254989456058,11,up,preranked_rank_sum,GSE158473,ovary,GSE158473_0month_DiNP_20ugkgd,Reactome,0.15485044041307514
REACTOME_DNA_REPLICATION,-2.5255734906510914,0.011550961940616394,121,down,preranked_rank_sum,GSE158473,ovary,GSE158473_0month_DiNP_20ugkgd,Reactome,0.15485044041307514
REACTOME_RAC3_GTPASE_CYCLE,2.5219331598265233,0.011671188268388547,87,up,preranked_rank_sum,GSE158473,ovary,GSE158473_0month_DiNP_20ugkgd,Reactome,0.15485044041307514
REACTOME_TRANSPORT_OF_THE_SLBP_DEPENDANT_MATURE_MRNA,-2.5207714122297187,0.011709789376084922,33,down,preranked_rank_sum,GSE158473,ovary,GSE158473_0month_DiNP_20ugkgd,Reactome,0.15485044041307514
REACTOME_REGULATION_OF_TP53_ACTIVITY_THROUGH_ASSOCIATION_WITH_CO_FACTORS,-2.5134589752873553,0.011955368196009048,13,down,preranked_rank_sum,GSE158473,ovary,GSE158473_0month_DiNP_20ugkgd,Reactome,0.15485044041307514
REACTOME_ORGANELLE_BIOGENESIS_AND_MAINTENANCE,2.5131654179415057,0.011965321579811491,252,up,preranked_rank_sum,GSE158473,ovary,GSE158473_0month_DiNP_20ugkgd,Reactome,0.15485044041307514
REACTOME_ACTIVATION_OF_ATR_IN_RESPONSE_TO_REPLICATION_STRESS,-2.509279813962065,0.012097761112890813,37,down,preranked_rank_sum,GSE158473,ovary,GSE158473_0month_DiNP_20ugkgd,Reactome,0.15485044041307514
REACTOME_SIGNAL_REGULATORY_PROTEIN_FAMILY_INTERACTIONS,2.504663317138102,0.012256800447380195,10,up,preranked_rank_sum,GSE158473,ovary,GSE158473_0month_DiNP_20ugkgd,Reactome,0.15485044041307514
REACTOME_GASTRULATION,-2.502551651876095,0.012330163214487362,91,down,preranked_rank_sum,GSE158473,ovary,GSE158473_0month_DiNP_20ugkgd,Reactome,0.15485044041307514
REACTOME_METABOLISM_OF_AMINO_ACIDS_AND_DERIVATIVES,-2.499678532614301,0.012430604734934778,277,down,preranked_rank_sum,GSE158473,ovary,GSE158473_0month_DiNP_20ugkgd,Reactome,0.15485044041307514
REACTOME_PROLACTIN_RECEPTOR_SIGNALING,2.4985124532524283,0.012471576051712636,10,up,preranked_rank_sum,GSE158473,ovary,GSE158473_0month_DiNP_20ugkgd,Reactome,0.15485044041307514
REACTOME_FOLDING_OF_ACTIN_BY_CCT_TRIC,-2.497093023124965,0.012521610442216514,10,down,preranked_rank_sum,GSE158473,ovary,GSE158473_0month_DiNP_20ugkgd,Reactome,0.15485044041307514
REACTOME_REGULATION_OF_MITF_M_DEPENDENT_GENES_INVOLVED_IN_LYSOSOME_BIOGENESIS_AND_AUTOPHAGY,2.494763639279277,0.012604105615017744,17,up,preranked_rank_sum,GSE158473,ovary,GSE158473_0month_DiNP_20ugkgd,Reactome,0.15485044041307514
REACTOME_THE_ROLE_OF_NEF_IN_HIV_1_REPLICATION_AND_DISEASE_PATHOGENESIS,2.4817540889213436,0.013073746429988788,26,up,preranked_rank_sum,GSE158473,ovary,GSE158473_0month_DiNP_20ugkgd,Reactome,0.15882485547897482
REACTOME_METABOLISM_OF_VITAMINS_AND_COFACTORS,2.478248586792434,0.013202912251445603,169,up,preranked_rank_sum,GSE158473,ovary,GSE158473_0month_DiNP_20ugkgd,Reactome,0.15882485547897482
REACTOME_CHEMOKINE_RECEPTORS_BIND_CHEMOKINES,2.4765004769891257,0.013267744775161593,33,up,preranked_rank_sum,GSE158473,ovary,GSE158473_0month_DiNP_20ugkgd,Reactome,0.15882485547897482
REACTOME_NEUROTOXICITY_OF_CLOSTRIDIUM_TOXINS,-2.4730415681873943,0.013396855947963754,10,down,preranked_rank_sum,GSE158473,ovary,GSE158473_0month_DiNP_20ugkgd,Reactome,0.15882485547897482
REACTOME_DEATH_RECEPTOR_SIGNALING,2.4710743417183645,0.013470781176055319,143,up,preranked_rank_sum,GSE158473,ovary,GSE158473_0month_DiNP_20ugkgd,Reactome,0.15882485547897482
REACTOME_RAB_GEFS_EXCHANGE_GTP_FOR_GDP_ON_RABS,2.457389468103904,0.013995087013434509,86,up,preranked_rank_sum,GSE158473,ovary,GSE158473_0month_DiNP_20ugkgd,Reactome,0.1629604200621445
REACTOME_PHOSPHOLIPID_METABOLISM,2.4521497696499464,0.014200554269726015,187,up,preranked_rank_sum,GSE158473,ovary,GSE158473_0month_DiNP_20ugkgd,Reactome,0.1629604200621445
REACTOME_DENGUE_VIRUS_INFECTION,-2.45165945562301,0.014219916739408535,311,down,preranked_rank_sum,GSE158473,ovary,GSE158473_0month_DiNP_20ugkgd,Reactome,0.1629604200621445
REACTOME_CHYLOMICRON_REMODELING,-2.450459617140283,0.014267396558108412,8,down,preranked_rank_sum,GSE158473,ovary,GSE158473_0month_DiNP_20ugkgd,Reactome,0.1629604200621445
REACTOME_SWITCHING_OF_ORIGINS_TO_A_POST_REPLICATIVE_STATE,-2.4466936621302953,0.014417331965216681,75,down,preranked_rank_sum,GSE158473,ovary,GSE158473_0month_DiNP_20ugkgd,Reactome,0.16339642893912237
REACTOME_G0_AND_EARLY_G1,-2.4429009874641685,0.014569733911871486,26,down,preranked_rank_sum,GSE158473,ovary,GSE158473_0month_DiNP_20ugkgd,Reactome,0.16385346907043163
REACTOME_MITOTIC_SPINDLE_CHECKPOINT,-2.434983654970633,0.014892462398291,108,down,preranked_rank_sum,GSE158473,ovary,GSE158473_0month_DiNP_20ugkgd,Reactome,0.16388583693281614
REACTOME_SUMOYLATION_OF_SUMOYLATION_PROTEINS,-2.434623878106026,0.014907276180857392,32,down,preranked_rank_sum,GSE158473,ovary,GSE158473_0month_DiNP_20ugkgd,Reactome,0.16388583693281614
REACTOME_MATURATION_OF_SARS_COV_1_NUCLEOPROTEIN,2.4337163867607465,0.014944699751191658,11,up,preranked_rank_sum,GSE158473,ovary,GSE158473_0month_DiNP_20ugkgd,Reactome,0.16388583693281614
REACTOME_TRANSCRIPTIONAL_REGULATION_OF_BROWN_AND_BEIGE_ADIPOCYTE_DIFFERENTIATION,-2.431872349869694,0.01502100010191338,27,down,preranked_rank_sum,GSE158473,ovary,GSE158473_0month_DiNP_20ugkgd,Reactome,0.16388583693281614
REACTOME_NUCLEAR_IMPORT_OF_REV_PROTEIN,-2.424433667788784,0.01533228401221091,31,down,preranked_rank_sum,GSE158473,ovary,GSE158473_0month_DiNP_20ugkgd,Reactome,0.1660214818965564
REACTOME_THE_ROLE_OF_GTSE1_IN_G2_M_PROGRESSION_AFTER_G2_CHECKPOINT,-2.4217997381703595,0.015443858781075013,59,down,preranked_rank_sum,GSE158473,ovary,GSE158473_0month_DiNP_20ugkgd,Reactome,0.1660214818965564
REACTOME_ACTIVATION_OF_AMPK_DOWNSTREAM_OF_NMDARS,2.4185542119149117,0.01558232346094966,21,up,preranked_rank_sum,GSE158473,ovary,GSE158473_0month_DiNP_20ugkgd,Reactome,0.16628727664166718
REACTOME_MATERNAL_TO_ZYGOTIC_TRANSITION_MZT,-2.408065267103614,0.016037313678117764,56,down,preranked_rank_sum,GSE158473,ovary,GSE158473_0month_DiNP_20ugkgd,Reactome,0.1699025550536824
REACTOME_TP53_REGULATES_TRANSCRIPTION_OF_GENES_INVOLVED_IN_G1_CELL_CYCLE_ARREST,-2.397322817887769,0.016515366223647694,13,down,preranked_rank_sum,GSE158473,ovary,GSE158473_0month_DiNP_20ugkgd,Reactome,0.17149746628894189
REACTOME_CONDENSATION_OF_PROMETAPHASE_CHROMOSOMES,-2.3970231991388102,0.01652887717108883,10,down,preranked_rank_sum,GSE158473,ovary,GSE158473_0month_DiNP_20ugkgd,Reactome,0.17149746628894189
REACTOME_RHO_GTPASES_ACTIVATE_CIT,-2.396781811414833,0.016539769320616148,18,down,preranked_rank_sum,GSE158473,ovary,GSE158473_0month_DiNP_20ugkgd,Reactome,0.17149746628894189
REACTOME_BASIGIN_INTERACTIONS,-2.3913558744453383,0.016786273146939236,22,down,preranked_rank_sum,GSE158473,ovary,GSE158473_0month_DiNP_20ugkgd,Reactome,0.17282768549876876
REACTOME_GLUCONEOGENESIS,-2.387579489501263,0.016959734705653602,22,down,preranked_rank_sum,GSE158473,ovary,GSE158473_0month_DiNP_20ugkgd,Reactome,0.17339253244521374
REACTOME_DAG1_GLYCOSYLATIONS,2.3812233749263947,0.017255245094532506,14,up,preranked_rank_sum,GSE158473,ovary,GSE158473_0month_DiNP_20ugkgd,Reactome,0.173669646554427
REACTOME_REGULATION_OF_GLUCOKINASE_BY_GLUCOKINASE_REGULATORY_PROTEIN,-2.3793080999851886,0.017345171654221787,29,down,preranked_rank_sum,GSE158473,ovary,GSE158473_0month_DiNP_20ugkgd,Reactome,0.173669646554427
REACTOME_RESOLUTION_OF_SISTER_CHROMATID_COHESION,-2.3775439814879666,0.017428364424237598,119,down,preranked_rank_sum,GSE158473,ovary,GSE158473_0month_DiNP_20ugkgd,Reactome,0.173669646554427
REACTOME_ROS_AND_RNS_PRODUCTION_IN_PHAGOCYTES,2.3768329143257603,0.017461995925787118,31,up,preranked_rank_sum,GSE158473,ovary,GSE158473_0month_DiNP_20ugkgd,Reactome,0.173669646554427
REACTOME_E2F_MEDIATED_REGULATION_OF_DNA_REPLICATION,-2.3729349799170567,0.01764737017618656,21,down,preranked_rank_sum,GSE158473,ovary,GSE158473_0month_DiNP_20ugkgd,Reactome,0.1739224033106818
REACTOME_CYCLIN_A_CDK2_ASSOCIATED_EVENTS_AT_S_PHASE_ENTRY,-2.3713063212199383,0.01772533385314062,70,down,preranked_rank_sum,GSE158473,ovary,GSE158473_0month_DiNP_20ugkgd,Reactome,0.1739224033106818
REACTOME_VXPX_CARGO_TARGETING_TO_CILIUM,2.356338634838601,0.018456084312013846,20,up,preranked_rank_sum,GSE158473,ovary,GSE158473_0month_DiNP_20ugkgd,Reactome,0.17922792157793108
REACTOME_PD_L1_CD274_GLYCOSYLATION_AND_TRANSLOCATION_TO_PLASMA_MEMBRANE,-2.355230311276571,0.018511228562426534,19,down,preranked_rank_sum,GSE158473,ovary,GSE158473_0month_DiNP_20ugkgd,Reactome,0.17922792157793108
REACTOME_SARS_COV_2_MODULATES_AUTOPHAGY,2.352153435665113,0.01866507388053801,10,up,preranked_rank_sum,GSE158473,ovary,GSE158473_0month_DiNP_20ugkgd,Reactome,0.1795285395614906
REACTOME_SEPARATION_OF_SISTER_CHROMATIDS,-2.349524514129963,0.01879740628678026,167,down,preranked_rank_sum,GSE158473,ovary,GSE158473_0month_DiNP_20ugkgd,Reactome,0.17961966007367802
REACTOME_ION_HOMEOSTASIS,-2.3419604330510686,0.019182748441709526,47,down,preranked_rank_sum,GSE158473,ovary,GSE158473_0month_DiNP_20ugkgd,Reactome,0.18104930243481246
REACTOME_INTERACTIONS_OF_REV_WITH_HOST_CELLULAR_PROTEINS,-2.341728087629485,0.019194693486590923,34,down,preranked_rank_sum,GSE158473,ovary,GSE158473_0month_DiNP_20ugkgd,Reactome,0.18104930243481246
REACTOME_FORMATION_OF_FIBRIN_CLOT_CLOTTING_CASCADE,-2.3368880282417677,0.019445007000453093,27,down,preranked_rank_sum,GSE158473,ovary,GSE158473_0month_DiNP_20ugkgd,Reactome,0.18151865602105538
REACTOME_CILIUM_ASSEMBLY,2.335970683936065,0.01949276949063317,182,up,preranked_rank_sum,GSE158473,ovary,GSE158473_0month_DiNP_20ugkgd,Reactome,0.18151865602105538
REACTOME_NOTCH4_INTRACELLULAR_DOMAIN_REGULATES_TRANSCRIPTION,-2.332814323537206,0.019657892578663325,18,down,preranked_rank_sum,GSE158473,ovary,GSE158473_0month_DiNP_20ugkgd,Reactome,0.18189771487345432
REACTOME_RSV_HOST_INTERACTIONS,2.3167898639355826,0.020515181458973113,79,up,preranked_rank_sum,GSE158473,ovary,GSE158473_0month_DiNP_20ugkgd,Reactome,0.1875293490837792
REACTOME_DNA_REPLICATION_PRE_INITIATION,-2.316645552715074,0.02052304777934656,89,down,preranked_rank_sum,GSE158473,ovary,GSE158473_0month_DiNP_20ugkgd,Reactome,0.1875293490837792
REACTOME_MATURATION_OF_SARS_COV_2_NUCLEOPROTEIN,2.3087739763486654,0.020956126826755163,15,up,preranked_rank_sum,GSE158473,ovary,GSE158473_0month_DiNP_20ugkgd,Reactome,0.19029725106034814
REACTOME_G1_S_SPECIFIC_TRANSCRIPTION,-2.302335573519042,0.021316255168098725,28,down,preranked_rank_sum,GSE158473,ovary,GSE158473_0month_DiNP_20ugkgd,Reactome,0.1923726238009897
REACTOME_WNT5A_DEPENDENT_INTERNALIZATION_OF_FZD2_FZD5_AND_ROR2,2.29190798532257,0.021910953381722297,13,up,preranked_rank_sum,GSE158473,ovary,GSE158473_0month_DiNP_20ugkgd,Reactome,0.196526465301092
REACTOME_SIGNALING_BY_NOTCH4,-2.284203544125619,0.022359571384016553,68,down,preranked_rank_sum,GSE158473,ovary,GSE158473_0month_DiNP_20ugkgd,Reactome,0.19833612322814181
REACTOME_ATF6_ATF6_ALPHA_ACTIVATES_CHAPERONES,-2.2837872765359553,0.022384035795241723,11,down,preranked_rank_sum,GSE158473,ovary,GSE158473_0month_DiNP_20ugkgd,Reactome,0.19833612322814181
REACTOME_DEGRADATION_OF_AXIN,-2.2812280877748305,0.022534953507102957,41,down,preranked_rank_sum,GSE158473,ovary,GSE158473_0month_DiNP_20ugkgd,Reactome,0.1984704941408706
REACTOME_EXPORT_OF_VIRAL_RIBONUCLEOPROTEINS_FROM_NUCLEUS,-2.2783721864743867,0.022704412082736332,30,down,preranked_rank_sum,GSE158473,ovary,GSE158473_0month_DiNP_20ugkgd,Reactome,0.19876557164647018
REACTOME_UPTAKE_AND_ACTIONS_OF_BACTERIAL_TOXINS,-2.272245744652331,0.02307167175164795,24,down,preranked_rank_sum,GSE158473,ovary,GSE158473_0month_DiNP_20ugkgd,Reactome,0.20003544823630184
REACTOME_NUCLEAR_PORE_COMPLEX_NPC_DISASSEMBLY,-2.2713944070471817,0.023123112689422035,33,down,preranked_rank_sum,GSE158473,ovary,GSE158473_0month_DiNP_20ugkgd,Reactome,0.20003544823630184
REACTOME_MITOTIC_G2_G2_M_PHASES,-2.2640350444768953,0.02357195945834612,178,down,preranked_rank_sum,GSE158473,ovary,GSE158473_0month_DiNP_20ugkgd,Reactome,0.20200840441390422
REACTOME_INTRA_GOLGI_AND_RETROGRADE_GOLGI_TO_ER_TRAFFIC,2.2631325106948137,0.023627521993691943,187,up,preranked_rank_sum,GSE158473,ovary,GSE158473_0month_DiNP_20ugkgd,Reactome,0.20200840441390422
REACTOME_NFE2L2_REGULATING_ANTI_OXIDANT_DETOXIFICATION_ENZYMES,-2.259381058501217,0.023859691615273144,18,down,preranked_rank_sum,GSE158473,ovary,GSE158473_0month_DiNP_20ugkgd,Reactome,0.2028073787298217
REACTOME_ACTIVATION_OF_BH3_ONLY_PROTEINS,-2.2562295087967303,0.024056261413252737,30,down,preranked_rank_sum,GSE158473,ovary,GSE158473_0month_DiNP_20ugkgd,Reactome,0.2032962669721127
REACTOME_MATURATION_OF_TCA_ENZYMES_AND_REGULATION_OF_TCA_CYCLE,2.2478713419054093,0.02458439504955219,19,up,preranked_rank_sum,GSE158473,ovary,GSE158473_0month_DiNP_20ugkgd,Reactome,0.20656543426692703
REACTOME_AUF1_HNRNP_D0_BINDS_AND_DESTABILIZES_MRNA,-2.2453249573151353,0.02474727899274304,39,down,preranked_rank_sum,GSE158473,ovary,GSE158473_0month_DiNP_20ugkgd,Reactome,0.2066068483581947
REACTOME_DEUBIQUITINATION,2.241247925686495,0.025010020023045556,217,up,preranked_rank_sum,GSE158473,ovary,GSE158473_0month_DiNP_20ugkgd,Reactome,0.2066068483581947
REACTOME_INTERACTION_BETWEEN_L1_AND_ANKYRINS,-2.241197606851479,0.025013277810807432,26,down,preranked_rank_sum,GSE158473,ovary,GSE158473_0month_DiNP_20ugkgd,Reactome,0.2066068483581947
REACTOME_CELL_JUNCTION_ORGANIZATION,-2.2307926972278893,0.025694863910971814,217,down,preranked_rank_sum,GSE158473,ovary,GSE158473_0month_DiNP_20ugkgd,Reactome,0.2110443316732629
REACTOME_POSTMITOTIC_NUCLEAR_PORE_COMPLEX_NPC_REFORMATION,-2.226841463421422,0.025957871162658165,25,down,preranked_rank_sum,GSE158473,ovary,GSE158473_0month_DiNP_20ugkgd,Reactome,0.21120339817131822
REACTOME_CELLULAR_RESPONSE_TO_HYPOXIA,-2.226164657060201,0.02600315435761784,58,down,preranked_rank_sum,GSE158473,ovary,GSE158473_0month_DiNP_20ugkgd,Reactome,0.21120339817131822
REACTOME_GLUTAMATE_AND_GLUTAMINE_METABOLISM,-2.221590538760122,0.026310989854618563,12,down,preranked_rank_sum,GSE158473,ovary,GSE158473_0month_DiNP_20ugkgd,Reactome,0.21252302302459858
REACTOME_TRIGLYCERIDE_BIOSYNTHESIS,2.2165190012630744,0.026655978022751978,10,up,preranked_rank_sum,GSE158473,ovary,GSE158473_0month_DiNP_20ugkgd,Reactome,0.2132936667370159
REACTOME_INTRAFLAGELLAR_TRANSPORT,2.213047069703291,0.026894400693295583,43,up,preranked_rank_sum,GSE158473,ovary,GSE158473_0month_DiNP_20ugkgd,Reactome,0.2132936667370159
REACTOME_TRANSPORT_OF_MATURE_MRNAS_DERIVED_FROM_INTRONLESS_TRANSCRIPTS,-2.2116279946380364,0.026992379468128103,39,down,preranked_rank_sum,GSE158473,ovary,GSE158473_0month_DiNP_20ugkgd,Reactome,0.2132936667370159
REACTOME_APC_C_MEDIATED_DEGRADATION_OF_CELL_CYCLE_PROTEINS,-2.2097105233940724,0.02712525894028344,70,down,preranked_rank_sum,GSE158473,ovary,GSE158473_0month_DiNP_20ugkgd,Reactome,0.2132936667370159
REACTOME_SIGNALING_BY_NOTCH2,-2.209557950178863,0.027135856370099153,31,down,preranked_rank_sum,GSE158473,ovary,GSE158473_0month_DiNP_20ugkgd,Reactome,0.2132936667370159
REACTOME_HH_MUTANTS_ABROGATE_LIGAND_SECRETION,-2.204564139093395,0.027484694528185215,44,down,preranked_rank_sum,GSE158473,ovary,GSE158473_0month_DiNP_20ugkgd,Reactome,0.21488033903853895
REACTOME_FATTY_ACYL_COA_BIOSYNTHESIS,2.194721933798203,0.028183550363189466,31,up,preranked_rank_sum,GSE158473,ovary,GSE158473_0month_DiNP_20ugkgd,Reactome,0.21917207782437767
REACTOME_NERVOUS_SYSTEM_DEVELOPMENT,-2.188618345385289,0.02862459129735805,491,down,preranked_rank_sum,GSE158473,ovary,GSE158473_0month_DiNP_20ugkgd,Reactome,0.22142408717850512
REACTOME_INTERLEUKIN_20_FAMILY_SIGNALING,2.173953889488173,0.02970859829241509,18,up,preranked_rank_sum,GSE158473,ovary,GSE158473_0month_DiNP_20ugkgd,Reactome,0.22859984580795192
REACTOME_MATRIGLYCAN_BIOSYNTHESIS_ON_DAG1,2.168222203056075,0.03014178427684635,9,up,preranked_rank_sum,GSE158473,ovary,GSE158473_0month_DiNP_20ugkgd,Reactome,0.230718788548426
REACTOME_P53_DEPENDENT_G1_DNA_DAMAGE_RESPONSE,-2.1606183619624217,0.03072483183047949,51,down,preranked_rank_sum,GSE158473,ovary,GSE158473_0month_DiNP_20ugkgd,Reactome,0.23395679237583858
REACTOME_NEF_MEDIATES_DOWN_MODULATION_OF_CELL_SURFACE_RECEPTORS_BY_RECRUITING_THEM_TO_CLATHRIN_ADAPTERS,2.153445809142927,0.03128365868306397,19,up,preranked_rank_sum,GSE158473,ovary,GSE158473_0month_DiNP_20ugkgd,Reactome,0.2345230829164412
REACTOME_NEUTROPHIL_DEGRANULATION,2.1528075888562497,0.03133380348801163,392,up,preranked_rank_sum,GSE158473,ovary,GSE158473_0month_DiNP_20ugkgd,Reactome,0.2345230829164412
REACTOME_SYNTHESIS_OF_PIPS_AT_THE_LATE_ENDOSOME_MEMBRANE,2.1496480926638255,0.03158306121415658,11,up,preranked_rank_sum,GSE158473,ovary,GSE158473_0month_DiNP_20ugkgd,Reactome,0.2345230829164412
REACTOME_SUMOYLATION_OF_DNA_REPLICATION_PROTEINS,-2.149578377559647,0.031588580271721935,43,down,preranked_rank_sum,GSE158473,ovary,GSE158473_0month_DiNP_20ugkgd,Reactome,0.2345230829164412
REACTOME_ACTIVATION_OF_GENE_EXPRESSION_BY_SREBF_SREBP,2.149418205505761,0.03160126356671608,42,up,preranked_rank_sum,GSE158473,ovary,GSE158473_0month_DiNP_20ugkgd,Reactome,0.2345230829164412
REACTOME_NS1_MEDIATED_EFFECTS_ON_HOST_PATHWAYS,-2.1448325558603045,0.03196623722220622,38,down,preranked_rank_sum,GSE158473,ovary,GSE158473_0month_DiNP_20ugkgd,Reactome,0.23603352938820954
REACTOME_SURFACTANT_METABOLISM,-2.14277016740282,0.032131557915139664,21,down,preranked_rank_sum,GSE158473,ovary,GSE158473_0month_DiNP_20ugkgd,Reactome,0.23606199835142808
REACTOME_REGULATION_OF_PD_L1_CD274_EXPRESSION,-2.1360997492960947,0.03267128419953732,132,down,preranked_rank_sum,GSE158473,ovary,GSE158473_0month_DiNP_20ugkgd,Reactome,0.23836723876930052
REACTOME_CELLULAR_RESPONSE_TO_STARVATION,-2.134872584395819,0.03277141928360424,119,down,preranked_rank_sum,GSE158473,ovary,GSE158473_0month_DiNP_20ugkgd,Reactome,0.23836723876930052
REACTOME_SUMOYLATION_OF_UBIQUITINYLATION_PROTEINS,-2.1266398572738296,0.03345001816970497,35,down,preranked_rank_sum,GSE158473,ovary,GSE158473_0month_DiNP_20ugkgd,Reactome,0.24139079219269763
REACTOME_ZINC_INFLUX_INTO_CELLS_BY_THE_SLC39_GENE_FAMILY,-2.125831092149303,0.03351732613893134,9,down,preranked_rank_sum,GSE158473,ovary,GSE158473_0month_DiNP_20ugkgd,Reactome,0.24139079219269763
REACTOME_GBP_MEDIATED_HOST_DEFENSE,2.1201735634721914,0.03399141099601659,11,up,preranked_rank_sum,GSE158473,ovary,GSE158473_0month_DiNP_20ugkgd,Reactome,0.24284775678903733
REACTOME_REGULATION_OF_BETA_CELL_DEVELOPMENT,-2.117559039585433,0.03421243022998031,25,down,preranked_rank_sum,GSE158473,ovary,GSE158473_0month_DiNP_20ugkgd,Reactome,0.24284775678903733
REACTOME_SIGNALING_BY_RETINOIC_ACID,-2.1174939693756136,0.034217946579029886,31,down,preranked_rank_sum,GSE158473,ovary,GSE158473_0month_DiNP_20ugkgd,Reactome,0.24284775678903733
REACTOME_SUMOYLATION_OF_RNA_BINDING_PROTEINS,-2.1103244953760254,0.034830415086294274,43,down,preranked_rank_sum,GSE158473,ovary,GSE158473_0month_DiNP_20ugkgd,Reactome,0.24597458723433863
REACTOME_SCF_SKP2_MEDIATED_DEGRADATION_OF_P27_P21,-2.108155702933402,0.03501752350704228,45,down,preranked_rank_sum,GSE158473,ovary,GSE158473_0month_DiNP_20ugkgd,Reactome,0.24597458723433863
REACTOME_TNFR1_INDUCED_NF_KAPPA_B_SIGNALING_PATHWAY,2.098758456242333,0.03583819871451037,31,up,preranked_rank_sum,GSE158473,ovary,GSE158473_0month_DiNP_20ugkgd,Reactome,0.24597458723433863
REACTOME_SYNTHESIS_OF_IP3_AND_IP4_IN_THE_CYTOSOL,2.094776685034591,0.03619084861968654,22,up,preranked_rank_sum,GSE158473,ovary,GSE158473_0month_DiNP_20ugkgd,Reactome,0.24597458723433863
REACTOME_COMPLEX_III_ASSEMBLY,2.0945107424328953,0.036214507132878354,22,up,preranked_rank_sum,GSE158473,ovary,GSE158473_0month_DiNP_20ugkgd,Reactome,0.24597458723433863
REACTOME_DEVELOPMENTAL_LINEAGE_OF_MAMMARY_GLAND_LUMINAL_EPITHELIAL_CELLS,-2.0945046374441834,0.036215050393381736,20,down,preranked_rank_sum,GSE158473,ovary,GSE158473_0month_DiNP_20ugkgd,Reactome,0.24597458723433863
REACTOME_ACETYLCHOLINE_BINDING_AND_DOWNSTREAM_EVENTS,2.09279387951248,0.036367558421397723,6,up,preranked_rank_sum,GSE158473,ovary,GSE158473_0month_DiNP_20ugkgd,Reactome,0.24597458723433863
REACTOME_PRESYNAPTIC_NICOTINIC_ACETYLCHOLINE_RECEPTORS,2.09279387951248,0.036367558421397723,6,up,preranked_rank_sum,GSE158473,ovary,GSE158473_0month_DiNP_20ugkgd,Reactome,0.24597458723433863
REACTOME_HSF1_DEPENDENT_TRANSACTIVATION,-2.0921838936562844,0.03642206871731981,32,down,preranked_rank_sum,GSE158473,ovary,GSE158473_0month_DiNP_20ugkgd,Reactome,0.24597458723433863
REACTOME_TP53_REGULATES_TRANSCRIPTION_OF_ADDITIONAL_CELL_CYCLE_GENES_WHOSE_EXACT_ROLE_IN_THE_P53_PATHWAY_REMAIN_UNCERTAIN,-2.0912135837913772,0.03650892218697088,20,down,preranked_rank_sum,GSE158473,ovary,GSE158473_0month_DiNP_20ugkgd,Reactome,0.24597458723433863
REACTOME_ABC_TRANSPORTERS_IN_LIPID_HOMEOSTASIS,2.0898694567816385,0.03662952794101468,14,up,preranked_rank_sum,GSE158473,ovary,GSE158473_0month_DiNP_20ugkgd,Reactome,0.24597458723433863
REACTOME_N_GLYCAN_ANTENNAE_ELONGATION,-2.0893362077893807,0.036677469231932845,14,down,preranked_rank_sum,GSE158473,ovary,GSE158473_0month_DiNP_20ugkgd,Reactome,0.24597458723433863
REACTOME_DIFFERENTIATION_OF_KERATINOCYTES_IN_INTERFOLLICULAR_EPIDERMIS_IN_MAMMALIAN_SKIN,-2.0831811816557155,0.037234711754180715,20,down,preranked_rank_sum,GSE158473,ovary,GSE158473_0month_DiNP_20ugkgd,Reactome,0.24777516141831457
REACTOME_REGULATION_OF_RAS_BY_GAPS,-2.0826305972662222,0.03728490801096389,53,down,preranked_rank_sum,GSE158473,ovary,GSE158473_0month_DiNP_20ugkgd,Reactome,0.24777516141831457
REACTOME_EARLY_SARS_COV_2_INFECTION_EVENTS,2.0767644730512824,0.037823302703699435,30,up,preranked_rank_sum,GSE158473,ovary,GSE158473_0month_DiNP_20ugkgd,Reactome,0.25021569480908856
REACTOME_MITOCHONDRIAL_PROTEIN_DEGRADATION,2.0743615965195197,0.03804574113299173,81,up,preranked_rank_sum,GSE158473,ovary,GSE158473_0month_DiNP_20ugkgd,Reactome,0.25055348439835096
REACTOME_SIGNALING_BY_NOTCH1_HD_DOMAIN_MUTANTS_IN_CANCER,-2.0696726511998813,0.03848300950977153,14,down,preranked_rank_sum,GSE158473,ovary,GSE158473_0month_DiNP_20ugkgd,Reactome,0.2522344011935562
REACTOME_UBIQUINOL_BIOSYNTHESIS,2.0679360510403417,0.03864603684497715,13,up,preranked_rank_sum,GSE158473,ovary,GSE158473_0month_DiNP_20ugkgd,Reactome,0.2522344011935562
REACTOME_CYCLIN_A_B1_B2_ASSOCIATED_EVENTS_DURING_G2_M_TRANSITION,-2.0658296877000315,0.03884456383454151,29,down,preranked_rank_sum,GSE158473,ovary,GSE158473_0month_DiNP_20ugkgd,Reactome,0.2524033436715542
REACTOME_MITOCHONDRIAL_TRNA_AMINOACYLATION,2.0572485002996714,0.039662328397866584,18,up,preranked_rank_sum,GSE158473,ovary,GSE158473_0month_DiNP_20ugkgd,Reactome,0.25657665538796876
REACTOME_NICOTINATE_METABOLISM,2.045362386460921,0.04081914431746669,24,up,preranked_rank_sum,GSE158473,ovary,GSE158473_0month_DiNP_20ugkgd,Reactome,0.2628968678067678
REACTOME_REGULATION_OF_INSULIN_LIKE_GROWTH_FACTOR_IGF_TRANSPORT_AND_UPTAKE_BY_INSULIN_LIKE_GROWTH_FACTOR_BINDING_PROTEINS_IGFBPS,-2.0319758859667645,0.04215609720860654,97,down,preranked_rank_sum,GSE158473,ovary,GSE158473_0month_DiNP_20ugkgd,Reactome,0.2698228860733997
REACTOME_NEGATIVE_REGULATION_OF_MET_ACTIVITY,-2.030914787203528,0.04226363947387724,20,down,preranked_rank_sum,GSE158473,ovary,GSE158473_0month_DiNP_20ugkgd,Reactome,0.2698228860733997
REACTOME_MISCELLANEOUS_TRANSPORT_AND_BINDING_EVENTS,2.0281846575700544,0.04254140517317757,22,up,preranked_rank_sum,GSE158473,ovary,GSE158473_0month_DiNP_20ugkgd,Reactome,0.2704153667964591
REACTOME_CITRIC_ACID_CYCLE_TCA_CYCLE,2.0121118344114004,0.044208149444899876,33,up,preranked_rank_sum,GSE158473,ovary,GSE158473_0month_DiNP_20ugkgd,Reactome,0.27929476529655295
REACTOME_DEPOSITION_OF_NEW_CENPA_CONTAINING_NUCLEOSOMES_AT_THE_CENTROMERE,-2.011048130354404,0.04432037315239418,28,down,preranked_rank_sum,GSE158473,ovary,GSE158473_0month_DiNP_20ugkgd,Reactome,0.27929476529655295
REACTOME_TRNA_MODIFICATION_IN_THE_MITOCHONDRION,2.0074684609115714,0.044699805593568995,9,up,preranked_rank_sum,GSE158473,ovary,GSE158473_0month_DiNP_20ugkgd,Reactome,0.28047689175020546
REACTOME_BUDDING_AND_MATURATION_OF_HIV_VIRION,2.005485917445461,0.044911124768036055,24,up,preranked_rank_sum,GSE158473,ovary,GSE158473_0month_DiNP_20ugkgd,Reactome,0.2805985658584133
REACTOME_LONG_TERM_POTENTIATION,-2.0017818650516297,0.04530819720561557,17,down,preranked_rank_sum,GSE158473,ovary,GSE158473_0month_DiNP_20ugkgd,Reactome,0.28187482687068066
REACTOME_REGULATION_OF_MITF_M_DEPENDENT_GENES_INVOLVED_IN_EXTRACELLULAR_MATRIX_FOCAL_ADHESION_AND_EPITHELIAL_TO_MESENCHYMAL_TRANSITION,-1.989944266125482,0.046597075362168214,11,down,preranked_rank_sum,GSE158473,ovary,GSE158473_0month_DiNP_20ugkgd,Reactome,0.28866493296394036
REACTOME_TRANSCRIPTIONAL_REGULATION_BY_THE_AP_2_TFAP2_FAMILY_OF_TRANSCRIPTION_FACTORS,-1.9879141405040488,0.04682118657615339,31,down,preranked_rank_sum,GSE158473,ovary,GSE158473_0month_DiNP_20ugkgd,Reactome,0.28882942942757917
REACTOME_NOD1_2_SIGNALING_PATHWAY,1.9782243668081987,0.04790340102633911,33,up,preranked_rank_sum,GSE158473,ovary,GSE158473_0month_DiNP_20ugkgd,Reactome,0.2935407424065939
REACTOME_CAMK_IV_MEDIATED_PHOSPHORYLATION_OF_CREB,-1.9774881159905628,0.04798648251380023,8,down,preranked_rank_sum,GSE158473,ovary,GSE158473_0month_DiNP_20ugkgd,Reactome,0.2935407424065939
REACTOME_RAS_ACTIVATION_UPON_CA2_INFLUX_THROUGH_NMDA_RECEPTOR,-1.9708763415523125,0.048738021836209254,15,down,preranked_rank_sum,GSE158473,ovary,GSE158473_0month_DiNP_20ugkgd,Reactome,0.29613023288292156
REACTOME_HEDGEHOG_LIGAND_BIOGENESIS,-1.970125375057327,0.048824003403178114,49,down,preranked_rank_sum,GSE158473,ovary,GSE158473_0month_DiNP_20ugkgd,Reactome,0.29613023288292156
REACTOME_COPI_INDEPENDENT_GOLGI_TO_ER_RETROGRADE_TRAFFIC,1.9673129839846122,0.049147139086521706,45,up,preranked_rank_sum,GSE158473,ovary,GSE158473_0month_DiNP_20ugkgd,Reactome,0.29613023288292156
REACTOME_MITOTIC_METAPHASE_AND_ANAPHASE,-1.9666809494503978,0.049220004507900095,208,down,preranked_rank_sum,GSE158473,ovary,GSE158473_0month_DiNP_20ugkgd,Reactome,0.29613023288292156
REACTOME_RHO_GTPASES_ACTIVATE_IQGAPS,1.9615696072058437,0.049812613626613114,25,up,preranked_rank_sum,GSE158473,ovary,GSE158473_0month_DiNP_20ugkgd,Reactome,0.29846738164798514
REACTOME_DOWNREGULATION_OF_ERBB2_SIGNALING,-1.9582648201696327,0.05019894655690801,26,down,preranked_rank_sum,GSE158473,ovary,GSE158473_0month_DiNP_20ugkgd,Reactome,0.2995480712063685
REACTOME_SLBP_DEPENDENT_PROCESSING_OF_REPLICATION_DEPENDENT_HISTONE_PRE_MRNAS,-1.9565267162494002,0.05040313840915609,10,down,preranked_rank_sum,GSE158473,ovary,GSE158473_0month_DiNP_20ugkgd,Reactome,0.2995480712063685
REACTOME_SLC_MEDIATED_TRANSPORT_OF_NEUROTRANSMITTERS,-1.954791857204723,0.05060764267303216,10,down,preranked_rank_sum,GSE158473,ovary,GSE158473_0month_DiNP_20ugkgd,Reactome,0.2995480712063685
REACTOME_IRE1ALPHA_ACTIVATES_CHAPERONES,-1.9511823763673117,0.051035354669863996,49,down,preranked_rank_sum,GSE158473,ovary,GSE158473_0month_DiNP_20ugkgd,Reactome,0.300861647287666
REACTOME_PROCESSING_OF_CAPPED_INTRONLESS_PRE_MRNA,-1.9459540735537253,0.05166025662386978,27,down,preranked_rank_sum,GSE158473,ovary,GSE158473_0month_DiNP_20ugkgd,Reactome,0.3033224706188659
REACTOME_TGFBR3_EXPRESSION,-1.9380833041156413,0.05261306004840469,22,down,preranked_rank_sum,GSE158473,ovary,GSE158473_0month_DiNP_20ugkgd,Reactome,0.3048785833385876
REACTOME_RESPIRATORY_SYNCYTIAL_VIRUS_INFECTION_PATHWAY,1.9377982827979878,0.05264783736573685,100,up,preranked_rank_sum,GSE158473,ovary,GSE158473_0month_DiNP_20ugkgd,Reactome,0.3048785833385876
REACTOME_NUCLEOTIDE_BINDING_DOMAIN_LEUCINE_RICH_REPEAT_CONTAINING_RECEPTOR_NLR_SIGNALING_PATHWAYS,1.93716110584919,0.052725652995880175,52,up,preranked_rank_sum,GSE158473,ovary,GSE158473_0month_DiNP_20ugkgd,Reactome,0.3048785833385876
REACTOME_RHOBTB2_GTPASE_CYCLE,-1.9368848029447212,0.05275942652849703,21,down,preranked_rank_sum,GSE158473,ovary,GSE158473_0month_DiNP_20ugkgd,Reactome,0.3048785833385876
REACTOME_NOTCH2_INTRACELLULAR_DOMAIN_REGULATES_TRANSCRIPTION,-1.9322734398755248,0.053325764859612886,11,down,preranked_rank_sum,GSE158473,ovary,GSE158473_0month_DiNP_20ugkgd,Reactome,0.3069380638769844
REACTOME_INTERACTIONS_OF_VPR_WITH_HOST_CELLULAR_PROTEINS,-1.9293021077005457,0.05369336824951948,32,down,preranked_rank_sum,GSE158473,ovary,GSE158473_0month_DiNP_20ugkgd,Reactome,0.3078419779639117
REACTOME_DEFECTS_IN_VITAMIN_AND_COFACTOR_METABOLISM,1.9252793854314014,0.05419441519513222,19,up,preranked_rank_sum,GSE158473,ovary,GSE158473_0month_DiNP_20ugkgd,Reactome,0.30918113159512023
REACTOME_RHOBTB1_GTPASE_CYCLE,-1.924037382000218,0.0543498979616593,21,down,preranked_rank_sum,GSE158473,ovary,GSE158473_0month_DiNP_20ugkgd,Reactome,0.30918113159512023
REACTOME_PROCESSING_OF_SMDT1,1.9185205616610537,0.055045037475177125,15,up,preranked_rank_sum,GSE158473,ovary,GSE158473_0month_DiNP_20ugkgd,Reactome,0.3116569125112917
REACTOME_ACTIVATED_NOTCH1_TRANSMITS_SIGNAL_TO_THE_NUCLEUS,-1.9171185006592923,0.05522287877291177,30,down,preranked_rank_sum,GSE158473,ovary,GSE158473_0month_DiNP_20ugkgd,Reactome,0.3116569125112917
REACTOME_RHOBTB_GTPASE_CYCLE,-1.915532551742275,0.05542462192403272,33,down,preranked_rank_sum,GSE158473,ovary,GSE158473_0month_DiNP_20ugkgd,Reactome,0.3116569125112917
REACTOME_CELLULAR_HEXOSE_TRANSPORT,-1.9097946729391266,0.056159655457194355,12,down,preranked_rank_sum,GSE158473,ovary,GSE158473_0month_DiNP_20ugkgd,Reactome,0.31458013899777065
REACTOME_TRANSLATION,-1.8972242944508197,0.05779834174109023,296,down,preranked_rank_sum,GSE158473,ovary,GSE158473_0month_DiNP_20ugkgd,Reactome,0.32252357108959506
REACTOME_REGULATION_OF_RUNX3_EXPRESSION_AND_ACTIVITY,-1.8936216027599388,0.05827525398998835,44,down,preranked_rank_sum,GSE158473,ovary,GSE158473_0month_DiNP_20ugkgd,Reactome,0.32311303736881547
REACTOME_DISORDERS_OF_TRANSMEMBRANE_TRANSPORTERS,-1.8930893135776652,0.05834599306796667,130,down,preranked_rank_sum,GSE158473,ovary,GSE158473_0month_DiNP_20ugkgd,Reactome,0.32311303736881547
REACTOME_TRANSCRIPTIONAL_REGULATION_BY_E2F6,-1.8851448287370955,0.059410287107328236,34,down,preranked_rank_sum,GSE158473,ovary,GSE158473_0month_DiNP_20ugkgd,Reactome,0.32776543302231653
REACTOME_ARACHIDONATE_METABOLISM,1.8833026960851251,0.059659358268616555,42,up,preranked_rank_sum,GSE158473,ovary,GSE158473_0month_DiNP_20ugkgd,Reactome,0.3279021871756293
REACTOME_CYTOSOLIC_TRNA_AMINOACYLATION,-1.8800536456515324,0.060100767079070035,6,down,preranked_rank_sum,GSE158473,ovary,GSE158473_0month_DiNP_20ugkgd,Reactome,0.3290910916464434
REACTOME_FCGR3A_MEDIATED_IL10_SYNTHESIS,1.8754323817451528,0.06073326377814303,33,up,preranked_rank_sum,GSE158473,ovary,GSE158473_0month_DiNP_20ugkgd,Reactome,0.3311900042041117
REACTOME_SUMOYLATION_OF_DNA_DAMAGE_RESPONSE_AND_REPAIR_PROTEINS,-1.8739512220699581,0.06093714851635161,71,down,preranked_rank_sum,GSE158473,ovary,GSE158473_0month_DiNP_20ugkgd,Reactome,0.3311900042041117
REACTOME_GLUCURONIDATION,1.8696260495569317,0.06153576525391299,10,up,preranked_rank_sum,GSE158473,ovary,GSE158473_0month_DiNP_20ugkgd,Reactome,0.3332047733378548
REACTOME_REGULATION_OF_CDH1_FUNCTION,-1.8619914734435017,0.06260429210410134,56,down,preranked_rank_sum,GSE158473,ovary,GSE158473_0month_DiNP_20ugkgd,Reactome,0.3377397603549674
REACTOME_SUMOYLATION_OF_TRANSCRIPTION_COFACTORS,-1.857145714195054,0.06329042586424104,42,down,preranked_rank_sum,GSE158473,ovary,GSE158473_0month_DiNP_20ugkgd,Reactome,0.33805572528036354
REACTOME_PEROXISOMAL_LIPID_METABOLISM,1.856924279671938,0.06332192770879934,27,up,preranked_rank_sum,GSE158473,ovary,GSE158473_0month_DiNP_20ugkgd,Reactome,0.33805572528036354
REACTOME_EPHA_MEDIATED_GROWTH_CONE_COLLAPSE,-1.854251829800345,0.06370314012613171,28,down,preranked_rank_sum,GSE158473,ovary,GSE158473_0month_DiNP_20ugkgd,Reactome,0.33805572528036354
REACTOME_ABERRANT_REGULATION_OF_MITOTIC_G1_S_TRANSITION_IN_CANCER_DUE_TO_RB1_DEFECTS,-1.8525987683225371,0.06393988913456361,17,down,preranked_rank_sum,GSE158473,ovary,GSE158473_0month_DiNP_20ugkgd,Reactome,0.33805572528036354
REACTOME_HOMOLOGY_DIRECTED_REPAIR,-1.8522598823639513,0.0639885135170197,101,down,preranked_rank_sum,GSE158473,ovary,GSE158473_0month_DiNP_20ugkgd,Reactome,0.33805572528036354
REACTOME_INTERFERON_GAMMA_SIGNALING,1.85183005927501,0.06405022975558188,68,up,preranked_rank_sum,GSE158473,ovary,GSE158473_0month_DiNP_20ugkgd,Reactome,0.33805572528036354
REACTOME_INSULIN_RECEPTOR_SIGNALLING_CASCADE,1.8484780839663852,0.06453321197142493,42,up,preranked_rank_sum,GSE158473,ovary,GSE158473_0month_DiNP_20ugkgd,Reactome,0.3393796974900117
REACTOME_VIF_MEDIATED_DEGRADATION_OF_APOBEC3G,-1.8443590823282092,0.06513082632400784,39,down,preranked_rank_sum,GSE158473,ovary,GSE158473_0month_DiNP_20ugkgd,Reactome,0.34129486769067907
REACTOME_NEGATIVE_REGULATORS_OF_DDX58_IFIH1_SIGNALING,1.8394672273876902,0.06584649394450866,29,up,preranked_rank_sum,GSE158473,ovary,GSE158473_0month_DiNP_20ugkgd,Reactome,0.3434039367452246
REACTOME_NF_KB_ACTIVATION_THROUGH_FADD_RIP_1_PATHWAY_MEDIATED_BY_CASPASE_8_AND_10,1.8384027362363282,0.06600308223352128,9,up,preranked_rank_sum,GSE158473,ovary,GSE158473_0month_DiNP_20ugkgd,Reactome,0.3434039367452246
REACTOME_MISMATCH_REPAIR,-1.8341099088700783,0.06663768083926004,14,down,preranked_rank_sum,GSE158473,ovary,GSE158473_0month_DiNP_20ugkgd,Reactome,0.34547620349999353
REACTOME_WNT_LIGAND_BIOGENESIS_AND_TRAFFICKING,1.829652073161033,0.06730198178315425,19,up,preranked_rank_sum,GSE158473,ovary,GSE158473_0month_DiNP_20ugkgd,Reactome,0.3476872698479559
REACTOME_SYNTHESIS_OF_GLYCOSYLPHOSPHATIDYLINOSITOL_GPI,1.827674422883613,0.06759842897052312,17,up,preranked_rank_sum,GSE158473,ovary,GSE158473_0month_DiNP_20ugkgd,Reactome,0.347989095615862
REACTOME_MITOCHONDRIAL_CALCIUM_ION_TRANSPORT,1.8247917557933868,0.06803246043278195,22,up,preranked_rank_sum,GSE158473,ovary,GSE158473_0month_DiNP_20ugkgd,Reactome,0.34899458650079723
REACTOME_TP53_REGULATES_TRANSCRIPTION_OF_DEATH_RECEPTORS_AND_LIGANDS,-1.8159603834033313,0.06937644945639654,9,down,preranked_rank_sum,GSE158473,ovary,GSE158473_0month_DiNP_20ugkgd,Reactome,0.3546446472211599
REACTOME_TRANSPORT_OF_NUCLEOSIDES_AND_FREE_PURINE_AND_PYRIMIDINE_BASES_ACROSS_THE_PLASMA_MEMBRANE,1.8139241823560557,0.0696893991385008,11,up,preranked_rank_sum,GSE158473,ovary,GSE158473_0month_DiNP_20ugkgd,Reactome,0.3550031412560563
REACTOME_PERK_REGULATES_GENE_EXPRESSION,-1.8090756325279276,0.07043925414227041,28,down,preranked_rank_sum,GSE158473,ovary,GSE158473_0month_DiNP_20ugkgd,Reactome,0.35528082537358047
REACTOME_ACTIVATION_OF_APC_C_AND_APC_C_CDC20_MEDIATED_DEGRADATION_OF_MITOTIC_PROTEINS,-1.8084998399288088,0.07052874170630144,60,down,preranked_rank_sum,GSE158473,ovary,GSE158473_0month_DiNP_20ugkgd,Reactome,0.35528082537358047
REACTOME_SCF_BETA_TRCP_MEDIATED_DEGRADATION_OF_EMI1,-1.807508121360112,0.07068308956987991,40,down,preranked_rank_sum,GSE158473,ovary,GSE158473_0month_DiNP_20ugkgd,Reactome,0.35528082537358047
REACTOME_INOSITOL_PHOSPHATE_METABOLISM,1.807297209679955,0.07071595087805192,42,up,preranked_rank_sum,GSE158473,ovary,GSE158473_0month_DiNP_20ugkgd,Reactome,0.35528082537358047
REACTOME_ACTIVATION_OF_THE_AP_1_FAMILY_OF_TRANSCRIPTION_FACTORS,1.8040168347764107,0.07122866786705992,10,up,preranked_rank_sum,GSE158473,ovary,GSE158473_0month_DiNP_20ugkgd,Reactome,0.3561031819548917
REACTOME_DENGUE_VIRUS_MODULATES_APOPTOSIS,1.80313650079738,0.07136677996770402,16,up,preranked_rank_sum,GSE158473,ovary,GSE158473_0month_DiNP_20ugkgd,Reactome,0.3561031819548917
REACTOME_PHASE_4_RESTING_MEMBRANE_POTENTIAL,-1.7990488293302898,0.07201095699729126,10,down,preranked_rank_sum,GSE158473,ovary,GSE158473_0month_DiNP_20ugkgd,Reactome,0.3564695909009499
REACTOME_PREGNENOLONE_BIOSYNTHESIS,1.7972584227091672,0.07229460349882255,9,up,preranked_rank_sum,GSE158473,ovary,GSE158473_0month_DiNP_20ugkgd,Reactome,0.3564695909009499
REACTOME_GAMMA_CARBOXYLATION_HYPUSINYLATION_HYDROXYLATION_AND_ARYLSULFATASE_ACTIVATION,1.796995965620544,0.07233626023858337,50,up,preranked_rank_sum,GSE158473,ovary,GSE158473_0month_DiNP_20ugkgd,Reactome,0.3564695909009499
REACTOME_REGULATION_OF_HOMOTYPIC_CELL_CELL_ADHESION,-1.796497026920235,0.07241550512830514,150,down,preranked_rank_sum,GSE158473,ovary,GSE158473_0month_DiNP_20ugkgd,Reactome,0.3564695909009499
REACTOME_DNA_STRAND_ELONGATION,-1.793073768278282,0.07296112941317233,31,down,preranked_rank_sum,GSE158473,ovary,GSE158473_0month_DiNP_20ugkgd,Reactome,0.357033050384152
REACTOME_G1_S_DNA_DAMAGE_CHECKPOINTS,-1.7913023730544755,0.07324478553711412,64,down,preranked_rank_sum,GSE158473,ovary,GSE158473_0month_DiNP_20ugkgd,Reactome,0.357033050384152
REACTOME_PEPTIDE_HORMONE_BIOSYNTHESIS,-1.7911913374407156,0.07326259583806129,6,down,preranked_rank_sum,GSE158473,ovary,GSE158473_0month_DiNP_20ugkgd,Reactome,0.357033050384152
REACTOME_FORMATION_OF_PARAXIAL_MESODERM,-1.7781571823479894,0.07537804304296486,55,down,preranked_rank_sum,GSE158473,ovary,GSE158473_0month_DiNP_20ugkgd,Reactome,0.36582821432276846
REACTOME_ENDOGENOUS_STEROLS,1.7770026851964973,0.07556779803384137,19,up,preranked_rank_sum,GSE158473,ovary,GSE158473_0month_DiNP_20ugkgd,Reactome,0.36582821432276846
REACTOME_CO_INHIBITION_BY_PD_1,-1.769103627397533,0.07687658268507006,142,down,preranked_rank_sum,GSE158473,ovary,GSE158473_0month_DiNP_20ugkgd,Reactome,0.3709358544078298
REACTOME_FCERI_MEDIATED_MAPK_ACTIVATION,1.764677255853582,0.07761802319284773,29,up,preranked_rank_sum,GSE158473,ovary,GSE158473_0month_DiNP_20ugkgd,Reactome,0.3732814141708664
REACTOME_TRNA_PROCESSING,-1.7630970565385262,0.07788412159784242,103,down,preranked_rank_sum,GSE158473,ovary,GSE158473_0month_DiNP_20ugkgd,Reactome,0.3732822402458413
REACTOME_DEGRADATION_OF_DVL,-1.7616476904756335,0.07812884098168771,42,down,preranked_rank_sum,GSE158473,ovary,GSE158473_0month_DiNP_20ugkgd,Reactome,0.3732822402458413
REACTOME_PHENYLALANINE_AND_TYROSINE_METABOLISM,1.7570913307390623,0.07890224316546575,8,up,preranked_rank_sum,GSE158473,ovary,GSE158473_0month_DiNP_20ugkgd,Reactome,0.37574944465117566
REACTOME_CARGO_TRAFFICKING_TO_THE_PERICILIARY_MEMBRANE,1.7465159097476999,0.08072134496068965,64,up,preranked_rank_sum,GSE158473,ovary,GSE158473_0month_DiNP_20ugkgd,Reactome,0.38283448386617985
REACTOME_SYNTHESIS_OF_VERY_LONG_CHAIN_FATTY_ACYL_COAS,1.7443142165574863,0.08110431400612741,20,up,preranked_rank_sum,GSE158473,ovary,GSE158473_0month_DiNP_20ugkgd,Reactome,0.38283448386617985
REACTOME_ACTIVATED_PKN1_STIMULATES_TRANSCRIPTION_OF_AR_ANDROGEN_RECEPTOR_REGULATED_GENES_KLK2_AND_KLK3,1.7439054706272121,0.08117557455438834,7,up,preranked_rank_sum,GSE158473,ovary,GSE158473_0month_DiNP_20ugkgd,Reactome,0.38283448386617985
REACTOME_SIGNALING_BY_TYPE_1_INSULIN_LIKE_GROWTH_FACTOR_1_RECEPTOR_IGF1R,1.7364152558099537,0.08249043669123685,42,up,preranked_rank_sum,GSE158473,ovary,GSE158473_0month_DiNP_20ugkgd,Reactome,0.38696827554328106
REACTOME_SIGNALING_BY_NOTCH,-1.7359002980718838,0.08258146509541976,163,down,preranked_rank_sum,GSE158473,ovary,GSE158473_0month_DiNP_20ugkgd,Reactome,0.38696827554328106
REACTOME_EICOSANOID_LIGAND_BINDING_RECEPTORS,1.733597329008376,0.08298955472676961,10,up,preranked_rank_sum,GSE158473,ovary,GSE158473_0month_DiNP_20ugkgd,Reactome,0.38699291243332085
REACTOME_CHOLESTEROL_BIOSYNTHESIS_VIA_DESMOSTEROL_BLOCH_PATHWAY,1.7309161832120565,0.08346671480585077,10,up,preranked_rank_sum,GSE158473,ovary,GSE158473_0month_DiNP_20ugkgd,Reactome,0.38699291243332085
REACTOME_ADHERENS_JUNCTIONS_INTERACTIONS,-1.7296938355302407,0.08368499066607434,171,down,preranked_rank_sum,GSE158473,ovary,GSE158473_0month_DiNP_20ugkgd,Reactome,0.38699291243332085
REACTOME_INFECTION_WITH_MYCOBACTERIUM_TUBERCULOSIS,1.7287331735899885,0.083856861223375,25,up,preranked_rank_sum,GSE158473,ovary,GSE158473_0month_DiNP_20ugkgd,Reactome,0.38699291243332085
REACTOME_ACTIVATION_OF_PPARGC1A_PGC_1ALPHA_BY_PHOSPHORYLATION,1.7284352073546434,0.0839102279352686,9,up,preranked_rank_sum,GSE158473,ovary,GSE158473_0month_DiNP_20ugkgd,Reactome,0.38699291243332085
REACTOME_STRIATED_MUSCLE_CONTRACTION,-1.722648442853931,0.08495211904706443,29,down,preranked_rank_sum,GSE158473,ovary,GSE158473_0month_DiNP_20ugkgd,Reactome,0.38959566809441415
REACTOME_TRANS_GOLGI_NETWORK_VESICLE_BUDDING,1.72234226135192,0.08500753633523811,68,up,preranked_rank_sum,GSE158473,ovary,GSE158473_0month_DiNP_20ugkgd,Reactome,0.38959566809441415
REACTOME_SIGNALING_BY_NOTCH1,-1.7193642975836985,0.08554805891616372,71,down,preranked_rank_sum,GSE158473,ovary,GSE158473_0month_DiNP_20ugkgd,Reactome,0.390847694173223
REACTOME_SELECTIVE_AUTOPHAGY,1.7143147676362918,0.08647093240901602,76,up,preranked_rank_sum,GSE158473,ovary,GSE158473_0month_DiNP_20ugkgd,Reactome,0.3921221192149222
REACTOME_COMMON_PATHWAY_OF_FIBRIN_CLOT_FORMATION,-1.7141550785669322,0.08650024850076356,16,down,preranked_rank_sum,GSE158473,ovary,GSE158473_0month_DiNP_20ugkgd,Reactome,0.3921221192149222
REACTOME_MITOTIC_PROMETAPHASE,-1.7134399551742983,0.08663163098934328,192,down,preranked_rank_sum,GSE158473,ovary,GSE158473_0month_DiNP_20ugkgd,Reactome,0.3921221192149222
REACTOME_REGULATION_OF_CHOLESTEROL_BIOSYNTHESIS_BY_SREBP_SREBF,1.708137601843572,0.08761081326213724,55,up,preranked_rank_sum,GSE158473,ovary,GSE158473_0month_DiNP_20ugkgd,Reactome,0.3953302746581625
REACTOME_INTRINSIC_PATHWAY_FOR_APOPTOSIS,-1.7033373768800142,0.08850494967674619,53,down,preranked_rank_sum,GSE158473,ovary,GSE158473_0month_DiNP_20ugkgd,Reactome,0.39813611208431665
REACTOME_NITRIC_OXIDE_STIMULATES_GUANYLATE_CYCLASE,-1.6994252683687752,0.0892390842997735,21,down,preranked_rank_sum,GSE158473,ovary,GSE158473_0month_DiNP_20ugkgd,Reactome,0.40020718173702097
REACTOME_CLATHRIN_MEDIATED_ENDOCYTOSIS,1.6894974197221035,0.0911241459222099,133,up,preranked_rank_sum,GSE158473,ovary,GSE158473_0month_DiNP_20ugkgd,Reactome,0.40619499504260204
REACTOME_SLC_TRANSPORTER_DISORDERS,-1.689467210115903,0.09112993048835395,71,down,preranked_rank_sum,GSE158473,ovary,GSE158473_0month_DiNP_20ugkgd,Reactome,0.40619499504260204
REACTOME_SARS_COV_1_ACTIVATES_MODULATES_INNATE_IMMUNE_RESPONSES,1.680666333969314,0.09282774331356798,33,up,preranked_rank_sum,GSE158473,ovary,GSE158473_0month_DiNP_20ugkgd,Reactome,0.41145749894906564
REACTOME_APC_C_CDH1_MEDIATED_DEGRADATION_OF_CDC20_AND_OTHER_APC_C_CDH1_TARGETED_PROTEINS_IN_LATE_MITOSIS_EARLY_G1,-1.6804312319214414,0.09287344367523369,58,down,preranked_rank_sum,GSE158473,ovary,GSE158473_0month_DiNP_20ugkgd,Reactome,0.41145749894906564
REACTOME_STABILIZATION_OF_P53,-1.6723638680644848,0.09445259245196747,43,down,preranked_rank_sum,GSE158473,ovary,GSE158473_0month_DiNP_20ugkgd,Reactome,0.4139979739843349
REACTOME_TRAF6_MEDIATED_IRF7_ACTIVATION_IN_TLR7_8_OR_9_SIGNALING,1.6716462720765426,0.09459409460439946,12,up,preranked_rank_sum,GSE158473,ovary,GSE158473_0month_DiNP_20ugkgd,Reactome,0.4139979739843349
REACTOME_RORA_B_C_AND_NR1D1_REV_ERBA_REGULATE_GENE_EXPRESSION,1.670992113494579,0.09472323556935973,24,up,preranked_rank_sum,GSE158473,ovary,GSE158473_0month_DiNP_20ugkgd,Reactome,0.4139979739843349
REACTOME_NUCLEOTIDE_CATABOLISM,1.6708609433594332,0.09474914756825087,30,up,preranked_rank_sum,GSE158473,ovary,GSE158473_0month_DiNP_20ugkgd,Reactome,0.4139979739843349
REACTOME_BINDING_AND_UPTAKE_OF_LIGANDS_BY_SCAVENGER_RECEPTORS,-1.6702862775714282,0.09486273685687566,38,down,preranked_rank_sum,GSE158473,ovary,GSE158473_0month_DiNP_20ugkgd,Reactome,0.4139979739843349
REACTOME_HEMOSTASIS,-1.6686229035946296,0.09519213687510844,513,down,preranked_rank_sum,GSE158473,ovary,GSE158473_0month_DiNP_20ugkgd,Reactome,0.41419911937919207
REACTOME_GLUTAMATE_NEUROTRANSMITTER_RELEASE_CYCLE,-1.6664754991347959,0.09561874420323331,23,down,preranked_rank_sum,GSE158473,ovary,GSE158473_0month_DiNP_20ugkgd,Reactome,0.41460329649424793
REACTOME_APOPTOTIC_CLEAVAGE_OF_CELLULAR_PROTEINS,1.6653036108960222,0.09585219850551012,35,up,preranked_rank_sum,GSE158473,ovary,GSE158473_0month_DiNP_20ugkgd,Reactome,0.41460329649424793
REACTOME_DIGESTION_AND_ABSORPTION,-1.6591816997555937,0.09707918407335718,7,down,preranked_rank_sum,GSE158473,ovary,GSE158473_0month_DiNP_20ugkgd,Reactome,0.4186718793960124
REACTOME_PI3K_EVENTS_IN_ERBB4_SIGNALING,-1.6534166829567565,0.09824608986551625,8,down,preranked_rank_sum,GSE158473,ovary,GSE158473_0month_DiNP_20ugkgd,Reactome,0.4224581864217199
REACTOME_TOLL_LIKE_RECEPTOR_CASCADES,1.6480855692760248,0.09933511313552892,152,up,preranked_rank_sum,GSE158473,ovary,GSE158473_0month_DiNP_20ugkgd,Reactome,0.4258883736191886
REACTOME_SIGNALING_BY_ERYTHROPOIETIN,1.6455791402650586,0.09985043671214168,24,up,preranked_rank_sum,GSE158473,ovary,GSE158473_0month_DiNP_20ugkgd,Reactome,0.4259415236403479
REACTOME_RHO_GTPASES_ACTIVATE_NADPH_OXIDASES,1.6451921429806051,0.09993019330276288,20,up,preranked_rank_sum,GSE158473,ovary,GSE158473_0month_DiNP_20ugkgd,Reactome,0.4259415236403479
REACTOME_SHC1_EVENTS_IN_ERBB2_SIGNALING,-1.6307449752504912,0.10294414228557204,20,down,preranked_rank_sum,GSE158473,ovary,GSE158473_0month_DiNP_20ugkgd,Reactome,0.4375126047136812
REACTOME_SUMOYLATION_OF_TRANSCRIPTION_FACTORS,-1.6285543021747524,0.1034074049125071,19,down,preranked_rank_sum,GSE158473,ovary,GSE158473_0month_DiNP_20ugkgd,Reactome,0.4379807453423001
REACTOME_MODULATION_OF_HOST_RESPONSES_BY_IFN_STIMULATED_GENES,1.6273760587233155,0.10365725308824954,15,up,preranked_rank_sum,GSE158473,ovary,GSE158473_0month_DiNP_20ugkgd,Reactome,0.4379807453423001
REACTOME_ELEVATION_OF_CYTOSOLIC_CA2_LEVELS,1.6250096477810596,0.10416050313078266,14,up,preranked_rank_sum,GSE158473,ovary,GSE158473_0month_DiNP_20ugkgd,Reactome,0.4379807453423001
REACTOME_METABOLISM_OF_STEROIDS,1.6245775741980226,0.10425259875452834,126,up,preranked_rank_sum,GSE158473,ovary,GSE158473_0month_DiNP_20ugkgd,Reactome,0.4379807453423001
REACTOME_M_DECAY_DEGRADATION_OF_MATERNAL_MRNAS_BY_MATERNALLY_STORED_FACTORS,-1.6185568405323771,0.10554264765855587,30,down,preranked_rank_sum,GSE158473,ovary,GSE158473_0month_DiNP_20ugkgd,Reactome,0.4406809983426495
REACTOME_MATURATION_OF_SARS_COV_2_SPIKE_PROTEIN,-1.6177540035423568,0.10571562262787361,39,down,preranked_rank_sum,GSE158473,ovary,GSE158473_0month_DiNP_20ugkgd,Reactome,0.4406809983426495
REACTOME_REGULATION_OF_IFNA_IFNB_SIGNALING,1.617364562811008,0.10579961040921339,12,up,preranked_rank_sum,GSE158473,ovary,GSE158473_0month_DiNP_20ugkgd,Reactome,0.4406809983426495
REACTOME_SIGNALING_BY_ERBB2,-1.6088578233046937,0.10764743370575465,46,down,preranked_rank_sum,GSE158473,ovary,GSE158473_0month_DiNP_20ugkgd,Reactome,0.4471038297665151
REACTOME_PIWI_INTERACTING_RNA_PIRNA_BIOGENESIS,-1.6057776658630127,0.10832276954001019,27,down,preranked_rank_sum,GSE158473,ovary,GSE158473_0month_DiNP_20ugkgd,Reactome,0.4486342466501272
REACTOME_TP53_REGULATES_METABOLIC_GENES,1.6032241519518067,0.10888517507699662,75,up,preranked_rank_sum,GSE158473,ovary,GSE158473_0month_DiNP_20ugkgd,Reactome,0.4496896213631894
REACTOME_SOMITOGENESIS,-1.5971168073349944,0.11023967235529752,42,down,preranked_rank_sum,GSE158473,ovary,GSE158473_0month_DiNP_20ugkgd,Reactome,0.4527021270164752
REACTOME_CYTOSOLIC_SENSORS_OF_PATHOGEN_ASSOCIATED_DNA,1.5968658506356685,0.11029561340266225,60,up,preranked_rank_sum,GSE158473,ovary,GSE158473_0month_DiNP_20ugkgd,Reactome,0.4527021270164752
REACTOME_METABOLISM_OF_POLYAMINES,-1.5946976405923454,0.11077986592052762,45,down,preranked_rank_sum,GSE158473,ovary,GSE158473_0month_DiNP_20ugkgd,Reactome,0.4527021270164752
REACTOME_SIGNALING_BY_ACTIVIN,-1.594369996503379,0.11085318842127094,16,down,preranked_rank_sum,GSE158473,ovary,GSE158473_0month_DiNP_20ugkgd,Reactome,0.4527021270164752
REACTOME_PLASMA_LIPOPROTEIN_REMODELING,-1.59281462971863,0.11120178218504186,28,down,preranked_rank_sum,GSE158473,ovary,GSE158473_0month_DiNP_20ugkgd,Reactome,0.452860739706215
REACTOME_SIGNALING_BY_NOTCH3,-1.5889776552402437,0.11206543750777305,46,down,preranked_rank_sum,GSE158473,ovary,GSE158473_0month_DiNP_20ugkgd,Reactome,0.45430250729396693
REACTOME_CHROMOSOME_MAINTENANCE,-1.5884824127071142,0.11217729489269634,90,down,preranked_rank_sum,GSE158473,ovary,GSE158473_0month_DiNP_20ugkgd,Reactome,0.45430250729396693
REACTOME_UNWINDING_OF_DNA,-1.5776251682293434,0.11465174685902595,12,down,preranked_rank_sum,GSE158473,ovary,GSE158473_0month_DiNP_20ugkgd,Reactome,0.46304103289474013
REACTOME_DEVELOPMENTAL_LINEAGE_OF_MAMMARY_STEM_CELLS,-1.5730258627175064,0.11571282980085763,13,down,preranked_rank_sum,GSE158473,ovary,GSE158473_0month_DiNP_20ugkgd,Reactome,0.46603900046516217
REACTOME_DOWNREGULATION_OF_ERBB2_ERBB3_SIGNALING,-1.564443345984011,0.11771348794352887,11,down,preranked_rank_sum,GSE158473,ovary,GSE158473_0month_DiNP_20ugkgd,Reactome,0.47279428399296486
REACTOME_LISTERIA_MONOCYTOGENES_ENTRY_INTO_HOST_CELLS,-1.5568557711393016,0.119504732371311,18,down,preranked_rank_sum,GSE158473,ovary,GSE158473_0month_DiNP_20ugkgd,Reactome,0.4772347715881181
REACTOME_HDR_THROUGH_HOMOLOGOUS_RECOMBINATION_HRR,-1.5565731703053212,0.11957185787803486,67,down,preranked_rank_sum,GSE158473,ovary,GSE158473_0month_DiNP_20ugkgd,Reactome,0.4772347715881181
REACTOME_INLB_MEDIATED_ENTRY_OF_LISTERIA_MONOCYTOGENES_INTO_HOST_CELL,-1.555620622663537,0.11979833185556728,14,down,preranked_rank_sum,GSE158473,ovary,GSE158473_0month_DiNP_20ugkgd,Reactome,0.4772347715881181
REACTOME_REGULATION_OF_PD_L1_CD274_POST_TRANSLATIONAL_MODIFICATION,-1.5519550965209112,0.12067296824539972,81,down,preranked_rank_sum,GSE158473,ovary,GSE158473_0month_DiNP_20ugkgd,Reactome,0.4785985293465101
REACTOME_SARS_COV_1_HOST_INTERACTIONS,-1.5514437062637354,0.12079538804983736,77,down,preranked_rank_sum,GSE158473,ovary,GSE158473_0month_DiNP_20ugkgd,Reactome,0.4785985293465101
REACTOME_INTERLEUKIN_35_SIGNALLING,1.5485030393803723,0.12150123052536986,11,up,preranked_rank_sum,GSE158473,ovary,GSE158473_0month_DiNP_20ugkgd,Reactome,0.4799257406786383
REACTOME_PI_3K_CASCADE_FGFR4,1.547316680695139,0.12178690136236307,12,up,preranked_rank_sum,GSE158473,ovary,GSE158473_0month_DiNP_20ugkgd,Reactome,0.4799257406786383
REACTOME_PROLONGED_ERK_ACTIVATION_EVENTS,1.5431559274695152,0.1227929477206262,14,up,preranked_rank_sum,GSE158473,ovary,GSE158473_0month_DiNP_20ugkgd,Reactome,0.48258948808482666
REACTOME_REGULATION_OF_GENE_EXPRESSION_IN_LATE_STAGE_BRANCHING_MORPHOGENESIS_PANCREATIC_BUD_PRECURSOR_CELLS,-1.5413460770778338,0.123232580252352,13,down,preranked_rank_sum,GSE158473,ovary,GSE158473_0month_DiNP_20ugkgd,Reactome,0.48279864497545694
REACTOME_UBIQUITIN_DEPENDENT_DEGRADATION_OF_CYCLIN_D,-1.5401393590271457,0.12352638759863276,38,down,preranked_rank_sum,GSE158473,ovary,GSE158473_0month_DiNP_20ugkgd,Reactome,0.48279864497545694
REACTOME_VIRAL_MESSENGER_RNA_SYNTHESIS,-1.538866619952104,0.12383686174131077,40,down,preranked_rank_sum,GSE158473,ovary,GSE158473_0month_DiNP_20ugkgd,Reactome,0.48279864497545694
REACTOME_UB_SPECIFIC_PROCESSING_PROTEASES,1.534103013388486,0.12500431211224725,143,up,preranked_rank_sum,GSE158473,ovary,GSE158473_0month_DiNP_20ugkgd,Reactome,0.48605400081942945
REACTOME_INTRINSIC_PATHWAY_OF_FIBRIN_CLOT_FORMATION,-1.531422661382632,0.12566496693826862,15,down,preranked_rank_sum,GSE158473,ovary,GSE158473_0month_DiNP_20ugkgd,Reactome,0.4862257804752833
REACTOME_SIGNALING_BY_BMP,-1.5295297781775377,0.1261331627310605,25,down,preranked_rank_sum,GSE158473,ovary,GSE158473_0month_DiNP_20ugkgd,Reactome,0.4862257804752833
REACTOME_TNFS_BIND_THEIR_PHYSIOLOGICAL_RECEPTORS,-1.5277765062991575,0.1265680372685966,19,down,preranked_rank_sum,GSE158473,ovary,GSE158473_0month_DiNP_20ugkgd,Reactome,0.4862257804752833
REACTOME_MITOCHONDRIAL_FATTY_ACID_BETA_OXIDATION,1.5263329221859956,0.12692697358479724,32,up,preranked_rank_sum,GSE158473,ovary,GSE158473_0month_DiNP_20ugkgd,Reactome,0.4862257804752833
REACTOME_SIGNALING_BY_VEGF,1.5262866526909826,0.12693849123608028,102,up,preranked_rank_sum,GSE158473,ovary,GSE158473_0month_DiNP_20ugkgd,Reactome,0.4862257804752833
REACTOME_INHIBITION_OF_REPLICATION_INITIATION_OF_DAMAGED_DNA_BY_RB1_E2F1,-1.5258631669535883,0.1270439453772628,12,down,preranked_rank_sum,GSE158473,ovary,GSE158473_0month_DiNP_20ugkgd,Reactome,0.4862257804752833
REACTOME_N_GLYCAN_ANTENNAE_ELONGATION_IN_THE_MEDIAL_TRANS_GOLGI,-1.5212448702182189,0.1281983992132446,22,down,preranked_rank_sum,GSE158473,ovary,GSE158473_0month_DiNP_20ugkgd,Reactome,0.4887982346286068
REACTOME_TFAP2_AP_2_FAMILY_REGULATES_TRANSCRIPTION_OF_GROWTH_FACTORS_AND_THEIR_RECEPTORS,-1.5202885237423798,0.12843847707480038,10,down,preranked_rank_sum,GSE158473,ovary,GSE158473_0month_DiNP_20ugkgd,Reactome,0.4887982346286068
REACTOME_REGULATION_OF_RUNX1_EXPRESSION_AND_ACTIVITY,1.518479448275992,0.12889357662152526,17,up,preranked_rank_sum,GSE158473,ovary,GSE158473_0month_DiNP_20ugkgd,Reactome,0.4887982346286068
REACTOME_COHESIN_LOADING_ONTO_CHROMATIN,1.5166610911944183,0.12935227264618746,10,up,preranked_rank_sum,GSE158473,ovary,GSE158473_0month_DiNP_20ugkgd,Reactome,0.4887982346286068
REACTOME_BETA_OXIDATION_OF_VERY_LONG_CHAIN_FATTY_ACIDS,1.5143667224084287,0.12993285448833702,11,up,preranked_rank_sum,GSE158473,ovary,GSE158473_0month_DiNP_20ugkgd,Reactome,0.4887982346286068
REACTOME_IRS_MEDIATED_SIGNALLING,1.5128886815088913,0.13030793741082103,37,up,preranked_rank_sum,GSE158473,ovary,GSE158473_0month_DiNP_20ugkgd,Reactome,0.4887982346286068
REACTOME_REDUCTION_OF_CYTOSOLIC_CA_LEVELS,-1.5122613988947406,0.13046737686008386,11,down,preranked_rank_sum,GSE158473,ovary,GSE158473_0month_DiNP_20ugkgd,Reactome,0.4887982346286068
REACTOME_CHYLOMICRON_ASSEMBLY,-1.510411905573344,0.13093835260345643,9,down,preranked_rank_sum,GSE158473,ovary,GSE158473_0month_DiNP_20ugkgd,Reactome,0.4887982346286068
REACTOME_ACETYLCHOLINE_NEUROTRANSMITTER_RELEASE_CYCLE,-1.510300034317032,0.13096688299197273,15,down,preranked_rank_sum,GSE158473,ovary,GSE158473_0month_DiNP_20ugkgd,Reactome,0.4887982346286068
REACTOME_ADRENALINE_NORADRENALINE_INHIBITS_INSULIN_SECRETION,-1.5099372187204665,0.13105944457894245,26,down,preranked_rank_sum,GSE158473,ovary,GSE158473_0month_DiNP_20ugkgd,Reactome,0.4887982346286068
REACTOME_GABA_SYNTHESIS_RELEASE_REUPTAKE_AND_DEGRADATION,-1.508225211025132,0.13149689693456626,12,down,preranked_rank_sum,GSE158473,ovary,GSE158473_0month_DiNP_20ugkgd,Reactome,0.4891818405046714
REACTOME_APOPTOTIC_EXECUTION_PHASE,1.5018287374052666,0.13314134457862187,44,up,preranked_rank_sum,GSE158473,ovary,GSE158473_0month_DiNP_20ugkgd,Reactome,0.49404224815722125
REACTOME_PROCESSIVE_SYNTHESIS_ON_THE_C_STRAND_OF_THE_TELOMERE,-1.4944757117292262,0.13505132557407656,18,down,preranked_rank_sum,GSE158473,ovary,GSE158473_0month_DiNP_20ugkgd,Reactome,0.49929777259225616
REACTOME_PHASE_0_RAPID_DEPOLARISATION,-1.493751012017536,0.13524070994974927,25,down,preranked_rank_sum,GSE158473,ovary,GSE158473_0month_DiNP_20ugkgd,Reactome,0.49929777259225616
REACTOME_RECYCLING_PATHWAY_OF_L1,1.4923733113716606,0.1356013075388998,42,up,preranked_rank_sum,GSE158473,ovary,GSE158473_0month_DiNP_20ugkgd,Reactome,0.49936803934980223
REACTOME_SEMA3A_PLEXIN_REPULSION_SIGNALING_BY_INHIBITING_INTEGRIN_ADHESION,1.4879646567708518,0.13676021463101862,14,up,preranked_rank_sum,GSE158473,ovary,GSE158473_0month_DiNP_20ugkgd,Reactome,0.5023455162271493
REACTOME_COOPERATION_OF_PREFOLDIN_AND_TRIC_CCT_IN_ACTIN_AND_TUBULIN_FOLDING,-1.4856281799066176,0.13737749701274005,29,down,preranked_rank_sum,GSE158473,ovary,GSE158473_0month_DiNP_20ugkgd,Reactome,0.5023455162271493
REACTOME_KSRP_KHSRP_BINDS_AND_DESTABILIZES_MRNA,1.48520665703471,0.13748908911083446,17,up,preranked_rank_sum,GSE158473,ovary,GSE158473_0month_DiNP_20ugkgd,Reactome,0.5023455162271493
REACTOME_REGULATION_OF_GENE_EXPRESSION_BY_HYPOXIA_INDUCIBLE_FACTOR,-1.4840930554920686,0.13778423529896502,10,down,preranked_rank_sum,GSE158473,ovary,GSE158473_0month_DiNP_20ugkgd,Reactome,0.5023455162271493
REACTOME_DENGUE_VIRUS_HOST_INTERACTIONS,-1.481656964687186,0.1384315934516744,212,down,preranked_rank_sum,GSE158473,ovary,GSE158473_0month_DiNP_20ugkgd,Reactome,0.5034502229511144
REACTOME_RHO_GTPASES_ACTIVATE_ROCKS,-1.4784250461128732,0.13929404563038394,18,down,preranked_rank_sum,GSE158473,ovary,GSE158473_0month_DiNP_20ugkgd,Reactome,0.5048891035940108
REACTOME_ANTIGEN_ACTIVATES_B_CELL_RECEPTOR_BCR_LEADING_TO_GENERATION_OF_SECOND_MESSENGERS,1.4768561024818088,0.13971421410494475,28,up,preranked_rank_sum,GSE158473,ovary,GSE158473_0month_DiNP_20ugkgd,Reactome,0.5048891035940108
REACTOME_NUCLEAR_EVENTS_KINASE_AND_TRANSCRIPTION_FACTOR_ACTIVATION,-1.476300423290172,0.13986326057152831,57,down,preranked_rank_sum,GSE158473,ovary,GSE158473_0month_DiNP_20ugkgd,Reactome,0.5048891035940108
REACTOME_TRANSCRIPTION_OF_E2F_TARGETS_UNDER_NEGATIVE_CONTROL_BY_DREAM_COMPLEX,-1.4699766347293957,0.14156808225135503,19,down,preranked_rank_sum,GSE158473,ovary,GSE158473_0month_DiNP_20ugkgd,Reactome,0.5097845720479829
REACTOME_KEAP1_NFE2L2_PATHWAY,-1.4673394433868527,0.1422837388987421,106,down,preranked_rank_sum,GSE158473,ovary,GSE158473_0month_DiNP_20ugkgd,Reactome,0.5102595035051127
REACTOME_RESPONSE_OF_EIF2AK1_HRI_TO_HEME_DEFICIENCY,-1.466919331775895,0.142398000978171,13,down,preranked_rank_sum,GSE158473,ovary,GSE158473_0month_DiNP_20ugkgd,Reactome,0.5102595035051127
REACTOME_RNA_POLYMERASE_III_TRANSCRIPTION_INITIATION_FROM_TYPE_1_PROMOTER,1.461542108719023,0.14386672836854383,26,up,preranked_rank_sum,GSE158473,ovary,GSE158473_0month_DiNP_20ugkgd,Reactome,0.5142619972489268
REACTOME_SYNTHESIS_OF_BILE_ACIDS_AND_BILE_SALTS,1.4601179738141312,0.14425765361748136,25,up,preranked_rank_sum,GSE158473,ovary,GSE158473_0month_DiNP_20ugkgd,Reactome,0.5144016819237994
REACTOME_HOST_INTERACTIONS_OF_HIV_FACTORS,-1.4561788860512388,0.14534317468453517,108,down,preranked_rank_sum,GSE158473,ovary,GSE158473_0month_DiNP_20ugkgd,Reactome,0.5158648963422403
REACTOME_AFLATOXIN_ACTIVATION_AND_DETOXIFICATION,-1.4544401923938055,0.145824303575764,11,down,preranked_rank_sum,GSE158473,ovary,GSE158473_0month_DiNP_20ugkgd,Reactome,0.5158648963422403
REACTOME_REGULATION_OF_ENDOGENOUS_RETROELEMENTS_BY_KRAB_ZFP_PROTEINS,-1.4532815847431126,0.1461455881421378,25,down,preranked_rank_sum,GSE158473,ovary,GSE158473_0month_DiNP_20ugkgd,Reactome,0.5158648963422403
REACTOME_TRAF3_DEPENDENT_IRF_ACTIVATION_PATHWAY,1.452635629382073,0.14632494809752508,11,up,preranked_rank_sum,GSE158473,ovary,GSE158473_0month_DiNP_20ugkgd,Reactome,0.5158648963422403
REACTOME_SPHINGOLIPID_METABOLISM,1.4511675298778146,0.14673321602238543,88,up,preranked_rank_sum,GSE158473,ovary,GSE158473_0month_DiNP_20ugkgd,Reactome,0.5158648963422403
REACTOME_ZYGOTIC_GENOME_ACTIVATION_ZGA,-1.450981230478556,0.14678508678411215,9,down,preranked_rank_sum,GSE158473,ovary,GSE158473_0month_DiNP_20ugkgd,Reactome,0.5158648963422403
REACTOME_ACTIVATION_OF_SMO,1.4492061906502027,0.14728000921627432,16,up,preranked_rank_sum,GSE158473,ovary,GSE158473_0month_DiNP_20ugkgd,Reactome,0.5163630059333167
REACTOME_DEFECTIVE_GALNT3_CAUSES_HFTC,-1.4435462807115786,0.1488666450986833,5,down,preranked_rank_sum,GSE158473,ovary,GSE158473_0month_DiNP_20ugkgd,Reactome,0.5206771175461123
REACTOME_SULFUR_AMINO_ACID_METABOLISM,1.4400603561501315,0.1498503238529056,26,up,preranked_rank_sum,GSE158473,ovary,GSE158473_0month_DiNP_20ugkgd,Reactome,0.5224246864476413
REACTOME_REGULATION_OF_PTEN_STABILITY_AND_ACTIVITY,-1.4392455524830323,0.15008096327497217,53,down,preranked_rank_sum,GSE158473,ovary,GSE158473_0month_DiNP_20ugkgd,Reactome,0.5224246864476413
REACTOME_POTASSIUM_CHANNELS,-1.4350537175745524,0.15127179078778769,78,down,preranked_rank_sum,GSE158473,ovary,GSE158473_0month_DiNP_20ugkgd,Reactome,0.5253191404554527
REACTOME_ERYTHROPOIETIN_ACTIVATES_PHOSPHOINOSITIDE_3_KINASE_PI3K,1.4310560633667695,0.1524141480832122,11,up,preranked_rank_sum,GSE158473,ovary,GSE158473_0month_DiNP_20ugkgd,Reactome,0.5267990222518856
REACTOME_POST_TRANSLATIONAL_PROTEIN_MODIFICATION,1.4307193084113277,0.15251067717171296,1258,up,preranked_rank_sum,GSE158473,ovary,GSE158473_0month_DiNP_20ugkgd,Reactome,0.5267990222518856
REACTOME_INWARDLY_RECTIFYING_K_CHANNELS,-1.4297843469486118,0.1527789230060188,26,down,preranked_rank_sum,GSE158473,ovary,GSE158473_0month_DiNP_20ugkgd,Reactome,0.5267990222518856
REACTOME_BIOSYNTHESIS_OF_SPECIALIZED_PRORESOLVING_MEDIATORS_SPMS,1.4276408645217087,0.1533952551909748,14,up,preranked_rank_sum,GSE158473,ovary,GSE158473_0month_DiNP_20ugkgd,Reactome,0.5268104403755717
REACTOME_CYP2E1_REACTIONS,-1.4272671506776784,0.1535029053351529,5,down,preranked_rank_sum,GSE158473,ovary,GSE158473_0month_DiNP_20ugkgd,Reactome,0.5268104403755717
REACTOME_CDK_MEDIATED_PHOSPHORYLATION_AND_REMOVAL_OF_CDC6,-1.4245543903675058,0.1542860521344464,57,down,preranked_rank_sum,GSE158473,ovary,GSE158473_0month_DiNP_20ugkgd,Reactome,0.5279961374934998
REACTOME_FBXL7_DOWN_REGULATES_AURKA_DURING_MITOTIC_ENTRY_AND_IN_EARLY_MITOSIS,-1.4235710240642414,0.15457068867798765,40,down,preranked_rank_sum,GSE158473,ovary,GSE158473_0month_DiNP_20ugkgd,Reactome,0.5279961374934998
REACTOME_CELL_CELL_COMMUNICATION,-1.4211681649626253,0.15526787720760774,245,down,preranked_rank_sum,GSE158473,ovary,GSE158473_0month_DiNP_20ugkgd,Reactome,0.5290679324129622
REACTOME_RIBAVIRIN_ADME,1.4188752630375738,0.1559353853218648,11,up,preranked_rank_sum,GSE158473,ovary,GSE158473_0month_DiNP_20ugkgd,Reactome,0.5290679324129622
REACTOME_TBC_RABGAPS,1.4187562386295016,0.155970094986311,42,up,preranked_rank_sum,GSE158473,ovary,GSE158473_0month_DiNP_20ugkgd,Reactome,0.5290679324129622
REACTOME_NEGATIVE_REGULATION_OF_FGFR4_SIGNALING,1.4143891328569937,0.15724767906428017,22,up,preranked_rank_sum,GSE158473,ovary,GSE158473_0month_DiNP_20ugkgd,Reactome,0.5321669138703186
REACTOME_FORMATION_OF_APOPTOSOME,1.4102826888639826,0.15845622801921033,10,up,preranked_rank_sum,GSE158473,ovary,GSE158473_0month_DiNP_20ugkgd,Reactome,0.5350184881387656
REACTOME_SYNTHESIS_SECRETION_AND_INACTIVATION_OF_GLUCAGON_LIKE_PEPTIDE_1_GLP_1,-1.402660552607214,0.16071808575879598,13,down,preranked_rank_sum,GSE158473,ovary,GSE158473_0month_DiNP_20ugkgd,Reactome,0.5408445276389232
REACTOME_REPRODUCTION,-1.4018154906144078,0.16097035146719074,80,down,preranked_rank_sum,GSE158473,ovary,GSE158473_0month_DiNP_20ugkgd,Reactome,0.5408445276389232
REACTOME_GLYCOGEN_STORAGE_DISEASES,-1.3993738258666595,0.16170091160151312,12,down,preranked_rank_sum,GSE158473,ovary,GSE158473_0month_DiNP_20ugkgd,Reactome,0.5408445276389232
REACTOME_REGULATION_OF_ORNITHINE_DECARBOXYLASE_ODC,-1.3985628425807357,0.16194411543634435,37,down,preranked_rank_sum,GSE158473,ovary,GSE158473_0month_DiNP_20ugkgd,Reactome,0.5408445276389232
REACTOME_HIV_TRANSCRIPTION_INITIATION,1.3982720175893233,0.16203139747322048,43,up,preranked_rank_sum,GSE158473,ovary,GSE158473_0month_DiNP_20ugkgd,Reactome,0.5408445276389232
REACTOME_SHC1_EVENTS_IN_ERBB4_SIGNALING,-1.3953422930830124,0.1629126441167289,12,down,preranked_rank_sum,GSE158473,ovary,GSE158473_0month_DiNP_20ugkgd,Reactome,0.5422833722382298
REACTOME_COPI_MEDIATED_ANTEROGRADE_TRANSPORT,1.3938137914745377,0.16337384235798635,91,up,preranked_rank_sum,GSE158473,ovary,GSE158473_0month_DiNP_20ugkgd,Reactome,0.5422833722382298
REACTOME_REGULATION_BY_C_FLIP,1.3903510800805656,0.16442229382679763,8,up,preranked_rank_sum,GSE158473,ovary,GSE158473_0month_DiNP_20ugkgd,Reactome,0.5422833722382298
REACTOME_ION_TRANSPORT_BY_P_TYPE_ATPASES,-1.3901625572561005,0.16447952053534554,48,down,preranked_rank_sum,GSE158473,ovary,GSE158473_0month_DiNP_20ugkgd,Reactome,0.5422833722382298
REACTOME_DNA_DOUBLE_STRAND_BREAK_REPAIR,-1.3899517825467522,0.16454351963504898,131,down,preranked_rank_sum,GSE158473,ovary,GSE158473_0month_DiNP_20ugkgd,Reactome,0.5422833722382298
REACTOME_DOWNSTREAM_SIGNAL_TRANSDUCTION,1.389476264830239,0.16468797351147335,29,up,preranked_rank_sum,GSE158473,ovary,GSE158473_0month_DiNP_20ugkgd,Reactome,0.5422833722382298
REACTOME_MAPK6_MAPK4_SIGNALING,-1.3852135164832802,0.16598718889198227,70,down,preranked_rank_sum,GSE158473,ovary,GSE158473_0month_DiNP_20ugkgd,Reactome,0.545333191370962
REACTOME_PHYSIOLOGICAL_FACTORS,-1.3825584324264533,0.16680030207308572,11,down,preranked_rank_sum,GSE158473,ovary,GSE158473_0month_DiNP_20ugkgd,Reactome,0.5467632123185583
REACTOME_INCRETIN_SYNTHESIS_SECRETION_AND_INACTIVATION,-1.380981577699167,0.1672846250690475,14,down,preranked_rank_sum,GSE158473,ovary,GSE158473_0month_DiNP_20ugkgd,Reactome,0.5467632123185583
REACTOME_RA_BIOSYNTHESIS_PATHWAY,-1.3789152378541687,0.1679208894272366,14,down,preranked_rank_sum,GSE158473,ovary,GSE158473_0month_DiNP_20ugkgd,Reactome,0.5467632123185583
REACTOME_RUNX1_REGULATES_TRANSCRIPTION_OF_GENES_INVOLVED_IN_DIFFERENTIATION_OF_HSCS,-1.378896950319048,0.1679265285996866,58,down,preranked_rank_sum,GSE158473,ovary,GSE158473_0month_DiNP_20ugkgd,Reactome,0.5467632123185583
REACTOME_TP53_REGULATES_TRANSCRIPTION_OF_GENES_INVOLVED_IN_G2_CELL_CYCLE_ARREST,-1.3777115288937785,0.16829237041268896,18,down,preranked_rank_sum,GSE158473,ovary,GSE158473_0month_DiNP_20ugkgd,Reactome,0.5467632123185583
REACTOME_DEVELOPMENTAL_LINEAGE_OF_PANCREATIC_ACINAR_CELLS,-1.3738493724277214,0.16948844973394928,14,down,preranked_rank_sum,GSE158473,ovary,GSE158473_0month_DiNP_20ugkgd,Reactome,0.5490617679248102
REACTOME_HEDGEHOG_OFF_STATE,1.3713235547350708,0.17027411608322884,93,up,preranked_rank_sum,GSE158473,ovary,GSE158473_0month_DiNP_20ugkgd,Reactome,0.5490617679248102
REACTOME_MITOCHONDRIAL_IRON_SULFUR_CLUSTER_BIOGENESIS,1.3703020736071028,0.1705926260409939,10,up,preranked_rank_sum,GSE158473,ovary,GSE158473_0month_DiNP_20ugkgd,Reactome,0.5490617679248102
REACTOME_LOSS_OF_FUNCTION_OF_MECP2_IN_RETT_SYNDROME,1.368705380048201,0.17109138790519562,12,up,preranked_rank_sum,GSE158473,ovary,GSE158473_0month_DiNP_20ugkgd,Reactome,0.5490617679248102
REACTOME_RET_SIGNALING,1.3678714630255564,0.17135231367879855,35,up,preranked_rank_sum,GSE158473,ovary,GSE158473_0month_DiNP_20ugkgd,Reactome,0.5490617679248102
REACTOME_SPOP_MEDIATED_PROTEASOMAL_DEGRADATION_OF_PD_L1_CD274,-1.3672287483084937,0.17155361702742233,44,down,preranked_rank_sum,GSE158473,ovary,GSE158473_0month_DiNP_20ugkgd,Reactome,0.5490617679248102
REACTOME_APOPTOTIC_CLEAVAGE_OF_CELL_ADHESION_PROTEINS,1.3669890208439066,0.1716287468821055,8,up,preranked_rank_sum,GSE158473,ovary,GSE158473_0month_DiNP_20ugkgd,Reactome,0.5490617679248102
REACTOME_ASPARTATE_AND_ASPARAGINE_METABOLISM,-1.364939782014464,0.172271977375962,10,down,preranked_rank_sum,GSE158473,ovary,GSE158473_0month_DiNP_20ugkgd,Reactome,0.5499162247241407
REACTOME_SIGNALING_BY_HEDGEHOG,1.363489405980164,0.17272832101924318,127,up,preranked_rank_sum,GSE158473,ovary,GSE158473_0month_DiNP_20ugkgd,Reactome,0.5501716891724042
REACTOME_TIGHT_JUNCTION_INTERACTIONS,-1.3598745254534539,0.17386963364976082,20,down,preranked_rank_sum,GSE158473,ovary,GSE158473_0month_DiNP_20ugkgd,Reactome,0.5525127811032619
REACTOME_REGULATION_OF_APOPTOSIS,-1.358771060262495,0.17421914643543346,39,down,preranked_rank_sum,GSE158473,ovary,GSE158473_0month_DiNP_20ugkgd,Reactome,0.5525127811032619
REACTOME_INTERLEUKIN_4_AND_INTERLEUKIN_13_SIGNALING,-1.3566831884687076,0.1748818964546105,90,down,preranked_rank_sum,GSE158473,ovary,GSE158473_0month_DiNP_20ugkgd,Reactome,0.5534141398628584
REACTOME_REGULATION_OF_PD_L1_CD274_TRANSCRIPTION,-1.354017172197485,0.1757308992199823,44,down,preranked_rank_sum,GSE158473,ovary,GSE158473_0month_DiNP_20ugkgd,Reactome,0.5548997292864236
REACTOME_CONSTITUTIVE_SIGNALING_BY_AKT1_E17K_IN_CANCER,1.35129520999986,0.17660088582345435,26,up,preranked_rank_sum,GSE158473,ovary,GSE158473_0month_DiNP_20ugkgd,Reactome,0.5555497893248498
REACTOME_HEPARAN_SULFATE_HEPARIN_HS_GAG_METABOLISM,1.3509958801676578,0.17669675241864236,35,up,preranked_rank_sum,GSE158473,ovary,GSE158473_0month_DiNP_20ugkgd,Reactome,0.5555497893248498
REACTOME_ONCOGENE_INDUCED_SENESCENCE,-1.3437306166413578,0.17903551306055832,32,down,preranked_rank_sum,GSE158473,ovary,GSE158473_0month_DiNP_20ugkgd,Reactome,0.5616951074990049
REACTOME_DISSOLUTION_OF_FIBRIN_CLOT,-1.3408279127801348,0.17997633139407143,11,down,preranked_rank_sum,GSE158473,ovary,GSE158473_0month_DiNP_20ugkgd,Reactome,0.5625694131150014
REACTOME_HDL_REMODELING,-1.3402769304714246,0.18015532873684847,8,down,preranked_rank_sum,GSE158473,ovary,GSE158473_0month_DiNP_20ugkgd,Reactome,0.5625694131150014
REACTOME_JNK_C_JUN_KINASES_PHOSPHORYLATION_AND_ACTIVATION_MEDIATED_BY_ACTIVATED_HUMAN_TAK1,1.3391241532696612,0.18053025867934436,20,up,preranked_rank_sum,GSE158473,ovary,GSE158473_0month_DiNP_20ugkgd,Reactome,0.5625694131150014
REACTOME_FGFR2_ALTERNATIVE_SPLICING,-1.3381321315464847,0.18085336810126584,26,down,preranked_rank_sum,GSE158473,ovary,GSE158473_0month_DiNP_20ugkgd,Reactome,0.5625694131150014
REACTOME_FORMATION_OF_THE_URETERIC_BUD,-1.331382135100056,0.18306330465648668,18,down,preranked_rank_sum,GSE158473,ovary,GSE158473_0month_DiNP_20ugkgd,Reactome,0.5682347163647209
REACTOME_NUCLEAR_EVENTS_MEDIATED_BY_NFE2L2,-1.3275625683141798,0.18432265722736718,82,down,preranked_rank_sum,GSE158473,ovary,GSE158473_0month_DiNP_20ugkgd,Reactome,0.5696987405211158
REACTOME_PRESYNAPTIC_FUNCTION_OF_KAINATE_RECEPTORS,-1.3265642801216497,0.18465285837851886,19,down,preranked_rank_sum,GSE158473,ovary,GSE158473_0month_DiNP_20ugkgd,Reactome,0.5696987405211158
REACTOME_TURBULENT_OSCILLATORY_DISTURBED_FLOW_SHEAR_STRESS_ACTIVATES_SIGNALING_BY_PIEZO1_AND_INTEGRINS_IN_ENDOTHELIAL_CELLS,1.3264098761946,0.1847039692250403,29,up,preranked_rank_sum,GSE158473,ovary,GSE158473_0month_DiNP_20ugkgd,Reactome,0.5696987405211158
REACTOME_REGULATION_OF_SIGNALING_BY_NODAL,-1.3222467166764162,0.18608600935005892,6,down,preranked_rank_sum,GSE158473,ovary,GSE158473_0month_DiNP_20ugkgd,Reactome,0.5727531487784971
REACTOME_TNF_RECEPTOR_SUPERFAMILY_TNFSF_MEMBERS_MEDIATING_NON_CANONICAL_NF_KB_PATHWAY,1.3205559553271013,0.18664946701385188,13,up,preranked_rank_sum,GSE158473,ovary,GSE158473_0month_DiNP_20ugkgd,Reactome,0.5732805058282593
REACTOME_PEPTIDE_LIGAND_BINDING_RECEPTORS,1.3192499624756477,0.18708556005854526,99,up,preranked_rank_sum,GSE158473,ovary,GSE158473_0month_DiNP_20ugkgd,Reactome,0.5734152805148705
REACTOME_MAPK1_MAPK3_SIGNALING,-1.3160269428212636,0.18816499977020518,235,down,preranked_rank_sum,GSE158473,ovary,GSE158473_0month_DiNP_20ugkgd,Reactome,0.5749614688343145
REACTOME_UBIQUITIN_MEDIATED_DEGRADATION_OF_PHOSPHORYLATED_CDC25A,-1.3153968346470615,0.18837656879044917,49,down,preranked_rank_sum,GSE158473,ovary,GSE158473_0month_DiNP_20ugkgd,Reactome,0.5749614688343145
REACTOME_LATE_ENDOSOMAL_MICROAUTOPHAGY,1.3131277549558864,0.18913990281964577,28,up,preranked_rank_sum,GSE158473,ovary,GSE158473_0month_DiNP_20ugkgd,Reactome,0.5760886206715043
REACTOME_RESOLUTION_OF_D_LOOP_STRUCTURES,-1.3114517712074745,0.18970517768775041,36,down,preranked_rank_sum,GSE158473,ovary,GSE158473_0month_DiNP_20ugkgd,Reactome,0.5764104525196315
REACTOME_SIGNALING_BY_PDGFR_IN_DISEASE,1.3083086771209032,0.19076863321114124,19,up,preranked_rank_sum,GSE158473,ovary,GSE158473_0month_DiNP_20ugkgd,Reactome,0.5764104525196315
REACTOME_THE_ACTIVATION_OF_ARYLSULFATASES,1.3080989998247057,0.1908397326661181,8,up,preranked_rank_sum,GSE158473,ovary,GSE158473_0month_DiNP_20ugkgd,Reactome,0.5764104525196315
REACTOME_RETROGRADE_NEUROTROPHIN_SIGNALLING,1.3057934697908429,0.19162280138244692,14,up,preranked_rank_sum,GSE158473,ovary,GSE158473_0month_DiNP_20ugkgd,Reactome,0.5764104525196315
REACTOME_NOTCH3_INTRACELLULAR_DOMAIN_REGULATES_TRANSCRIPTION,-1.3057599858288078,0.1916341915307167,23,down,preranked_rank_sum,GSE158473,ovary,GSE158473_0month_DiNP_20ugkgd,Reactome,0.5764104525196315
REACTOME_DOWNSTREAM_SIGNALING_EVENTS_OF_B_CELL_RECEPTOR_BCR,-1.305397354834939,0.19175757863349296,64,down,preranked_rank_sum,GSE158473,ovary,GSE158473_0month_DiNP_20ugkgd,Reactome,0.5764104525196315
REACTOME_TRANSCRIPTIONAL_ACTIVITY_OF_SMAD2_SMAD3_SMAD4_HETEROTRIMER,1.3046695423271022,0.19200539697473362,48,up,preranked_rank_sum,GSE158473,ovary,GSE158473_0month_DiNP_20ugkgd,Reactome,0.5764104525196315
REACTOME_NEGATIVE_REGULATION_OF_NOTCH4_SIGNALING,-1.3025424252130031,0.19273102489224203,41,down,preranked_rank_sum,GSE158473,ovary,GSE158473_0month_DiNP_20ugkgd,Reactome,0.5774031934271677
REACTOME_RND1_GTPASE_CYCLE,1.2986839082172037,0.1940524287279053,40,up,preranked_rank_sum,GSE158473,ovary,GSE158473_0month_DiNP_20ugkgd,Reactome,0.5792317187862662
REACTOME_SENSORY_PROCESSING_OF_SOUND_BY_OUTER_HAIR_CELLS_OF_THE_COCHLEA,1.2984470805638908,0.19413374979840659,40,up,preranked_rank_sum,GSE158473,ovary,GSE158473_0month_DiNP_20ugkgd,Reactome,0.5792317187862662
REACTOME_DENGUE_VIRUS_ACTIVATES_MODULATES_INNATE_AND_ADAPTIVE_IMMUNE_RESPONSES,1.292770890928347,0.1960903109253478,26,up,preranked_rank_sum,GSE158473,ovary,GSE158473_0month_DiNP_20ugkgd,Reactome,0.5830238052576138
REACTOME_DEADENYLATION_DEPENDENT_MRNA_DECAY,-1.2924473570327213,0.1962022655176101,51,down,preranked_rank_sum,GSE158473,ovary,GSE158473_0month_DiNP_20ugkgd,Reactome,0.5830238052576138
REACTOME_COBALAMIN_CBL_VITAMIN_B12_TRANSPORT_AND_METABOLISM,1.289349627420465,0.19727656511853686,15,up,preranked_rank_sum,GSE158473,ovary,GSE158473_0month_DiNP_20ugkgd,Reactome,0.5845255662680576
REACTOME_DISEASES_OF_METABOLISM,1.2883631009090724,0.19761959704048448,224,up,preranked_rank_sum,GSE158473,ovary,GSE158473_0month_DiNP_20ugkgd,Reactome,0.5845255662680576
REACTOME_INTERFERON_SIGNALING,1.2865597526807426,0.19824777946963013,219,up,preranked_rank_sum,GSE158473,ovary,GSE158473_0month_DiNP_20ugkgd,Reactome,0.5845255662680576
REACTOME_TRAFFICKING_AND_PROCESSING_OF_ENDOSOMAL_TLR,1.2863902619261987,0.1983068952592042,11,up,preranked_rank_sum,GSE158473,ovary,GSE158473_0month_DiNP_20ugkgd,Reactome,0.5845255662680576
REACTOME_METABOLISM_OF_COFACTORS,1.2823620559505502,0.19971566829369192,24,up,preranked_rank_sum,GSE158473,ovary,GSE158473_0month_DiNP_20ugkgd,Reactome,0.5874935755440193
REACTOME_TRANSCRIPTION_OF_E2F_TARGETS_UNDER_NEGATIVE_CONTROL_BY_P107_RBL1_AND_P130_RBL2_IN_COMPLEX_WITH_HDAC1,-1.2805966841953105,0.20033536527340856,16,down,preranked_rank_sum,GSE158473,ovary,GSE158473_0month_DiNP_20ugkgd,Reactome,0.5881331406219343
REACTOME_CARBOXYTERMINAL_POST_TRANSLATIONAL_MODIFICATIONS_OF_TUBULIN,1.2723134750927048,0.20326176272382102,35,up,preranked_rank_sum,GSE158473,ovary,GSE158473_0month_DiNP_20ugkgd,Reactome,0.592397970494142
REACTOME_NEGATIVE_REGULATION_OF_NMDA_RECEPTOR_MEDIATED_NEURONAL_TRANSMISSION,-1.2722410355766138,0.2032874916500491,16,down,preranked_rank_sum,GSE158473,ovary,GSE158473_0month_DiNP_20ugkgd,Reactome,0.592397970494142
REACTOME_FGFR2B_LIGAND_BINDING_AND_ACTIVATION,-1.272166240571351,0.20331405968254845,6,down,preranked_rank_sum,GSE158473,ovary,GSE158473_0month_DiNP_20ugkgd,Reactome,0.592397970494142
REACTOME_GLUTATHIONE_SYNTHESIS_AND_RECYCLING,-1.2707507158245153,0.20381734686935427,11,down,preranked_rank_sum,GSE158473,ovary,GSE158473_0month_DiNP_20ugkgd,Reactome,0.592397970494142
REACTOME_RESPONSE_TO_ELEVATED_PLATELET_CYTOSOLIC_CA2,-1.2701112012876503,0.20404502219413434,120,down,preranked_rank_sum,GSE158473,ovary,GSE158473_0month_DiNP_20ugkgd,Reactome,0.592397970494142
REACTOME_TRANSLESION_SYNTHESIS_BY_POLK,-1.2696221009349329,0.20421927300208453,16,down,preranked_rank_sum,GSE158473,ovary,GSE158473_0month_DiNP_20ugkgd,Reactome,0.592397970494142
REACTOME_RUNX3_REGULATES_NOTCH_SIGNALING,-1.263666799402491,0.2063496464576451,14,down,preranked_rank_sum,GSE158473,ovary,GSE158473_0month_DiNP_20ugkgd,Reactome,0.597392441823915
REACTOME_NUCLEOTIDE_BIOSYNTHESIS,-1.258702128380115,0.20813794237309102,12,down,preranked_rank_sum,GSE158473,ovary,GSE158473_0month_DiNP_20ugkgd,Reactome,0.6010826734429197
REACTOME_CREB1_PHOSPHORYLATION_THROUGH_NMDA_RECEPTOR_MEDIATED_ACTIVATION_OF_RAS_SIGNALING,-1.257848392555832,0.20844659058519854,23,down,preranked_rank_sum,GSE158473,ovary,GSE158473_0month_DiNP_20ugkgd,Reactome,0.6010826734429197
REACTOME_CYCLIN_D_ASSOCIATED_EVENTS_IN_G1,-1.25518842551427,0.2094103662678506,42,down,preranked_rank_sum,GSE158473,ovary,GSE158473_0month_DiNP_20ugkgd,Reactome,0.6016045596609705
REACTOME_REGULATION_OF_CDH1_POSTTRANSLATIONAL_PROCESSING_AND_TRAFFICKING_TO_PLASMA_MEMBRANE,-1.255077681821903,0.20945056146883312,31,down,preranked_rank_sum,GSE158473,ovary,GSE158473_0month_DiNP_20ugkgd,Reactome,0.6016045596609705
REACTOME_REGULATION_OF_GLYCOLYSIS_BY_FRUCTOSE_2_6_BISPHOSPHATE_METABOLISM,-1.2522528013397476,0.21047776143905506,10,down,preranked_rank_sum,GSE158473,ovary,GSE158473_0month_DiNP_20ugkgd,Reactome,0.6018722338881964
REACTOME_ACYL_CHAIN_REMODELLING_OF_PC,-1.2515258835787102,0.21074267631382637,22,down,preranked_rank_sum,GSE158473,ovary,GSE158473_0month_DiNP_20ugkgd,Reactome,0.6018722338881964
REACTOME_INTERLEUKIN_2_SIGNALING,-1.2514268535738777,0.21077878505523706,11,down,preranked_rank_sum,GSE158473,ovary,GSE158473_0month_DiNP_20ugkgd,Reactome,0.6018722338881964
REACTOME_SENSORY_PERCEPTION_OF_TASTE,-1.2488358547873832,0.21172511691971052,18,down,preranked_rank_sum,GSE158473,ovary,GSE158473_0month_DiNP_20ugkgd,Reactome,0.6029433031852703
REACTOME_DEGRADATION_OF_CYSTEINE_AND_HOMOCYSTEINE,1.246202894906054,0.21268991654274094,14,up,preranked_rank_sum,GSE158473,ovary,GSE158473_0month_DiNP_20ugkgd,Reactome,0.6029433031852703
REACTOME_SIGNALING_BY_FGFR1_IN_DISEASE,1.246113321471051,0.21272279482821632,31,up,preranked_rank_sum,GSE158473,ovary,GSE158473_0month_DiNP_20ugkgd,Reactome,0.6029433031852703
REACTOME_ADAPTIVE_IMMUNE_SYSTEM,1.2458934399661143,0.2128035187712719,722,up,preranked_rank_sum,GSE158473,ovary,GSE158473_0month_DiNP_20ugkgd,Reactome,0.6029433031852703
REACTOME_AKT_PHOSPHORYLATES_TARGETS_IN_THE_NUCLEUS,-1.2441305067214858,0.21345153492765778,10,down,preranked_rank_sum,GSE158473,ovary,GSE158473_0month_DiNP_20ugkgd,Reactome,0.6036095629869163
REACTOME_ERK_MAPK_TARGETS,-1.2414364869869698,0.21444454726104134,21,down,preranked_rank_sum,GSE158473,ovary,GSE158473_0month_DiNP_20ugkgd,Reactome,0.6052469654356032
REACTOME_MAPK_FAMILY_SIGNALING_CASCADES,-1.23878125684098,0.21542651692145487,269,down,preranked_rank_sum,GSE158473,ovary,GSE158473_0month_DiNP_20ugkgd,Reactome,0.6059892149642658
REACTOME_CALCITONIN_LIKE_LIGAND_RECEPTORS,-1.238484354737902,0.21553651968633258,7,down,preranked_rank_sum,GSE158473,ovary,GSE158473_0month_DiNP_20ugkgd,Reactome,0.6059892149642658
REACTOME_KETONE_BODY_METABOLISM,-1.2362827217095524,0.21635349133613335,9,down,preranked_rank_sum,GSE158473,ovary,GSE158473_0month_DiNP_20ugkgd,Reactome,0.606557918296579
REACTOME_FREE_FATTY_ACIDS_REGULATE_INSULIN_SECRETION,1.2350359243299416,0.21681713446913375,9,up,preranked_rank_sum,GSE158473,ovary,GSE158473_0month_DiNP_20ugkgd,Reactome,0.606557918296579
REACTOME_POST_TRANSLATIONAL_MODIFICATION_SYNTHESIS_OF_GPI_ANCHORED_PROTEINS,1.2345891707411993,0.21698344136054093,69,up,preranked_rank_sum,GSE158473,ovary,GSE158473_0month_DiNP_20ugkgd,Reactome,0.606557918296579
REACTOME_NFE2L2_REGULATING_TUMORIGENIC_GENES,-1.2320653506380488,0.21792467337076893,10,down,preranked_rank_sum,GSE158473,ovary,GSE158473_0month_DiNP_20ugkgd,Reactome,0.6080264741756949
REACTOME_VEGFR2_MEDIATED_CELL_PROLIFERATION,1.2301982687053907,0.21862286805639264,18,up,preranked_rank_sum,GSE158473,ovary,GSE158473_0month_DiNP_20ugkgd,Reactome,0.6088126344732306
REACTOME_SARS_COV_1_TARGETS_HOST_INTRACELLULAR_SIGNALLING_AND_REGULATORY_PATHWAYS,-1.2281556357749834,0.21938854907103134,16,down,preranked_rank_sum,GSE158473,ovary,GSE158473_0month_DiNP_20ugkgd,Reactome,0.6093195198557685
REACTOME_SIGNALING_BY_TGF_BETA_RECEPTOR_COMPLEX,1.227490123766317,0.21963843157591656,89,up,preranked_rank_sum,GSE158473,ovary,GSE158473_0month_DiNP_20ugkgd,Reactome,0.6093195198557685
REACTOME_TRANSCRIPTIONAL_REGULATION_BY_RUNX1,-1.2239687485683106,0.22096401697985313,149,down,preranked_rank_sum,GSE158473,ovary,GSE158473_0month_DiNP_20ugkgd,Reactome,0.6118359712586086
REACTOME_POSITIVE_EPIGENETIC_REGULATION_OF_RRNA_EXPRESSION,-1.2189557674982558,0.22286098133506027,45,down,preranked_rank_sum,GSE158473,ovary,GSE158473_0month_DiNP_20ugkgd,Reactome,0.6159220315914142
REACTOME_TP53_REGULATES_TRANSCRIPTION_OF_GENES_INVOLVED_IN_CYTOCHROME_C_RELEASE,-1.21766016566892,0.22335314048012234,19,down,preranked_rank_sum,GSE158473,ovary,GSE158473_0month_DiNP_20ugkgd,Reactome,0.6161175309093186
REACTOME_MEIOSIS,-1.21587885181324,0.22403107532502764,58,down,preranked_rank_sum,GSE158473,ovary,GSE158473_0month_DiNP_20ugkgd,Reactome,0.6168237893129763
REACTOME_FORMATION_OF_THE_POLYBROMO_BAF_PBAF_COMPLEX,1.2123837936806472,0.22536550162661706,18,up,preranked_rank_sum,GSE158473,ovary,GSE158473_0month_DiNP_20ugkgd,Reactome,0.6189823207213854
REACTOME_CYTOCHROME_C_MEDIATED_APOPTOTIC_RESPONSE,1.2089558934961835,0.22667979087355117,12,up,preranked_rank_sum,GSE158473,ovary,GSE158473_0month_DiNP_20ugkgd,Reactome,0.6189823207213854
REACTOME_NEGATIVE_REGULATION_OF_ACTIVITY_OF_TFAP2_AP_2_FAMILY_TRANSCRIPTION_FACTORS,-1.208127018034625,0.22699840870113785,8,down,preranked_rank_sum,GSE158473,ovary,GSE158473_0month_DiNP_20ugkgd,Reactome,0.6189823207213854
REACTOME_KIDNEY_DEVELOPMENT,-1.208115527984336,0.22700282769311597,37,down,preranked_rank_sum,GSE158473,ovary,GSE158473_0month_DiNP_20ugkgd,Reactome,0.6189823207213854
REACTOME_PROCESSING_OF_DNA_DOUBLE_STRAND_BREAK_ENDS,-1.2054300493478227,0.22803732692731837,60,down,preranked_rank_sum,GSE158473,ovary,GSE158473_0month_DiNP_20ugkgd,Reactome,0.6189823207213854
REACTOME_AZATHIOPRINE_ADME,1.20324268380805,0.22888242175572715,20,up,preranked_rank_sum,GSE158473,ovary,GSE158473_0month_DiNP_20ugkgd,Reactome,0.6189823207213854
REACTOME_TRANSLESION_SYNTHESIS_BY_POLH,-1.2028592228753388,0.22903080235613493,18,down,preranked_rank_sum,GSE158473,ovary,GSE158473_0month_DiNP_20ugkgd,Reactome,0.6189823207213854
REACTOME_ACYL_CHAIN_REMODELLING_OF_PG,-1.2025431336649615,0.22915316487101212,14,down,preranked_rank_sum,GSE158473,ovary,GSE158473_0month_DiNP_20ugkgd,Reactome,0.6189823207213854
REACTOME_PROCESSING_OF_INTRONLESS_PRE_MRNAS,-1.2019798044707866,0.22937135274629084,19,down,preranked_rank_sum,GSE158473,ovary,GSE158473_0month_DiNP_20ugkgd,Reactome,0.6189823207213854
REACTOME_PHOSPHOLIPASE_C_MEDIATED_CASCADE_FGFR4,1.2015413979173521,0.22954125801921788,7,up,preranked_rank_sum,GSE158473,ovary,GSE158473_0month_DiNP_20ugkgd,Reactome,0.6189823207213854
REACTOME_SYNTHESIS_SECRETION_AND_INACTIVATION_OF_GLUCOSE_DEPENDENT_INSULINOTROPIC_POLYPEPTIDE_GIP,-1.201074320906577,0.22972237307818688,8,down,preranked_rank_sum,GSE158473,ovary,GSE158473_0month_DiNP_20ugkgd,Reactome,0.6189823207213854
REACTOME_BMAL1_CLOCK_NPAS2_ACTIVATES_CIRCADIAN_EXPRESSION,1.1996365870482748,0.23028051067477706,23,up,preranked_rank_sum,GSE158473,ovary,GSE158473_0month_DiNP_20ugkgd,Reactome,0.6189823207213854
REACTOME_RUNX1_REGULATES_GENES_INVOLVED_IN_MEGAKARYOCYTE_DIFFERENTIATION_AND_PLATELET_FUNCTION,-1.1995375240180164,0.23031900305912012,35,down,preranked_rank_sum,GSE158473,ovary,GSE158473_0month_DiNP_20ugkgd,Reactome,0.6189823207213854
REACTOME_TRANSPORT_OF_CONNEXONS_TO_THE_PLASMA_MEMBRANE,1.1968737357552157,0.2313557726112384,15,up,preranked_rank_sum,GSE158473,ovary,GSE158473_0month_DiNP_20ugkgd,Reactome,0.6206277790048267
REACTOME_TRANSPORT_OF_SMALL_MOLECULES,1.1954548962436429,0.23190934842766742,572,up,preranked_rank_sum,GSE158473,ovary,GSE158473_0month_DiNP_20ugkgd,Reactome,0.6209733835187724
REACTOME_COOPERATION_OF_PDCL_PHLP1_AND_TRIC_CCT_IN_G_PROTEIN_BETA_FOLDING,-1.1923727236303818,0.23311513060381606,34,down,preranked_rank_sum,GSE158473,ovary,GSE158473_0month_DiNP_20ugkgd,Reactome,0.6230609158003274
REACTOME_SIGNALING_BY_MET,-1.1885029162635126,0.23463533156262406,75,down,preranked_rank_sum,GSE158473,ovary,GSE158473_0month_DiNP_20ugkgd,Reactome,0.6259796619426211
REACTOME_TETRAHYDROBIOPTERIN_BH4_SYNTHESIS_RECYCLING_SALVAGE_AND_REGULATION,-1.1858289877479633,0.23568984136397442,9,down,preranked_rank_sum,GSE158473,ovary,GSE158473_0month_DiNP_20ugkgd,Reactome,0.627647628550329
REACTOME_REGULATION_OF_MRNA_STABILITY_BY_PROTEINS_THAT_BIND_AU_RICH_ELEMENTS,-1.1839454255909967,0.2364346668084224,71,down,preranked_rank_sum,GSE158473,ovary,GSE158473_0month_DiNP_20ugkgd,Reactome,0.6281572199316346
REACTOME_GLYCOGEN_METABOLISM,-1.1819552989751847,0.2372234381533307,22,down,preranked_rank_sum,GSE158473,ovary,GSE158473_0month_DiNP_20ugkgd,Reactome,0.6281572199316346
REACTOME_BILE_ACID_AND_BILE_SALT_METABOLISM,1.1816147487466713,0.23735859870678688,31,up,preranked_rank_sum,GSE158473,ovary,GSE158473_0month_DiNP_20ugkgd,Reactome,0.6281572199316346
REACTOME_FCERI_MEDIATED_CA_2_MOBILIZATION,1.1802399429374388,0.23790479681791576,28,up,preranked_rank_sum,GSE158473,ovary,GSE158473_0month_DiNP_20ugkgd,Reactome,0.6281572199316346
REACTOME_ERCC6_CSB_AND_EHMT2_G9A_POSITIVELY_REGULATE_RRNA_EXPRESSION,-1.1792241768029068,0.23830892140599336,18,down,preranked_rank_sum,GSE158473,ovary,GSE158473_0month_DiNP_20ugkgd,Reactome,0.6281572199316346
REACTOME_RETINOID_CYCLE_DISEASE_EVENTS,-1.1788469224221418,0.23845913615735792,9,down,preranked_rank_sum,GSE158473,ovary,GSE158473_0month_DiNP_20ugkgd,Reactome,0.6281572199316346
REACTOME_SIRT1_NEGATIVELY_REGULATES_RRNA_EXPRESSION,-1.1747361449343967,0.24010029391382726,10,down,preranked_rank_sum,GSE158473,ovary,GSE158473_0month_DiNP_20ugkgd,Reactome,0.6303205937319556
REACTOME_O_GLYCOSYLATION_OF_TSR_DOMAIN_CONTAINING_PROTEINS,-1.1746302858574966,0.2401426612234605,37,down,preranked_rank_sum,GSE158473,ovary,GSE158473_0month_DiNP_20ugkgd,Reactome,0.6303205937319556
REACTOME_METHYLATION,1.170872307022088,0.24165010798862097,12,up,preranked_rank_sum,GSE158473,ovary,GSE158473_0month_DiNP_20ugkgd,Reactome,0.6331406055185732
REACTOME_METABOLISM_OF_CARBOHYDRATES_AND_CARBOHYDRATE_DERIVATIVES,-1.168101732857491,0.24276573144061098,256,down,preranked_rank_sum,GSE158473,ovary,GSE158473_0month_DiNP_20ugkgd,Reactome,0.633574847496916
REACTOME_ER_TO_GOLGI_ANTEROGRADE_TRANSPORT,1.1671082071017664,0.24316667391644264,139,up,preranked_rank_sum,GSE158473,ovary,GSE158473_0month_DiNP_20ugkgd,Reactome,0.633574847496916
REACTOME_GSK3B_MEDIATED_PROTEASOMAL_DEGRADATION_OF_PD_L1_CD274,-1.1664704147737193,0.24342430347436872,42,down,preranked_rank_sum,GSE158473,ovary,GSE158473_0month_DiNP_20ugkgd,Reactome,0.633574847496916
REACTOME_COMPLEX_IV_ASSEMBLY,1.1661611628577617,0.2435492915822618,41,up,preranked_rank_sum,GSE158473,ovary,GSE158473_0month_DiNP_20ugkgd,Reactome,0.633574847496916
REACTOME_SYNTHESIS_OF_PIPS_AT_THE_PLASMA_MEMBRANE,1.1644912744161993,0.24422497739419013,51,up,preranked_rank_sum,GSE158473,ovary,GSE158473_0month_DiNP_20ugkgd,Reactome,0.6342041153646643
REACTOME_ATF4_ACTIVATES_GENES_IN_RESPONSE_TO_ENDOPLASMIC_RETICULUM_STRESS,-1.1620705874773491,0.24520679358196662,24,down,preranked_rank_sum,GSE158473,ovary,GSE158473_0month_DiNP_20ugkgd,Reactome,0.6356247025121192
REACTOME_FORMATION_OF_SENESCENCE_ASSOCIATED_HETEROCHROMATIN_FOCI_SAHF,-1.159168569599044,0.24638748023810775,11,down,preranked_rank_sum,GSE158473,ovary,GSE158473_0month_DiNP_20ugkgd,Reactome,0.6375548603683425
REACTOME_TP53_REGULATES_TRANSCRIPTION_OF_CASPASE_ACTIVATORS_AND_CASPASES,-1.1570721255704102,0.24724289393576815,10,down,preranked_rank_sum,GSE158473,ovary,GSE158473_0month_DiNP_20ugkgd,Reactome,0.6386380051839099
REACTOME_CHAPERONE_MEDIATED_AUTOPHAGY,-1.1545760434610883,0.24826408169914216,16,down,preranked_rank_sum,GSE158473,ovary,GSE158473_0month_DiNP_20ugkgd,Reactome,0.6400291211513492
REACTOME_PROCESSIVE_SYNTHESIS_ON_THE_LAGGING_STRAND,-1.1536175386253251,0.24865700466071572,14,down,preranked_rank_sum,GSE158473,ovary,GSE158473_0month_DiNP_20ugkgd,Reactome,0.6400291211513492
REACTOME_DEGRADATION_OF_GLI1_BY_THE_PROTEASOME,-1.1507621551050429,0.24983009807544598,44,down,preranked_rank_sum,GSE158473,ovary,GSE158473_0month_DiNP_20ugkgd,Reactome,0.6417608528907661
REACTOME_VITAMIN_D_CALCIFEROL_METABOLISM,-1.149844994038425,0.2502077196632946,11,down,preranked_rank_sum,GSE158473,ovary,GSE158473_0month_DiNP_20ugkgd,Reactome,0.6417608528907661
REACTOME_FC_EPSILON_RECEPTOR_FCERI_SIGNALING,1.1469128388587815,0.25141764590745364,112,up,preranked_rank_sum,GSE158473,ovary,GSE158473_0month_DiNP_20ugkgd,Reactome,0.6420625010159868
REACTOME_PENTOSE_PHOSPHATE_PATHWAY,1.1461787946336188,0.25172118010412836,13,up,preranked_rank_sum,GSE158473,ovary,GSE158473_0month_DiNP_20ugkgd,Reactome,0.6420625010159868
REACTOME_DEVELOPMENTAL_LINEAGE_OF_MAMMARY_GLAND_MYOEPITHELIAL_CELLS,-1.1438883148832333,0.25266995765478717,17,down,preranked_rank_sum,GSE158473,ovary,GSE158473_0month_DiNP_20ugkgd,Reactome,0.6420625010159868
REACTOME_STING_MEDIATED_INDUCTION_OF_HOST_IMMUNE_RESPONSES,1.1434875838119765,0.2528362069007152,15,up,preranked_rank_sum,GSE158473,ovary,GSE158473_0month_DiNP_20ugkgd,Reactome,0.6420625010159868
REACTOME_NOTCH3_ACTIVATION_AND_TRANSMISSION_OF_SIGNAL_TO_THE_NUCLEUS,-1.1432782285160406,0.2529230913617584,24,down,preranked_rank_sum,GSE158473,ovary,GSE158473_0month_DiNP_20ugkgd,Reactome,0.6420625010159868
REACTOME_SIGNAL_ATTENUATION,1.1431885173652692,0.25296032871765284,9,up,preranked_rank_sum,GSE158473,ovary,GSE158473_0month_DiNP_20ugkgd,Reactome,0.6420625010159868
REACTOME_TERMINATION_OF_TRANSLESION_DNA_SYNTHESIS,-1.1406212667903746,0.2540275633535495,30,down,preranked_rank_sum,GSE158473,ovary,GSE158473_0month_DiNP_20ugkgd,Reactome,0.6436538953602935
REACTOME_SYNTHESIS_OF_IP2_IP_AND_INS_IN_THE_CYTOSOL,1.139419784206466,0.2545281080137184,14,up,preranked_rank_sum,GSE158473,ovary,GSE158473_0month_DiNP_20ugkgd,Reactome,0.6438063908582289
REACTOME_ACTIVATION_OF_KAINATE_RECEPTORS_UPON_GLUTAMATE_BINDING,-1.136378402004075,0.2557982309193323,27,down,preranked_rank_sum,GSE158473,ovary,GSE158473_0month_DiNP_20ugkgd,Reactome,0.6459015778999375
REACTOME_TP53_REGULATES_TRANSCRIPTION_OF_CELL_DEATH_GENES,-1.135024587648683,0.2563650164971707,36,down,preranked_rank_sum,GSE158473,ovary,GSE158473_0month_DiNP_20ugkgd,Reactome,0.6462166450325234
REACTOME_DEPOLYMERIZATION_OF_THE_NUCLEAR_LAMINA,1.1328618720259278,0.2572722637541044,15,up,preranked_rank_sum,GSE158473,ovary,GSE158473_0month_DiNP_20ugkgd,Reactome,0.6473873487237533
REACTOME_CD28_DEPENDENT_VAV1_PATHWAY,1.1308449458130203,0.25812035868814853,12,up,preranked_rank_sum,GSE158473,ovary,GSE158473_0month_DiNP_20ugkgd,Reactome,0.6484054371169642
REACTOME_AKT_PHOSPHORYLATES_TARGETS_IN_THE_CYTOSOL,1.1295546778497,0.2586639175806452,14,up,preranked_rank_sum,GSE158473,ovary,GSE158473_0month_DiNP_20ugkgd,Reactome,0.6486563422005203
REACTOME_MITOCHONDRIAL_UNFOLDED_PROTEIN_RESPONSE_UPRMT,-1.1272592239932837,0.25963289707076886,15,down,preranked_rank_sum,GSE158473,ovary,GSE158473_0month_DiNP_20ugkgd,Reactome,0.6499713964340138
REACTOME_RUNX1_AND_FOXP3_CONTROL_THE_DEVELOPMENT_OF_REGULATORY_T_LYMPHOCYTES_TREGS,1.1254874477514345,0.2603825333182065,6,up,preranked_rank_sum,GSE158473,ovary,GSE158473_0month_DiNP_20ugkgd,Reactome,0.65073378412174
REACTOME_MYOGENESIS,1.1230210055946692,0.26142857333411185,26,up,preranked_rank_sum,GSE158473,ovary,GSE158473_0month_DiNP_20ugkgd,Reactome,0.6522330617994395
REACTOME_NUCLEAR_RNA_DECAY,-1.1163830894857203,0.26425818887391683,35,down,preranked_rank_sum,GSE158473,ovary,GSE158473_0month_DiNP_20ugkgd,Reactome,0.658169458490062
REACTOME_RECOGNITION_OF_DNA_DAMAGE_BY_PCNA_CONTAINING_REPLICATION_COMPLEX,-1.1133716258891215,0.2655488559308432,28,down,preranked_rank_sum,GSE158473,ovary,GSE158473_0month_DiNP_20ugkgd,Reactome,0.6602592302226068
REACTOME_MOLECULES_ASSOCIATED_WITH_ELASTIC_FIBRES,-1.1102331085732433,0.2668985891916976,34,down,preranked_rank_sum,GSE158473,ovary,GSE158473_0month_DiNP_20ugkgd,Reactome,0.6624885185029914
REACTOME_CD28_DEPENDENT_PI3K_AKT_SIGNALING,1.1063176409630833,0.2685890588640839,27,up,preranked_rank_sum,GSE158473,ovary,GSE158473_0month_DiNP_20ugkgd,Reactome,0.6655545831513401
REACTOME_CARGO_CONCENTRATION_IN_THE_ER,-1.1049777186714906,0.26916924395097785,28,down,preranked_rank_sum,GSE158473,ovary,GSE158473_0month_DiNP_20ugkgd,Reactome,0.6658636796215391
REACTOME_SIGNALING_BY_PTK6,-1.1011818365639827,0.27081752524137714,50,down,preranked_rank_sum,GSE158473,ovary,GSE158473_0month_DiNP_20ugkgd,Reactome,0.6688094964575901
REACTOME_MASTL_FACILITATES_MITOTIC_PROGRESSION,-1.0961154873187966,0.2730282378608939,10,down,preranked_rank_sum,GSE158473,ovary,GSE158473_0month_DiNP_20ugkgd,Reactome,0.6731320130735698
REACTOME_TELOMERE_C_STRAND_LAGGING_STRAND_SYNTHESIS,-1.0929359984101914,0.27442190136318534,33,down,preranked_rank_sum,GSE158473,ovary,GSE158473_0month_DiNP_20ugkgd,Reactome,0.6732628502453644
REACTOME_DEFENSINS,1.092812990780447,0.2744759166826921,6,up,preranked_rank_sum,GSE158473,ovary,GSE158473_0month_DiNP_20ugkgd,Reactome,0.6732628502453644
REACTOME_TRANSCRIPTIONAL_REGULATION_OF_GRANULOPOIESIS,-1.0910256139451302,0.2752616120629531,32,down,preranked_rank_sum,GSE158473,ovary,GSE158473_0month_DiNP_20ugkgd,Reactome,0.6732628502453644
REACTOME_NOTCH1_INTRACELLULAR_DOMAIN_REGULATES_TRANSCRIPTION,-1.0902097408481857,0.275620763459828,45,down,preranked_rank_sum,GSE158473,ovary,GSE158473_0month_DiNP_20ugkgd,Reactome,0.6732628502453644
REACTOME_GROWTH_HORMONE_RECEPTOR_SIGNALING,1.0899523453529878,0.27573413655435164,20,up,preranked_rank_sum,GSE158473,ovary,GSE158473_0month_DiNP_20ugkgd,Reactome,0.6732628502453644
REACTOME_FGFR1_MUTANT_RECEPTOR_ACTIVATION,1.0897021807455887,0.27584435519628814,24,up,preranked_rank_sum,GSE158473,ovary,GSE158473_0month_DiNP_20ugkgd,Reactome,0.6732628502453644
REACTOME_MITOTIC_TELOPHASE_CYTOKINESIS,1.085724356535204,0.2776009614448771,13,up,preranked_rank_sum,GSE158473,ovary,GSE158473_0month_DiNP_20ugkgd,Reactome,0.6756384223065204
REACTOME_REGULATION_OF_TP53_EXPRESSION_AND_DEGRADATION,-1.083222569169949,0.2787096443845408,35,down,preranked_rank_sum,GSE158473,ovary,GSE158473_0month_DiNP_20ugkgd,Reactome,0.6756384223065204
REACTOME_REGULATED_PROTEOLYSIS_OF_P75NTR,1.0830009724788265,0.2788079913919759,11,up,preranked_rank_sum,GSE158473,ovary,GSE158473_0month_DiNP_20ugkgd,Reactome,0.6756384223065204
REACTOME_YAP1_AND_WWTR1_TAZ_STIMULATED_GENE_EXPRESSION,-1.0826250218513822,0.2789748963404787,11,down,preranked_rank_sum,GSE158473,ovary,GSE158473_0month_DiNP_20ugkgd,Reactome,0.6756384223065204
REACTOME_FOXO_MEDIATED_TRANSCRIPTION_OF_CELL_CYCLE_GENES,-1.080763685147664,0.27980224607513104,15,down,preranked_rank_sum,GSE158473,ovary,GSE158473_0month_DiNP_20ugkgd,Reactome,0.6756384223065204
REACTOME_CLASS_A_1_RHODOPSIN_LIKE_RECEPTORS,1.0805767907770099,0.27988541120604915,174,up,preranked_rank_sum,GSE158473,ovary,GSE158473_0month_DiNP_20ugkgd,Reactome,0.6756384223065204
REACTOME_FORMATION_OF_AXIAL_MESODERM,-1.0797131836236664,0.2802699212987979,10,down,preranked_rank_sum,GSE158473,ovary,GSE158473_0month_DiNP_20ugkgd,Reactome,0.6756384223065204
REACTOME_GAP_JUNCTION_TRAFFICKING_AND_REGULATION,1.07916378401248,0.28051472116283027,33,up,preranked_rank_sum,GSE158473,ovary,GSE158473_0month_DiNP_20ugkgd,Reactome,0.6756384223065204
REACTOME_SIGNALING_BY_FGFR,-1.0758450211405814,0.28199657357798913,73,down,preranked_rank_sum,GSE158473,ovary,GSE158473_0month_DiNP_20ugkgd,Reactome,0.6780904450181252
REACTOME_METABOLISM_OF_FOLATE_AND_PTERINES,1.0737632030892168,0.28292882597452207,16,up,preranked_rank_sum,GSE158473,ovary,GSE158473_0month_DiNP_20ugkgd,Reactome,0.6792150140800514
REACTOME_RESOLUTION_OF_AP_SITES_VIA_THE_MULTIPLE_NUCLEOTIDE_PATCH_REPLACEMENT_PATHWAY,-1.071976380868163,0.2837306409663982,23,down,preranked_rank_sum,GSE158473,ovary,GSE158473_0month_DiNP_20ugkgd,Reactome,0.6800232739227445
REACTOME_REGULATION_OF_FOXO_TRANSCRIPTIONAL_ACTIVITY_BY_ACETYLATION,-1.0669383124764977,0.28599969278731485,10,down,preranked_rank_sum,GSE158473,ovary,GSE158473_0month_DiNP_20ugkgd,Reactome,0.6813013113247041
REACTOME_TRANSCRIPTION_OF_THE_HIV_GENOME,1.0654201740587186,0.2866858314292178,65,up,preranked_rank_sum,GSE158473,ovary,GSE158473_0month_DiNP_20ugkgd,Reactome,0.6813013113247041
REACTOME_VISUAL_PHOTOTRANSDUCTION,-1.0650927180903775,0.2868339742180749,72,down,preranked_rank_sum,GSE158473,ovary,GSE158473_0month_DiNP_20ugkgd,Reactome,0.6813013113247041
REACTOME_REGULATION_OF_GENE_EXPRESSION_IN_BETA_CELLS,-1.0648065221003948,0.2869634930974151,9,down,preranked_rank_sum,GSE158473,ovary,GSE158473_0month_DiNP_20ugkgd,Reactome,0.6813013113247041
REACTOME_TICAM1_RIP1_MEDIATED_IKK_COMPLEX_RECRUITMENT,1.0646385757449073,0.287039516119019,17,up,preranked_rank_sum,GSE158473,ovary,GSE158473_0month_DiNP_20ugkgd,Reactome,0.6813013113247041
REACTOME_COLLAGEN_DEGRADATION,1.0645934984408176,0.2870599232394102,50,up,preranked_rank_sum,GSE158473,ovary,GSE158473_0month_DiNP_20ugkgd,Reactome,0.6813013113247041
REACTOME_SIGNALING_BY_ERBB2_IN_CANCER,-1.0622520954335415,0.2881212555123305,24,down,preranked_rank_sum,GSE158473,ovary,GSE158473_0month_DiNP_20ugkgd,Reactome,0.6827119539044201
REACTOME_REGULATION_OF_MITF_M_DEPENDENT_GENES_INVOLVED_IN_APOPTOSIS,-1.0609290231470396,0.28872215831759973,15,down,preranked_rank_sum,GSE158473,ovary,GSE158473_0month_DiNP_20ugkgd,Reactome,0.6830287952432538
REACTOME_RECOGNITION_AND_ASSOCIATION_OF_DNA_GLYCOSYLASE_WITH_SITE_CONTAINING_AN_AFFECTED_PURINE,-1.0572859495616356,0.2903811037151194,11,down,preranked_rank_sum,GSE158473,ovary,GSE158473_0month_DiNP_20ugkgd,Reactome,0.6847476281178859
REACTOME_AMPK_INDUCED_ERAD_AND_LYSOSOME_MEDIATED_DEGRADATION_OF_PD_L1_CD274,-1.0572764211715233,0.2903854510486247,53,down,preranked_rank_sum,GSE158473,ovary,GSE158473_0month_DiNP_20ugkgd,Reactome,0.6847476281178859
REACTOME_MYD88_INDEPENDENT_TLR4_CASCADE,1.0532116461353365,0.2922440020266792,101,up,preranked_rank_sum,GSE158473,ovary,GSE158473_0month_DiNP_20ugkgd,Reactome,0.6880205007455797
REACTOME_CELLULAR_SENESCENCE,-1.0521148748113327,0.2927468483813659,123,down,preranked_rank_sum,GSE158473,ovary,GSE158473_0month_DiNP_20ugkgd,Reactome,0.6880962899253327
REACTOME_REGULATION_OF_NPAS4_GENE_EXPRESSION,1.0502402298252649,0.29360767758861905,13,up,preranked_rank_sum,GSE158473,ovary,GSE158473_0month_DiNP_20ugkgd,Reactome,0.6889092235509654
REACTOME_GLYCOSAMINOGLYCAN_METABOLISM,1.0493107349525597,0.29403512687811384,120,up,preranked_rank_sum,GSE158473,ovary,GSE158473_0month_DiNP_20ugkgd,Reactome,0.6889092235509654
REACTOME_GASTRIN_CREB_SIGNALLING_PATHWAY_VIA_PKC_AND_MAPK,-1.044571866821849,0.29622088778642075,15,down,preranked_rank_sum,GSE158473,ovary,GSE158473_0month_DiNP_20ugkgd,Reactome,0.6929199007099954
REACTOME_SIGNALING_BY_TGFBR3,-1.0431976187101242,0.2968567761436751,43,down,preranked_rank_sum,GSE158473,ovary,GSE158473_0month_DiNP_20ugkgd,Reactome,0.693043619442537
REACTOME_RESPONSE_OF_MTB_TO_PHAGOCYTOSIS,1.039470674681431,0.2985858897246261,21,up,preranked_rank_sum,GSE158473,ovary,GSE158473_0month_DiNP_20ugkgd,Reactome,0.693043619442537
REACTOME_REGULATION_OF_TLR_BY_ENDOGENOUS_LIGAND,-1.0394117503856082,0.2986132815090138,17,down,preranked_rank_sum,GSE158473,ovary,GSE158473_0month_DiNP_20ugkgd,Reactome,0.693043619442537
REACTOME_CLASS_I_MHC_MEDIATED_ANTIGEN_PROCESSING_PRESENTATION,1.0387431298202123,0.298924216674077,341,up,preranked_rank_sum,GSE158473,ovary,GSE158473_0month_DiNP_20ugkgd,Reactome,0.693043619442537
REACTOME_SARS_COV_2_ACTIVATES_MODULATES_INNATE_AND_ADAPTIVE_IMMUNE_RESPONSES,1.037786582591866,0.29936942479414663,95,up,preranked_rank_sum,GSE158473,ovary,GSE158473_0month_DiNP_20ugkgd,Reactome,0.693043619442537
REACTOME_HS_GAG_DEGRADATION,1.0375363748792814,0.2994859525390775,17,up,preranked_rank_sum,GSE158473,ovary,GSE158473_0month_DiNP_20ugkgd,Reactome,0.693043619442537
REACTOME_CO_STIMULATION_BY_CD28,1.0368263620626637,0.2998167873118527,47,up,preranked_rank_sum,GSE158473,ovary,GSE158473_0month_DiNP_20ugkgd,Reactome,0.693043619442537
REACTOME_TRAF6_MEDIATED_IRF7_ACTIVATION,1.0357145639206113,0.300335325847508,13,up,preranked_rank_sum,GSE158473,ovary,GSE158473_0month_DiNP_20ugkgd,Reactome,0.693043619442537
REACTOME_LAGGING_STRAND_SYNTHESIS,-1.035275818448295,0.30054011951201676,19,down,preranked_rank_sum,GSE158473,ovary,GSE158473_0month_DiNP_20ugkgd,Reactome,0.693043619442537
REACTOME_SYNTHESIS_OF_BILE_ACIDS_AND_BILE_SALTS_VIA_24_HYDROXYCHOLESTEROL,1.0340729431466447,0.3011020640560461,7,up,preranked_rank_sum,GSE158473,ovary,GSE158473_0month_DiNP_20ugkgd,Reactome,0.6932460120471488
REACTOME_BETA_DEFENSINS,1.031661990675772,0.3022304891596652,5,up,preranked_rank_sum,GSE158473,ovary,GSE158473_0month_DiNP_20ugkgd,Reactome,0.693667602500814
REACTOME_GLYCOSPHINGOLIPID_CATABOLISM,1.0310033901165698,0.3025392300271119,29,up,preranked_rank_sum,GSE158473,ovary,GSE158473_0month_DiNP_20ugkgd,Reactome,0.693667602500814
REACTOME_SIGNALING_BY_NOTCH1_PEST_DOMAIN_MUTANTS_IN_CANCER,-1.0298671199876506,0.3030723873810838,55,down,preranked_rank_sum,GSE158473,ovary,GSE158473_0month_DiNP_20ugkgd,Reactome,0.693667602500814
REACTOME_SPRY_REGULATION_OF_FGF_SIGNALING,1.029631472068132,0.3031830355663613,15,up,preranked_rank_sum,GSE158473,ovary,GSE158473_0month_DiNP_20ugkgd,Reactome,0.693667602500814
REACTOME_REGULATION_OF_BACH1_ACTIVITY,-1.0244102870010003,0.30564152513910114,9,down,preranked_rank_sum,GSE158473,ovary,GSE158473_0month_DiNP_20ugkgd,Reactome,0.6981998589896341
REACTOME_G_ALPHA_Z_SIGNALLING_EVENTS,-1.020738658529037,0.3073782736371874,42,down,preranked_rank_sum,GSE158473,ovary,GSE158473_0month_DiNP_20ugkgd,Reactome,0.6983493509054843
REACTOME_UNBLOCKING_OF_NMDA_RECEPTORS_GLUTAMATE_BINDING_AND_ACTIVATION,-1.0203868208682896,0.30754504176191333,16,down,preranked_rank_sum,GSE158473,ovary,GSE158473_0month_DiNP_20ugkgd,Reactome,0.6983493509054843
REACTOME_SUPPRESSION_OF_PHAGOSOMAL_MATURATION,1.0194738526647682,0.30797806039362785,12,up,preranked_rank_sum,GSE158473,ovary,GSE158473_0month_DiNP_20ugkgd,Reactome,0.6983493509054843
REACTOME_REGULATION_OF_PYRUVATE_METABOLISM,1.0193598263962511,0.3080321711044648,31,up,preranked_rank_sum,GSE158473,ovary,GSE158473_0month_DiNP_20ugkgd,Reactome,0.6983493509054843
REACTOME_SEMA4D_IN_SEMAPHORIN_SIGNALING,-1.0192268091213688,0.3080953018700666,23,down,preranked_rank_sum,GSE158473,ovary,GSE158473_0month_DiNP_20ugkgd,Reactome,0.6983493509054843
REACTOME_ALPHA_LINOLENIC_OMEGA3_AND_LINOLEIC_OMEGA6_ACID_METABOLISM,1.0177460529003481,0.30879865532204354,12,up,preranked_rank_sum,GSE158473,ovary,GSE158473_0month_DiNP_20ugkgd,Reactome,0.6988412923698509
REACTOME_SYNTHESIS_OF_PROSTAGLANDINS_PG_AND_THROMBOXANES_TX,-1.0167584719231388,0.30926834210895593,11,down,preranked_rank_sum,GSE158473,ovary,GSE158473_0month_DiNP_20ugkgd,Reactome,0.6988412923698509
REACTOME_TRIGLYCERIDE_METABOLISM,1.0150497351657493,0.3100821202017672,28,up,preranked_rank_sum,GSE158473,ovary,GSE158473_0month_DiNP_20ugkgd,Reactome,0.6995988576157154
REACTOME_METABOLISM_OF_FAT_SOLUBLE_VITAMINS,-1.012407855521022,0.31134308390265586,39,down,preranked_rank_sum,GSE158473,ovary,GSE158473_0month_DiNP_20ugkgd,Reactome,0.6997969913732808
REACTOME_DCC_MEDIATED_ATTRACTIVE_SIGNALING,1.0117733066847985,0.31164645573658245,14,up,preranked_rank_sum,GSE158473,ovary,GSE158473_0month_DiNP_20ugkgd,Reactome,0.6997969913732808
REACTOME_PYRUVATE_METABOLISM,1.0115324683967202,0.3117616492649615,44,up,preranked_rank_sum,GSE158473,ovary,GSE158473_0month_DiNP_20ugkgd,Reactome,0.6997969913732808
REACTOME_THE_CANONICAL_RETINOID_CYCLE_IN_RODS_TWILIGHT_VISION,-1.0108576459021807,0.3120845679722155,17,down,preranked_rank_sum,GSE158473,ovary,GSE158473_0month_DiNP_20ugkgd,Reactome,0.6997969913732808
REACTOME_CELLULAR_RESPONSE_TO_CHEMICAL_STRESS,-1.0075750461653061,0.3136585135132003,178,down,preranked_rank_sum,GSE158473,ovary,GSE158473_0month_DiNP_20ugkgd,Reactome,0.7014883873108402
REACTOME_DEACTIVATION_OF_THE_BETA_CATENIN_TRANSACTIVATING_COMPLEX,-1.0072836202340885,0.3137984988380913,41,down,preranked_rank_sum,GSE158473,ovary,GSE158473_0month_DiNP_20ugkgd,Reactome,0.7014883873108402
REACTOME_Z_DECAY_DEGRADATION_OF_MATERNAL_MRNAS_BY_ZYGOTICALLY_EXPRESSED_FACTORS,-1.0059028169955806,0.3144623210498422,10,down,preranked_rank_sum,GSE158473,ovary,GSE158473_0month_DiNP_20ugkgd,Reactome,0.7018991043891133
REACTOME_REGULATION_OF_RUNX2_EXPRESSION_AND_ACTIVITY,-1.0044100271216727,0.3151810188608436,53,down,preranked_rank_sum,GSE158473,ovary,GSE158473_0month_DiNP_20ugkgd,Reactome,0.7024308682538922
REACTOME_SIGNALING_BY_NTRK3_TRKC,-1.0002708486890457,0.31717945070660036,17,down,preranked_rank_sum,GSE158473,ovary,GSE158473_0month_DiNP_20ugkgd,Reactome,0.7030512100338975
REACTOME_DDX58_IFIH1_MEDIATED_INDUCTION_OF_INTERFERON_ALPHA_BETA,1.0001138063713506,0.31725543537663115,59,up,preranked_rank_sum,GSE158473,ovary,GSE158473_0month_DiNP_20ugkgd,Reactome,0.7030512100338975
REACTOME_DNA_DAMAGE_TELOMERE_STRESS_INDUCED_SENESCENCE,-0.9992993699371611,0.31764969056994496,28,down,preranked_rank_sum,GSE158473,ovary,GSE158473_0month_DiNP_20ugkgd,Reactome,0.7030512100338975
REACTOME_SIGNALING_BY_EGFR_IN_CANCER,-0.9989867890087265,0.3178010910644721,22,down,preranked_rank_sum,GSE158473,ovary,GSE158473_0month_DiNP_20ugkgd,Reactome,0.7030512100338975
REACTOME_ACTIVATION_OF_MATRIX_METALLOPROTEINASES,-0.9973565985113317,0.31859145019548174,20,down,preranked_rank_sum,GSE158473,ovary,GSE158473_0month_DiNP_20ugkgd,Reactome,0.7030512100338975
REACTOME_SYNTHESIS_OF_PE,0.9967244890999023,0.31889825944664796,12,up,preranked_rank_sum,GSE158473,ovary,GSE158473_0month_DiNP_20ugkgd,Reactome,0.7030512100338975
REACTOME_RECRUITMENT_OF_NUMA_TO_MITOTIC_CENTROSOMES,0.9946204058763685,0.31992091904526676,86,up,preranked_rank_sum,GSE158473,ovary,GSE158473_0month_DiNP_20ugkgd,Reactome,0.7030512100338975
REACTOME_PROCESSING_AND_ACTIVATION_OF_SUMO,-0.9944685187465715,0.3199948245254147,10,down,preranked_rank_sum,GSE158473,ovary,GSE158473_0month_DiNP_20ugkgd,Reactome,0.7030512100338975
REACTOME_SCAVENGING_BY_CLASS_A_RECEPTORS,-0.9942212502815398,0.3201151646881377,17,down,preranked_rank_sum,GSE158473,ovary,GSE158473_0month_DiNP_20ugkgd,Reactome,0.7030512100338975
REACTOME_M_PHASE,-0.9939068929047322,0.3202681982780956,325,down,preranked_rank_sum,GSE158473,ovary,GSE158473_0month_DiNP_20ugkgd,Reactome,0.7030512100338975
REACTOME_TRANSCRIPTIONAL_REGULATION_OF_TESTIS_DIFFERENTIATION,0.9879606538609046,0.32317191828330205,11,up,preranked_rank_sum,GSE158473,ovary,GSE158473_0month_DiNP_20ugkgd,Reactome,0.7081957413757528
REACTOME_TRANSCRIPTIONAL_REGULATION_BY_RUNX2,-0.9859680903162495,0.32414877170250256,98,down,preranked_rank_sum,GSE158473,ovary,GSE158473_0month_DiNP_20ugkgd,Reactome,0.7081957413757528
REACTOME_MITOCHONDRIAL_BIOGENESIS,0.9855551477383467,0.324351456937493,70,up,preranked_rank_sum,GSE158473,ovary,GSE158473_0month_DiNP_20ugkgd,Reactome,0.7081957413757528
REACTOME_GLYCOGEN_SYNTHESIS,-0.984501908088417,0.32486879374086297,11,down,preranked_rank_sum,GSE158473,ovary,GSE158473_0month_DiNP_20ugkgd,Reactome,0.7081957413757528
REACTOME_RRNA_PROCESSING_IN_THE_MITOCHONDRION,0.9841663052744928,0.3250337499747812,15,up,preranked_rank_sum,GSE158473,ovary,GSE158473_0month_DiNP_20ugkgd,Reactome,0.7081957413757528
REACTOME_DEGRADATION_OF_CRY_AND_PER_PROTEINS,-0.9815280754931567,0.32633239637647293,46,down,preranked_rank_sum,GSE158473,ovary,GSE158473_0month_DiNP_20ugkgd,Reactome,0.7099672075928622
REACTOME_METABOLISM_OF_NUCLEOTIDES,0.9797467960228569,0.3272111204515906,84,up,preranked_rank_sum,GSE158473,ovary,GSE158473_0month_DiNP_20ugkgd,Reactome,0.7108211858844361
REACTOME_E3_UBIQUITIN_LIGASES_UBIQUITINATE_TARGET_PROTEINS,0.9765923412165374,0.3287710122439079,39,up,preranked_rank_sum,GSE158473,ovary,GSE158473_0month_DiNP_20ugkgd,Reactome,0.7131501778940554
REACTOME_DEFECTIVE_PYROPTOSIS,-0.9754081428326586,0.3293578461134905,15,down,preranked_rank_sum,GSE158473,ovary,GSE158473_0month_DiNP_20ugkgd,Reactome,0.7133646978043305
REACTOME_NEGATIVE_REGULATION_OF_FGFR3_SIGNALING,0.9688820864968034,0.3326040241596977,22,up,preranked_rank_sum,GSE158473,ovary,GSE158473_0month_DiNP_20ugkgd,Reactome,0.7190589714073394
REACTOME_ANTIGEN_PROCESSING_UB_ATP_INDEPENDENT_PROTEASOMAL_DEGRADATION,-0.9681478487935122,0.3329705360073658,19,down,preranked_rank_sum,GSE158473,ovary,GSE158473_0month_DiNP_20ugkgd,Reactome,0.7190589714073394
REACTOME_PCNA_DEPENDENT_LONG_PATCH_BASE_EXCISION_REPAIR,-0.9671235293618272,0.3334822843229952,20,down,preranked_rank_sum,GSE158473,ovary,GSE158473_0month_DiNP_20ugkgd,Reactome,0.7191019169324764
REACTOME_P38MAPK_EVENTS,-0.9641929517996035,0.3349491973750939,13,down,preranked_rank_sum,GSE158473,ovary,GSE158473_0month_DiNP_20ugkgd,Reactome,0.7212013645985085
REACTOME_RNA_POLYMERASE_III_CHAIN_ELONGATION,0.9620843472975336,0.3360072361267923,16,up,preranked_rank_sum,GSE158473,ovary,GSE158473_0month_DiNP_20ugkgd,Reactome,0.7224155576726035
REACTOME_REGULATION_OF_IFNG_SIGNALING,-0.9594894028400014,0.337312255686404,13,down,preranked_rank_sum,GSE158473,ovary,GSE158473_0month_DiNP_20ugkgd,Reactome,0.7241564138230876
REACTOME_FIBRONECTIN_MATRIX_FORMATION,0.9569258441502585,0.3386046856077165,15,up,preranked_rank_sum,GSE158473,ovary,GSE158473_0month_DiNP_20ugkgd,Reactome,0.725865176478712
REACTOME_GLUCOCORTICOID_BIOSYNTHESIS,-0.9537684168789854,0.34020087966678336,6,down,preranked_rank_sum,GSE158473,ovary,GSE158473_0month_DiNP_20ugkgd,Reactome,0.7279232878491859
REACTOME_ASPIRIN_ADME,-0.9522891699163463,0.3409503487948917,15,down,preranked_rank_sum,GSE158473,ovary,GSE158473_0month_DiNP_20ugkgd,Reactome,0.7279232878491859
REACTOME_PURINE_RIBONUCLEOSIDE_MONOPHOSPHATE_BIOSYNTHESIS,-0.9505998821280329,0.3418075284979206,9,down,preranked_rank_sum,GSE158473,ovary,GSE158473_0month_DiNP_20ugkgd,Reactome,0.7279232878491859
REACTOME_ABC_TRANSPORTER_DISORDERS,-0.9503219510942247,0.34194868845194804,59,down,preranked_rank_sum,GSE158473,ovary,GSE158473_0month_DiNP_20ugkgd,Reactome,0.7279232878491859
REACTOME_SIGNALING_BY_PDGF,0.9501141778835331,0.342054239912716,55,up,preranked_rank_sum,GSE158473,ovary,GSE158473_0month_DiNP_20ugkgd,Reactome,0.7279232878491859
REACTOME_DISEASES_OF_MITOTIC_CELL_CYCLE,-0.9483997223216313,0.3429260007430649,37,down,preranked_rank_sum,GSE158473,ovary,GSE158473_0month_DiNP_20ugkgd,Reactome,0.7287177515790129
REACTOME_PI_3K_CASCADE_FGFR3,0.9443145629124896,0.34500892626127533,12,up,preranked_rank_sum,GSE158473,ovary,GSE158473_0month_DiNP_20ugkgd,Reactome,0.7319387488054698
REACTOME_FORMATION_OF_THE_NON_CANONICAL_BAF_NCBAF_COMPLEX,0.9434651196425662,0.3454430483418428,17,up,preranked_rank_sum,GSE158473,ovary,GSE158473_0month_DiNP_20ugkgd,Reactome,0.7319387488054698
REACTOME_MRNA_SPLICING_MINOR_PATHWAY,-0.940920991465215,0.34674534943122426,46,down,preranked_rank_sum,GSE158473,ovary,GSE158473_0month_DiNP_20ugkgd,Reactome,0.7321247384523694
REACTOME_DISEASES_ASSOCIATED_WITH_N_GLYCOSYLATION_OF_PROTEINS,0.9399918717516084,0.34722173001795,19,up,preranked_rank_sum,GSE158473,ovary,GSE158473_0month_DiNP_20ugkgd,Reactome,0.7321247384523694
REACTOME_EXPRESSION_OF_BMAL_ARNTL_CLOCK_AND_NPAS2,0.9394477703356291,0.347500896309351,34,up,preranked_rank_sum,GSE158473,ovary,GSE158473_0month_DiNP_20ugkgd,Reactome,0.7321247384523694
REACTOME_DEGRADATION_OF_THE_EXTRACELLULAR_MATRIX,0.9393834548685728,0.34753390457314937,113,up,preranked_rank_sum,GSE158473,ovary,GSE158473_0month_DiNP_20ugkgd,Reactome,0.7321247384523694
REACTOME_ESTROGEN_DEPENDENT_NUCLEAR_EVENTS_DOWNSTREAM_OF_ESR_MEMBRANE_SIGNALING,0.9371285398543687,0.3486924424374269,22,up,preranked_rank_sum,GSE158473,ovary,GSE158473_0month_DiNP_20ugkgd,Reactome,0.7322772787915471
REACTOME_PHOSPHORYLATION_OF_CD3_AND_TCR_ZETA_CHAINS,0.9366834472863004,0.34892141324203163,12,up,preranked_rank_sum,GSE158473,ovary,GSE158473_0month_DiNP_20ugkgd,Reactome,0.7322772787915471
REACTOME_FORMATION_OF_RNA_POL_II_ELONGATION_COMPLEX,0.9363190645443993,0.3491089352378306,54,up,preranked_rank_sum,GSE158473,ovary,GSE158473_0month_DiNP_20ugkgd,Reactome,0.7322772787915471
REACTOME_ADENYLATE_CYCLASE_ACTIVATING_PATHWAY,0.9352227144461647,0.3496735348966382,9,up,preranked_rank_sum,GSE158473,ovary,GSE158473_0month_DiNP_20ugkgd,Reactome,0.7324107564740474
REACTOME_REGULATION_OF_PTEN_GENE_TRANSCRIPTION,0.9319142501883767,0.3513808425268403,59,up,preranked_rank_sum,GSE158473,ovary,GSE158473_0month_DiNP_20ugkgd,Reactome,0.734933893811503
REACTOME_METABOLIC_DISORDERS_OF_BIOLOGICAL_OXIDATION_ENZYMES,0.9298398100693067,0.3524540307822148,24,up,preranked_rank_sum,GSE158473,ovary,GSE158473_0month_DiNP_20ugkgd,Reactome,0.7361254185765687
REACTOME_EPIGENETIC_REGULATION_OF_GENE_EXPRESSION,-0.9271328926321193,0.3538575399702971,228,down,preranked_rank_sum,GSE158473,ovary,GSE158473_0month_DiNP_20ugkgd,Reactome,0.7369034966832894
REACTOME_REGULATION_OF_T_CELL_ACTIVATION_BY_CD28_FAMILY,-0.9267825578249994,0.354039442796671,192,down,preranked_rank_sum,GSE158473,ovary,GSE158473_0month_DiNP_20ugkgd,Reactome,0.7369034966832894
REACTOME_NONHOMOLOGOUS_END_JOINING_NHEJ,0.9245522070006191,0.35519888317902126,34,up,preranked_rank_sum,GSE158473,ovary,GSE158473_0month_DiNP_20ugkgd,Reactome,0.7369034966832894
REACTOME_DISEASES_OF_IMMUNE_SYSTEM,0.9227571859631143,0.356133757074815,29,up,preranked_rank_sum,GSE158473,ovary,GSE158473_0month_DiNP_20ugkgd,Reactome,0.7369034966832894
REACTOME_UREA_CYCLE,-0.9203647310464176,0.3573821927551526,11,down,preranked_rank_sum,GSE158473,ovary,GSE158473_0month_DiNP_20ugkgd,Reactome,0.7369034966832894
REACTOME_METAL_ION_SLC_TRANSPORTERS,-0.9191676739379813,0.3580078765469724,38,down,preranked_rank_sum,GSE158473,ovary,GSE158473_0month_DiNP_20ugkgd,Reactome,0.7369034966832894
REACTOME_PHASE_II_CONJUGATION_OF_COMPOUNDS,0.9184446229901678,0.3583861381249963,58,up,preranked_rank_sum,GSE158473,ovary,GSE158473_0month_DiNP_20ugkgd,Reactome,0.7369034966832894
REACTOME_DISEASES_ASSOCIATED_WITH_GLYCOSYLATION_PRECURSOR_BIOSYNTHESIS,0.917707307921751,0.3587721206925636,15,up,preranked_rank_sum,GSE158473,ovary,GSE158473_0month_DiNP_20ugkgd,Reactome,0.7369034966832894
REACTOME_NOTCH2_ACTIVATION_AND_TRANSMISSION_OF_SIGNAL_TO_THE_NUCLEUS,-0.91644028767051,0.35943601278523196,21,down,preranked_rank_sum,GSE158473,ovary,GSE158473_0month_DiNP_20ugkgd,Reactome,0.7369034966832894
REACTOME_SLC_MEDIATED_TRANSPORT_OF_AMINO_ACIDS,-0.9146438749822257,0.36037861746443645,32,down,preranked_rank_sum,GSE158473,ovary,GSE158473_0month_DiNP_20ugkgd,Reactome,0.7369034966832894
REACTOME_DISEASES_OF_DNA_REPAIR,-0.9128454776114734,0.3613238161513397,51,down,preranked_rank_sum,GSE158473,ovary,GSE158473_0month_DiNP_20ugkgd,Reactome,0.7369034966832894
REACTOME_GAP_JUNCTION_ASSEMBLY,0.9116497239284919,0.3619531379675889,21,up,preranked_rank_sum,GSE158473,ovary,GSE158473_0month_DiNP_20ugkgd,Reactome,0.7369034966832894
REACTOME_GAP_FILLING_DNA_REPAIR_SYNTHESIS_AND_LIGATION_IN_GG_NER,-0.911594793397387,0.36198206424376134,23,down,preranked_rank_sum,GSE158473,ovary,GSE158473_0month_DiNP_20ugkgd,Reactome,0.7369034966832894
REACTOME_OTHER_INTERLEUKIN_SIGNALING,0.9106153976660106,0.3624980546505764,21,up,preranked_rank_sum,GSE158473,ovary,GSE158473_0month_DiNP_20ugkgd,Reactome,0.7369034966832894
REACTOME_HS_GAG_BIOSYNTHESIS,0.9105702203413854,0.36252186723763336,29,up,preranked_rank_sum,GSE158473,ovary,GSE158473_0month_DiNP_20ugkgd,Reactome,0.7369034966832894
REACTOME_PASSIVE_TRANSPORT_BY_AQUAPORINS,-0.9089809992240491,0.363360155568061,6,down,preranked_rank_sum,GSE158473,ovary,GSE158473_0month_DiNP_20ugkgd,Reactome,0.7369034966832894
REACTOME_ELASTIC_FIBRE_FORMATION,-0.9080192709040584,0.36386804023694497,41,down,preranked_rank_sum,GSE158473,ovary,GSE158473_0month_DiNP_20ugkgd,Reactome,0.7369034966832894
REACTOME_REGULATION_OF_NF_KAPPA_B_SIGNALING,0.9079539769905072,0.36390253776314596,17,up,preranked_rank_sum,GSE158473,ovary,GSE158473_0month_DiNP_20ugkgd,Reactome,0.7369034966832894
REACTOME_MECHANICAL_LOAD_ACTIVATES_SIGNALING_BY_PIEZO1_AND_INTEGRINS_IN_OSTEOCYTES,-0.9072885211656816,0.3642542427557184,17,down,preranked_rank_sum,GSE158473,ovary,GSE158473_0month_DiNP_20ugkgd,Reactome,0.7369034966832894
REACTOME_TRANSPORT_TO_THE_GOLGI_AND_SUBSEQUENT_MODIFICATION,0.9069626826863411,0.3644265315342954,166,up,preranked_rank_sum,GSE158473,ovary,GSE158473_0month_DiNP_20ugkgd,Reactome,0.7369034966832894
REACTOME_BUTYRATE_RESPONSE_FACTOR_1_BRF1_BINDS_AND_DESTABILIZES_MRNA,0.9068045532930811,0.36451016162077265,17,up,preranked_rank_sum,GSE158473,ovary,GSE158473_0month_DiNP_20ugkgd,Reactome,0.7369034966832894
REACTOME_MHC_CLASS_II_ANTIGEN_PRESENTATION,0.9060571408981506,0.36490560883164747,104,up,preranked_rank_sum,GSE158473,ovary,GSE158473_0month_DiNP_20ugkgd,Reactome,0.7369034966832894
REACTOME_REGULATION_OF_TBK1_IKK_IKBKE_MEDIATED_ACTIVATION_OF_IRF3_IRF7,-0.9056550431835877,0.3651184648882234,12,down,preranked_rank_sum,GSE158473,ovary,GSE158473_0month_DiNP_20ugkgd,Reactome,0.7369034966832894
REACTOME_LYSOSOME_VESICLE_BIOGENESIS,0.9052027313759071,0.36535799513323763,32,up,preranked_rank_sum,GSE158473,ovary,GSE158473_0month_DiNP_20ugkgd,Reactome,0.7369034966832894
REACTOME_NUCLEAR_EVENTS_STIMULATED_BY_ALK_SIGNALING_IN_CANCER,0.9026439167536339,0.3667149105157801,32,up,preranked_rank_sum,GSE158473,ovary,GSE158473_0month_DiNP_20ugkgd,Reactome,0.7369034966832894
REACTOME_UPTAKE_AND_FUNCTION_OF_ANTHRAX_TOXINS,0.9024807562478441,0.3668015394329134,8,up,preranked_rank_sum,GSE158473,ovary,GSE158473_0month_DiNP_20ugkgd,Reactome,0.7369034966832894
REACTOME_ACTIVATED_TAK1_MEDIATES_P38_MAPK_ACTIVATION,0.902343247552606,0.36687455860878493,22,up,preranked_rank_sum,GSE158473,ovary,GSE158473_0month_DiNP_20ugkgd,Reactome,0.7369034966832894
REACTOME_ADP_SIGNALLING_THROUGH_P2Y_PURINOCEPTOR_12,-0.9010771067343429,0.3675473241164261,19,down,preranked_rank_sum,GSE158473,ovary,GSE158473_0month_DiNP_20ugkgd,Reactome,0.7369034966832894
REACTOME_REGULATION_OF_MITF_M_DEPENDENT_GENES_INVOLVED_IN_CELL_CYCLE_AND_PROLIFERATION,-0.9007186712180552,0.3677379187653914,18,down,preranked_rank_sum,GSE158473,ovary,GSE158473_0month_DiNP_20ugkgd,Reactome,0.7369034966832894
REACTOME_KERATAN_SULFATE_DEGRADATION,0.9003242673029563,0.36794771038221696,14,up,preranked_rank_sum,GSE158473,ovary,GSE158473_0month_DiNP_20ugkgd,Reactome,0.7369034966832894
REACTOME_CA2_PATHWAY,-0.8963742947297538,0.3700528913669875,57,down,preranked_rank_sum,GSE158473,ovary,GSE158473_0month_DiNP_20ugkgd,Reactome,0.73960763803544
REACTOME_BETA_CATENIN_INDEPENDENT_WNT_SIGNALING,-0.8944300991777392,0.3710918141206647,126,down,preranked_rank_sum,GSE158473,ovary,GSE158473_0month_DiNP_20ugkgd,Reactome,0.73960763803544
REACTOME_ERBB2_ACTIVATES_PTK6_SIGNALING,-0.8943986947604167,0.37110861058910916,10,down,preranked_rank_sum,GSE158473,ovary,GSE158473_0month_DiNP_20ugkgd,Reactome,0.73960763803544
REACTOME_ACYL_CHAIN_REMODELLING_OF_PI,-0.8927685366072869,0.3719811388999348,12,down,preranked_rank_sum,GSE158473,ovary,GSE158473_0month_DiNP_20ugkgd,Reactome,0.73960763803544
REACTOME_HIV_LIFE_CYCLE,0.8925507175303905,0.37209782096434596,136,up,preranked_rank_sum,GSE158473,ovary,GSE158473_0month_DiNP_20ugkgd,Reactome,0.73960763803544
REACTOME_VEGFR2_MEDIATED_VASCULAR_PERMEABILITY,0.8917994692168365,0.3725004262673184,25,up,preranked_rank_sum,GSE158473,ovary,GSE158473_0month_DiNP_20ugkgd,Reactome,0.73960763803544
REACTOME_POU5F1_OCT4_SOX2_NANOG_ACTIVATE_GENES_RELATED_TO_PROLIFERATION,-0.8911678217476539,0.3728391444816137,6,down,preranked_rank_sum,GSE158473,ovary,GSE158473_0month_DiNP_20ugkgd,Reactome,0.73960763803544
REACTOME_NUCLEAR_ENVELOPE_BREAKDOWN,-0.8874084672015136,0.3748590264973142,50,down,preranked_rank_sum,GSE158473,ovary,GSE158473_0month_DiNP_20ugkgd,Reactome,0.740777793557512
REACTOME_CONSTITUTIVE_SIGNALING_BY_OVEREXPRESSED_ERBB2,-0.887356265956807,0.37488712148692094,11,down,preranked_rank_sum,GSE158473,ovary,GSE158473_0month_DiNP_20ugkgd,Reactome,0.740777793557512
REACTOME_SIGNALING_BY_NUCLEAR_RECEPTORS,-0.8870779651121936,0.3750369264564636,208,down,preranked_rank_sum,GSE158473,ovary,GSE158473_0month_DiNP_20ugkgd,Reactome,0.740777793557512
REACTOME_DEVELOPMENTAL_CELL_LINEAGES_OF_THE_EXOCRINE_PANCREAS,-0.8863002092002902,0.37545577635165284,58,down,preranked_rank_sum,GSE158473,ovary,GSE158473_0month_DiNP_20ugkgd,Reactome,0.740777793557512
REACTOME_PYRIMIDINE_CATABOLISM,0.8817026808425514,0.3779376108977509,10,up,preranked_rank_sum,GSE158473,ovary,GSE158473_0month_DiNP_20ugkgd,Reactome,0.7436827889742066
REACTOME_MEIOTIC_SYNAPSIS,-0.8816881073470857,0.3779454939862076,32,down,preranked_rank_sum,GSE158473,ovary,GSE158473_0month_DiNP_20ugkgd,Reactome,0.7436827889742066
REACTOME_CGMP_EFFECTS,-0.8796479402517215,0.37905005969981376,15,down,preranked_rank_sum,GSE158473,ovary,GSE158473_0month_DiNP_20ugkgd,Reactome,0.7440993452592578
REACTOME_MAP2K_AND_MAPK_ACTIVATION,0.8783904657942063,0.3797318566199154,38,up,preranked_rank_sum,GSE158473,ovary,GSE158473_0month_DiNP_20ugkgd,Reactome,0.7440993452592578
REACTOME_FOXO_MEDIATED_TRANSCRIPTION_OF_CELL_DEATH_GENES,-0.8773279045118465,0.38030855987142576,14,down,preranked_rank_sum,GSE158473,ovary,GSE158473_0month_DiNP_20ugkgd,Reactome,0.7440993452592578
REACTOME_ANTI_INFLAMMATORY_RESPONSE_FAVOURING_LEISHMANIA_PARASITE_INFECTION,0.8769901061865054,0.38049201199614513,65,up,preranked_rank_sum,GSE158473,ovary,GSE158473_0month_DiNP_20ugkgd,Reactome,0.7440993452592578
REACTOME_ERKS_ARE_INACTIVATED,-0.87505858902198,0.38154202764960743,12,down,preranked_rank_sum,GSE158473,ovary,GSE158473_0month_DiNP_20ugkgd,Reactome,0.7440993452592578
REACTOME_HEME_DEGRADATION,-0.8747243248746782,0.38172392138701006,11,down,preranked_rank_sum,GSE158473,ovary,GSE158473_0month_DiNP_20ugkgd,Reactome,0.7440993452592578
REACTOME_TRANSCRIPTIONAL_REGULATION_BY_SMALL_RNAS,0.8737323872696813,0.38226400892592893,18,up,preranked_rank_sum,GSE158473,ovary,GSE158473_0month_DiNP_20ugkgd,Reactome,0.7440993452592578
REACTOME_SYNTHESIS_OF_LEUKOTRIENES_LT_AND_EOXINS_EX,0.8734712660677242,0.382406261368773,17,up,preranked_rank_sum,GSE158473,ovary,GSE158473_0month_DiNP_20ugkgd,Reactome,0.7440993452592578
REACTOME_DEGRADATION_OF_BETA_CATENIN_BY_THE_DESTRUCTION_COMPLEX,-0.8721107737956032,0.3831479491872175,68,down,preranked_rank_sum,GSE158473,ovary,GSE158473_0month_DiNP_20ugkgd,Reactome,0.7440993452592578
REACTOME_DISEASES_ASSOCIATED_WITH_SURFACTANT_METABOLISM,-0.8719295900731471,0.38324679000015127,6,down,preranked_rank_sum,GSE158473,ovary,GSE158473_0month_DiNP_20ugkgd,Reactome,0.7440993452592578
REACTOME_STAT5_ACTIVATION_DOWNSTREAM_OF_FLT3_ITD_MUTANTS,0.8704260970521495,0.3840675900766978,10,up,preranked_rank_sum,GSE158473,ovary,GSE158473_0month_DiNP_20ugkgd,Reactome,0.7447040009179471
REACTOME_TCF_DEPENDENT_SIGNALING_IN_RESPONSE_TO_WNT,-0.8634899478385104,0.3878681438855145,150,down,preranked_rank_sum,GSE158473,ovary,GSE158473_0month_DiNP_20ugkgd,Reactome,0.7486607530689131
REACTOME_CREATION_OF_C4_AND_C2_ACTIVATORS,-0.8629084664287302,0.38818779534407366,9,down,preranked_rank_sum,GSE158473,ovary,GSE158473_0month_DiNP_20ugkgd,Reactome,0.7486607530689131
REACTOME_CARDIOGENESIS,-0.8628138627389977,0.38823981597723256,20,down,preranked_rank_sum,GSE158473,ovary,GSE158473_0month_DiNP_20ugkgd,Reactome,0.7486607530689131
REACTOME_EXTRA_NUCLEAR_ESTROGEN_SIGNALING,-0.8614828163101682,0.3889721812889433,67,down,preranked_rank_sum,GSE158473,ovary,GSE158473_0month_DiNP_20ugkgd,Reactome,0.7486607530689131
REACTOME_BETA_CATENIN_PHOSPHORYLATION_CASCADE,0.8612510772845624,0.3890997740945762,17,up,preranked_rank_sum,GSE158473,ovary,GSE158473_0month_DiNP_20ugkgd,Reactome,0.7486607530689131
REACTOME_VIRAL_INFECTION_PATHWAYS,-0.860456688642843,0.38953734849582333,869,down,preranked_rank_sum,GSE158473,ovary,GSE158473_0month_DiNP_20ugkgd,Reactome,0.7486607530689131
REACTOME_MET_ACTIVATES_RAS_SIGNALING,-0.860174657242693,0.3896927722882646,10,down,preranked_rank_sum,GSE158473,ovary,GSE158473_0month_DiNP_20ugkgd,Reactome,0.7486607530689131
REACTOME_REGULATION_OF_ENDOGENOUS_RETROELEMENTS_BY_THE_HUMAN_SILENCING_HUB_HUSH_COMPLEX,0.8581405496620321,0.39081485878515954,12,up,preranked_rank_sum,GSE158473,ovary,GSE158473_0month_DiNP_20ugkgd,Reactome,0.7498311332597155
REACTOME_SIGNALING_BY_ERBB4,-0.856123759654655,0.39192932769712574,51,down,preranked_rank_sum,GSE158473,ovary,GSE158473_0month_DiNP_20ugkgd,Reactome,0.7509838494013078
REACTOME_CHK1_CHK2_CDS1_MEDIATED_INACTIVATION_OF_CYCLIN_B_CDK1_COMPLEX,-0.8532650437362215,0.39351234045455263,14,down,preranked_rank_sum,GSE158473,ovary,GSE158473_0month_DiNP_20ugkgd,Reactome,0.7513163672079709
REACTOME_ROLE_OF_PHOSPHOLIPIDS_IN_PHAGOCYTOSIS,0.8521864985898534,0.3941105890260673,23,up,preranked_rank_sum,GSE158473,ovary,GSE158473_0month_DiNP_20ugkgd,Reactome,0.7513163672079709
REACTOME_MAPK_TARGETS_NUCLEAR_EVENTS_MEDIATED_BY_MAP_KINASES,-0.8521286020683194,0.39414271868981376,30,down,preranked_rank_sum,GSE158473,ovary,GSE158473_0month_DiNP_20ugkgd,Reactome,0.7513163672079709
REACTOME_REGULATION_OF_ENDOGENOUS_RETROELEMENTS,-0.8519909675429309,0.3942191053070663,58,down,preranked_rank_sum,GSE158473,ovary,GSE158473_0month_DiNP_20ugkgd,Reactome,0.7513163672079709
REACTOME_SEMA4D_INDUCED_CELL_MIGRATION_AND_GROWTH_CONE_COLLAPSE,-0.8511746433592613,0.39467234611198476,19,down,preranked_rank_sum,GSE158473,ovary,GSE158473_0month_DiNP_20ugkgd,Reactome,0.7513163672079709
REACTOME_HIV_INFECTION,0.850157861386353,0.39523732597479344,200,up,preranked_rank_sum,GSE158473,ovary,GSE158473_0month_DiNP_20ugkgd,Reactome,0.7514134857934305
REACTOME_MRNA_DECAY_BY_5_TO_3_EXORIBONUCLEASE,-0.8478996014000726,0.3964938865594596,15,down,preranked_rank_sum,GSE158473,ovary,GSE158473_0month_DiNP_20ugkgd,Reactome,0.7528234573375713
REACTOME_G_ALPHA_Q_SIGNALLING_EVENTS,-0.8460246719012069,0.397538980977581,148,down,preranked_rank_sum,GSE158473,ovary,GSE158473_0month_DiNP_20ugkgd,Reactome,0.7528944080929504
REACTOME_EPHB_MEDIATED_FORWARD_SIGNALING,0.8448435490885877,0.3981981961629155,42,up,preranked_rank_sum,GSE158473,ovary,GSE158473_0month_DiNP_20ugkgd,Reactome,0.7528944080929504
REACTOME_METABOLISM_OF_ANGIOTENSINOGEN_TO_ANGIOTENSINS,-0.8444664353639708,0.39840881170930287,14,down,preranked_rank_sum,GSE158473,ovary,GSE158473_0month_DiNP_20ugkgd,Reactome,0.7528944080929504
REACTOME_SHC_MEDIATED_CASCADE_FGFR1,-0.8429382264145678,0.39926299305096113,13,down,preranked_rank_sum,GSE158473,ovary,GSE158473_0month_DiNP_20ugkgd,Reactome,0.7528944080929504
REACTOME_HOMOLOGOUS_DNA_PAIRING_AND_STRAND_EXCHANGE,-0.8421690077212574,0.3996933588993158,43,down,preranked_rank_sum,GSE158473,ovary,GSE158473_0month_DiNP_20ugkgd,Reactome,0.7528944080929504
REACTOME_SIGNALING_BY_FGFR4,0.8421147156888252,0.3997237449812816,32,up,preranked_rank_sum,GSE158473,ovary,GSE158473_0month_DiNP_20ugkgd,Reactome,0.7528944080929504
REACTOME_TRNA_AMINOACYLATION,0.8413782178855853,0.4001360841916707,24,up,preranked_rank_sum,GSE158473,ovary,GSE158473_0month_DiNP_20ugkgd,Reactome,0.7528944080929504
REACTOME_SIGNAL_TRANSDUCTION_BY_L1,0.8364296529461644,0.40291323652444844,20,up,preranked_rank_sum,GSE158473,ovary,GSE158473_0month_DiNP_20ugkgd,Reactome,0.7571454393300047
REACTOME_INTERLEUKIN_2_FAMILY_SIGNALING,0.8305107158729151,0.4062500917420796,35,up,preranked_rank_sum,GSE158473,ovary,GSE158473_0month_DiNP_20ugkgd,Reactome,0.7587034030408893
REACTOME_REGULATION_OF_INSULIN_SECRETION,-0.830200728270765,0.4064253035612315,68,down,preranked_rank_sum,GSE158473,ovary,GSE158473_0month_DiNP_20ugkgd,Reactome,0.7587034030408893
REACTOME_TNFR2_NON_CANONICAL_NF_KB_PATHWAY,-0.8291561199570175,0.4070160711942924,73,down,preranked_rank_sum,GSE158473,ovary,GSE158473_0month_DiNP_20ugkgd,Reactome,0.7587034030408893
REACTOME_BUTYROPHILIN_BTN_FAMILY_INTERACTIONS,0.8275493307605284,0.40792577374036987,6,up,preranked_rank_sum,GSE158473,ovary,GSE158473_0month_DiNP_20ugkgd,Reactome,0.7587034030408893
REACTOME_TERMINATION_OF_O_GLYCAN_BIOSYNTHESIS,-0.8263018840598509,0.4086328650077057,11,down,preranked_rank_sum,GSE158473,ovary,GSE158473_0month_DiNP_20ugkgd,Reactome,0.7587034030408893
REACTOME_LDL_CLEARANCE,0.8258743586553539,0.4088753673974992,18,up,preranked_rank_sum,GSE158473,ovary,GSE158473_0month_DiNP_20ugkgd,Reactome,0.7587034030408893
REACTOME_BICARBONATE_TRANSPORTERS,0.8257033576103283,0.408972387160071,7,up,preranked_rank_sum,GSE158473,ovary,GSE158473_0month_DiNP_20ugkgd,Reactome,0.7587034030408893
REACTOME_COPI_DEPENDENT_GOLGI_TO_ER_RETROGRADE_TRAFFIC,-0.8238449387539597,0.4100276696062256,89,down,preranked_rank_sum,GSE158473,ovary,GSE158473_0month_DiNP_20ugkgd,Reactome,0.7587034030408893
REACTOME_FGFRL1_MODULATION_OF_FGFR1_SIGNALING,-0.8229703327435018,0.41052486449570347,7,down,preranked_rank_sum,GSE158473,ovary,GSE158473_0month_DiNP_20ugkgd,Reactome,0.7587034030408893
REACTOME_NEURONAL_SYSTEM,-0.8214388400242061,0.41139634770388167,316,down,preranked_rank_sum,GSE158473,ovary,GSE158473_0month_DiNP_20ugkgd,Reactome,0.7587034030408893
REACTOME_NUCLEAR_ENVELOPE_NE_REASSEMBLY,0.8210331500810738,0.4116273860151267,66,up,preranked_rank_sum,GSE158473,ovary,GSE158473_0month_DiNP_20ugkgd,Reactome,0.7587034030408893
REACTOME_APOPTOSIS,-0.8207706616507658,0.4117769128214003,151,down,preranked_rank_sum,GSE158473,ovary,GSE158473_0month_DiNP_20ugkgd,Reactome,0.7587034030408893
REACTOME_SIGNALING_BY_WNT,-0.8205412556586309,0.41190762056560826,237,down,preranked_rank_sum,GSE158473,ovary,GSE158473_0month_DiNP_20ugkgd,Reactome,0.7587034030408893
REACTOME_SEMA3A_PAK_DEPENDENT_AXON_REPULSION,0.8202253875398118,0.41208763175815666,16,up,preranked_rank_sum,GSE158473,ovary,GSE158473_0month_DiNP_20ugkgd,Reactome,0.7587034030408893
REACTOME_POST_CHAPERONIN_TUBULIN_FOLDING_PATHWAY,0.8196422381761536,0.4124200873410535,19,up,preranked_rank_sum,GSE158473,ovary,GSE158473_0month_DiNP_20ugkgd,Reactome,0.7587034030408893
REACTOME_RNA_POLYMERASE_I_TRANSCRIPTION_INITIATION,-0.8195532889850099,0.4124708115718245,43,down,preranked_rank_sum,GSE158473,ovary,GSE158473_0month_DiNP_20ugkgd,Reactome,0.7587034030408893
REACTOME_ANDROGEN_BIOSYNTHESIS,-0.8193891277455914,0.41256443599008685,7,down,preranked_rank_sum,GSE158473,ovary,GSE158473_0month_DiNP_20ugkgd,Reactome,0.7587034030408893
REACTOME_CYTOKINE_SIGNALING_IN_IMMUNE_SYSTEM,0.8177982946512327,0.41347237199529596,623,up,preranked_rank_sum,GSE158473,ovary,GSE158473_0month_DiNP_20ugkgd,Reactome,0.7594178490667371
REACTOME_ASYMMETRIC_LOCALIZATION_OF_PCP_PROTEINS,-0.8157857358175573,0.4146226929070125,50,down,preranked_rank_sum,GSE158473,ovary,GSE158473_0month_DiNP_20ugkgd,Reactome,0.7605751280176315
REACTOME_ERYTHROCYTES_TAKE_UP_CARBON_DIOXIDE_AND_RELEASE_OXYGEN,-0.8143000469590871,0.4154730828327984,7,down,preranked_rank_sum,GSE158473,ovary,GSE158473_0month_DiNP_20ugkgd,Reactome,0.761180008899187
REACTOME_INITIAL_TRIGGERING_OF_COMPLEMENT,-0.8107473383603948,0.4175107821611058,16,down,preranked_rank_sum,GSE158473,ovary,GSE158473_0month_DiNP_20ugkgd,Reactome,0.7639558992735127
REACTOME_G_PROTEIN_MEDIATED_EVENTS,0.8093723200866735,0.41830101881050274,48,up,preranked_rank_sum,GSE158473,ovary,GSE158473_0month_DiNP_20ugkgd,Reactome,0.7644451118761938
REACTOME_TANDEM_PORE_DOMAIN_POTASSIUM_CHANNELS,-0.8042161276228655,0.4212721662258354,7,down,preranked_rank_sum,GSE158473,ovary,GSE158473_0month_DiNP_20ugkgd,Reactome,0.7688135500932746
REACTOME_EXTENSION_OF_TELOMERES,-0.8034007570593029,0.4217431376024666,49,down,preranked_rank_sum,GSE158473,ovary,GSE158473_0month_DiNP_20ugkgd,Reactome,0.7688135500932746
REACTOME_G_BETA_GAMMA_SIGNALLING_THROUGH_PI3KGAMMA,-0.799384905569147,0.4240672601620247,23,down,preranked_rank_sum,GSE158473,ovary,GSE158473_0month_DiNP_20ugkgd,Reactome,0.7700314735339767
REACTOME_PKA_ACTIVATION_IN_GLUCAGON_SIGNALLING,0.7993433184504919,0.4240913672915373,15,up,preranked_rank_sum,GSE158473,ovary,GSE158473_0month_DiNP_20ugkgd,Reactome,0.7700314735339767
REACTOME_SIGNALING_BY_SCF_KIT,-0.7991839126821607,0.42418377869978074,43,down,preranked_rank_sum,GSE158473,ovary,GSE158473_0month_DiNP_20ugkgd,Reactome,0.7700314735339767
REACTOME_RIPK1_MEDIATED_REGULATED_NECROSIS,0.7981708301003922,0.4247713625049796,27,up,preranked_rank_sum,GSE158473,ovary,GSE158473_0month_DiNP_20ugkgd,Reactome,0.7700314735339767
REACTOME_MRNA_CAPPING,0.796346055468511,0.42583092340234807,27,up,preranked_rank_sum,GSE158473,ovary,GSE158473_0month_DiNP_20ugkgd,Reactome,0.7700314735339767
REACTOME_PKR_MEDIATED_SIGNALING,-0.7955436886917396,0.4262973078779052,65,down,preranked_rank_sum,GSE158473,ovary,GSE158473_0month_DiNP_20ugkgd,Reactome,0.7700314735339767
REACTOME_DISEASES_OF_GLYCOSYLATION,0.7953258318383791,0.4264239909698455,123,up,preranked_rank_sum,GSE158473,ovary,GSE158473_0month_DiNP_20ugkgd,Reactome,0.7700314735339767
REACTOME_EPIGENETIC_REGULATION_OF_GENE_EXPRESSION_BY_MLL3_AND_MLL4_COMPLEXES,0.7949805356751881,0.42662482459816764,76,up,preranked_rank_sum,GSE158473,ovary,GSE158473_0month_DiNP_20ugkgd,Reactome,0.7700314735339767
REACTOME_PARACETAMOL_ADME,-0.7931850909531842,0.42766999254563,18,down,preranked_rank_sum,GSE158473,ovary,GSE158473_0month_DiNP_20ugkgd,Reactome,0.7709661271291135
REACTOME_SYNAPTIC_ADHESION_LIKE_MOLECULES,0.7912473909330672,0.4287996416032335,20,up,preranked_rank_sum,GSE158473,ovary,GSE158473_0month_DiNP_20ugkgd,Reactome,0.7714231973322627
REACTOME_GPCR_LIGAND_BINDING,0.7901278131069134,0.4294531282752476,244,up,preranked_rank_sum,GSE158473,ovary,GSE158473_0month_DiNP_20ugkgd,Reactome,0.7714231973322627
REACTOME_PECAM1_INTERACTIONS,0.790036442281136,0.4295064860659794,12,up,preranked_rank_sum,GSE158473,ovary,GSE158473_0month_DiNP_20ugkgd,Reactome,0.7714231973322627
REACTOME_SIGNALING_BY_CTNNB1_PHOSPHO_SITE_MUTANTS,0.7885888101579455,0.4303523731544888,15,up,preranked_rank_sum,GSE158473,ovary,GSE158473_0month_DiNP_20ugkgd,Reactome,0.7714779223624177
REACTOME_PINK1_PRKN_MEDIATED_MITOPHAGY,0.7881784563791095,0.4305923287604192,28,up,preranked_rank_sum,GSE158473,ovary,GSE158473_0month_DiNP_20ugkgd,Reactome,0.7714779223624177
REACTOME_CONVERSION_FROM_APC_C_CDC20_TO_APC_C_CDH1_IN_LATE_ANAPHASE,0.7860496395509553,0.4318384063120583,19,up,preranked_rank_sum,GSE158473,ovary,GSE158473_0month_DiNP_20ugkgd,Reactome,0.7726903766966325
REACTOME_CYTOPROTECTION_BY_HMOX1,-0.7839102284704195,0.4330927875592875,51,down,preranked_rank_sum,GSE158473,ovary,GSE158473_0month_DiNP_20ugkgd,Reactome,0.7726903766966325
REACTOME_PURINE_CATABOLISM,0.7834355913828641,0.43337136261270215,16,up,preranked_rank_sum,GSE158473,ovary,GSE158473_0month_DiNP_20ugkgd,Reactome,0.7726903766966325
REACTOME_PKA_MEDIATED_PHOSPHORYLATION_OF_CREB,0.7829087779073625,0.43368068246336366,17,up,preranked_rank_sum,GSE158473,ovary,GSE158473_0month_DiNP_20ugkgd,Reactome,0.7726903766966325
REACTOME_NRIF_SIGNALS_CELL_DEATH_FROM_THE_NUCLEUS,-0.7820845865798186,0.4341648644318953,15,down,preranked_rank_sum,GSE158473,ovary,GSE158473_0month_DiNP_20ugkgd,Reactome,0.7726903766966325
REACTOME_ANTIGEN_PROCESSING_UBIQUITINATION_PROTEASOME_DEGRADATION,0.7816162340009807,0.4344401433957811,275,up,preranked_rank_sum,GSE158473,ovary,GSE158473_0month_DiNP_20ugkgd,Reactome,0.7726903766966325
REACTOME_G2_M_DNA_DAMAGE_CHECKPOINT,-0.7790631181186223,0.4359425347337832,61,down,preranked_rank_sum,GSE158473,ovary,GSE158473_0month_DiNP_20ugkgd,Reactome,0.7744203958454327
REACTOME_PEPTIDE_HORMONE_METABOLISM,-0.7774028073815209,0.4369211566604495,58,down,preranked_rank_sum,GSE158473,ovary,GSE158473_0month_DiNP_20ugkgd,Reactome,0.7752169065990013
REACTOME_GAMMA_CARBOXYLATION_TRANSPORT_AND_AMINO_TERMINAL_CLEAVAGE_OF_PROTEINS,0.7684983198805481,0.4421911884451529,7,up,preranked_rank_sum,GSE158473,ovary,GSE158473_0month_DiNP_20ugkgd,Reactome,0.7836163848567437
REACTOME_TRANSCRIPTIONAL_REGULATION_BY_MECP2,-0.7646760598712379,0.4444644652333628,47,down,preranked_rank_sum,GSE158473,ovary,GSE158473_0month_DiNP_20ugkgd,Reactome,0.7849289172438032
REACTOME_SIGNALING_BY_ALK_IN_CANCER,0.7645587229012645,0.44453435635668337,85,up,preranked_rank_sum,GSE158473,ovary,GSE158473_0month_DiNP_20ugkgd,Reactome,0.7849289172438032
REACTOME_PROTEIN_UBIQUITINATION,0.7645450418655699,0.44454250579881605,58,up,preranked_rank_sum,GSE158473,ovary,GSE158473_0month_DiNP_20ugkgd,Reactome,0.7849289172438032
REACTOME_TRANSCRIPTIONAL_REGULATION_OF_WHITE_ADIPOCYTE_DIFFERENTIATION,0.7623729229613853,0.44583746203627406,81,up,preranked_rank_sum,GSE158473,ovary,GSE158473_0month_DiNP_20ugkgd,Reactome,0.7860881567056384
REACTOME_POTENTIAL_THERAPEUTICS_FOR_SARS,-0.7611358818898044,0.44657591049684786,95,down,preranked_rank_sum,GSE158473,ovary,GSE158473_0month_DiNP_20ugkgd,Reactome,0.7860881567056384
REACTOME_O_LINKED_GLYCOSYLATION_OF_MUCINS,-0.7590924112860855,0.4477972783901095,43,down,preranked_rank_sum,GSE158473,ovary,GSE158473_0month_DiNP_20ugkgd,Reactome,0.7860881567056384
REACTOME_PURINE_SALVAGE,0.7587811513708527,0.44798348268490207,11,up,preranked_rank_sum,GSE158473,ovary,GSE158473_0month_DiNP_20ugkgd,Reactome,0.7860881567056384
REACTOME_DEADENYLATION_OF_MRNA,-0.7567794822351978,0.4491819871162984,23,down,preranked_rank_sum,GSE158473,ovary,GSE158473_0month_DiNP_20ugkgd,Reactome,0.7860881567056384
REACTOME_SPECIFICATION_OF_THE_NEURAL_PLATE_BORDER,0.756754401839552,0.4491970155958246,8,up,preranked_rank_sum,GSE158473,ovary,GSE158473_0month_DiNP_20ugkgd,Reactome,0.7860881567056384
REACTOME_ERYTHROPOIETIN_ACTIVATES_RAS,0.7564067595254179,0.449405356494888,13,up,preranked_rank_sum,GSE158473,ovary,GSE158473_0month_DiNP_20ugkgd,Reactome,0.7860881567056384
REACTOME_TRNA_PROCESSING_IN_THE_NUCLEUS,-0.7557374183296326,0.4498066447767075,54,down,preranked_rank_sum,GSE158473,ovary,GSE158473_0month_DiNP_20ugkgd,Reactome,0.7860881567056384
REACTOME_NEF_MEDIATED_DOWNREGULATION_OF_MHC_CLASS_I_COMPLEX_CELL_SURFACE_EXPRESSION,0.7553514124809599,0.45003815811396675,9,up,preranked_rank_sum,GSE158473,ovary,GSE158473_0month_DiNP_20ugkgd,Reactome,0.7860881567056384
REACTOME_CASPASE_ACTIVATION_VIA_DEPENDENCE_RECEPTORS_IN_THE_ABSENCE_OF_LIGAND,0.7532442543071327,0.45130315057122417,10,up,preranked_rank_sum,GSE158473,ovary,GSE158473_0month_DiNP_20ugkgd,Reactome,0.7867477411025084
REACTOME_PURINERGIC_SIGNALING_IN_LEISHMANIASIS_INFECTION,0.7529299079657078,0.4514920347366652,23,up,preranked_rank_sum,GSE158473,ovary,GSE158473_0month_DiNP_20ugkgd,Reactome,0.7867477411025084
REACTOME_MAP3K8_TPL2_DEPENDENT_MAPK1_3_ACTIVATION,0.7505479566025978,0.4529247520863201,14,up,preranked_rank_sum,GSE158473,ovary,GSE158473_0month_DiNP_20ugkgd,Reactome,0.7883047470835715
REACTOME_DS_GAG_BIOSYNTHESIS,-0.7481793436769232,0.4543519886835181,11,down,preranked_rank_sum,GSE158473,ovary,GSE158473_0month_DiNP_20ugkgd,Reactome,0.7898485225390054
REACTOME_ASSEMBLY_OF_THE_HIV_VIRION,0.7441540154162867,0.4567833041479362,15,up,preranked_rank_sum,GSE158473,ovary,GSE158473_0month_DiNP_20ugkgd,Reactome,0.7923301160596204
REACTOME_TRANSLATION_OF_SARS_COV_1_STRUCTURAL_PROTEINS,0.7433795707589039,0.45725190920427017,27,up,preranked_rank_sum,GSE158473,ovary,GSE158473_0month_DiNP_20ugkgd,Reactome,0.7923301160596204
REACTOME_MICRORNA_MIRNA_BIOGENESIS,0.7417453340746223,0.4582416471572359,23,up,preranked_rank_sum,GSE158473,ovary,GSE158473_0month_DiNP_20ugkgd,Reactome,0.7923301160596204
REACTOME_SUMOYLATION_OF_IMMUNE_RESPONSE_PROTEINS,-0.7414420739068179,0.45842544180901246,12,down,preranked_rank_sum,GSE158473,ovary,GSE158473_0month_DiNP_20ugkgd,Reactome,0.7923301160596204
REACTOME_SIGNALING_BY_LTK,-0.7413368126823027,0.4584892463655533,10,down,preranked_rank_sum,GSE158473,ovary,GSE158473_0month_DiNP_20ugkgd,Reactome,0.7923301160596204
REACTOME_RHOH_GTPASE_CYCLE,0.7394882374301053,0.4596105796813851,36,up,preranked_rank_sum,GSE158473,ovary,GSE158473_0month_DiNP_20ugkgd,Reactome,0.7933301859435479
REACTOME_DOWNSTREAM_SIGNALING_OF_ACTIVATED_FGFR4,0.7380356868311234,0.46049276338316725,19,up,preranked_rank_sum,GSE158473,ovary,GSE158473_0month_DiNP_20ugkgd,Reactome,0.7937820956912903
REACTOME_REPLACEMENT_OF_PROTAMINES_BY_NUCLEOSOMES_IN_THE_MALE_PRONUCLEUS,-0.73629613136206,0.4615505000486603,5,down,preranked_rank_sum,GSE158473,ovary,GSE158473_0month_DiNP_20ugkgd,Reactome,0.7937820956912903
REACTOME_GP1B_IX_V_ACTIVATION_SIGNALLING,0.7359013733590294,0.4617907214213387,9,up,preranked_rank_sum,GSE158473,ovary,GSE158473_0month_DiNP_20ugkgd,Reactome,0.7937820956912903
REACTOME_FORMATION_OF_TC_NER_PRE_INCISION_COMPLEX,0.7354850179768729,0.4620441610350807,48,up,preranked_rank_sum,GSE158473,ovary,GSE158473_0month_DiNP_20ugkgd,Reactome,0.7937820956912903
REACTOME_EICOSANOIDS,0.7312765334644785,0.46461026103043823,8,up,preranked_rank_sum,GSE158473,ovary,GSE158473_0month_DiNP_20ugkgd,Reactome,0.797253757777583
REACTOME_GPVI_MEDIATED_ACTIVATION_CASCADE,0.7249602189800688,0.46847643572925335,34,up,preranked_rank_sum,GSE158473,ovary,GSE158473_0month_DiNP_20ugkgd,Reactome,0.8006368007559099
REACTOME_APC_CDC20_MEDIATED_DEGRADATION_OF_NEK2A,-0.724906334567122,0.46850949446236734,24,down,preranked_rank_sum,GSE158473,ovary,GSE158473_0month_DiNP_20ugkgd,Reactome,0.8006368007559099
REACTOME_CONSTITUTIVE_SIGNALING_BY_LIGAND_RESPONSIVE_EGFR_CANCER_VARIANTS,-0.7248668732015275,0.46853370530220695,18,down,preranked_rank_sum,GSE158473,ovary,GSE158473_0month_DiNP_20ugkgd,Reactome,0.8006368007559099
REACTOME_NUCLEOTIDE_SALVAGE,0.724478048180379,0.4687722992113946,20,up,preranked_rank_sum,GSE158473,ovary,GSE158473_0month_DiNP_20ugkgd,Reactome,0.8006368007559099
REACTOME_G_ALPHA_I_SIGNALLING_EVENTS,0.7208287333694005,0.4710148945928775,194,up,preranked_rank_sum,GSE158473,ovary,GSE158473_0month_DiNP_20ugkgd,Reactome,0.8009242255864112
REACTOME_MAPK3_ERK1_ACTIVATION,0.7191111686469354,0.47207242633903335,9,up,preranked_rank_sum,GSE158473,ovary,GSE158473_0month_DiNP_20ugkgd,Reactome,0.8009242255864112
REACTOME_CASPASE_ACTIVATION_VIA_EXTRINSIC_APOPTOTIC_SIGNALLING_PATHWAY,0.7188428523827568,0.4722377509780451,22,up,preranked_rank_sum,GSE158473,ovary,GSE158473_0month_DiNP_20ugkgd,Reactome,0.8009242255864112
REACTOME_NUCLEOTIDE_LIKE_PURINERGIC_RECEPTORS,-0.7166049522932776,0.47361788789896275,12,down,preranked_rank_sum,GSE158473,ovary,GSE158473_0month_DiNP_20ugkgd,Reactome,0.8009242255864112
REACTOME_SMOOTH_MUSCLE_CONTRACTION,-0.7157344242228263,0.47415535047189694,36,down,preranked_rank_sum,GSE158473,ovary,GSE158473_0month_DiNP_20ugkgd,Reactome,0.8009242255864112
REACTOME_CREB1_PHOSPHORYLATION_THROUGH_THE_ACTIVATION_OF_ADENYLATE_CYCLASE,0.7123784627970363,0.476230448530101,9,up,preranked_rank_sum,GSE158473,ovary,GSE158473_0month_DiNP_20ugkgd,Reactome,0.8009242255864112
REACTOME_FATTY_ACIDS,0.7118797438451919,0.47653924655641944,9,up,preranked_rank_sum,GSE158473,ovary,GSE158473_0month_DiNP_20ugkgd,Reactome,0.8009242255864112
REACTOME_ROLE_OF_SECOND_MESSENGERS_IN_NETRIN_1_SIGNALING,-0.7108823059415031,0.4771571715252798,9,down,preranked_rank_sum,GSE158473,ovary,GSE158473_0month_DiNP_20ugkgd,Reactome,0.8009242255864112
REACTOME_INTERLEUKIN_6_SIGNALING,0.7104247787953265,0.47744076183727224,10,up,preranked_rank_sum,GSE158473,ovary,GSE158473_0month_DiNP_20ugkgd,Reactome,0.8009242255864112
REACTOME_FORMATION_OF_TUBULIN_FOLDING_INTERMEDIATES_BY_CCT_TRIC,-0.7087370335183304,0.478487678717024,22,down,preranked_rank_sum,GSE158473,ovary,GSE158473_0month_DiNP_20ugkgd,Reactome,0.8009242255864112
REACTOME_SIGNALING_BY_LEPTIN,0.7082533870423373,0.47878791810889043,11,up,preranked_rank_sum,GSE158473,ovary,GSE158473_0month_DiNP_20ugkgd,Reactome,0.8009242255864112
REACTOME_TAK1_DEPENDENT_IKK_AND_NF_KAPPA_B_ACTIVATION,0.7080090147913115,0.4789396593074934,41,up,preranked_rank_sum,GSE158473,ovary,GSE158473_0month_DiNP_20ugkgd,Reactome,0.8009242255864112
REACTOME_NETRIN_1_SIGNALING,0.7074831429969352,0.4792662846693191,40,up,preranked_rank_sum,GSE158473,ovary,GSE158473_0month_DiNP_20ugkgd,Reactome,0.8009242255864112
REACTOME_MUCOPOLYSACCHARIDOSES,0.7070503450345155,0.47953519192331795,11,up,preranked_rank_sum,GSE158473,ovary,GSE158473_0month_DiNP_20ugkgd,Reactome,0.8009242255864112
REACTOME_TRAF6_MEDIATED_INDUCTION_OF_TAK1_COMPLEX_WITHIN_TLR4_COMPLEX,-0.7068881953615053,0.4796359604113939,14,down,preranked_rank_sum,GSE158473,ovary,GSE158473_0month_DiNP_20ugkgd,Reactome,0.8009242255864112
REACTOME_CDC42_GTPASE_CYCLE,-0.7066834702889226,0.4797632040304758,149,down,preranked_rank_sum,GSE158473,ovary,GSE158473_0month_DiNP_20ugkgd,Reactome,0.8009242255864112
REACTOME_SIGNALING_BY_CYTOSOLIC_FGFR1_FUSION_MUTANTS,0.7060183821479638,0.4801767060495349,17,up,preranked_rank_sum,GSE158473,ovary,GSE158473_0month_DiNP_20ugkgd,Reactome,0.8009242255864112
REACTOME_CELLULAR_RESPONSES_TO_MECHANICAL_STIMULI,0.7058601357963296,0.48027512039045206,96,up,preranked_rank_sum,GSE158473,ovary,GSE158473_0month_DiNP_20ugkgd,Reactome,0.8009242255864112
REACTOME_EXTRACELLULAR_MATRIX_ORGANIZATION,-0.7043977743750854,0.4811850916360938,272,down,preranked_rank_sum,GSE158473,ovary,GSE158473_0month_DiNP_20ugkgd,Reactome,0.8009242255864112
REACTOME_FORMATION_OF_WDR5_CONTAINING_HISTONE_MODIFYING_COMPLEXES,-0.7035360154417191,0.4817217702918971,40,down,preranked_rank_sum,GSE158473,ovary,GSE158473_0month_DiNP_20ugkgd,Reactome,0.8009242255864112
REACTOME_FGFR3_LIGAND_BINDING_AND_ACTIVATION,-0.7032826920238628,0.48187959473415976,7,down,preranked_rank_sum,GSE158473,ovary,GSE158473_0month_DiNP_20ugkgd,Reactome,0.8009242255864112
REACTOME_CHROMATIN_MODIFICATIONS_DURING_THE_MATERNAL_TO_ZYGOTIC_TRANSITION_MZT,-0.703214504119021,0.4819220816664309,12,down,preranked_rank_sum,GSE158473,ovary,GSE158473_0month_DiNP_20ugkgd,Reactome,0.8009242255864112
REACTOME_PRESYNAPTIC_DEPOLARIZATION_AND_CALCIUM_CHANNEL_OPENING,-0.702933342011493,0.48209729137184254,10,down,preranked_rank_sum,GSE158473,ovary,GSE158473_0month_DiNP_20ugkgd,Reactome,0.8009242255864112
REACTOME_GRB2_EVENTS_IN_ERBB2_SIGNALING,-0.7006225197024782,0.4835386207131581,14,down,preranked_rank_sum,GSE158473,ovary,GSE158473_0month_DiNP_20ugkgd,Reactome,0.8009242255864112
REACTOME_HEME_BIOSYNTHESIS,0.7006225197024782,0.4835386207131581,14,up,preranked_rank_sum,GSE158473,ovary,GSE158473_0month_DiNP_20ugkgd,Reactome,0.8009242255864112
REACTOME_GABA_RECEPTOR_ACTIVATION,-0.7005899320632638,0.4835589633120869,44,down,preranked_rank_sum,GSE158473,ovary,GSE158473_0month_DiNP_20ugkgd,Reactome,0.8009242255864112
REACTOME_GLOBAL_GENOME_NUCLEOTIDE_EXCISION_REPAIR_GG_NER,0.700093045635166,0.4838691986073972,81,up,preranked_rank_sum,GSE158473,ovary,GSE158473_0month_DiNP_20ugkgd,Reactome,0.8009242255864112
REACTOME_GLYCOSPHINGOLIPID_BIOSYNTHESIS,-0.6981331487681111,0.4850939291532109,16,down,preranked_rank_sum,GSE158473,ovary,GSE158473_0month_DiNP_20ugkgd,Reactome,0.8009242255864112
REACTOME_GERM_LAYER_FORMATION_AT_GASTRULATION,-0.6972556215016402,0.48564283555098864,10,down,preranked_rank_sum,GSE158473,ovary,GSE158473_0month_DiNP_20ugkgd,Reactome,0.8009242255864112
REACTOME_FORMATION_OF_THE_DYSTROPHIN_GLYCOPROTEIN_COMPLEX_DGC,-0.6971005145955117,0.48573989218012537,32,down,preranked_rank_sum,GSE158473,ovary,GSE158473_0month_DiNP_20ugkgd,Reactome,0.8009242255864112
REACTOME_MITOPHAGY,0.6960251591683827,0.4864130738580079,34,up,preranked_rank_sum,GSE158473,ovary,GSE158473_0month_DiNP_20ugkgd,Reactome,0.8009242255864112
REACTOME_TRANSCRIPTIONAL_REGULATION_BY_TP53,-0.69593254378609,0.48647107545877777,331,down,preranked_rank_sum,GSE158473,ovary,GSE158473_0month_DiNP_20ugkgd,Reactome,0.8009242255864112
REACTOME_SENSORY_PROCESSING_OF_SOUND,0.6936305289944316,0.487913943138195,58,up,preranked_rank_sum,GSE158473,ovary,GSE158473_0month_DiNP_20ugkgd,Reactome,0.8023875485789923
REACTOME_P75NTR_SIGNALS_VIA_NF_KB,-0.6927642093237596,0.4884575364126561,15,down,preranked_rank_sum,GSE158473,ovary,GSE158473_0month_DiNP_20ugkgd,Reactome,0.8023875485789923
REACTOME_RNA_POLYMERASE_III_TRANSCRIPTION,0.6874300304144814,0.4918117789560954,39,up,preranked_rank_sum,GSE158473,ovary,GSE158473_0month_DiNP_20ugkgd,Reactome,0.8056850284672097
REACTOME_EPHRIN_SIGNALING,-0.6871801455089184,0.49196921431244234,18,down,preranked_rank_sum,GSE158473,ovary,GSE158473_0month_DiNP_20ugkgd,Reactome,0.8056850284672097
REACTOME_SODIUM_CALCIUM_EXCHANGERS,-0.6869437962529732,0.49211814666293996,9,down,preranked_rank_sum,GSE158473,ovary,GSE158473_0month_DiNP_20ugkgd,Reactome,0.8056850284672097
REACTOME_NGF_STIMULATED_TRANSCRIPTION,-0.6853245512727022,0.49313914255566593,36,down,preranked_rank_sum,GSE158473,ovary,GSE158473_0month_DiNP_20ugkgd,Reactome,0.8064534971100488
REACTOME_BBSOME_MEDIATED_CARGO_TARGETING_TO_CILIUM,-0.6824087159504825,0.4949805459794052,22,down,preranked_rank_sum,GSE158473,ovary,GSE158473_0month_DiNP_20ugkgd,Reactome,0.8076366086090663
REACTOME_RESPIRATORY_SYNCYTIAL_VIRUS_RSV_ATTACHMENT_AND_ENTRY,0.6806003062589535,0.49612443309241305,22,up,preranked_rank_sum,GSE158473,ovary,GSE158473_0month_DiNP_20ugkgd,Reactome,0.8076366086090663
REACTOME_POLYMERASE_SWITCHING_ON_THE_C_STRAND_OF_THE_TELOMERE,-0.6804203151669516,0.4962383613426,25,down,preranked_rank_sum,GSE158473,ovary,GSE158473_0month_DiNP_20ugkgd,Reactome,0.8076366086090663
REACTOME_REGULATION_OF_PYRUVATE_DEHYDROGENASE_PDH_COMPLEX,0.6802924018726566,0.4963193345968553,14,up,preranked_rank_sum,GSE158473,ovary,GSE158473_0month_DiNP_20ugkgd,Reactome,0.8076366086090663
REACTOME_FACTORS_INVOLVED_IN_MEGAKARYOCYTE_DEVELOPMENT_AND_PLATELET_PRODUCTION,-0.6798101171093417,0.496624699821854,124,down,preranked_rank_sum,GSE158473,ovary,GSE158473_0month_DiNP_20ugkgd,Reactome,0.8076366086090663
REACTOME_PHASE_2_PLATEAU_PHASE,-0.6783773825054806,0.497532445862229,12,down,preranked_rank_sum,GSE158473,ovary,GSE158473_0month_DiNP_20ugkgd,Reactome,0.8082138176117541
REACTOME_FGFR2_LIGAND_BINDING_AND_ACTIVATION,-0.6742264629809416,0.5001673478745411,9,down,preranked_rank_sum,GSE158473,ovary,GSE158473_0month_DiNP_20ugkgd,Reactome,0.8115923003247271
REACTOME_REGULATION_OF_KIT_SIGNALING,-0.6699484235766867,0.502890669401852,16,down,preranked_rank_sum,GSE158473,ovary,GSE158473_0month_DiNP_20ugkgd,Reactome,0.8121906755574491
REACTOME_INTERLEUKIN_1_SIGNALING,-0.6698663903619865,0.5029429667101315,97,down,preranked_rank_sum,GSE158473,ovary,GSE158473_0month_DiNP_20ugkgd,Reactome,0.8121906755574491
REACTOME_ATP_DEPENDENT_CHROMATIN_REMODELERS,0.6686997536521802,0.50368702470507,30,up,preranked_rank_sum,GSE158473,ovary,GSE158473_0month_DiNP_20ugkgd,Reactome,0.8121906755574491
REACTOME_HCMV_INFECTION,0.6686140935242467,0.5037416799439346,90,up,preranked_rank_sum,GSE158473,ovary,GSE158473_0month_DiNP_20ugkgd,Reactome,0.8121906755574491
REACTOME_ASSOCIATION_OF_TRIC_CCT_WITH_TARGET_PROTEINS_DURING_BIOSYNTHESIS,-0.666184727794126,0.5052930333748654,35,down,preranked_rank_sum,GSE158473,ovary,GSE158473_0month_DiNP_20ugkgd,Reactome,0.8121906755574491
REACTOME_TGF_BETA_RECEPTOR_SIGNALING_ACTIVATES_SMADS,-0.6654719818878474,0.5057486582919288,44,down,preranked_rank_sum,GSE158473,ovary,GSE158473_0month_DiNP_20ugkgd,Reactome,0.8121906755574491
REACTOME_CD22_MEDIATED_BCR_REGULATION,0.6646010586785127,0.506305691942606,5,up,preranked_rank_sum,GSE158473,ovary,GSE158473_0month_DiNP_20ugkgd,Reactome,0.8121906755574491
REACTOME_CRMPS_IN_SEMA3A_SIGNALING,0.6641493540129645,0.5065947246935261,16,up,preranked_rank_sum,GSE158473,ovary,GSE158473_0month_DiNP_20ugkgd,Reactome,0.8121906755574491
REACTOME_SIGNALING_BY_WNT_IN_CANCER,0.6629590594394544,0.5073567750346105,30,up,preranked_rank_sum,GSE158473,ovary,GSE158473_0month_DiNP_20ugkgd,Reactome,0.8121906755574491
REACTOME_RESOLUTION_OF_D_LOOP_STRUCTURES_THROUGH_SYNTHESIS_DEPENDENT_STRAND_ANNEALING_SDSA,-0.6629454258009786,0.5073655070479433,27,down,preranked_rank_sum,GSE158473,ovary,GSE158473_0month_DiNP_20ugkgd,Reactome,0.8121906755574491
REACTOME_ACTIVATION_OF_NF_KAPPAB_IN_B_CELLS,-0.6627139213062816,0.5075137920848964,52,down,preranked_rank_sum,GSE158473,ovary,GSE158473_0month_DiNP_20ugkgd,Reactome,0.8121906755574491
REACTOME_TRANSCRIPTIONAL_REGULATION_BY_NPAS4,0.6626231062340983,0.5075719678658105,31,up,preranked_rank_sum,GSE158473,ovary,GSE158473_0month_DiNP_20ugkgd,Reactome,0.8121906755574491
REACTOME_MECP2_REGULATES_NEURONAL_RECEPTORS_AND_CHANNELS,-0.6616286871436399,0.5082092178450401,14,down,preranked_rank_sum,GSE158473,ovary,GSE158473_0month_DiNP_20ugkgd,Reactome,0.8121906755574491
REACTOME_NEGATIVE_REGULATION_OF_FGFR2_SIGNALING,0.6606354483634049,0.5088461301118213,24,up,preranked_rank_sum,GSE158473,ovary,GSE158473_0month_DiNP_20ugkgd,Reactome,0.8121906755574491
REACTOME_N_GLYCAN_TRIMMING_IN_THE_ER_AND_CALNEXIN_CALRETICULIN_CYCLE,-0.6587854038476313,0.510033581529945,33,down,preranked_rank_sum,GSE158473,ovary,GSE158473_0month_DiNP_20ugkgd,Reactome,0.8121906755574491
REACTOME_ACTIVATION_OF_BAD_AND_TRANSLOCATION_TO_MITOCHONDRIA,-0.6587619316084034,0.5100486564989732,15,down,preranked_rank_sum,GSE158473,ovary,GSE158473_0month_DiNP_20ugkgd,Reactome,0.8121906755574491
REACTOME_SARS_COV_INFECTIONS,-0.658146336391732,0.510444103726839,356,down,preranked_rank_sum,GSE158473,ovary,GSE158473_0month_DiNP_20ugkgd,Reactome,0.8121906755574491
REACTOME_BLOOD_GROUP_SYSTEMS_BIOSYNTHESIS,-0.6580037436166924,0.5105357256069054,12,down,preranked_rank_sum,GSE158473,ovary,GSE158473_0month_DiNP_20ugkgd,Reactome,0.8121906755574491
REACTOME_FLT3_SIGNALING,-0.656675964625918,0.5113892922807238,37,down,preranked_rank_sum,GSE158473,ovary,GSE158473_0month_DiNP_20ugkgd,Reactome,0.8126642883852373
REACTOME_INTERLEUKIN_7_SIGNALING,-0.6550823726088142,0.5124147206470309,21,down,preranked_rank_sum,GSE158473,ovary,GSE158473_0month_DiNP_20ugkgd,Reactome,0.8134096868468611
REACTOME_NEGATIVE_REGULATION_OF_FGFR1_SIGNALING,0.6539854449850344,0.5131211829063076,23,up,preranked_rank_sum,GSE158473,ovary,GSE158473_0month_DiNP_20ugkgd,Reactome,0.8134214732725994
REACTOME_WNT5A_DEPENDENT_INTERNALIZATION_OF_FZD4,0.6527728940562667,0.5139027008168051,15,up,preranked_rank_sum,GSE158473,ovary,GSE158473_0month_DiNP_20ugkgd,Reactome,0.8134214732725994
REACTOME_DARPP_32_EVENTS,-0.6508147348690649,0.5151660873103969,22,down,preranked_rank_sum,GSE158473,ovary,GSE158473_0month_DiNP_20ugkgd,Reactome,0.8134214732725994
REACTOME_CALNEXIN_CALRETICULIN_CYCLE,-0.6502461767425188,0.5155332177683121,24,down,preranked_rank_sum,GSE158473,ovary,GSE158473_0month_DiNP_20ugkgd,Reactome,0.8134214732725994
REACTOME_FORMATION_OF_THE_CORNIFIED_ENVELOPE,-0.6495407287608516,0.5159889297183542,34,down,preranked_rank_sum,GSE158473,ovary,GSE158473_0month_DiNP_20ugkgd,Reactome,0.8134214732725994
REACTOME_KERATINIZATION,-0.6495407287608516,0.5159889297183542,34,down,preranked_rank_sum,GSE158473,ovary,GSE158473_0month_DiNP_20ugkgd,Reactome,0.8134214732725994
REACTOME_O_LINKED_GLYCOSYLATION,-0.6490334176305308,0.5163167764685173,99,down,preranked_rank_sum,GSE158473,ovary,GSE158473_0month_DiNP_20ugkgd,Reactome,0.8134214732725994
REACTOME_KINESINS,-0.6465823304622641,0.5179022968177904,50,down,preranked_rank_sum,GSE158473,ovary,GSE158473_0month_DiNP_20ugkgd,Reactome,0.8150410742170179
REACTOME_MET_ACTIVATES_RAP1_AND_RAC1,-0.6414093654827389,0.5212567497270041,11,down,preranked_rank_sum,GSE158473,ovary,GSE158473_0month_DiNP_20ugkgd,Reactome,0.8178706083228182
REACTOME_NCAM1_INTERACTIONS,0.6406041498754608,0.5217799026810328,36,up,preranked_rank_sum,GSE158473,ovary,GSE158473_0month_DiNP_20ugkgd,Reactome,0.8178706083228182
REACTOME_MRNA_DECAY_BY_3_TO_5_EXORIBONUCLEASE,-0.6394405640741371,0.5225363675017911,13,down,preranked_rank_sum,GSE158473,ovary,GSE158473_0month_DiNP_20ugkgd,Reactome,0.8178706083228182
REACTOME_RECYCLING_OF_BILE_ACIDS_AND_SALTS,0.6390032814670953,0.5228207971649927,11,up,preranked_rank_sum,GSE158473,ovary,GSE158473_0month_DiNP_20ugkgd,Reactome,0.8178706083228182
REACTOME_SIGNALING_BY_FGFR4_IN_DISEASE,0.6364468172004739,0.5244852343254163,11,up,preranked_rank_sum,GSE158473,ovary,GSE158473_0month_DiNP_20ugkgd,Reactome,0.8178706083228182
REACTOME_SIGNALLING_TO_RAS,-0.6363422494257106,0.5245533730074206,19,down,preranked_rank_sum,GSE158473,ovary,GSE158473_0month_DiNP_20ugkgd,Reactome,0.8178706083228182
REACTOME_SENSORY_PERCEPTION,-0.6350985370327613,0.5253641511456129,154,down,preranked_rank_sum,GSE158473,ovary,GSE158473_0month_DiNP_20ugkgd,Reactome,0.8178706083228182
REACTOME_HIV_TRANSCRIPTION_ELONGATION,0.6350928236342718,0.5253678771983072,40,up,preranked_rank_sum,GSE158473,ovary,GSE158473_0month_DiNP_20ugkgd,Reactome,0.8178706083228182
REACTOME_INSULIN_PROCESSING,0.6350709328486953,0.5253821536286499,22,up,preranked_rank_sum,GSE158473,ovary,GSE158473_0month_DiNP_20ugkgd,Reactome,0.8178706083228182
REACTOME_P75NTR_REGULATES_AXONOGENESIS,-0.6346429814346529,0.5256612889355781,10,down,preranked_rank_sum,GSE158473,ovary,GSE158473_0month_DiNP_20ugkgd,Reactome,0.8178706083228182
REACTOME_HCMV_EARLY_EVENTS,-0.6343477823365427,0.5258538794962032,68,down,preranked_rank_sum,GSE158473,ovary,GSE158473_0month_DiNP_20ugkgd,Reactome,0.8178706083228182
REACTOME_TRAFFICKING_OF_AMPA_RECEPTORS,0.6332212703277901,0.5265891574696333,28,up,preranked_rank_sum,GSE158473,ovary,GSE158473_0month_DiNP_20ugkgd,Reactome,0.8181438344533517
REACTOME_INTERCONVERSION_OF_NUCLEOTIDE_DI_AND_TRIPHOSPHATES,0.6309958983504689,0.5280432063184741,26,up,preranked_rank_sum,GSE158473,ovary,GSE158473_0month_DiNP_20ugkgd,Reactome,0.8195320250930034
REACTOME_TRANSLESION_SYNTHESIS_BY_Y_FAMILY_DNA_POLYMERASES_BYPASSES_LESIONS_ON_DNA_TEMPLATE,-0.628771596186885,0.5294985978926217,37,down,preranked_rank_sum,GSE158473,ovary,GSE158473_0month_DiNP_20ugkgd,Reactome,0.8202726496330479
REACTOME_PLATELET_AGGREGATION_PLUG_FORMATION,-0.6277966305591703,0.530137173687774,34,down,preranked_rank_sum,GSE158473,ovary,GSE158473_0month_DiNP_20ugkgd,Reactome,0.8202726496330479
REACTOME_P75NTR_RECRUITS_SIGNALLING_COMPLEXES,-0.6276952560824881,0.5302035936410604,12,down,preranked_rank_sum,GSE158473,ovary,GSE158473_0month_DiNP_20ugkgd,Reactome,0.8202726496330479
REACTOME_RRNA_MODIFICATION_IN_THE_NUCLEUS_AND_CYTOSOL,-0.6267498547405821,0.5308232184174871,56,down,preranked_rank_sum,GSE158473,ovary,GSE158473_0month_DiNP_20ugkgd,Reactome,0.8203631557361165
REACTOME_GOLGI_ASSOCIATED_VESICLE_BIOGENESIS,0.6254481685325393,0.5316769564594648,52,up,preranked_rank_sum,GSE158473,ovary,GSE158473_0month_DiNP_20ugkgd,Reactome,0.8208149000461854
REACTOME_SIGNALING_BY_CSF1_M_CSF_IN_MYELOID_CELLS,-0.6219085397119478,0.5340020095010938,30,down,preranked_rank_sum,GSE158473,ovary,GSE158473_0month_DiNP_20ugkgd,Reactome,0.8234685658307663
REACTOME_CYTOCHROME_P450_ARRANGED_BY_SUBSTRATE_TYPE,0.6206756678157208,0.5348130421177507,39,up,preranked_rank_sum,GSE158473,ovary,GSE158473_0month_DiNP_20ugkgd,Reactome,0.8234685658307663
REACTOME_TRANSCRIPTIONAL_REGULATION_BY_VENTX,0.62026156728639,0.5350855933920848,36,up,preranked_rank_sum,GSE158473,ovary,GSE158473_0month_DiNP_20ugkgd,Reactome,0.8234685658307663
REACTOME_RHOQ_GTPASE_CYCLE,0.6191735705219599,0.535802020950894,58,up,preranked_rank_sum,GSE158473,ovary,GSE158473_0month_DiNP_20ugkgd,Reactome,0.8237040532389138
REACTOME_TOLL_LIKE_RECEPTOR_9_TLR9_CASCADE,0.6174033642579606,0.5369687035374766,101,up,preranked_rank_sum,GSE158473,ovary,GSE158473_0month_DiNP_20ugkgd,Reactome,0.824630509003982
REACTOME_DNA_DAMAGE_BYPASS,-0.6152912015947312,0.5383624270156789,46,down,preranked_rank_sum,GSE158473,ovary,GSE158473_0month_DiNP_20ugkgd,Reactome,0.8248128285592581
REACTOME_RNA_POLYMERASE_III_TRANSCRIPTION_TERMINATION,0.6143081425773186,0.5390117228606915,21,up,preranked_rank_sum,GSE158473,ovary,GSE158473_0month_DiNP_20ugkgd,Reactome,0.8248128285592581
REACTOME_RHO_GTPASE_EFFECTORS,-0.6136110820684697,0.5394723586345036,248,down,preranked_rank_sum,GSE158473,ovary,GSE158473_0month_DiNP_20ugkgd,Reactome,0.8248128285592581
REACTOME_TRAF6_MEDIATED_NF_KB_ACTIVATION,0.6127495656961398,0.5400419434112326,20,up,preranked_rank_sum,GSE158473,ovary,GSE158473_0month_DiNP_20ugkgd,Reactome,0.8248128285592581
REACTOME_P130CAS_LINKAGE_TO_MAPK_SIGNALING_FOR_INTEGRINS,-0.6123031553598103,0.5403372024110557,14,down,preranked_rank_sum,GSE158473,ovary,GSE158473_0month_DiNP_20ugkgd,Reactome,0.8248128285592581
REACTOME_ISG15_ANTIVIRAL_MECHANISM,-0.6113594957041469,0.5409616112881703,65,down,preranked_rank_sum,GSE158473,ovary,GSE158473_0month_DiNP_20ugkgd,Reactome,0.8248128285592581
REACTOME_GLUTATHIONE_CONJUGATION,-0.6112462098591611,0.5410365954776528,28,down,preranked_rank_sum,GSE158473,ovary,GSE158473_0month_DiNP_20ugkgd,Reactome,0.8248128285592581
REACTOME_TRAFFICKING_OF_GLUR2_CONTAINING_AMPA_RECEPTORS,0.6091038156597209,0.5424556286038618,17,up,preranked_rank_sum,GSE158473,ovary,GSE158473_0month_DiNP_20ugkgd,Reactome,0.8256972155535343
REACTOME_NEUROTRANSMITTER_RELEASE_CYCLE,-0.6080842760680505,0.5431315803468724,39,down,preranked_rank_sum,GSE158473,ovary,GSE158473_0month_DiNP_20ugkgd,Reactome,0.8256972155535343
REACTOME_REGULATION_OF_CDH11_GENE_TRANSCRIPTION,-0.6078137225603323,0.5433110269237346,9,down,preranked_rank_sum,GSE158473,ovary,GSE158473_0month_DiNP_20ugkgd,Reactome,0.8256972155535343
REACTOME_INTERLEUKIN_12_FAMILY_SIGNALING,0.6059769747052758,0.5445300430922808,46,up,preranked_rank_sum,GSE158473,ovary,GSE158473_0month_DiNP_20ugkgd,Reactome,0.8261746699491123
REACTOME_BASE_EXCISION_REPAIR,-0.6050600740298161,0.5451390815625136,44,down,preranked_rank_sum,GSE158473,ovary,GSE158473_0month_DiNP_20ugkgd,Reactome,0.8261746699491123
REACTOME_METALLOPROTEASE_DUBS,0.6041035772862261,0.5457747813474161,20,up,preranked_rank_sum,GSE158473,ovary,GSE158473_0month_DiNP_20ugkgd,Reactome,0.8261746699491123
REACTOME_MEIOTIC_RECOMBINATION,-0.6039369086303252,0.5458855890361439,28,down,preranked_rank_sum,GSE158473,ovary,GSE158473_0month_DiNP_20ugkgd,Reactome,0.8261746699491123
REACTOME_SERINE_METABOLISM,0.6001035149997153,0.5484372501532511,10,up,preranked_rank_sum,GSE158473,ovary,GSE158473_0month_DiNP_20ugkgd,Reactome,0.8278632131192695
REACTOME_ANCHORING_OF_THE_BASAL_BODY_TO_THE_PLASMA_MEMBRANE,0.599867689398157,0.5485944172955745,94,up,preranked_rank_sum,GSE158473,ovary,GSE158473_0month_DiNP_20ugkgd,Reactome,0.8278632131192695
REACTOME_CLEC7A_DECTIN_1_INDUCES_NFAT_ACTIVATION,0.5997092288531978,0.5487000366023065,10,up,preranked_rank_sum,GSE158473,ovary,GSE158473_0month_DiNP_20ugkgd,Reactome,0.8278632131192695
REACTOME_SIGNALING_BY_FGFR2,-0.5954584493019277,0.5515370654691777,60,down,preranked_rank_sum,GSE158473,ovary,GSE158473_0month_DiNP_20ugkgd,Reactome,0.8307517258393763
REACTOME_INFLAMMASOMES,0.5951383805839001,0.5517509752325817,19,up,preranked_rank_sum,GSE158473,ovary,GSE158473_0month_DiNP_20ugkgd,Reactome,0.8307517258393763
REACTOME_DISORDERS_OF_DEVELOPMENTAL_BIOLOGY,0.5938588276728063,0.5526065387322439,17,up,preranked_rank_sum,GSE158473,ovary,GSE158473_0month_DiNP_20ugkgd,Reactome,0.831183909080803
REACTOME_HYALURONAN_DEGRADATION,-0.5915064446617632,0.5541811383134192,14,down,preranked_rank_sum,GSE158473,ovary,GSE158473_0month_DiNP_20ugkgd,Reactome,0.8323389250793541
REACTOME_B_WICH_COMPLEX_POSITIVELY_REGULATES_RRNA_EXPRESSION,-0.589879110890153,0.5552716996477214,30,down,preranked_rank_sum,GSE158473,ovary,GSE158473_0month_DiNP_20ugkgd,Reactome,0.8323389250793541
REACTOME_PHOSPHORYLATION_AND_NUCLEAR_TRANSLOCATION_OF_THE_CRY_PER_KINASE_COMPLEX,0.5898457904853918,0.5552940403394508,13,up,preranked_rank_sum,GSE158473,ovary,GSE158473_0month_DiNP_20ugkgd,Reactome,0.8323389250793541
REACTOME_PLATELET_HOMEOSTASIS,-0.5884477802704748,0.5562317748361691,80,down,preranked_rank_sum,GSE158473,ovary,GSE158473_0month_DiNP_20ugkgd,Reactome,0.8323389250793541
REACTOME_ADP_SIGNALLING_THROUGH_P2Y_PURINOCEPTOR_1,0.5877331497469082,0.5567114212021294,22,up,preranked_rank_sum,GSE158473,ovary,GSE158473_0month_DiNP_20ugkgd,Reactome,0.8323389250793541
REACTOME_IRAK2_MEDIATED_ACTIVATION_OF_TAK1_COMPLEX,0.5876156050106351,0.5567903342870099,9,up,preranked_rank_sum,GSE158473,ovary,GSE158473_0month_DiNP_20ugkgd,Reactome,0.8323389250793541
REACTOME_RIP_MEDIATED_NFKB_ACTIVATION_VIA_ZBP1,0.5854498858863733,0.5582452539049994,17,up,preranked_rank_sum,GSE158473,ovary,GSE158473_0month_DiNP_20ugkgd,Reactome,0.8333836465487736
REACTOME_CARGO_RECOGNITION_FOR_CLATHRIN_MEDIATED_ENDOCYTOSIS,0.5848787367256847,0.5586292569205186,94,up,preranked_rank_sum,GSE158473,ovary,GSE158473_0month_DiNP_20ugkgd,Reactome,0.8333836465487736
REACTOME_BIOTIN_TRANSPORT_AND_METABOLISM,-0.5814076453426268,0.5609657459539207,11,down,preranked_rank_sum,GSE158473,ovary,GSE158473_0month_DiNP_20ugkgd,Reactome,0.8360162289343853
REACTOME_CELL_EXTRACELLULAR_MATRIX_INTERACTIONS,-0.5779483838610661,0.5632989679368359,17,down,preranked_rank_sum,GSE158473,ovary,GSE158473_0month_DiNP_20ugkgd,Reactome,0.8375863391615613
REACTOME_ECM_PROTEOGLYCANS,-0.5765747895189859,0.5642267337233718,66,down,preranked_rank_sum,GSE158473,ovary,GSE158473_0month_DiNP_20ugkgd,Reactome,0.8375863391615613
REACTOME_DISEASES_ASSOCIATED_WITH_GLYCOSAMINOGLYCAN_METABOLISM,0.5761636545121201,0.5645045693164721,37,up,preranked_rank_sum,GSE158473,ovary,GSE158473_0month_DiNP_20ugkgd,Reactome,0.8375863391615613
REACTOME_REGULATION_OF_CDH11_FUNCTION,0.5745657924373739,0.5655849925271612,9,up,preranked_rank_sum,GSE158473,ovary,GSE158473_0month_DiNP_20ugkgd,Reactome,0.8375863391615613
REACTOME_AURKA_ACTIVATION_BY_TPX2,-0.5737696266981634,0.5661237048634614,70,down,preranked_rank_sum,GSE158473,ovary,GSE158473_0month_DiNP_20ugkgd,Reactome,0.8375863391615613
REACTOME_NUCLEAR_SIGNALING_BY_ERBB4,-0.5732378434692148,0.5664836642875718,28,down,preranked_rank_sum,GSE158473,ovary,GSE158473_0month_DiNP_20ugkgd,Reactome,0.8375863391615613
REACTOME_REGULATION_OF_MITF_M_DEPENDENT_GENES_INVOLVED_IN_PIGMENTATION,0.5730859668166385,0.5665864884179883,37,up,preranked_rank_sum,GSE158473,ovary,GSE158473_0month_DiNP_20ugkgd,Reactome,0.8375863391615613
REACTOME_PLATELET_ADHESION_TO_EXPOSED_COLLAGEN,-0.5729815968758485,0.5666571545556462,12,down,preranked_rank_sum,GSE158473,ovary,GSE158473_0month_DiNP_20ugkgd,Reactome,0.8375863391615613
REACTOME_SIGNALING_BY_FGFR_IN_DISEASE,0.5722163265127977,0.5671754280232186,52,up,preranked_rank_sum,GSE158473,ovary,GSE158473_0month_DiNP_20ugkgd,Reactome,0.8375863391615613
REACTOME_NEGATIVE_REGULATION_OF_MAPK_PATHWAY,0.5705750668775819,0.5682877237123076,41,up,preranked_rank_sum,GSE158473,ovary,GSE158473_0month_DiNP_20ugkgd,Reactome,0.838382090885362
REACTOME_BACTERIAL_INFECTION_PATHWAYS,-0.5693599327745441,0.5691119019817698,92,down,preranked_rank_sum,GSE158473,ovary,GSE158473_0month_DiNP_20ugkgd,Reactome,0.8387516136061969
REACTOME_RHOA_GTPASE_CYCLE,0.5664161963131173,0.571110887189163,144,up,preranked_rank_sum,GSE158473,ovary,GSE158473_0month_DiNP_20ugkgd,Reactome,0.8400871535884229
REACTOME_PLATELET_SENSITIZATION_BY_LDL,0.566333154918655,0.571167326037546,17,up,preranked_rank_sum,GSE158473,ovary,GSE158473_0month_DiNP_20ugkgd,Reactome,0.8400871535884229
REACTOME_SYNTHESIS_OF_BILE_ACIDS_AND_BILE_SALTS_VIA_7ALPHA_HYDROXYCHOLESTEROL,0.5635169150534565,0.5730829451924186,15,up,preranked_rank_sum,GSE158473,ovary,GSE158473_0month_DiNP_20ugkgd,Reactome,0.8409079475219249
REACTOME_MITOCHONDRIAL_MRNA_MODIFICATION,0.5634349033735828,0.5731387755504193,10,up,preranked_rank_sum,GSE158473,ovary,GSE158473_0month_DiNP_20ugkgd,Reactome,0.8409079475219249
REACTOME_SIGNALING_BY_FLT3_FUSION_PROTEINS,-0.5629764718490425,0.5734509053894385,19,down,preranked_rank_sum,GSE158473,ovary,GSE158473_0month_DiNP_20ugkgd,Reactome,0.8409079475219249
REACTOME_PROTEIN_METHYLATION,-0.5612469568091613,0.5746291960763277,12,down,preranked_rank_sum,GSE158473,ovary,GSE158473_0month_DiNP_20ugkgd,Reactome,0.8417914675987886
REACTOME_DNA_DOUBLE_STRAND_BREAK_RESPONSE,-0.5602339955294849,0.5753198417764855,43,down,preranked_rank_sum,GSE158473,ovary,GSE158473_0month_DiNP_20ugkgd,Reactome,0.8419595682454672
REACTOME_PROTEIN_HYDROXYLATION,0.5593039634006108,0.5759542908998708,18,up,preranked_rank_sum,GSE158473,ovary,GSE158473_0month_DiNP_20ugkgd,Reactome,0.8420451732956111
REACTOME_GABA_B_RECEPTOR_ACTIVATION,-0.5561438345166224,0.57811253116976,34,down,preranked_rank_sum,GSE158473,ovary,GSE158473_0month_DiNP_20ugkgd,Reactome,0.8429828988565856
REACTOME_REGULATION_OF_PLK1_ACTIVITY_AT_G2_M_TRANSITION,-0.5560835781840483,0.5781537207407033,83,down,preranked_rank_sum,GSE158473,ovary,GSE158473_0month_DiNP_20ugkgd,Reactome,0.8429828988565856
REACTOME_REACTIONS_SPECIFIC_TO_THE_COMPLEX_N_GLYCAN_SYNTHESIS_PATHWAY,0.5557935914520243,0.5783519669937477,7,up,preranked_rank_sum,GSE158473,ovary,GSE158473_0month_DiNP_20ugkgd,Reactome,0.8429828988565856
REACTOME_DNA_DAMAGE_RECOGNITION_IN_GG_NER,0.5549891631672069,0.5789020728125936,37,up,preranked_rank_sum,GSE158473,ovary,GSE158473_0month_DiNP_20ugkgd,Reactome,0.8429828988565856
REACTOME_STRAND_ASYNCHRONOUS_MITOCHONDRIAL_DNA_REPLICATION,-0.5527891774176089,0.5804077801568406,10,down,preranked_rank_sum,GSE158473,ovary,GSE158473_0month_DiNP_20ugkgd,Reactome,0.8443345020789064
REACTOME_ORGANIC_ANION_TRANSPORT_BY_SLCO_TRANSPORTERS,-0.5516995538403523,0.5811542156992897,6,down,preranked_rank_sum,GSE158473,ovary,GSE158473_0month_DiNP_20ugkgd,Reactome,0.8445799834516516
REACTOME_GENE_SILENCING_BY_RNA,-0.5496858668834292,0.582534852231055,49,down,preranked_rank_sum,GSE158473,ovary,GSE158473_0month_DiNP_20ugkgd,Reactome,0.8457457338250272
REACTOME_INSERTION_OF_TAIL_ANCHORED_PROTEINS_INTO_THE_ENDOPLASMIC_RETICULUM_MEMBRANE,0.5461475646546112,0.5849645064107095,20,up,preranked_rank_sum,GSE158473,ovary,GSE158473_0month_DiNP_20ugkgd,Reactome,0.848430663067914
REACTOME_NRAGE_SIGNALS_DEATH_THROUGH_JNK,0.5448387856915653,0.5858644005086029,56,up,preranked_rank_sum,GSE158473,ovary,GSE158473_0month_DiNP_20ugkgd,Reactome,0.8488937101522075
REACTOME_NEUREXINS_AND_NEUROLIGINS,-0.5433358597896012,0.5868985784826549,49,down,preranked_rank_sum,GSE158473,ovary,GSE158473_0month_DiNP_20ugkgd,Reactome,0.8491297830248836
REACTOME_GRB2_SOS_PROVIDES_LINKAGE_TO_MAPK_SIGNALING_FOR_INTEGRINS,-0.5429141302422876,0.5871889265650871,14,down,preranked_rank_sum,GSE158473,ovary,GSE158473_0month_DiNP_20ugkgd,Reactome,0.8491297830248836
REACTOME_ERBB2_REGULATES_CELL_MOTILITY,-0.5418419231623942,0.5879274081354346,13,down,preranked_rank_sum,GSE158473,ovary,GSE158473_0month_DiNP_20ugkgd,Reactome,0.8493575797371595
REACTOME_DETOXIFICATION_OF_REACTIVE_OXYGEN_SPECIES,0.5398317034661353,0.5893131010538467,33,up,preranked_rank_sum,GSE158473,ovary,GSE158473_0month_DiNP_20ugkgd,Reactome,0.8495173769940377
REACTOME_CONDENSATION_OF_PROPHASE_CHROMOSOMES,-0.5387235875526759,0.5900775956053512,15,down,preranked_rank_sum,GSE158473,ovary,GSE158473_0month_DiNP_20ugkgd,Reactome,0.8495173769940377
REACTOME_MITOCHONDRIAL_RNA_DEGRADATION,0.5383583044550665,0.5903297062685984,10,up,preranked_rank_sum,GSE158473,ovary,GSE158473_0month_DiNP_20ugkgd,Reactome,0.8495173769940377
REACTOME_RHO_GTPASES_ACTIVATE_PKNS,-0.5383111119711198,0.5903622811394954,33,down,preranked_rank_sum,GSE158473,ovary,GSE158473_0month_DiNP_20ugkgd,Reactome,0.8495173769940377
REACTOME_VITAMIN_B5_PANTOTHENATE_METABOLISM,0.5356689173281789,0.5921873891669249,18,up,preranked_rank_sum,GSE158473,ovary,GSE158473_0month_DiNP_20ugkgd,Reactome,0.850387636954288
REACTOME_IL_6_TYPE_CYTOKINE_RECEPTOR_LIGAND_INTERACTIONS,-0.5347308958512514,0.5928359540154244,15,down,preranked_rank_sum,GSE158473,ovary,GSE158473_0month_DiNP_20ugkgd,Reactome,0.850387636954288
REACTOME_FERTILIZATION,-0.5334723728078081,0.5937066304729792,13,down,preranked_rank_sum,GSE158473,ovary,GSE158473_0month_DiNP_20ugkgd,Reactome,0.850387636954288
REACTOME_SUMOYLATION_OF_CHROMATIN_ORGANIZATION_PROTEINS,-0.5327292667119424,0.5942210037476968,53,down,preranked_rank_sum,GSE158473,ovary,GSE158473_0month_DiNP_20ugkgd,Reactome,0.850387636954288
REACTOME_NEGATIVE_EPIGENETIC_REGULATION_OF_RRNA_EXPRESSION,-0.5323357523660043,0.5944934743509581,47,down,preranked_rank_sum,GSE158473,ovary,GSE158473_0month_DiNP_20ugkgd,Reactome,0.850387636954288
REACTOME_ADENYLATE_CYCLASE_INHIBITORY_PATHWAY,0.531874360814018,0.5948130160508588,12,up,preranked_rank_sum,GSE158473,ovary,GSE158473_0month_DiNP_20ugkgd,Reactome,0.850387636954288
REACTOME_SIGNALING_BY_FGFR2_IIIA_TM,-0.5310242192194173,0.5954019961345489,18,down,preranked_rank_sum,GSE158473,ovary,GSE158473_0month_DiNP_20ugkgd,Reactome,0.850387636954288
REACTOME_RUNX3_REGULATES_P14_ARF,0.530709153212626,0.5956203421622372,10,up,preranked_rank_sum,GSE158473,ovary,GSE158473_0month_DiNP_20ugkgd,Reactome,0.850387636954288
REACTOME_SHC1_EVENTS_IN_EGFR_SIGNALING,-0.5293546528242384,0.5965594493573966,12,down,preranked_rank_sum,GSE158473,ovary,GSE158473_0month_DiNP_20ugkgd,Reactome,0.8508974780102574
REACTOME_METABOLISM_OF_NITRIC_OXIDE_NOS3_ACTIVATION_AND_REGULATION,0.5282765305790851,0.5973074185512591,16,up,preranked_rank_sum,GSE158473,ovary,GSE158473_0month_DiNP_20ugkgd,Reactome,0.8511339628868819
REACTOME_ACYL_CHAIN_REMODELLING_OF_PE,-0.5252856313300454,0.5993846444869613,20,down,preranked_rank_sum,GSE158473,ovary,GSE158473_0month_DiNP_20ugkgd,Reactome,0.8523455438784713
REACTOME_PI_3K_CASCADE_FGFR2,0.5247836645055286,0.599733588671555,14,up,preranked_rank_sum,GSE158473,ovary,GSE158473_0month_DiNP_20ugkgd,Reactome,0.8523455438784713
REACTOME_TELOMERE_MAINTENANCE,-0.5243514173343491,0.6000341406371186,64,down,preranked_rank_sum,GSE158473,ovary,GSE158473_0month_DiNP_20ugkgd,Reactome,0.8523455438784713
REACTOME_SCAVENGING_BY_CLASS_B_RECEPTORS,0.5236964593492477,0.6004896786558314,9,up,preranked_rank_sum,GSE158473,ovary,GSE158473_0month_DiNP_20ugkgd,Reactome,0.8523455438784713
REACTOME_NON_CANONICAL_INFLAMMASOME_ACTIVATION,0.5218995874755531,0.601740245555321,8,up,preranked_rank_sum,GSE158473,ovary,GSE158473_0month_DiNP_20ugkgd,Reactome,0.8532921813791264
REACTOME_RECRUITMENT_OF_MITOTIC_CENTROSOME_PROTEINS_AND_COMPLEXES,0.5177366330249857,0.6046420353383047,77,up,preranked_rank_sum,GSE158473,ovary,GSE158473_0month_DiNP_20ugkgd,Reactome,0.8557730549293286
REACTOME_MITOCHONDRIAL_PROTEIN_IMPORT,0.5169342813211586,0.6052020358431709,56,up,preranked_rank_sum,GSE158473,ovary,GSE158473_0month_DiNP_20ugkgd,Reactome,0.8557730549293286
REACTOME_PI_3K_CASCADE_FGFR1,0.5168716117739185,0.6052457857708111,13,up,preranked_rank_sum,GSE158473,ovary,GSE158473_0month_DiNP_20ugkgd,Reactome,0.8557730549293286
REACTOME_DOWNREGULATION_OF_SMAD2_3_SMAD4_TRANSCRIPTIONAL_ACTIVITY,0.515565098934594,0.6061581915387954,28,up,preranked_rank_sum,GSE158473,ovary,GSE158473_0month_DiNP_20ugkgd,Reactome,0.8562350493040761
REACTOME_FGFR2_MUTANT_RECEPTOR_ACTIVATION,-0.5113951331921712,0.6090744020974819,23,down,preranked_rank_sum,GSE158473,ovary,GSE158473_0month_DiNP_20ugkgd,Reactome,0.8595239149290719
REACTOME_NON_INTEGRIN_MEMBRANE_ECM_INTERACTIONS,-0.5081812060095809,0.6113262697746318,74,down,preranked_rank_sum,GSE158473,ovary,GSE158473_0month_DiNP_20ugkgd,Reactome,0.8603380786620107
REACTOME_ACTIVATION_OF_NMDA_RECEPTORS_AND_POSTSYNAPTIC_EVENTS,0.5078231636974831,0.6115773636069268,77,up,preranked_rank_sum,GSE158473,ovary,GSE158473_0month_DiNP_20ugkgd,Reactome,0.8603380786620107
REACTOME_PLATELET_ACTIVATION_SIGNALING_AND_AGGREGATION,-0.5074591915053971,0.6118326628424993,239,down,preranked_rank_sum,GSE158473,ovary,GSE158473_0month_DiNP_20ugkgd,Reactome,0.8603380786620107
REACTOME_SIGNALING_BY_NTRKS,-0.5072132492808179,0.6120051995954112,128,down,preranked_rank_sum,GSE158473,ovary,GSE158473_0month_DiNP_20ugkgd,Reactome,0.8603380786620107
REACTOME_ANCHORING_FIBRIL_FORMATION,0.5047201711718358,0.6137553914867537,14,up,preranked_rank_sum,GSE158473,ovary,GSE158473_0month_DiNP_20ugkgd,Reactome,0.8611868966123296
REACTOME_FRS_MEDIATED_FGFR1_SIGNALING,-0.5035621412788416,0.6145691022092808,15,down,preranked_rank_sum,GSE158473,ovary,GSE158473_0month_DiNP_20ugkgd,Reactome,0.8611868966123296
REACTOME_REGULATION_OF_TBK1_IKK_MEDIATED_ACTIVATION_OF_IRF3_IRF7_UPON_TLR3_LIGATION,-0.5033456946443078,0.6147212450387872,10,down,preranked_rank_sum,GSE158473,ovary,GSE158473_0month_DiNP_20ugkgd,Reactome,0.8611868966123296
REACTOME_PHOSPHORYLATION_OF_THE_APC_C,0.5020863101161448,0.6156068095605426,19,up,preranked_rank_sum,GSE158473,ovary,GSE158473_0month_DiNP_20ugkgd,Reactome,0.8611868966123296
REACTOME_RNA_POLYMERASE_I_TRANSCRIPTION,-0.5017754201024678,0.6158255051025727,49,down,preranked_rank_sum,GSE158473,ovary,GSE158473_0month_DiNP_20ugkgd,Reactome,0.8611868966123296
REACTOME_GLUCAGON_SIGNALING_IN_METABOLIC_REGULATION,0.5013237507338946,0.6161432926515026,28,up,preranked_rank_sum,GSE158473,ovary,GSE158473_0month_DiNP_20ugkgd,Reactome,0.8611868966123296
REACTOME_DECTIN_1_MEDIATED_NONCANONICAL_NF_KB_SIGNALING,-0.49944606782654266,0.6174651720743296,47,down,preranked_rank_sum,GSE158473,ovary,GSE158473_0month_DiNP_20ugkgd,Reactome,0.8621735044697397
REACTOME_CLEC7A_DECTIN_1_SIGNALING,0.49826234184171353,0.6182991468872668,84,up,preranked_rank_sum,GSE158473,ovary,GSE158473_0month_DiNP_20ugkgd,Reactome,0.8621735044697397
REACTOME_THE_PHOTOTRANSDUCTION_CASCADE,0.4971572037406382,0.6190781980215134,24,up,preranked_rank_sum,GSE158473,ovary,GSE158473_0month_DiNP_20ugkgd,Reactome,0.8621735044697397
REACTOME_NEPHRIN_FAMILY_INTERACTIONS,0.49557837528934556,0.6201919128983169,21,up,preranked_rank_sum,GSE158473,ovary,GSE158473_0month_DiNP_20ugkgd,Reactome,0.8621735044697397
REACTOME_G_ALPHA_12_13_SIGNALLING_EVENTS,0.4954921576782509,0.6202527564296588,75,up,preranked_rank_sum,GSE158473,ovary,GSE158473_0month_DiNP_20ugkgd,Reactome,0.8621735044697397
REACTOME_PROGRAMMED_CELL_DEATH,-0.495088610324753,0.6205375732385243,176,down,preranked_rank_sum,GSE158473,ovary,GSE158473_0month_DiNP_20ugkgd,Reactome,0.8621735044697397
REACTOME_NEUROTRANSMITTER_CLEARANCE,0.493475910888935,0.6216763566755212,6,up,preranked_rank_sum,GSE158473,ovary,GSE158473_0month_DiNP_20ugkgd,Reactome,0.8621735044697397
REACTOME_NUCLEOTIDE_EXCISION_REPAIR,0.4932672433009212,0.621823770444431,104,up,preranked_rank_sum,GSE158473,ovary,GSE158473_0month_DiNP_20ugkgd,Reactome,0.8621735044697397
REACTOME_INTERLEUKIN_1_FAMILY_SIGNALING,-0.4927960994805825,0.6221566670421173,123,down,preranked_rank_sum,GSE158473,ovary,GSE158473_0month_DiNP_20ugkgd,Reactome,0.8621735044697397
REACTOME_CHONDROITIN_SULFATE_DERMATAN_SULFATE_METABOLISM,0.49078312988282863,0.623579843122624,34,up,preranked_rank_sum,GSE158473,ovary,GSE158473_0month_DiNP_20ugkgd,Reactome,0.8633273964443905
REACTOME_NEUROTRANSMITTER_RECEPTORS_AND_POSTSYNAPTIC_SIGNAL_TRANSMISSION,0.4890528228302045,0.6248043002942656,155,up,preranked_rank_sum,GSE158473,ovary,GSE158473_0month_DiNP_20ugkgd,Reactome,0.8641007320499904
REACTOME_GENERATION_OF_SECOND_MESSENGER_MOLECULES,0.48832380523315505,0.6253205024000614,22,up,preranked_rank_sum,GSE158473,ovary,GSE158473_0month_DiNP_20ugkgd,Reactome,0.8641007320499904
REACTOME_INTEGRIN_SIGNALING,-0.48385323326013463,0.6284900325071731,26,down,preranked_rank_sum,GSE158473,ovary,GSE158473_0month_DiNP_20ugkgd,Reactome,0.8671180693309296
REACTOME_PI3K_AKT_SIGNALING_IN_CANCER,0.48285347035286386,0.6291997816177688,96,up,preranked_rank_sum,GSE158473,ovary,GSE158473_0month_DiNP_20ugkgd,Reactome,0.8671180693309296
REACTOME_NEDDYLATION,0.48273577313710603,0.6292833594802437,216,up,preranked_rank_sum,GSE158473,ovary,GSE158473_0month_DiNP_20ugkgd,Reactome,0.8671180693309296
REACTOME_TELOMERE_EXTENSION_BY_TELOMERASE,-0.48045190422297024,0.6309060945896405,22,down,preranked_rank_sum,GSE158473,ovary,GSE158473_0month_DiNP_20ugkgd,Reactome,0.8685355087476972
REACTOME_PTK6_REGULATES_RHO_GTPASES_RAS_GTPASE_AND_MAP_KINASES,-0.479589069285308,0.6315196203157841,13,down,preranked_rank_sum,GSE158473,ovary,GSE158473_0month_DiNP_20ugkgd,Reactome,0.8685622623722261
REACTOME_KILLING_MECHANISMS,0.478505667413702,0.6322903414926598,10,up,preranked_rank_sum,GSE158473,ovary,GSE158473_0month_DiNP_20ugkgd,Reactome,0.8688016975694255
REACTOME_GLYOXYLATE_METABOLISM_AND_GLYCINE_DEGRADATION,0.4776740434728317,0.6328822215536513,15,up,preranked_rank_sum,GSE158473,ovary,GSE158473_0month_DiNP_20ugkgd,Reactome,0.8688016975694255
REACTOME_P2Y_RECEPTORS,-0.4758194399721877,0.6342030190732542,9,down,preranked_rank_sum,GSE158473,ovary,GSE158473_0month_DiNP_20ugkgd,Reactome,0.8691929101819639
REACTOME_COLLAGEN_FORMATION,-0.47560438838309993,0.6343562484022951,77,down,preranked_rank_sum,GSE158473,ovary,GSE158473_0month_DiNP_20ugkgd,Reactome,0.8691929101819639
REACTOME_ASSEMBLY_OF_ACTIVE_LPL_AND_LIPC_LIPASE_COMPLEXES,-0.47387454653115363,0.6355893711349131,15,down,preranked_rank_sum,GSE158473,ovary,GSE158473_0month_DiNP_20ugkgd,Reactome,0.870067097939366
REACTOME_SHC_MEDIATED_CASCADE_FGFR3,-0.4709694191182059,0.6376625733141408,12,down,preranked_rank_sum,GSE158473,ovary,GSE158473_0month_DiNP_20ugkgd,Reactome,0.8717954809825947
REACTOME_MITF_M_REGULATED_MELANOCYTE_DEVELOPMENT,-0.4698926752225185,0.6384316977560052,132,down,preranked_rank_sum,GSE158473,ovary,GSE158473_0month_DiNP_20ugkgd,Reactome,0.8717954809825947
REACTOME_STAT3_NUCLEAR_EVENTS_DOWNSTREAM_OF_ALK_SIGNALING,-0.46959992874068873,0.6386408756035287,11,down,preranked_rank_sum,GSE158473,ovary,GSE158473_0month_DiNP_20ugkgd,Reactome,0.8717954809825947
REACTOME_PI3K_EVENTS_IN_ERBB2_SIGNALING,-0.4654597141168686,0.6416022801072003,14,down,preranked_rank_sum,GSE158473,ovary,GSE158473_0month_DiNP_20ugkgd,Reactome,0.8747607267917391
REACTOME_SIGNALING_BY_RHO_GTPASES_MIRO_GTPASES_AND_RHOBTB3,-0.46442274002491385,0.6423449009912217,627,down,preranked_rank_sum,GSE158473,ovary,GSE158473_0month_DiNP_20ugkgd,Reactome,0.8747607267917391
REACTOME_PROTEIN_FOLDING,-0.4632412116180771,0.6431914792864397,86,down,preranked_rank_sum,GSE158473,ovary,GSE158473_0month_DiNP_20ugkgd,Reactome,0.8747607267917391
REACTOME_FRS_MEDIATED_FGFR2_SIGNALING,-0.4626160977769396,0.6436395678699248,16,down,preranked_rank_sum,GSE158473,ovary,GSE158473_0month_DiNP_20ugkgd,Reactome,0.8747607267917391
REACTOME_RHOU_GTPASE_CYCLE,0.46189286651138894,0.6441581498200332,40,up,preranked_rank_sum,GSE158473,ovary,GSE158473_0month_DiNP_20ugkgd,Reactome,0.8747607267917391
REACTOME_INTERLEUKIN_27_SIGNALING,0.46155136311344724,0.644403079859578,10,up,preranked_rank_sum,GSE158473,ovary,GSE158473_0month_DiNP_20ugkgd,Reactome,0.8747607267917391
REACTOME_SUMOYLATION_OF_INTRACELLULAR_RECEPTORS,-0.4605768079082843,0.6451022539291454,30,down,preranked_rank_sum,GSE158473,ovary,GSE158473_0month_DiNP_20ugkgd,Reactome,0.8748974909502882
REACTOME_LGI_ADAM_INTERACTIONS,-0.4565920370311156,0.647964303790656,11,down,preranked_rank_sum,GSE158473,ovary,GSE158473_0month_DiNP_20ugkgd,Reactome,0.8776202387598765
REACTOME_REGULATION_OF_TP53_ACTIVITY,-0.45611061644661594,0.6483104362932056,151,down,preranked_rank_sum,GSE158473,ovary,GSE158473_0month_DiNP_20ugkgd,Reactome,0.8776202387598765
REACTOME_RHOB_GTPASE_CYCLE,0.45501173104782866,0.649100799256549,69,up,preranked_rank_sum,GSE158473,ovary,GSE158473_0month_DiNP_20ugkgd,Reactome,0.877727773185113
REACTOME_SPHINGOLIPID_DE_NOVO_BIOSYNTHESIS,0.4543310159749797,0.6495905954762601,33,up,preranked_rank_sum,GSE158473,ovary,GSE158473_0month_DiNP_20ugkgd,Reactome,0.877727773185113
REACTOME_INTRACELLULAR_SIGNALING_BY_SECOND_MESSENGERS,0.4532585124760534,0.6503626032954648,278,up,preranked_rank_sum,GSE158473,ovary,GSE158473_0month_DiNP_20ugkgd,Reactome,0.8779594884745794
REACTOME_DEVELOPMENTAL_LINEAGE_OF_PANCREATIC_DUCTAL_CELLS,-0.4485515753747585,0.653755172908211,40,down,preranked_rank_sum,GSE158473,ovary,GSE158473_0month_DiNP_20ugkgd,Reactome,0.8801527510091116
REACTOME_METABOLISM_OF_STEROID_HORMONES,0.44829332793688376,0.6539415152416467,23,up,preranked_rank_sum,GSE158473,ovary,GSE158473_0month_DiNP_20ugkgd,Reactome,0.8801527510091116
REACTOME_ADVANCED_GLYCOSYLATION_ENDPRODUCT_RECEPTOR_SIGNALING,-0.4476724907560294,0.6543895779290658,10,down,preranked_rank_sum,GSE158473,ovary,GSE158473_0month_DiNP_20ugkgd,Reactome,0.8801527510091116
REACTOME_GAB1_SIGNALOSOME,0.4476644574588998,0.6543953764342711,15,up,preranked_rank_sum,GSE158473,ovary,GSE158473_0month_DiNP_20ugkgd,Reactome,0.8801527510091116
REACTOME_SPECIFICATION_OF_PRIMORDIAL_GERM_CELLS,-0.44647814163867694,0.6552518984839306,9,down,preranked_rank_sum,GSE158473,ovary,GSE158473_0month_DiNP_20ugkgd,Reactome,0.8804947385877818
REACTOME_THE_NLRP3_INFLAMMASOME,0.44459634729478925,0.6566114876507437,14,up,preranked_rank_sum,GSE158473,ovary,GSE158473_0month_DiNP_20ugkgd,Reactome,0.8815114737790518
REACTOME_FCGR_ACTIVATION,0.4424562934392095,0.6581590510452833,11,up,preranked_rank_sum,GSE158473,ovary,GSE158473_0month_DiNP_20ugkgd,Reactome,0.881575826444175
REACTOME_CLASS_C_3_METABOTROPIC_GLUTAMATE_PHEROMONE_RECEPTORS,-0.44061725307479976,0.6594901103132589,8,down,preranked_rank_sum,GSE158473,ovary,GSE158473_0month_DiNP_20ugkgd,Reactome,0.881575826444175
REACTOME_REGULATION_OF_TP53_ACTIVITY_THROUGH_ACETYLATION,-0.43970984005567826,0.6601472748086697,30,down,preranked_rank_sum,GSE158473,ovary,GSE158473_0month_DiNP_20ugkgd,Reactome,0.881575826444175
REACTOME_NOREPINEPHRINE_NEUROTRANSMITTER_RELEASE_CYCLE,-0.4394198195220506,0.6603573681156143,16,down,preranked_rank_sum,GSE158473,ovary,GSE158473_0month_DiNP_20ugkgd,Reactome,0.881575826444175
REACTOME_CELL_SURFACE_INTERACTIONS_AT_THE_VASCULAR_WALL,-0.4384141355733212,0.6610861013211109,102,down,preranked_rank_sum,GSE158473,ovary,GSE158473_0month_DiNP_20ugkgd,Reactome,0.881575826444175
REACTOME_SEROTONIN_NEUROTRANSMITTER_RELEASE_CYCLE,-0.4377187015155627,0.6615902109346974,18,down,preranked_rank_sum,GSE158473,ovary,GSE158473_0month_DiNP_20ugkgd,Reactome,0.881575826444175
REACTOME_ADIPOGENESIS,-0.43699916626241736,0.6621119526844761,103,down,preranked_rank_sum,GSE158473,ovary,GSE158473_0month_DiNP_20ugkgd,Reactome,0.881575826444175
REACTOME_NR1H3_NR1H2_REGULATE_GENE_EXPRESSION_LINKED_TO_CHOLESTEROL_TRANSPORT_AND_EFFLUX,0.43566024818876514,0.6630832512846996,32,up,preranked_rank_sum,GSE158473,ovary,GSE158473_0month_DiNP_20ugkgd,Reactome,0.881575826444175
REACTOME_SIGNALING_BY_ALK,-0.43508869874106454,0.663498046181052,27,down,preranked_rank_sum,GSE158473,ovary,GSE158473_0month_DiNP_20ugkgd,Reactome,0.881575826444175
REACTOME_ZBP1_DAI_MEDIATED_INDUCTION_OF_TYPE_I_IFNS,0.43302885552140374,0.6649938068196537,21,up,preranked_rank_sum,GSE158473,ovary,GSE158473_0month_DiNP_20ugkgd,Reactome,0.881575826444175
REACTOME_TRANSCRIPTION_COUPLED_NUCLEOTIDE_EXCISION_REPAIR_TC_NER,0.4329470386109471,0.6650532459825726,72,up,preranked_rank_sum,GSE158473,ovary,GSE158473_0month_DiNP_20ugkgd,Reactome,0.881575826444175
REACTOME_FORMATION_OF_THE_EARLY_ELONGATION_COMPLEX,0.43125296557860965,0.6662844456726993,31,up,preranked_rank_sum,GSE158473,ovary,GSE158473_0month_DiNP_20ugkgd,Reactome,0.881575826444175
REACTOME_BIOSYNTHESIS_OF_THE_N_GLYCAN_PRECURSOR_DOLICHOL_LIPID_LINKED_OLIGOSACCHARIDE_LLO_AND_TRANSFER_TO_A_NASCENT_PROTEIN,0.4301018356259898,0.6671215648085822,69,up,preranked_rank_sum,GSE158473,ovary,GSE158473_0month_DiNP_20ugkgd,Reactome,0.881575826444175
REACTOME_SIGNALING_BY_RECEPTOR_TYROSINE_KINASES,0.42896499248235825,0.6679487012412644,484,up,preranked_rank_sum,GSE158473,ovary,GSE158473_0month_DiNP_20ugkgd,Reactome,0.881575826444175
REACTOME_COPII_MEDIATED_VESICLE_TRANSPORT,0.42888482256594945,0.6680070459513553,62,up,preranked_rank_sum,GSE158473,ovary,GSE158473_0month_DiNP_20ugkgd,Reactome,0.881575826444175
REACTOME_REGULATION_OF_INNATE_IMMUNE_RESPONSES_TO_CYTOSOLIC_DNA,-0.42743501170383796,0.669062510738567,13,down,preranked_rank_sum,GSE158473,ovary,GSE158473_0month_DiNP_20ugkgd,Reactome,0.881575826444175
REACTOME_SIGNALLING_TO_ERKS,0.4270573369587085,0.6693375660908236,32,up,preranked_rank_sum,GSE158473,ovary,GSE158473_0month_DiNP_20ugkgd,Reactome,0.881575826444175
REACTOME_LATE_SARS_COV_2_INFECTION_EVENTS,-0.4268527188318369,0.6694866052067123,69,down,preranked_rank_sum,GSE158473,ovary,GSE158473_0month_DiNP_20ugkgd,Reactome,0.881575826444175
REACTOME_VLDLR_INTERNALISATION_AND_DEGRADATION,0.42647743214005096,0.669759989191479,15,up,preranked_rank_sum,GSE158473,ovary,GSE158473_0month_DiNP_20ugkgd,Reactome,0.881575826444175
REACTOME_RHOD_GTPASE_CYCLE,0.4253570891461388,0.670576382316703,50,up,preranked_rank_sum,GSE158473,ovary,GSE158473_0month_DiNP_20ugkgd,Reactome,0.881575826444175
REACTOME_BASE_EXCISION_REPAIR_AP_SITE_FORMATION,-0.4228439088381366,0.6724091492694682,18,down,preranked_rank_sum,GSE158473,ovary,GSE158473_0month_DiNP_20ugkgd,Reactome,0.881575826444175
REACTOME_MITOCHONDRIAL_FATTY_ACID_BETA_OXIDATION_OF_SATURATED_FATTY_ACIDS,-0.42204389123238845,0.6729929810741815,10,down,preranked_rank_sum,GSE158473,ovary,GSE158473_0month_DiNP_20ugkgd,Reactome,0.881575826444175
REACTOME_EGR2_AND_SOX10_MEDIATED_INITIATION_OF_SCHWANN_CELL_MYELINATION,-0.4219349473722386,0.6730725006968322,25,down,preranked_rank_sum,GSE158473,ovary,GSE158473_0month_DiNP_20ugkgd,Reactome,0.881575826444175
REACTOME_REVERSIBLE_HYDRATION_OF_CARBON_DIOXIDE,-0.4186530303723375,0.6754697272401187,10,down,preranked_rank_sum,GSE158473,ovary,GSE158473_0month_DiNP_20ugkgd,Reactome,0.881575826444175
REACTOME_PROTEASOME_ASSEMBLY,-0.41829644225677165,0.6757303905224264,51,down,preranked_rank_sum,GSE158473,ovary,GSE158473_0month_DiNP_20ugkgd,Reactome,0.881575826444175
REACTOME_RHOBTB3_ATPASE_CYCLE,-0.41805116138354753,0.6759097116049781,9,down,preranked_rank_sum,GSE158473,ovary,GSE158473_0month_DiNP_20ugkgd,Reactome,0.881575826444175
REACTOME_METABOLISM_OF_AMINE_DERIVED_HORMONES,-0.41696684089848524,0.6767026618782872,11,down,preranked_rank_sum,GSE158473,ovary,GSE158473_0month_DiNP_20ugkgd,Reactome,0.881575826444175
REACTOME_ASSEMBLY_OF_THE_ORC_COMPLEX_AT_THE_ORIGIN_OF_REPLICATION,-0.41651570014555206,0.6770326812578366,11,down,preranked_rank_sum,GSE158473,ovary,GSE158473_0month_DiNP_20ugkgd,Reactome,0.881575826444175
REACTOME_HDACS_DEACETYLATE_HISTONES,-0.4160990012431621,0.6773375607651688,33,down,preranked_rank_sum,GSE158473,ovary,GSE158473_0month_DiNP_20ugkgd,Reactome,0.881575826444175
REACTOME_FORMATION_OF_DEFINITIVE_ENDODERM,-0.4153878482632191,0.6778580009176578,11,down,preranked_rank_sum,GSE158473,ovary,GSE158473_0month_DiNP_20ugkgd,Reactome,0.881575826444175
REACTOME_OTHER_SEMAPHORIN_INTERACTIONS,0.4148714544009793,0.6782360076846985,19,up,preranked_rank_sum,GSE158473,ovary,GSE158473_0month_DiNP_20ugkgd,Reactome,0.881575826444175
REACTOME_RMTS_METHYLATE_HISTONE_ARGININES,0.4140092940963389,0.6788673002644797,29,up,preranked_rank_sum,GSE158473,ovary,GSE158473_0month_DiNP_20ugkgd,Reactome,0.881575826444175
REACTOME_RESPIRATORY_SYNCYTIAL_VIRUS_RSV_GENOME_REPLICATION_TRANSCRIPTION_AND_TRANSLATION,-0.413533383237046,0.6792158691402113,15,down,preranked_rank_sum,GSE158473,ovary,GSE158473_0month_DiNP_20ugkgd,Reactome,0.881575826444175
REACTOME_FRS_MEDIATED_FGFR4_SIGNALING,0.4133346251236864,0.6793614648082327,14,up,preranked_rank_sum,GSE158473,ovary,GSE158473_0month_DiNP_20ugkgd,Reactome,0.881575826444175
REACTOME_FORMATION_OF_THE_BETA_CATENIN_TCF_TRANSACTIVATING_COMPLEX,0.4131353628399341,0.6795074418018865,35,up,preranked_rank_sum,GSE158473,ovary,GSE158473_0month_DiNP_20ugkgd,Reactome,0.881575826444175
REACTOME_ACTIVATION_OF_THE_PHOTOTRANSDUCTION_CASCADE,-0.4123496111821526,0.6800831904733465,6,down,preranked_rank_sum,GSE158473,ovary,GSE158473_0month_DiNP_20ugkgd,Reactome,0.881575826444175
REACTOME_SYNTHESIS_SECRETION_AND_DEACYLATION_OF_GHRELIN,-0.411628341988776,0.6806118547536982,11,down,preranked_rank_sum,GSE158473,ovary,GSE158473_0month_DiNP_20ugkgd,Reactome,0.881575826444175
REACTOME_HSP90_CHAPERONE_CYCLE_FOR_STEROID_HORMONE_RECEPTORS_SHR_IN_THE_PRESENCE_OF_LIGAND,0.4116039131858337,0.6806297629340914,45,up,preranked_rank_sum,GSE158473,ovary,GSE158473_0month_DiNP_20ugkgd,Reactome,0.881575826444175
REACTOME_GLYCOSPHINGOLIPID_METABOLISM,0.4114178102273919,0.6807661965426454,45,up,preranked_rank_sum,GSE158473,ovary,GSE158473_0month_DiNP_20ugkgd,Reactome,0.881575826444175
REACTOME_DISEASES_OF_HEMOSTASIS,0.4106959109946659,0.6812955256239324,13,up,preranked_rank_sum,GSE158473,ovary,GSE158473_0month_DiNP_20ugkgd,Reactome,0.881575826444175
REACTOME_THROMBIN_SIGNALLING_THROUGH_PROTEINASE_ACTIVATED_RECEPTORS_PARS,0.4103022323102617,0.6815842547454629,29,up,preranked_rank_sum,GSE158473,ovary,GSE158473_0month_DiNP_20ugkgd,Reactome,0.881575826444175
REACTOME_GLYCEROPHOSPHOLIPID_BIOSYNTHESIS,0.40975574945094145,0.6819851297594814,108,up,preranked_rank_sum,GSE158473,ovary,GSE158473_0month_DiNP_20ugkgd,Reactome,0.881575826444175
REACTOME_SIGNALING_BY_GPCR,0.4086703225210388,0.6827816158169401,457,up,preranked_rank_sum,GSE158473,ovary,GSE158473_0month_DiNP_20ugkgd,Reactome,0.8818257264349526
REACTOME_UCH_PROTEINASES,-0.40570169734944445,0.6849617949796423,71,down,preranked_rank_sum,GSE158473,ovary,GSE158473_0month_DiNP_20ugkgd,Reactome,0.883391835984562
REACTOME_INDUCTION_OF_CELL_CELL_FUSION,-0.40523718132222275,0.6853031769399518,11,down,preranked_rank_sum,GSE158473,ovary,GSE158473_0month_DiNP_20ugkgd,Reactome,0.883391835984562
REACTOME_ABORTIVE_ELONGATION_OF_HIV_1_TRANSCRIPT_IN_THE_ABSENCE_OF_TAT,-0.4045518856990935,0.6858069314928029,22,down,preranked_rank_sum,GSE158473,ovary,GSE158473_0month_DiNP_20ugkgd,Reactome,0.883391835984562
REACTOME_HIGH_LAMINAR_FLOW_SHEAR_STRESS_ACTIVATES_SIGNALING_BY_PIEZO1_AND_PECAM1_CDH5_KDR_IN_ENDOTHELIAL_CELLS,0.4024543234021235,0.6873496975952926,62,up,preranked_rank_sum,GSE158473,ovary,GSE158473_0month_DiNP_20ugkgd,Reactome,0.8845996988418291
REACTOME_FORMATION_OF_INCISION_COMPLEX_IN_GG_NER,0.4013266220850995,0.6881796656684764,41,up,preranked_rank_sum,GSE158473,ovary,GSE158473_0month_DiNP_20ugkgd,Reactome,0.8848888928824209
REACTOME_NEPHRON_DEVELOPMENT,-0.39979976844622184,0.6893040012893039,8,down,preranked_rank_sum,GSE158473,ovary,GSE158473_0month_DiNP_20ugkgd,Reactome,0.8855557556106874
REACTOME_GLUCAGON_TYPE_LIGAND_RECEPTORS,-0.39731247950309834,0.6911370458485282,23,down,preranked_rank_sum,GSE158473,ovary,GSE158473_0month_DiNP_20ugkgd,Reactome,0.8857772306523993
REACTOME_AMYLOID_FIBER_FORMATION,0.39720860127912216,0.6912136399422464,42,up,preranked_rank_sum,GSE158473,ovary,GSE158473_0month_DiNP_20ugkgd,Reactome,0.8857772306523993
REACTOME_PYROPTOSIS,-0.3970996274562675,0.691293994647324,21,down,preranked_rank_sum,GSE158473,ovary,GSE158473_0month_DiNP_20ugkgd,Reactome,0.8857772306523993
REACTOME_TRISTETRAPROLIN_TTP_ZFP36_BINDS_AND_DESTABILIZES_MRNA,0.39482704006586566,0.6929705377340747,17,up,preranked_rank_sum,GSE158473,ovary,GSE158473_0month_DiNP_20ugkgd,Reactome,0.887147921337318
REACTOME_REGULATION_OF_CDH1_GENE_TRANSCRIPTION,0.39269585260814205,0.6945441342364623,45,up,preranked_rank_sum,GSE158473,ovary,GSE158473_0month_DiNP_20ugkgd,Reactome,0.8883845356550375
REACTOME_OVARIAN_TUMOR_DOMAIN_PROTEASES,0.39103096431104994,0.6957743482100239,33,up,preranked_rank_sum,GSE158473,ovary,GSE158473_0month_DiNP_20ugkgd,Reactome,0.888519859927092
REACTOME_PLASMA_LIPOPROTEIN_CLEARANCE,0.39081373695461913,0.6959349203054059,33,up,preranked_rank_sum,GSE158473,ovary,GSE158473_0month_DiNP_20ugkgd,Reactome,0.888519859927092
REACTOME_INTERLEUKIN_17_SIGNALING,0.39008572294395255,0.6964731596966125,64,up,preranked_rank_sum,GSE158473,ovary,GSE158473_0month_DiNP_20ugkgd,Reactome,0.888519859927092
REACTOME_G_BETA_GAMMA_SIGNALLING_THROUGH_CDC42,0.38739133972948864,0.6984665141667104,18,up,preranked_rank_sum,GSE158473,ovary,GSE158473_0month_DiNP_20ugkgd,Reactome,0.8893135385123678
REACTOME_TRIGLYCERIDE_CATABOLISM,-0.38703857784781054,0.6987276483020884,18,down,preranked_rank_sum,GSE158473,ovary,GSE158473_0month_DiNP_20ugkgd,Reactome,0.8893135385123678
REACTOME_SARS_COV_2_HOST_INTERACTIONS,-0.38677856453341675,0.6989201475723055,158,down,preranked_rank_sum,GSE158473,ovary,GSE158473_0month_DiNP_20ugkgd,Reactome,0.8893135385123678
REACTOME_HCMV_LATE_EVENTS,0.38481325500965863,0.7003757778971187,50,up,preranked_rank_sum,GSE158473,ovary,GSE158473_0month_DiNP_20ugkgd,Reactome,0.8903907715526848
REACTOME_G_ALPHA_S_SIGNALLING_EVENTS,-0.38105183314333335,0.7031647874099739,97,down,preranked_rank_sum,GSE158473,ovary,GSE158473_0month_DiNP_20ugkgd,Reactome,0.8925430294769606
REACTOME_RAP1_SIGNALLING,0.38088346883991414,0.7032897195331453,15,up,preranked_rank_sum,GSE158473,ovary,GSE158473_0month_DiNP_20ugkgd,Reactome,0.8925430294769606
REACTOME_DAP12_INTERACTIONS,0.3733242909941412,0.7089070995759192,29,up,preranked_rank_sum,GSE158473,ovary,GSE158473_0month_DiNP_20ugkgd,Reactome,0.8987366934843638
REACTOME_REGULATION_OF_MECP2_EXPRESSION_AND_ACTIVITY,-0.37197269737456123,0.7099131774586518,28,down,preranked_rank_sum,GSE158473,ovary,GSE158473_0month_DiNP_20ugkgd,Reactome,0.8987366934843638
REACTOME_ACTIVATION_OF_RAC1,-0.371836907634597,0.7100142824722573,12,down,preranked_rank_sum,GSE158473,ovary,GSE158473_0month_DiNP_20ugkgd,Reactome,0.8987366934843638
REACTOME_CIRCADIAN_CLOCK,-0.3667117100266399,0.7138340708648243,104,down,preranked_rank_sum,GSE158473,ovary,GSE158473_0month_DiNP_20ugkgd,Reactome,0.9009967069620848
REACTOME_ACTIVATION_OF_THE_TFAP2_AP_2_FAMILY_OF_TRANSCRIPTION_FACTORS,0.36597640119759245,0.7143826849378809,10,up,preranked_rank_sum,GSE158473,ovary,GSE158473_0month_DiNP_20ugkgd,Reactome,0.9009967069620848
REACTOME_TRANSCRIPTIONAL_ACTIVATION_OF_MITOCHONDRIAL_BIOGENESIS,0.3646870750386443,0.7153450077437078,51,up,preranked_rank_sum,GSE158473,ovary,GSE158473_0month_DiNP_20ugkgd,Reactome,0.9009967069620848
REACTOME_FORMATION_OF_THE_NEPHRIC_DUCT,-0.36453075988731487,0.7154617084959645,16,down,preranked_rank_sum,GSE158473,ovary,GSE158473_0month_DiNP_20ugkgd,Reactome,0.9009967069620848
REACTOME_SUMOYLATION_OF_DNA_METHYLATION_PROTEINS,-0.3644684043006082,0.7155082633812375,16,down,preranked_rank_sum,GSE158473,ovary,GSE158473_0month_DiNP_20ugkgd,Reactome,0.9009967069620848
REACTOME_DOWNREGULATION_OF_TGF_BETA_RECEPTOR_SIGNALING,-0.36325178279181725,0.7164168085014935,25,down,preranked_rank_sum,GSE158473,ovary,GSE158473_0month_DiNP_20ugkgd,Reactome,0.9009967069620848
REACTOME_DISEASES_OF_CARBOHYDRATE_METABOLISM,-0.3623884587252133,0.7170617628473538,29,down,preranked_rank_sum,GSE158473,ovary,GSE158473_0month_DiNP_20ugkgd,Reactome,0.9009967069620848
REACTOME_POLYMERASE_SWITCHING,-0.3617928357823326,0.7175068462279693,13,down,preranked_rank_sum,GSE158473,ovary,GSE158473_0month_DiNP_20ugkgd,Reactome,0.9009967069620848
REACTOME_ESTABLISHMENT_OF_SISTER_CHROMATID_COHESION,0.3611757677857495,0.7179680557370622,11,up,preranked_rank_sum,GSE158473,ovary,GSE158473_0month_DiNP_20ugkgd,Reactome,0.9009967069620848
REACTOME_TRANSCRIPTIONAL_AND_POST_TRANSLATIONAL_REGULATION_OF_MITF_M_EXPRESSION_AND_ACTIVITY,-0.3601111439004203,0.7187640194607929,42,down,preranked_rank_sum,GSE158473,ovary,GSE158473_0month_DiNP_20ugkgd,Reactome,0.9009967069620848
REACTOME_NR1H2_AND_NR1H3_MEDIATED_SIGNALING,0.3600379551799535,0.718818750069312,41,up,preranked_rank_sum,GSE158473,ovary,GSE158473_0month_DiNP_20ugkgd,Reactome,0.9009967069620848
REACTOME_ACETYLCHOLINE_REGULATES_INSULIN_SECRETION,-0.35953480436714086,0.7191950458445643,9,down,preranked_rank_sum,GSE158473,ovary,GSE158473_0month_DiNP_20ugkgd,Reactome,0.9009967069620848
REACTOME_RUNX2_REGULATES_BONE_DEVELOPMENT,0.3557157475102743,0.7220534506085707,29,up,preranked_rank_sum,GSE158473,ovary,GSE158473_0month_DiNP_20ugkgd,Reactome,0.9031361430152697
REACTOME_REGULATION_OF_FZD_BY_UBIQUITINATION,-0.3543246582417633,0.7230955902959428,19,down,preranked_rank_sum,GSE158473,ovary,GSE158473_0month_DiNP_20ugkgd,Reactome,0.9031361430152697
REACTOME_FGFR1_LIGAND_BINDING_AND_ACTIVATION,-0.35379953642093054,0.7234891209352112,9,down,preranked_rank_sum,GSE158473,ovary,GSE158473_0month_DiNP_20ugkgd,Reactome,0.9031361430152697
REACTOME_INTEGRATION_OF_ENERGY_METABOLISM,-0.35374766912873024,0.7235279946826466,97,down,preranked_rank_sum,GSE158473,ovary,GSE158473_0month_DiNP_20ugkgd,Reactome,0.9031361430152697
REACTOME_SEMAPHORIN_INTERACTIONS,-0.3526278292408452,0.7243674714530302,63,down,preranked_rank_sum,GSE158473,ovary,GSE158473_0month_DiNP_20ugkgd,Reactome,0.9031361430152697
REACTOME_INTERLEUKIN_10_SIGNALING,0.3519252455495473,0.7248943256149124,32,up,preranked_rank_sum,GSE158473,ovary,GSE158473_0month_DiNP_20ugkgd,Reactome,0.9031361430152697
REACTOME_SLC_MEDIATED_TRANSPORT_OF_ORGANIC_ANIONS,0.3514817371866034,0.7252269712037802,23,up,preranked_rank_sum,GSE158473,ovary,GSE158473_0month_DiNP_20ugkgd,Reactome,0.9031361430152697
REACTOME_IRF3_MEDIATED_INDUCTION_OF_TYPE_I_IFN,0.3490155524128802,0.7270776337330043,12,up,preranked_rank_sum,GSE158473,ovary,GSE158473_0month_DiNP_20ugkgd,Reactome,0.9046702132065125
REACTOME_SIALIC_ACID_METABOLISM,0.34763979779985615,0.7281107139933536,28,up,preranked_rank_sum,GSE158473,ovary,GSE158473_0month_DiNP_20ugkgd,Reactome,0.9049055328730827
REACTOME_DISASSEMBLY_OF_THE_DESTRUCTION_COMPLEX_AND_RECRUITMENT_OF_AXIN_TO_THE_MEMBRANE,0.3471153533303664,0.728504659501791,27,up,preranked_rank_sum,GSE158473,ovary,GSE158473_0month_DiNP_20ugkgd,Reactome,0.9049055328730827
REACTOME_TICAM1_DEPENDENT_ACTIVATION_OF_IRF3_IRF7,0.3434721948353654,0.7312432552513379,12,up,preranked_rank_sum,GSE158473,ovary,GSE158473_0month_DiNP_20ugkgd,Reactome,0.9074481193759655
REACTOME_RHOJ_GTPASE_CYCLE,0.34274144935624085,0.7317929772532581,54,up,preranked_rank_sum,GSE158473,ovary,GSE158473_0month_DiNP_20ugkgd,Reactome,0.9074481193759655
REACTOME_INTERACTION_WITH_CUMULUS_CELLS_AND_THE_ZONA_PELLUCIDA,-0.33936647832172223,0.7343336681909602,6,down,preranked_rank_sum,GSE158473,ovary,GSE158473_0month_DiNP_20ugkgd,Reactome,0.9081944925063892
REACTOME_ACYL_CHAIN_REMODELLING_OF_PS,-0.3392917266849625,0.7343899745588832,17,down,preranked_rank_sum,GSE158473,ovary,GSE158473_0month_DiNP_20ugkgd,Reactome,0.9081944925063892
REACTOME_APC_C_CDC20_MEDIATED_DEGRADATION_OF_CYCLIN_B,-0.3371620304294706,0.735994758507069,22,down,preranked_rank_sum,GSE158473,ovary,GSE158473_0month_DiNP_20ugkgd,Reactome,0.9081944925063892
REACTOME_INTERLEUKIN_3_INTERLEUKIN_5_AND_GM_CSF_SIGNALING,0.3370745088926699,0.7360607330649558,42,up,preranked_rank_sum,GSE158473,ovary,GSE158473_0month_DiNP_20ugkgd,Reactome,0.9081944925063892
REACTOME_LYSINE_CATABOLISM,0.3367389770018693,0.7363136781912075,11,up,preranked_rank_sum,GSE158473,ovary,GSE158473_0month_DiNP_20ugkgd,Reactome,0.9081944925063892
REACTOME_EGFR_DOWNREGULATION,-0.336227856526448,0.7366990480014233,28,down,preranked_rank_sum,GSE158473,ovary,GSE158473_0month_DiNP_20ugkgd,Reactome,0.9081944925063892
REACTOME_REGULATED_NECROSIS,0.3361692033063949,0.7367432750428027,48,up,preranked_rank_sum,GSE158473,ovary,GSE158473_0month_DiNP_20ugkgd,Reactome,0.9081944925063892
REACTOME_BRANCHED_CHAIN_AMINO_ACID_CATABOLISM,0.33155600534956436,0.7402245446491074,21,up,preranked_rank_sum,GSE158473,ovary,GSE158473_0month_DiNP_20ugkgd,Reactome,0.9117171729376539
REACTOME_REGULATION_OF_EXPRESSION_AND_FUNCTION_OF_TYPE_II_CLASSICAL_CADHERINS,-0.33005562887738754,0.7413579292495023,26,down,preranked_rank_sum,GSE158473,ovary,GSE158473_0month_DiNP_20ugkgd,Reactome,0.9123445223592359
REACTOME_TP53_REGULATES_TRANSCRIPTION_OF_DNA_REPAIR_GENES,0.32868803746458075,0.7423914971270882,59,up,preranked_rank_sum,GSE158473,ovary,GSE158473_0month_DiNP_20ugkgd,Reactome,0.9128480814127864
REACTOME_REGULATION_OF_TP53_ACTIVITY_THROUGH_METHYLATION,-0.3238749173545524,0.7460327343815121,16,down,preranked_rank_sum,GSE158473,ovary,GSE158473_0month_DiNP_20ugkgd,Reactome,0.9162238723730672
REACTOME_INHIBITION_OF_DNA_RECOMBINATION_AT_TELOMERE,-0.3232269570253737,0.7465233669434523,21,down,preranked_rank_sum,GSE158473,ovary,GSE158473_0month_DiNP_20ugkgd,Reactome,0.9162238723730672
REACTOME_INFECTIOUS_DISEASE,-0.3221540735072912,0.7473359752450257,1064,down,preranked_rank_sum,GSE158473,ovary,GSE158473_0month_DiNP_20ugkgd,Reactome,0.9162238723730672
REACTOME_PLASMA_LIPOPROTEIN_ASSEMBLY,-0.3217478913031957,0.7476436933933441,17,down,preranked_rank_sum,GSE158473,ovary,GSE158473_0month_DiNP_20ugkgd,Reactome,0.9162238723730672
REACTOME_MET_ACTIVATES_PTK2_SIGNALING,0.3189684742699711,0.7497504189670512,28,up,preranked_rank_sum,GSE158473,ovary,GSE158473_0month_DiNP_20ugkgd,Reactome,0.9173832807807162
REACTOME_HYALURONAN_METABOLISM,-0.3188440840675929,0.7498447472865635,17,down,preranked_rank_sum,GSE158473,ovary,GSE158473_0month_DiNP_20ugkgd,Reactome,0.9173832807807162
REACTOME_ONCOGENIC_MAPK_SIGNALING,-0.31778003595499205,0.7506517953371008,76,down,preranked_rank_sum,GSE158473,ovary,GSE158473_0month_DiNP_20ugkgd,Reactome,0.9176027799187637
REACTOME_COLLAGEN_BIOSYNTHESIS_AND_MODIFYING_ENZYMES,-0.3164270776739364,0.7516783669920909,59,down,preranked_rank_sum,GSE158473,ovary,GSE158473_0month_DiNP_20ugkgd,Reactome,0.9178890339352986
REACTOME_CARNITINE_SHUTTLE,0.3158167156645744,0.7521416297226319,14,up,preranked_rank_sum,GSE158473,ovary,GSE158473_0month_DiNP_20ugkgd,Reactome,0.9178890339352986
REACTOME_ANTIMICROBIAL_PEPTIDES,0.31177234993392877,0.7552135389406853,27,up,preranked_rank_sum,GSE158473,ovary,GSE158473_0month_DiNP_20ugkgd,Reactome,0.9191907329933311
REACTOME_DAG_AND_IP3_SIGNALING,0.3114414768647652,0.7554650266286637,37,up,preranked_rank_sum,GSE158473,ovary,GSE158473_0month_DiNP_20ugkgd,Reactome,0.9191907329933311
REACTOME_MITOTIC_PROPHASE,-0.31089653065826683,0.7558792820104445,80,down,preranked_rank_sum,GSE158473,ovary,GSE158473_0month_DiNP_20ugkgd,Reactome,0.9191907329933311
REACTOME_HORMONE_LIGAND_BINDING_RECEPTORS,-0.3087846888329899,0.7574853169121316,7,down,preranked_rank_sum,GSE158473,ovary,GSE158473_0month_DiNP_20ugkgd,Reactome,0.9191907329933311
REACTOME_IKK_COMPLEX_RECRUITMENT_MEDIATED_BY_RIP1,0.30874545708949785,0.7575151621984241,20,up,preranked_rank_sum,GSE158473,ovary,GSE158473_0month_DiNP_20ugkgd,Reactome,0.9191907329933311
REACTOME_TP53_REGULATES_TRANSCRIPTION_OF_SEVERAL_ADDITIONAL_CELL_DEATH_GENES_WHOSE_SPECIFIC_ROLES_IN_P53_DEPENDENT_APOPTOSIS_REMAIN_UNCERTAIN,-0.30862823291955804,0.7576043418548619,12,down,preranked_rank_sum,GSE158473,ovary,GSE158473_0month_DiNP_20ugkgd,Reactome,0.9191907329933311
REACTOME_ESR_MEDIATED_SIGNALING,-0.30862168274327706,0.7576093250731627,150,down,preranked_rank_sum,GSE158473,ovary,GSE158473_0month_DiNP_20ugkgd,Reactome,0.9191907329933311
REACTOME_REGULATION_OF_ENDOGENOUS_RETROELEMENTS_BY_PIWI_INTERACTING_RNAS_PIRNAS,-0.30756972635698365,0.7584097590555663,39,down,preranked_rank_sum,GSE158473,ovary,GSE158473_0month_DiNP_20ugkgd,Reactome,0.9193988953061675
REACTOME_CASPASE_MEDIATED_CLEAVAGE_OF_CYTOSKELETAL_PROTEINS,0.3059645416160769,0.7596316435886568,12,up,preranked_rank_sum,GSE158473,ovary,GSE158473_0month_DiNP_20ugkgd,Reactome,0.9201172020933026
REACTOME_RUNX2_REGULATES_OSTEOBLAST_DIFFERENTIATION,0.30434471338025415,0.7608652833943553,22,up,preranked_rank_sum,GSE158473,ovary,GSE158473_0month_DiNP_20ugkgd,Reactome,0.9208485466246253
REACTOME_ASSEMBLY_OF_COLLAGEN_FIBRILS_AND_OTHER_MULTIMERIC_STRUCTURES,0.29991135843814437,0.7642447701442909,50,up,preranked_rank_sum,GSE158473,ovary,GSE158473_0month_DiNP_20ugkgd,Reactome,0.9209178046730387
REACTOME_PLASMA_LIPOPROTEIN_ASSEMBLY_REMODELING_AND_CLEARANCE,-0.2995821136655837,0.7644959291064498,65,down,preranked_rank_sum,GSE158473,ovary,GSE158473_0month_DiNP_20ugkgd,Reactome,0.9209178046730387
REACTOME_GLYCOGEN_BREAKDOWN_GLYCOGENOLYSIS,-0.2991973258720978,0.7647894895434109,12,down,preranked_rank_sum,GSE158473,ovary,GSE158473_0month_DiNP_20ugkgd,Reactome,0.9209178046730387
REACTOME_FANCONI_ANEMIA_PATHWAY,-0.29873228133357255,0.7651443241716621,36,down,preranked_rank_sum,GSE158473,ovary,GSE158473_0month_DiNP_20ugkgd,Reactome,0.9209178046730387
REACTOME_TRANSCRIPTIONAL_REGULATION_OF_PLURIPOTENT_STEM_CELLS,-0.2976722344893612,0.7659533369322085,18,down,preranked_rank_sum,GSE158473,ovary,GSE158473_0month_DiNP_20ugkgd,Reactome,0.9209178046730387
REACTOME_ASSEMBLY_AND_CELL_SURFACE_PRESENTATION_OF_NMDA_RECEPTORS,0.2954943729527922,0.767616250271723,33,up,preranked_rank_sum,GSE158473,ovary,GSE158473_0month_DiNP_20ugkgd,Reactome,0.9209178046730387
REACTOME_DISEASES_OF_PROGRAMMED_CELL_DEATH,-0.2953596516897024,0.7677191523678315,44,down,preranked_rank_sum,GSE158473,ovary,GSE158473_0month_DiNP_20ugkgd,Reactome,0.9209178046730387
REACTOME_COLLAGEN_CHAIN_TRIMERIZATION,0.29519624959518603,0.7678439668026621,36,up,preranked_rank_sum,GSE158473,ovary,GSE158473_0month_DiNP_20ugkgd,Reactome,0.9209178046730387
REACTOME_FORMATION_OF_THE_POSTERIOR_NEURAL_PLATE,-0.29464110352453143,0.7682680592180174,5,down,preranked_rank_sum,GSE158473,ovary,GSE158473_0month_DiNP_20ugkgd,Reactome,0.9209178046730387
REACTOME_PEXOPHAGY,0.2946182208020647,0.768285541492428,9,up,preranked_rank_sum,GSE158473,ovary,GSE158473_0month_DiNP_20ugkgd,Reactome,0.9209178046730387
REACTOME_IONOTROPIC_ACTIVITY_OF_KAINATE_RECEPTORS,-0.2945351009767573,0.7683490455744485,9,down,preranked_rank_sum,GSE158473,ovary,GSE158473_0month_DiNP_20ugkgd,Reactome,0.9209178046730387
REACTOME_CYTOSOLIC_SULFONATION_OF_SMALL_MOLECULES,0.29436194638190405,0.7684813417928231,8,up,preranked_rank_sum,GSE158473,ovary,GSE158473_0month_DiNP_20ugkgd,Reactome,0.9209178046730387
REACTOME_JOSEPHIN_DOMAIN_DUBS,-0.291614033964382,0.7705817440576065,10,down,preranked_rank_sum,GSE158473,ovary,GSE158473_0month_DiNP_20ugkgd,Reactome,0.9224075959972939
REACTOME_ABERRANT_REGULATION_OF_MITOTIC_EXIT_IN_CANCER_DUE_TO_RB1_DEFECTS,0.2899436131764344,0.7718593755181354,19,up,preranked_rank_sum,GSE158473,ovary,GSE158473_0month_DiNP_20ugkgd,Reactome,0.9224075959972939
REACTOME_SIGNALING_BY_ACTIVATED_POINT_MUTANTS_OF_FGFR1,-0.28951206255494644,0.7721895503636447,5,down,preranked_rank_sum,GSE158473,ovary,GSE158473_0month_DiNP_20ugkgd,Reactome,0.9224075959972939
REACTOME_STIMULI_SENSING_CHANNELS,-0.28910529923681416,0.7725007984728682,78,down,preranked_rank_sum,GSE158473,ovary,GSE158473_0month_DiNP_20ugkgd,Reactome,0.9224075959972939
REACTOME_TRANSLATION_OF_SARS_COV_2_STRUCTURAL_PROTEINS,-0.288610915241973,0.7728791416529994,58,down,preranked_rank_sum,GSE158473,ovary,GSE158473_0month_DiNP_20ugkgd,Reactome,0.9224075959972939
REACTOME_OLFACTORY_SIGNALING_PATHWAY,0.2860608324223762,0.7748315297403904,11,up,preranked_rank_sum,GSE158473,ovary,GSE158473_0month_DiNP_20ugkgd,Reactome,0.9229133404728306
REACTOME_CASPASE_ACTIVATION_VIA_DEATH_RECEPTORS_IN_THE_PRESENCE_OF_LIGAND,0.2853029360998854,0.7754120636154754,12,up,preranked_rank_sum,GSE158473,ovary,GSE158473_0month_DiNP_20ugkgd,Reactome,0.9229133404728306
REACTOME_DEFECTIVE_INTRINSIC_PATHWAY_FOR_APOPTOSIS,-0.28503728049716565,0.7756155803820669,22,down,preranked_rank_sum,GSE158473,ovary,GSE158473_0month_DiNP_20ugkgd,Reactome,0.9229133404728306
REACTOME_TCR_SIGNALING,0.2847600614378785,0.7758279722579403,90,up,preranked_rank_sum,GSE158473,ovary,GSE158473_0month_DiNP_20ugkgd,Reactome,0.9229133404728306
REACTOME_BIOLOGICAL_OXIDATIONS,0.28238877536187995,0.7776454208818685,134,up,preranked_rank_sum,GSE158473,ovary,GSE158473_0month_DiNP_20ugkgd,Reactome,0.9243232563652778
REACTOME_SCAVENGING_OF_HEME_FROM_PLASMA,-0.2799920759835062,0.779483584300322,8,down,preranked_rank_sum,GSE158473,ovary,GSE158473_0month_DiNP_20ugkgd,Reactome,0.9248075345291816
REACTOME_TYPE_I_HEMIDESMOSOME_ASSEMBLY,-0.2794904125961186,0.7798684946339658,9,down,preranked_rank_sum,GSE158473,ovary,GSE158473_0month_DiNP_20ugkgd,Reactome,0.9248075345291816
REACTOME_RHOV_GTPASE_CYCLE,-0.2793514531598773,0.7799751233314518,37,down,preranked_rank_sum,GSE158473,ovary,GSE158473_0month_DiNP_20ugkgd,Reactome,0.9248075345291816
REACTOME_TRP_CHANNELS,-0.2784787366169767,0.7806448854571009,21,down,preranked_rank_sum,GSE158473,ovary,GSE158473_0month_DiNP_20ugkgd,Reactome,0.9248075345291816
REACTOME_DEFECTS_OF_CONTACT_ACTIVATION_SYSTEM_CAS_AND_KALLIKREIN_KININ_SYSTEM_KKS,0.27773516160696415,0.781215666992845,10,up,preranked_rank_sum,GSE158473,ovary,GSE158473_0month_DiNP_20ugkgd,Reactome,0.9248075345291816
REACTOME_INTERLEUKIN_37_SIGNALING,-0.2763889342947831,0.7822493549881229,18,down,preranked_rank_sum,GSE158473,ovary,GSE158473_0month_DiNP_20ugkgd,Reactome,0.9252820040393491
REACTOME_SIGNALING_BY_THE_B_CELL_RECEPTOR_BCR,-0.2732458317171718,0.784664251330914,92,down,preranked_rank_sum,GSE158473,ovary,GSE158473_0month_DiNP_20ugkgd,Reactome,0.9267959573846807
REACTOME_GLUCAGON_LIKE_PEPTIDE_1_GLP1_REGULATES_INSULIN_SECRETION,-0.2730729702610949,0.7847971239686968,37,down,preranked_rank_sum,GSE158473,ovary,GSE158473_0month_DiNP_20ugkgd,Reactome,0.9267959573846807
REACTOME_HATS_ACETYLATE_HISTONES,-0.27184929040567324,0.78573790360202,80,down,preranked_rank_sum,GSE158473,ovary,GSE158473_0month_DiNP_20ugkgd,Reactome,0.9269111237097806
REACTOME_L1CAM_INTERACTIONS,-0.27095176762202067,0.7864281288553473,106,down,preranked_rank_sum,GSE158473,ovary,GSE158473_0month_DiNP_20ugkgd,Reactome,0.9269111237097806
REACTOME_SARS_COV_2_TARGETS_HOST_INTRACELLULAR_SIGNALLING_AND_REGULATORY_PATHWAYS,-0.270472654788612,0.7867966515210928,12,down,preranked_rank_sum,GSE158473,ovary,GSE158473_0month_DiNP_20ugkgd,Reactome,0.9269111237097806
REACTOME_HDMS_DEMETHYLATE_HISTONES,0.26796986013693724,0.7887225186651213,20,up,preranked_rank_sum,GSE158473,ovary,GSE158473_0month_DiNP_20ugkgd,Reactome,0.9272183314823351
REACTOME_REGULATION_OF_LOCALIZATION_OF_FOXO_TRANSCRIPTION_FACTORS,-0.26694506360292075,0.7895114594192809,12,down,preranked_rank_sum,GSE158473,ovary,GSE158473_0month_DiNP_20ugkgd,Reactome,0.9272183314823351
REACTOME_SYNTHESIS_OF_PYROPHOSPHATES_IN_THE_CYTOSOL,0.26676826886841615,0.7896475868957277,8,up,preranked_rank_sum,GSE158473,ovary,GSE158473_0month_DiNP_20ugkgd,Reactome,0.9272183314823351
REACTOME_POSITIVE_REGULATION_OF_CDH1_GENE_TRANSCRIPTION,-0.2650827874109836,0.7909456868199018,11,down,preranked_rank_sum,GSE158473,ovary,GSE158473_0month_DiNP_20ugkgd,Reactome,0.9272183314823351
REACTOME_INTERLEUKIN_12_SIGNALING,0.2637167996668309,0.7919981494063979,37,up,preranked_rank_sum,GSE158473,ovary,GSE158473_0month_DiNP_20ugkgd,Reactome,0.9272183314823351
REACTOME_SIGNALING_BY_HIPPO,0.26339585336524096,0.792245486337124,20,up,preranked_rank_sum,GSE158473,ovary,GSE158473_0month_DiNP_20ugkgd,Reactome,0.9272183314823351
REACTOME_REGULATION_OF_SIGNALING_BY_CBL,-0.26301828090409984,0.7925364889255433,21,down,preranked_rank_sum,GSE158473,ovary,GSE158473_0month_DiNP_20ugkgd,Reactome,0.9272183314823351
REACTOME_CROSS_PRESENTATION_OF_SOLUBLE_EXOGENOUS_ANTIGENS_ENDOSOMES,-0.2623331400106467,0.7930646143837382,41,down,preranked_rank_sum,GSE158473,ovary,GSE158473_0month_DiNP_20ugkgd,Reactome,0.9272183314823351
REACTOME_FOXO_MEDIATED_TRANSCRIPTION_OF_OXIDATIVE_STRESS_METABOLIC_AND_NEURONAL_GENES,-0.26220296623114275,0.7931649666545646,25,down,preranked_rank_sum,GSE158473,ovary,GSE158473_0month_DiNP_20ugkgd,Reactome,0.9272183314823351
REACTOME_HEDGEHOG_ON_STATE,-0.2618986978442135,0.793399543559782,70,down,preranked_rank_sum,GSE158473,ovary,GSE158473_0month_DiNP_20ugkgd,Reactome,0.9272183314823351
REACTOME_CONSTITUTIVE_SIGNALING_BY_ABERRANT_PI3K_IN_CANCER,-0.2599272888504044,0.7949198610888998,70,down,preranked_rank_sum,GSE158473,ovary,GSE158473_0month_DiNP_20ugkgd,Reactome,0.9278788979742095
REACTOME_RESOLUTION_OF_ABASIC_SITES_AP_SITES,-0.25875432250310837,0.7958248031546897,36,down,preranked_rank_sum,GSE158473,ovary,GSE158473_0month_DiNP_20ugkgd,Reactome,0.9278788979742095
REACTOME_DOWNSTREAM_SIGNALING_OF_ACTIVATED_FGFR3,0.2586973459713948,0.7958687674826668,19,up,preranked_rank_sum,GSE158473,ovary,GSE158473_0month_DiNP_20ugkgd,Reactome,0.9278788979742095
REACTOME_ER_QUALITY_CONTROL_COMPARTMENT_ERQC,0.25720942848544054,0.7970171059287869,19,up,preranked_rank_sum,GSE158473,ovary,GSE158473_0month_DiNP_20ugkgd,Reactome,0.9284772979026984
REACTOME_GLYCOSAMINOGLYCAN_PROTEIN_LINKAGE_REGION_BIOSYNTHESIS,0.2552523567306582,0.7985281951306391,27,up,preranked_rank_sum,GSE158473,ovary,GSE158473_0month_DiNP_20ugkgd,Reactome,0.9294969914657599
REACTOME_RND2_GTPASE_CYCLE,0.2533268101614639,0.8000156801185402,39,up,preranked_rank_sum,GSE158473,ovary,GSE158473_0month_DiNP_20ugkgd,Reactome,0.9299273659077338
REACTOME_GOLGI_CISTERNAE_PERICENTRIOLAR_STACK_REORGANIZATION,0.2531270208479966,0.8001700590368872,13,up,preranked_rank_sum,GSE158473,ovary,GSE158473_0month_DiNP_20ugkgd,Reactome,0.9299273659077338
REACTOME_DUAL_INCISION_IN_GG_NER,0.2512637304191891,0.8016102147339441,38,up,preranked_rank_sum,GSE158473,ovary,GSE158473_0month_DiNP_20ugkgd,Reactome,0.9302630139131745
REACTOME_SIGNALING_BY_PDGFRA_TRANSMEMBRANE_JUXTAMEMBRANE_AND_KINASE_DOMAIN_MUTANTS,0.2511068990957356,0.8017314620592338,12,up,preranked_rank_sum,GSE158473,ovary,GSE158473_0month_DiNP_20ugkgd,Reactome,0.9302630139131745
REACTOME_CROSSLINKING_OF_COLLAGEN_FIBRILS,0.24922626940557022,0.8031857603524858,18,up,preranked_rank_sum,GSE158473,ovary,GSE158473_0month_DiNP_20ugkgd,Reactome,0.9312114049447535
REACTOME_SYNTHESIS_OF_PC,0.2475091180269926,0.8045142358190664,24,up,preranked_rank_sum,GSE158473,ovary,GSE158473_0month_DiNP_20ugkgd,Reactome,0.9320125299266839
REACTOME_NEGATIVE_REGULATION_OF_THE_PI3K_AKT_NETWORK,0.24605625674209788,0.805638684247203,103,up,preranked_rank_sum,GSE158473,ovary,GSE158473_0month_DiNP_20ugkgd,Reactome,0.9325762124856776
REACTOME_LYSOSPHINGOLIPID_AND_LPA_RECEPTORS,-0.24417993252507994,0.8070914682660207,11,down,preranked_rank_sum,GSE158473,ovary,GSE158473_0month_DiNP_20ugkgd,Reactome,0.933518771048198
REACTOME_APOPTOTIC_FACTOR_MEDIATED_RESPONSE,0.23758512731019327,0.8122028869478051,18,up,preranked_rank_sum,GSE158473,ovary,GSE158473_0month_DiNP_20ugkgd,Reactome,0.9375544701539866
REACTOME_HDR_THROUGH_SINGLE_STRAND_ANNEALING_SSA,-0.23741282882944845,0.8123365382371738,37,down,preranked_rank_sum,GSE158473,ovary,GSE158473_0month_DiNP_20ugkgd,Reactome,0.9375544701539866
REACTOME_RHOG_GTPASE_CYCLE,0.2371963660911809,0.8125044553249665,73,up,preranked_rank_sum,GSE158473,ovary,GSE158473_0month_DiNP_20ugkgd,Reactome,0.9375544701539866
REACTOME_VASOPRESSIN_REGULATES_RENAL_WATER_HOMEOSTASIS_VIA_AQUAPORINS,0.23594174283199706,0.8134778763933563,35,up,preranked_rank_sum,GSE158473,ovary,GSE158473_0month_DiNP_20ugkgd,Reactome,0.9379374253052736
REACTOME_ETHANOL_OXIDATION,-0.23402386815297307,0.8149664489990491,9,down,preranked_rank_sum,GSE158473,ovary,GSE158473_0month_DiNP_20ugkgd,Reactome,0.9389132769398029
REACTOME_RAB_GERANYLGERANYLATION,0.23295219516372334,0.8157985272761084,60,up,preranked_rank_sum,GSE158473,ovary,GSE158473_0month_DiNP_20ugkgd,Reactome,0.9391318479351736
REACTOME_SEROTONIN_RECEPTORS,-0.2320891038737227,0.8164688076942833,5,down,preranked_rank_sum,GSE158473,ovary,GSE158473_0month_DiNP_20ugkgd,Reactome,0.9391639629024723
REACTOME_THE_CRY_PER_KINASE_COMPLEX_REPRESSES_TRANSACTIVATION_BY_THE_BMAL_CLOCK_ARNTL_CLOCK_COMPLEX,0.2309235029651692,0.8173742314241051,13,up,preranked_rank_sum,GSE158473,ovary,GSE158473_0month_DiNP_20ugkgd,Reactome,0.9394662942940579
REACTOME_INITIATION_OF_NUCLEAR_ENVELOPE_NE_REFORMATION,0.2234451470734014,0.82318907011771,19,up,preranked_rank_sum,GSE158473,ovary,GSE158473_0month_DiNP_20ugkgd,Reactome,0.9447172890218004
REACTOME_G_PROTEIN_BETA_GAMMA_SIGNALLING,-0.22338590257931723,0.8232351752488193,30,down,preranked_rank_sum,GSE158473,ovary,GSE158473_0month_DiNP_20ugkgd,Reactome,0.9447172890218004
REACTOME_IMMUNOREGULATORY_INTERACTIONS_BETWEEN_A_LYMPHOID_AND_A_NON_LYMPHOID_CELL,-0.22179272709333778,0.8244752414061102,65,down,preranked_rank_sum,GSE158473,ovary,GSE158473_0month_DiNP_20ugkgd,Reactome,0.9448343210855742
REACTOME_SMAD2_SMAD3_SMAD4_HETEROTRIMER_REGULATES_TRANSCRIPTION,0.22079590721703293,0.8252513505103332,35,up,preranked_rank_sum,GSE158473,ovary,GSE158473_0month_DiNP_20ugkgd,Reactome,0.9448343210855742
REACTOME_FOXO_MEDIATED_TRANSCRIPTION,-0.22076432524072281,0.8252759425624338,57,down,preranked_rank_sum,GSE158473,ovary,GSE158473_0month_DiNP_20ugkgd,Reactome,0.9448343210855742
REACTOME_DAP12_SIGNALING,0.21962123102392347,0.8261661551134445,27,up,preranked_rank_sum,GSE158473,ovary,GSE158473_0month_DiNP_20ugkgd,Reactome,0.9451133949732831
REACTOME_SIGNALING_BY_ERBB2_ECD_MUTANTS,0.21811984230000467,0.8273357376722175,16,up,preranked_rank_sum,GSE158473,ovary,GSE158473_0month_DiNP_20ugkgd,Reactome,0.945395466792874
REACTOME_PTEN_REGULATION,-0.2175256018319036,0.8277987572464305,122,down,preranked_rank_sum,GSE158473,ovary,GSE158473_0month_DiNP_20ugkgd,Reactome,0.945395466792874
REACTOME_RHO_GTPASES_ACTIVATE_PAKS,-0.21674951838660722,0.8284035551209085,19,down,preranked_rank_sum,GSE158473,ovary,GSE158473_0month_DiNP_20ugkgd,Reactome,0.945395466792874
REACTOME_DEFECTIVE_EXT2_CAUSES_EXOSTOSES_2,0.21536028949589767,0.8294864279627747,13,up,preranked_rank_sum,GSE158473,ovary,GSE158473_0month_DiNP_20ugkgd,Reactome,0.945395466792874
REACTOME_SLC_MEDIATED_TRANSPORT_OF_ORGANIC_CATIONS,0.2151556678081942,0.8296459534167286,9,up,preranked_rank_sum,GSE158473,ovary,GSE158473_0month_DiNP_20ugkgd,Reactome,0.945395466792874
REACTOME_PLATELET_CALCIUM_HOMEOSTASIS,0.21290112387956428,0.8314040857506673,25,up,preranked_rank_sum,GSE158473,ovary,GSE158473_0month_DiNP_20ugkgd,Reactome,0.9465822915499251
REACTOME_RNA_POLYMERASE_I_PROMOTER_ESCAPE,-0.21215977984443313,0.8319823834758234,29,down,preranked_rank_sum,GSE158473,ovary,GSE158473_0month_DiNP_20ugkgd,Reactome,0.9465822915499251
REACTOME_ALPHA_PROTEIN_KINASE_1_SIGNALING_PATHWAY,0.20983908717664157,0.833793265001169,10,up,preranked_rank_sum,GSE158473,ovary,GSE158473_0month_DiNP_20ugkgd,Reactome,0.9469806588601916
REACTOME_NOTCH4_ACTIVATION_AND_TRANSMISSION_OF_SIGNAL_TO_THE_NUCLEUS,0.20905051488360646,0.8344088045181981,10,up,preranked_rank_sum,GSE158473,ovary,GSE158473_0month_DiNP_20ugkgd,Reactome,0.9469806588601916
REACTOME_TRYPTOPHAN_CATABOLISM,-0.20849535884791945,0.8348422061200482,8,down,preranked_rank_sum,GSE158473,ovary,GSE158473_0month_DiNP_20ugkgd,Reactome,0.9469806588601916
REACTOME_SIGNALING_BY_FGFR2_IN_DISEASE,-0.20838620302404878,0.8349274282639874,33,down,preranked_rank_sum,GSE158473,ovary,GSE158473_0month_DiNP_20ugkgd,Reactome,0.9469806588601916
REACTOME_KERATAN_SULFATE_BIOSYNTHESIS,-0.2075617543131484,0.8355711695825219,25,down,preranked_rank_sum,GSE158473,ovary,GSE158473_0month_DiNP_20ugkgd,Reactome,0.9469806588601916
REACTOME_REGULATION_OF_PD_L1_CD274_TRANSLATION,0.2049319292953845,0.8376253086242759,9,up,preranked_rank_sum,GSE158473,ovary,GSE158473_0month_DiNP_20ugkgd,Reactome,0.948077598548271
REACTOME_OPIOID_SIGNALLING,-0.20421521773581677,0.8381853199035607,81,down,preranked_rank_sum,GSE158473,ovary,GSE158473_0month_DiNP_20ugkgd,Reactome,0.948077598548271
REACTOME_DISEASES_ASSOCIATED_WITH_O_GLYCOSYLATION_OF_PROTEINS,-0.20383236875223015,0.8384844972112957,53,down,preranked_rank_sum,GSE158473,ovary,GSE158473_0month_DiNP_20ugkgd,Reactome,0.948077598548271
REACTOME_ION_CHANNEL_TRANSPORT,0.20241940081293136,0.8395888626635845,146,up,preranked_rank_sum,GSE158473,ovary,GSE158473_0month_DiNP_20ugkgd,Reactome,0.9485926717265537
REACTOME_NOTCH_HLH_TRANSCRIPTION_PATHWAY,-0.19892444506758566,0.8423218472357317,27,down,preranked_rank_sum,GSE158473,ovary,GSE158473_0month_DiNP_20ugkgd,Reactome,0.9508815105649724
REACTOME_SIGNAL_AMPLIFICATION,0.19816562160199153,0.8429154840575952,29,up,preranked_rank_sum,GSE158473,ovary,GSE158473_0month_DiNP_20ugkgd,Reactome,0.9508815105649724
REACTOME_SIGNALING_BY_FGFR3,0.1966993712480727,0.8440628021535104,33,up,preranked_rank_sum,GSE158473,ovary,GSE158473_0month_DiNP_20ugkgd,Reactome,0.9514416474544581
REACTOME_IRAK1_RECRUITS_IKK_COMPLEX,0.19447099852825317,0.8458071020385499,13,up,preranked_rank_sum,GSE158473,ovary,GSE158473_0month_DiNP_20ugkgd,Reactome,0.9526733306474268
REACTOME_CREATINE_METABOLISM,-0.19280310773801262,0.8471131695331717,8,down,preranked_rank_sum,GSE158473,ovary,GSE158473_0month_DiNP_20ugkgd,Reactome,0.9532106194225839
REACTOME_ANTIGEN_PROCESSING_CROSS_PRESENTATION,-0.1917948043212679,0.8479029409630489,86,down,preranked_rank_sum,GSE158473,ovary,GSE158473_0month_DiNP_20ugkgd,Reactome,0.9532106194225839
REACTOME_REMOVAL_OF_AMINOTERMINAL_PROPEPTIDES_FROM_GAMMA_CARBOXYLATED_PROTEINS,0.19136442088927347,0.8482400929335031,6,up,preranked_rank_sum,GSE158473,ovary,GSE158473_0month_DiNP_20ugkgd,Reactome,0.9532106194225839
REACTOME_DOWNSTREAM_TCR_SIGNALING,-0.18779164157693545,0.8510399882552946,70,down,preranked_rank_sum,GSE158473,ovary,GSE158473_0month_DiNP_20ugkgd,Reactome,0.9554517580449354
REACTOME_DRUG_ADME,-0.18704488034319328,0.8516254444264766,61,down,preranked_rank_sum,GSE158473,ovary,GSE158473_0month_DiNP_20ugkgd,Reactome,0.9554517580449354
REACTOME_XENOBIOTICS,-0.18555106055116033,0.8527968349783999,10,down,preranked_rank_sum,GSE158473,ovary,GSE158473_0month_DiNP_20ugkgd,Reactome,0.9554517580449354
REACTOME_EPH_EPHRIN_MEDIATED_REPULSION_OF_CELLS,0.1846722201216506,0.85348613650279,50,up,preranked_rank_sum,GSE158473,ovary,GSE158473_0month_DiNP_20ugkgd,Reactome,0.9554517580449354
REACTOME_PROSTACYCLIN_SIGNALLING_THROUGH_PROSTACYCLIN_RECEPTOR,-0.18424051950058898,0.8538247735595681,17,down,preranked_rank_sum,GSE158473,ovary,GSE158473_0month_DiNP_20ugkgd,Reactome,0.9554517580449354
REACTOME_EARLY_PHASE_OF_HIV_LIFE_CYCLE,0.18381884353150732,0.8541555730264915,13,up,preranked_rank_sum,GSE158473,ovary,GSE158473_0month_DiNP_20ugkgd,Reactome,0.9554517580449354
REACTOME_SIGNALING_BY_NODAL,-0.18201595759683067,0.8555702027350377,16,down,preranked_rank_sum,GSE158473,ovary,GSE158473_0month_DiNP_20ugkgd,Reactome,0.9558515444918458
REACTOME_TGFBR3_PTM_REGULATION,-0.18169693824383545,0.85582056890549,11,down,preranked_rank_sum,GSE158473,ovary,GSE158473_0month_DiNP_20ugkgd,Reactome,0.9558515444918458
REACTOME_SIGNALING_BY_EGFR,-0.17906663262623704,0.8578853818077049,49,down,preranked_rank_sum,GSE158473,ovary,GSE158473_0month_DiNP_20ugkgd,Reactome,0.9574262810708889
REACTOME_SYNDECAN_INTERACTIONS,0.17712319025510917,0.8594116267230912,27,up,preranked_rank_sum,GSE158473,ovary,GSE158473_0month_DiNP_20ugkgd,Reactome,0.9580290684079455
REACTOME_SARS_COV_1_INFECTION,0.17671014423152276,0.859736072333259,116,up,preranked_rank_sum,GSE158473,ovary,GSE158473_0month_DiNP_20ugkgd,Reactome,0.9580290684079455
REACTOME_SIGNALING_BY_NTRK2_TRKB,0.17527603366388597,0.8608627426090545,25,up,preranked_rank_sum,GSE158473,ovary,GSE158473_0month_DiNP_20ugkgd,Reactome,0.9585539449310264
REACTOME_RAS_PROCESSING,-0.17058217597288564,0.864552314006694,21,down,preranked_rank_sum,GSE158473,ovary,GSE158473_0month_DiNP_20ugkgd,Reactome,0.9619295913833992
REACTOME_MITF_M_DEPENDENT_GENE_EXPRESSION,-0.1615525027908805,0.8716582631269298,98,down,preranked_rank_sum,GSE158473,ovary,GSE158473_0month_DiNP_20ugkgd,Reactome,0.9667451142127599
REACTOME_SENESCENCE_ASSOCIATED_SECRETORY_PHENOTYPE_SASP,-0.16136265929052535,0.8718077747926055,48,down,preranked_rank_sum,GSE158473,ovary,GSE158473_0month_DiNP_20ugkgd,Reactome,0.9667451142127599
REACTOME_TICAM1_TRAF6_DEPENDENT_INDUCTION_OF_TAK1_COMPLEX,-0.160632176091251,0.8723831111121898,10,down,preranked_rank_sum,GSE158473,ovary,GSE158473_0month_DiNP_20ugkgd,Reactome,0.9667451142127599
REACTOME_IRAK4_DEFICIENCY_TLR2_4,-0.16006679107607547,0.8728284607149004,16,down,preranked_rank_sum,GSE158473,ovary,GSE158473_0month_DiNP_20ugkgd,Reactome,0.9667451142127599
REACTOME_INACTIVATION_OF_CSF3_G_CSF_SIGNALING,-0.16004425770031191,0.8728462109247661,22,down,preranked_rank_sum,GSE158473,ovary,GSE158473_0month_DiNP_20ugkgd,Reactome,0.9667451142127599
REACTOME_ALK_MUTANTS_BIND_TKIS,0.16004218210304316,0.8728478459376492,11,up,preranked_rank_sum,GSE158473,ovary,GSE158473_0month_DiNP_20ugkgd,Reactome,0.9667451142127599
REACTOME_INTERLEUKIN_21_SIGNALING,0.15763674869547628,0.8747430443247808,9,up,preranked_rank_sum,GSE158473,ovary,GSE158473_0month_DiNP_20ugkgd,Reactome,0.9680998187616509
REACTOME_RAF_ACTIVATION,0.15680907343727754,0.8753953217530113,31,up,preranked_rank_sum,GSE158473,ovary,GSE158473_0month_DiNP_20ugkgd,Reactome,0.9680998187616509
REACTOME_INTERLEUKIN_6_FAMILY_SIGNALING,-0.15457733801659765,0.877154536874837,21,down,preranked_rank_sum,GSE158473,ovary,GSE158473_0month_DiNP_20ugkgd,Reactome,0.9688130930269404
REACTOME_C_TYPE_LECTIN_RECEPTORS_CLRS,0.15381720507912391,0.877753867591442,110,up,preranked_rank_sum,GSE158473,ovary,GSE158473_0month_DiNP_20ugkgd,Reactome,0.9688130930269404
REACTOME_INTERLEUKIN_15_SIGNALING,-0.15264252403374323,0.8786801885985371,14,down,preranked_rank_sum,GSE158473,ovary,GSE158473_0month_DiNP_20ugkgd,Reactome,0.9688130930269404
REACTOME_PRE_NOTCH_EXPRESSION_AND_PROCESSING,-0.15172152565358787,0.8794065787040671,50,down,preranked_rank_sum,GSE158473,ovary,GSE158473_0month_DiNP_20ugkgd,Reactome,0.9688130930269404
REACTOME_CD209_DC_SIGN_SIGNALING,-0.15128114900461945,0.879753939046857,19,down,preranked_rank_sum,GSE158473,ovary,GSE158473_0month_DiNP_20ugkgd,Reactome,0.9688130930269404
REACTOME_COMPLEMENT_CASCADE,0.14943824924048182,0.8812078320367482,40,up,preranked_rank_sum,GSE158473,ovary,GSE158473_0month_DiNP_20ugkgd,Reactome,0.9688130930269404
REACTOME_PROTEIN_PROTEIN_INTERACTIONS_AT_SYNAPSES,0.1479513656525994,0.8823811503061074,76,up,preranked_rank_sum,GSE158473,ovary,GSE158473_0month_DiNP_20ugkgd,Reactome,0.9688130930269404
REACTOME_REGULATION_OF_TP53_ACTIVITY_THROUGH_PHOSPHORYLATION,-0.1468728102260574,0.8832324134472943,86,down,preranked_rank_sum,GSE158473,ovary,GSE158473_0month_DiNP_20ugkgd,Reactome,0.9688130930269404
REACTOME_FRS_MEDIATED_FGFR3_SIGNALING,-0.14497706977004,0.8847289761708295,14,down,preranked_rank_sum,GSE158473,ovary,GSE158473_0month_DiNP_20ugkgd,Reactome,0.9688130930269404
REACTOME_SIGNALING_BY_MODERATE_KINASE_ACTIVITY_BRAF_MUTANTS,-0.14485958127643114,0.8848217392204504,40,down,preranked_rank_sum,GSE158473,ovary,GSE158473_0month_DiNP_20ugkgd,Reactome,0.9688130930269404
REACTOME_ABC_FAMILY_PROTEINS_MEDIATED_TRANSPORT,0.1444909821196832,0.8851127769550018,81,up,preranked_rank_sum,GSE158473,ovary,GSE158473_0month_DiNP_20ugkgd,Reactome,0.9688130930269404
REACTOME_MISCELLANEOUS_SUBSTRATES,0.1429052755570729,0.8863649920480215,8,up,preranked_rank_sum,GSE158473,ovary,GSE158473_0month_DiNP_20ugkgd,Reactome,0.9688130930269404
REACTOME_PHOSPHORYLATED_BMAL1_CLOCK_ARNTL_CLOCK_ACTIVATES_EXPRESSION_OF_CORE_CLOCK_GENES,-0.1421654228668233,0.8869493428911783,21,down,preranked_rank_sum,GSE158473,ovary,GSE158473_0month_DiNP_20ugkgd,Reactome,0.9688130930269404
REACTOME_HIV_ELONGATION_ARREST_AND_RECOVERY,0.14053875940048127,0.8882343307838471,31,up,preranked_rank_sum,GSE158473,ovary,GSE158473_0month_DiNP_20ugkgd,Reactome,0.9688130930269404
REACTOME_PRC2_METHYLATES_HISTONES_AND_DNA,-0.13965497923727127,0.8889325990725018,17,down,preranked_rank_sum,GSE158473,ovary,GSE158473_0month_DiNP_20ugkgd,Reactome,0.9688130930269404
REACTOME_NPAS4_REGULATES_EXPRESSION_OF_TARGET_GENES,0.13949226430821257,0.889061168367097,19,up,preranked_rank_sum,GSE158473,ovary,GSE158473_0month_DiNP_20ugkgd,Reactome,0.9688130930269404
REACTOME_CHROMATIN_ORGANIZATION,-0.13884644582450806,0.8895714909569808,213,down,preranked_rank_sum,GSE158473,ovary,GSE158473_0month_DiNP_20ugkgd,Reactome,0.9688130930269404
REACTOME_ATTACHMENT_AND_ENTRY,-0.1388035360090939,0.8896053997057042,16,down,preranked_rank_sum,GSE158473,ovary,GSE158473_0month_DiNP_20ugkgd,Reactome,0.9688130930269404
REACTOME_DECTIN_2_FAMILY,-0.13731161550633672,0.8907844895556958,14,down,preranked_rank_sum,GSE158473,ovary,GSE158473_0month_DiNP_20ugkgd,Reactome,0.9688130930269404
REACTOME_THROMBOXANE_SIGNALLING_THROUGH_TP_RECEPTOR,0.13688491510573508,0.89112176259291,21,up,preranked_rank_sum,GSE158473,ovary,GSE158473_0month_DiNP_20ugkgd,Reactome,0.9688130930269404
REACTOME_ENOS_ACTIVATION,-0.13671215635974823,0.8912583203720972,12,down,preranked_rank_sum,GSE158473,ovary,GSE158473_0month_DiNP_20ugkgd,Reactome,0.9688130930269404
REACTOME_FGFR2C_LIGAND_BINDING_AND_ACTIVATION,-0.13609267591965885,0.8917480174291341,6,down,preranked_rank_sum,GSE158473,ovary,GSE158473_0month_DiNP_20ugkgd,Reactome,0.9688130930269404
REACTOME_TGF_BETA_RECEPTOR_SIGNALING_IN_EMT_EPITHELIAL_TO_MESENCHYMAL_TRANSITION,0.13464537054504863,0.8928922677038638,14,up,preranked_rank_sum,GSE158473,ovary,GSE158473_0month_DiNP_20ugkgd,Reactome,0.9688130930269404
REACTOME_SLC_MEDIATED_TRANSPORT_OF_INORGANIC_ANIONS,-0.13438075678604378,0.8931014974709036,21,down,preranked_rank_sum,GSE158473,ovary,GSE158473_0month_DiNP_20ugkgd,Reactome,0.9688130930269404
REACTOME_CELL_DEATH_SIGNALLING_VIA_NRAGE_NRIF_AND_NADE,-0.1325143701415505,0.8945774575286174,72,down,preranked_rank_sum,GSE158473,ovary,GSE158473_0month_DiNP_20ugkgd,Reactome,0.9688130930269404
REACTOME_RND3_GTPASE_CYCLE,-0.13232953136718362,0.8947236501116881,39,down,preranked_rank_sum,GSE158473,ovary,GSE158473_0month_DiNP_20ugkgd,Reactome,0.9688130930269404
REACTOME_SIGNALING_BY_TGFB_FAMILY_MEMBERS,0.13207677204351953,0.8949235681660064,144,up,preranked_rank_sum,GSE158473,ovary,GSE158473_0month_DiNP_20ugkgd,Reactome,0.9688130930269404
REACTOME_SHC_MEDIATED_CASCADE_FGFR4,0.13203269866444353,0.894958428351871,12,up,preranked_rank_sum,GSE158473,ovary,GSE158473_0month_DiNP_20ugkgd,Reactome,0.9688130930269404
REACTOME_SIGNALING_BY_FLT3_ITD_AND_TKD_MUTANTS,-0.1297619759366237,0.8967547473012593,16,down,preranked_rank_sum,GSE158473,ovary,GSE158473_0month_DiNP_20ugkgd,Reactome,0.9688130930269404
REACTOME_REGULATION_OF_CDH1_MRNA_TRANSLATION_BY_MICRORNAS,-0.1297405615310317,0.8967716903018753,11,down,preranked_rank_sum,GSE158473,ovary,GSE158473_0month_DiNP_20ugkgd,Reactome,0.9688130930269404
REACTOME_NF_KB_IS_ACTIVATED_AND_SIGNALS_SURVIVAL,-0.12951299067466407,0.896951746450878,12,down,preranked_rank_sum,GSE158473,ovary,GSE158473_0month_DiNP_20ugkgd,Reactome,0.9688130930269404
REACTOME_ANTIGEN_PRESENTATION_FOLDING_ASSEMBLY_AND_PEPTIDE_LOADING_OF_CLASS_I_MHC,0.1291417273833025,0.8972455047595604,22,up,preranked_rank_sum,GSE158473,ovary,GSE158473_0month_DiNP_20ugkgd,Reactome,0.9688130930269404
REACTOME_FORMATION_OF_THE_EMBRYONIC_STEM_CELL_BAF_ESBAF_COMPLEX,0.1277606072074193,0.8983384254110336,19,up,preranked_rank_sum,GSE158473,ovary,GSE158473_0month_DiNP_20ugkgd,Reactome,0.9691109814208005
REACTOME_NEGATIVE_REGULATION_OF_TCF_DEPENDENT_SIGNALING_BY_WNT_LIGAND_ANTAGONISTS,0.127117853637259,0.8988471209347507,10,up,preranked_rank_sum,GSE158473,ovary,GSE158473_0month_DiNP_20ugkgd,Reactome,0.9691109814208005
REACTOME_TRANSMISSION_ACROSS_CHEMICAL_SYNAPSES,-0.12414106205294438,0.9012035867827065,205,down,preranked_rank_sum,GSE158473,ovary,GSE158473_0month_DiNP_20ugkgd,Reactome,0.9708798184314753
REACTOME_TELOMERE_C_STRAND_SYNTHESIS_INITIATION,-0.12260353721903922,0.9024210532835617,13,down,preranked_rank_sum,GSE158473,ovary,GSE158473_0month_DiNP_20ugkgd,Reactome,0.9708798184314753
REACTOME_RNA_POLYMERASE_III_TRANSCRIPTION_INITIATION_FROM_TYPE_3_PROMOTER,0.12252917638383667,0.9024799406623631,26,up,preranked_rank_sum,GSE158473,ovary,GSE158473_0month_DiNP_20ugkgd,Reactome,0.9708798184314753
REACTOME_PREDNISONE_ADME,-0.12103421679314244,0.9036639333277224,5,down,preranked_rank_sum,GSE158473,ovary,GSE158473_0month_DiNP_20ugkgd,Reactome,0.9714095133999664
REACTOME_SYNTHESIS_OF_SUBSTRATES_IN_N_GLYCAN_BIOSYTHESIS,-0.12022969466770926,0.9043011954427869,56,down,preranked_rank_sum,GSE158473,ovary,GSE158473_0month_DiNP_20ugkgd,Reactome,0.9714095133999664
REACTOME_INTEGRIN_CELL_SURFACE_INTERACTIONS,-0.1185618017390501,0.9056225296262361,76,down,preranked_rank_sum,GSE158473,ovary,GSE158473_0month_DiNP_20ugkgd,Reactome,0.9714415761174023
REACTOME_SLC_MEDIATED_TRANSMEMBRANE_TRANSPORT,-0.1175643814889473,0.9064128286267172,174,down,preranked_rank_sum,GSE158473,ovary,GSE158473_0month_DiNP_20ugkgd,Reactome,0.9714415761174023
REACTOME_SIGNALING_BY_CSF3_G_CSF,-0.11714572932827404,0.9067445724137986,27,down,preranked_rank_sum,GSE158473,ovary,GSE158473_0month_DiNP_20ugkgd,Reactome,0.9714415761174023
REACTOME_LAMININ_INTERACTIONS,-0.1163785709466624,0.907352517888572,29,down,preranked_rank_sum,GSE158473,ovary,GSE158473_0month_DiNP_20ugkgd,Reactome,0.9714415761174023
REACTOME_MET_RECEPTOR_RECYCLING,0.11599898430546401,0.9076533467690641,10,up,preranked_rank_sum,GSE158473,ovary,GSE158473_0month_DiNP_20ugkgd,Reactome,0.9714415761174023
REACTOME_SARS_COV_2_INFECTION,0.11509347041337807,0.9083710353670424,247,up,preranked_rank_sum,GSE158473,ovary,GSE158473_0month_DiNP_20ugkgd,Reactome,0.9714985030772613
REACTOME_PHOSPHOLIPASE_C_MEDIATED_CASCADE_FGFR1,-0.11204972562186284,0.9107839794400892,8,down,preranked_rank_sum,GSE158473,ovary,GSE158473_0month_DiNP_20ugkgd,Reactome,0.972460891913763
REACTOME_GAP_JUNCTION_DEGRADATION,0.11199569191566022,0.9108268224346581,11,up,preranked_rank_sum,GSE158473,ovary,GSE158473_0month_DiNP_20ugkgd,Reactome,0.972460891913763
REACTOME_ESTROGEN_DEPENDENT_GENE_EXPRESSION,0.111192564783966,0.9114636475148022,87,up,preranked_rank_sum,GSE158473,ovary,GSE158473_0month_DiNP_20ugkgd,Reactome,0.972460891913763
REACTOME_INFECTION_WITH_ENTEROBACTERIA,-0.11060255617308701,0.9119315203924548,32,down,preranked_rank_sum,GSE158473,ovary,GSE158473_0month_DiNP_20ugkgd,Reactome,0.972460891913763
REACTOME_PYRIMIDINE_SALVAGE,0.10969040596118318,0.9126549094348301,10,up,preranked_rank_sum,GSE158473,ovary,GSE158473_0month_DiNP_20ugkgd,Reactome,0.9725229428525667
REACTOME_ACTIVATED_NTRK2_SIGNALS_THROUGH_FRS2_AND_FRS3,-0.10658200288046214,0.9151205968665156,11,down,preranked_rank_sum,GSE158473,ovary,GSE158473_0month_DiNP_20ugkgd,Reactome,0.9743967732534699
REACTOME_DEFECTIVE_C1GALT1C1_CAUSES_TNPS,0.10484327314678281,0.9165001722385331,6,up,preranked_rank_sum,GSE158473,ovary,GSE158473_0month_DiNP_20ugkgd,Reactome,0.9743967732534699
REACTOME_OXIDATIVE_STRESS_INDUCED_SENESCENCE,-0.10373443528348185,0.9173800986582136,63,down,preranked_rank_sum,GSE158473,ovary,GSE158473_0month_DiNP_20ugkgd,Reactome,0.9743967732534699
REACTOME_NCAM_SIGNALING_FOR_NEURITE_OUT_GROWTH,0.10337626589953366,0.9176643482796338,57,up,preranked_rank_sum,GSE158473,ovary,GSE158473_0month_DiNP_20ugkgd,Reactome,0.9743967732534699
REACTOME_CO_STIMULATION_BY_ICOS,-0.1032736373589522,0.9177457980643146,11,down,preranked_rank_sum,GSE158473,ovary,GSE158473_0month_DiNP_20ugkgd,Reactome,0.9743967732534699
REACTOME_RRNA_MODIFICATION_IN_THE_MITOCHONDRION,0.10158022781653753,0.9190898741718616,12,up,preranked_rank_sum,GSE158473,ovary,GSE158473_0month_DiNP_20ugkgd,Reactome,0.9744669690294127
REACTOME_ANTIMICROBIAL_MECHANISM_OF_IFN_STIMULATED_GENES,-0.101510814922938,0.9191449728396444,143,down,preranked_rank_sum,GSE158473,ovary,GSE158473_0month_DiNP_20ugkgd,Reactome,0.9744669690294127
REACTOME_PKMTS_METHYLATE_HISTONE_LYSINES,0.09924485515302092,0.920943861366946,41,up,preranked_rank_sum,GSE158473,ovary,GSE158473_0month_DiNP_20ugkgd,Reactome,0.9752867771844567
REACTOME_TOLL_LIKE_RECEPTOR_TLR1_TLR2_CASCADE,-0.09829031917347246,0.9217017651397188,104,down,preranked_rank_sum,GSE158473,ovary,GSE158473_0month_DiNP_20ugkgd,Reactome,0.9752867771844567
REACTOME_REGULATION_OF_CDH11_MRNA_TRANSLATION_BY_MICRORNAS,0.09695927622107728,0.9227587348850602,9,up,preranked_rank_sum,GSE158473,ovary,GSE158473_0month_DiNP_20ugkgd,Reactome,0.9752867771844567
REACTOME_GOLGI_TO_ER_RETROGRADE_TRANSPORT,0.09608562047560694,0.9234525716601801,121,up,preranked_rank_sum,GSE158473,ovary,GSE158473_0month_DiNP_20ugkgd,Reactome,0.9752867771844567
REACTOME_NEGATIVE_REGULATION_OF_FLT3,0.09551822573814588,0.923903214401316,14,up,preranked_rank_sum,GSE158473,ovary,GSE158473_0month_DiNP_20ugkgd,Reactome,0.9752867771844567
REACTOME_DEVELOPMENTAL_LINEAGE_OF_MULTIPOTENT_PANCREATIC_PROGENITOR_CELLS,0.09549610468655127,0.9239207841316501,10,up,preranked_rank_sum,GSE158473,ovary,GSE158473_0month_DiNP_20ugkgd,Reactome,0.9752867771844567
REACTOME_METABOLISM_OF_PORPHYRINS,0.09392441004816288,0.9251692031352662,23,up,preranked_rank_sum,GSE158473,ovary,GSE158473_0month_DiNP_20ugkgd,Reactome,0.9758999819507642
REACTOME_DEFECTIVE_B4GALT7_CAUSES_EDS_PROGEROID_TYPE,0.0921296447649277,0.926595035490809,18,up,preranked_rank_sum,GSE158473,ovary,GSE158473_0month_DiNP_20ugkgd,Reactome,0.9766993092195838
REACTOME_GENE_AND_PROTEIN_EXPRESSION_BY_JAK_STAT_SIGNALING_AFTER_INTERLEUKIN_12_STIMULATION,-0.08943637094905155,0.9287351194379598,30,down,preranked_rank_sum,GSE158473,ovary,GSE158473_0month_DiNP_20ugkgd,Reactome,0.9778760747053075
REACTOME_RHO_GTPASE_CYCLE,-0.0873870126873188,0.9303638922597274,430,down,preranked_rank_sum,GSE158473,ovary,GSE158473_0month_DiNP_20ugkgd,Reactome,0.9778760747053075
REACTOME_CLASS_B_2_SECRETIN_FAMILY_RECEPTORS,-0.08719209087898418,0.9305188259790371,62,down,preranked_rank_sum,GSE158473,ovary,GSE158473_0month_DiNP_20ugkgd,Reactome,0.9778760747053075
REACTOME_SIGNALING_BY_INTERLEUKINS,-0.08655539669430365,0.931024921060853,374,down,preranked_rank_sum,GSE158473,ovary,GSE158473_0month_DiNP_20ugkgd,Reactome,0.9778760747053075
REACTOME_DNA_REPAIR,0.08487056578107648,0.9323642924387338,279,up,preranked_rank_sum,GSE158473,ovary,GSE158473_0month_DiNP_20ugkgd,Reactome,0.9778760747053075
REACTOME_DISEASES_OF_BRANCHED_CHAIN_AMINO_ACID_CATABOLISM,-0.08476763602929904,0.9324461236102537,13,down,preranked_rank_sum,GSE158473,ovary,GSE158473_0month_DiNP_20ugkgd,Reactome,0.9778760747053075
REACTOME_DUAL_INCISION_IN_TC_NER,-0.08431442508553165,0.9328064436812551,59,down,preranked_rank_sum,GSE158473,ovary,GSE158473_0month_DiNP_20ugkgd,Reactome,0.9778760747053075
REACTOME_RECEPTOR_MEDIATED_MITOPHAGY,0.08399258347312352,0.9330623284636826,9,up,preranked_rank_sum,GSE158473,ovary,GSE158473_0month_DiNP_20ugkgd,Reactome,0.9778760747053075
REACTOME_CONSTITUTIVE_SIGNALING_BY_EGFRVIII,-0.07982163490186382,0.9363791170620317,15,down,preranked_rank_sum,GSE158473,ovary,GSE158473_0month_DiNP_20ugkgd,Reactome,0.9806491899317267
REACTOME_EPIGENETIC_REGULATION_BY_WDR5_CONTAINING_HISTONE_MODIFYING_COMPLEXES,0.07770297821022606,0.9380643250022548,106,up,preranked_rank_sum,GSE158473,ovary,GSE158473_0month_DiNP_20ugkgd,Reactome,0.9817108397661393
REACTOME_RAC1_GTPASE_CYCLE,0.07242191468584425,0.9422661451877578,177,up,preranked_rank_sum,GSE158473,ovary,GSE158473_0month_DiNP_20ugkgd,Reactome,0.9818643760426223
REACTOME_PHOSPHOLIPASE_C_MEDIATED_CASCADE_FGFR2,-0.07235580793008811,0.9423187527311665,9,down,preranked_rank_sum,GSE158473,ovary,GSE158473_0month_DiNP_20ugkgd,Reactome,0.9818643760426223
REACTOME_HEME_SIGNALING,-0.0720404552128391,0.9425697128676725,45,down,preranked_rank_sum,GSE158473,ovary,GSE158473_0month_DiNP_20ugkgd,Reactome,0.9818643760426223
REACTOME_RAF_INDEPENDENT_MAPK1_3_ACTIVATION,0.07185769097810614,0.9427151606734161,22,up,preranked_rank_sum,GSE158473,ovary,GSE158473_0month_DiNP_20ugkgd,Reactome,0.9818643760426223
REACTOME_CYTOSOLIC_IRON_SULFUR_CLUSTER_ASSEMBLY,0.07176897477911895,0.9427857636686472,11,up,preranked_rank_sum,GSE158473,ovary,GSE158473_0month_DiNP_20ugkgd,Reactome,0.9818643760426223
REACTOME_FORMATION_OF_NEURONAL_PROGENITOR_AND_NEURONAL_BAF_NPBAF_AND_NBAF,-0.07165541750287625,0.9428761365894079,24,down,preranked_rank_sum,GSE158473,ovary,GSE158473_0month_DiNP_20ugkgd,Reactome,0.9818643760426223
REACTOME_GPER1_SIGNALING,-0.07085093961612914,0.9435163897053982,40,down,preranked_rank_sum,GSE158473,ovary,GSE158473_0month_DiNP_20ugkgd,Reactome,0.9818643760426223
REACTOME_ADORA2B_MEDIATED_ANTI_INFLAMMATORY_CYTOKINES_PRODUCTION,-0.07076629907810628,0.9435837539944489,37,down,preranked_rank_sum,GSE158473,ovary,GSE158473_0month_DiNP_20ugkgd,Reactome,0.9818643760426223
REACTOME_SIGNALING_BY_FGFR1,0.0668755825643057,0.946680751802131,42,up,preranked_rank_sum,GSE158473,ovary,GSE158473_0month_DiNP_20ugkgd,Reactome,0.9843863862978062
REACTOME_SYNTHESIS_OF_PA,0.06542624284191784,0.947834630072347,32,up,preranked_rank_sum,GSE158473,ovary,GSE158473_0month_DiNP_20ugkgd,Reactome,0.984885735014763
REACTOME_RNA_POLYMERASE_I_TRANSCRIPTION_TERMINATION,-0.06441934654391458,0.9486363257062146,27,down,preranked_rank_sum,GSE158473,ovary,GSE158473_0month_DiNP_20ugkgd,Reactome,0.9850186847886971
REACTOME_EFFECTS_OF_PIP2_HYDROLYSIS,-0.0633687234093724,0.9494728922824383,26,down,preranked_rank_sum,GSE158473,ovary,GSE158473_0month_DiNP_20ugkgd,Reactome,0.9851876284719124
REACTOME_ASPARAGINE_N_LINKED_GLYCOSYLATION,0.059443739341121765,0.9525986756751379,278,up,preranked_rank_sum,GSE158473,ovary,GSE158473_0month_DiNP_20ugkgd,Reactome,0.9860565273633013
REACTOME_CRISTAE_FORMATION,-0.059061843571501245,0.9529028499809984,11,down,preranked_rank_sum,GSE158473,ovary,GSE158473_0month_DiNP_20ugkgd,Reactome,0.9860565273633013
REACTOME_RNA_POLYMERASE_II_TRANSCRIBES_SNRNA_GENES,-0.05902618309928145,0.9529312533681562,72,down,preranked_rank_sum,GSE158473,ovary,GSE158473_0month_DiNP_20ugkgd,Reactome,0.9860565273633013
REACTOME_VOLTAGE_GATED_POTASSIUM_CHANNELS,-0.05695568409232362,0.9545804967718465,32,down,preranked_rank_sum,GSE158473,ovary,GSE158473_0month_DiNP_20ugkgd,Reactome,0.9860565273633013
REACTOME_FCERI_MEDIATED_NF_KB_ACTIVATION,-0.056841954824499094,0.9546710928286831,64,down,preranked_rank_sum,GSE158473,ovary,GSE158473_0month_DiNP_20ugkgd,Reactome,0.9860565273633013
REACTOME_EPH_EPHRIN_SIGNALING,-0.05570764801362506,0.9555747067322155,89,down,preranked_rank_sum,GSE158473,ovary,GSE158473_0month_DiNP_20ugkgd,Reactome,0.9860565273633013
REACTOME_FORMATION_OF_THE_CANONICAL_BAF_CBAF_COMPLEX,0.055324821776513704,0.9558796875287147,18,up,preranked_rank_sum,GSE158473,ovary,GSE158473_0month_DiNP_20ugkgd,Reactome,0.9860565273633013
REACTOME_SIGNALING_BY_KIT_IN_DISEASE,0.05460917840842247,0.9564498263596096,20,up,preranked_rank_sum,GSE158473,ovary,GSE158473_0month_DiNP_20ugkgd,Reactome,0.9860565273633013
REACTOME_PRE_NOTCH_PROCESSING_IN_GOLGI,-0.054113657755139336,0.9568446108767694,17,down,preranked_rank_sum,GSE158473,ovary,GSE158473_0month_DiNP_20ugkgd,Reactome,0.9860565273633013
REACTOME_HDR_THROUGH_MMEJ_ALT_NHEJ,0.053849759324429536,0.9570548647937925,12,up,preranked_rank_sum,GSE158473,ovary,GSE158473_0month_DiNP_20ugkgd,Reactome,0.9860565273633013
REACTOME_AMINE_LIGAND_BINDING_RECEPTORS,-0.0503273617860741,0.9598615198401428,18,down,preranked_rank_sum,GSE158473,ovary,GSE158473_0month_DiNP_20ugkgd,Reactome,0.9882517901452738
REACTOME_RUNX1_INTERACTS_WITH_CO_FACTORS_WHOSE_PRECISE_EFFECT_ON_RUNX1_TARGETS_IS_NOT_KNOWN,0.047568049180702135,0.9620604962517053,35,up,preranked_rank_sum,GSE158473,ovary,GSE158473_0month_DiNP_20ugkgd,Reactome,0.9891661799579878
REACTOME_ACTIVATION_OF_IRF3_IRF7_MEDIATED_BY_TBK1_IKK_IKBKE,-0.047514957070498444,0.9621028097812986,16,down,preranked_rank_sum,GSE158473,ovary,GSE158473_0month_DiNP_20ugkgd,Reactome,0.9891661799579878
REACTOME_MET_PROMOTES_CELL_MOTILITY,-0.04546891464436532,0.963733551782505,39,down,preranked_rank_sum,GSE158473,ovary,GSE158473_0month_DiNP_20ugkgd,Reactome,0.9901464881981886
REACTOME_SYNTHESIS_OF_BILE_ACIDS_AND_BILE_SALTS_VIA_27_HYDROXYCHOLESTEROL,-0.04384570784965132,0.9650273925002727,9,down,preranked_rank_sum,GSE158473,ovary,GSE158473_0month_DiNP_20ugkgd,Reactome,0.9901561274381201
REACTOME_TIE2_SIGNALING,-0.04250780674220978,0.9660938884966824,18,down,preranked_rank_sum,GSE158473,ovary,GSE158473_0month_DiNP_20ugkgd,Reactome,0.9901561274381201
REACTOME_P75_NTR_RECEPTOR_MEDIATED_SIGNALLING,-0.04215885913022322,0.9663720590394428,93,down,preranked_rank_sum,GSE158473,ovary,GSE158473_0month_DiNP_20ugkgd,Reactome,0.9901561274381201
REACTOME_CS_DS_DEGRADATION,-0.04162590203801456,0.9667969242930291,18,down,preranked_rank_sum,GSE158473,ovary,GSE158473_0month_DiNP_20ugkgd,Reactome,0.9901561274381201
REACTOME_PCP_CE_PATHWAY,-0.039782068723727894,0.9682668719993356,77,down,preranked_rank_sum,GSE158473,ovary,GSE158473_0month_DiNP_20ugkgd,Reactome,0.9901561274381201
REACTOME_DOWNSTREAM_SIGNALING_OF_ACTIVATED_FGFR2,-0.03938605531079711,0.9685825975335536,21,down,preranked_rank_sum,GSE158473,ovary,GSE158473_0month_DiNP_20ugkgd,Reactome,0.9901561274381201
REACTOME_ATTACHMENT_OF_BACTERIA_TO_EPITHELIAL_CELLS,-0.039302072440535615,0.9686495543259644,23,down,preranked_rank_sum,GSE158473,ovary,GSE158473_0month_DiNP_20ugkgd,Reactome,0.9901561274381201
REACTOME_ROLE_OF_LAT2_NTAL_LAB_ON_CALCIUM_MOBILIZATION,0.038660551938677325,0.9691610248727427,14,up,preranked_rank_sum,GSE158473,ovary,GSE158473_0month_DiNP_20ugkgd,Reactome,0.9901561274381201
REACTOME_DNA_METHYLATION,-0.03614189780785949,0.9711692145163123,7,down,preranked_rank_sum,GSE158473,ovary,GSE158473_0month_DiNP_20ugkgd,Reactome,0.9915149382841121
REACTOME_AGGREPHAGY,-0.03469471140958077,0.9723231780739969,36,down,preranked_rank_sum,GSE158473,ovary,GSE158473_0month_DiNP_20ugkgd,Reactome,0.992000339388823
REACTOME_FLT3_SIGNALING_IN_DISEASE,-0.0308530973943087,0.9753866949547844,27,down,preranked_rank_sum,GSE158473,ovary,GSE158473_0month_DiNP_20ugkgd,Reactome,0.9944319023876533
REACTOME_REPRESSION_OF_WNT_TARGET_GENES,0.02829272114238076,0.9774286859645414,12,up,preranked_rank_sum,GSE158473,ovary,GSE158473_0month_DiNP_20ugkgd,Reactome,0.9958193302300762
REACTOME_CO_INHIBITION_BY_CTLA4,-0.026718893215152566,0.9786839439048206,20,down,preranked_rank_sum,GSE158473,ovary,GSE158473_0month_DiNP_20ugkgd,Reactome,0.9964038481816488
REACTOME_ACTIVATION_OF_ANTERIOR_HOX_GENES_IN_HINDBRAIN_DEVELOPMENT_DURING_EARLY_EMBRYOGENESIS,-0.025733665025412397,0.9794697719348131,61,down,preranked_rank_sum,GSE158473,ovary,GSE158473_0month_DiNP_20ugkgd,Reactome,0.9965099558585224
REACTOME_REGULATION_OF_COMMISSURAL_AXON_PATHFINDING_BY_SLIT_AND_ROBO,0.02398006960118371,0.9808685062900842,9,up,preranked_rank_sum,GSE158473,ovary,GSE158473_0month_DiNP_20ugkgd,Reactome,0.9970551529864957
REACTOME_CA_DEPENDENT_EVENTS,0.02074521253913964,0.9834489023786246,33,up,preranked_rank_sum,GSE158473,ovary,GSE158473_0month_DiNP_20ugkgd,Reactome,0.9970551529864957
REACTOME_DISEASES_OF_SIGNAL_TRANSDUCTION_BY_GROWTH_FACTOR_RECEPTORS_AND_SECOND_MESSENGERS,0.02000518311824615,0.9840392378634082,413,up,preranked_rank_sum,GSE158473,ovary,GSE158473_0month_DiNP_20ugkgd,Reactome,0.9970551529864957
REACTOME_CS_GAG_BIOSYNTHESIS,0.02000104466696217,0.9840425392092526,19,up,preranked_rank_sum,GSE158473,ovary,GSE158473_0month_DiNP_20ugkgd,Reactome,0.9970551529864957
REACTOME_THYROXINE_BIOSYNTHESIS,-0.01736726667781824,0.9861436226225225,8,down,preranked_rank_sum,GSE158473,ovary,GSE158473_0month_DiNP_20ugkgd,Reactome,0.9970551529864957
REACTOME_AQUAPORIN_MEDIATED_TRANSPORT,0.015489410483245328,0.9876417326911558,39,up,preranked_rank_sum,GSE158473,ovary,GSE158473_0month_DiNP_20ugkgd,Reactome,0.9970551529864957
REACTOME_EVASION_BY_RSV_OF_HOST_INTERFERON_RESPONSES,0.015193926635417614,0.9878774669468062,19,up,preranked_rank_sum,GSE158473,ovary,GSE158473_0month_DiNP_20ugkgd,Reactome,0.9970551529864957
REACTOME_PHASE_I_FUNCTIONALIZATION_OF_COMPOUNDS,-0.01514133249237061,0.9879194261747428,71,down,preranked_rank_sum,GSE158473,ovary,GSE158473_0month_DiNP_20ugkgd,Reactome,0.9970551529864957
REACTOME_INTERLEUKIN_RECEPTOR_SHC_SIGNALING,0.014626843093248845,0.9883298838503641,22,up,preranked_rank_sum,GSE158473,ovary,GSE158473_0month_DiNP_20ugkgd,Reactome,0.9970551529864957
REACTOME_RECEPTOR_TYPE_TYROSINE_PROTEIN_PHOSPHATASES,0.014341784942538901,0.9885573034899338,16,up,preranked_rank_sum,GSE158473,ovary,GSE158473_0month_DiNP_20ugkgd,Reactome,0.9970551529864957
REACTOME_DOWNSTREAM_SIGNALING_OF_ACTIVATED_FGFR1,-0.014071754593203024,0.9887727347943669,23,down,preranked_rank_sum,GSE158473,ovary,GSE158473_0month_DiNP_20ugkgd,Reactome,0.9970551529864957
REACTOME_KERATAN_SULFATE_KERATIN_METABOLISM,-0.013359482420493068,0.9893409922997498,33,down,preranked_rank_sum,GSE158473,ovary,GSE158473_0month_DiNP_20ugkgd,Reactome,0.9970551529864957
REACTOME_RHO_GTPASES_ACTIVATE_KTN1,0.012143205266451242,0.9903113621101043,11,up,preranked_rank_sum,GSE158473,ovary,GSE158473_0month_DiNP_20ugkgd,Reactome,0.9970551529864957
REACTOME_NUCLEAR_RECEPTOR_TRANSCRIPTION_PATHWAY,-0.01079144463979215,0.9913898400499029,49,down,preranked_rank_sum,GSE158473,ovary,GSE158473_0month_DiNP_20ugkgd,Reactome,0.9970551529864957
REACTOME_RHOC_GTPASE_CYCLE,0.01045787764415085,0.9916559729830624,73,up,preranked_rank_sum,GSE158473,ovary,GSE158473_0month_DiNP_20ugkgd,Reactome,0.9970551529864957
REACTOME_APOPTOSIS_INDUCED_DNA_FRAGMENTATION,0.010314569549770222,0.9917703101317604,8,up,preranked_rank_sum,GSE158473,ovary,GSE158473_0month_DiNP_20ugkgd,Reactome,0.9970551529864957
REACTOME_SIGNALING_BY_BRAF_AND_RAF1_FUSIONS,0.00848213032369642,0.9932323203239524,60,up,preranked_rank_sum,GSE158473,ovary,GSE158473_0month_DiNP_20ugkgd,Reactome,0.9970551529864957
REACTOME_ENTEROBACTERIAL_FACTORS_ANTAGONIZE_HOST_DEFENSE,-0.008198760411355817,0.9934584089374074,8,down,preranked_rank_sum,GSE158473,ovary,GSE158473_0month_DiNP_20ugkgd,Reactome,0.9970551529864957
REACTOME_SYNTHESIS_OF_ACTIVE_UBIQUITIN_ROLES_OF_E1_AND_E2_ENZYMES,0.008063809742780169,0.9935660804326925,28,up,preranked_rank_sum,GSE158473,ovary,GSE158473_0month_DiNP_20ugkgd,Reactome,0.9970551529864957
REACTOME_PHOSPHORYLATION_OF_CLOCK_ACETYLATION_OF_BMAL1_ARNTL_AT_TARGET_GENE_PROMOTERS,-0.007964580159654566,0.9936452516424926,10,down,preranked_rank_sum,GSE158473,ovary,GSE158473_0month_DiNP_20ugkgd,Reactome,0.9970551529864957
REACTOME_FGFR1C_LIGAND_BINDING_AND_ACTIVATION,0.006549835456704653,0.9947740247793457,7,up,preranked_rank_sum,GSE158473,ovary,GSE158473_0month_DiNP_20ugkgd,Reactome,0.9975031716237335
REACTOME_INHIBITION_OF_THE_PROTEOLYTIC_ACTIVITY_OF_APC_C_REQUIRED_FOR_THE_ONSET_OF_ANAPHASE_BY_MITOTIC_SPINDLE_CHECKPOINT_COMPONENTS,0.004071981638217406,0.996751037697522,20,up,preranked_rank_sum,GSE158473,ovary,GSE158473_0month_DiNP_20ugkgd,Reactome,0.9986958225867
REACTOME_G_PROTEIN_ACTIVATION,0.0033468342231923885,0.9973296176310411,20,up,preranked_rank_sum,GSE158473,ovary,GSE158473_0month_DiNP_20ugkgd,Reactome,0.9986958225867
REACTOME_DOPAMINE_NEUROTRANSMITTER_RELEASE_CYCLE,0.0022109041412611036,0.9982359551574098,23,up,preranked_rank_sum,GSE158473,ovary,GSE158473_0month_DiNP_20ugkgd,Reactome,0.9989192104313026
REACTOME_RHOF_GTPASE_CYCLE,0.0012281331515694987,0.999020091766087,41,up,preranked_rank_sum,GSE158473,ovary,GSE158473_0month_DiNP_20ugkgd,Reactome,0.999020091766087
