cycle,cycle_begin_year,laboratory_title,data_file,data_url,doc_url,local_xpt,variable,flag_variable,weight_variable,matrix,n_measured,n_above_lod,above_lod_pct,selected_primary_biomarker,first_cycle,last_cycle,ChemicalID,ChemicalName
2005-2006,2005,Phthalates - Urine,PHTHTE_D.xpt,https://wwwn.cdc.gov/Nchs/Data/Nhanes/Public/2005/DataFiles/PHTHTE_D.xpt,https://wwwn.cdc.gov/Nchs/Data/Nhanes/Public/2005/DataFiles/PHTHTE_D.htm,C:\Users\21634\Documents\Codex\2026-08-22\non\work\whynot17\work\nhanes_phase2a\environmental_xpt\2005-2006_PHTHTE_D.xpt,URXCOP,URDCOPLC,WTSB2YR,urine,2548,2447,96.03610675039246,True,2005-2006,2017-2018,C573544,mono(carboxy-isooctyl)phthalate
2007-2008,2007,Phthalates - Urine,PHTHTE_E.xpt,https://wwwn.cdc.gov/Nchs/Data/Nhanes/Public/2007/DataFiles/PHTHTE_E.xpt,https://wwwn.cdc.gov/Nchs/Data/Nhanes/Public/2007/DataFiles/PHTHTE_E.htm,C:\Users\21634\Documents\Codex\2026-08-22\non\work\whynot17\work\nhanes_phase2a\environmental_xpt\2007-2008_PHTHTE_E.xpt,URXCOP,URDCOPLC,WTSB2YR,urine,2604,2510,96.39016897081413,True,2005-2006,2017-2018,C573544,mono(carboxy-isooctyl)phthalate
2009-2010,2009,Phthalates - Urine,PHTHTE_F.xpt,https://wwwn.cdc.gov/Nchs/Data/Nhanes/Public/2009/DataFiles/PHTHTE_F.xpt,https://wwwn.cdc.gov/Nchs/Data/Nhanes/Public/2009/DataFiles/PHTHTE_F.htm,C:\Users\21634\Documents\Codex\2026-08-22\non\work\whynot17\work\nhanes_phase2a\environmental_xpt\2009-2010_PHTHTE_F.xpt,URXCOP,URDCOPLC,WTSB2YR,urine,2749,2744,99.81811567842853,True,2005-2006,2017-2018,C573544,mono(carboxy-isooctyl)phthalate
2011-2012,2011,Phthalates & Plasticizers Metabolites - Urine,PHTHTE_G.xpt,https://wwwn.cdc.gov/Nchs/Data/Nhanes/Public/2011/DataFiles/PHTHTE_G.xpt,https://wwwn.cdc.gov/Nchs/Data/Nhanes/Public/2011/DataFiles/PHTHTE_G.htm,C:\Users\21634\Documents\Codex\2026-08-22\non\work\whynot17\work\nhanes_phase2a\environmental_xpt\2011-2012_PHTHTE_G.xpt,URXCOP,URDCOPLC,WTSA2YR,urine,2489,2489,100.0,True,2005-2006,2017-2018,C573544,mono(carboxy-isooctyl)phthalate
2013-2014,2013,Phthalates and Plasticizers Metabolites - Urine,PHTHTE_H.xpt,https://wwwn.cdc.gov/Nchs/Data/Nhanes/Public/2013/DataFiles/PHTHTE_H.xpt,https://wwwn.cdc.gov/Nchs/Data/Nhanes/Public/2013/DataFiles/PHTHTE_H.htm,C:\Users\21634\Documents\Codex\2026-08-22\non\work\whynot17\work\nhanes_phase2a\environmental_xpt\2013-2014_PHTHTE_H.xpt,URXCOP,URDCOPLC,WTSB2YR,urine,2685,2682,99.88826815642459,True,2005-2006,2017-2018,C573544,mono(carboxy-isooctyl)phthalate
2015-2016,2015,Phthalates and Plasticizers Metabolites - Urine,PHTHTE_I.xpt,https://wwwn.cdc.gov/Nchs/Data/Nhanes/Public/2015/DataFiles/PHTHTE_I.xpt,https://wwwn.cdc.gov/Nchs/Data/Nhanes/Public/2015/DataFiles/PHTHTE_I.htm,C:\Users\21634\Documents\Codex\2026-08-22\non\work\whynot17\work\nhanes_phase2a\environmental_xpt\2015-2016_PHTHTE_I.xpt,URXCOP,URDCOPLC,WTSB2YR,urine,2975,2959,99.46218487394958,True,2005-2006,2017-2018,C573544,mono(carboxy-isooctyl)phthalate
2017-2018,2017,Phthalates and Plasticizers Metabolites - Urine,PHTHTE_J.xpt,https://wwwn.cdc.gov/Nchs/Data/Nhanes/Public/2017/DataFiles/PHTHTE_J.xpt,https://wwwn.cdc.gov/Nchs/Data/Nhanes/Public/2017/DataFiles/PHTHTE_J.htm,C:\Users\21634\Documents\Codex\2026-08-22\non\work\whynot17\work\nhanes_phase2a\environmental_xpt\2017-2018_PHTHTE_J.xpt,URXCOP,URDCOPLC,WTSB2YR,urine,2762,2748,99.49312092686459,True,2005-2006,2017-2018,C573544,mono(carboxy-isooctyl)phthalate
1999-2000,1999,Metals - Urine,LAB06HM.xpt,https://wwwn.cdc.gov/Nchs/Data/Nhanes/Public/1999/DataFiles/LAB06HM.xpt,https://wwwn.cdc.gov/Nchs/Data/Nhanes/Public/1999/DataFiles/LAB06HM.htm,C:\Users\21634\Documents\Codex\2026-08-22\non\work\whynot17\work\nhanes_phase2a\environmental_xpt\1999-2000_LAB06HM.xpt,URXUMO,,WTSHM2YR,urine,2257,2257,100.0,True,1999-2000,2017-2018,D008982,Molybdenum
2001-2002,2001,Metals - Urine,L06HM_B.xpt,https://wwwn.cdc.gov/Nchs/Data/Nhanes/Public/2001/DataFiles/L06HM_B.xpt,https://wwwn.cdc.gov/Nchs/Data/Nhanes/Public/2001/DataFiles/L06HM_B.htm,C:\Users\21634\Documents\Codex\2026-08-22\non\work\whynot17\work\nhanes_phase2a\environmental_xpt\2001-2002_L06HM_B.xpt,URXUMO,,WTSHM2YR,urine,2690,2690,100.0,True,1999-2000,2017-2018,D008982,Molybdenum
2003-2004,2003,Metals - Urine,L06HM_C.xpt,https://wwwn.cdc.gov/Nchs/Data/Nhanes/Public/2003/DataFiles/L06HM_C.xpt,https://wwwn.cdc.gov/Nchs/Data/Nhanes/Public/2003/DataFiles/L06HM_C.htm,C:\Users\21634\Documents\Codex\2026-08-22\non\work\whynot17\work\nhanes_phase2a\environmental_xpt\2003-2004_L06HM_C.xpt,URXUMO,URDUMOLC,WTSA2YR,urine,2558,2555,99.88272087568413,True,1999-2000,2017-2018,D008982,Molybdenum
2005-2006,2005,Metals - Urine,UHM_D.xpt,https://wwwn.cdc.gov/Nchs/Data/Nhanes/Public/2005/DataFiles/UHM_D.xpt,https://wwwn.cdc.gov/Nchs/Data/Nhanes/Public/2005/DataFiles/UHM_D.htm,C:\Users\21634\Documents\Codex\2026-08-22\non\work\whynot17\work\nhanes_phase2a\environmental_xpt\2005-2006_UHM_D.xpt,URXUMO,URDUMOLC,WTSA2YR,urine,2576,2576,100.0,True,1999-2000,2017-2018,D008982,Molybdenum
2007-2008,2007,Metals - Urine,UHM_E.xpt,https://wwwn.cdc.gov/Nchs/Data/Nhanes/Public/2007/DataFiles/UHM_E.xpt,https://wwwn.cdc.gov/Nchs/Data/Nhanes/Public/2007/DataFiles/UHM_E.htm,C:\Users\21634\Documents\Codex\2026-08-22\non\work\whynot17\work\nhanes_phase2a\environmental_xpt\2007-2008_UHM_E.xpt,URXUMO,URDUMOLC,WTSA2YR,urine,2627,2625,99.92386752950134,True,1999-2000,2017-2018,D008982,Molybdenum
2009-2010,2009,Metals - Urine,UHM_F.xpt,https://wwwn.cdc.gov/Nchs/Data/Nhanes/Public/2009/DataFiles/UHM_F.xpt,https://wwwn.cdc.gov/Nchs/Data/Nhanes/Public/2009/DataFiles/UHM_F.htm,C:\Users\21634\Documents\Codex\2026-08-22\non\work\whynot17\work\nhanes_phase2a\environmental_xpt\2009-2010_UHM_F.xpt,URXUMO,URDUMOLC,WTSA2YR,urine,2848,2848,100.0,True,1999-2000,2017-2018,D008982,Molybdenum
2011-2012,2011,Metals - Urine,UHM_G.xpt,https://wwwn.cdc.gov/Nchs/Data/Nhanes/Public/2011/DataFiles/UHM_G.xpt,https://wwwn.cdc.gov/Nchs/Data/Nhanes/Public/2011/DataFiles/UHM_G.htm,C:\Users\21634\Documents\Codex\2026-08-22\non\work\whynot17\work\nhanes_phase2a\environmental_xpt\2011-2012_UHM_G.xpt,URXUMO,URDUMOLC,WTSA2YR,urine,2504,2504,100.0,True,1999-2000,2017-2018,D008982,Molybdenum
2013-2014,2013,Metals - Urine,UM_H.xpt,https://wwwn.cdc.gov/Nchs/Data/Nhanes/Public/2013/DataFiles/UM_H.xpt,https://wwwn.cdc.gov/Nchs/Data/Nhanes/Public/2013/DataFiles/UM_H.htm,C:\Users\21634\Documents\Codex\2026-08-22\non\work\whynot17\work\nhanes_phase2a\environmental_xpt\2013-2014_UM_H.xpt,URXUMO,URDUMOLC,WTSA2YR,urine,2664,2664,100.0,True,1999-2000,2017-2018,D008982,Molybdenum
2015-2016,2015,Metals - Urine,UM_I.xpt,https://wwwn.cdc.gov/Nchs/Data/Nhanes/Public/2015/DataFiles/UM_I.xpt,https://wwwn.cdc.gov/Nchs/Data/Nhanes/Public/2015/DataFiles/UM_I.htm,C:\Users\21634\Documents\Codex\2026-08-22\non\work\whynot17\work\nhanes_phase2a\environmental_xpt\2015-2016_UM_I.xpt,URXUMO,URDUMOLC,WTSA2YR,urine,3060,3060,100.0,True,1999-2000,2017-2018,D008982,Molybdenum
2017-2018,2017,Metals - Urine,UM_J.xpt,https://wwwn.cdc.gov/Nchs/Data/Nhanes/Public/2017/DataFiles/UM_J.xpt,https://wwwn.cdc.gov/Nchs/Data/Nhanes/Public/2017/DataFiles/UM_J.htm,C:\Users\21634\Documents\Codex\2026-08-22\non\work\whynot17\work\nhanes_phase2a\environmental_xpt\2017-2018_UM_J.xpt,URXUMO,URDUMOLC,WTSA2YR,urine,2808,2808,100.0,True,1999-2000,2017-2018,D008982,Molybdenum
2003-2004,2003,Environmental Phenols,L24EPH_C.xpt,https://wwwn.cdc.gov/Nchs/Data/Nhanes/Public/2003/DataFiles/L24EPH_C.xpt,https://wwwn.cdc.gov/Nchs/Data/Nhanes/Public/2003/DataFiles/L24EPH_C.htm,C:\Users\21634\Documents\Codex\2026-08-22\non\work\whynot17\work\nhanes_phase2a\environmental_xpt\2003-2004_L24EPH_C.xpt,URXBPH,URDBPHLC,WTSC2YR,urine,2517,2353,93.48430671434247,True,2003-2004,2011-2012,C008745,"4,4'-bisphenol F"
2005-2006,2005,Environmental Phenols & Parabens,EPH_D.xpt,https://wwwn.cdc.gov/Nchs/Data/Nhanes/Public/2005/DataFiles/EPH_D.xpt,https://wwwn.cdc.gov/Nchs/Data/Nhanes/Public/2005/DataFiles/EPH_D.htm,C:\Users\21634\Documents\Codex\2026-08-22\non\work\whynot17\work\nhanes_phase2a\environmental_xpt\2005-2006_EPH_D.xpt,URXBPH,URDBPHLC,WTSB2YR,urine,2548,2366,92.85714285714286,True,2003-2004,2011-2012,C008745,"4,4'-bisphenol F"
2007-2008,2007,Environmental Phenols,EPH_E.xpt,https://wwwn.cdc.gov/Nchs/Data/Nhanes/Public/2007/DataFiles/EPH_E.xpt,https://wwwn.cdc.gov/Nchs/Data/Nhanes/Public/2007/DataFiles/EPH_E.htm,C:\Users\21634\Documents\Codex\2026-08-22\non\work\whynot17\work\nhanes_phase2a\environmental_xpt\2007-2008_EPH_E.xpt,URXBPH,URDBPHLC,WTSB2YR,urine,2604,2438,93.62519201228879,True,2003-2004,2011-2012,C008745,"4,4'-bisphenol F"
2009-2010,2009,Environmental Phenols,EPH_F.xpt,https://wwwn.cdc.gov/Nchs/Data/Nhanes/Public/2009/DataFiles/EPH_F.xpt,https://wwwn.cdc.gov/Nchs/Data/Nhanes/Public/2009/DataFiles/EPH_F.htm,C:\Users\21634\Documents\Codex\2026-08-22\non\work\whynot17\work\nhanes_phase2a\environmental_xpt\2009-2010_EPH_F.xpt,URXBPH,URDBPHLC,WTSB2YR,urine,2749,2528,91.96071298654056,True,2003-2004,2011-2012,C008745,"4,4'-bisphenol F"
2011-2012,2011,Environmental Phenols & Parabens,EPH_G.xpt,https://wwwn.cdc.gov/Nchs/Data/Nhanes/Public/2011/DataFiles/EPH_G.xpt,https://wwwn.cdc.gov/Nchs/Data/Nhanes/Public/2011/DataFiles/EPH_G.htm,C:\Users\21634\Documents\Codex\2026-08-22\non\work\whynot17\work\nhanes_phase2a\environmental_xpt\2011-2012_EPH_G.xpt,URXBPH,URDBPHLC,WTSA2YR,urine,2489,2233,89.71474487746083,True,2003-2004,2011-2012,C008745,"4,4'-bisphenol F"
1999-2000,1999,Metals - Urine,LAB06HM.xpt,https://wwwn.cdc.gov/Nchs/Data/Nhanes/Public/1999/DataFiles/LAB06HM.xpt,https://wwwn.cdc.gov/Nchs/Data/Nhanes/Public/1999/DataFiles/LAB06HM.htm,C:\Users\21634\Documents\Codex\2026-08-22\non\work\whynot17\work\nhanes_phase2a\environmental_xpt\1999-2000_LAB06HM.xpt,URXUTL,,WTSHM2YR,urine,2413,2413,100.0,True,1999-2000,2017-2018,D013793,Thallium
2001-2002,2001,Metals - Urine,L06HM_B.xpt,https://wwwn.cdc.gov/Nchs/Data/Nhanes/Public/2001/DataFiles/L06HM_B.xpt,https://wwwn.cdc.gov/Nchs/Data/Nhanes/Public/2001/DataFiles/L06HM_B.htm,C:\Users\21634\Documents\Codex\2026-08-22\non\work\whynot17\work\nhanes_phase2a\environmental_xpt\2001-2002_L06HM_B.xpt,URXUTL,,WTSHM2YR,urine,2653,2653,100.0,True,1999-2000,2017-2018,D013793,Thallium
2003-2004,2003,Metals - Urine,L06HM_C.xpt,https://wwwn.cdc.gov/Nchs/Data/Nhanes/Public/2003/DataFiles/L06HM_C.xpt,https://wwwn.cdc.gov/Nchs/Data/Nhanes/Public/2003/DataFiles/L06HM_C.htm,C:\Users\21634\Documents\Codex\2026-08-22\non\work\whynot17\work\nhanes_phase2a\environmental_xpt\2003-2004_L06HM_C.xpt,URXUTL,URDUTLLC,WTSA2YR,urine,2558,2539,99.25723221266614,True,1999-2000,2017-2018,D013793,Thallium
2005-2006,2005,Metals - Urine,UHM_D.xpt,https://wwwn.cdc.gov/Nchs/Data/Nhanes/Public/2005/DataFiles/UHM_D.xpt,https://wwwn.cdc.gov/Nchs/Data/Nhanes/Public/2005/DataFiles/UHM_D.htm,C:\Users\21634\Documents\Codex\2026-08-22\non\work\whynot17\work\nhanes_phase2a\environmental_xpt\2005-2006_UHM_D.xpt,URXUTL,URDUTLLC,WTSA2YR,urine,2576,2573,99.88354037267081,True,1999-2000,2017-2018,D013793,Thallium
2007-2008,2007,Metals - Urine,UHM_E.xpt,https://wwwn.cdc.gov/Nchs/Data/Nhanes/Public/2007/DataFiles/UHM_E.xpt,https://wwwn.cdc.gov/Nchs/Data/Nhanes/Public/2007/DataFiles/UHM_E.htm,C:\Users\21634\Documents\Codex\2026-08-22\non\work\whynot17\work\nhanes_phase2a\environmental_xpt\2007-2008_UHM_E.xpt,URXUTL,URDUTLLC,WTSA2YR,urine,2627,2613,99.46707270650933,True,1999-2000,2017-2018,D013793,Thallium
2009-2010,2009,Metals - Urine,UHM_F.xpt,https://wwwn.cdc.gov/Nchs/Data/Nhanes/Public/2009/DataFiles/UHM_F.xpt,https://wwwn.cdc.gov/Nchs/Data/Nhanes/Public/2009/DataFiles/UHM_F.htm,C:\Users\21634\Documents\Codex\2026-08-22\non\work\whynot17\work\nhanes_phase2a\environmental_xpt\2009-2010_UHM_F.xpt,URXUTL,URDUTLLC,WTSA2YR,urine,2848,2833,99.47331460674157,True,1999-2000,2017-2018,D013793,Thallium
2011-2012,2011,Metals - Urine,UHM_G.xpt,https://wwwn.cdc.gov/Nchs/Data/Nhanes/Public/2011/DataFiles/UHM_G.xpt,https://wwwn.cdc.gov/Nchs/Data/Nhanes/Public/2011/DataFiles/UHM_G.htm,C:\Users\21634\Documents\Codex\2026-08-22\non\work\whynot17\work\nhanes_phase2a\environmental_xpt\2011-2012_UHM_G.xpt,URXUTL,URDUTLLC,WTSA2YR,urine,2504,2490,99.4408945686901,True,1999-2000,2017-2018,D013793,Thallium
2013-2014,2013,Metals - Urine,UM_H.xpt,https://wwwn.cdc.gov/Nchs/Data/Nhanes/Public/2013/DataFiles/UM_H.xpt,https://wwwn.cdc.gov/Nchs/Data/Nhanes/Public/2013/DataFiles/UM_H.htm,C:\Users\21634\Documents\Codex\2026-08-22\non\work\whynot17\work\nhanes_phase2a\environmental_xpt\2013-2014_UM_H.xpt,URXUTL,URDUTLLC,WTSA2YR,urine,2664,2643,99.21171171171171,True,1999-2000,2017-2018,D013793,Thallium
2015-2016,2015,Metals - Urine,UM_I.xpt,https://wwwn.cdc.gov/Nchs/Data/Nhanes/Public/2015/DataFiles/UM_I.xpt,https://wwwn.cdc.gov/Nchs/Data/Nhanes/Public/2015/DataFiles/UM_I.htm,C:\Users\21634\Documents\Codex\2026-08-22\non\work\whynot17\work\nhanes_phase2a\environmental_xpt\2015-2016_UM_I.xpt,URXUTL,URDUTLLC,WTSA2YR,urine,3061,3053,99.73864750081673,True,1999-2000,2017-2018,D013793,Thallium
2017-2018,2017,Metals - Urine,UM_J.xpt,https://wwwn.cdc.gov/Nchs/Data/Nhanes/Public/2017/DataFiles/UM_J.xpt,https://wwwn.cdc.gov/Nchs/Data/Nhanes/Public/2017/DataFiles/UM_J.htm,C:\Users\21634\Documents\Codex\2026-08-22\non\work\whynot17\work\nhanes_phase2a\environmental_xpt\2017-2018_UM_J.xpt,URXUTL,URDUTLLC,WTSA2YR,urine,2808,2802,99.78632478632478,True,1999-2000,2017-2018,D013793,Thallium
2001-2002,2001,"Phthalates, Phytoestrogens & PAHs - Urine",PHPYPA_B.xpt,https://wwwn.cdc.gov/Nchs/Data/Nhanes/Public/2001/DataFiles/PHPYPA_B.xpt,https://wwwn.cdc.gov/Nchs/Data/Nhanes/Public/2001/DataFiles/PHPYPA_B.htm,C:\Users\21634\Documents\Codex\2026-08-22\non\work\whynot17\work\nhanes_phase2a\environmental_xpt\2001-2002_PHPYPA_B.xpt,URXP02,,WTSPH2YR,urine,2748,2748,100.0,True,2001-2002,2015-2016,C031721,naphthalene
2003-2004,2003,Polyaromatic Hydrocarbons (PAHs) - Urine,L31PAH_C.xpt,https://wwwn.cdc.gov/Nchs/Data/Nhanes/Public/2003/DataFiles/L31PAH_C.xpt,https://wwwn.cdc.gov/Nchs/Data/Nhanes/Public/2003/DataFiles/L31PAH_C.htm,C:\Users\21634\Documents\Codex\2026-08-22\non\work\whynot17\work\nhanes_phase2a\environmental_xpt\2003-2004_L31PAH_C.xpt,URXP02,URDP02LC,WTSB2YR,urine,2575,2575,100.0,True,2001-2002,2015-2016,C031721,naphthalene
2005-2006,2005,Polyaromatic Hydrocarbons (PAHs) - Urine,PAH_D.xpt,https://wwwn.cdc.gov/Nchs/Data/Nhanes/Public/2005/DataFiles/PAH_D.xpt,https://wwwn.cdc.gov/Nchs/Data/Nhanes/Public/2005/DataFiles/PAH_D.htm,C:\Users\21634\Documents\Codex\2026-08-22\non\work\whynot17\work\nhanes_phase2a\environmental_xpt\2005-2006_PAH_D.xpt,URXP02,URDP02LC,WTSB2YR,urine,2446,2445,99.95911692559281,True,2001-2002,2015-2016,C031721,naphthalene
2007-2008,2007,Polyaromatic Hydrocarbons (PAHs) - Urine,PAH_E.xpt,https://wwwn.cdc.gov/Nchs/Data/Nhanes/Public/2007/DataFiles/PAH_E.xpt,https://wwwn.cdc.gov/Nchs/Data/Nhanes/Public/2007/DataFiles/PAH_E.htm,C:\Users\21634\Documents\Codex\2026-08-22\non\work\whynot17\work\nhanes_phase2a\environmental_xpt\2007-2008_PAH_E.xpt,URXP02,URDP02LC,WTSB2YR,urine,2531,2530,99.96048992493085,True,2001-2002,2015-2016,C031721,naphthalene
2009-2010,2009,Polyaromatic Hydrocarbons -Urine,PAH_F.xpt,https://wwwn.cdc.gov/Nchs/Data/Nhanes/Public/2009/DataFiles/PAH_F.xpt,https://wwwn.cdc.gov/Nchs/Data/Nhanes/Public/2009/DataFiles/PAH_F.htm,C:\Users\21634\Documents\Codex\2026-08-22\non\work\whynot17\work\nhanes_phase2a\environmental_xpt\2009-2010_PAH_F.xpt,URXP02,URDP02LC,WTSB2YR,urine,2747,2747,100.0,True,2001-2002,2015-2016,C031721,naphthalene
2011-2012,2011,Polyaromatic Hydrocarbons (PAHs) - Urine,PAH_G.xpt,https://wwwn.cdc.gov/Nchs/Data/Nhanes/Public/2011/DataFiles/PAH_G.xpt,https://wwwn.cdc.gov/Nchs/Data/Nhanes/Public/2011/DataFiles/PAH_G.htm,C:\Users\21634\Documents\Codex\2026-08-22\non\work\whynot17\work\nhanes_phase2a\environmental_xpt\2011-2012_PAH_G.xpt,URXP02,URDP02LC,WTSA2YR,urine,2492,2492,100.0,True,2001-2002,2015-2016,C031721,naphthalene
2013-2014,2013,Polycyclic Aromatic Hydrocarbons (PAH) - Urine,PAH_H.xpt,https://wwwn.cdc.gov/Nchs/Data/Nhanes/Public/2013/DataFiles/PAH_H.xpt,https://wwwn.cdc.gov/Nchs/Data/Nhanes/Public/2013/DataFiles/PAH_H.htm,C:\Users\21634\Documents\Codex\2026-08-22\non\work\whynot17\work\nhanes_phase2a\environmental_xpt\2013-2014_PAH_H.xpt,URXP02,URDP02LC,WTSA2YR,urine,2641,2641,100.0,True,2001-2002,2015-2016,C031721,naphthalene
2015-2016,2015,Polycyclic Aromatic Hydrocarbons (PAH) - Urine,PAH_I.xpt,https://wwwn.cdc.gov/Nchs/Data/Nhanes/Public/2015/DataFiles/PAH_I.xpt,https://wwwn.cdc.gov/Nchs/Data/Nhanes/Public/2015/DataFiles/PAH_I.htm,C:\Users\21634\Documents\Codex\2026-08-22\non\work\whynot17\work\nhanes_phase2a\environmental_xpt\2015-2016_PAH_I.xpt,URXP02,URDP02LC,WTSA2YR,urine,2986,2986,100.0,True,2001-2002,2015-2016,C031721,naphthalene
2001-2002,2001,"Phthalates, Phytoestrogens & PAHs - Urine",PHPYPA_B.xpt,https://wwwn.cdc.gov/Nchs/Data/Nhanes/Public/2001/DataFiles/PHPYPA_B.xpt,https://wwwn.cdc.gov/Nchs/Data/Nhanes/Public/2001/DataFiles/PHPYPA_B.htm,C:\Users\21634\Documents\Codex\2026-08-22\non\work\whynot17\work\nhanes_phase2a\environmental_xpt\2001-2002_PHPYPA_B.xpt,URXP02,,WTSPH2YR,urine,2748,2748,100.0,True,2001-2002,2015-2016,C018520,"2,6-diisopropylnaphthalene"
2003-2004,2003,Polyaromatic Hydrocarbons (PAHs) - Urine,L31PAH_C.xpt,https://wwwn.cdc.gov/Nchs/Data/Nhanes/Public/2003/DataFiles/L31PAH_C.xpt,https://wwwn.cdc.gov/Nchs/Data/Nhanes/Public/2003/DataFiles/L31PAH_C.htm,C:\Users\21634\Documents\Codex\2026-08-22\non\work\whynot17\work\nhanes_phase2a\environmental_xpt\2003-2004_L31PAH_C.xpt,URXP02,URDP02LC,WTSB2YR,urine,2575,2575,100.0,True,2001-2002,2015-2016,C018520,"2,6-diisopropylnaphthalene"
2005-2006,2005,Polyaromatic Hydrocarbons (PAHs) - Urine,PAH_D.xpt,https://wwwn.cdc.gov/Nchs/Data/Nhanes/Public/2005/DataFiles/PAH_D.xpt,https://wwwn.cdc.gov/Nchs/Data/Nhanes/Public/2005/DataFiles/PAH_D.htm,C:\Users\21634\Documents\Codex\2026-08-22\non\work\whynot17\work\nhanes_phase2a\environmental_xpt\2005-2006_PAH_D.xpt,URXP02,URDP02LC,WTSB2YR,urine,2446,2445,99.95911692559281,True,2001-2002,2015-2016,C018520,"2,6-diisopropylnaphthalene"
2007-2008,2007,Polyaromatic Hydrocarbons (PAHs) - Urine,PAH_E.xpt,https://wwwn.cdc.gov/Nchs/Data/Nhanes/Public/2007/DataFiles/PAH_E.xpt,https://wwwn.cdc.gov/Nchs/Data/Nhanes/Public/2007/DataFiles/PAH_E.htm,C:\Users\21634\Documents\Codex\2026-08-22\non\work\whynot17\work\nhanes_phase2a\environmental_xpt\2007-2008_PAH_E.xpt,URXP02,URDP02LC,WTSB2YR,urine,2531,2530,99.96048992493085,True,2001-2002,2015-2016,C018520,"2,6-diisopropylnaphthalene"
2009-2010,2009,Polyaromatic Hydrocarbons -Urine,PAH_F.xpt,https://wwwn.cdc.gov/Nchs/Data/Nhanes/Public/2009/DataFiles/PAH_F.xpt,https://wwwn.cdc.gov/Nchs/Data/Nhanes/Public/2009/DataFiles/PAH_F.htm,C:\Users\21634\Documents\Codex\2026-08-22\non\work\whynot17\work\nhanes_phase2a\environmental_xpt\2009-2010_PAH_F.xpt,URXP02,URDP02LC,WTSB2YR,urine,2747,2747,100.0,True,2001-2002,2015-2016,C018520,"2,6-diisopropylnaphthalene"
2011-2012,2011,Polyaromatic Hydrocarbons (PAHs) - Urine,PAH_G.xpt,https://wwwn.cdc.gov/Nchs/Data/Nhanes/Public/2011/DataFiles/PAH_G.xpt,https://wwwn.cdc.gov/Nchs/Data/Nhanes/Public/2011/DataFiles/PAH_G.htm,C:\Users\21634\Documents\Codex\2026-08-22\non\work\whynot17\work\nhanes_phase2a\environmental_xpt\2011-2012_PAH_G.xpt,URXP02,URDP02LC,WTSA2YR,urine,2492,2492,100.0,True,2001-2002,2015-2016,C018520,"2,6-diisopropylnaphthalene"
2013-2014,2013,Polycyclic Aromatic Hydrocarbons (PAH) - Urine,PAH_H.xpt,https://wwwn.cdc.gov/Nchs/Data/Nhanes/Public/2013/DataFiles/PAH_H.xpt,https://wwwn.cdc.gov/Nchs/Data/Nhanes/Public/2013/DataFiles/PAH_H.htm,C:\Users\21634\Documents\Codex\2026-08-22\non\work\whynot17\work\nhanes_phase2a\environmental_xpt\2013-2014_PAH_H.xpt,URXP02,URDP02LC,WTSA2YR,urine,2641,2641,100.0,True,2001-2002,2015-2016,C018520,"2,6-diisopropylnaphthalene"
2015-2016,2015,Polycyclic Aromatic Hydrocarbons (PAH) - Urine,PAH_I.xpt,https://wwwn.cdc.gov/Nchs/Data/Nhanes/Public/2015/DataFiles/PAH_I.xpt,https://wwwn.cdc.gov/Nchs/Data/Nhanes/Public/2015/DataFiles/PAH_I.htm,C:\Users\21634\Documents\Codex\2026-08-22\non\work\whynot17\work\nhanes_phase2a\environmental_xpt\2015-2016_PAH_I.xpt,URXP02,URDP02LC,WTSA2YR,urine,2986,2986,100.0,True,2001-2002,2015-2016,C018520,"2,6-diisopropylnaphthalene"
1999-2000,1999,"Phthalates, Phytoestrogens & PAHs - Urine PHPYPA Urinary Phthalates",PHPYPA.xpt,https://wwwn.cdc.gov/Nchs/Data/Nhanes/Public/1999/DataFiles/PHPYPA.xpt,https://wwwn.cdc.gov/Nchs/Data/Nhanes/Public/1999/DataFiles/PHPYPA.htm,C:\Users\21634\Documents\Codex\2026-08-22\non\work\whynot17\work\nhanes_phase2a\environmental_xpt\1999-2000_PHPYPA.xpt,URXMNP,,WTSPH4YR,urine,2541,2541,100.0,False,1999-2000,2017-2018,C019174,dinonylphthalate
2001-2002,2001,"Phthalates, Phytoestrogens & PAHs - Urine",PHPYPA_B.xpt,https://wwwn.cdc.gov/Nchs/Data/Nhanes/Public/2001/DataFiles/PHPYPA_B.xpt,https://wwwn.cdc.gov/Nchs/Data/Nhanes/Public/2001/DataFiles/PHPYPA_B.htm,C:\Users\21634\Documents\Codex\2026-08-22\non\work\whynot17\work\nhanes_phase2a\environmental_xpt\2001-2002_PHPYPA_B.xpt,URXMNP,,WTSPH2YR,urine,2782,2782,100.0,False,1999-2000,2017-2018,C019174,dinonylphthalate
2003-2004,2003,Phthalates - Urine,L24PH_C.xpt,https://wwwn.cdc.gov/Nchs/Data/Nhanes/Public/2003/DataFiles/L24PH_C.xpt,https://wwwn.cdc.gov/Nchs/Data/Nhanes/Public/2003/DataFiles/L24PH_C.htm,C:\Users\21634\Documents\Codex\2026-08-22\non\work\whynot17\work\nhanes_phase2a\environmental_xpt\2003-2004_L24PH_C.xpt,URXMNP,URDMNPLC,WTSB2YR,urine,2605,152,5.834932821497121,False,1999-2000,2017-2018,C019174,dinonylphthalate
2005-2006,2005,Phthalates - Urine,PHTHTE_D.xpt,https://wwwn.cdc.gov/Nchs/Data/Nhanes/Public/2005/DataFiles/PHTHTE_D.xpt,https://wwwn.cdc.gov/Nchs/Data/Nhanes/Public/2005/DataFiles/PHTHTE_D.htm,C:\Users\21634\Documents\Codex\2026-08-22\non\work\whynot17\work\nhanes_phase2a\environmental_xpt\2005-2006_PHTHTE_D.xpt,URXCOP,URDCOPLC,WTSB2YR,urine,2548,2447,96.03610675039246,True,1999-2000,2017-2018,C019174,dinonylphthalate
2005-2006,2005,Phthalates - Urine,PHTHTE_D.xpt,https://wwwn.cdc.gov/Nchs/Data/Nhanes/Public/2005/DataFiles/PHTHTE_D.xpt,https://wwwn.cdc.gov/Nchs/Data/Nhanes/Public/2005/DataFiles/PHTHTE_D.htm,C:\Users\21634\Documents\Codex\2026-08-22\non\work\whynot17\work\nhanes_phase2a\environmental_xpt\2005-2006_PHTHTE_D.xpt,URXMNP,URDMNPLC,WTSB2YR,urine,2548,349,13.69701726844584,False,1999-2000,2017-2018,C019174,dinonylphthalate
2007-2008,2007,Phthalates - Urine,PHTHTE_E.xpt,https://wwwn.cdc.gov/Nchs/Data/Nhanes/Public/2007/DataFiles/PHTHTE_E.xpt,https://wwwn.cdc.gov/Nchs/Data/Nhanes/Public/2007/DataFiles/PHTHTE_E.htm,C:\Users\21634\Documents\Codex\2026-08-22\non\work\whynot17\work\nhanes_phase2a\environmental_xpt\2007-2008_PHTHTE_E.xpt,URXCOP,URDCOPLC,WTSB2YR,urine,2604,2510,96.39016897081413,True,1999-2000,2017-2018,C019174,dinonylphthalate
2007-2008,2007,Phthalates - Urine,PHTHTE_E.xpt,https://wwwn.cdc.gov/Nchs/Data/Nhanes/Public/2007/DataFiles/PHTHTE_E.xpt,https://wwwn.cdc.gov/Nchs/Data/Nhanes/Public/2007/DataFiles/PHTHTE_E.htm,C:\Users\21634\Documents\Codex\2026-08-22\non\work\whynot17\work\nhanes_phase2a\environmental_xpt\2007-2008_PHTHTE_E.xpt,URXMNP,URDMNPLC,WTSB2YR,urine,2604,284,10.906298003072196,False,1999-2000,2017-2018,C019174,dinonylphthalate
2009-2010,2009,Phthalates - Urine,PHTHTE_F.xpt,https://wwwn.cdc.gov/Nchs/Data/Nhanes/Public/2009/DataFiles/PHTHTE_F.xpt,https://wwwn.cdc.gov/Nchs/Data/Nhanes/Public/2009/DataFiles/PHTHTE_F.htm,C:\Users\21634\Documents\Codex\2026-08-22\non\work\whynot17\work\nhanes_phase2a\environmental_xpt\2009-2010_PHTHTE_F.xpt,URXCOP,URDCOPLC,WTSB2YR,urine,2749,2744,99.81811567842853,True,1999-2000,2017-2018,C019174,dinonylphthalate
2009-2010,2009,Phthalates - Urine,PHTHTE_F.xpt,https://wwwn.cdc.gov/Nchs/Data/Nhanes/Public/2009/DataFiles/PHTHTE_F.xpt,https://wwwn.cdc.gov/Nchs/Data/Nhanes/Public/2009/DataFiles/PHTHTE_F.htm,C:\Users\21634\Documents\Codex\2026-08-22\non\work\whynot17\work\nhanes_phase2a\environmental_xpt\2009-2010_PHTHTE_F.xpt,URXMNP,URDMNPLC,WTSB2YR,urine,2749,1063,38.668606766096765,False,1999-2000,2017-2018,C019174,dinonylphthalate
2011-2012,2011,Phthalates & Plasticizers Metabolites - Urine,PHTHTE_G.xpt,https://wwwn.cdc.gov/Nchs/Data/Nhanes/Public/2011/DataFiles/PHTHTE_G.xpt,https://wwwn.cdc.gov/Nchs/Data/Nhanes/Public/2011/DataFiles/PHTHTE_G.htm,C:\Users\21634\Documents\Codex\2026-08-22\non\work\whynot17\work\nhanes_phase2a\environmental_xpt\2011-2012_PHTHTE_G.xpt,URXCOP,URDCOPLC,WTSA2YR,urine,2489,2489,100.0,True,1999-2000,2017-2018,C019174,dinonylphthalate
2011-2012,2011,Phthalates & Plasticizers Metabolites - Urine,PHTHTE_G.xpt,https://wwwn.cdc.gov/Nchs/Data/Nhanes/Public/2011/DataFiles/PHTHTE_G.xpt,https://wwwn.cdc.gov/Nchs/Data/Nhanes/Public/2011/DataFiles/PHTHTE_G.htm,C:\Users\21634\Documents\Codex\2026-08-22\non\work\whynot17\work\nhanes_phase2a\environmental_xpt\2011-2012_PHTHTE_G.xpt,URXMNP,URDMNPLC,WTSA2YR,urine,2489,1461,58.698272398553634,False,1999-2000,2017-2018,C019174,dinonylphthalate
2013-2014,2013,Phthalates and Plasticizers Metabolites - Urine,PHTHTE_H.xpt,https://wwwn.cdc.gov/Nchs/Data/Nhanes/Public/2013/DataFiles/PHTHTE_H.xpt,https://wwwn.cdc.gov/Nchs/Data/Nhanes/Public/2013/DataFiles/PHTHTE_H.htm,C:\Users\21634\Documents\Codex\2026-08-22\non\work\whynot17\work\nhanes_phase2a\environmental_xpt\2013-2014_PHTHTE_H.xpt,URXCOP,URDCOPLC,WTSB2YR,urine,2685,2682,99.88826815642459,True,1999-2000,2017-2018,C019174,dinonylphthalate
2013-2014,2013,Phthalates and Plasticizers Metabolites - Urine,PHTHTE_H.xpt,https://wwwn.cdc.gov/Nchs/Data/Nhanes/Public/2013/DataFiles/PHTHTE_H.xpt,https://wwwn.cdc.gov/Nchs/Data/Nhanes/Public/2013/DataFiles/PHTHTE_H.htm,C:\Users\21634\Documents\Codex\2026-08-22\non\work\whynot17\work\nhanes_phase2a\environmental_xpt\2013-2014_PHTHTE_H.xpt,URXMNP,URDMNPLC,WTSB2YR,urine,2685,1085,40.4096834264432,False,1999-2000,2017-2018,C019174,dinonylphthalate
2015-2016,2015,Phthalates and Plasticizers Metabolites - Urine,PHTHTE_I.xpt,https://wwwn.cdc.gov/Nchs/Data/Nhanes/Public/2015/DataFiles/PHTHTE_I.xpt,https://wwwn.cdc.gov/Nchs/Data/Nhanes/Public/2015/DataFiles/PHTHTE_I.htm,C:\Users\21634\Documents\Codex\2026-08-22\non\work\whynot17\work\nhanes_phase2a\environmental_xpt\2015-2016_PHTHTE_I.xpt,URXCOP,URDCOPLC,WTSB2YR,urine,2975,2959,99.46218487394958,True,1999-2000,2017-2018,C019174,dinonylphthalate
2015-2016,2015,Phthalates and Plasticizers Metabolites - Urine,PHTHTE_I.xpt,https://wwwn.cdc.gov/Nchs/Data/Nhanes/Public/2015/DataFiles/PHTHTE_I.xpt,https://wwwn.cdc.gov/Nchs/Data/Nhanes/Public/2015/DataFiles/PHTHTE_I.htm,C:\Users\21634\Documents\Codex\2026-08-22\non\work\whynot17\work\nhanes_phase2a\environmental_xpt\2015-2016_PHTHTE_I.xpt,URXMNP,URDMNPLC,WTSB2YR,urine,2975,793,26.65546218487395,False,1999-2000,2017-2018,C019174,dinonylphthalate
2017-2018,2017,Phthalates and Plasticizers Metabolites - Urine,PHTHTE_J.xpt,https://wwwn.cdc.gov/Nchs/Data/Nhanes/Public/2017/DataFiles/PHTHTE_J.xpt,https://wwwn.cdc.gov/Nchs/Data/Nhanes/Public/2017/DataFiles/PHTHTE_J.htm,C:\Users\21634\Documents\Codex\2026-08-22\non\work\whynot17\work\nhanes_phase2a\environmental_xpt\2017-2018_PHTHTE_J.xpt,URXCOP,URDCOPLC,WTSB2YR,urine,2762,2748,99.49312092686459,True,1999-2000,2017-2018,C019174,dinonylphthalate
2017-2018,2017,Phthalates and Plasticizers Metabolites - Urine,PHTHTE_J.xpt,https://wwwn.cdc.gov/Nchs/Data/Nhanes/Public/2017/DataFiles/PHTHTE_J.xpt,https://wwwn.cdc.gov/Nchs/Data/Nhanes/Public/2017/DataFiles/PHTHTE_J.htm,C:\Users\21634\Documents\Codex\2026-08-22\non\work\whynot17\work\nhanes_phase2a\environmental_xpt\2017-2018_PHTHTE_J.xpt,URXMNP,URDMNPLC,WTSB2YR,urine,2762,371,13.432295438088342,False,1999-2000,2017-2018,C019174,dinonylphthalate
2013-2014,2013,Polycyclic Aromatic Hydrocarbons (PAH) - Urine,PAH_H.xpt,https://wwwn.cdc.gov/Nchs/Data/Nhanes/Public/2013/DataFiles/PAH_H.xpt,https://wwwn.cdc.gov/Nchs/Data/Nhanes/Public/2013/DataFiles/PAH_H.htm,C:\Users\21634\Documents\Codex\2026-08-22\non\work\whynot17\work\nhanes_phase2a\environmental_xpt\2013-2014_PAH_H.xpt,URXP25,URDP25LC,WTSA2YR,urine,2650,2638,99.54716981132076,True,2013-2014,2017-2018,C034020,anthracene
2015-2016,2015,Polycyclic Aromatic Hydrocarbons (PAH) - Urine,PAH_I.xpt,https://wwwn.cdc.gov/Nchs/Data/Nhanes/Public/2015/DataFiles/PAH_I.xpt,https://wwwn.cdc.gov/Nchs/Data/Nhanes/Public/2015/DataFiles/PAH_I.htm,C:\Users\21634\Documents\Codex\2026-08-22\non\work\whynot17\work\nhanes_phase2a\environmental_xpt\2015-2016_PAH_I.xpt,URXP25,URDP25LC,WTSA2YR,urine,3035,3026,99.70345963756178,True,2013-2014,2017-2018,C034020,anthracene
2017-2018,2017,Polycyclic Aromatic Hydrocarbons (PAH) - Urine,PAH_J.xpt,https://wwwn.cdc.gov/Nchs/Data/Nhanes/Public/2017/DataFiles/PAH_J.xpt,https://wwwn.cdc.gov/Nchs/Data/Nhanes/Public/2017/DataFiles/PAH_J.htm,C:\Users\21634\Documents\Codex\2026-08-22\non\work\whynot17\work\nhanes_phase2a\environmental_xpt\2017-2018_PAH_J.xpt,URXP25,URDP25LC,WTSA2YR,urine,2774,2752,99.20692141312185,True,2013-2014,2017-2018,C034020,anthracene
2003-2004,2003,Environmental Phenols,L24EPH_C.xpt,https://wwwn.cdc.gov/Nchs/Data/Nhanes/Public/2003/DataFiles/L24EPH_C.xpt,https://wwwn.cdc.gov/Nchs/Data/Nhanes/Public/2003/DataFiles/L24EPH_C.htm,C:\Users\21634\Documents\Codex\2026-08-22\non\work\whynot17\work\nhanes_phase2a\environmental_xpt\2003-2004_L24EPH_C.xpt,URXBPH,URDBPHLC,WTSC2YR,urine,2517,2353,93.48430671434247,True,2003-2004,2011-2012,C517113,bisphenol Z
2005-2006,2005,Environmental Phenols & Parabens,EPH_D.xpt,https://wwwn.cdc.gov/Nchs/Data/Nhanes/Public/2005/DataFiles/EPH_D.xpt,https://wwwn.cdc.gov/Nchs/Data/Nhanes/Public/2005/DataFiles/EPH_D.htm,C:\Users\21634\Documents\Codex\2026-08-22\non\work\whynot17\work\nhanes_phase2a\environmental_xpt\2005-2006_EPH_D.xpt,URXBPH,URDBPHLC,WTSB2YR,urine,2548,2366,92.85714285714286,True,2003-2004,2011-2012,C517113,bisphenol Z
2007-2008,2007,Environmental Phenols,EPH_E.xpt,https://wwwn.cdc.gov/Nchs/Data/Nhanes/Public/2007/DataFiles/EPH_E.xpt,https://wwwn.cdc.gov/Nchs/Data/Nhanes/Public/2007/DataFiles/EPH_E.htm,C:\Users\21634\Documents\Codex\2026-08-22\non\work\whynot17\work\nhanes_phase2a\environmental_xpt\2007-2008_EPH_E.xpt,URXBPH,URDBPHLC,WTSB2YR,urine,2604,2438,93.62519201228879,True,2003-2004,2011-2012,C517113,bisphenol Z
2009-2010,2009,Environmental Phenols,EPH_F.xpt,https://wwwn.cdc.gov/Nchs/Data/Nhanes/Public/2009/DataFiles/EPH_F.xpt,https://wwwn.cdc.gov/Nchs/Data/Nhanes/Public/2009/DataFiles/EPH_F.htm,C:\Users\21634\Documents\Codex\2026-08-22\non\work\whynot17\work\nhanes_phase2a\environmental_xpt\2009-2010_EPH_F.xpt,URXBPH,URDBPHLC,WTSB2YR,urine,2749,2528,91.96071298654056,True,2003-2004,2011-2012,C517113,bisphenol Z
2011-2012,2011,Environmental Phenols & Parabens,EPH_G.xpt,https://wwwn.cdc.gov/Nchs/Data/Nhanes/Public/2011/DataFiles/EPH_G.xpt,https://wwwn.cdc.gov/Nchs/Data/Nhanes/Public/2011/DataFiles/EPH_G.htm,C:\Users\21634\Documents\Codex\2026-08-22\non\work\whynot17\work\nhanes_phase2a\environmental_xpt\2011-2012_EPH_G.xpt,URXBPH,URDBPHLC,WTSA2YR,urine,2489,2233,89.71474487746083,True,2003-2004,2011-2012,C517113,bisphenol Z
1999-2000,1999,Metals - Urine,LAB06HM.xpt,https://wwwn.cdc.gov/Nchs/Data/Nhanes/Public/1999/DataFiles/LAB06HM.xpt,https://wwwn.cdc.gov/Nchs/Data/Nhanes/Public/1999/DataFiles/LAB06HM.htm,C:\Users\21634\Documents\Codex\2026-08-22\non\work\whynot17\work\nhanes_phase2a\environmental_xpt\1999-2000_LAB06HM.xpt,URXUPT,,WTSHM2YR,urine,2465,2465,100.0,True,1999-2000,2009-2010,D010984,Platinum
2001-2002,2001,Metals - Urine,L06HM_B.xpt,https://wwwn.cdc.gov/Nchs/Data/Nhanes/Public/2001/DataFiles/L06HM_B.xpt,https://wwwn.cdc.gov/Nchs/Data/Nhanes/Public/2001/DataFiles/L06HM_B.htm,C:\Users\21634\Documents\Codex\2026-08-22\non\work\whynot17\work\nhanes_phase2a\environmental_xpt\2001-2002_L06HM_B.xpt,URXUPT,,WTSHM2YR,urine,2690,2690,100.0,True,1999-2000,2009-2010,D010984,Platinum
2003-2004,2003,Metals - Urine,L06HM_C.xpt,https://wwwn.cdc.gov/Nchs/Data/Nhanes/Public/2003/DataFiles/L06HM_C.xpt,https://wwwn.cdc.gov/Nchs/Data/Nhanes/Public/2003/DataFiles/L06HM_C.htm,C:\Users\21634\Documents\Codex\2026-08-22\non\work\whynot17\work\nhanes_phase2a\environmental_xpt\2003-2004_L06HM_C.xpt,URXUPT,URDUPTLC,WTSA2YR,urine,2558,10,0.39093041438623927,True,1999-2000,2009-2010,D010984,Platinum
2005-2006,2005,Metals - Urine,UHM_D.xpt,https://wwwn.cdc.gov/Nchs/Data/Nhanes/Public/2005/DataFiles/UHM_D.xpt,https://wwwn.cdc.gov/Nchs/Data/Nhanes/Public/2005/DataFiles/UHM_D.htm,C:\Users\21634\Documents\Codex\2026-08-22\non\work\whynot17\work\nhanes_phase2a\environmental_xpt\2005-2006_UHM_D.xpt,URXUPT,URDUPTLC,WTSA2YR,urine,2576,310,12.03416149068323,True,1999-2000,2009-2010,D010984,Platinum
2007-2008,2007,Metals - Urine,UHM_E.xpt,https://wwwn.cdc.gov/Nchs/Data/Nhanes/Public/2007/DataFiles/UHM_E.xpt,https://wwwn.cdc.gov/Nchs/Data/Nhanes/Public/2007/DataFiles/UHM_E.htm,C:\Users\21634\Documents\Codex\2026-08-22\non\work\whynot17\work\nhanes_phase2a\environmental_xpt\2007-2008_UHM_E.xpt,URXUPT,URDUPTLC,WTSA2YR,urine,2627,146,5.557670346402741,True,1999-2000,2009-2010,D010984,Platinum
2009-2010,2009,Metals - Urine,UHM_F.xpt,https://wwwn.cdc.gov/Nchs/Data/Nhanes/Public/2009/DataFiles/UHM_F.xpt,https://wwwn.cdc.gov/Nchs/Data/Nhanes/Public/2009/DataFiles/UHM_F.htm,C:\Users\21634\Documents\Codex\2026-08-22\non\work\whynot17\work\nhanes_phase2a\environmental_xpt\2009-2010_UHM_F.xpt,URXUPT,URDUPTLC,WTSA2YR,urine,2847,332,11.661397962767825,True,1999-2000,2009-2010,D010984,Platinum
2003-2004,2003,Environmental Phenols,L24EPH_C.xpt,https://wwwn.cdc.gov/Nchs/Data/Nhanes/Public/2003/DataFiles/L24EPH_C.xpt,https://wwwn.cdc.gov/Nchs/Data/Nhanes/Public/2003/DataFiles/L24EPH_C.htm,C:\Users\21634\Documents\Codex\2026-08-22\non\work\whynot17\work\nhanes_phase2a\environmental_xpt\2003-2004_L24EPH_C.xpt,URXBPH,URDBPHLC,WTSC2YR,urine,2517,2353,93.48430671434247,True,2003-2004,2011-2012,C047969,"2,2'-bisphenol F"
2005-2006,2005,Environmental Phenols & Parabens,EPH_D.xpt,https://wwwn.cdc.gov/Nchs/Data/Nhanes/Public/2005/DataFiles/EPH_D.xpt,https://wwwn.cdc.gov/Nchs/Data/Nhanes/Public/2005/DataFiles/EPH_D.htm,C:\Users\21634\Documents\Codex\2026-08-22\non\work\whynot17\work\nhanes_phase2a\environmental_xpt\2005-2006_EPH_D.xpt,URXBPH,URDBPHLC,WTSB2YR,urine,2548,2366,92.85714285714286,True,2003-2004,2011-2012,C047969,"2,2'-bisphenol F"
2007-2008,2007,Environmental Phenols,EPH_E.xpt,https://wwwn.cdc.gov/Nchs/Data/Nhanes/Public/2007/DataFiles/EPH_E.xpt,https://wwwn.cdc.gov/Nchs/Data/Nhanes/Public/2007/DataFiles/EPH_E.htm,C:\Users\21634\Documents\Codex\2026-08-22\non\work\whynot17\work\nhanes_phase2a\environmental_xpt\2007-2008_EPH_E.xpt,URXBPH,URDBPHLC,WTSB2YR,urine,2604,2438,93.62519201228879,True,2003-2004,2011-2012,C047969,"2,2'-bisphenol F"
2009-2010,2009,Environmental Phenols,EPH_F.xpt,https://wwwn.cdc.gov/Nchs/Data/Nhanes/Public/2009/DataFiles/EPH_F.xpt,https://wwwn.cdc.gov/Nchs/Data/Nhanes/Public/2009/DataFiles/EPH_F.htm,C:\Users\21634\Documents\Codex\2026-08-22\non\work\whynot17\work\nhanes_phase2a\environmental_xpt\2009-2010_EPH_F.xpt,URXBPH,URDBPHLC,WTSB2YR,urine,2749,2528,91.96071298654056,True,2003-2004,2011-2012,C047969,"2,2'-bisphenol F"
2011-2012,2011,Environmental Phenols & Parabens,EPH_G.xpt,https://wwwn.cdc.gov/Nchs/Data/Nhanes/Public/2011/DataFiles/EPH_G.xpt,https://wwwn.cdc.gov/Nchs/Data/Nhanes/Public/2011/DataFiles/EPH_G.htm,C:\Users\21634\Documents\Codex\2026-08-22\non\work\whynot17\work\nhanes_phase2a\environmental_xpt\2011-2012_EPH_G.xpt,URXBPH,URDBPHLC,WTSA2YR,urine,2489,2233,89.71474487746083,True,2003-2004,2011-2012,C047969,"2,2'-bisphenol F"
2001-2002,2001,"Phthalates, Phytoestrogens & PAHs - Urine",PHPYPA_B.xpt,https://wwwn.cdc.gov/Nchs/Data/Nhanes/Public/2001/DataFiles/PHPYPA_B.xpt,https://wwwn.cdc.gov/Nchs/Data/Nhanes/Public/2001/DataFiles/PHPYPA_B.htm,C:\Users\21634\Documents\Codex\2026-08-22\non\work\whynot17\work\nhanes_phase2a\environmental_xpt\2001-2002_PHPYPA_B.xpt,URXP10,,WTSPH2YR,urine,2747,2747,100.0,True,2001-2002,2017-2018,C056699,picene
2003-2004,2003,Polyaromatic Hydrocarbons (PAHs) - Urine,L31PAH_C.xpt,https://wwwn.cdc.gov/Nchs/Data/Nhanes/Public/2003/DataFiles/L31PAH_C.xpt,https://wwwn.cdc.gov/Nchs/Data/Nhanes/Public/2003/DataFiles/L31PAH_C.htm,C:\Users\21634\Documents\Codex\2026-08-22\non\work\whynot17\work\nhanes_phase2a\environmental_xpt\2003-2004_L31PAH_C.xpt,URXP10,URDP10LC,WTSB2YR,urine,2515,2499,99.3638170974155,True,2001-2002,2017-2018,C056699,picene
2005-2006,2005,Polyaromatic Hydrocarbons (PAHs) - Urine,PAH_D.xpt,https://wwwn.cdc.gov/Nchs/Data/Nhanes/Public/2005/DataFiles/PAH_D.xpt,https://wwwn.cdc.gov/Nchs/Data/Nhanes/Public/2005/DataFiles/PAH_D.htm,C:\Users\21634\Documents\Codex\2026-08-22\non\work\whynot17\work\nhanes_phase2a\environmental_xpt\2005-2006_PAH_D.xpt,URXP10,URDP10LC,WTSB2YR,urine,2415,2411,99.8343685300207,True,2001-2002,2017-2018,C056699,picene
2007-2008,2007,Polyaromatic Hydrocarbons (PAHs) - Urine,PAH_E.xpt,https://wwwn.cdc.gov/Nchs/Data/Nhanes/Public/2007/DataFiles/PAH_E.xpt,https://wwwn.cdc.gov/Nchs/Data/Nhanes/Public/2007/DataFiles/PAH_E.htm,C:\Users\21634\Documents\Codex\2026-08-22\non\work\whynot17\work\nhanes_phase2a\environmental_xpt\2007-2008_PAH_E.xpt,URXP10,URDP10LC,WTSB2YR,urine,2581,2569,99.5350639287098,True,2001-2002,2017-2018,C056699,picene
2009-2010,2009,Polyaromatic Hydrocarbons -Urine,PAH_F.xpt,https://wwwn.cdc.gov/Nchs/Data/Nhanes/Public/2009/DataFiles/PAH_F.xpt,https://wwwn.cdc.gov/Nchs/Data/Nhanes/Public/2009/DataFiles/PAH_F.htm,C:\Users\21634\Documents\Codex\2026-08-22\non\work\whynot17\work\nhanes_phase2a\environmental_xpt\2009-2010_PAH_F.xpt,URXP10,URDP10LC,WTSB2YR,urine,2746,2729,99.3809176984705,True,2001-2002,2017-2018,C056699,picene
2011-2012,2011,Polyaromatic Hydrocarbons (PAHs) - Urine,PAH_G.xpt,https://wwwn.cdc.gov/Nchs/Data/Nhanes/Public/2011/DataFiles/PAH_G.xpt,https://wwwn.cdc.gov/Nchs/Data/Nhanes/Public/2011/DataFiles/PAH_G.htm,C:\Users\21634\Documents\Codex\2026-08-22\non\work\whynot17\work\nhanes_phase2a\environmental_xpt\2011-2012_PAH_G.xpt,URXP10,URDP10LC,WTSA2YR,urine,2487,2458,98.83393646964214,True,2001-2002,2017-2018,C056699,picene
2013-2014,2013,Polycyclic Aromatic Hydrocarbons (PAH) - Urine,PAH_H.xpt,https://wwwn.cdc.gov/Nchs/Data/Nhanes/Public/2013/DataFiles/PAH_H.xpt,https://wwwn.cdc.gov/Nchs/Data/Nhanes/Public/2013/DataFiles/PAH_H.htm,C:\Users\21634\Documents\Codex\2026-08-22\non\work\whynot17\work\nhanes_phase2a\environmental_xpt\2013-2014_PAH_H.xpt,URXP10,URDP10LC,WTSA2YR,urine,2650,2024,76.37735849056604,True,2001-2002,2017-2018,C056699,picene
2015-2016,2015,Polycyclic Aromatic Hydrocarbons (PAH) - Urine,PAH_I.xpt,https://wwwn.cdc.gov/Nchs/Data/Nhanes/Public/2015/DataFiles/PAH_I.xpt,https://wwwn.cdc.gov/Nchs/Data/Nhanes/Public/2015/DataFiles/PAH_I.htm,C:\Users\21634\Documents\Codex\2026-08-22\non\work\whynot17\work\nhanes_phase2a\environmental_xpt\2015-2016_PAH_I.xpt,URXP10,URDP10LC,WTSA2YR,urine,3036,2123,69.92753623188406,True,2001-2002,2017-2018,C056699,picene
2017-2018,2017,Polycyclic Aromatic Hydrocarbons (PAH) - Urine,PAH_J.xpt,https://wwwn.cdc.gov/Nchs/Data/Nhanes/Public/2017/DataFiles/PAH_J.xpt,https://wwwn.cdc.gov/Nchs/Data/Nhanes/Public/2017/DataFiles/PAH_J.htm,C:\Users\21634\Documents\Codex\2026-08-22\non\work\whynot17\work\nhanes_phase2a\environmental_xpt\2017-2018_PAH_J.xpt,URXP10,URDP10LC,WTSA2YR,urine,2775,1671,60.21621621621622,True,2001-2002,2017-2018,C056699,picene
1999-2000,1999,"Phthalates, Phytoestrogens & PAHs - Urine PHPYPA Urinary Phthalates",PHPYPA.xpt,https://wwwn.cdc.gov/Nchs/Data/Nhanes/Public/1999/DataFiles/PHPYPA.xpt,https://wwwn.cdc.gov/Nchs/Data/Nhanes/Public/1999/DataFiles/PHPYPA.htm,C:\Users\21634\Documents\Codex\2026-08-22\non\work\whynot17\work\nhanes_phase2a\environmental_xpt\1999-2000_PHPYPA.xpt,URXMNP,,WTSPH4YR,urine,2541,2541,100.0,False,1999-2000,2017-2018,C012125,diisononyl phthalate
2001-2002,2001,"Phthalates, Phytoestrogens & PAHs - Urine",PHPYPA_B.xpt,https://wwwn.cdc.gov/Nchs/Data/Nhanes/Public/2001/DataFiles/PHPYPA_B.xpt,https://wwwn.cdc.gov/Nchs/Data/Nhanes/Public/2001/DataFiles/PHPYPA_B.htm,C:\Users\21634\Documents\Codex\2026-08-22\non\work\whynot17\work\nhanes_phase2a\environmental_xpt\2001-2002_PHPYPA_B.xpt,URXMNP,,WTSPH2YR,urine,2782,2782,100.0,False,1999-2000,2017-2018,C012125,diisononyl phthalate
2003-2004,2003,Phthalates - Urine,L24PH_C.xpt,https://wwwn.cdc.gov/Nchs/Data/Nhanes/Public/2003/DataFiles/L24PH_C.xpt,https://wwwn.cdc.gov/Nchs/Data/Nhanes/Public/2003/DataFiles/L24PH_C.htm,C:\Users\21634\Documents\Codex\2026-08-22\non\work\whynot17\work\nhanes_phase2a\environmental_xpt\2003-2004_L24PH_C.xpt,URXMNP,URDMNPLC,WTSB2YR,urine,2605,152,5.834932821497121,False,1999-2000,2017-2018,C012125,diisononyl phthalate
2005-2006,2005,Phthalates - Urine,PHTHTE_D.xpt,https://wwwn.cdc.gov/Nchs/Data/Nhanes/Public/2005/DataFiles/PHTHTE_D.xpt,https://wwwn.cdc.gov/Nchs/Data/Nhanes/Public/2005/DataFiles/PHTHTE_D.htm,C:\Users\21634\Documents\Codex\2026-08-22\non\work\whynot17\work\nhanes_phase2a\environmental_xpt\2005-2006_PHTHTE_D.xpt,URXCOP,URDCOPLC,WTSB2YR,urine,2548,2447,96.03610675039246,True,1999-2000,2017-2018,C012125,diisononyl phthalate
2005-2006,2005,Phthalates - Urine,PHTHTE_D.xpt,https://wwwn.cdc.gov/Nchs/Data/Nhanes/Public/2005/DataFiles/PHTHTE_D.xpt,https://wwwn.cdc.gov/Nchs/Data/Nhanes/Public/2005/DataFiles/PHTHTE_D.htm,C:\Users\21634\Documents\Codex\2026-08-22\non\work\whynot17\work\nhanes_phase2a\environmental_xpt\2005-2006_PHTHTE_D.xpt,URXMNP,URDMNPLC,WTSB2YR,urine,2548,349,13.69701726844584,False,1999-2000,2017-2018,C012125,diisononyl phthalate
2007-2008,2007,Phthalates - Urine,PHTHTE_E.xpt,https://wwwn.cdc.gov/Nchs/Data/Nhanes/Public/2007/DataFiles/PHTHTE_E.xpt,https://wwwn.cdc.gov/Nchs/Data/Nhanes/Public/2007/DataFiles/PHTHTE_E.htm,C:\Users\21634\Documents\Codex\2026-08-22\non\work\whynot17\work\nhanes_phase2a\environmental_xpt\2007-2008_PHTHTE_E.xpt,URXCOP,URDCOPLC,WTSB2YR,urine,2604,2510,96.39016897081413,True,1999-2000,2017-2018,C012125,diisononyl phthalate
2007-2008,2007,Phthalates - Urine,PHTHTE_E.xpt,https://wwwn.cdc.gov/Nchs/Data/Nhanes/Public/2007/DataFiles/PHTHTE_E.xpt,https://wwwn.cdc.gov/Nchs/Data/Nhanes/Public/2007/DataFiles/PHTHTE_E.htm,C:\Users\21634\Documents\Codex\2026-08-22\non\work\whynot17\work\nhanes_phase2a\environmental_xpt\2007-2008_PHTHTE_E.xpt,URXMNP,URDMNPLC,WTSB2YR,urine,2604,284,10.906298003072196,False,1999-2000,2017-2018,C012125,diisononyl phthalate
2009-2010,2009,Phthalates - Urine,PHTHTE_F.xpt,https://wwwn.cdc.gov/Nchs/Data/Nhanes/Public/2009/DataFiles/PHTHTE_F.xpt,https://wwwn.cdc.gov/Nchs/Data/Nhanes/Public/2009/DataFiles/PHTHTE_F.htm,C:\Users\21634\Documents\Codex\2026-08-22\non\work\whynot17\work\nhanes_phase2a\environmental_xpt\2009-2010_PHTHTE_F.xpt,URXCOP,URDCOPLC,WTSB2YR,urine,2749,2744,99.81811567842853,True,1999-2000,2017-2018,C012125,diisononyl phthalate
2009-2010,2009,Phthalates - Urine,PHTHTE_F.xpt,https://wwwn.cdc.gov/Nchs/Data/Nhanes/Public/2009/DataFiles/PHTHTE_F.xpt,https://wwwn.cdc.gov/Nchs/Data/Nhanes/Public/2009/DataFiles/PHTHTE_F.htm,C:\Users\21634\Documents\Codex\2026-08-22\non\work\whynot17\work\nhanes_phase2a\environmental_xpt\2009-2010_PHTHTE_F.xpt,URXMNP,URDMNPLC,WTSB2YR,urine,2749,1063,38.668606766096765,False,1999-2000,2017-2018,C012125,diisononyl phthalate
2011-2012,2011,Phthalates & Plasticizers Metabolites - Urine,PHTHTE_G.xpt,https://wwwn.cdc.gov/Nchs/Data/Nhanes/Public/2011/DataFiles/PHTHTE_G.xpt,https://wwwn.cdc.gov/Nchs/Data/Nhanes/Public/2011/DataFiles/PHTHTE_G.htm,C:\Users\21634\Documents\Codex\2026-08-22\non\work\whynot17\work\nhanes_phase2a\environmental_xpt\2011-2012_PHTHTE_G.xpt,URXCOP,URDCOPLC,WTSA2YR,urine,2489,2489,100.0,True,1999-2000,2017-2018,C012125,diisononyl phthalate
2011-2012,2011,Phthalates & Plasticizers Metabolites - Urine,PHTHTE_G.xpt,https://wwwn.cdc.gov/Nchs/Data/Nhanes/Public/2011/DataFiles/PHTHTE_G.xpt,https://wwwn.cdc.gov/Nchs/Data/Nhanes/Public/2011/DataFiles/PHTHTE_G.htm,C:\Users\21634\Documents\Codex\2026-08-22\non\work\whynot17\work\nhanes_phase2a\environmental_xpt\2011-2012_PHTHTE_G.xpt,URXMNP,URDMNPLC,WTSA2YR,urine,2489,1461,58.698272398553634,False,1999-2000,2017-2018,C012125,diisononyl phthalate
2013-2014,2013,Phthalates and Plasticizers Metabolites - Urine,PHTHTE_H.xpt,https://wwwn.cdc.gov/Nchs/Data/Nhanes/Public/2013/DataFiles/PHTHTE_H.xpt,https://wwwn.cdc.gov/Nchs/Data/Nhanes/Public/2013/DataFiles/PHTHTE_H.htm,C:\Users\21634\Documents\Codex\2026-08-22\non\work\whynot17\work\nhanes_phase2a\environmental_xpt\2013-2014_PHTHTE_H.xpt,URXCOP,URDCOPLC,WTSB2YR,urine,2685,2682,99.88826815642459,True,1999-2000,2017-2018,C012125,diisononyl phthalate
2013-2014,2013,Phthalates and Plasticizers Metabolites - Urine,PHTHTE_H.xpt,https://wwwn.cdc.gov/Nchs/Data/Nhanes/Public/2013/DataFiles/PHTHTE_H.xpt,https://wwwn.cdc.gov/Nchs/Data/Nhanes/Public/2013/DataFiles/PHTHTE_H.htm,C:\Users\21634\Documents\Codex\2026-08-22\non\work\whynot17\work\nhanes_phase2a\environmental_xpt\2013-2014_PHTHTE_H.xpt,URXMNP,URDMNPLC,WTSB2YR,urine,2685,1085,40.4096834264432,False,1999-2000,2017-2018,C012125,diisononyl phthalate
2015-2016,2015,Phthalates and Plasticizers Metabolites - Urine,PHTHTE_I.xpt,https://wwwn.cdc.gov/Nchs/Data/Nhanes/Public/2015/DataFiles/PHTHTE_I.xpt,https://wwwn.cdc.gov/Nchs/Data/Nhanes/Public/2015/DataFiles/PHTHTE_I.htm,C:\Users\21634\Documents\Codex\2026-08-22\non\work\whynot17\work\nhanes_phase2a\environmental_xpt\2015-2016_PHTHTE_I.xpt,URXCOP,URDCOPLC,WTSB2YR,urine,2975,2959,99.46218487394958,True,1999-2000,2017-2018,C012125,diisononyl phthalate
2015-2016,2015,Phthalates and Plasticizers Metabolites - Urine,PHTHTE_I.xpt,https://wwwn.cdc.gov/Nchs/Data/Nhanes/Public/2015/DataFiles/PHTHTE_I.xpt,https://wwwn.cdc.gov/Nchs/Data/Nhanes/Public/2015/DataFiles/PHTHTE_I.htm,C:\Users\21634\Documents\Codex\2026-08-22\non\work\whynot17\work\nhanes_phase2a\environmental_xpt\2015-2016_PHTHTE_I.xpt,URXMNP,URDMNPLC,WTSB2YR,urine,2975,793,26.65546218487395,False,1999-2000,2017-2018,C012125,diisononyl phthalate
2017-2018,2017,Phthalates and Plasticizers Metabolites - Urine,PHTHTE_J.xpt,https://wwwn.cdc.gov/Nchs/Data/Nhanes/Public/2017/DataFiles/PHTHTE_J.xpt,https://wwwn.cdc.gov/Nchs/Data/Nhanes/Public/2017/DataFiles/PHTHTE_J.htm,C:\Users\21634\Documents\Codex\2026-08-22\non\work\whynot17\work\nhanes_phase2a\environmental_xpt\2017-2018_PHTHTE_J.xpt,URXCOP,URDCOPLC,WTSB2YR,urine,2762,2748,99.49312092686459,True,1999-2000,2017-2018,C012125,diisononyl phthalate
2017-2018,2017,Phthalates and Plasticizers Metabolites - Urine,PHTHTE_J.xpt,https://wwwn.cdc.gov/Nchs/Data/Nhanes/Public/2017/DataFiles/PHTHTE_J.xpt,https://wwwn.cdc.gov/Nchs/Data/Nhanes/Public/2017/DataFiles/PHTHTE_J.htm,C:\Users\21634\Documents\Codex\2026-08-22\non\work\whynot17\work\nhanes_phase2a\environmental_xpt\2017-2018_PHTHTE_J.xpt,URXMNP,URDMNPLC,WTSB2YR,urine,2762,371,13.432295438088342,False,1999-2000,2017-2018,C012125,diisononyl phthalate
1999-2000,1999,Metals - Urine,LAB06HM.xpt,https://wwwn.cdc.gov/Nchs/Data/Nhanes/Public/1999/DataFiles/LAB06HM.xpt,https://wwwn.cdc.gov/Nchs/Data/Nhanes/Public/1999/DataFiles/LAB06HM.htm,C:\Users\21634\Documents\Codex\2026-08-22\non\work\whynot17\work\nhanes_phase2a\environmental_xpt\1999-2000_LAB06HM.xpt,URXUPB,,WTSHM2YR,urine,2465,2465,100.0,True,1999-2000,2017-2018,C029891,lead chloride
2001-2002,2001,Metals - Urine,L06HM_B.xpt,https://wwwn.cdc.gov/Nchs/Data/Nhanes/Public/2001/DataFiles/L06HM_B.xpt,https://wwwn.cdc.gov/Nchs/Data/Nhanes/Public/2001/DataFiles/L06HM_B.htm,C:\Users\21634\Documents\Codex\2026-08-22\non\work\whynot17\work\nhanes_phase2a\environmental_xpt\2001-2002_L06HM_B.xpt,URXUPB,,WTSHM2YR,urine,2690,2690,100.0,True,1999-2000,2017-2018,C029891,lead chloride
2003-2004,2003,Metals - Urine,L06HM_C.xpt,https://wwwn.cdc.gov/Nchs/Data/Nhanes/Public/2003/DataFiles/L06HM_C.xpt,https://wwwn.cdc.gov/Nchs/Data/Nhanes/Public/2003/DataFiles/L06HM_C.htm,C:\Users\21634\Documents\Codex\2026-08-22\non\work\whynot17\work\nhanes_phase2a\environmental_xpt\2003-2004_L06HM_C.xpt,URXUPB,URDUPBLC,WTSA2YR,urine,2558,2170,84.83189992181391,True,1999-2000,2017-2018,C029891,lead chloride
2005-2006,2005,Metals - Urine,UHM_D.xpt,https://wwwn.cdc.gov/Nchs/Data/Nhanes/Public/2005/DataFiles/UHM_D.xpt,https://wwwn.cdc.gov/Nchs/Data/Nhanes/Public/2005/DataFiles/UHM_D.htm,C:\Users\21634\Documents\Codex\2026-08-22\non\work\whynot17\work\nhanes_phase2a\environmental_xpt\2005-2006_UHM_D.xpt,URXUPB,URDUPBLC,WTSA2YR,urine,2576,2515,97.63198757763975,True,1999-2000,2017-2018,C029891,lead chloride
2007-2008,2007,Metals - Urine,UHM_E.xpt,https://wwwn.cdc.gov/Nchs/Data/Nhanes/Public/2007/DataFiles/UHM_E.xpt,https://wwwn.cdc.gov/Nchs/Data/Nhanes/Public/2007/DataFiles/UHM_E.htm,C:\Users\21634\Documents\Codex\2026-08-22\non\work\whynot17\work\nhanes_phase2a\environmental_xpt\2007-2008_UHM_E.xpt,URXUPB,URDUPBLC,WTSA2YR,urine,2627,2575,98.02055576703464,True,1999-2000,2017-2018,C029891,lead chloride
2009-2010,2009,Metals - Urine,UHM_F.xpt,https://wwwn.cdc.gov/Nchs/Data/Nhanes/Public/2009/DataFiles/UHM_F.xpt,https://wwwn.cdc.gov/Nchs/Data/Nhanes/Public/2009/DataFiles/UHM_F.htm,C:\Users\21634\Documents\Codex\2026-08-22\non\work\whynot17\work\nhanes_phase2a\environmental_xpt\2009-2010_UHM_F.xpt,URXUPB,URDUPBLC,WTSA2YR,urine,2848,2768,97.19101123595506,True,1999-2000,2017-2018,C029891,lead chloride
2011-2012,2011,Metals - Urine,UHM_G.xpt,https://wwwn.cdc.gov/Nchs/Data/Nhanes/Public/2011/DataFiles/UHM_G.xpt,https://wwwn.cdc.gov/Nchs/Data/Nhanes/Public/2011/DataFiles/UHM_G.htm,C:\Users\21634\Documents\Codex\2026-08-22\non\work\whynot17\work\nhanes_phase2a\environmental_xpt\2011-2012_UHM_G.xpt,URXUPB,URDUPBLC,WTSA2YR,urine,2504,2404,96.00638977635782,True,1999-2000,2017-2018,C029891,lead chloride
2013-2014,2013,Metals - Urine,UM_H.xpt,https://wwwn.cdc.gov/Nchs/Data/Nhanes/Public/2013/DataFiles/UM_H.xpt,https://wwwn.cdc.gov/Nchs/Data/Nhanes/Public/2013/DataFiles/UM_H.htm,C:\Users\21634\Documents\Codex\2026-08-22\non\work\whynot17\work\nhanes_phase2a\environmental_xpt\2013-2014_UM_H.xpt,URXUPB,URDUPBLC,WTSA2YR,urine,2664,2636,98.94894894894895,True,1999-2000,2017-2018,C029891,lead chloride
2015-2016,2015,Metals - Urine,UM_I.xpt,https://wwwn.cdc.gov/Nchs/Data/Nhanes/Public/2015/DataFiles/UM_I.xpt,https://wwwn.cdc.gov/Nchs/Data/Nhanes/Public/2015/DataFiles/UM_I.htm,C:\Users\21634\Documents\Codex\2026-08-22\non\work\whynot17\work\nhanes_phase2a\environmental_xpt\2015-2016_UM_I.xpt,URXUPB,URDUPBLC,WTSA2YR,urine,3061,3049,99.6079712512251,True,1999-2000,2017-2018,C029891,lead chloride
2017-2018,2017,Metals - Urine,UM_J.xpt,https://wwwn.cdc.gov/Nchs/Data/Nhanes/Public/2017/DataFiles/UM_J.xpt,https://wwwn.cdc.gov/Nchs/Data/Nhanes/Public/2017/DataFiles/UM_J.htm,C:\Users\21634\Documents\Codex\2026-08-22\non\work\whynot17\work\nhanes_phase2a\environmental_xpt\2017-2018_UM_J.xpt,URXUPB,URDUPBLC,WTSA2YR,urine,2405,2390,99.37629937629937,True,1999-2000,2017-2018,C029891,lead chloride
1999-2000,1999,Metals - Urine,LAB06HM.xpt,https://wwwn.cdc.gov/Nchs/Data/Nhanes/Public/1999/DataFiles/LAB06HM.xpt,https://wwwn.cdc.gov/Nchs/Data/Nhanes/Public/1999/DataFiles/LAB06HM.htm,C:\Users\21634\Documents\Codex\2026-08-22\non\work\whynot17\work\nhanes_phase2a\environmental_xpt\1999-2000_LAB06HM.xpt,URXUCO,,WTSHM2YR,urine,2465,2465,100.0,True,1999-2000,2017-2018,C060728,cobalt oxide
2001-2002,2001,Metals - Urine,L06HM_B.xpt,https://wwwn.cdc.gov/Nchs/Data/Nhanes/Public/2001/DataFiles/L06HM_B.xpt,https://wwwn.cdc.gov/Nchs/Data/Nhanes/Public/2001/DataFiles/L06HM_B.htm,C:\Users\21634\Documents\Codex\2026-08-22\non\work\whynot17\work\nhanes_phase2a\environmental_xpt\2001-2002_L06HM_B.xpt,URXUCO,,WTSHM2YR,urine,2690,2690,100.0,True,1999-2000,2017-2018,C060728,cobalt oxide
2003-2004,2003,Metals - Urine,L06HM_C.xpt,https://wwwn.cdc.gov/Nchs/Data/Nhanes/Public/2003/DataFiles/L06HM_C.xpt,https://wwwn.cdc.gov/Nchs/Data/Nhanes/Public/2003/DataFiles/L06HM_C.htm,C:\Users\21634\Documents\Codex\2026-08-22\non\work\whynot17\work\nhanes_phase2a\environmental_xpt\2003-2004_L06HM_C.xpt,URXUCO,URDUCOLC,WTSA2YR,urine,2558,2463,96.28616106333072,True,1999-2000,2017-2018,C060728,cobalt oxide
2005-2006,2005,Metals - Urine,UHM_D.xpt,https://wwwn.cdc.gov/Nchs/Data/Nhanes/Public/2005/DataFiles/UHM_D.xpt,https://wwwn.cdc.gov/Nchs/Data/Nhanes/Public/2005/DataFiles/UHM_D.htm,C:\Users\21634\Documents\Codex\2026-08-22\non\work\whynot17\work\nhanes_phase2a\environmental_xpt\2005-2006_UHM_D.xpt,URXUCO,URDUCOLC,WTSA2YR,urine,2576,2566,99.61180124223603,True,1999-2000,2017-2018,C060728,cobalt oxide
2007-2008,2007,Metals - Urine,UHM_E.xpt,https://wwwn.cdc.gov/Nchs/Data/Nhanes/Public/2007/DataFiles/UHM_E.xpt,https://wwwn.cdc.gov/Nchs/Data/Nhanes/Public/2007/DataFiles/UHM_E.htm,C:\Users\21634\Documents\Codex\2026-08-22\non\work\whynot17\work\nhanes_phase2a\environmental_xpt\2007-2008_UHM_E.xpt,URXUCO,URDUCOLC,WTSA2YR,urine,2627,2621,99.771602588504,True,1999-2000,2017-2018,C060728,cobalt oxide
2009-2010,2009,Metals - Urine,UHM_F.xpt,https://wwwn.cdc.gov/Nchs/Data/Nhanes/Public/2009/DataFiles/UHM_F.xpt,https://wwwn.cdc.gov/Nchs/Data/Nhanes/Public/2009/DataFiles/UHM_F.htm,C:\Users\21634\Documents\Codex\2026-08-22\non\work\whynot17\work\nhanes_phase2a\environmental_xpt\2009-2010_UHM_F.xpt,URXUCO,URDUCOLC,WTSA2YR,urine,2848,2830,99.36797752808988,True,1999-2000,2017-2018,C060728,cobalt oxide
2011-2012,2011,Metals - Urine,UHM_G.xpt,https://wwwn.cdc.gov/Nchs/Data/Nhanes/Public/2011/DataFiles/UHM_G.xpt,https://wwwn.cdc.gov/Nchs/Data/Nhanes/Public/2011/DataFiles/UHM_G.htm,C:\Users\21634\Documents\Codex\2026-08-22\non\work\whynot17\work\nhanes_phase2a\environmental_xpt\2011-2012_UHM_G.xpt,URXUCO,URDUCOLC,WTSA2YR,urine,2504,2488,99.36102236421725,True,1999-2000,2017-2018,C060728,cobalt oxide
2013-2014,2013,Metals - Urine,UM_H.xpt,https://wwwn.cdc.gov/Nchs/Data/Nhanes/Public/2013/DataFiles/UM_H.xpt,https://wwwn.cdc.gov/Nchs/Data/Nhanes/Public/2013/DataFiles/UM_H.htm,C:\Users\21634\Documents\Codex\2026-08-22\non\work\whynot17\work\nhanes_phase2a\environmental_xpt\2013-2014_UM_H.xpt,URXUCO,URDUCOLC,WTSA2YR,urine,2664,2662,99.92492492492492,True,1999-2000,2017-2018,C060728,cobalt oxide
2015-2016,2015,Metals - Urine,UM_I.xpt,https://wwwn.cdc.gov/Nchs/Data/Nhanes/Public/2015/DataFiles/UM_I.xpt,https://wwwn.cdc.gov/Nchs/Data/Nhanes/Public/2015/DataFiles/UM_I.htm,C:\Users\21634\Documents\Codex\2026-08-22\non\work\whynot17\work\nhanes_phase2a\environmental_xpt\2015-2016_UM_I.xpt,URXUCO,URDUCOLC,WTSA2YR,urine,3061,3058,99.90199281280627,True,1999-2000,2017-2018,C060728,cobalt oxide
2017-2018,2017,Metals - Urine,UM_J.xpt,https://wwwn.cdc.gov/Nchs/Data/Nhanes/Public/2017/DataFiles/UM_J.xpt,https://wwwn.cdc.gov/Nchs/Data/Nhanes/Public/2017/DataFiles/UM_J.htm,C:\Users\21634\Documents\Codex\2026-08-22\non\work\whynot17\work\nhanes_phase2a\environmental_xpt\2017-2018_UM_J.xpt,URXUCO,URDUCOLC,WTSA2YR,urine,2808,2805,99.8931623931624,True,1999-2000,2017-2018,C060728,cobalt oxide
2003-2004,2003,Polyfluoroalkyl Chemicals,L24PFC_C.xpt,https://wwwn.cdc.gov/Nchs/Data/Nhanes/Public/2003/DataFiles/L24PFC_C.xpt,https://wwwn.cdc.gov/Nchs/Data/Nhanes/Public/2003/DataFiles/L24PFC_C.htm,C:\Users\21634\Documents\Codex\2026-08-22\non\work\whynot17\work\nhanes_phase2a\environmental_xpt\2003-2004_L24PFC_C.xpt,LBXPFUA,LBDPFUAL,WTSA2YR,serum_or_blood,2094,174,8.30945558739255,True,2003-2004,2017-2018,C586085,perfluoroundecanoic acid
2005-2006,2005,Polyfluoroalkyl Chemicals,PFC_D.xpt,https://wwwn.cdc.gov/Nchs/Data/Nhanes/Public/2005/DataFiles/PFC_D.xpt,https://wwwn.cdc.gov/Nchs/Data/Nhanes/Public/2005/DataFiles/PFC_D.htm,C:\Users\21634\Documents\Codex\2026-08-22\non\work\whynot17\work\nhanes_phase2a\environmental_xpt\2005-2006_PFC_D.xpt,LBXPFUA,LBDPFUAL,WTSA2YR,serum_or_blood,2120,657,30.99056603773585,True,2003-2004,2017-2018,C586085,perfluoroundecanoic acid
2007-2008,2007,Polyfluoroalkyl Chemicals,PFC_E.xpt,https://wwwn.cdc.gov/Nchs/Data/Nhanes/Public/2007/DataFiles/PFC_E.xpt,https://wwwn.cdc.gov/Nchs/Data/Nhanes/Public/2007/DataFiles/PFC_E.htm,C:\Users\21634\Documents\Codex\2026-08-22\non\work\whynot17\work\nhanes_phase2a\environmental_xpt\2007-2008_PFC_E.xpt,LBXPFUA,LBDPFUAL,WTSC2YR,serum_or_blood,2100,627,29.857142857142858,True,2003-2004,2017-2018,C586085,perfluoroundecanoic acid
2009-2010,2009,Polyfluoroalkyl Chemicals,PFC_F.xpt,https://wwwn.cdc.gov/Nchs/Data/Nhanes/Public/2009/DataFiles/PFC_F.xpt,https://wwwn.cdc.gov/Nchs/Data/Nhanes/Public/2009/DataFiles/PFC_F.htm,C:\Users\21634\Documents\Codex\2026-08-22\non\work\whynot17\work\nhanes_phase2a\environmental_xpt\2009-2010_PFC_F.xpt,LBXPFUA,LBDPFUAL,WTSC2YR,serum_or_blood,2233,1555,69.63725929243171,True,2003-2004,2017-2018,C586085,perfluoroundecanoic acid
2011-2012,2011,Polyfluoroalkyl Chemicals,PFC_G.xpt,https://wwwn.cdc.gov/Nchs/Data/Nhanes/Public/2011/DataFiles/PFC_G.xpt,https://wwwn.cdc.gov/Nchs/Data/Nhanes/Public/2011/DataFiles/PFC_G.htm,C:\Users\21634\Documents\Codex\2026-08-22\non\work\whynot17\work\nhanes_phase2a\environmental_xpt\2011-2012_PFC_G.xpt,LBXPFUA,LBDPFUAL,WTSA2YR,serum_or_blood,1904,1188,62.39495798319328,True,2003-2004,2017-2018,C586085,perfluoroundecanoic acid
2013-2014,2013,Perfluoroalkyl and Polyfluoroalkyl Substances (formerly Polyfluoroalkyl Chemicals - PFC),PFAS_H.xpt,https://wwwn.cdc.gov/Nchs/Data/Nhanes/Public/2013/DataFiles/PFAS_H.xpt,https://wwwn.cdc.gov/Nchs/Data/Nhanes/Public/2013/DataFiles/PFAS_H.htm,C:\Users\21634\Documents\Codex\2026-08-22\non\work\whynot17\work\nhanes_phase2a\environmental_xpt\2013-2014_PFAS_H.xpt,LBXPFUA,LBDPFUAL,WTSB2YR,serum_or_blood,2168,943,43.496309963099634,True,2003-2004,2017-2018,C586085,perfluoroundecanoic acid
2015-2016,2015,Perfluoroalkyl and Polyfluoroalkyl,PFAS_I.xpt,https://wwwn.cdc.gov/Nchs/Data/Nhanes/Public/2015/DataFiles/PFAS_I.xpt,https://wwwn.cdc.gov/Nchs/Data/Nhanes/Public/2015/DataFiles/PFAS_I.htm,C:\Users\21634\Documents\Codex\2026-08-22\non\work\whynot17\work\nhanes_phase2a\environmental_xpt\2015-2016_PFAS_I.xpt,LBXPFUA,LBDPFUAL,WTSB2YR,serum_or_blood,1993,751,37.68188660311089,True,2003-2004,2017-2018,C586085,perfluoroundecanoic acid
2017-2018,2017,Perfluoroalkyl and Polyfluoroalkyl Substances,PFAS_J.xpt,https://wwwn.cdc.gov/Nchs/Data/Nhanes/Public/2017/DataFiles/PFAS_J.xpt,https://wwwn.cdc.gov/Nchs/Data/Nhanes/Public/2017/DataFiles/PFAS_J.htm,C:\Users\21634\Documents\Codex\2026-08-22\non\work\whynot17\work\nhanes_phase2a\environmental_xpt\2017-2018_PFAS_J.xpt,LBXPFUA,LBDPFUAL,WTSB2YR,serum_or_blood,1929,1274,66.04458268532919,True,2003-2004,2017-2018,C586085,perfluoroundecanoic acid
1999-2000,1999,Metals - Urine,LAB06HM.xpt,https://wwwn.cdc.gov/Nchs/Data/Nhanes/Public/1999/DataFiles/LAB06HM.xpt,https://wwwn.cdc.gov/Nchs/Data/Nhanes/Public/1999/DataFiles/LAB06HM.htm,C:\Users\21634\Documents\Codex\2026-08-22\non\work\whynot17\work\nhanes_phase2a\environmental_xpt\1999-2000_LAB06HM.xpt,URXUCO,,WTSHM2YR,urine,2465,2465,100.0,True,1999-2000,2017-2018,C026305,cobalt sulfate
2001-2002,2001,Metals - Urine,L06HM_B.xpt,https://wwwn.cdc.gov/Nchs/Data/Nhanes/Public/2001/DataFiles/L06HM_B.xpt,https://wwwn.cdc.gov/Nchs/Data/Nhanes/Public/2001/DataFiles/L06HM_B.htm,C:\Users\21634\Documents\Codex\2026-08-22\non\work\whynot17\work\nhanes_phase2a\environmental_xpt\2001-2002_L06HM_B.xpt,URXUCO,,WTSHM2YR,urine,2690,2690,100.0,True,1999-2000,2017-2018,C026305,cobalt sulfate
2003-2004,2003,Metals - Urine,L06HM_C.xpt,https://wwwn.cdc.gov/Nchs/Data/Nhanes/Public/2003/DataFiles/L06HM_C.xpt,https://wwwn.cdc.gov/Nchs/Data/Nhanes/Public/2003/DataFiles/L06HM_C.htm,C:\Users\21634\Documents\Codex\2026-08-22\non\work\whynot17\work\nhanes_phase2a\environmental_xpt\2003-2004_L06HM_C.xpt,URXUCO,URDUCOLC,WTSA2YR,urine,2558,2463,96.28616106333072,True,1999-2000,2017-2018,C026305,cobalt sulfate
2005-2006,2005,Metals - Urine,UHM_D.xpt,https://wwwn.cdc.gov/Nchs/Data/Nhanes/Public/2005/DataFiles/UHM_D.xpt,https://wwwn.cdc.gov/Nchs/Data/Nhanes/Public/2005/DataFiles/UHM_D.htm,C:\Users\21634\Documents\Codex\2026-08-22\non\work\whynot17\work\nhanes_phase2a\environmental_xpt\2005-2006_UHM_D.xpt,URXUCO,URDUCOLC,WTSA2YR,urine,2576,2566,99.61180124223603,True,1999-2000,2017-2018,C026305,cobalt sulfate
2007-2008,2007,Metals - Urine,UHM_E.xpt,https://wwwn.cdc.gov/Nchs/Data/Nhanes/Public/2007/DataFiles/UHM_E.xpt,https://wwwn.cdc.gov/Nchs/Data/Nhanes/Public/2007/DataFiles/UHM_E.htm,C:\Users\21634\Documents\Codex\2026-08-22\non\work\whynot17\work\nhanes_phase2a\environmental_xpt\2007-2008_UHM_E.xpt,URXUCO,URDUCOLC,WTSA2YR,urine,2627,2621,99.771602588504,True,1999-2000,2017-2018,C026305,cobalt sulfate
2009-2010,2009,Metals - Urine,UHM_F.xpt,https://wwwn.cdc.gov/Nchs/Data/Nhanes/Public/2009/DataFiles/UHM_F.xpt,https://wwwn.cdc.gov/Nchs/Data/Nhanes/Public/2009/DataFiles/UHM_F.htm,C:\Users\21634\Documents\Codex\2026-08-22\non\work\whynot17\work\nhanes_phase2a\environmental_xpt\2009-2010_UHM_F.xpt,URXUCO,URDUCOLC,WTSA2YR,urine,2848,2830,99.36797752808988,True,1999-2000,2017-2018,C026305,cobalt sulfate
2011-2012,2011,Metals - Urine,UHM_G.xpt,https://wwwn.cdc.gov/Nchs/Data/Nhanes/Public/2011/DataFiles/UHM_G.xpt,https://wwwn.cdc.gov/Nchs/Data/Nhanes/Public/2011/DataFiles/UHM_G.htm,C:\Users\21634\Documents\Codex\2026-08-22\non\work\whynot17\work\nhanes_phase2a\environmental_xpt\2011-2012_UHM_G.xpt,URXUCO,URDUCOLC,WTSA2YR,urine,2504,2488,99.36102236421725,True,1999-2000,2017-2018,C026305,cobalt sulfate
2013-2014,2013,Metals - Urine,UM_H.xpt,https://wwwn.cdc.gov/Nchs/Data/Nhanes/Public/2013/DataFiles/UM_H.xpt,https://wwwn.cdc.gov/Nchs/Data/Nhanes/Public/2013/DataFiles/UM_H.htm,C:\Users\21634\Documents\Codex\2026-08-22\non\work\whynot17\work\nhanes_phase2a\environmental_xpt\2013-2014_UM_H.xpt,URXUCO,URDUCOLC,WTSA2YR,urine,2664,2662,99.92492492492492,True,1999-2000,2017-2018,C026305,cobalt sulfate
2015-2016,2015,Metals - Urine,UM_I.xpt,https://wwwn.cdc.gov/Nchs/Data/Nhanes/Public/2015/DataFiles/UM_I.xpt,https://wwwn.cdc.gov/Nchs/Data/Nhanes/Public/2015/DataFiles/UM_I.htm,C:\Users\21634\Documents\Codex\2026-08-22\non\work\whynot17\work\nhanes_phase2a\environmental_xpt\2015-2016_UM_I.xpt,URXUCO,URDUCOLC,WTSA2YR,urine,3061,3058,99.90199281280627,True,1999-2000,2017-2018,C026305,cobalt sulfate
2017-2018,2017,Metals - Urine,UM_J.xpt,https://wwwn.cdc.gov/Nchs/Data/Nhanes/Public/2017/DataFiles/UM_J.xpt,https://wwwn.cdc.gov/Nchs/Data/Nhanes/Public/2017/DataFiles/UM_J.htm,C:\Users\21634\Documents\Codex\2026-08-22\non\work\whynot17\work\nhanes_phase2a\environmental_xpt\2017-2018_UM_J.xpt,URXUCO,URDUCOLC,WTSA2YR,urine,2808,2805,99.8931623931624,True,1999-2000,2017-2018,C026305,cobalt sulfate
2003-2004,2003,Polyfluoroalkyl Chemicals,L24PFC_C.xpt,https://wwwn.cdc.gov/Nchs/Data/Nhanes/Public/2003/DataFiles/L24PFC_C.xpt,https://wwwn.cdc.gov/Nchs/Data/Nhanes/Public/2003/DataFiles/L24PFC_C.htm,C:\Users\21634\Documents\Codex\2026-08-22\non\work\whynot17\work\nhanes_phase2a\environmental_xpt\2003-2004_L24PFC_C.xpt,LBXPFHP,LBDPFHPL,WTSA2YR,serum_or_blood,2094,160,7.640878701050621,True,2003-2004,2013-2014,C101815,perfluoro-n-heptanoic acid
2005-2006,2005,Polyfluoroalkyl Chemicals,PFC_D.xpt,https://wwwn.cdc.gov/Nchs/Data/Nhanes/Public/2005/DataFiles/PFC_D.xpt,https://wwwn.cdc.gov/Nchs/Data/Nhanes/Public/2005/DataFiles/PFC_D.htm,C:\Users\21634\Documents\Codex\2026-08-22\non\work\whynot17\work\nhanes_phase2a\environmental_xpt\2005-2006_PFC_D.xpt,LBXPFHP,LBDPFHPL,WTSA2YR,serum_or_blood,2120,202,9.528301886792454,True,2003-2004,2013-2014,C101815,perfluoro-n-heptanoic acid
2007-2008,2007,Polyfluoroalkyl Chemicals,PFC_E.xpt,https://wwwn.cdc.gov/Nchs/Data/Nhanes/Public/2007/DataFiles/PFC_E.xpt,https://wwwn.cdc.gov/Nchs/Data/Nhanes/Public/2007/DataFiles/PFC_E.htm,C:\Users\21634\Documents\Codex\2026-08-22\non\work\whynot17\work\nhanes_phase2a\environmental_xpt\2007-2008_PFC_E.xpt,LBXPFHP,LBDPFHPL,WTSC2YR,serum_or_blood,2100,159,7.571428571428571,True,2003-2004,2013-2014,C101815,perfluoro-n-heptanoic acid
2009-2010,2009,Polyfluoroalkyl Chemicals,PFC_F.xpt,https://wwwn.cdc.gov/Nchs/Data/Nhanes/Public/2009/DataFiles/PFC_F.xpt,https://wwwn.cdc.gov/Nchs/Data/Nhanes/Public/2009/DataFiles/PFC_F.htm,C:\Users\21634\Documents\Codex\2026-08-22\non\work\whynot17\work\nhanes_phase2a\environmental_xpt\2009-2010_PFC_F.xpt,LBXPFHP,LBDPFHPL,WTSC2YR,serum_or_blood,2233,457,20.465741155396326,True,2003-2004,2013-2014,C101815,perfluoro-n-heptanoic acid
2011-2012,2011,Polyfluoroalkyl Chemicals,PFC_G.xpt,https://wwwn.cdc.gov/Nchs/Data/Nhanes/Public/2011/DataFiles/PFC_G.xpt,https://wwwn.cdc.gov/Nchs/Data/Nhanes/Public/2011/DataFiles/PFC_G.htm,C:\Users\21634\Documents\Codex\2026-08-22\non\work\whynot17\work\nhanes_phase2a\environmental_xpt\2011-2012_PFC_G.xpt,LBXPFHP,LBDPFHPL,WTSA2YR,serum_or_blood,1904,383,20.115546218487395,True,2003-2004,2013-2014,C101815,perfluoro-n-heptanoic acid
2013-2014,2013,Perfluoroalkyl and Polyfluoroalkyl Substances (formerly Polyfluoroalkyl Chemicals - PFC),PFAS_H.xpt,https://wwwn.cdc.gov/Nchs/Data/Nhanes/Public/2013/DataFiles/PFAS_H.xpt,https://wwwn.cdc.gov/Nchs/Data/Nhanes/Public/2013/DataFiles/PFAS_H.htm,C:\Users\21634\Documents\Codex\2026-08-22\non\work\whynot17\work\nhanes_phase2a\environmental_xpt\2013-2014_PFAS_H.xpt,LBXPFHP,LBDPFHPL,WTSB2YR,serum_or_blood,2168,271,12.5,True,2003-2004,2013-2014,C101815,perfluoro-n-heptanoic acid
1999-2000,1999,Metals - Urine,LAB06HM.xpt,https://wwwn.cdc.gov/Nchs/Data/Nhanes/Public/1999/DataFiles/LAB06HM.xpt,https://wwwn.cdc.gov/Nchs/Data/Nhanes/Public/1999/DataFiles/LAB06HM.htm,C:\Users\21634\Documents\Codex\2026-08-22\non\work\whynot17\work\nhanes_phase2a\environmental_xpt\1999-2000_LAB06HM.xpt,URXUBA,,WTSHM2YR,urine,2180,2180,100.0,True,1999-2000,2017-2018,D001464,Barium
2001-2002,2001,Metals - Urine,L06HM_B.xpt,https://wwwn.cdc.gov/Nchs/Data/Nhanes/Public/2001/DataFiles/L06HM_B.xpt,https://wwwn.cdc.gov/Nchs/Data/Nhanes/Public/2001/DataFiles/L06HM_B.htm,C:\Users\21634\Documents\Codex\2026-08-22\non\work\whynot17\work\nhanes_phase2a\environmental_xpt\2001-2002_L06HM_B.xpt,URXUBA,,WTSHM2YR,urine,2690,2690,100.0,True,1999-2000,2017-2018,D001464,Barium
2003-2004,2003,Metals - Urine,L06HM_C.xpt,https://wwwn.cdc.gov/Nchs/Data/Nhanes/Public/2003/DataFiles/L06HM_C.xpt,https://wwwn.cdc.gov/Nchs/Data/Nhanes/Public/2003/DataFiles/L06HM_C.htm,C:\Users\21634\Documents\Codex\2026-08-22\non\work\whynot17\work\nhanes_phase2a\environmental_xpt\2003-2004_L06HM_C.xpt,URXUBA,URDUBALC,WTSA2YR,urine,2558,2374,92.8068803752932,True,1999-2000,2017-2018,D001464,Barium
2005-2006,2005,Metals - Urine,UHM_D.xpt,https://wwwn.cdc.gov/Nchs/Data/Nhanes/Public/2005/DataFiles/UHM_D.xpt,https://wwwn.cdc.gov/Nchs/Data/Nhanes/Public/2005/DataFiles/UHM_D.htm,C:\Users\21634\Documents\Codex\2026-08-22\non\work\whynot17\work\nhanes_phase2a\environmental_xpt\2005-2006_UHM_D.xpt,URXUBA,URDUBALC,WTSA2YR,urine,2576,2547,98.87422360248448,True,1999-2000,2017-2018,D001464,Barium
2007-2008,2007,Metals - Urine,UHM_E.xpt,https://wwwn.cdc.gov/Nchs/Data/Nhanes/Public/2007/DataFiles/UHM_E.xpt,https://wwwn.cdc.gov/Nchs/Data/Nhanes/Public/2007/DataFiles/UHM_E.htm,C:\Users\21634\Documents\Codex\2026-08-22\non\work\whynot17\work\nhanes_phase2a\environmental_xpt\2007-2008_UHM_E.xpt,URXUBA,URDUBALC,WTSA2YR,urine,2627,2602,99.04834411876665,True,1999-2000,2017-2018,D001464,Barium
2009-2010,2009,Metals - Urine,UHM_F.xpt,https://wwwn.cdc.gov/Nchs/Data/Nhanes/Public/2009/DataFiles/UHM_F.xpt,https://wwwn.cdc.gov/Nchs/Data/Nhanes/Public/2009/DataFiles/UHM_F.htm,C:\Users\21634\Documents\Codex\2026-08-22\non\work\whynot17\work\nhanes_phase2a\environmental_xpt\2009-2010_UHM_F.xpt,URXUBA,URDUBALC,WTSA2YR,urine,2848,2836,99.57865168539325,True,1999-2000,2017-2018,D001464,Barium
2011-2012,2011,Metals - Urine,UHM_G.xpt,https://wwwn.cdc.gov/Nchs/Data/Nhanes/Public/2011/DataFiles/UHM_G.xpt,https://wwwn.cdc.gov/Nchs/Data/Nhanes/Public/2011/DataFiles/UHM_G.htm,C:\Users\21634\Documents\Codex\2026-08-22\non\work\whynot17\work\nhanes_phase2a\environmental_xpt\2011-2012_UHM_G.xpt,URXUBA,URDUBALC,WTSA2YR,urine,2504,2486,99.28115015974441,True,1999-2000,2017-2018,D001464,Barium
2013-2014,2013,Metals - Urine,UM_H.xpt,https://wwwn.cdc.gov/Nchs/Data/Nhanes/Public/2013/DataFiles/UM_H.xpt,https://wwwn.cdc.gov/Nchs/Data/Nhanes/Public/2013/DataFiles/UM_H.htm,C:\Users\21634\Documents\Codex\2026-08-22\non\work\whynot17\work\nhanes_phase2a\environmental_xpt\2013-2014_UM_H.xpt,URXUBA,URDUBALC,WTSA2YR,urine,2664,2657,99.73723723723724,True,1999-2000,2017-2018,D001464,Barium
2015-2016,2015,Metals - Urine,UM_I.xpt,https://wwwn.cdc.gov/Nchs/Data/Nhanes/Public/2015/DataFiles/UM_I.xpt,https://wwwn.cdc.gov/Nchs/Data/Nhanes/Public/2015/DataFiles/UM_I.htm,C:\Users\21634\Documents\Codex\2026-08-22\non\work\whynot17\work\nhanes_phase2a\environmental_xpt\2015-2016_UM_I.xpt,URXUBA,URDUBALC,WTSA2YR,urine,3061,3041,99.34661875204182,True,1999-2000,2017-2018,D001464,Barium
2017-2018,2017,Metals - Urine,UM_J.xpt,https://wwwn.cdc.gov/Nchs/Data/Nhanes/Public/2017/DataFiles/UM_J.xpt,https://wwwn.cdc.gov/Nchs/Data/Nhanes/Public/2017/DataFiles/UM_J.htm,C:\Users\21634\Documents\Codex\2026-08-22\non\work\whynot17\work\nhanes_phase2a\environmental_xpt\2017-2018_UM_J.xpt,URXUBA,URDUBALC,WTSA2YR,urine,2808,2797,99.60826210826211,True,1999-2000,2017-2018,D001464,Barium
2003-2004,2003,Polyfluoroalkyl Chemicals,L24PFC_C.xpt,https://wwwn.cdc.gov/Nchs/Data/Nhanes/Public/2003/DataFiles/L24PFC_C.xpt,https://wwwn.cdc.gov/Nchs/Data/Nhanes/Public/2003/DataFiles/L24PFC_C.htm,C:\Users\21634\Documents\Codex\2026-08-22\non\work\whynot17\work\nhanes_phase2a\environmental_xpt\2003-2004_L24PFC_C.xpt,LBXPFDO,LBDPFDOL,WTSA2YR,serum_or_blood,2094,1,0.04775549188156638,True,2003-2004,2015-2016,C522391,perfluorododecanoic acid
2005-2006,2005,Polyfluoroalkyl Chemicals,PFC_D.xpt,https://wwwn.cdc.gov/Nchs/Data/Nhanes/Public/2005/DataFiles/PFC_D.xpt,https://wwwn.cdc.gov/Nchs/Data/Nhanes/Public/2005/DataFiles/PFC_D.htm,C:\Users\21634\Documents\Codex\2026-08-22\non\work\whynot17\work\nhanes_phase2a\environmental_xpt\2005-2006_PFC_D.xpt,LBXPFDO,LBDPFDOL,WTSA2YR,serum_or_blood,2120,45,2.1226415094339623,True,2003-2004,2015-2016,C522391,perfluorododecanoic acid
2007-2008,2007,Polyfluoroalkyl Chemicals,PFC_E.xpt,https://wwwn.cdc.gov/Nchs/Data/Nhanes/Public/2007/DataFiles/PFC_E.xpt,https://wwwn.cdc.gov/Nchs/Data/Nhanes/Public/2007/DataFiles/PFC_E.htm,C:\Users\21634\Documents\Codex\2026-08-22\non\work\whynot17\work\nhanes_phase2a\environmental_xpt\2007-2008_PFC_E.xpt,LBXPFDO,LBDPFDOL,WTSC2YR,serum_or_blood,2100,50,2.380952380952381,True,2003-2004,2015-2016,C522391,perfluorododecanoic acid
2009-2010,2009,Polyfluoroalkyl Chemicals,PFC_F.xpt,https://wwwn.cdc.gov/Nchs/Data/Nhanes/Public/2009/DataFiles/PFC_F.xpt,https://wwwn.cdc.gov/Nchs/Data/Nhanes/Public/2009/DataFiles/PFC_F.htm,C:\Users\21634\Documents\Codex\2026-08-22\non\work\whynot17\work\nhanes_phase2a\environmental_xpt\2009-2010_PFC_F.xpt,LBXPFDO,LBDPFDOL,WTSC2YR,serum_or_blood,2233,113,5.060456784594716,True,2003-2004,2015-2016,C522391,perfluorododecanoic acid
2011-2012,2011,Polyfluoroalkyl Chemicals,PFC_G.xpt,https://wwwn.cdc.gov/Nchs/Data/Nhanes/Public/2011/DataFiles/PFC_G.xpt,https://wwwn.cdc.gov/Nchs/Data/Nhanes/Public/2011/DataFiles/PFC_G.htm,C:\Users\21634\Documents\Codex\2026-08-22\non\work\whynot17\work\nhanes_phase2a\environmental_xpt\2011-2012_PFC_G.xpt,LBXPFDO,LBDPFDOL,WTSA2YR,serum_or_blood,1904,179,9.40126050420168,True,2003-2004,2015-2016,C522391,perfluorododecanoic acid
2013-2014,2013,Perfluoroalkyl and Polyfluoroalkyl Substances (formerly Polyfluoroalkyl Chemicals - PFC),PFAS_H.xpt,https://wwwn.cdc.gov/Nchs/Data/Nhanes/Public/2013/DataFiles/PFAS_H.xpt,https://wwwn.cdc.gov/Nchs/Data/Nhanes/Public/2013/DataFiles/PFAS_H.htm,C:\Users\21634\Documents\Codex\2026-08-22\non\work\whynot17\work\nhanes_phase2a\environmental_xpt\2013-2014_PFAS_H.xpt,LBXPFDO,LBDPFDOL,WTSB2YR,serum_or_blood,2168,367,16.928044280442805,True,2003-2004,2015-2016,C522391,perfluorododecanoic acid
2015-2016,2015,Perfluoroalkyl and Polyfluoroalkyl,PFAS_I.xpt,https://wwwn.cdc.gov/Nchs/Data/Nhanes/Public/2015/DataFiles/PFAS_I.xpt,https://wwwn.cdc.gov/Nchs/Data/Nhanes/Public/2015/DataFiles/PFAS_I.htm,C:\Users\21634\Documents\Codex\2026-08-22\non\work\whynot17\work\nhanes_phase2a\environmental_xpt\2015-2016_PFAS_I.xpt,LBXPFDO,LBDPFDOL,WTSB2YR,serum_or_blood,1993,46,2.308078273958856,True,2003-2004,2015-2016,C522391,perfluorododecanoic acid
1999-2000,1999,Metals - Urine,LAB06HM.xpt,https://wwwn.cdc.gov/Nchs/Data/Nhanes/Public/1999/DataFiles/LAB06HM.xpt,https://wwwn.cdc.gov/Nchs/Data/Nhanes/Public/1999/DataFiles/LAB06HM.htm,C:\Users\21634\Documents\Codex\2026-08-22\non\work\whynot17\work\nhanes_phase2a\environmental_xpt\1999-2000_LAB06HM.xpt,URXUSB,,WTSHM2YR,urine,2276,2276,100.0,True,1999-2000,2017-2018,D000965,Antimony
2001-2002,2001,Metals - Urine,L06HM_B.xpt,https://wwwn.cdc.gov/Nchs/Data/Nhanes/Public/2001/DataFiles/L06HM_B.xpt,https://wwwn.cdc.gov/Nchs/Data/Nhanes/Public/2001/DataFiles/L06HM_B.htm,C:\Users\21634\Documents\Codex\2026-08-22\non\work\whynot17\work\nhanes_phase2a\environmental_xpt\2001-2002_L06HM_B.xpt,URXUSB,,WTSHM2YR,urine,2690,2690,100.0,True,1999-2000,2017-2018,D000965,Antimony
2003-2004,2003,Metals - Urine,L06HM_C.xpt,https://wwwn.cdc.gov/Nchs/Data/Nhanes/Public/2003/DataFiles/L06HM_C.xpt,https://wwwn.cdc.gov/Nchs/Data/Nhanes/Public/2003/DataFiles/L06HM_C.htm,C:\Users\21634\Documents\Codex\2026-08-22\non\work\whynot17\work\nhanes_phase2a\environmental_xpt\2003-2004_L06HM_C.xpt,URXUSB,URDUSBLC,WTSA2YR,urine,2558,1601,62.5879593432369,True,1999-2000,2017-2018,D000965,Antimony
2005-2006,2005,Metals - Urine,UHM_D.xpt,https://wwwn.cdc.gov/Nchs/Data/Nhanes/Public/2005/DataFiles/UHM_D.xpt,https://wwwn.cdc.gov/Nchs/Data/Nhanes/Public/2005/DataFiles/UHM_D.htm,C:\Users\21634\Documents\Codex\2026-08-22\non\work\whynot17\work\nhanes_phase2a\environmental_xpt\2005-2006_UHM_D.xpt,URXUSB,URDUSBLC,WTSA2YR,urine,2576,2233,86.68478260869566,True,1999-2000,2017-2018,D000965,Antimony
2007-2008,2007,Metals - Urine,UHM_E.xpt,https://wwwn.cdc.gov/Nchs/Data/Nhanes/Public/2007/DataFiles/UHM_E.xpt,https://wwwn.cdc.gov/Nchs/Data/Nhanes/Public/2007/DataFiles/UHM_E.htm,C:\Users\21634\Documents\Codex\2026-08-22\non\work\whynot17\work\nhanes_phase2a\environmental_xpt\2007-2008_UHM_E.xpt,URXUSB,URDUSBLC,WTSA2YR,urine,2627,2126,80.92881614008374,True,1999-2000,2017-2018,D000965,Antimony
2009-2010,2009,Metals - Urine,UHM_F.xpt,https://wwwn.cdc.gov/Nchs/Data/Nhanes/Public/2009/DataFiles/UHM_F.xpt,https://wwwn.cdc.gov/Nchs/Data/Nhanes/Public/2009/DataFiles/UHM_F.htm,C:\Users\21634\Documents\Codex\2026-08-22\non\work\whynot17\work\nhanes_phase2a\environmental_xpt\2009-2010_UHM_F.xpt,URXUSB,URDUSBLC,WTSA2YR,urine,2847,2116,74.32384966631543,True,1999-2000,2017-2018,D000965,Antimony
2011-2012,2011,Metals - Urine,UHM_G.xpt,https://wwwn.cdc.gov/Nchs/Data/Nhanes/Public/2011/DataFiles/UHM_G.xpt,https://wwwn.cdc.gov/Nchs/Data/Nhanes/Public/2011/DataFiles/UHM_G.htm,C:\Users\21634\Documents\Codex\2026-08-22\non\work\whynot17\work\nhanes_phase2a\environmental_xpt\2011-2012_UHM_G.xpt,URXUSB,URDUSBLC,WTSA2YR,urine,2504,1523,60.822683706070286,True,1999-2000,2017-2018,D000965,Antimony
2013-2014,2013,Metals - Urine,UM_H.xpt,https://wwwn.cdc.gov/Nchs/Data/Nhanes/Public/2013/DataFiles/UM_H.xpt,https://wwwn.cdc.gov/Nchs/Data/Nhanes/Public/2013/DataFiles/UM_H.htm,C:\Users\21634\Documents\Codex\2026-08-22\non\work\whynot17\work\nhanes_phase2a\environmental_xpt\2013-2014_UM_H.xpt,URXUSB,URDUSBLC,WTSA2YR,urine,2664,2065,77.51501501501501,True,1999-2000,2017-2018,D000965,Antimony
2015-2016,2015,Metals - Urine,UM_I.xpt,https://wwwn.cdc.gov/Nchs/Data/Nhanes/Public/2015/DataFiles/UM_I.xpt,https://wwwn.cdc.gov/Nchs/Data/Nhanes/Public/2015/DataFiles/UM_I.htm,C:\Users\21634\Documents\Codex\2026-08-22\non\work\whynot17\work\nhanes_phase2a\environmental_xpt\2015-2016_UM_I.xpt,URXUSB,URDUSBLC,WTSA2YR,urine,3061,2530,82.65272786671022,True,1999-2000,2017-2018,D000965,Antimony
2017-2018,2017,Metals - Urine,UM_J.xpt,https://wwwn.cdc.gov/Nchs/Data/Nhanes/Public/2017/DataFiles/UM_J.xpt,https://wwwn.cdc.gov/Nchs/Data/Nhanes/Public/2017/DataFiles/UM_J.htm,C:\Users\21634\Documents\Codex\2026-08-22\non\work\whynot17\work\nhanes_phase2a\environmental_xpt\2017-2018_UM_J.xpt,URXUSB,URDUSBLC,WTSA2YR,urine,2808,2297,81.8019943019943,True,1999-2000,2017-2018,D000965,Antimony
1999-2000,1999,Metals - Urine,LAB06HM.xpt,https://wwwn.cdc.gov/Nchs/Data/Nhanes/Public/1999/DataFiles/LAB06HM.xpt,https://wwwn.cdc.gov/Nchs/Data/Nhanes/Public/1999/DataFiles/LAB06HM.htm,C:\Users\21634\Documents\Codex\2026-08-22\non\work\whynot17\work\nhanes_phase2a\environmental_xpt\1999-2000_LAB06HM.xpt,URXUCS,,WTSHM2YR,urine,2464,2464,100.0,True,1999-2000,2017-2018,C000614989,Cesium-137
2001-2002,2001,Metals - Urine,L06HM_B.xpt,https://wwwn.cdc.gov/Nchs/Data/Nhanes/Public/2001/DataFiles/L06HM_B.xpt,https://wwwn.cdc.gov/Nchs/Data/Nhanes/Public/2001/DataFiles/L06HM_B.htm,C:\Users\21634\Documents\Codex\2026-08-22\non\work\whynot17\work\nhanes_phase2a\environmental_xpt\2001-2002_L06HM_B.xpt,URXUCS,,WTSHM2YR,urine,2690,2690,100.0,True,1999-2000,2017-2018,C000614989,Cesium-137
2003-2004,2003,Metals - Urine,L06HM_C.xpt,https://wwwn.cdc.gov/Nchs/Data/Nhanes/Public/2003/DataFiles/L06HM_C.xpt,https://wwwn.cdc.gov/Nchs/Data/Nhanes/Public/2003/DataFiles/L06HM_C.htm,C:\Users\21634\Documents\Codex\2026-08-22\non\work\whynot17\work\nhanes_phase2a\environmental_xpt\2003-2004_L06HM_C.xpt,URXUCS,URDUCSLC,WTSA2YR,urine,2558,2558,100.0,True,1999-2000,2017-2018,C000614989,Cesium-137
2005-2006,2005,Metals - Urine,UHM_D.xpt,https://wwwn.cdc.gov/Nchs/Data/Nhanes/Public/2005/DataFiles/UHM_D.xpt,https://wwwn.cdc.gov/Nchs/Data/Nhanes/Public/2005/DataFiles/UHM_D.htm,C:\Users\21634\Documents\Codex\2026-08-22\non\work\whynot17\work\nhanes_phase2a\environmental_xpt\2005-2006_UHM_D.xpt,URXUCS,URDUCSLC,WTSA2YR,urine,2576,2576,100.0,True,1999-2000,2017-2018,C000614989,Cesium-137
2007-2008,2007,Metals - Urine,UHM_E.xpt,https://wwwn.cdc.gov/Nchs/Data/Nhanes/Public/2007/DataFiles/UHM_E.xpt,https://wwwn.cdc.gov/Nchs/Data/Nhanes/Public/2007/DataFiles/UHM_E.htm,C:\Users\21634\Documents\Codex\2026-08-22\non\work\whynot17\work\nhanes_phase2a\environmental_xpt\2007-2008_UHM_E.xpt,URXUCS,URDUCSLC,WTSA2YR,urine,2627,2627,100.0,True,1999-2000,2017-2018,C000614989,Cesium-137
2009-2010,2009,Metals - Urine,UHM_F.xpt,https://wwwn.cdc.gov/Nchs/Data/Nhanes/Public/2009/DataFiles/UHM_F.xpt,https://wwwn.cdc.gov/Nchs/Data/Nhanes/Public/2009/DataFiles/UHM_F.htm,C:\Users\21634\Documents\Codex\2026-08-22\non\work\whynot17\work\nhanes_phase2a\environmental_xpt\2009-2010_UHM_F.xpt,URXUCS,URDUCSLC,WTSA2YR,urine,2848,2848,100.0,True,1999-2000,2017-2018,C000614989,Cesium-137
2011-2012,2011,Metals - Urine,UHM_G.xpt,https://wwwn.cdc.gov/Nchs/Data/Nhanes/Public/2011/DataFiles/UHM_G.xpt,https://wwwn.cdc.gov/Nchs/Data/Nhanes/Public/2011/DataFiles/UHM_G.htm,C:\Users\21634\Documents\Codex\2026-08-22\non\work\whynot17\work\nhanes_phase2a\environmental_xpt\2011-2012_UHM_G.xpt,URXUCS,URDUCSLC,WTSA2YR,urine,2503,2503,100.0,True,1999-2000,2017-2018,C000614989,Cesium-137
2013-2014,2013,Metals - Urine,UM_H.xpt,https://wwwn.cdc.gov/Nchs/Data/Nhanes/Public/2013/DataFiles/UM_H.xpt,https://wwwn.cdc.gov/Nchs/Data/Nhanes/Public/2013/DataFiles/UM_H.htm,C:\Users\21634\Documents\Codex\2026-08-22\non\work\whynot17\work\nhanes_phase2a\environmental_xpt\2013-2014_UM_H.xpt,URXUCS,URDUCSLC,WTSA2YR,urine,2664,2664,100.0,True,1999-2000,2017-2018,C000614989,Cesium-137
2015-2016,2015,Metals - Urine,UM_I.xpt,https://wwwn.cdc.gov/Nchs/Data/Nhanes/Public/2015/DataFiles/UM_I.xpt,https://wwwn.cdc.gov/Nchs/Data/Nhanes/Public/2015/DataFiles/UM_I.htm,C:\Users\21634\Documents\Codex\2026-08-22\non\work\whynot17\work\nhanes_phase2a\environmental_xpt\2015-2016_UM_I.xpt,URXUCS,URDUCSLC,WTSA2YR,urine,3061,3060,99.96733093760209,True,1999-2000,2017-2018,C000614989,Cesium-137
2017-2018,2017,Metals - Urine,UM_J.xpt,https://wwwn.cdc.gov/Nchs/Data/Nhanes/Public/2017/DataFiles/UM_J.xpt,https://wwwn.cdc.gov/Nchs/Data/Nhanes/Public/2017/DataFiles/UM_J.htm,C:\Users\21634\Documents\Codex\2026-08-22\non\work\whynot17\work\nhanes_phase2a\environmental_xpt\2017-2018_UM_J.xpt,URXUCS,URDUCSLC,WTSA2YR,urine,2808,2808,100.0,True,1999-2000,2017-2018,C000614989,Cesium-137
2003-2004,2003,Environmental Phenols,L24EPH_C.xpt,https://wwwn.cdc.gov/Nchs/Data/Nhanes/Public/2003/DataFiles/L24EPH_C.xpt,https://wwwn.cdc.gov/Nchs/Data/Nhanes/Public/2003/DataFiles/L24EPH_C.htm,C:\Users\21634\Documents\Codex\2026-08-22\non\work\whynot17\work\nhanes_phase2a\environmental_xpt\2003-2004_L24EPH_C.xpt,URXBPH,URDBPHLC,WTSC2YR,urine,2517,2353,93.48430671434247,True,2003-2004,2011-2012,C000705701,bisphenol E
2005-2006,2005,Environmental Phenols & Parabens,EPH_D.xpt,https://wwwn.cdc.gov/Nchs/Data/Nhanes/Public/2005/DataFiles/EPH_D.xpt,https://wwwn.cdc.gov/Nchs/Data/Nhanes/Public/2005/DataFiles/EPH_D.htm,C:\Users\21634\Documents\Codex\2026-08-22\non\work\whynot17\work\nhanes_phase2a\environmental_xpt\2005-2006_EPH_D.xpt,URXBPH,URDBPHLC,WTSB2YR,urine,2548,2366,92.85714285714286,True,2003-2004,2011-2012,C000705701,bisphenol E
2007-2008,2007,Environmental Phenols,EPH_E.xpt,https://wwwn.cdc.gov/Nchs/Data/Nhanes/Public/2007/DataFiles/EPH_E.xpt,https://wwwn.cdc.gov/Nchs/Data/Nhanes/Public/2007/DataFiles/EPH_E.htm,C:\Users\21634\Documents\Codex\2026-08-22\non\work\whynot17\work\nhanes_phase2a\environmental_xpt\2007-2008_EPH_E.xpt,URXBPH,URDBPHLC,WTSB2YR,urine,2604,2438,93.62519201228879,True,2003-2004,2011-2012,C000705701,bisphenol E
2009-2010,2009,Environmental Phenols,EPH_F.xpt,https://wwwn.cdc.gov/Nchs/Data/Nhanes/Public/2009/DataFiles/EPH_F.xpt,https://wwwn.cdc.gov/Nchs/Data/Nhanes/Public/2009/DataFiles/EPH_F.htm,C:\Users\21634\Documents\Codex\2026-08-22\non\work\whynot17\work\nhanes_phase2a\environmental_xpt\2009-2010_EPH_F.xpt,URXBPH,URDBPHLC,WTSB2YR,urine,2749,2528,91.96071298654056,True,2003-2004,2011-2012,C000705701,bisphenol E
2011-2012,2011,Environmental Phenols & Parabens,EPH_G.xpt,https://wwwn.cdc.gov/Nchs/Data/Nhanes/Public/2011/DataFiles/EPH_G.xpt,https://wwwn.cdc.gov/Nchs/Data/Nhanes/Public/2011/DataFiles/EPH_G.htm,C:\Users\21634\Documents\Codex\2026-08-22\non\work\whynot17\work\nhanes_phase2a\environmental_xpt\2011-2012_EPH_G.xpt,URXBPH,URDBPHLC,WTSA2YR,urine,2489,2233,89.71474487746083,True,2003-2004,2011-2012,C000705701,bisphenol E
2003-2004,2003,Environmental Phenols,L24EPH_C.xpt,https://wwwn.cdc.gov/Nchs/Data/Nhanes/Public/2003/DataFiles/L24EPH_C.xpt,https://wwwn.cdc.gov/Nchs/Data/Nhanes/Public/2003/DataFiles/L24EPH_C.htm,C:\Users\21634\Documents\Codex\2026-08-22\non\work\whynot17\work\nhanes_phase2a\environmental_xpt\2003-2004_L24EPH_C.xpt,URXBPH,URDBPHLC,WTSC2YR,urine,2517,2353,93.48430671434247,True,2003-2004,2011-2012,C000730470,bisphenol P
2005-2006,2005,Environmental Phenols & Parabens,EPH_D.xpt,https://wwwn.cdc.gov/Nchs/Data/Nhanes/Public/2005/DataFiles/EPH_D.xpt,https://wwwn.cdc.gov/Nchs/Data/Nhanes/Public/2005/DataFiles/EPH_D.htm,C:\Users\21634\Documents\Codex\2026-08-22\non\work\whynot17\work\nhanes_phase2a\environmental_xpt\2005-2006_EPH_D.xpt,URXBPH,URDBPHLC,WTSB2YR,urine,2548,2366,92.85714285714286,True,2003-2004,2011-2012,C000730470,bisphenol P
2007-2008,2007,Environmental Phenols,EPH_E.xpt,https://wwwn.cdc.gov/Nchs/Data/Nhanes/Public/2007/DataFiles/EPH_E.xpt,https://wwwn.cdc.gov/Nchs/Data/Nhanes/Public/2007/DataFiles/EPH_E.htm,C:\Users\21634\Documents\Codex\2026-08-22\non\work\whynot17\work\nhanes_phase2a\environmental_xpt\2007-2008_EPH_E.xpt,URXBPH,URDBPHLC,WTSB2YR,urine,2604,2438,93.62519201228879,True,2003-2004,2011-2012,C000730470,bisphenol P
2009-2010,2009,Environmental Phenols,EPH_F.xpt,https://wwwn.cdc.gov/Nchs/Data/Nhanes/Public/2009/DataFiles/EPH_F.xpt,https://wwwn.cdc.gov/Nchs/Data/Nhanes/Public/2009/DataFiles/EPH_F.htm,C:\Users\21634\Documents\Codex\2026-08-22\non\work\whynot17\work\nhanes_phase2a\environmental_xpt\2009-2010_EPH_F.xpt,URXBPH,URDBPHLC,WTSB2YR,urine,2749,2528,91.96071298654056,True,2003-2004,2011-2012,C000730470,bisphenol P
2011-2012,2011,Environmental Phenols & Parabens,EPH_G.xpt,https://wwwn.cdc.gov/Nchs/Data/Nhanes/Public/2011/DataFiles/EPH_G.xpt,https://wwwn.cdc.gov/Nchs/Data/Nhanes/Public/2011/DataFiles/EPH_G.htm,C:\Users\21634\Documents\Codex\2026-08-22\non\work\whynot17\work\nhanes_phase2a\environmental_xpt\2011-2012_EPH_G.xpt,URXBPH,URDBPHLC,WTSA2YR,urine,2489,2233,89.71474487746083,True,2003-2004,2011-2012,C000730470,bisphenol P
2003-2004,2003,Environmental Phenols,L24EPH_C.xpt,https://wwwn.cdc.gov/Nchs/Data/Nhanes/Public/2003/DataFiles/L24EPH_C.xpt,https://wwwn.cdc.gov/Nchs/Data/Nhanes/Public/2003/DataFiles/L24EPH_C.htm,C:\Users\21634\Documents\Codex\2026-08-22\non\work\whynot17\work\nhanes_phase2a\environmental_xpt\2003-2004_L24EPH_C.xpt,URXBPH,URDBPHLC,WTSC2YR,urine,2517,2353,93.48430671434247,True,2003-2004,2011-2012,C000730511,"3,3'-dimethylbisphenol A"
2005-2006,2005,Environmental Phenols & Parabens,EPH_D.xpt,https://wwwn.cdc.gov/Nchs/Data/Nhanes/Public/2005/DataFiles/EPH_D.xpt,https://wwwn.cdc.gov/Nchs/Data/Nhanes/Public/2005/DataFiles/EPH_D.htm,C:\Users\21634\Documents\Codex\2026-08-22\non\work\whynot17\work\nhanes_phase2a\environmental_xpt\2005-2006_EPH_D.xpt,URXBPH,URDBPHLC,WTSB2YR,urine,2548,2366,92.85714285714286,True,2003-2004,2011-2012,C000730511,"3,3'-dimethylbisphenol A"
2007-2008,2007,Environmental Phenols,EPH_E.xpt,https://wwwn.cdc.gov/Nchs/Data/Nhanes/Public/2007/DataFiles/EPH_E.xpt,https://wwwn.cdc.gov/Nchs/Data/Nhanes/Public/2007/DataFiles/EPH_E.htm,C:\Users\21634\Documents\Codex\2026-08-22\non\work\whynot17\work\nhanes_phase2a\environmental_xpt\2007-2008_EPH_E.xpt,URXBPH,URDBPHLC,WTSB2YR,urine,2604,2438,93.62519201228879,True,2003-2004,2011-2012,C000730511,"3,3'-dimethylbisphenol A"
2009-2010,2009,Environmental Phenols,EPH_F.xpt,https://wwwn.cdc.gov/Nchs/Data/Nhanes/Public/2009/DataFiles/EPH_F.xpt,https://wwwn.cdc.gov/Nchs/Data/Nhanes/Public/2009/DataFiles/EPH_F.htm,C:\Users\21634\Documents\Codex\2026-08-22\non\work\whynot17\work\nhanes_phase2a\environmental_xpt\2009-2010_EPH_F.xpt,URXBPH,URDBPHLC,WTSB2YR,urine,2749,2528,91.96071298654056,True,2003-2004,2011-2012,C000730511,"3,3'-dimethylbisphenol A"
2011-2012,2011,Environmental Phenols & Parabens,EPH_G.xpt,https://wwwn.cdc.gov/Nchs/Data/Nhanes/Public/2011/DataFiles/EPH_G.xpt,https://wwwn.cdc.gov/Nchs/Data/Nhanes/Public/2011/DataFiles/EPH_G.htm,C:\Users\21634\Documents\Codex\2026-08-22\non\work\whynot17\work\nhanes_phase2a\environmental_xpt\2011-2012_EPH_G.xpt,URXBPH,URDBPHLC,WTSA2YR,urine,2489,2233,89.71474487746083,True,2003-2004,2011-2012,C000730511,"3,3'-dimethylbisphenol A"
2013-2014,2013,Polycyclic Aromatic Hydrocarbons (PAH) - Urine,PAH_H.xpt,https://wwwn.cdc.gov/Nchs/Data/Nhanes/Public/2013/DataFiles/PAH_H.xpt,https://wwwn.cdc.gov/Nchs/Data/Nhanes/Public/2013/DataFiles/PAH_H.htm,C:\Users\21634\Documents\Codex\2026-08-22\non\work\whynot17\work\nhanes_phase2a\environmental_xpt\2013-2014_PAH_H.xpt,URXP25,URDP25LC,WTSA2YR,urine,2650,2638,99.54716981132076,True,2013-2014,2017-2018,C002615,benzo(c)phenanthrene
2015-2016,2015,Polycyclic Aromatic Hydrocarbons (PAH) - Urine,PAH_I.xpt,https://wwwn.cdc.gov/Nchs/Data/Nhanes/Public/2015/DataFiles/PAH_I.xpt,https://wwwn.cdc.gov/Nchs/Data/Nhanes/Public/2015/DataFiles/PAH_I.htm,C:\Users\21634\Documents\Codex\2026-08-22\non\work\whynot17\work\nhanes_phase2a\environmental_xpt\2015-2016_PAH_I.xpt,URXP25,URDP25LC,WTSA2YR,urine,3035,3026,99.70345963756178,True,2013-2014,2017-2018,C002615,benzo(c)phenanthrene
2017-2018,2017,Polycyclic Aromatic Hydrocarbons (PAH) - Urine,PAH_J.xpt,https://wwwn.cdc.gov/Nchs/Data/Nhanes/Public/2017/DataFiles/PAH_J.xpt,https://wwwn.cdc.gov/Nchs/Data/Nhanes/Public/2017/DataFiles/PAH_J.htm,C:\Users\21634\Documents\Codex\2026-08-22\non\work\whynot17\work\nhanes_phase2a\environmental_xpt\2017-2018_PAH_J.xpt,URXP25,URDP25LC,WTSA2YR,urine,2774,2752,99.20692141312185,True,2013-2014,2017-2018,C002615,benzo(c)phenanthrene
2001-2002,2001,"Phthalates, Phytoestrogens & PAHs - Urine",PHPYPA_B.xpt,https://wwwn.cdc.gov/Nchs/Data/Nhanes/Public/2001/DataFiles/PHPYPA_B.xpt,https://wwwn.cdc.gov/Nchs/Data/Nhanes/Public/2001/DataFiles/PHPYPA_B.htm,C:\Users\21634\Documents\Codex\2026-08-22\non\work\whynot17\work\nhanes_phase2a\environmental_xpt\2001-2002_PHPYPA_B.xpt,URXP10,,WTSPH2YR,urine,2747,2747,100.0,True,2001-2002,2017-2018,C006710,benzotriphenylene
2003-2004,2003,Polyaromatic Hydrocarbons (PAHs) - Urine,L31PAH_C.xpt,https://wwwn.cdc.gov/Nchs/Data/Nhanes/Public/2003/DataFiles/L31PAH_C.xpt,https://wwwn.cdc.gov/Nchs/Data/Nhanes/Public/2003/DataFiles/L31PAH_C.htm,C:\Users\21634\Documents\Codex\2026-08-22\non\work\whynot17\work\nhanes_phase2a\environmental_xpt\2003-2004_L31PAH_C.xpt,URXP10,URDP10LC,WTSB2YR,urine,2515,2499,99.3638170974155,True,2001-2002,2017-2018,C006710,benzotriphenylene
2005-2006,2005,Polyaromatic Hydrocarbons (PAHs) - Urine,PAH_D.xpt,https://wwwn.cdc.gov/Nchs/Data/Nhanes/Public/2005/DataFiles/PAH_D.xpt,https://wwwn.cdc.gov/Nchs/Data/Nhanes/Public/2005/DataFiles/PAH_D.htm,C:\Users\21634\Documents\Codex\2026-08-22\non\work\whynot17\work\nhanes_phase2a\environmental_xpt\2005-2006_PAH_D.xpt,URXP10,URDP10LC,WTSB2YR,urine,2415,2411,99.8343685300207,True,2001-2002,2017-2018,C006710,benzotriphenylene
2007-2008,2007,Polyaromatic Hydrocarbons (PAHs) - Urine,PAH_E.xpt,https://wwwn.cdc.gov/Nchs/Data/Nhanes/Public/2007/DataFiles/PAH_E.xpt,https://wwwn.cdc.gov/Nchs/Data/Nhanes/Public/2007/DataFiles/PAH_E.htm,C:\Users\21634\Documents\Codex\2026-08-22\non\work\whynot17\work\nhanes_phase2a\environmental_xpt\2007-2008_PAH_E.xpt,URXP10,URDP10LC,WTSB2YR,urine,2581,2569,99.5350639287098,True,2001-2002,2017-2018,C006710,benzotriphenylene
2009-2010,2009,Polyaromatic Hydrocarbons -Urine,PAH_F.xpt,https://wwwn.cdc.gov/Nchs/Data/Nhanes/Public/2009/DataFiles/PAH_F.xpt,https://wwwn.cdc.gov/Nchs/Data/Nhanes/Public/2009/DataFiles/PAH_F.htm,C:\Users\21634\Documents\Codex\2026-08-22\non\work\whynot17\work\nhanes_phase2a\environmental_xpt\2009-2010_PAH_F.xpt,URXP10,URDP10LC,WTSB2YR,urine,2746,2729,99.3809176984705,True,2001-2002,2017-2018,C006710,benzotriphenylene
2011-2012,2011,Polyaromatic Hydrocarbons (PAHs) - Urine,PAH_G.xpt,https://wwwn.cdc.gov/Nchs/Data/Nhanes/Public/2011/DataFiles/PAH_G.xpt,https://wwwn.cdc.gov/Nchs/Data/Nhanes/Public/2011/DataFiles/PAH_G.htm,C:\Users\21634\Documents\Codex\2026-08-22\non\work\whynot17\work\nhanes_phase2a\environmental_xpt\2011-2012_PAH_G.xpt,URXP10,URDP10LC,WTSA2YR,urine,2487,2458,98.83393646964214,True,2001-2002,2017-2018,C006710,benzotriphenylene
2013-2014,2013,Polycyclic Aromatic Hydrocarbons (PAH) - Urine,PAH_H.xpt,https://wwwn.cdc.gov/Nchs/Data/Nhanes/Public/2013/DataFiles/PAH_H.xpt,https://wwwn.cdc.gov/Nchs/Data/Nhanes/Public/2013/DataFiles/PAH_H.htm,C:\Users\21634\Documents\Codex\2026-08-22\non\work\whynot17\work\nhanes_phase2a\environmental_xpt\2013-2014_PAH_H.xpt,URXP10,URDP10LC,WTSA2YR,urine,2650,2024,76.37735849056604,True,2001-2002,2017-2018,C006710,benzotriphenylene
2015-2016,2015,Polycyclic Aromatic Hydrocarbons (PAH) - Urine,PAH_I.xpt,https://wwwn.cdc.gov/Nchs/Data/Nhanes/Public/2015/DataFiles/PAH_I.xpt,https://wwwn.cdc.gov/Nchs/Data/Nhanes/Public/2015/DataFiles/PAH_I.htm,C:\Users\21634\Documents\Codex\2026-08-22\non\work\whynot17\work\nhanes_phase2a\environmental_xpt\2015-2016_PAH_I.xpt,URXP10,URDP10LC,WTSA2YR,urine,3036,2123,69.92753623188406,True,2001-2002,2017-2018,C006710,benzotriphenylene
2017-2018,2017,Polycyclic Aromatic Hydrocarbons (PAH) - Urine,PAH_J.xpt,https://wwwn.cdc.gov/Nchs/Data/Nhanes/Public/2017/DataFiles/PAH_J.xpt,https://wwwn.cdc.gov/Nchs/Data/Nhanes/Public/2017/DataFiles/PAH_J.htm,C:\Users\21634\Documents\Codex\2026-08-22\non\work\whynot17\work\nhanes_phase2a\environmental_xpt\2017-2018_PAH_J.xpt,URXP10,URDP10LC,WTSA2YR,urine,2775,1671,60.21621621621622,True,2001-2002,2017-2018,C006710,benzotriphenylene
2001-2002,2001,"Phthalates, Phytoestrogens & PAHs - Urine",PHPYPA_B.xpt,https://wwwn.cdc.gov/Nchs/Data/Nhanes/Public/2001/DataFiles/PHPYPA_B.xpt,https://wwwn.cdc.gov/Nchs/Data/Nhanes/Public/2001/DataFiles/PHPYPA_B.htm,C:\Users\21634\Documents\Codex\2026-08-22\non\work\whynot17\work\nhanes_phase2a\environmental_xpt\2001-2002_PHPYPA_B.xpt,URXP10,,WTSPH2YR,urine,2747,2747,100.0,True,2001-2002,2017-2018,C008422,5-methylchrysene
2003-2004,2003,Polyaromatic Hydrocarbons (PAHs) - Urine,L31PAH_C.xpt,https://wwwn.cdc.gov/Nchs/Data/Nhanes/Public/2003/DataFiles/L31PAH_C.xpt,https://wwwn.cdc.gov/Nchs/Data/Nhanes/Public/2003/DataFiles/L31PAH_C.htm,C:\Users\21634\Documents\Codex\2026-08-22\non\work\whynot17\work\nhanes_phase2a\environmental_xpt\2003-2004_L31PAH_C.xpt,URXP10,URDP10LC,WTSB2YR,urine,2515,2499,99.3638170974155,True,2001-2002,2017-2018,C008422,5-methylchrysene
2005-2006,2005,Polyaromatic Hydrocarbons (PAHs) - Urine,PAH_D.xpt,https://wwwn.cdc.gov/Nchs/Data/Nhanes/Public/2005/DataFiles/PAH_D.xpt,https://wwwn.cdc.gov/Nchs/Data/Nhanes/Public/2005/DataFiles/PAH_D.htm,C:\Users\21634\Documents\Codex\2026-08-22\non\work\whynot17\work\nhanes_phase2a\environmental_xpt\2005-2006_PAH_D.xpt,URXP10,URDP10LC,WTSB2YR,urine,2415,2411,99.8343685300207,True,2001-2002,2017-2018,C008422,5-methylchrysene
2007-2008,2007,Polyaromatic Hydrocarbons (PAHs) - Urine,PAH_E.xpt,https://wwwn.cdc.gov/Nchs/Data/Nhanes/Public/2007/DataFiles/PAH_E.xpt,https://wwwn.cdc.gov/Nchs/Data/Nhanes/Public/2007/DataFiles/PAH_E.htm,C:\Users\21634\Documents\Codex\2026-08-22\non\work\whynot17\work\nhanes_phase2a\environmental_xpt\2007-2008_PAH_E.xpt,URXP10,URDP10LC,WTSB2YR,urine,2581,2569,99.5350639287098,True,2001-2002,2017-2018,C008422,5-methylchrysene
2009-2010,2009,Polyaromatic Hydrocarbons -Urine,PAH_F.xpt,https://wwwn.cdc.gov/Nchs/Data/Nhanes/Public/2009/DataFiles/PAH_F.xpt,https://wwwn.cdc.gov/Nchs/Data/Nhanes/Public/2009/DataFiles/PAH_F.htm,C:\Users\21634\Documents\Codex\2026-08-22\non\work\whynot17\work\nhanes_phase2a\environmental_xpt\2009-2010_PAH_F.xpt,URXP10,URDP10LC,WTSB2YR,urine,2746,2729,99.3809176984705,True,2001-2002,2017-2018,C008422,5-methylchrysene
2011-2012,2011,Polyaromatic Hydrocarbons (PAHs) - Urine,PAH_G.xpt,https://wwwn.cdc.gov/Nchs/Data/Nhanes/Public/2011/DataFiles/PAH_G.xpt,https://wwwn.cdc.gov/Nchs/Data/Nhanes/Public/2011/DataFiles/PAH_G.htm,C:\Users\21634\Documents\Codex\2026-08-22\non\work\whynot17\work\nhanes_phase2a\environmental_xpt\2011-2012_PAH_G.xpt,URXP10,URDP10LC,WTSA2YR,urine,2487,2458,98.83393646964214,True,2001-2002,2017-2018,C008422,5-methylchrysene
2013-2014,2013,Polycyclic Aromatic Hydrocarbons (PAH) - Urine,PAH_H.xpt,https://wwwn.cdc.gov/Nchs/Data/Nhanes/Public/2013/DataFiles/PAH_H.xpt,https://wwwn.cdc.gov/Nchs/Data/Nhanes/Public/2013/DataFiles/PAH_H.htm,C:\Users\21634\Documents\Codex\2026-08-22\non\work\whynot17\work\nhanes_phase2a\environmental_xpt\2013-2014_PAH_H.xpt,URXP10,URDP10LC,WTSA2YR,urine,2650,2024,76.37735849056604,True,2001-2002,2017-2018,C008422,5-methylchrysene
2015-2016,2015,Polycyclic Aromatic Hydrocarbons (PAH) - Urine,PAH_I.xpt,https://wwwn.cdc.gov/Nchs/Data/Nhanes/Public/2015/DataFiles/PAH_I.xpt,https://wwwn.cdc.gov/Nchs/Data/Nhanes/Public/2015/DataFiles/PAH_I.htm,C:\Users\21634\Documents\Codex\2026-08-22\non\work\whynot17\work\nhanes_phase2a\environmental_xpt\2015-2016_PAH_I.xpt,URXP10,URDP10LC,WTSA2YR,urine,3036,2123,69.92753623188406,True,2001-2002,2017-2018,C008422,5-methylchrysene
2017-2018,2017,Polycyclic Aromatic Hydrocarbons (PAH) - Urine,PAH_J.xpt,https://wwwn.cdc.gov/Nchs/Data/Nhanes/Public/2017/DataFiles/PAH_J.xpt,https://wwwn.cdc.gov/Nchs/Data/Nhanes/Public/2017/DataFiles/PAH_J.htm,C:\Users\21634\Documents\Codex\2026-08-22\non\work\whynot17\work\nhanes_phase2a\environmental_xpt\2017-2018_PAH_J.xpt,URXP10,URDP10LC,WTSA2YR,urine,2775,1671,60.21621621621622,True,2001-2002,2017-2018,C008422,5-methylchrysene
2001-2002,2001,"Phthalates, Phytoestrogens & PAHs - Urine",PHPYPA_B.xpt,https://wwwn.cdc.gov/Nchs/Data/Nhanes/Public/2001/DataFiles/PHPYPA_B.xpt,https://wwwn.cdc.gov/Nchs/Data/Nhanes/Public/2001/DataFiles/PHPYPA_B.htm,C:\Users\21634\Documents\Codex\2026-08-22\non\work\whynot17\work\nhanes_phase2a\environmental_xpt\2001-2002_PHPYPA_B.xpt,URXP10,,WTSPH2YR,urine,2747,2747,100.0,True,2001-2002,2017-2018,C009590,triphenylene
2003-2004,2003,Polyaromatic Hydrocarbons (PAHs) - Urine,L31PAH_C.xpt,https://wwwn.cdc.gov/Nchs/Data/Nhanes/Public/2003/DataFiles/L31PAH_C.xpt,https://wwwn.cdc.gov/Nchs/Data/Nhanes/Public/2003/DataFiles/L31PAH_C.htm,C:\Users\21634\Documents\Codex\2026-08-22\non\work\whynot17\work\nhanes_phase2a\environmental_xpt\2003-2004_L31PAH_C.xpt,URXP10,URDP10LC,WTSB2YR,urine,2515,2499,99.3638170974155,True,2001-2002,2017-2018,C009590,triphenylene
2005-2006,2005,Polyaromatic Hydrocarbons (PAHs) - Urine,PAH_D.xpt,https://wwwn.cdc.gov/Nchs/Data/Nhanes/Public/2005/DataFiles/PAH_D.xpt,https://wwwn.cdc.gov/Nchs/Data/Nhanes/Public/2005/DataFiles/PAH_D.htm,C:\Users\21634\Documents\Codex\2026-08-22\non\work\whynot17\work\nhanes_phase2a\environmental_xpt\2005-2006_PAH_D.xpt,URXP10,URDP10LC,WTSB2YR,urine,2415,2411,99.8343685300207,True,2001-2002,2017-2018,C009590,triphenylene
2007-2008,2007,Polyaromatic Hydrocarbons (PAHs) - Urine,PAH_E.xpt,https://wwwn.cdc.gov/Nchs/Data/Nhanes/Public/2007/DataFiles/PAH_E.xpt,https://wwwn.cdc.gov/Nchs/Data/Nhanes/Public/2007/DataFiles/PAH_E.htm,C:\Users\21634\Documents\Codex\2026-08-22\non\work\whynot17\work\nhanes_phase2a\environmental_xpt\2007-2008_PAH_E.xpt,URXP10,URDP10LC,WTSB2YR,urine,2581,2569,99.5350639287098,True,2001-2002,2017-2018,C009590,triphenylene
2009-2010,2009,Polyaromatic Hydrocarbons -Urine,PAH_F.xpt,https://wwwn.cdc.gov/Nchs/Data/Nhanes/Public/2009/DataFiles/PAH_F.xpt,https://wwwn.cdc.gov/Nchs/Data/Nhanes/Public/2009/DataFiles/PAH_F.htm,C:\Users\21634\Documents\Codex\2026-08-22\non\work\whynot17\work\nhanes_phase2a\environmental_xpt\2009-2010_PAH_F.xpt,URXP10,URDP10LC,WTSB2YR,urine,2746,2729,99.3809176984705,True,2001-2002,2017-2018,C009590,triphenylene
2011-2012,2011,Polyaromatic Hydrocarbons (PAHs) - Urine,PAH_G.xpt,https://wwwn.cdc.gov/Nchs/Data/Nhanes/Public/2011/DataFiles/PAH_G.xpt,https://wwwn.cdc.gov/Nchs/Data/Nhanes/Public/2011/DataFiles/PAH_G.htm,C:\Users\21634\Documents\Codex\2026-08-22\non\work\whynot17\work\nhanes_phase2a\environmental_xpt\2011-2012_PAH_G.xpt,URXP10,URDP10LC,WTSA2YR,urine,2487,2458,98.83393646964214,True,2001-2002,2017-2018,C009590,triphenylene
2013-2014,2013,Polycyclic Aromatic Hydrocarbons (PAH) - Urine,PAH_H.xpt,https://wwwn.cdc.gov/Nchs/Data/Nhanes/Public/2013/DataFiles/PAH_H.xpt,https://wwwn.cdc.gov/Nchs/Data/Nhanes/Public/2013/DataFiles/PAH_H.htm,C:\Users\21634\Documents\Codex\2026-08-22\non\work\whynot17\work\nhanes_phase2a\environmental_xpt\2013-2014_PAH_H.xpt,URXP10,URDP10LC,WTSA2YR,urine,2650,2024,76.37735849056604,True,2001-2002,2017-2018,C009590,triphenylene
2015-2016,2015,Polycyclic Aromatic Hydrocarbons (PAH) - Urine,PAH_I.xpt,https://wwwn.cdc.gov/Nchs/Data/Nhanes/Public/2015/DataFiles/PAH_I.xpt,https://wwwn.cdc.gov/Nchs/Data/Nhanes/Public/2015/DataFiles/PAH_I.htm,C:\Users\21634\Documents\Codex\2026-08-22\non\work\whynot17\work\nhanes_phase2a\environmental_xpt\2015-2016_PAH_I.xpt,URXP10,URDP10LC,WTSA2YR,urine,3036,2123,69.92753623188406,True,2001-2002,2017-2018,C009590,triphenylene
2017-2018,2017,Polycyclic Aromatic Hydrocarbons (PAH) - Urine,PAH_J.xpt,https://wwwn.cdc.gov/Nchs/Data/Nhanes/Public/2017/DataFiles/PAH_J.xpt,https://wwwn.cdc.gov/Nchs/Data/Nhanes/Public/2017/DataFiles/PAH_J.htm,C:\Users\21634\Documents\Codex\2026-08-22\non\work\whynot17\work\nhanes_phase2a\environmental_xpt\2017-2018_PAH_J.xpt,URXP10,URDP10LC,WTSA2YR,urine,2775,1671,60.21621621621622,True,2001-2002,2017-2018,C009590,triphenylene
1999-2000,1999,Metals - Urine,LAB06HM.xpt,https://wwwn.cdc.gov/Nchs/Data/Nhanes/Public/1999/DataFiles/LAB06HM.xpt,https://wwwn.cdc.gov/Nchs/Data/Nhanes/Public/1999/DataFiles/LAB06HM.htm,C:\Users\21634\Documents\Codex\2026-08-22\non\work\whynot17\work\nhanes_phase2a\environmental_xpt\1999-2000_LAB06HM.xpt,URXUTL,,WTSHM2YR,urine,2413,2413,100.0,True,1999-2000,2017-2018,C013707,thallium sulfate
2001-2002,2001,Metals - Urine,L06HM_B.xpt,https://wwwn.cdc.gov/Nchs/Data/Nhanes/Public/2001/DataFiles/L06HM_B.xpt,https://wwwn.cdc.gov/Nchs/Data/Nhanes/Public/2001/DataFiles/L06HM_B.htm,C:\Users\21634\Documents\Codex\2026-08-22\non\work\whynot17\work\nhanes_phase2a\environmental_xpt\2001-2002_L06HM_B.xpt,URXUTL,,WTSHM2YR,urine,2653,2653,100.0,True,1999-2000,2017-2018,C013707,thallium sulfate
2003-2004,2003,Metals - Urine,L06HM_C.xpt,https://wwwn.cdc.gov/Nchs/Data/Nhanes/Public/2003/DataFiles/L06HM_C.xpt,https://wwwn.cdc.gov/Nchs/Data/Nhanes/Public/2003/DataFiles/L06HM_C.htm,C:\Users\21634\Documents\Codex\2026-08-22\non\work\whynot17\work\nhanes_phase2a\environmental_xpt\2003-2004_L06HM_C.xpt,URXUTL,URDUTLLC,WTSA2YR,urine,2558,2539,99.25723221266614,True,1999-2000,2017-2018,C013707,thallium sulfate
2005-2006,2005,Metals - Urine,UHM_D.xpt,https://wwwn.cdc.gov/Nchs/Data/Nhanes/Public/2005/DataFiles/UHM_D.xpt,https://wwwn.cdc.gov/Nchs/Data/Nhanes/Public/2005/DataFiles/UHM_D.htm,C:\Users\21634\Documents\Codex\2026-08-22\non\work\whynot17\work\nhanes_phase2a\environmental_xpt\2005-2006_UHM_D.xpt,URXUTL,URDUTLLC,WTSA2YR,urine,2576,2573,99.88354037267081,True,1999-2000,2017-2018,C013707,thallium sulfate
2007-2008,2007,Metals - Urine,UHM_E.xpt,https://wwwn.cdc.gov/Nchs/Data/Nhanes/Public/2007/DataFiles/UHM_E.xpt,https://wwwn.cdc.gov/Nchs/Data/Nhanes/Public/2007/DataFiles/UHM_E.htm,C:\Users\21634\Documents\Codex\2026-08-22\non\work\whynot17\work\nhanes_phase2a\environmental_xpt\2007-2008_UHM_E.xpt,URXUTL,URDUTLLC,WTSA2YR,urine,2627,2613,99.46707270650933,True,1999-2000,2017-2018,C013707,thallium sulfate
2009-2010,2009,Metals - Urine,UHM_F.xpt,https://wwwn.cdc.gov/Nchs/Data/Nhanes/Public/2009/DataFiles/UHM_F.xpt,https://wwwn.cdc.gov/Nchs/Data/Nhanes/Public/2009/DataFiles/UHM_F.htm,C:\Users\21634\Documents\Codex\2026-08-22\non\work\whynot17\work\nhanes_phase2a\environmental_xpt\2009-2010_UHM_F.xpt,URXUTL,URDUTLLC,WTSA2YR,urine,2848,2833,99.47331460674157,True,1999-2000,2017-2018,C013707,thallium sulfate
2011-2012,2011,Metals - Urine,UHM_G.xpt,https://wwwn.cdc.gov/Nchs/Data/Nhanes/Public/2011/DataFiles/UHM_G.xpt,https://wwwn.cdc.gov/Nchs/Data/Nhanes/Public/2011/DataFiles/UHM_G.htm,C:\Users\21634\Documents\Codex\2026-08-22\non\work\whynot17\work\nhanes_phase2a\environmental_xpt\2011-2012_UHM_G.xpt,URXUTL,URDUTLLC,WTSA2YR,urine,2504,2490,99.4408945686901,True,1999-2000,2017-2018,C013707,thallium sulfate
2013-2014,2013,Metals - Urine,UM_H.xpt,https://wwwn.cdc.gov/Nchs/Data/Nhanes/Public/2013/DataFiles/UM_H.xpt,https://wwwn.cdc.gov/Nchs/Data/Nhanes/Public/2013/DataFiles/UM_H.htm,C:\Users\21634\Documents\Codex\2026-08-22\non\work\whynot17\work\nhanes_phase2a\environmental_xpt\2013-2014_UM_H.xpt,URXUTL,URDUTLLC,WTSA2YR,urine,2664,2643,99.21171171171171,True,1999-2000,2017-2018,C013707,thallium sulfate
2015-2016,2015,Metals - Urine,UM_I.xpt,https://wwwn.cdc.gov/Nchs/Data/Nhanes/Public/2015/DataFiles/UM_I.xpt,https://wwwn.cdc.gov/Nchs/Data/Nhanes/Public/2015/DataFiles/UM_I.htm,C:\Users\21634\Documents\Codex\2026-08-22\non\work\whynot17\work\nhanes_phase2a\environmental_xpt\2015-2016_UM_I.xpt,URXUTL,URDUTLLC,WTSA2YR,urine,3061,3053,99.73864750081673,True,1999-2000,2017-2018,C013707,thallium sulfate
2017-2018,2017,Metals - Urine,UM_J.xpt,https://wwwn.cdc.gov/Nchs/Data/Nhanes/Public/2017/DataFiles/UM_J.xpt,https://wwwn.cdc.gov/Nchs/Data/Nhanes/Public/2017/DataFiles/UM_J.htm,C:\Users\21634\Documents\Codex\2026-08-22\non\work\whynot17\work\nhanes_phase2a\environmental_xpt\2017-2018_UM_J.xpt,URXUTL,URDUTLLC,WTSA2YR,urine,2808,2802,99.78632478632478,True,1999-2000,2017-2018,C013707,thallium sulfate
2001-2002,2001,"Phthalates, Phytoestrogens & PAHs - Urine",PHPYPA_B.xpt,https://wwwn.cdc.gov/Nchs/Data/Nhanes/Public/2001/DataFiles/PHPYPA_B.xpt,https://wwwn.cdc.gov/Nchs/Data/Nhanes/Public/2001/DataFiles/PHPYPA_B.htm,C:\Users\21634\Documents\Codex\2026-08-22\non\work\whynot17\work\nhanes_phase2a\environmental_xpt\2001-2002_PHPYPA_B.xpt,URXP10,,WTSPH2YR,urine,2747,2747,100.0,True,2001-2002,2017-2018,C021146,"dibenzo(a,i)pyrene"
2003-2004,2003,Polyaromatic Hydrocarbons (PAHs) - Urine,L31PAH_C.xpt,https://wwwn.cdc.gov/Nchs/Data/Nhanes/Public/2003/DataFiles/L31PAH_C.xpt,https://wwwn.cdc.gov/Nchs/Data/Nhanes/Public/2003/DataFiles/L31PAH_C.htm,C:\Users\21634\Documents\Codex\2026-08-22\non\work\whynot17\work\nhanes_phase2a\environmental_xpt\2003-2004_L31PAH_C.xpt,URXP10,URDP10LC,WTSB2YR,urine,2515,2499,99.3638170974155,True,2001-2002,2017-2018,C021146,"dibenzo(a,i)pyrene"
2005-2006,2005,Polyaromatic Hydrocarbons (PAHs) - Urine,PAH_D.xpt,https://wwwn.cdc.gov/Nchs/Data/Nhanes/Public/2005/DataFiles/PAH_D.xpt,https://wwwn.cdc.gov/Nchs/Data/Nhanes/Public/2005/DataFiles/PAH_D.htm,C:\Users\21634\Documents\Codex\2026-08-22\non\work\whynot17\work\nhanes_phase2a\environmental_xpt\2005-2006_PAH_D.xpt,URXP10,URDP10LC,WTSB2YR,urine,2415,2411,99.8343685300207,True,2001-2002,2017-2018,C021146,"dibenzo(a,i)pyrene"
2007-2008,2007,Polyaromatic Hydrocarbons (PAHs) - Urine,PAH_E.xpt,https://wwwn.cdc.gov/Nchs/Data/Nhanes/Public/2007/DataFiles/PAH_E.xpt,https://wwwn.cdc.gov/Nchs/Data/Nhanes/Public/2007/DataFiles/PAH_E.htm,C:\Users\21634\Documents\Codex\2026-08-22\non\work\whynot17\work\nhanes_phase2a\environmental_xpt\2007-2008_PAH_E.xpt,URXP10,URDP10LC,WTSB2YR,urine,2581,2569,99.5350639287098,True,2001-2002,2017-2018,C021146,"dibenzo(a,i)pyrene"
2009-2010,2009,Polyaromatic Hydrocarbons -Urine,PAH_F.xpt,https://wwwn.cdc.gov/Nchs/Data/Nhanes/Public/2009/DataFiles/PAH_F.xpt,https://wwwn.cdc.gov/Nchs/Data/Nhanes/Public/2009/DataFiles/PAH_F.htm,C:\Users\21634\Documents\Codex\2026-08-22\non\work\whynot17\work\nhanes_phase2a\environmental_xpt\2009-2010_PAH_F.xpt,URXP10,URDP10LC,WTSB2YR,urine,2746,2729,99.3809176984705,True,2001-2002,2017-2018,C021146,"dibenzo(a,i)pyrene"
2011-2012,2011,Polyaromatic Hydrocarbons (PAHs) - Urine,PAH_G.xpt,https://wwwn.cdc.gov/Nchs/Data/Nhanes/Public/2011/DataFiles/PAH_G.xpt,https://wwwn.cdc.gov/Nchs/Data/Nhanes/Public/2011/DataFiles/PAH_G.htm,C:\Users\21634\Documents\Codex\2026-08-22\non\work\whynot17\work\nhanes_phase2a\environmental_xpt\2011-2012_PAH_G.xpt,URXP10,URDP10LC,WTSA2YR,urine,2487,2458,98.83393646964214,True,2001-2002,2017-2018,C021146,"dibenzo(a,i)pyrene"
2013-2014,2013,Polycyclic Aromatic Hydrocarbons (PAH) - Urine,PAH_H.xpt,https://wwwn.cdc.gov/Nchs/Data/Nhanes/Public/2013/DataFiles/PAH_H.xpt,https://wwwn.cdc.gov/Nchs/Data/Nhanes/Public/2013/DataFiles/PAH_H.htm,C:\Users\21634\Documents\Codex\2026-08-22\non\work\whynot17\work\nhanes_phase2a\environmental_xpt\2013-2014_PAH_H.xpt,URXP10,URDP10LC,WTSA2YR,urine,2650,2024,76.37735849056604,True,2001-2002,2017-2018,C021146,"dibenzo(a,i)pyrene"
2015-2016,2015,Polycyclic Aromatic Hydrocarbons (PAH) - Urine,PAH_I.xpt,https://wwwn.cdc.gov/Nchs/Data/Nhanes/Public/2015/DataFiles/PAH_I.xpt,https://wwwn.cdc.gov/Nchs/Data/Nhanes/Public/2015/DataFiles/PAH_I.htm,C:\Users\21634\Documents\Codex\2026-08-22\non\work\whynot17\work\nhanes_phase2a\environmental_xpt\2015-2016_PAH_I.xpt,URXP10,URDP10LC,WTSA2YR,urine,3036,2123,69.92753623188406,True,2001-2002,2017-2018,C021146,"dibenzo(a,i)pyrene"
2017-2018,2017,Polycyclic Aromatic Hydrocarbons (PAH) - Urine,PAH_J.xpt,https://wwwn.cdc.gov/Nchs/Data/Nhanes/Public/2017/DataFiles/PAH_J.xpt,https://wwwn.cdc.gov/Nchs/Data/Nhanes/Public/2017/DataFiles/PAH_J.htm,C:\Users\21634\Documents\Codex\2026-08-22\non\work\whynot17\work\nhanes_phase2a\environmental_xpt\2017-2018_PAH_J.xpt,URXP10,URDP10LC,WTSA2YR,urine,2775,1671,60.21621621621622,True,2001-2002,2017-2018,C021146,"dibenzo(a,i)pyrene"
2001-2002,2001,"Phthalates, Phytoestrogens & PAHs - Urine",PHPYPA_B.xpt,https://wwwn.cdc.gov/Nchs/Data/Nhanes/Public/2001/DataFiles/PHPYPA_B.xpt,https://wwwn.cdc.gov/Nchs/Data/Nhanes/Public/2001/DataFiles/PHPYPA_B.htm,C:\Users\21634\Documents\Codex\2026-08-22\non\work\whynot17\work\nhanes_phase2a\environmental_xpt\2001-2002_PHPYPA_B.xpt,URXP10,,WTSPH2YR,urine,2747,2747,100.0,True,2001-2002,2017-2018,C023389,"9,10-dihydrobenzo(a)pyrene"
2003-2004,2003,Polyaromatic Hydrocarbons (PAHs) - Urine,L31PAH_C.xpt,https://wwwn.cdc.gov/Nchs/Data/Nhanes/Public/2003/DataFiles/L31PAH_C.xpt,https://wwwn.cdc.gov/Nchs/Data/Nhanes/Public/2003/DataFiles/L31PAH_C.htm,C:\Users\21634\Documents\Codex\2026-08-22\non\work\whynot17\work\nhanes_phase2a\environmental_xpt\2003-2004_L31PAH_C.xpt,URXP10,URDP10LC,WTSB2YR,urine,2515,2499,99.3638170974155,True,2001-2002,2017-2018,C023389,"9,10-dihydrobenzo(a)pyrene"
2005-2006,2005,Polyaromatic Hydrocarbons (PAHs) - Urine,PAH_D.xpt,https://wwwn.cdc.gov/Nchs/Data/Nhanes/Public/2005/DataFiles/PAH_D.xpt,https://wwwn.cdc.gov/Nchs/Data/Nhanes/Public/2005/DataFiles/PAH_D.htm,C:\Users\21634\Documents\Codex\2026-08-22\non\work\whynot17\work\nhanes_phase2a\environmental_xpt\2005-2006_PAH_D.xpt,URXP10,URDP10LC,WTSB2YR,urine,2415,2411,99.8343685300207,True,2001-2002,2017-2018,C023389,"9,10-dihydrobenzo(a)pyrene"
2007-2008,2007,Polyaromatic Hydrocarbons (PAHs) - Urine,PAH_E.xpt,https://wwwn.cdc.gov/Nchs/Data/Nhanes/Public/2007/DataFiles/PAH_E.xpt,https://wwwn.cdc.gov/Nchs/Data/Nhanes/Public/2007/DataFiles/PAH_E.htm,C:\Users\21634\Documents\Codex\2026-08-22\non\work\whynot17\work\nhanes_phase2a\environmental_xpt\2007-2008_PAH_E.xpt,URXP10,URDP10LC,WTSB2YR,urine,2581,2569,99.5350639287098,True,2001-2002,2017-2018,C023389,"9,10-dihydrobenzo(a)pyrene"
2009-2010,2009,Polyaromatic Hydrocarbons -Urine,PAH_F.xpt,https://wwwn.cdc.gov/Nchs/Data/Nhanes/Public/2009/DataFiles/PAH_F.xpt,https://wwwn.cdc.gov/Nchs/Data/Nhanes/Public/2009/DataFiles/PAH_F.htm,C:\Users\21634\Documents\Codex\2026-08-22\non\work\whynot17\work\nhanes_phase2a\environmental_xpt\2009-2010_PAH_F.xpt,URXP10,URDP10LC,WTSB2YR,urine,2746,2729,99.3809176984705,True,2001-2002,2017-2018,C023389,"9,10-dihydrobenzo(a)pyrene"
2011-2012,2011,Polyaromatic Hydrocarbons (PAHs) - Urine,PAH_G.xpt,https://wwwn.cdc.gov/Nchs/Data/Nhanes/Public/2011/DataFiles/PAH_G.xpt,https://wwwn.cdc.gov/Nchs/Data/Nhanes/Public/2011/DataFiles/PAH_G.htm,C:\Users\21634\Documents\Codex\2026-08-22\non\work\whynot17\work\nhanes_phase2a\environmental_xpt\2011-2012_PAH_G.xpt,URXP10,URDP10LC,WTSA2YR,urine,2487,2458,98.83393646964214,True,2001-2002,2017-2018,C023389,"9,10-dihydrobenzo(a)pyrene"
2013-2014,2013,Polycyclic Aromatic Hydrocarbons (PAH) - Urine,PAH_H.xpt,https://wwwn.cdc.gov/Nchs/Data/Nhanes/Public/2013/DataFiles/PAH_H.xpt,https://wwwn.cdc.gov/Nchs/Data/Nhanes/Public/2013/DataFiles/PAH_H.htm,C:\Users\21634\Documents\Codex\2026-08-22\non\work\whynot17\work\nhanes_phase2a\environmental_xpt\2013-2014_PAH_H.xpt,URXP10,URDP10LC,WTSA2YR,urine,2650,2024,76.37735849056604,True,2001-2002,2017-2018,C023389,"9,10-dihydrobenzo(a)pyrene"
2015-2016,2015,Polycyclic Aromatic Hydrocarbons (PAH) - Urine,PAH_I.xpt,https://wwwn.cdc.gov/Nchs/Data/Nhanes/Public/2015/DataFiles/PAH_I.xpt,https://wwwn.cdc.gov/Nchs/Data/Nhanes/Public/2015/DataFiles/PAH_I.htm,C:\Users\21634\Documents\Codex\2026-08-22\non\work\whynot17\work\nhanes_phase2a\environmental_xpt\2015-2016_PAH_I.xpt,URXP10,URDP10LC,WTSA2YR,urine,3036,2123,69.92753623188406,True,2001-2002,2017-2018,C023389,"9,10-dihydrobenzo(a)pyrene"
2017-2018,2017,Polycyclic Aromatic Hydrocarbons (PAH) - Urine,PAH_J.xpt,https://wwwn.cdc.gov/Nchs/Data/Nhanes/Public/2017/DataFiles/PAH_J.xpt,https://wwwn.cdc.gov/Nchs/Data/Nhanes/Public/2017/DataFiles/PAH_J.htm,C:\Users\21634\Documents\Codex\2026-08-22\non\work\whynot17\work\nhanes_phase2a\environmental_xpt\2017-2018_PAH_J.xpt,URXP10,URDP10LC,WTSA2YR,urine,2775,1671,60.21621621621622,True,2001-2002,2017-2018,C023389,"9,10-dihydrobenzo(a)pyrene"
2001-2002,2001,"Phthalates, Phytoestrogens & PAHs - Urine",PHPYPA_B.xpt,https://wwwn.cdc.gov/Nchs/Data/Nhanes/Public/2001/DataFiles/PHPYPA_B.xpt,https://wwwn.cdc.gov/Nchs/Data/Nhanes/Public/2001/DataFiles/PHPYPA_B.htm,C:\Users\21634\Documents\Codex\2026-08-22\non\work\whynot17\work\nhanes_phase2a\environmental_xpt\2001-2002_PHPYPA_B.xpt,URXP02,,WTSPH2YR,urine,2748,2748,100.0,True,2001-2002,2015-2016,C025968,1-methylnaphthalene
2003-2004,2003,Polyaromatic Hydrocarbons (PAHs) - Urine,L31PAH_C.xpt,https://wwwn.cdc.gov/Nchs/Data/Nhanes/Public/2003/DataFiles/L31PAH_C.xpt,https://wwwn.cdc.gov/Nchs/Data/Nhanes/Public/2003/DataFiles/L31PAH_C.htm,C:\Users\21634\Documents\Codex\2026-08-22\non\work\whynot17\work\nhanes_phase2a\environmental_xpt\2003-2004_L31PAH_C.xpt,URXP02,URDP02LC,WTSB2YR,urine,2575,2575,100.0,True,2001-2002,2015-2016,C025968,1-methylnaphthalene
2005-2006,2005,Polyaromatic Hydrocarbons (PAHs) - Urine,PAH_D.xpt,https://wwwn.cdc.gov/Nchs/Data/Nhanes/Public/2005/DataFiles/PAH_D.xpt,https://wwwn.cdc.gov/Nchs/Data/Nhanes/Public/2005/DataFiles/PAH_D.htm,C:\Users\21634\Documents\Codex\2026-08-22\non\work\whynot17\work\nhanes_phase2a\environmental_xpt\2005-2006_PAH_D.xpt,URXP02,URDP02LC,WTSB2YR,urine,2446,2445,99.95911692559281,True,2001-2002,2015-2016,C025968,1-methylnaphthalene
2007-2008,2007,Polyaromatic Hydrocarbons (PAHs) - Urine,PAH_E.xpt,https://wwwn.cdc.gov/Nchs/Data/Nhanes/Public/2007/DataFiles/PAH_E.xpt,https://wwwn.cdc.gov/Nchs/Data/Nhanes/Public/2007/DataFiles/PAH_E.htm,C:\Users\21634\Documents\Codex\2026-08-22\non\work\whynot17\work\nhanes_phase2a\environmental_xpt\2007-2008_PAH_E.xpt,URXP02,URDP02LC,WTSB2YR,urine,2531,2530,99.96048992493085,True,2001-2002,2015-2016,C025968,1-methylnaphthalene
2009-2010,2009,Polyaromatic Hydrocarbons -Urine,PAH_F.xpt,https://wwwn.cdc.gov/Nchs/Data/Nhanes/Public/2009/DataFiles/PAH_F.xpt,https://wwwn.cdc.gov/Nchs/Data/Nhanes/Public/2009/DataFiles/PAH_F.htm,C:\Users\21634\Documents\Codex\2026-08-22\non\work\whynot17\work\nhanes_phase2a\environmental_xpt\2009-2010_PAH_F.xpt,URXP02,URDP02LC,WTSB2YR,urine,2747,2747,100.0,True,2001-2002,2015-2016,C025968,1-methylnaphthalene
2011-2012,2011,Polyaromatic Hydrocarbons (PAHs) - Urine,PAH_G.xpt,https://wwwn.cdc.gov/Nchs/Data/Nhanes/Public/2011/DataFiles/PAH_G.xpt,https://wwwn.cdc.gov/Nchs/Data/Nhanes/Public/2011/DataFiles/PAH_G.htm,C:\Users\21634\Documents\Codex\2026-08-22\non\work\whynot17\work\nhanes_phase2a\environmental_xpt\2011-2012_PAH_G.xpt,URXP02,URDP02LC,WTSA2YR,urine,2492,2492,100.0,True,2001-2002,2015-2016,C025968,1-methylnaphthalene
2013-2014,2013,Polycyclic Aromatic Hydrocarbons (PAH) - Urine,PAH_H.xpt,https://wwwn.cdc.gov/Nchs/Data/Nhanes/Public/2013/DataFiles/PAH_H.xpt,https://wwwn.cdc.gov/Nchs/Data/Nhanes/Public/2013/DataFiles/PAH_H.htm,C:\Users\21634\Documents\Codex\2026-08-22\non\work\whynot17\work\nhanes_phase2a\environmental_xpt\2013-2014_PAH_H.xpt,URXP02,URDP02LC,WTSA2YR,urine,2641,2641,100.0,True,2001-2002,2015-2016,C025968,1-methylnaphthalene
2015-2016,2015,Polycyclic Aromatic Hydrocarbons (PAH) - Urine,PAH_I.xpt,https://wwwn.cdc.gov/Nchs/Data/Nhanes/Public/2015/DataFiles/PAH_I.xpt,https://wwwn.cdc.gov/Nchs/Data/Nhanes/Public/2015/DataFiles/PAH_I.htm,C:\Users\21634\Documents\Codex\2026-08-22\non\work\whynot17\work\nhanes_phase2a\environmental_xpt\2015-2016_PAH_I.xpt,URXP02,URDP02LC,WTSA2YR,urine,2986,2986,100.0,True,2001-2002,2015-2016,C025968,1-methylnaphthalene
2001-2002,2001,"Phthalates, Phytoestrogens & PAHs - Urine",PHPYPA_B.xpt,https://wwwn.cdc.gov/Nchs/Data/Nhanes/Public/2001/DataFiles/PHPYPA_B.xpt,https://wwwn.cdc.gov/Nchs/Data/Nhanes/Public/2001/DataFiles/PHPYPA_B.htm,C:\Users\21634\Documents\Codex\2026-08-22\non\work\whynot17\work\nhanes_phase2a\environmental_xpt\2001-2002_PHPYPA_B.xpt,URXP02,,WTSPH2YR,urine,2748,2748,100.0,True,2001-2002,2015-2016,C027384,2-methylnaphthalene
2003-2004,2003,Polyaromatic Hydrocarbons (PAHs) - Urine,L31PAH_C.xpt,https://wwwn.cdc.gov/Nchs/Data/Nhanes/Public/2003/DataFiles/L31PAH_C.xpt,https://wwwn.cdc.gov/Nchs/Data/Nhanes/Public/2003/DataFiles/L31PAH_C.htm,C:\Users\21634\Documents\Codex\2026-08-22\non\work\whynot17\work\nhanes_phase2a\environmental_xpt\2003-2004_L31PAH_C.xpt,URXP02,URDP02LC,WTSB2YR,urine,2575,2575,100.0,True,2001-2002,2015-2016,C027384,2-methylnaphthalene
2005-2006,2005,Polyaromatic Hydrocarbons (PAHs) - Urine,PAH_D.xpt,https://wwwn.cdc.gov/Nchs/Data/Nhanes/Public/2005/DataFiles/PAH_D.xpt,https://wwwn.cdc.gov/Nchs/Data/Nhanes/Public/2005/DataFiles/PAH_D.htm,C:\Users\21634\Documents\Codex\2026-08-22\non\work\whynot17\work\nhanes_phase2a\environmental_xpt\2005-2006_PAH_D.xpt,URXP02,URDP02LC,WTSB2YR,urine,2446,2445,99.95911692559281,True,2001-2002,2015-2016,C027384,2-methylnaphthalene
2007-2008,2007,Polyaromatic Hydrocarbons (PAHs) - Urine,PAH_E.xpt,https://wwwn.cdc.gov/Nchs/Data/Nhanes/Public/2007/DataFiles/PAH_E.xpt,https://wwwn.cdc.gov/Nchs/Data/Nhanes/Public/2007/DataFiles/PAH_E.htm,C:\Users\21634\Documents\Codex\2026-08-22\non\work\whynot17\work\nhanes_phase2a\environmental_xpt\2007-2008_PAH_E.xpt,URXP02,URDP02LC,WTSB2YR,urine,2531,2530,99.96048992493085,True,2001-2002,2015-2016,C027384,2-methylnaphthalene
2009-2010,2009,Polyaromatic Hydrocarbons -Urine,PAH_F.xpt,https://wwwn.cdc.gov/Nchs/Data/Nhanes/Public/2009/DataFiles/PAH_F.xpt,https://wwwn.cdc.gov/Nchs/Data/Nhanes/Public/2009/DataFiles/PAH_F.htm,C:\Users\21634\Documents\Codex\2026-08-22\non\work\whynot17\work\nhanes_phase2a\environmental_xpt\2009-2010_PAH_F.xpt,URXP02,URDP02LC,WTSB2YR,urine,2747,2747,100.0,True,2001-2002,2015-2016,C027384,2-methylnaphthalene
2011-2012,2011,Polyaromatic Hydrocarbons (PAHs) - Urine,PAH_G.xpt,https://wwwn.cdc.gov/Nchs/Data/Nhanes/Public/2011/DataFiles/PAH_G.xpt,https://wwwn.cdc.gov/Nchs/Data/Nhanes/Public/2011/DataFiles/PAH_G.htm,C:\Users\21634\Documents\Codex\2026-08-22\non\work\whynot17\work\nhanes_phase2a\environmental_xpt\2011-2012_PAH_G.xpt,URXP02,URDP02LC,WTSA2YR,urine,2492,2492,100.0,True,2001-2002,2015-2016,C027384,2-methylnaphthalene
2013-2014,2013,Polycyclic Aromatic Hydrocarbons (PAH) - Urine,PAH_H.xpt,https://wwwn.cdc.gov/Nchs/Data/Nhanes/Public/2013/DataFiles/PAH_H.xpt,https://wwwn.cdc.gov/Nchs/Data/Nhanes/Public/2013/DataFiles/PAH_H.htm,C:\Users\21634\Documents\Codex\2026-08-22\non\work\whynot17\work\nhanes_phase2a\environmental_xpt\2013-2014_PAH_H.xpt,URXP02,URDP02LC,WTSA2YR,urine,2641,2641,100.0,True,2001-2002,2015-2016,C027384,2-methylnaphthalene
2015-2016,2015,Polycyclic Aromatic Hydrocarbons (PAH) - Urine,PAH_I.xpt,https://wwwn.cdc.gov/Nchs/Data/Nhanes/Public/2015/DataFiles/PAH_I.xpt,https://wwwn.cdc.gov/Nchs/Data/Nhanes/Public/2015/DataFiles/PAH_I.htm,C:\Users\21634\Documents\Codex\2026-08-22\non\work\whynot17\work\nhanes_phase2a\environmental_xpt\2015-2016_PAH_I.xpt,URXP02,URDP02LC,WTSA2YR,urine,2986,2986,100.0,True,2001-2002,2015-2016,C027384,2-methylnaphthalene
2001-2002,2001,"Phthalates, Phytoestrogens & PAHs - Urine",PHPYPA_B.xpt,https://wwwn.cdc.gov/Nchs/Data/Nhanes/Public/2001/DataFiles/PHPYPA_B.xpt,https://wwwn.cdc.gov/Nchs/Data/Nhanes/Public/2001/DataFiles/PHPYPA_B.htm,C:\Users\21634\Documents\Codex\2026-08-22\non\work\whynot17\work\nhanes_phase2a\environmental_xpt\2001-2002_PHPYPA_B.xpt,URXP10,,WTSPH2YR,urine,2747,2747,100.0,True,2001-2002,2017-2018,C027704,benzo(j)fluoranthene
2003-2004,2003,Polyaromatic Hydrocarbons (PAHs) - Urine,L31PAH_C.xpt,https://wwwn.cdc.gov/Nchs/Data/Nhanes/Public/2003/DataFiles/L31PAH_C.xpt,https://wwwn.cdc.gov/Nchs/Data/Nhanes/Public/2003/DataFiles/L31PAH_C.htm,C:\Users\21634\Documents\Codex\2026-08-22\non\work\whynot17\work\nhanes_phase2a\environmental_xpt\2003-2004_L31PAH_C.xpt,URXP10,URDP10LC,WTSB2YR,urine,2515,2499,99.3638170974155,True,2001-2002,2017-2018,C027704,benzo(j)fluoranthene
2005-2006,2005,Polyaromatic Hydrocarbons (PAHs) - Urine,PAH_D.xpt,https://wwwn.cdc.gov/Nchs/Data/Nhanes/Public/2005/DataFiles/PAH_D.xpt,https://wwwn.cdc.gov/Nchs/Data/Nhanes/Public/2005/DataFiles/PAH_D.htm,C:\Users\21634\Documents\Codex\2026-08-22\non\work\whynot17\work\nhanes_phase2a\environmental_xpt\2005-2006_PAH_D.xpt,URXP10,URDP10LC,WTSB2YR,urine,2415,2411,99.8343685300207,True,2001-2002,2017-2018,C027704,benzo(j)fluoranthene
2007-2008,2007,Polyaromatic Hydrocarbons (PAHs) - Urine,PAH_E.xpt,https://wwwn.cdc.gov/Nchs/Data/Nhanes/Public/2007/DataFiles/PAH_E.xpt,https://wwwn.cdc.gov/Nchs/Data/Nhanes/Public/2007/DataFiles/PAH_E.htm,C:\Users\21634\Documents\Codex\2026-08-22\non\work\whynot17\work\nhanes_phase2a\environmental_xpt\2007-2008_PAH_E.xpt,URXP10,URDP10LC,WTSB2YR,urine,2581,2569,99.5350639287098,True,2001-2002,2017-2018,C027704,benzo(j)fluoranthene
2009-2010,2009,Polyaromatic Hydrocarbons -Urine,PAH_F.xpt,https://wwwn.cdc.gov/Nchs/Data/Nhanes/Public/2009/DataFiles/PAH_F.xpt,https://wwwn.cdc.gov/Nchs/Data/Nhanes/Public/2009/DataFiles/PAH_F.htm,C:\Users\21634\Documents\Codex\2026-08-22\non\work\whynot17\work\nhanes_phase2a\environmental_xpt\2009-2010_PAH_F.xpt,URXP10,URDP10LC,WTSB2YR,urine,2746,2729,99.3809176984705,True,2001-2002,2017-2018,C027704,benzo(j)fluoranthene
2011-2012,2011,Polyaromatic Hydrocarbons (PAHs) - Urine,PAH_G.xpt,https://wwwn.cdc.gov/Nchs/Data/Nhanes/Public/2011/DataFiles/PAH_G.xpt,https://wwwn.cdc.gov/Nchs/Data/Nhanes/Public/2011/DataFiles/PAH_G.htm,C:\Users\21634\Documents\Codex\2026-08-22\non\work\whynot17\work\nhanes_phase2a\environmental_xpt\2011-2012_PAH_G.xpt,URXP10,URDP10LC,WTSA2YR,urine,2487,2458,98.83393646964214,True,2001-2002,2017-2018,C027704,benzo(j)fluoranthene
2013-2014,2013,Polycyclic Aromatic Hydrocarbons (PAH) - Urine,PAH_H.xpt,https://wwwn.cdc.gov/Nchs/Data/Nhanes/Public/2013/DataFiles/PAH_H.xpt,https://wwwn.cdc.gov/Nchs/Data/Nhanes/Public/2013/DataFiles/PAH_H.htm,C:\Users\21634\Documents\Codex\2026-08-22\non\work\whynot17\work\nhanes_phase2a\environmental_xpt\2013-2014_PAH_H.xpt,URXP10,URDP10LC,WTSA2YR,urine,2650,2024,76.37735849056604,True,2001-2002,2017-2018,C027704,benzo(j)fluoranthene
2015-2016,2015,Polycyclic Aromatic Hydrocarbons (PAH) - Urine,PAH_I.xpt,https://wwwn.cdc.gov/Nchs/Data/Nhanes/Public/2015/DataFiles/PAH_I.xpt,https://wwwn.cdc.gov/Nchs/Data/Nhanes/Public/2015/DataFiles/PAH_I.htm,C:\Users\21634\Documents\Codex\2026-08-22\non\work\whynot17\work\nhanes_phase2a\environmental_xpt\2015-2016_PAH_I.xpt,URXP10,URDP10LC,WTSA2YR,urine,3036,2123,69.92753623188406,True,2001-2002,2017-2018,C027704,benzo(j)fluoranthene
2017-2018,2017,Polycyclic Aromatic Hydrocarbons (PAH) - Urine,PAH_J.xpt,https://wwwn.cdc.gov/Nchs/Data/Nhanes/Public/2017/DataFiles/PAH_J.xpt,https://wwwn.cdc.gov/Nchs/Data/Nhanes/Public/2017/DataFiles/PAH_J.htm,C:\Users\21634\Documents\Codex\2026-08-22\non\work\whynot17\work\nhanes_phase2a\environmental_xpt\2017-2018_PAH_J.xpt,URXP10,URDP10LC,WTSA2YR,urine,2775,1671,60.21621621621622,True,2001-2002,2017-2018,C027704,benzo(j)fluoranthene
1999-2000,1999,Metals - Urine,LAB06HM.xpt,https://wwwn.cdc.gov/Nchs/Data/Nhanes/Public/1999/DataFiles/LAB06HM.xpt,https://wwwn.cdc.gov/Nchs/Data/Nhanes/Public/1999/DataFiles/LAB06HM.htm,C:\Users\21634\Documents\Codex\2026-08-22\non\work\whynot17\work\nhanes_phase2a\environmental_xpt\1999-2000_LAB06HM.xpt,URXUCS,,WTSHM2YR,urine,2464,2464,100.0,True,1999-2000,2017-2018,C028019,cesium chloride
2001-2002,2001,Metals - Urine,L06HM_B.xpt,https://wwwn.cdc.gov/Nchs/Data/Nhanes/Public/2001/DataFiles/L06HM_B.xpt,https://wwwn.cdc.gov/Nchs/Data/Nhanes/Public/2001/DataFiles/L06HM_B.htm,C:\Users\21634\Documents\Codex\2026-08-22\non\work\whynot17\work\nhanes_phase2a\environmental_xpt\2001-2002_L06HM_B.xpt,URXUCS,,WTSHM2YR,urine,2690,2690,100.0,True,1999-2000,2017-2018,C028019,cesium chloride
2003-2004,2003,Metals - Urine,L06HM_C.xpt,https://wwwn.cdc.gov/Nchs/Data/Nhanes/Public/2003/DataFiles/L06HM_C.xpt,https://wwwn.cdc.gov/Nchs/Data/Nhanes/Public/2003/DataFiles/L06HM_C.htm,C:\Users\21634\Documents\Codex\2026-08-22\non\work\whynot17\work\nhanes_phase2a\environmental_xpt\2003-2004_L06HM_C.xpt,URXUCS,URDUCSLC,WTSA2YR,urine,2558,2558,100.0,True,1999-2000,2017-2018,C028019,cesium chloride
2005-2006,2005,Metals - Urine,UHM_D.xpt,https://wwwn.cdc.gov/Nchs/Data/Nhanes/Public/2005/DataFiles/UHM_D.xpt,https://wwwn.cdc.gov/Nchs/Data/Nhanes/Public/2005/DataFiles/UHM_D.htm,C:\Users\21634\Documents\Codex\2026-08-22\non\work\whynot17\work\nhanes_phase2a\environmental_xpt\2005-2006_UHM_D.xpt,URXUCS,URDUCSLC,WTSA2YR,urine,2576,2576,100.0,True,1999-2000,2017-2018,C028019,cesium chloride
2007-2008,2007,Metals - Urine,UHM_E.xpt,https://wwwn.cdc.gov/Nchs/Data/Nhanes/Public/2007/DataFiles/UHM_E.xpt,https://wwwn.cdc.gov/Nchs/Data/Nhanes/Public/2007/DataFiles/UHM_E.htm,C:\Users\21634\Documents\Codex\2026-08-22\non\work\whynot17\work\nhanes_phase2a\environmental_xpt\2007-2008_UHM_E.xpt,URXUCS,URDUCSLC,WTSA2YR,urine,2627,2627,100.0,True,1999-2000,2017-2018,C028019,cesium chloride
2009-2010,2009,Metals - Urine,UHM_F.xpt,https://wwwn.cdc.gov/Nchs/Data/Nhanes/Public/2009/DataFiles/UHM_F.xpt,https://wwwn.cdc.gov/Nchs/Data/Nhanes/Public/2009/DataFiles/UHM_F.htm,C:\Users\21634\Documents\Codex\2026-08-22\non\work\whynot17\work\nhanes_phase2a\environmental_xpt\2009-2010_UHM_F.xpt,URXUCS,URDUCSLC,WTSA2YR,urine,2848,2848,100.0,True,1999-2000,2017-2018,C028019,cesium chloride
2011-2012,2011,Metals - Urine,UHM_G.xpt,https://wwwn.cdc.gov/Nchs/Data/Nhanes/Public/2011/DataFiles/UHM_G.xpt,https://wwwn.cdc.gov/Nchs/Data/Nhanes/Public/2011/DataFiles/UHM_G.htm,C:\Users\21634\Documents\Codex\2026-08-22\non\work\whynot17\work\nhanes_phase2a\environmental_xpt\2011-2012_UHM_G.xpt,URXUCS,URDUCSLC,WTSA2YR,urine,2503,2503,100.0,True,1999-2000,2017-2018,C028019,cesium chloride
2013-2014,2013,Metals - Urine,UM_H.xpt,https://wwwn.cdc.gov/Nchs/Data/Nhanes/Public/2013/DataFiles/UM_H.xpt,https://wwwn.cdc.gov/Nchs/Data/Nhanes/Public/2013/DataFiles/UM_H.htm,C:\Users\21634\Documents\Codex\2026-08-22\non\work\whynot17\work\nhanes_phase2a\environmental_xpt\2013-2014_UM_H.xpt,URXUCS,URDUCSLC,WTSA2YR,urine,2664,2664,100.0,True,1999-2000,2017-2018,C028019,cesium chloride
2015-2016,2015,Metals - Urine,UM_I.xpt,https://wwwn.cdc.gov/Nchs/Data/Nhanes/Public/2015/DataFiles/UM_I.xpt,https://wwwn.cdc.gov/Nchs/Data/Nhanes/Public/2015/DataFiles/UM_I.htm,C:\Users\21634\Documents\Codex\2026-08-22\non\work\whynot17\work\nhanes_phase2a\environmental_xpt\2015-2016_UM_I.xpt,URXUCS,URDUCSLC,WTSA2YR,urine,3061,3060,99.96733093760209,True,1999-2000,2017-2018,C028019,cesium chloride
2017-2018,2017,Metals - Urine,UM_J.xpt,https://wwwn.cdc.gov/Nchs/Data/Nhanes/Public/2017/DataFiles/UM_J.xpt,https://wwwn.cdc.gov/Nchs/Data/Nhanes/Public/2017/DataFiles/UM_J.htm,C:\Users\21634\Documents\Codex\2026-08-22\non\work\whynot17\work\nhanes_phase2a\environmental_xpt\2017-2018_UM_J.xpt,URXUCS,URDUCSLC,WTSA2YR,urine,2808,2808,100.0,True,1999-2000,2017-2018,C028019,cesium chloride
2001-2002,2001,"Phthalates, Phytoestrogens & PAHs - Urine",PHPYPA_B.xpt,https://wwwn.cdc.gov/Nchs/Data/Nhanes/Public/2001/DataFiles/PHPYPA_B.xpt,https://wwwn.cdc.gov/Nchs/Data/Nhanes/Public/2001/DataFiles/PHPYPA_B.htm,C:\Users\21634\Documents\Codex\2026-08-22\non\work\whynot17\work\nhanes_phase2a\environmental_xpt\2001-2002_PHPYPA_B.xpt,URXP02,,WTSPH2YR,urine,2748,2748,100.0,True,2001-2002,2015-2016,C028519,"2,6-dimethylnaphthalene"
2003-2004,2003,Polyaromatic Hydrocarbons (PAHs) - Urine,L31PAH_C.xpt,https://wwwn.cdc.gov/Nchs/Data/Nhanes/Public/2003/DataFiles/L31PAH_C.xpt,https://wwwn.cdc.gov/Nchs/Data/Nhanes/Public/2003/DataFiles/L31PAH_C.htm,C:\Users\21634\Documents\Codex\2026-08-22\non\work\whynot17\work\nhanes_phase2a\environmental_xpt\2003-2004_L31PAH_C.xpt,URXP02,URDP02LC,WTSB2YR,urine,2575,2575,100.0,True,2001-2002,2015-2016,C028519,"2,6-dimethylnaphthalene"
2005-2006,2005,Polyaromatic Hydrocarbons (PAHs) - Urine,PAH_D.xpt,https://wwwn.cdc.gov/Nchs/Data/Nhanes/Public/2005/DataFiles/PAH_D.xpt,https://wwwn.cdc.gov/Nchs/Data/Nhanes/Public/2005/DataFiles/PAH_D.htm,C:\Users\21634\Documents\Codex\2026-08-22\non\work\whynot17\work\nhanes_phase2a\environmental_xpt\2005-2006_PAH_D.xpt,URXP02,URDP02LC,WTSB2YR,urine,2446,2445,99.95911692559281,True,2001-2002,2015-2016,C028519,"2,6-dimethylnaphthalene"
2007-2008,2007,Polyaromatic Hydrocarbons (PAHs) - Urine,PAH_E.xpt,https://wwwn.cdc.gov/Nchs/Data/Nhanes/Public/2007/DataFiles/PAH_E.xpt,https://wwwn.cdc.gov/Nchs/Data/Nhanes/Public/2007/DataFiles/PAH_E.htm,C:\Users\21634\Documents\Codex\2026-08-22\non\work\whynot17\work\nhanes_phase2a\environmental_xpt\2007-2008_PAH_E.xpt,URXP02,URDP02LC,WTSB2YR,urine,2531,2530,99.96048992493085,True,2001-2002,2015-2016,C028519,"2,6-dimethylnaphthalene"
2009-2010,2009,Polyaromatic Hydrocarbons -Urine,PAH_F.xpt,https://wwwn.cdc.gov/Nchs/Data/Nhanes/Public/2009/DataFiles/PAH_F.xpt,https://wwwn.cdc.gov/Nchs/Data/Nhanes/Public/2009/DataFiles/PAH_F.htm,C:\Users\21634\Documents\Codex\2026-08-22\non\work\whynot17\work\nhanes_phase2a\environmental_xpt\2009-2010_PAH_F.xpt,URXP02,URDP02LC,WTSB2YR,urine,2747,2747,100.0,True,2001-2002,2015-2016,C028519,"2,6-dimethylnaphthalene"
2011-2012,2011,Polyaromatic Hydrocarbons (PAHs) - Urine,PAH_G.xpt,https://wwwn.cdc.gov/Nchs/Data/Nhanes/Public/2011/DataFiles/PAH_G.xpt,https://wwwn.cdc.gov/Nchs/Data/Nhanes/Public/2011/DataFiles/PAH_G.htm,C:\Users\21634\Documents\Codex\2026-08-22\non\work\whynot17\work\nhanes_phase2a\environmental_xpt\2011-2012_PAH_G.xpt,URXP02,URDP02LC,WTSA2YR,urine,2492,2492,100.0,True,2001-2002,2015-2016,C028519,"2,6-dimethylnaphthalene"
2013-2014,2013,Polycyclic Aromatic Hydrocarbons (PAH) - Urine,PAH_H.xpt,https://wwwn.cdc.gov/Nchs/Data/Nhanes/Public/2013/DataFiles/PAH_H.xpt,https://wwwn.cdc.gov/Nchs/Data/Nhanes/Public/2013/DataFiles/PAH_H.htm,C:\Users\21634\Documents\Codex\2026-08-22\non\work\whynot17\work\nhanes_phase2a\environmental_xpt\2013-2014_PAH_H.xpt,URXP02,URDP02LC,WTSA2YR,urine,2641,2641,100.0,True,2001-2002,2015-2016,C028519,"2,6-dimethylnaphthalene"
2015-2016,2015,Polycyclic Aromatic Hydrocarbons (PAH) - Urine,PAH_I.xpt,https://wwwn.cdc.gov/Nchs/Data/Nhanes/Public/2015/DataFiles/PAH_I.xpt,https://wwwn.cdc.gov/Nchs/Data/Nhanes/Public/2015/DataFiles/PAH_I.htm,C:\Users\21634\Documents\Codex\2026-08-22\non\work\whynot17\work\nhanes_phase2a\environmental_xpt\2015-2016_PAH_I.xpt,URXP02,URDP02LC,WTSA2YR,urine,2986,2986,100.0,True,2001-2002,2015-2016,C028519,"2,6-dimethylnaphthalene"
2013-2014,2013,Polycyclic Aromatic Hydrocarbons (PAH) - Urine,PAH_H.xpt,https://wwwn.cdc.gov/Nchs/Data/Nhanes/Public/2013/DataFiles/PAH_H.xpt,https://wwwn.cdc.gov/Nchs/Data/Nhanes/Public/2013/DataFiles/PAH_H.htm,C:\Users\21634\Documents\Codex\2026-08-22\non\work\whynot17\work\nhanes_phase2a\environmental_xpt\2013-2014_PAH_H.xpt,URXP25,URDP25LC,WTSA2YR,urine,2650,2638,99.54716981132076,True,2013-2014,2017-2018,C029126,"9,10-dimethylanthracene"
2015-2016,2015,Polycyclic Aromatic Hydrocarbons (PAH) - Urine,PAH_I.xpt,https://wwwn.cdc.gov/Nchs/Data/Nhanes/Public/2015/DataFiles/PAH_I.xpt,https://wwwn.cdc.gov/Nchs/Data/Nhanes/Public/2015/DataFiles/PAH_I.htm,C:\Users\21634\Documents\Codex\2026-08-22\non\work\whynot17\work\nhanes_phase2a\environmental_xpt\2015-2016_PAH_I.xpt,URXP25,URDP25LC,WTSA2YR,urine,3035,3026,99.70345963756178,True,2013-2014,2017-2018,C029126,"9,10-dimethylanthracene"
2017-2018,2017,Polycyclic Aromatic Hydrocarbons (PAH) - Urine,PAH_J.xpt,https://wwwn.cdc.gov/Nchs/Data/Nhanes/Public/2017/DataFiles/PAH_J.xpt,https://wwwn.cdc.gov/Nchs/Data/Nhanes/Public/2017/DataFiles/PAH_J.htm,C:\Users\21634\Documents\Codex\2026-08-22\non\work\whynot17\work\nhanes_phase2a\environmental_xpt\2017-2018_PAH_J.xpt,URXP25,URDP25LC,WTSA2YR,urine,2774,2752,99.20692141312185,True,2013-2014,2017-2018,C029126,"9,10-dimethylanthracene"
2001-2002,2001,"Phthalates, Phytoestrogens & PAHs - Urine",PHPYPA_B.xpt,https://wwwn.cdc.gov/Nchs/Data/Nhanes/Public/2001/DataFiles/PHPYPA_B.xpt,https://wwwn.cdc.gov/Nchs/Data/Nhanes/Public/2001/DataFiles/PHPYPA_B.htm,C:\Users\21634\Documents\Codex\2026-08-22\non\work\whynot17\work\nhanes_phase2a\environmental_xpt\2001-2002_PHPYPA_B.xpt,URXP10,,WTSPH2YR,urine,2747,2747,100.0,True,2001-2002,2017-2018,C031195,"dibenzo(a,h)pyrene"
2003-2004,2003,Polyaromatic Hydrocarbons (PAHs) - Urine,L31PAH_C.xpt,https://wwwn.cdc.gov/Nchs/Data/Nhanes/Public/2003/DataFiles/L31PAH_C.xpt,https://wwwn.cdc.gov/Nchs/Data/Nhanes/Public/2003/DataFiles/L31PAH_C.htm,C:\Users\21634\Documents\Codex\2026-08-22\non\work\whynot17\work\nhanes_phase2a\environmental_xpt\2003-2004_L31PAH_C.xpt,URXP10,URDP10LC,WTSB2YR,urine,2515,2499,99.3638170974155,True,2001-2002,2017-2018,C031195,"dibenzo(a,h)pyrene"
2005-2006,2005,Polyaromatic Hydrocarbons (PAHs) - Urine,PAH_D.xpt,https://wwwn.cdc.gov/Nchs/Data/Nhanes/Public/2005/DataFiles/PAH_D.xpt,https://wwwn.cdc.gov/Nchs/Data/Nhanes/Public/2005/DataFiles/PAH_D.htm,C:\Users\21634\Documents\Codex\2026-08-22\non\work\whynot17\work\nhanes_phase2a\environmental_xpt\2005-2006_PAH_D.xpt,URXP10,URDP10LC,WTSB2YR,urine,2415,2411,99.8343685300207,True,2001-2002,2017-2018,C031195,"dibenzo(a,h)pyrene"
2007-2008,2007,Polyaromatic Hydrocarbons (PAHs) - Urine,PAH_E.xpt,https://wwwn.cdc.gov/Nchs/Data/Nhanes/Public/2007/DataFiles/PAH_E.xpt,https://wwwn.cdc.gov/Nchs/Data/Nhanes/Public/2007/DataFiles/PAH_E.htm,C:\Users\21634\Documents\Codex\2026-08-22\non\work\whynot17\work\nhanes_phase2a\environmental_xpt\2007-2008_PAH_E.xpt,URXP10,URDP10LC,WTSB2YR,urine,2581,2569,99.5350639287098,True,2001-2002,2017-2018,C031195,"dibenzo(a,h)pyrene"
2009-2010,2009,Polyaromatic Hydrocarbons -Urine,PAH_F.xpt,https://wwwn.cdc.gov/Nchs/Data/Nhanes/Public/2009/DataFiles/PAH_F.xpt,https://wwwn.cdc.gov/Nchs/Data/Nhanes/Public/2009/DataFiles/PAH_F.htm,C:\Users\21634\Documents\Codex\2026-08-22\non\work\whynot17\work\nhanes_phase2a\environmental_xpt\2009-2010_PAH_F.xpt,URXP10,URDP10LC,WTSB2YR,urine,2746,2729,99.3809176984705,True,2001-2002,2017-2018,C031195,"dibenzo(a,h)pyrene"
2011-2012,2011,Polyaromatic Hydrocarbons (PAHs) - Urine,PAH_G.xpt,https://wwwn.cdc.gov/Nchs/Data/Nhanes/Public/2011/DataFiles/PAH_G.xpt,https://wwwn.cdc.gov/Nchs/Data/Nhanes/Public/2011/DataFiles/PAH_G.htm,C:\Users\21634\Documents\Codex\2026-08-22\non\work\whynot17\work\nhanes_phase2a\environmental_xpt\2011-2012_PAH_G.xpt,URXP10,URDP10LC,WTSA2YR,urine,2487,2458,98.83393646964214,True,2001-2002,2017-2018,C031195,"dibenzo(a,h)pyrene"
2013-2014,2013,Polycyclic Aromatic Hydrocarbons (PAH) - Urine,PAH_H.xpt,https://wwwn.cdc.gov/Nchs/Data/Nhanes/Public/2013/DataFiles/PAH_H.xpt,https://wwwn.cdc.gov/Nchs/Data/Nhanes/Public/2013/DataFiles/PAH_H.htm,C:\Users\21634\Documents\Codex\2026-08-22\non\work\whynot17\work\nhanes_phase2a\environmental_xpt\2013-2014_PAH_H.xpt,URXP10,URDP10LC,WTSA2YR,urine,2650,2024,76.37735849056604,True,2001-2002,2017-2018,C031195,"dibenzo(a,h)pyrene"
2015-2016,2015,Polycyclic Aromatic Hydrocarbons (PAH) - Urine,PAH_I.xpt,https://wwwn.cdc.gov/Nchs/Data/Nhanes/Public/2015/DataFiles/PAH_I.xpt,https://wwwn.cdc.gov/Nchs/Data/Nhanes/Public/2015/DataFiles/PAH_I.htm,C:\Users\21634\Documents\Codex\2026-08-22\non\work\whynot17\work\nhanes_phase2a\environmental_xpt\2015-2016_PAH_I.xpt,URXP10,URDP10LC,WTSA2YR,urine,3036,2123,69.92753623188406,True,2001-2002,2017-2018,C031195,"dibenzo(a,h)pyrene"
2017-2018,2017,Polycyclic Aromatic Hydrocarbons (PAH) - Urine,PAH_J.xpt,https://wwwn.cdc.gov/Nchs/Data/Nhanes/Public/2017/DataFiles/PAH_J.xpt,https://wwwn.cdc.gov/Nchs/Data/Nhanes/Public/2017/DataFiles/PAH_J.htm,C:\Users\21634\Documents\Codex\2026-08-22\non\work\whynot17\work\nhanes_phase2a\environmental_xpt\2017-2018_PAH_J.xpt,URXP10,URDP10LC,WTSA2YR,urine,2775,1671,60.21621621621622,True,2001-2002,2017-2018,C031195,"dibenzo(a,h)pyrene"
1999-2000,1999,Metals - Urine,LAB06HM.xpt,https://wwwn.cdc.gov/Nchs/Data/Nhanes/Public/1999/DataFiles/LAB06HM.xpt,https://wwwn.cdc.gov/Nchs/Data/Nhanes/Public/1999/DataFiles/LAB06HM.htm,C:\Users\21634\Documents\Codex\2026-08-22\non\work\whynot17\work\nhanes_phase2a\environmental_xpt\1999-2000_LAB06HM.xpt,URXUPB,,WTSHM2YR,urine,2465,2465,100.0,True,1999-2000,2017-2018,C031895,lead chromate
2001-2002,2001,Metals - Urine,L06HM_B.xpt,https://wwwn.cdc.gov/Nchs/Data/Nhanes/Public/2001/DataFiles/L06HM_B.xpt,https://wwwn.cdc.gov/Nchs/Data/Nhanes/Public/2001/DataFiles/L06HM_B.htm,C:\Users\21634\Documents\Codex\2026-08-22\non\work\whynot17\work\nhanes_phase2a\environmental_xpt\2001-2002_L06HM_B.xpt,URXUPB,,WTSHM2YR,urine,2690,2690,100.0,True,1999-2000,2017-2018,C031895,lead chromate
2003-2004,2003,Metals - Urine,L06HM_C.xpt,https://wwwn.cdc.gov/Nchs/Data/Nhanes/Public/2003/DataFiles/L06HM_C.xpt,https://wwwn.cdc.gov/Nchs/Data/Nhanes/Public/2003/DataFiles/L06HM_C.htm,C:\Users\21634\Documents\Codex\2026-08-22\non\work\whynot17\work\nhanes_phase2a\environmental_xpt\2003-2004_L06HM_C.xpt,URXUPB,URDUPBLC,WTSA2YR,urine,2558,2170,84.83189992181391,True,1999-2000,2017-2018,C031895,lead chromate
2005-2006,2005,Metals - Urine,UHM_D.xpt,https://wwwn.cdc.gov/Nchs/Data/Nhanes/Public/2005/DataFiles/UHM_D.xpt,https://wwwn.cdc.gov/Nchs/Data/Nhanes/Public/2005/DataFiles/UHM_D.htm,C:\Users\21634\Documents\Codex\2026-08-22\non\work\whynot17\work\nhanes_phase2a\environmental_xpt\2005-2006_UHM_D.xpt,URXUPB,URDUPBLC,WTSA2YR,urine,2576,2515,97.63198757763975,True,1999-2000,2017-2018,C031895,lead chromate
2007-2008,2007,Metals - Urine,UHM_E.xpt,https://wwwn.cdc.gov/Nchs/Data/Nhanes/Public/2007/DataFiles/UHM_E.xpt,https://wwwn.cdc.gov/Nchs/Data/Nhanes/Public/2007/DataFiles/UHM_E.htm,C:\Users\21634\Documents\Codex\2026-08-22\non\work\whynot17\work\nhanes_phase2a\environmental_xpt\2007-2008_UHM_E.xpt,URXUPB,URDUPBLC,WTSA2YR,urine,2627,2575,98.02055576703464,True,1999-2000,2017-2018,C031895,lead chromate
2009-2010,2009,Metals - Urine,UHM_F.xpt,https://wwwn.cdc.gov/Nchs/Data/Nhanes/Public/2009/DataFiles/UHM_F.xpt,https://wwwn.cdc.gov/Nchs/Data/Nhanes/Public/2009/DataFiles/UHM_F.htm,C:\Users\21634\Documents\Codex\2026-08-22\non\work\whynot17\work\nhanes_phase2a\environmental_xpt\2009-2010_UHM_F.xpt,URXUPB,URDUPBLC,WTSA2YR,urine,2848,2768,97.19101123595506,True,1999-2000,2017-2018,C031895,lead chromate
2011-2012,2011,Metals - Urine,UHM_G.xpt,https://wwwn.cdc.gov/Nchs/Data/Nhanes/Public/2011/DataFiles/UHM_G.xpt,https://wwwn.cdc.gov/Nchs/Data/Nhanes/Public/2011/DataFiles/UHM_G.htm,C:\Users\21634\Documents\Codex\2026-08-22\non\work\whynot17\work\nhanes_phase2a\environmental_xpt\2011-2012_UHM_G.xpt,URXUPB,URDUPBLC,WTSA2YR,urine,2504,2404,96.00638977635782,True,1999-2000,2017-2018,C031895,lead chromate
2013-2014,2013,Metals - Urine,UM_H.xpt,https://wwwn.cdc.gov/Nchs/Data/Nhanes/Public/2013/DataFiles/UM_H.xpt,https://wwwn.cdc.gov/Nchs/Data/Nhanes/Public/2013/DataFiles/UM_H.htm,C:\Users\21634\Documents\Codex\2026-08-22\non\work\whynot17\work\nhanes_phase2a\environmental_xpt\2013-2014_UM_H.xpt,URXUPB,URDUPBLC,WTSA2YR,urine,2664,2636,98.94894894894895,True,1999-2000,2017-2018,C031895,lead chromate
2015-2016,2015,Metals - Urine,UM_I.xpt,https://wwwn.cdc.gov/Nchs/Data/Nhanes/Public/2015/DataFiles/UM_I.xpt,https://wwwn.cdc.gov/Nchs/Data/Nhanes/Public/2015/DataFiles/UM_I.htm,C:\Users\21634\Documents\Codex\2026-08-22\non\work\whynot17\work\nhanes_phase2a\environmental_xpt\2015-2016_UM_I.xpt,URXUPB,URDUPBLC,WTSA2YR,urine,3061,3049,99.6079712512251,True,1999-2000,2017-2018,C031895,lead chromate
2017-2018,2017,Metals - Urine,UM_J.xpt,https://wwwn.cdc.gov/Nchs/Data/Nhanes/Public/2017/DataFiles/UM_J.xpt,https://wwwn.cdc.gov/Nchs/Data/Nhanes/Public/2017/DataFiles/UM_J.htm,C:\Users\21634\Documents\Codex\2026-08-22\non\work\whynot17\work\nhanes_phase2a\environmental_xpt\2017-2018_UM_J.xpt,URXUPB,URDUPBLC,WTSA2YR,urine,2405,2390,99.37629937629937,True,1999-2000,2017-2018,C031895,lead chromate
2001-2002,2001,"Phthalates, Phytoestrogens & PAHs - Urine",PHPYPA_B.xpt,https://wwwn.cdc.gov/Nchs/Data/Nhanes/Public/2001/DataFiles/PHPYPA_B.xpt,https://wwwn.cdc.gov/Nchs/Data/Nhanes/Public/2001/DataFiles/PHPYPA_B.htm,C:\Users\21634\Documents\Codex\2026-08-22\non\work\whynot17\work\nhanes_phase2a\environmental_xpt\2001-2002_PHPYPA_B.xpt,URXP02,,WTSPH2YR,urine,2748,2748,100.0,True,2001-2002,2015-2016,C031969,"1,4-dimethylnaphthalene"
2003-2004,2003,Polyaromatic Hydrocarbons (PAHs) - Urine,L31PAH_C.xpt,https://wwwn.cdc.gov/Nchs/Data/Nhanes/Public/2003/DataFiles/L31PAH_C.xpt,https://wwwn.cdc.gov/Nchs/Data/Nhanes/Public/2003/DataFiles/L31PAH_C.htm,C:\Users\21634\Documents\Codex\2026-08-22\non\work\whynot17\work\nhanes_phase2a\environmental_xpt\2003-2004_L31PAH_C.xpt,URXP02,URDP02LC,WTSB2YR,urine,2575,2575,100.0,True,2001-2002,2015-2016,C031969,"1,4-dimethylnaphthalene"
2005-2006,2005,Polyaromatic Hydrocarbons (PAHs) - Urine,PAH_D.xpt,https://wwwn.cdc.gov/Nchs/Data/Nhanes/Public/2005/DataFiles/PAH_D.xpt,https://wwwn.cdc.gov/Nchs/Data/Nhanes/Public/2005/DataFiles/PAH_D.htm,C:\Users\21634\Documents\Codex\2026-08-22\non\work\whynot17\work\nhanes_phase2a\environmental_xpt\2005-2006_PAH_D.xpt,URXP02,URDP02LC,WTSB2YR,urine,2446,2445,99.95911692559281,True,2001-2002,2015-2016,C031969,"1,4-dimethylnaphthalene"
2007-2008,2007,Polyaromatic Hydrocarbons (PAHs) - Urine,PAH_E.xpt,https://wwwn.cdc.gov/Nchs/Data/Nhanes/Public/2007/DataFiles/PAH_E.xpt,https://wwwn.cdc.gov/Nchs/Data/Nhanes/Public/2007/DataFiles/PAH_E.htm,C:\Users\21634\Documents\Codex\2026-08-22\non\work\whynot17\work\nhanes_phase2a\environmental_xpt\2007-2008_PAH_E.xpt,URXP02,URDP02LC,WTSB2YR,urine,2531,2530,99.96048992493085,True,2001-2002,2015-2016,C031969,"1,4-dimethylnaphthalene"
2009-2010,2009,Polyaromatic Hydrocarbons -Urine,PAH_F.xpt,https://wwwn.cdc.gov/Nchs/Data/Nhanes/Public/2009/DataFiles/PAH_F.xpt,https://wwwn.cdc.gov/Nchs/Data/Nhanes/Public/2009/DataFiles/PAH_F.htm,C:\Users\21634\Documents\Codex\2026-08-22\non\work\whynot17\work\nhanes_phase2a\environmental_xpt\2009-2010_PAH_F.xpt,URXP02,URDP02LC,WTSB2YR,urine,2747,2747,100.0,True,2001-2002,2015-2016,C031969,"1,4-dimethylnaphthalene"
2011-2012,2011,Polyaromatic Hydrocarbons (PAHs) - Urine,PAH_G.xpt,https://wwwn.cdc.gov/Nchs/Data/Nhanes/Public/2011/DataFiles/PAH_G.xpt,https://wwwn.cdc.gov/Nchs/Data/Nhanes/Public/2011/DataFiles/PAH_G.htm,C:\Users\21634\Documents\Codex\2026-08-22\non\work\whynot17\work\nhanes_phase2a\environmental_xpt\2011-2012_PAH_G.xpt,URXP02,URDP02LC,WTSA2YR,urine,2492,2492,100.0,True,2001-2002,2015-2016,C031969,"1,4-dimethylnaphthalene"
2013-2014,2013,Polycyclic Aromatic Hydrocarbons (PAH) - Urine,PAH_H.xpt,https://wwwn.cdc.gov/Nchs/Data/Nhanes/Public/2013/DataFiles/PAH_H.xpt,https://wwwn.cdc.gov/Nchs/Data/Nhanes/Public/2013/DataFiles/PAH_H.htm,C:\Users\21634\Documents\Codex\2026-08-22\non\work\whynot17\work\nhanes_phase2a\environmental_xpt\2013-2014_PAH_H.xpt,URXP02,URDP02LC,WTSA2YR,urine,2641,2641,100.0,True,2001-2002,2015-2016,C031969,"1,4-dimethylnaphthalene"
2015-2016,2015,Polycyclic Aromatic Hydrocarbons (PAH) - Urine,PAH_I.xpt,https://wwwn.cdc.gov/Nchs/Data/Nhanes/Public/2015/DataFiles/PAH_I.xpt,https://wwwn.cdc.gov/Nchs/Data/Nhanes/Public/2015/DataFiles/PAH_I.htm,C:\Users\21634\Documents\Codex\2026-08-22\non\work\whynot17\work\nhanes_phase2a\environmental_xpt\2015-2016_PAH_I.xpt,URXP02,URDP02LC,WTSA2YR,urine,2986,2986,100.0,True,2001-2002,2015-2016,C031969,"1,4-dimethylnaphthalene"
1999-2000,1999,Metals - Urine,LAB06HM.xpt,https://wwwn.cdc.gov/Nchs/Data/Nhanes/Public/1999/DataFiles/LAB06HM.xpt,https://wwwn.cdc.gov/Nchs/Data/Nhanes/Public/1999/DataFiles/LAB06HM.htm,C:\Users\21634\Documents\Codex\2026-08-22\non\work\whynot17\work\nhanes_phase2a\environmental_xpt\1999-2000_LAB06HM.xpt,URXUSB,,WTSHM2YR,urine,2276,2276,100.0,True,1999-2000,2017-2018,C037554,antimony trioxide
2001-2002,2001,Metals - Urine,L06HM_B.xpt,https://wwwn.cdc.gov/Nchs/Data/Nhanes/Public/2001/DataFiles/L06HM_B.xpt,https://wwwn.cdc.gov/Nchs/Data/Nhanes/Public/2001/DataFiles/L06HM_B.htm,C:\Users\21634\Documents\Codex\2026-08-22\non\work\whynot17\work\nhanes_phase2a\environmental_xpt\2001-2002_L06HM_B.xpt,URXUSB,,WTSHM2YR,urine,2690,2690,100.0,True,1999-2000,2017-2018,C037554,antimony trioxide
2003-2004,2003,Metals - Urine,L06HM_C.xpt,https://wwwn.cdc.gov/Nchs/Data/Nhanes/Public/2003/DataFiles/L06HM_C.xpt,https://wwwn.cdc.gov/Nchs/Data/Nhanes/Public/2003/DataFiles/L06HM_C.htm,C:\Users\21634\Documents\Codex\2026-08-22\non\work\whynot17\work\nhanes_phase2a\environmental_xpt\2003-2004_L06HM_C.xpt,URXUSB,URDUSBLC,WTSA2YR,urine,2558,1601,62.5879593432369,True,1999-2000,2017-2018,C037554,antimony trioxide
2005-2006,2005,Metals - Urine,UHM_D.xpt,https://wwwn.cdc.gov/Nchs/Data/Nhanes/Public/2005/DataFiles/UHM_D.xpt,https://wwwn.cdc.gov/Nchs/Data/Nhanes/Public/2005/DataFiles/UHM_D.htm,C:\Users\21634\Documents\Codex\2026-08-22\non\work\whynot17\work\nhanes_phase2a\environmental_xpt\2005-2006_UHM_D.xpt,URXUSB,URDUSBLC,WTSA2YR,urine,2576,2233,86.68478260869566,True,1999-2000,2017-2018,C037554,antimony trioxide
2007-2008,2007,Metals - Urine,UHM_E.xpt,https://wwwn.cdc.gov/Nchs/Data/Nhanes/Public/2007/DataFiles/UHM_E.xpt,https://wwwn.cdc.gov/Nchs/Data/Nhanes/Public/2007/DataFiles/UHM_E.htm,C:\Users\21634\Documents\Codex\2026-08-22\non\work\whynot17\work\nhanes_phase2a\environmental_xpt\2007-2008_UHM_E.xpt,URXUSB,URDUSBLC,WTSA2YR,urine,2627,2126,80.92881614008374,True,1999-2000,2017-2018,C037554,antimony trioxide
2009-2010,2009,Metals - Urine,UHM_F.xpt,https://wwwn.cdc.gov/Nchs/Data/Nhanes/Public/2009/DataFiles/UHM_F.xpt,https://wwwn.cdc.gov/Nchs/Data/Nhanes/Public/2009/DataFiles/UHM_F.htm,C:\Users\21634\Documents\Codex\2026-08-22\non\work\whynot17\work\nhanes_phase2a\environmental_xpt\2009-2010_UHM_F.xpt,URXUSB,URDUSBLC,WTSA2YR,urine,2847,2116,74.32384966631543,True,1999-2000,2017-2018,C037554,antimony trioxide
2011-2012,2011,Metals - Urine,UHM_G.xpt,https://wwwn.cdc.gov/Nchs/Data/Nhanes/Public/2011/DataFiles/UHM_G.xpt,https://wwwn.cdc.gov/Nchs/Data/Nhanes/Public/2011/DataFiles/UHM_G.htm,C:\Users\21634\Documents\Codex\2026-08-22\non\work\whynot17\work\nhanes_phase2a\environmental_xpt\2011-2012_UHM_G.xpt,URXUSB,URDUSBLC,WTSA2YR,urine,2504,1523,60.822683706070286,True,1999-2000,2017-2018,C037554,antimony trioxide
2013-2014,2013,Metals - Urine,UM_H.xpt,https://wwwn.cdc.gov/Nchs/Data/Nhanes/Public/2013/DataFiles/UM_H.xpt,https://wwwn.cdc.gov/Nchs/Data/Nhanes/Public/2013/DataFiles/UM_H.htm,C:\Users\21634\Documents\Codex\2026-08-22\non\work\whynot17\work\nhanes_phase2a\environmental_xpt\2013-2014_UM_H.xpt,URXUSB,URDUSBLC,WTSA2YR,urine,2664,2065,77.51501501501501,True,1999-2000,2017-2018,C037554,antimony trioxide
2015-2016,2015,Metals - Urine,UM_I.xpt,https://wwwn.cdc.gov/Nchs/Data/Nhanes/Public/2015/DataFiles/UM_I.xpt,https://wwwn.cdc.gov/Nchs/Data/Nhanes/Public/2015/DataFiles/UM_I.htm,C:\Users\21634\Documents\Codex\2026-08-22\non\work\whynot17\work\nhanes_phase2a\environmental_xpt\2015-2016_UM_I.xpt,URXUSB,URDUSBLC,WTSA2YR,urine,3061,2530,82.65272786671022,True,1999-2000,2017-2018,C037554,antimony trioxide
2017-2018,2017,Metals - Urine,UM_J.xpt,https://wwwn.cdc.gov/Nchs/Data/Nhanes/Public/2017/DataFiles/UM_J.xpt,https://wwwn.cdc.gov/Nchs/Data/Nhanes/Public/2017/DataFiles/UM_J.htm,C:\Users\21634\Documents\Codex\2026-08-22\non\work\whynot17\work\nhanes_phase2a\environmental_xpt\2017-2018_UM_J.xpt,URXUSB,URDUSBLC,WTSA2YR,urine,2808,2297,81.8019943019943,True,1999-2000,2017-2018,C037554,antimony trioxide
2013-2014,2013,Polycyclic Aromatic Hydrocarbons (PAH) - Urine,PAH_H.xpt,https://wwwn.cdc.gov/Nchs/Data/Nhanes/Public/2013/DataFiles/PAH_H.xpt,https://wwwn.cdc.gov/Nchs/Data/Nhanes/Public/2013/DataFiles/PAH_H.htm,C:\Users\21634\Documents\Codex\2026-08-22\non\work\whynot17\work\nhanes_phase2a\environmental_xpt\2013-2014_PAH_H.xpt,URXP25,URDP25LC,WTSA2YR,urine,2650,2638,99.54716981132076,True,2013-2014,2017-2018,C041507,1-methylphenanthrene
2015-2016,2015,Polycyclic Aromatic Hydrocarbons (PAH) - Urine,PAH_I.xpt,https://wwwn.cdc.gov/Nchs/Data/Nhanes/Public/2015/DataFiles/PAH_I.xpt,https://wwwn.cdc.gov/Nchs/Data/Nhanes/Public/2015/DataFiles/PAH_I.htm,C:\Users\21634\Documents\Codex\2026-08-22\non\work\whynot17\work\nhanes_phase2a\environmental_xpt\2015-2016_PAH_I.xpt,URXP25,URDP25LC,WTSA2YR,urine,3035,3026,99.70345963756178,True,2013-2014,2017-2018,C041507,1-methylphenanthrene
2017-2018,2017,Polycyclic Aromatic Hydrocarbons (PAH) - Urine,PAH_J.xpt,https://wwwn.cdc.gov/Nchs/Data/Nhanes/Public/2017/DataFiles/PAH_J.xpt,https://wwwn.cdc.gov/Nchs/Data/Nhanes/Public/2017/DataFiles/PAH_J.htm,C:\Users\21634\Documents\Codex\2026-08-22\non\work\whynot17\work\nhanes_phase2a\environmental_xpt\2017-2018_PAH_J.xpt,URXP25,URDP25LC,WTSA2YR,urine,2774,2752,99.20692141312185,True,2013-2014,2017-2018,C041507,1-methylphenanthrene
2001-2002,2001,"Phthalates, Phytoestrogens & PAHs - Urine",PHPYPA_B.xpt,https://wwwn.cdc.gov/Nchs/Data/Nhanes/Public/2001/DataFiles/PHPYPA_B.xpt,https://wwwn.cdc.gov/Nchs/Data/Nhanes/Public/2001/DataFiles/PHPYPA_B.htm,C:\Users\21634\Documents\Codex\2026-08-22\non\work\whynot17\work\nhanes_phase2a\environmental_xpt\2001-2002_PHPYPA_B.xpt,URXP04,,WTSPH2YR,urine,2745,2745,100.0,True,2001-2002,2017-2018,C041509,fluorene
2003-2004,2003,Polyaromatic Hydrocarbons (PAHs) - Urine,L31PAH_C.xpt,https://wwwn.cdc.gov/Nchs/Data/Nhanes/Public/2003/DataFiles/L31PAH_C.xpt,https://wwwn.cdc.gov/Nchs/Data/Nhanes/Public/2003/DataFiles/L31PAH_C.htm,C:\Users\21634\Documents\Codex\2026-08-22\non\work\whynot17\work\nhanes_phase2a\environmental_xpt\2003-2004_L31PAH_C.xpt,URXP04,URDP04LC,WTSB2YR,urine,2521,2521,100.0,True,2001-2002,2017-2018,C041509,fluorene
2005-2006,2005,Polyaromatic Hydrocarbons (PAHs) - Urine,PAH_D.xpt,https://wwwn.cdc.gov/Nchs/Data/Nhanes/Public/2005/DataFiles/PAH_D.xpt,https://wwwn.cdc.gov/Nchs/Data/Nhanes/Public/2005/DataFiles/PAH_D.htm,C:\Users\21634\Documents\Codex\2026-08-22\non\work\whynot17\work\nhanes_phase2a\environmental_xpt\2005-2006_PAH_D.xpt,URXP04,URDP04LC,WTSB2YR,urine,2431,2431,100.0,True,2001-2002,2017-2018,C041509,fluorene
2007-2008,2007,Polyaromatic Hydrocarbons (PAHs) - Urine,PAH_E.xpt,https://wwwn.cdc.gov/Nchs/Data/Nhanes/Public/2007/DataFiles/PAH_E.xpt,https://wwwn.cdc.gov/Nchs/Data/Nhanes/Public/2007/DataFiles/PAH_E.htm,C:\Users\21634\Documents\Codex\2026-08-22\non\work\whynot17\work\nhanes_phase2a\environmental_xpt\2007-2008_PAH_E.xpt,URXP04,URDP04LC,WTSB2YR,urine,2582,2581,99.96127033307513,True,2001-2002,2017-2018,C041509,fluorene
2009-2010,2009,Polyaromatic Hydrocarbons -Urine,PAH_F.xpt,https://wwwn.cdc.gov/Nchs/Data/Nhanes/Public/2009/DataFiles/PAH_F.xpt,https://wwwn.cdc.gov/Nchs/Data/Nhanes/Public/2009/DataFiles/PAH_F.htm,C:\Users\21634\Documents\Codex\2026-08-22\non\work\whynot17\work\nhanes_phase2a\environmental_xpt\2009-2010_PAH_F.xpt,URXP04,URDP04LC,WTSB2YR,urine,2747,2747,100.0,True,2001-2002,2017-2018,C041509,fluorene
2011-2012,2011,Polyaromatic Hydrocarbons (PAHs) - Urine,PAH_G.xpt,https://wwwn.cdc.gov/Nchs/Data/Nhanes/Public/2011/DataFiles/PAH_G.xpt,https://wwwn.cdc.gov/Nchs/Data/Nhanes/Public/2011/DataFiles/PAH_G.htm,C:\Users\21634\Documents\Codex\2026-08-22\non\work\whynot17\work\nhanes_phase2a\environmental_xpt\2011-2012_PAH_G.xpt,URXP04,URDP04LC,WTSA2YR,urine,2492,2492,100.0,True,2001-2002,2017-2018,C041509,fluorene
2013-2014,2013,Polycyclic Aromatic Hydrocarbons (PAH) - Urine,PAH_H.xpt,https://wwwn.cdc.gov/Nchs/Data/Nhanes/Public/2013/DataFiles/PAH_H.xpt,https://wwwn.cdc.gov/Nchs/Data/Nhanes/Public/2013/DataFiles/PAH_H.htm,C:\Users\21634\Documents\Codex\2026-08-22\non\work\whynot17\work\nhanes_phase2a\environmental_xpt\2013-2014_PAH_H.xpt,URXP04,URDP04LC,WTSA2YR,urine,2650,2647,99.88679245283019,True,2001-2002,2017-2018,C041509,fluorene
2015-2016,2015,Polycyclic Aromatic Hydrocarbons (PAH) - Urine,PAH_I.xpt,https://wwwn.cdc.gov/Nchs/Data/Nhanes/Public/2015/DataFiles/PAH_I.xpt,https://wwwn.cdc.gov/Nchs/Data/Nhanes/Public/2015/DataFiles/PAH_I.htm,C:\Users\21634\Documents\Codex\2026-08-22\non\work\whynot17\work\nhanes_phase2a\environmental_xpt\2015-2016_PAH_I.xpt,URXP04,URDP04LC,WTSA2YR,urine,3037,3034,99.90121830754033,True,2001-2002,2017-2018,C041509,fluorene
2017-2018,2017,Polycyclic Aromatic Hydrocarbons (PAH) - Urine,PAH_J.xpt,https://wwwn.cdc.gov/Nchs/Data/Nhanes/Public/2017/DataFiles/PAH_J.xpt,https://wwwn.cdc.gov/Nchs/Data/Nhanes/Public/2017/DataFiles/PAH_J.htm,C:\Users\21634\Documents\Codex\2026-08-22\non\work\whynot17\work\nhanes_phase2a\environmental_xpt\2017-2018_PAH_J.xpt,URXP04,URDP04LC,WTSA2YR,urine,2774,2773,99.96395097332372,True,2001-2002,2017-2018,C041509,fluorene
2001-2002,2001,"Phthalates, Phytoestrogens & PAHs - Urine",PHPYPA_B.xpt,https://wwwn.cdc.gov/Nchs/Data/Nhanes/Public/2001/DataFiles/PHPYPA_B.xpt,https://wwwn.cdc.gov/Nchs/Data/Nhanes/Public/2001/DataFiles/PHPYPA_B.htm,C:\Users\21634\Documents\Codex\2026-08-22\non\work\whynot17\work\nhanes_phase2a\environmental_xpt\2001-2002_PHPYPA_B.xpt,URXP04,,WTSPH2YR,urine,2745,2745,100.0,True,2001-2002,2017-2018,C041511,benzo(a)fluorene
2003-2004,2003,Polyaromatic Hydrocarbons (PAHs) - Urine,L31PAH_C.xpt,https://wwwn.cdc.gov/Nchs/Data/Nhanes/Public/2003/DataFiles/L31PAH_C.xpt,https://wwwn.cdc.gov/Nchs/Data/Nhanes/Public/2003/DataFiles/L31PAH_C.htm,C:\Users\21634\Documents\Codex\2026-08-22\non\work\whynot17\work\nhanes_phase2a\environmental_xpt\2003-2004_L31PAH_C.xpt,URXP04,URDP04LC,WTSB2YR,urine,2521,2521,100.0,True,2001-2002,2017-2018,C041511,benzo(a)fluorene
2005-2006,2005,Polyaromatic Hydrocarbons (PAHs) - Urine,PAH_D.xpt,https://wwwn.cdc.gov/Nchs/Data/Nhanes/Public/2005/DataFiles/PAH_D.xpt,https://wwwn.cdc.gov/Nchs/Data/Nhanes/Public/2005/DataFiles/PAH_D.htm,C:\Users\21634\Documents\Codex\2026-08-22\non\work\whynot17\work\nhanes_phase2a\environmental_xpt\2005-2006_PAH_D.xpt,URXP04,URDP04LC,WTSB2YR,urine,2431,2431,100.0,True,2001-2002,2017-2018,C041511,benzo(a)fluorene
2007-2008,2007,Polyaromatic Hydrocarbons (PAHs) - Urine,PAH_E.xpt,https://wwwn.cdc.gov/Nchs/Data/Nhanes/Public/2007/DataFiles/PAH_E.xpt,https://wwwn.cdc.gov/Nchs/Data/Nhanes/Public/2007/DataFiles/PAH_E.htm,C:\Users\21634\Documents\Codex\2026-08-22\non\work\whynot17\work\nhanes_phase2a\environmental_xpt\2007-2008_PAH_E.xpt,URXP04,URDP04LC,WTSB2YR,urine,2582,2581,99.96127033307513,True,2001-2002,2017-2018,C041511,benzo(a)fluorene
2009-2010,2009,Polyaromatic Hydrocarbons -Urine,PAH_F.xpt,https://wwwn.cdc.gov/Nchs/Data/Nhanes/Public/2009/DataFiles/PAH_F.xpt,https://wwwn.cdc.gov/Nchs/Data/Nhanes/Public/2009/DataFiles/PAH_F.htm,C:\Users\21634\Documents\Codex\2026-08-22\non\work\whynot17\work\nhanes_phase2a\environmental_xpt\2009-2010_PAH_F.xpt,URXP04,URDP04LC,WTSB2YR,urine,2747,2747,100.0,True,2001-2002,2017-2018,C041511,benzo(a)fluorene
2011-2012,2011,Polyaromatic Hydrocarbons (PAHs) - Urine,PAH_G.xpt,https://wwwn.cdc.gov/Nchs/Data/Nhanes/Public/2011/DataFiles/PAH_G.xpt,https://wwwn.cdc.gov/Nchs/Data/Nhanes/Public/2011/DataFiles/PAH_G.htm,C:\Users\21634\Documents\Codex\2026-08-22\non\work\whynot17\work\nhanes_phase2a\environmental_xpt\2011-2012_PAH_G.xpt,URXP04,URDP04LC,WTSA2YR,urine,2492,2492,100.0,True,2001-2002,2017-2018,C041511,benzo(a)fluorene
2013-2014,2013,Polycyclic Aromatic Hydrocarbons (PAH) - Urine,PAH_H.xpt,https://wwwn.cdc.gov/Nchs/Data/Nhanes/Public/2013/DataFiles/PAH_H.xpt,https://wwwn.cdc.gov/Nchs/Data/Nhanes/Public/2013/DataFiles/PAH_H.htm,C:\Users\21634\Documents\Codex\2026-08-22\non\work\whynot17\work\nhanes_phase2a\environmental_xpt\2013-2014_PAH_H.xpt,URXP04,URDP04LC,WTSA2YR,urine,2650,2647,99.88679245283019,True,2001-2002,2017-2018,C041511,benzo(a)fluorene
2015-2016,2015,Polycyclic Aromatic Hydrocarbons (PAH) - Urine,PAH_I.xpt,https://wwwn.cdc.gov/Nchs/Data/Nhanes/Public/2015/DataFiles/PAH_I.xpt,https://wwwn.cdc.gov/Nchs/Data/Nhanes/Public/2015/DataFiles/PAH_I.htm,C:\Users\21634\Documents\Codex\2026-08-22\non\work\whynot17\work\nhanes_phase2a\environmental_xpt\2015-2016_PAH_I.xpt,URXP04,URDP04LC,WTSA2YR,urine,3037,3034,99.90121830754033,True,2001-2002,2017-2018,C041511,benzo(a)fluorene
2017-2018,2017,Polycyclic Aromatic Hydrocarbons (PAH) - Urine,PAH_J.xpt,https://wwwn.cdc.gov/Nchs/Data/Nhanes/Public/2017/DataFiles/PAH_J.xpt,https://wwwn.cdc.gov/Nchs/Data/Nhanes/Public/2017/DataFiles/PAH_J.htm,C:\Users\21634\Documents\Codex\2026-08-22\non\work\whynot17\work\nhanes_phase2a\environmental_xpt\2017-2018_PAH_J.xpt,URXP04,URDP04LC,WTSA2YR,urine,2774,2773,99.96395097332372,True,2001-2002,2017-2018,C041511,benzo(a)fluorene
2001-2002,2001,"Phthalates, Phytoestrogens & PAHs - Urine",PHPYPA_B.xpt,https://wwwn.cdc.gov/Nchs/Data/Nhanes/Public/2001/DataFiles/PHPYPA_B.xpt,https://wwwn.cdc.gov/Nchs/Data/Nhanes/Public/2001/DataFiles/PHPYPA_B.htm,C:\Users\21634\Documents\Codex\2026-08-22\non\work\whynot17\work\nhanes_phase2a\environmental_xpt\2001-2002_PHPYPA_B.xpt,URXP04,,WTSPH2YR,urine,2745,2745,100.0,True,2001-2002,2017-2018,C041512,benzo(b)fluorene
2003-2004,2003,Polyaromatic Hydrocarbons (PAHs) - Urine,L31PAH_C.xpt,https://wwwn.cdc.gov/Nchs/Data/Nhanes/Public/2003/DataFiles/L31PAH_C.xpt,https://wwwn.cdc.gov/Nchs/Data/Nhanes/Public/2003/DataFiles/L31PAH_C.htm,C:\Users\21634\Documents\Codex\2026-08-22\non\work\whynot17\work\nhanes_phase2a\environmental_xpt\2003-2004_L31PAH_C.xpt,URXP04,URDP04LC,WTSB2YR,urine,2521,2521,100.0,True,2001-2002,2017-2018,C041512,benzo(b)fluorene
2005-2006,2005,Polyaromatic Hydrocarbons (PAHs) - Urine,PAH_D.xpt,https://wwwn.cdc.gov/Nchs/Data/Nhanes/Public/2005/DataFiles/PAH_D.xpt,https://wwwn.cdc.gov/Nchs/Data/Nhanes/Public/2005/DataFiles/PAH_D.htm,C:\Users\21634\Documents\Codex\2026-08-22\non\work\whynot17\work\nhanes_phase2a\environmental_xpt\2005-2006_PAH_D.xpt,URXP04,URDP04LC,WTSB2YR,urine,2431,2431,100.0,True,2001-2002,2017-2018,C041512,benzo(b)fluorene
2007-2008,2007,Polyaromatic Hydrocarbons (PAHs) - Urine,PAH_E.xpt,https://wwwn.cdc.gov/Nchs/Data/Nhanes/Public/2007/DataFiles/PAH_E.xpt,https://wwwn.cdc.gov/Nchs/Data/Nhanes/Public/2007/DataFiles/PAH_E.htm,C:\Users\21634\Documents\Codex\2026-08-22\non\work\whynot17\work\nhanes_phase2a\environmental_xpt\2007-2008_PAH_E.xpt,URXP04,URDP04LC,WTSB2YR,urine,2582,2581,99.96127033307513,True,2001-2002,2017-2018,C041512,benzo(b)fluorene
2009-2010,2009,Polyaromatic Hydrocarbons -Urine,PAH_F.xpt,https://wwwn.cdc.gov/Nchs/Data/Nhanes/Public/2009/DataFiles/PAH_F.xpt,https://wwwn.cdc.gov/Nchs/Data/Nhanes/Public/2009/DataFiles/PAH_F.htm,C:\Users\21634\Documents\Codex\2026-08-22\non\work\whynot17\work\nhanes_phase2a\environmental_xpt\2009-2010_PAH_F.xpt,URXP04,URDP04LC,WTSB2YR,urine,2747,2747,100.0,True,2001-2002,2017-2018,C041512,benzo(b)fluorene
2011-2012,2011,Polyaromatic Hydrocarbons (PAHs) - Urine,PAH_G.xpt,https://wwwn.cdc.gov/Nchs/Data/Nhanes/Public/2011/DataFiles/PAH_G.xpt,https://wwwn.cdc.gov/Nchs/Data/Nhanes/Public/2011/DataFiles/PAH_G.htm,C:\Users\21634\Documents\Codex\2026-08-22\non\work\whynot17\work\nhanes_phase2a\environmental_xpt\2011-2012_PAH_G.xpt,URXP04,URDP04LC,WTSA2YR,urine,2492,2492,100.0,True,2001-2002,2017-2018,C041512,benzo(b)fluorene
2013-2014,2013,Polycyclic Aromatic Hydrocarbons (PAH) - Urine,PAH_H.xpt,https://wwwn.cdc.gov/Nchs/Data/Nhanes/Public/2013/DataFiles/PAH_H.xpt,https://wwwn.cdc.gov/Nchs/Data/Nhanes/Public/2013/DataFiles/PAH_H.htm,C:\Users\21634\Documents\Codex\2026-08-22\non\work\whynot17\work\nhanes_phase2a\environmental_xpt\2013-2014_PAH_H.xpt,URXP04,URDP04LC,WTSA2YR,urine,2650,2647,99.88679245283019,True,2001-2002,2017-2018,C041512,benzo(b)fluorene
2015-2016,2015,Polycyclic Aromatic Hydrocarbons (PAH) - Urine,PAH_I.xpt,https://wwwn.cdc.gov/Nchs/Data/Nhanes/Public/2015/DataFiles/PAH_I.xpt,https://wwwn.cdc.gov/Nchs/Data/Nhanes/Public/2015/DataFiles/PAH_I.htm,C:\Users\21634\Documents\Codex\2026-08-22\non\work\whynot17\work\nhanes_phase2a\environmental_xpt\2015-2016_PAH_I.xpt,URXP04,URDP04LC,WTSA2YR,urine,3037,3034,99.90121830754033,True,2001-2002,2017-2018,C041512,benzo(b)fluorene
2017-2018,2017,Polycyclic Aromatic Hydrocarbons (PAH) - Urine,PAH_J.xpt,https://wwwn.cdc.gov/Nchs/Data/Nhanes/Public/2017/DataFiles/PAH_J.xpt,https://wwwn.cdc.gov/Nchs/Data/Nhanes/Public/2017/DataFiles/PAH_J.htm,C:\Users\21634\Documents\Codex\2026-08-22\non\work\whynot17\work\nhanes_phase2a\environmental_xpt\2017-2018_PAH_J.xpt,URXP04,URDP04LC,WTSA2YR,urine,2774,2773,99.96395097332372,True,2001-2002,2017-2018,C041512,benzo(b)fluorene
2001-2002,2001,"Phthalates, Phytoestrogens & PAHs - Urine",PHPYPA_B.xpt,https://wwwn.cdc.gov/Nchs/Data/Nhanes/Public/2001/DataFiles/PHPYPA_B.xpt,https://wwwn.cdc.gov/Nchs/Data/Nhanes/Public/2001/DataFiles/PHPYPA_B.htm,C:\Users\21634\Documents\Codex\2026-08-22\non\work\whynot17\work\nhanes_phase2a\environmental_xpt\2001-2002_PHPYPA_B.xpt,URXP04,,WTSPH2YR,urine,2745,2745,100.0,True,2001-2002,2017-2018,C041513,benzo(c)fluorene
2003-2004,2003,Polyaromatic Hydrocarbons (PAHs) - Urine,L31PAH_C.xpt,https://wwwn.cdc.gov/Nchs/Data/Nhanes/Public/2003/DataFiles/L31PAH_C.xpt,https://wwwn.cdc.gov/Nchs/Data/Nhanes/Public/2003/DataFiles/L31PAH_C.htm,C:\Users\21634\Documents\Codex\2026-08-22\non\work\whynot17\work\nhanes_phase2a\environmental_xpt\2003-2004_L31PAH_C.xpt,URXP04,URDP04LC,WTSB2YR,urine,2521,2521,100.0,True,2001-2002,2017-2018,C041513,benzo(c)fluorene
2005-2006,2005,Polyaromatic Hydrocarbons (PAHs) - Urine,PAH_D.xpt,https://wwwn.cdc.gov/Nchs/Data/Nhanes/Public/2005/DataFiles/PAH_D.xpt,https://wwwn.cdc.gov/Nchs/Data/Nhanes/Public/2005/DataFiles/PAH_D.htm,C:\Users\21634\Documents\Codex\2026-08-22\non\work\whynot17\work\nhanes_phase2a\environmental_xpt\2005-2006_PAH_D.xpt,URXP04,URDP04LC,WTSB2YR,urine,2431,2431,100.0,True,2001-2002,2017-2018,C041513,benzo(c)fluorene
2007-2008,2007,Polyaromatic Hydrocarbons (PAHs) - Urine,PAH_E.xpt,https://wwwn.cdc.gov/Nchs/Data/Nhanes/Public/2007/DataFiles/PAH_E.xpt,https://wwwn.cdc.gov/Nchs/Data/Nhanes/Public/2007/DataFiles/PAH_E.htm,C:\Users\21634\Documents\Codex\2026-08-22\non\work\whynot17\work\nhanes_phase2a\environmental_xpt\2007-2008_PAH_E.xpt,URXP04,URDP04LC,WTSB2YR,urine,2582,2581,99.96127033307513,True,2001-2002,2017-2018,C041513,benzo(c)fluorene
2009-2010,2009,Polyaromatic Hydrocarbons -Urine,PAH_F.xpt,https://wwwn.cdc.gov/Nchs/Data/Nhanes/Public/2009/DataFiles/PAH_F.xpt,https://wwwn.cdc.gov/Nchs/Data/Nhanes/Public/2009/DataFiles/PAH_F.htm,C:\Users\21634\Documents\Codex\2026-08-22\non\work\whynot17\work\nhanes_phase2a\environmental_xpt\2009-2010_PAH_F.xpt,URXP04,URDP04LC,WTSB2YR,urine,2747,2747,100.0,True,2001-2002,2017-2018,C041513,benzo(c)fluorene
2011-2012,2011,Polyaromatic Hydrocarbons (PAHs) - Urine,PAH_G.xpt,https://wwwn.cdc.gov/Nchs/Data/Nhanes/Public/2011/DataFiles/PAH_G.xpt,https://wwwn.cdc.gov/Nchs/Data/Nhanes/Public/2011/DataFiles/PAH_G.htm,C:\Users\21634\Documents\Codex\2026-08-22\non\work\whynot17\work\nhanes_phase2a\environmental_xpt\2011-2012_PAH_G.xpt,URXP04,URDP04LC,WTSA2YR,urine,2492,2492,100.0,True,2001-2002,2017-2018,C041513,benzo(c)fluorene
2013-2014,2013,Polycyclic Aromatic Hydrocarbons (PAH) - Urine,PAH_H.xpt,https://wwwn.cdc.gov/Nchs/Data/Nhanes/Public/2013/DataFiles/PAH_H.xpt,https://wwwn.cdc.gov/Nchs/Data/Nhanes/Public/2013/DataFiles/PAH_H.htm,C:\Users\21634\Documents\Codex\2026-08-22\non\work\whynot17\work\nhanes_phase2a\environmental_xpt\2013-2014_PAH_H.xpt,URXP04,URDP04LC,WTSA2YR,urine,2650,2647,99.88679245283019,True,2001-2002,2017-2018,C041513,benzo(c)fluorene
2015-2016,2015,Polycyclic Aromatic Hydrocarbons (PAH) - Urine,PAH_I.xpt,https://wwwn.cdc.gov/Nchs/Data/Nhanes/Public/2015/DataFiles/PAH_I.xpt,https://wwwn.cdc.gov/Nchs/Data/Nhanes/Public/2015/DataFiles/PAH_I.htm,C:\Users\21634\Documents\Codex\2026-08-22\non\work\whynot17\work\nhanes_phase2a\environmental_xpt\2015-2016_PAH_I.xpt,URXP04,URDP04LC,WTSA2YR,urine,3037,3034,99.90121830754033,True,2001-2002,2017-2018,C041513,benzo(c)fluorene
2017-2018,2017,Polycyclic Aromatic Hydrocarbons (PAH) - Urine,PAH_J.xpt,https://wwwn.cdc.gov/Nchs/Data/Nhanes/Public/2017/DataFiles/PAH_J.xpt,https://wwwn.cdc.gov/Nchs/Data/Nhanes/Public/2017/DataFiles/PAH_J.htm,C:\Users\21634\Documents\Codex\2026-08-22\non\work\whynot17\work\nhanes_phase2a\environmental_xpt\2017-2018_PAH_J.xpt,URXP04,URDP04LC,WTSA2YR,urine,2774,2773,99.96395097332372,True,2001-2002,2017-2018,C041513,benzo(c)fluorene
2001-2002,2001,"Phthalates, Phytoestrogens & PAHs - Urine",PHPYPA_B.xpt,https://wwwn.cdc.gov/Nchs/Data/Nhanes/Public/2001/DataFiles/PHPYPA_B.xpt,https://wwwn.cdc.gov/Nchs/Data/Nhanes/Public/2001/DataFiles/PHPYPA_B.htm,C:\Users\21634\Documents\Codex\2026-08-22\non\work\whynot17\work\nhanes_phase2a\environmental_xpt\2001-2002_PHPYPA_B.xpt,URXP02,,WTSPH2YR,urine,2748,2748,100.0,True,2001-2002,2015-2016,C042552,acenaphthene
2003-2004,2003,Polyaromatic Hydrocarbons (PAHs) - Urine,L31PAH_C.xpt,https://wwwn.cdc.gov/Nchs/Data/Nhanes/Public/2003/DataFiles/L31PAH_C.xpt,https://wwwn.cdc.gov/Nchs/Data/Nhanes/Public/2003/DataFiles/L31PAH_C.htm,C:\Users\21634\Documents\Codex\2026-08-22\non\work\whynot17\work\nhanes_phase2a\environmental_xpt\2003-2004_L31PAH_C.xpt,URXP02,URDP02LC,WTSB2YR,urine,2575,2575,100.0,True,2001-2002,2015-2016,C042552,acenaphthene
2005-2006,2005,Polyaromatic Hydrocarbons (PAHs) - Urine,PAH_D.xpt,https://wwwn.cdc.gov/Nchs/Data/Nhanes/Public/2005/DataFiles/PAH_D.xpt,https://wwwn.cdc.gov/Nchs/Data/Nhanes/Public/2005/DataFiles/PAH_D.htm,C:\Users\21634\Documents\Codex\2026-08-22\non\work\whynot17\work\nhanes_phase2a\environmental_xpt\2005-2006_PAH_D.xpt,URXP02,URDP02LC,WTSB2YR,urine,2446,2445,99.95911692559281,True,2001-2002,2015-2016,C042552,acenaphthene
2007-2008,2007,Polyaromatic Hydrocarbons (PAHs) - Urine,PAH_E.xpt,https://wwwn.cdc.gov/Nchs/Data/Nhanes/Public/2007/DataFiles/PAH_E.xpt,https://wwwn.cdc.gov/Nchs/Data/Nhanes/Public/2007/DataFiles/PAH_E.htm,C:\Users\21634\Documents\Codex\2026-08-22\non\work\whynot17\work\nhanes_phase2a\environmental_xpt\2007-2008_PAH_E.xpt,URXP02,URDP02LC,WTSB2YR,urine,2531,2530,99.96048992493085,True,2001-2002,2015-2016,C042552,acenaphthene
2009-2010,2009,Polyaromatic Hydrocarbons -Urine,PAH_F.xpt,https://wwwn.cdc.gov/Nchs/Data/Nhanes/Public/2009/DataFiles/PAH_F.xpt,https://wwwn.cdc.gov/Nchs/Data/Nhanes/Public/2009/DataFiles/PAH_F.htm,C:\Users\21634\Documents\Codex\2026-08-22\non\work\whynot17\work\nhanes_phase2a\environmental_xpt\2009-2010_PAH_F.xpt,URXP02,URDP02LC,WTSB2YR,urine,2747,2747,100.0,True,2001-2002,2015-2016,C042552,acenaphthene
2011-2012,2011,Polyaromatic Hydrocarbons (PAHs) - Urine,PAH_G.xpt,https://wwwn.cdc.gov/Nchs/Data/Nhanes/Public/2011/DataFiles/PAH_G.xpt,https://wwwn.cdc.gov/Nchs/Data/Nhanes/Public/2011/DataFiles/PAH_G.htm,C:\Users\21634\Documents\Codex\2026-08-22\non\work\whynot17\work\nhanes_phase2a\environmental_xpt\2011-2012_PAH_G.xpt,URXP02,URDP02LC,WTSA2YR,urine,2492,2492,100.0,True,2001-2002,2015-2016,C042552,acenaphthene
2013-2014,2013,Polycyclic Aromatic Hydrocarbons (PAH) - Urine,PAH_H.xpt,https://wwwn.cdc.gov/Nchs/Data/Nhanes/Public/2013/DataFiles/PAH_H.xpt,https://wwwn.cdc.gov/Nchs/Data/Nhanes/Public/2013/DataFiles/PAH_H.htm,C:\Users\21634\Documents\Codex\2026-08-22\non\work\whynot17\work\nhanes_phase2a\environmental_xpt\2013-2014_PAH_H.xpt,URXP02,URDP02LC,WTSA2YR,urine,2641,2641,100.0,True,2001-2002,2015-2016,C042552,acenaphthene
2015-2016,2015,Polycyclic Aromatic Hydrocarbons (PAH) - Urine,PAH_I.xpt,https://wwwn.cdc.gov/Nchs/Data/Nhanes/Public/2015/DataFiles/PAH_I.xpt,https://wwwn.cdc.gov/Nchs/Data/Nhanes/Public/2015/DataFiles/PAH_I.htm,C:\Users\21634\Documents\Codex\2026-08-22\non\work\whynot17\work\nhanes_phase2a\environmental_xpt\2015-2016_PAH_I.xpt,URXP02,URDP02LC,WTSA2YR,urine,2986,2986,100.0,True,2001-2002,2015-2016,C042552,acenaphthene
2001-2002,2001,"Phthalates, Phytoestrogens & PAHs - Urine",PHPYPA_B.xpt,https://wwwn.cdc.gov/Nchs/Data/Nhanes/Public/2001/DataFiles/PHPYPA_B.xpt,https://wwwn.cdc.gov/Nchs/Data/Nhanes/Public/2001/DataFiles/PHPYPA_B.htm,C:\Users\21634\Documents\Codex\2026-08-22\non\work\whynot17\work\nhanes_phase2a\environmental_xpt\2001-2002_PHPYPA_B.xpt,URXP02,,WTSPH2YR,urine,2748,2748,100.0,True,2001-2002,2015-2016,C042553,acenaphthylene
2003-2004,2003,Polyaromatic Hydrocarbons (PAHs) - Urine,L31PAH_C.xpt,https://wwwn.cdc.gov/Nchs/Data/Nhanes/Public/2003/DataFiles/L31PAH_C.xpt,https://wwwn.cdc.gov/Nchs/Data/Nhanes/Public/2003/DataFiles/L31PAH_C.htm,C:\Users\21634\Documents\Codex\2026-08-22\non\work\whynot17\work\nhanes_phase2a\environmental_xpt\2003-2004_L31PAH_C.xpt,URXP02,URDP02LC,WTSB2YR,urine,2575,2575,100.0,True,2001-2002,2015-2016,C042553,acenaphthylene
2005-2006,2005,Polyaromatic Hydrocarbons (PAHs) - Urine,PAH_D.xpt,https://wwwn.cdc.gov/Nchs/Data/Nhanes/Public/2005/DataFiles/PAH_D.xpt,https://wwwn.cdc.gov/Nchs/Data/Nhanes/Public/2005/DataFiles/PAH_D.htm,C:\Users\21634\Documents\Codex\2026-08-22\non\work\whynot17\work\nhanes_phase2a\environmental_xpt\2005-2006_PAH_D.xpt,URXP02,URDP02LC,WTSB2YR,urine,2446,2445,99.95911692559281,True,2001-2002,2015-2016,C042553,acenaphthylene
2007-2008,2007,Polyaromatic Hydrocarbons (PAHs) - Urine,PAH_E.xpt,https://wwwn.cdc.gov/Nchs/Data/Nhanes/Public/2007/DataFiles/PAH_E.xpt,https://wwwn.cdc.gov/Nchs/Data/Nhanes/Public/2007/DataFiles/PAH_E.htm,C:\Users\21634\Documents\Codex\2026-08-22\non\work\whynot17\work\nhanes_phase2a\environmental_xpt\2007-2008_PAH_E.xpt,URXP02,URDP02LC,WTSB2YR,urine,2531,2530,99.96048992493085,True,2001-2002,2015-2016,C042553,acenaphthylene
2009-2010,2009,Polyaromatic Hydrocarbons -Urine,PAH_F.xpt,https://wwwn.cdc.gov/Nchs/Data/Nhanes/Public/2009/DataFiles/PAH_F.xpt,https://wwwn.cdc.gov/Nchs/Data/Nhanes/Public/2009/DataFiles/PAH_F.htm,C:\Users\21634\Documents\Codex\2026-08-22\non\work\whynot17\work\nhanes_phase2a\environmental_xpt\2009-2010_PAH_F.xpt,URXP02,URDP02LC,WTSB2YR,urine,2747,2747,100.0,True,2001-2002,2015-2016,C042553,acenaphthylene
2011-2012,2011,Polyaromatic Hydrocarbons (PAHs) - Urine,PAH_G.xpt,https://wwwn.cdc.gov/Nchs/Data/Nhanes/Public/2011/DataFiles/PAH_G.xpt,https://wwwn.cdc.gov/Nchs/Data/Nhanes/Public/2011/DataFiles/PAH_G.htm,C:\Users\21634\Documents\Codex\2026-08-22\non\work\whynot17\work\nhanes_phase2a\environmental_xpt\2011-2012_PAH_G.xpt,URXP02,URDP02LC,WTSA2YR,urine,2492,2492,100.0,True,2001-2002,2015-2016,C042553,acenaphthylene
2013-2014,2013,Polycyclic Aromatic Hydrocarbons (PAH) - Urine,PAH_H.xpt,https://wwwn.cdc.gov/Nchs/Data/Nhanes/Public/2013/DataFiles/PAH_H.xpt,https://wwwn.cdc.gov/Nchs/Data/Nhanes/Public/2013/DataFiles/PAH_H.htm,C:\Users\21634\Documents\Codex\2026-08-22\non\work\whynot17\work\nhanes_phase2a\environmental_xpt\2013-2014_PAH_H.xpt,URXP02,URDP02LC,WTSA2YR,urine,2641,2641,100.0,True,2001-2002,2015-2016,C042553,acenaphthylene
2015-2016,2015,Polycyclic Aromatic Hydrocarbons (PAH) - Urine,PAH_I.xpt,https://wwwn.cdc.gov/Nchs/Data/Nhanes/Public/2015/DataFiles/PAH_I.xpt,https://wwwn.cdc.gov/Nchs/Data/Nhanes/Public/2015/DataFiles/PAH_I.htm,C:\Users\21634\Documents\Codex\2026-08-22\non\work\whynot17\work\nhanes_phase2a\environmental_xpt\2015-2016_PAH_I.xpt,URXP02,URDP02LC,WTSA2YR,urine,2986,2986,100.0,True,2001-2002,2015-2016,C042553,acenaphthylene
2001-2002,2001,"Phthalates, Phytoestrogens & PAHs - Urine",PHPYPA_B.xpt,https://wwwn.cdc.gov/Nchs/Data/Nhanes/Public/2001/DataFiles/PHPYPA_B.xpt,https://wwwn.cdc.gov/Nchs/Data/Nhanes/Public/2001/DataFiles/PHPYPA_B.htm,C:\Users\21634\Documents\Codex\2026-08-22\non\work\whynot17\work\nhanes_phase2a\environmental_xpt\2001-2002_PHPYPA_B.xpt,URXP10,,WTSPH2YR,urine,2747,2747,100.0,True,2001-2002,2017-2018,C042881,1-ethynylpyrene
2003-2004,2003,Polyaromatic Hydrocarbons (PAHs) - Urine,L31PAH_C.xpt,https://wwwn.cdc.gov/Nchs/Data/Nhanes/Public/2003/DataFiles/L31PAH_C.xpt,https://wwwn.cdc.gov/Nchs/Data/Nhanes/Public/2003/DataFiles/L31PAH_C.htm,C:\Users\21634\Documents\Codex\2026-08-22\non\work\whynot17\work\nhanes_phase2a\environmental_xpt\2003-2004_L31PAH_C.xpt,URXP10,URDP10LC,WTSB2YR,urine,2515,2499,99.3638170974155,True,2001-2002,2017-2018,C042881,1-ethynylpyrene
2005-2006,2005,Polyaromatic Hydrocarbons (PAHs) - Urine,PAH_D.xpt,https://wwwn.cdc.gov/Nchs/Data/Nhanes/Public/2005/DataFiles/PAH_D.xpt,https://wwwn.cdc.gov/Nchs/Data/Nhanes/Public/2005/DataFiles/PAH_D.htm,C:\Users\21634\Documents\Codex\2026-08-22\non\work\whynot17\work\nhanes_phase2a\environmental_xpt\2005-2006_PAH_D.xpt,URXP10,URDP10LC,WTSB2YR,urine,2415,2411,99.8343685300207,True,2001-2002,2017-2018,C042881,1-ethynylpyrene
2007-2008,2007,Polyaromatic Hydrocarbons (PAHs) - Urine,PAH_E.xpt,https://wwwn.cdc.gov/Nchs/Data/Nhanes/Public/2007/DataFiles/PAH_E.xpt,https://wwwn.cdc.gov/Nchs/Data/Nhanes/Public/2007/DataFiles/PAH_E.htm,C:\Users\21634\Documents\Codex\2026-08-22\non\work\whynot17\work\nhanes_phase2a\environmental_xpt\2007-2008_PAH_E.xpt,URXP10,URDP10LC,WTSB2YR,urine,2581,2569,99.5350639287098,True,2001-2002,2017-2018,C042881,1-ethynylpyrene
2009-2010,2009,Polyaromatic Hydrocarbons -Urine,PAH_F.xpt,https://wwwn.cdc.gov/Nchs/Data/Nhanes/Public/2009/DataFiles/PAH_F.xpt,https://wwwn.cdc.gov/Nchs/Data/Nhanes/Public/2009/DataFiles/PAH_F.htm,C:\Users\21634\Documents\Codex\2026-08-22\non\work\whynot17\work\nhanes_phase2a\environmental_xpt\2009-2010_PAH_F.xpt,URXP10,URDP10LC,WTSB2YR,urine,2746,2729,99.3809176984705,True,2001-2002,2017-2018,C042881,1-ethynylpyrene
2011-2012,2011,Polyaromatic Hydrocarbons (PAHs) - Urine,PAH_G.xpt,https://wwwn.cdc.gov/Nchs/Data/Nhanes/Public/2011/DataFiles/PAH_G.xpt,https://wwwn.cdc.gov/Nchs/Data/Nhanes/Public/2011/DataFiles/PAH_G.htm,C:\Users\21634\Documents\Codex\2026-08-22\non\work\whynot17\work\nhanes_phase2a\environmental_xpt\2011-2012_PAH_G.xpt,URXP10,URDP10LC,WTSA2YR,urine,2487,2458,98.83393646964214,True,2001-2002,2017-2018,C042881,1-ethynylpyrene
2013-2014,2013,Polycyclic Aromatic Hydrocarbons (PAH) - Urine,PAH_H.xpt,https://wwwn.cdc.gov/Nchs/Data/Nhanes/Public/2013/DataFiles/PAH_H.xpt,https://wwwn.cdc.gov/Nchs/Data/Nhanes/Public/2013/DataFiles/PAH_H.htm,C:\Users\21634\Documents\Codex\2026-08-22\non\work\whynot17\work\nhanes_phase2a\environmental_xpt\2013-2014_PAH_H.xpt,URXP10,URDP10LC,WTSA2YR,urine,2650,2024,76.37735849056604,True,2001-2002,2017-2018,C042881,1-ethynylpyrene
2015-2016,2015,Polycyclic Aromatic Hydrocarbons (PAH) - Urine,PAH_I.xpt,https://wwwn.cdc.gov/Nchs/Data/Nhanes/Public/2015/DataFiles/PAH_I.xpt,https://wwwn.cdc.gov/Nchs/Data/Nhanes/Public/2015/DataFiles/PAH_I.htm,C:\Users\21634\Documents\Codex\2026-08-22\non\work\whynot17\work\nhanes_phase2a\environmental_xpt\2015-2016_PAH_I.xpt,URXP10,URDP10LC,WTSA2YR,urine,3036,2123,69.92753623188406,True,2001-2002,2017-2018,C042881,1-ethynylpyrene
2017-2018,2017,Polycyclic Aromatic Hydrocarbons (PAH) - Urine,PAH_J.xpt,https://wwwn.cdc.gov/Nchs/Data/Nhanes/Public/2017/DataFiles/PAH_J.xpt,https://wwwn.cdc.gov/Nchs/Data/Nhanes/Public/2017/DataFiles/PAH_J.htm,C:\Users\21634\Documents\Codex\2026-08-22\non\work\whynot17\work\nhanes_phase2a\environmental_xpt\2017-2018_PAH_J.xpt,URXP10,URDP10LC,WTSA2YR,urine,2775,1671,60.21621621621622,True,2001-2002,2017-2018,C042881,1-ethynylpyrene
2013-2014,2013,Polycyclic Aromatic Hydrocarbons (PAH) - Urine,PAH_H.xpt,https://wwwn.cdc.gov/Nchs/Data/Nhanes/Public/2013/DataFiles/PAH_H.xpt,https://wwwn.cdc.gov/Nchs/Data/Nhanes/Public/2013/DataFiles/PAH_H.htm,C:\Users\21634\Documents\Codex\2026-08-22\non\work\whynot17\work\nhanes_phase2a\environmental_xpt\2013-2014_PAH_H.xpt,URXP25,URDP25LC,WTSA2YR,urine,2650,2638,99.54716981132076,True,2013-2014,2017-2018,C046962,9-methylanthracene
2015-2016,2015,Polycyclic Aromatic Hydrocarbons (PAH) - Urine,PAH_I.xpt,https://wwwn.cdc.gov/Nchs/Data/Nhanes/Public/2015/DataFiles/PAH_I.xpt,https://wwwn.cdc.gov/Nchs/Data/Nhanes/Public/2015/DataFiles/PAH_I.htm,C:\Users\21634\Documents\Codex\2026-08-22\non\work\whynot17\work\nhanes_phase2a\environmental_xpt\2015-2016_PAH_I.xpt,URXP25,URDP25LC,WTSA2YR,urine,3035,3026,99.70345963756178,True,2013-2014,2017-2018,C046962,9-methylanthracene
2017-2018,2017,Polycyclic Aromatic Hydrocarbons (PAH) - Urine,PAH_J.xpt,https://wwwn.cdc.gov/Nchs/Data/Nhanes/Public/2017/DataFiles/PAH_J.xpt,https://wwwn.cdc.gov/Nchs/Data/Nhanes/Public/2017/DataFiles/PAH_J.htm,C:\Users\21634\Documents\Codex\2026-08-22\non\work\whynot17\work\nhanes_phase2a\environmental_xpt\2017-2018_PAH_J.xpt,URXP25,URDP25LC,WTSA2YR,urine,2774,2752,99.20692141312185,True,2013-2014,2017-2018,C046962,9-methylanthracene
2001-2002,2001,"Phthalates, Phytoestrogens & PAHs - Urine",PHPYPA_B.xpt,https://wwwn.cdc.gov/Nchs/Data/Nhanes/Public/2001/DataFiles/PHPYPA_B.xpt,https://wwwn.cdc.gov/Nchs/Data/Nhanes/Public/2001/DataFiles/PHPYPA_B.htm,C:\Users\21634\Documents\Codex\2026-08-22\non\work\whynot17\work\nhanes_phase2a\environmental_xpt\2001-2002_PHPYPA_B.xpt,URXP10,,WTSPH2YR,urine,2747,2747,100.0,True,2001-2002,2017-2018,C047249,6-methylchrysene
2003-2004,2003,Polyaromatic Hydrocarbons (PAHs) - Urine,L31PAH_C.xpt,https://wwwn.cdc.gov/Nchs/Data/Nhanes/Public/2003/DataFiles/L31PAH_C.xpt,https://wwwn.cdc.gov/Nchs/Data/Nhanes/Public/2003/DataFiles/L31PAH_C.htm,C:\Users\21634\Documents\Codex\2026-08-22\non\work\whynot17\work\nhanes_phase2a\environmental_xpt\2003-2004_L31PAH_C.xpt,URXP10,URDP10LC,WTSB2YR,urine,2515,2499,99.3638170974155,True,2001-2002,2017-2018,C047249,6-methylchrysene
2005-2006,2005,Polyaromatic Hydrocarbons (PAHs) - Urine,PAH_D.xpt,https://wwwn.cdc.gov/Nchs/Data/Nhanes/Public/2005/DataFiles/PAH_D.xpt,https://wwwn.cdc.gov/Nchs/Data/Nhanes/Public/2005/DataFiles/PAH_D.htm,C:\Users\21634\Documents\Codex\2026-08-22\non\work\whynot17\work\nhanes_phase2a\environmental_xpt\2005-2006_PAH_D.xpt,URXP10,URDP10LC,WTSB2YR,urine,2415,2411,99.8343685300207,True,2001-2002,2017-2018,C047249,6-methylchrysene
2007-2008,2007,Polyaromatic Hydrocarbons (PAHs) - Urine,PAH_E.xpt,https://wwwn.cdc.gov/Nchs/Data/Nhanes/Public/2007/DataFiles/PAH_E.xpt,https://wwwn.cdc.gov/Nchs/Data/Nhanes/Public/2007/DataFiles/PAH_E.htm,C:\Users\21634\Documents\Codex\2026-08-22\non\work\whynot17\work\nhanes_phase2a\environmental_xpt\2007-2008_PAH_E.xpt,URXP10,URDP10LC,WTSB2YR,urine,2581,2569,99.5350639287098,True,2001-2002,2017-2018,C047249,6-methylchrysene
2009-2010,2009,Polyaromatic Hydrocarbons -Urine,PAH_F.xpt,https://wwwn.cdc.gov/Nchs/Data/Nhanes/Public/2009/DataFiles/PAH_F.xpt,https://wwwn.cdc.gov/Nchs/Data/Nhanes/Public/2009/DataFiles/PAH_F.htm,C:\Users\21634\Documents\Codex\2026-08-22\non\work\whynot17\work\nhanes_phase2a\environmental_xpt\2009-2010_PAH_F.xpt,URXP10,URDP10LC,WTSB2YR,urine,2746,2729,99.3809176984705,True,2001-2002,2017-2018,C047249,6-methylchrysene
2011-2012,2011,Polyaromatic Hydrocarbons (PAHs) - Urine,PAH_G.xpt,https://wwwn.cdc.gov/Nchs/Data/Nhanes/Public/2011/DataFiles/PAH_G.xpt,https://wwwn.cdc.gov/Nchs/Data/Nhanes/Public/2011/DataFiles/PAH_G.htm,C:\Users\21634\Documents\Codex\2026-08-22\non\work\whynot17\work\nhanes_phase2a\environmental_xpt\2011-2012_PAH_G.xpt,URXP10,URDP10LC,WTSA2YR,urine,2487,2458,98.83393646964214,True,2001-2002,2017-2018,C047249,6-methylchrysene
2013-2014,2013,Polycyclic Aromatic Hydrocarbons (PAH) - Urine,PAH_H.xpt,https://wwwn.cdc.gov/Nchs/Data/Nhanes/Public/2013/DataFiles/PAH_H.xpt,https://wwwn.cdc.gov/Nchs/Data/Nhanes/Public/2013/DataFiles/PAH_H.htm,C:\Users\21634\Documents\Codex\2026-08-22\non\work\whynot17\work\nhanes_phase2a\environmental_xpt\2013-2014_PAH_H.xpt,URXP10,URDP10LC,WTSA2YR,urine,2650,2024,76.37735849056604,True,2001-2002,2017-2018,C047249,6-methylchrysene
2015-2016,2015,Polycyclic Aromatic Hydrocarbons (PAH) - Urine,PAH_I.xpt,https://wwwn.cdc.gov/Nchs/Data/Nhanes/Public/2015/DataFiles/PAH_I.xpt,https://wwwn.cdc.gov/Nchs/Data/Nhanes/Public/2015/DataFiles/PAH_I.htm,C:\Users\21634\Documents\Codex\2026-08-22\non\work\whynot17\work\nhanes_phase2a\environmental_xpt\2015-2016_PAH_I.xpt,URXP10,URDP10LC,WTSA2YR,urine,3036,2123,69.92753623188406,True,2001-2002,2017-2018,C047249,6-methylchrysene
2017-2018,2017,Polycyclic Aromatic Hydrocarbons (PAH) - Urine,PAH_J.xpt,https://wwwn.cdc.gov/Nchs/Data/Nhanes/Public/2017/DataFiles/PAH_J.xpt,https://wwwn.cdc.gov/Nchs/Data/Nhanes/Public/2017/DataFiles/PAH_J.htm,C:\Users\21634\Documents\Codex\2026-08-22\non\work\whynot17\work\nhanes_phase2a\environmental_xpt\2017-2018_PAH_J.xpt,URXP10,URDP10LC,WTSA2YR,urine,2775,1671,60.21621621621622,True,2001-2002,2017-2018,C047249,6-methylchrysene
2011-2012,2011,Metals - Urine,UHM_G.xpt,https://wwwn.cdc.gov/Nchs/Data/Nhanes/Public/2011/DataFiles/UHM_G.xpt,https://wwwn.cdc.gov/Nchs/Data/Nhanes/Public/2011/DataFiles/UHM_G.htm,C:\Users\21634\Documents\Codex\2026-08-22\non\work\whynot17\work\nhanes_phase2a\environmental_xpt\2011-2012_UHM_G.xpt,URXUSN,URDUSNLC,WTSA2YR,urine,2504,2156,86.10223642172524,True,2011-2012,2017-2018,C050718,dentinol
2013-2014,2013,Metals - Urine,UM_H.xpt,https://wwwn.cdc.gov/Nchs/Data/Nhanes/Public/2013/DataFiles/UM_H.xpt,https://wwwn.cdc.gov/Nchs/Data/Nhanes/Public/2013/DataFiles/UM_H.htm,C:\Users\21634\Documents\Codex\2026-08-22\non\work\whynot17\work\nhanes_phase2a\environmental_xpt\2013-2014_UM_H.xpt,URXUSN,URDUSNLC,WTSA2YR,urine,2664,2412,90.54054054054055,True,2011-2012,2017-2018,C050718,dentinol
2015-2016,2015,Metals - Urine,UM_I.xpt,https://wwwn.cdc.gov/Nchs/Data/Nhanes/Public/2015/DataFiles/UM_I.xpt,https://wwwn.cdc.gov/Nchs/Data/Nhanes/Public/2015/DataFiles/UM_I.htm,C:\Users\21634\Documents\Codex\2026-08-22\non\work\whynot17\work\nhanes_phase2a\environmental_xpt\2015-2016_UM_I.xpt,URXUSN,URDUSNLC,WTSA2YR,urine,3060,2921,95.45751633986929,True,2011-2012,2017-2018,C050718,dentinol
2017-2018,2017,Metals - Urine,UM_J.xpt,https://wwwn.cdc.gov/Nchs/Data/Nhanes/Public/2017/DataFiles/UM_J.xpt,https://wwwn.cdc.gov/Nchs/Data/Nhanes/Public/2017/DataFiles/UM_J.htm,C:\Users\21634\Documents\Codex\2026-08-22\non\work\whynot17\work\nhanes_phase2a\environmental_xpt\2017-2018_UM_J.xpt,URXUSN,URDUSNLC,WTSA2YR,urine,2808,2641,94.05270655270655,True,2011-2012,2017-2018,C050718,dentinol
2001-2002,2001,"Phthalates, Phytoestrogens & PAHs - Urine",PHPYPA_B.xpt,https://wwwn.cdc.gov/Nchs/Data/Nhanes/Public/2001/DataFiles/PHPYPA_B.xpt,https://wwwn.cdc.gov/Nchs/Data/Nhanes/Public/2001/DataFiles/PHPYPA_B.htm,C:\Users\21634\Documents\Codex\2026-08-22\non\work\whynot17\work\nhanes_phase2a\environmental_xpt\2001-2002_PHPYPA_B.xpt,URXP10,,WTSPH2YR,urine,2747,2747,100.0,True,2001-2002,2017-2018,C051446,3-methylcholanthrylene
2003-2004,2003,Polyaromatic Hydrocarbons (PAHs) - Urine,L31PAH_C.xpt,https://wwwn.cdc.gov/Nchs/Data/Nhanes/Public/2003/DataFiles/L31PAH_C.xpt,https://wwwn.cdc.gov/Nchs/Data/Nhanes/Public/2003/DataFiles/L31PAH_C.htm,C:\Users\21634\Documents\Codex\2026-08-22\non\work\whynot17\work\nhanes_phase2a\environmental_xpt\2003-2004_L31PAH_C.xpt,URXP10,URDP10LC,WTSB2YR,urine,2515,2499,99.3638170974155,True,2001-2002,2017-2018,C051446,3-methylcholanthrylene
2005-2006,2005,Polyaromatic Hydrocarbons (PAHs) - Urine,PAH_D.xpt,https://wwwn.cdc.gov/Nchs/Data/Nhanes/Public/2005/DataFiles/PAH_D.xpt,https://wwwn.cdc.gov/Nchs/Data/Nhanes/Public/2005/DataFiles/PAH_D.htm,C:\Users\21634\Documents\Codex\2026-08-22\non\work\whynot17\work\nhanes_phase2a\environmental_xpt\2005-2006_PAH_D.xpt,URXP10,URDP10LC,WTSB2YR,urine,2415,2411,99.8343685300207,True,2001-2002,2017-2018,C051446,3-methylcholanthrylene
2007-2008,2007,Polyaromatic Hydrocarbons (PAHs) - Urine,PAH_E.xpt,https://wwwn.cdc.gov/Nchs/Data/Nhanes/Public/2007/DataFiles/PAH_E.xpt,https://wwwn.cdc.gov/Nchs/Data/Nhanes/Public/2007/DataFiles/PAH_E.htm,C:\Users\21634\Documents\Codex\2026-08-22\non\work\whynot17\work\nhanes_phase2a\environmental_xpt\2007-2008_PAH_E.xpt,URXP10,URDP10LC,WTSB2YR,urine,2581,2569,99.5350639287098,True,2001-2002,2017-2018,C051446,3-methylcholanthrylene
2009-2010,2009,Polyaromatic Hydrocarbons -Urine,PAH_F.xpt,https://wwwn.cdc.gov/Nchs/Data/Nhanes/Public/2009/DataFiles/PAH_F.xpt,https://wwwn.cdc.gov/Nchs/Data/Nhanes/Public/2009/DataFiles/PAH_F.htm,C:\Users\21634\Documents\Codex\2026-08-22\non\work\whynot17\work\nhanes_phase2a\environmental_xpt\2009-2010_PAH_F.xpt,URXP10,URDP10LC,WTSB2YR,urine,2746,2729,99.3809176984705,True,2001-2002,2017-2018,C051446,3-methylcholanthrylene
2011-2012,2011,Polyaromatic Hydrocarbons (PAHs) - Urine,PAH_G.xpt,https://wwwn.cdc.gov/Nchs/Data/Nhanes/Public/2011/DataFiles/PAH_G.xpt,https://wwwn.cdc.gov/Nchs/Data/Nhanes/Public/2011/DataFiles/PAH_G.htm,C:\Users\21634\Documents\Codex\2026-08-22\non\work\whynot17\work\nhanes_phase2a\environmental_xpt\2011-2012_PAH_G.xpt,URXP10,URDP10LC,WTSA2YR,urine,2487,2458,98.83393646964214,True,2001-2002,2017-2018,C051446,3-methylcholanthrylene
2013-2014,2013,Polycyclic Aromatic Hydrocarbons (PAH) - Urine,PAH_H.xpt,https://wwwn.cdc.gov/Nchs/Data/Nhanes/Public/2013/DataFiles/PAH_H.xpt,https://wwwn.cdc.gov/Nchs/Data/Nhanes/Public/2013/DataFiles/PAH_H.htm,C:\Users\21634\Documents\Codex\2026-08-22\non\work\whynot17\work\nhanes_phase2a\environmental_xpt\2013-2014_PAH_H.xpt,URXP10,URDP10LC,WTSA2YR,urine,2650,2024,76.37735849056604,True,2001-2002,2017-2018,C051446,3-methylcholanthrylene
2015-2016,2015,Polycyclic Aromatic Hydrocarbons (PAH) - Urine,PAH_I.xpt,https://wwwn.cdc.gov/Nchs/Data/Nhanes/Public/2015/DataFiles/PAH_I.xpt,https://wwwn.cdc.gov/Nchs/Data/Nhanes/Public/2015/DataFiles/PAH_I.htm,C:\Users\21634\Documents\Codex\2026-08-22\non\work\whynot17\work\nhanes_phase2a\environmental_xpt\2015-2016_PAH_I.xpt,URXP10,URDP10LC,WTSA2YR,urine,3036,2123,69.92753623188406,True,2001-2002,2017-2018,C051446,3-methylcholanthrylene
2017-2018,2017,Polycyclic Aromatic Hydrocarbons (PAH) - Urine,PAH_J.xpt,https://wwwn.cdc.gov/Nchs/Data/Nhanes/Public/2017/DataFiles/PAH_J.xpt,https://wwwn.cdc.gov/Nchs/Data/Nhanes/Public/2017/DataFiles/PAH_J.htm,C:\Users\21634\Documents\Codex\2026-08-22\non\work\whynot17\work\nhanes_phase2a\environmental_xpt\2017-2018_PAH_J.xpt,URXP10,URDP10LC,WTSA2YR,urine,2775,1671,60.21621621621622,True,2001-2002,2017-2018,C051446,3-methylcholanthrylene
2001-2002,2001,"Phthalates, Phytoestrogens & PAHs - Urine",PHPYPA_B.xpt,https://wwwn.cdc.gov/Nchs/Data/Nhanes/Public/2001/DataFiles/PHPYPA_B.xpt,https://wwwn.cdc.gov/Nchs/Data/Nhanes/Public/2001/DataFiles/PHPYPA_B.htm,C:\Users\21634\Documents\Codex\2026-08-22\non\work\whynot17\work\nhanes_phase2a\environmental_xpt\2001-2002_PHPYPA_B.xpt,URXP10,,WTSPH2YR,urine,2747,2747,100.0,True,2001-2002,2017-2018,C053035,1-methylpyrene
2003-2004,2003,Polyaromatic Hydrocarbons (PAHs) - Urine,L31PAH_C.xpt,https://wwwn.cdc.gov/Nchs/Data/Nhanes/Public/2003/DataFiles/L31PAH_C.xpt,https://wwwn.cdc.gov/Nchs/Data/Nhanes/Public/2003/DataFiles/L31PAH_C.htm,C:\Users\21634\Documents\Codex\2026-08-22\non\work\whynot17\work\nhanes_phase2a\environmental_xpt\2003-2004_L31PAH_C.xpt,URXP10,URDP10LC,WTSB2YR,urine,2515,2499,99.3638170974155,True,2001-2002,2017-2018,C053035,1-methylpyrene
2005-2006,2005,Polyaromatic Hydrocarbons (PAHs) - Urine,PAH_D.xpt,https://wwwn.cdc.gov/Nchs/Data/Nhanes/Public/2005/DataFiles/PAH_D.xpt,https://wwwn.cdc.gov/Nchs/Data/Nhanes/Public/2005/DataFiles/PAH_D.htm,C:\Users\21634\Documents\Codex\2026-08-22\non\work\whynot17\work\nhanes_phase2a\environmental_xpt\2005-2006_PAH_D.xpt,URXP10,URDP10LC,WTSB2YR,urine,2415,2411,99.8343685300207,True,2001-2002,2017-2018,C053035,1-methylpyrene
2007-2008,2007,Polyaromatic Hydrocarbons (PAHs) - Urine,PAH_E.xpt,https://wwwn.cdc.gov/Nchs/Data/Nhanes/Public/2007/DataFiles/PAH_E.xpt,https://wwwn.cdc.gov/Nchs/Data/Nhanes/Public/2007/DataFiles/PAH_E.htm,C:\Users\21634\Documents\Codex\2026-08-22\non\work\whynot17\work\nhanes_phase2a\environmental_xpt\2007-2008_PAH_E.xpt,URXP10,URDP10LC,WTSB2YR,urine,2581,2569,99.5350639287098,True,2001-2002,2017-2018,C053035,1-methylpyrene
2009-2010,2009,Polyaromatic Hydrocarbons -Urine,PAH_F.xpt,https://wwwn.cdc.gov/Nchs/Data/Nhanes/Public/2009/DataFiles/PAH_F.xpt,https://wwwn.cdc.gov/Nchs/Data/Nhanes/Public/2009/DataFiles/PAH_F.htm,C:\Users\21634\Documents\Codex\2026-08-22\non\work\whynot17\work\nhanes_phase2a\environmental_xpt\2009-2010_PAH_F.xpt,URXP10,URDP10LC,WTSB2YR,urine,2746,2729,99.3809176984705,True,2001-2002,2017-2018,C053035,1-methylpyrene
2011-2012,2011,Polyaromatic Hydrocarbons (PAHs) - Urine,PAH_G.xpt,https://wwwn.cdc.gov/Nchs/Data/Nhanes/Public/2011/DataFiles/PAH_G.xpt,https://wwwn.cdc.gov/Nchs/Data/Nhanes/Public/2011/DataFiles/PAH_G.htm,C:\Users\21634\Documents\Codex\2026-08-22\non\work\whynot17\work\nhanes_phase2a\environmental_xpt\2011-2012_PAH_G.xpt,URXP10,URDP10LC,WTSA2YR,urine,2487,2458,98.83393646964214,True,2001-2002,2017-2018,C053035,1-methylpyrene
2013-2014,2013,Polycyclic Aromatic Hydrocarbons (PAH) - Urine,PAH_H.xpt,https://wwwn.cdc.gov/Nchs/Data/Nhanes/Public/2013/DataFiles/PAH_H.xpt,https://wwwn.cdc.gov/Nchs/Data/Nhanes/Public/2013/DataFiles/PAH_H.htm,C:\Users\21634\Documents\Codex\2026-08-22\non\work\whynot17\work\nhanes_phase2a\environmental_xpt\2013-2014_PAH_H.xpt,URXP10,URDP10LC,WTSA2YR,urine,2650,2024,76.37735849056604,True,2001-2002,2017-2018,C053035,1-methylpyrene
2015-2016,2015,Polycyclic Aromatic Hydrocarbons (PAH) - Urine,PAH_I.xpt,https://wwwn.cdc.gov/Nchs/Data/Nhanes/Public/2015/DataFiles/PAH_I.xpt,https://wwwn.cdc.gov/Nchs/Data/Nhanes/Public/2015/DataFiles/PAH_I.htm,C:\Users\21634\Documents\Codex\2026-08-22\non\work\whynot17\work\nhanes_phase2a\environmental_xpt\2015-2016_PAH_I.xpt,URXP10,URDP10LC,WTSA2YR,urine,3036,2123,69.92753623188406,True,2001-2002,2017-2018,C053035,1-methylpyrene
2017-2018,2017,Polycyclic Aromatic Hydrocarbons (PAH) - Urine,PAH_J.xpt,https://wwwn.cdc.gov/Nchs/Data/Nhanes/Public/2017/DataFiles/PAH_J.xpt,https://wwwn.cdc.gov/Nchs/Data/Nhanes/Public/2017/DataFiles/PAH_J.htm,C:\Users\21634\Documents\Codex\2026-08-22\non\work\whynot17\work\nhanes_phase2a\environmental_xpt\2017-2018_PAH_J.xpt,URXP10,URDP10LC,WTSA2YR,urine,2775,1671,60.21621621621622,True,2001-2002,2017-2018,C053035,1-methylpyrene
2001-2002,2001,"Phthalates, Phytoestrogens & PAHs - Urine",PHPYPA_B.xpt,https://wwwn.cdc.gov/Nchs/Data/Nhanes/Public/2001/DataFiles/PHPYPA_B.xpt,https://wwwn.cdc.gov/Nchs/Data/Nhanes/Public/2001/DataFiles/PHPYPA_B.htm,C:\Users\21634\Documents\Codex\2026-08-22\non\work\whynot17\work\nhanes_phase2a\environmental_xpt\2001-2002_PHPYPA_B.xpt,URXP04,,WTSPH2YR,urine,2745,2745,100.0,True,2001-2002,2017-2018,C053036,1-methylfluorene
2003-2004,2003,Polyaromatic Hydrocarbons (PAHs) - Urine,L31PAH_C.xpt,https://wwwn.cdc.gov/Nchs/Data/Nhanes/Public/2003/DataFiles/L31PAH_C.xpt,https://wwwn.cdc.gov/Nchs/Data/Nhanes/Public/2003/DataFiles/L31PAH_C.htm,C:\Users\21634\Documents\Codex\2026-08-22\non\work\whynot17\work\nhanes_phase2a\environmental_xpt\2003-2004_L31PAH_C.xpt,URXP04,URDP04LC,WTSB2YR,urine,2521,2521,100.0,True,2001-2002,2017-2018,C053036,1-methylfluorene
2005-2006,2005,Polyaromatic Hydrocarbons (PAHs) - Urine,PAH_D.xpt,https://wwwn.cdc.gov/Nchs/Data/Nhanes/Public/2005/DataFiles/PAH_D.xpt,https://wwwn.cdc.gov/Nchs/Data/Nhanes/Public/2005/DataFiles/PAH_D.htm,C:\Users\21634\Documents\Codex\2026-08-22\non\work\whynot17\work\nhanes_phase2a\environmental_xpt\2005-2006_PAH_D.xpt,URXP04,URDP04LC,WTSB2YR,urine,2431,2431,100.0,True,2001-2002,2017-2018,C053036,1-methylfluorene
2007-2008,2007,Polyaromatic Hydrocarbons (PAHs) - Urine,PAH_E.xpt,https://wwwn.cdc.gov/Nchs/Data/Nhanes/Public/2007/DataFiles/PAH_E.xpt,https://wwwn.cdc.gov/Nchs/Data/Nhanes/Public/2007/DataFiles/PAH_E.htm,C:\Users\21634\Documents\Codex\2026-08-22\non\work\whynot17\work\nhanes_phase2a\environmental_xpt\2007-2008_PAH_E.xpt,URXP04,URDP04LC,WTSB2YR,urine,2582,2581,99.96127033307513,True,2001-2002,2017-2018,C053036,1-methylfluorene
2009-2010,2009,Polyaromatic Hydrocarbons -Urine,PAH_F.xpt,https://wwwn.cdc.gov/Nchs/Data/Nhanes/Public/2009/DataFiles/PAH_F.xpt,https://wwwn.cdc.gov/Nchs/Data/Nhanes/Public/2009/DataFiles/PAH_F.htm,C:\Users\21634\Documents\Codex\2026-08-22\non\work\whynot17\work\nhanes_phase2a\environmental_xpt\2009-2010_PAH_F.xpt,URXP04,URDP04LC,WTSB2YR,urine,2747,2747,100.0,True,2001-2002,2017-2018,C053036,1-methylfluorene
2011-2012,2011,Polyaromatic Hydrocarbons (PAHs) - Urine,PAH_G.xpt,https://wwwn.cdc.gov/Nchs/Data/Nhanes/Public/2011/DataFiles/PAH_G.xpt,https://wwwn.cdc.gov/Nchs/Data/Nhanes/Public/2011/DataFiles/PAH_G.htm,C:\Users\21634\Documents\Codex\2026-08-22\non\work\whynot17\work\nhanes_phase2a\environmental_xpt\2011-2012_PAH_G.xpt,URXP04,URDP04LC,WTSA2YR,urine,2492,2492,100.0,True,2001-2002,2017-2018,C053036,1-methylfluorene
2013-2014,2013,Polycyclic Aromatic Hydrocarbons (PAH) - Urine,PAH_H.xpt,https://wwwn.cdc.gov/Nchs/Data/Nhanes/Public/2013/DataFiles/PAH_H.xpt,https://wwwn.cdc.gov/Nchs/Data/Nhanes/Public/2013/DataFiles/PAH_H.htm,C:\Users\21634\Documents\Codex\2026-08-22\non\work\whynot17\work\nhanes_phase2a\environmental_xpt\2013-2014_PAH_H.xpt,URXP04,URDP04LC,WTSA2YR,urine,2650,2647,99.88679245283019,True,2001-2002,2017-2018,C053036,1-methylfluorene
2015-2016,2015,Polycyclic Aromatic Hydrocarbons (PAH) - Urine,PAH_I.xpt,https://wwwn.cdc.gov/Nchs/Data/Nhanes/Public/2015/DataFiles/PAH_I.xpt,https://wwwn.cdc.gov/Nchs/Data/Nhanes/Public/2015/DataFiles/PAH_I.htm,C:\Users\21634\Documents\Codex\2026-08-22\non\work\whynot17\work\nhanes_phase2a\environmental_xpt\2015-2016_PAH_I.xpt,URXP04,URDP04LC,WTSA2YR,urine,3037,3034,99.90121830754033,True,2001-2002,2017-2018,C053036,1-methylfluorene
2017-2018,2017,Polycyclic Aromatic Hydrocarbons (PAH) - Urine,PAH_J.xpt,https://wwwn.cdc.gov/Nchs/Data/Nhanes/Public/2017/DataFiles/PAH_J.xpt,https://wwwn.cdc.gov/Nchs/Data/Nhanes/Public/2017/DataFiles/PAH_J.htm,C:\Users\21634\Documents\Codex\2026-08-22\non\work\whynot17\work\nhanes_phase2a\environmental_xpt\2017-2018_PAH_J.xpt,URXP04,URDP04LC,WTSA2YR,urine,2774,2773,99.96395097332372,True,2001-2002,2017-2018,C053036,1-methylfluorene
1999-2000,1999,Metals - Urine,LAB06HM.xpt,https://wwwn.cdc.gov/Nchs/Data/Nhanes/Public/1999/DataFiles/LAB06HM.xpt,https://wwwn.cdc.gov/Nchs/Data/Nhanes/Public/1999/DataFiles/LAB06HM.htm,C:\Users\21634\Documents\Codex\2026-08-22\non\work\whynot17\work\nhanes_phase2a\environmental_xpt\1999-2000_LAB06HM.xpt,URXUSB,,WTSHM2YR,urine,2276,2276,100.0,True,1999-2000,2017-2018,C054672,antimony trichloride
2001-2002,2001,Metals - Urine,L06HM_B.xpt,https://wwwn.cdc.gov/Nchs/Data/Nhanes/Public/2001/DataFiles/L06HM_B.xpt,https://wwwn.cdc.gov/Nchs/Data/Nhanes/Public/2001/DataFiles/L06HM_B.htm,C:\Users\21634\Documents\Codex\2026-08-22\non\work\whynot17\work\nhanes_phase2a\environmental_xpt\2001-2002_L06HM_B.xpt,URXUSB,,WTSHM2YR,urine,2690,2690,100.0,True,1999-2000,2017-2018,C054672,antimony trichloride
2003-2004,2003,Metals - Urine,L06HM_C.xpt,https://wwwn.cdc.gov/Nchs/Data/Nhanes/Public/2003/DataFiles/L06HM_C.xpt,https://wwwn.cdc.gov/Nchs/Data/Nhanes/Public/2003/DataFiles/L06HM_C.htm,C:\Users\21634\Documents\Codex\2026-08-22\non\work\whynot17\work\nhanes_phase2a\environmental_xpt\2003-2004_L06HM_C.xpt,URXUSB,URDUSBLC,WTSA2YR,urine,2558,1601,62.5879593432369,True,1999-2000,2017-2018,C054672,antimony trichloride
2005-2006,2005,Metals - Urine,UHM_D.xpt,https://wwwn.cdc.gov/Nchs/Data/Nhanes/Public/2005/DataFiles/UHM_D.xpt,https://wwwn.cdc.gov/Nchs/Data/Nhanes/Public/2005/DataFiles/UHM_D.htm,C:\Users\21634\Documents\Codex\2026-08-22\non\work\whynot17\work\nhanes_phase2a\environmental_xpt\2005-2006_UHM_D.xpt,URXUSB,URDUSBLC,WTSA2YR,urine,2576,2233,86.68478260869566,True,1999-2000,2017-2018,C054672,antimony trichloride
2007-2008,2007,Metals - Urine,UHM_E.xpt,https://wwwn.cdc.gov/Nchs/Data/Nhanes/Public/2007/DataFiles/UHM_E.xpt,https://wwwn.cdc.gov/Nchs/Data/Nhanes/Public/2007/DataFiles/UHM_E.htm,C:\Users\21634\Documents\Codex\2026-08-22\non\work\whynot17\work\nhanes_phase2a\environmental_xpt\2007-2008_UHM_E.xpt,URXUSB,URDUSBLC,WTSA2YR,urine,2627,2126,80.92881614008374,True,1999-2000,2017-2018,C054672,antimony trichloride
2009-2010,2009,Metals - Urine,UHM_F.xpt,https://wwwn.cdc.gov/Nchs/Data/Nhanes/Public/2009/DataFiles/UHM_F.xpt,https://wwwn.cdc.gov/Nchs/Data/Nhanes/Public/2009/DataFiles/UHM_F.htm,C:\Users\21634\Documents\Codex\2026-08-22\non\work\whynot17\work\nhanes_phase2a\environmental_xpt\2009-2010_UHM_F.xpt,URXUSB,URDUSBLC,WTSA2YR,urine,2847,2116,74.32384966631543,True,1999-2000,2017-2018,C054672,antimony trichloride
2011-2012,2011,Metals - Urine,UHM_G.xpt,https://wwwn.cdc.gov/Nchs/Data/Nhanes/Public/2011/DataFiles/UHM_G.xpt,https://wwwn.cdc.gov/Nchs/Data/Nhanes/Public/2011/DataFiles/UHM_G.htm,C:\Users\21634\Documents\Codex\2026-08-22\non\work\whynot17\work\nhanes_phase2a\environmental_xpt\2011-2012_UHM_G.xpt,URXUSB,URDUSBLC,WTSA2YR,urine,2504,1523,60.822683706070286,True,1999-2000,2017-2018,C054672,antimony trichloride
2013-2014,2013,Metals - Urine,UM_H.xpt,https://wwwn.cdc.gov/Nchs/Data/Nhanes/Public/2013/DataFiles/UM_H.xpt,https://wwwn.cdc.gov/Nchs/Data/Nhanes/Public/2013/DataFiles/UM_H.htm,C:\Users\21634\Documents\Codex\2026-08-22\non\work\whynot17\work\nhanes_phase2a\environmental_xpt\2013-2014_UM_H.xpt,URXUSB,URDUSBLC,WTSA2YR,urine,2664,2065,77.51501501501501,True,1999-2000,2017-2018,C054672,antimony trichloride
2015-2016,2015,Metals - Urine,UM_I.xpt,https://wwwn.cdc.gov/Nchs/Data/Nhanes/Public/2015/DataFiles/UM_I.xpt,https://wwwn.cdc.gov/Nchs/Data/Nhanes/Public/2015/DataFiles/UM_I.htm,C:\Users\21634\Documents\Codex\2026-08-22\non\work\whynot17\work\nhanes_phase2a\environmental_xpt\2015-2016_UM_I.xpt,URXUSB,URDUSBLC,WTSA2YR,urine,3061,2530,82.65272786671022,True,1999-2000,2017-2018,C054672,antimony trichloride
2017-2018,2017,Metals - Urine,UM_J.xpt,https://wwwn.cdc.gov/Nchs/Data/Nhanes/Public/2017/DataFiles/UM_J.xpt,https://wwwn.cdc.gov/Nchs/Data/Nhanes/Public/2017/DataFiles/UM_J.htm,C:\Users\21634\Documents\Codex\2026-08-22\non\work\whynot17\work\nhanes_phase2a\environmental_xpt\2017-2018_UM_J.xpt,URXUSB,URDUSBLC,WTSA2YR,urine,2808,2297,81.8019943019943,True,1999-2000,2017-2018,C054672,antimony trichloride
2001-2002,2001,"Phthalates, Phytoestrogens & PAHs - Urine",PHPYPA_B.xpt,https://wwwn.cdc.gov/Nchs/Data/Nhanes/Public/2001/DataFiles/PHPYPA_B.xpt,https://wwwn.cdc.gov/Nchs/Data/Nhanes/Public/2001/DataFiles/PHPYPA_B.htm,C:\Users\21634\Documents\Codex\2026-08-22\non\work\whynot17\work\nhanes_phase2a\environmental_xpt\2001-2002_PHPYPA_B.xpt,URXP10,,WTSPH2YR,urine,2747,2747,100.0,True,2001-2002,2017-2018,C065011,1-vinylpyrene
2003-2004,2003,Polyaromatic Hydrocarbons (PAHs) - Urine,L31PAH_C.xpt,https://wwwn.cdc.gov/Nchs/Data/Nhanes/Public/2003/DataFiles/L31PAH_C.xpt,https://wwwn.cdc.gov/Nchs/Data/Nhanes/Public/2003/DataFiles/L31PAH_C.htm,C:\Users\21634\Documents\Codex\2026-08-22\non\work\whynot17\work\nhanes_phase2a\environmental_xpt\2003-2004_L31PAH_C.xpt,URXP10,URDP10LC,WTSB2YR,urine,2515,2499,99.3638170974155,True,2001-2002,2017-2018,C065011,1-vinylpyrene
2005-2006,2005,Polyaromatic Hydrocarbons (PAHs) - Urine,PAH_D.xpt,https://wwwn.cdc.gov/Nchs/Data/Nhanes/Public/2005/DataFiles/PAH_D.xpt,https://wwwn.cdc.gov/Nchs/Data/Nhanes/Public/2005/DataFiles/PAH_D.htm,C:\Users\21634\Documents\Codex\2026-08-22\non\work\whynot17\work\nhanes_phase2a\environmental_xpt\2005-2006_PAH_D.xpt,URXP10,URDP10LC,WTSB2YR,urine,2415,2411,99.8343685300207,True,2001-2002,2017-2018,C065011,1-vinylpyrene
2007-2008,2007,Polyaromatic Hydrocarbons (PAHs) - Urine,PAH_E.xpt,https://wwwn.cdc.gov/Nchs/Data/Nhanes/Public/2007/DataFiles/PAH_E.xpt,https://wwwn.cdc.gov/Nchs/Data/Nhanes/Public/2007/DataFiles/PAH_E.htm,C:\Users\21634\Documents\Codex\2026-08-22\non\work\whynot17\work\nhanes_phase2a\environmental_xpt\2007-2008_PAH_E.xpt,URXP10,URDP10LC,WTSB2YR,urine,2581,2569,99.5350639287098,True,2001-2002,2017-2018,C065011,1-vinylpyrene
2009-2010,2009,Polyaromatic Hydrocarbons -Urine,PAH_F.xpt,https://wwwn.cdc.gov/Nchs/Data/Nhanes/Public/2009/DataFiles/PAH_F.xpt,https://wwwn.cdc.gov/Nchs/Data/Nhanes/Public/2009/DataFiles/PAH_F.htm,C:\Users\21634\Documents\Codex\2026-08-22\non\work\whynot17\work\nhanes_phase2a\environmental_xpt\2009-2010_PAH_F.xpt,URXP10,URDP10LC,WTSB2YR,urine,2746,2729,99.3809176984705,True,2001-2002,2017-2018,C065011,1-vinylpyrene
2011-2012,2011,Polyaromatic Hydrocarbons (PAHs) - Urine,PAH_G.xpt,https://wwwn.cdc.gov/Nchs/Data/Nhanes/Public/2011/DataFiles/PAH_G.xpt,https://wwwn.cdc.gov/Nchs/Data/Nhanes/Public/2011/DataFiles/PAH_G.htm,C:\Users\21634\Documents\Codex\2026-08-22\non\work\whynot17\work\nhanes_phase2a\environmental_xpt\2011-2012_PAH_G.xpt,URXP10,URDP10LC,WTSA2YR,urine,2487,2458,98.83393646964214,True,2001-2002,2017-2018,C065011,1-vinylpyrene
2013-2014,2013,Polycyclic Aromatic Hydrocarbons (PAH) - Urine,PAH_H.xpt,https://wwwn.cdc.gov/Nchs/Data/Nhanes/Public/2013/DataFiles/PAH_H.xpt,https://wwwn.cdc.gov/Nchs/Data/Nhanes/Public/2013/DataFiles/PAH_H.htm,C:\Users\21634\Documents\Codex\2026-08-22\non\work\whynot17\work\nhanes_phase2a\environmental_xpt\2013-2014_PAH_H.xpt,URXP10,URDP10LC,WTSA2YR,urine,2650,2024,76.37735849056604,True,2001-2002,2017-2018,C065011,1-vinylpyrene
2015-2016,2015,Polycyclic Aromatic Hydrocarbons (PAH) - Urine,PAH_I.xpt,https://wwwn.cdc.gov/Nchs/Data/Nhanes/Public/2015/DataFiles/PAH_I.xpt,https://wwwn.cdc.gov/Nchs/Data/Nhanes/Public/2015/DataFiles/PAH_I.htm,C:\Users\21634\Documents\Codex\2026-08-22\non\work\whynot17\work\nhanes_phase2a\environmental_xpt\2015-2016_PAH_I.xpt,URXP10,URDP10LC,WTSA2YR,urine,3036,2123,69.92753623188406,True,2001-2002,2017-2018,C065011,1-vinylpyrene
2017-2018,2017,Polycyclic Aromatic Hydrocarbons (PAH) - Urine,PAH_J.xpt,https://wwwn.cdc.gov/Nchs/Data/Nhanes/Public/2017/DataFiles/PAH_J.xpt,https://wwwn.cdc.gov/Nchs/Data/Nhanes/Public/2017/DataFiles/PAH_J.htm,C:\Users\21634\Documents\Codex\2026-08-22\non\work\whynot17\work\nhanes_phase2a\environmental_xpt\2017-2018_PAH_J.xpt,URXP10,URDP10LC,WTSA2YR,urine,2775,1671,60.21621621621622,True,2001-2002,2017-2018,C065011,1-vinylpyrene
2001-2002,2001,"Phthalates, Phytoestrogens & PAHs - Urine",PHPYPA_B.xpt,https://wwwn.cdc.gov/Nchs/Data/Nhanes/Public/2001/DataFiles/PHPYPA_B.xpt,https://wwwn.cdc.gov/Nchs/Data/Nhanes/Public/2001/DataFiles/PHPYPA_B.htm,C:\Users\21634\Documents\Codex\2026-08-22\non\work\whynot17\work\nhanes_phase2a\environmental_xpt\2001-2002_PHPYPA_B.xpt,URXP02,,WTSPH2YR,urine,2748,2748,100.0,True,2001-2002,2015-2016,C065012,2-ethynylnaphthalene
2003-2004,2003,Polyaromatic Hydrocarbons (PAHs) - Urine,L31PAH_C.xpt,https://wwwn.cdc.gov/Nchs/Data/Nhanes/Public/2003/DataFiles/L31PAH_C.xpt,https://wwwn.cdc.gov/Nchs/Data/Nhanes/Public/2003/DataFiles/L31PAH_C.htm,C:\Users\21634\Documents\Codex\2026-08-22\non\work\whynot17\work\nhanes_phase2a\environmental_xpt\2003-2004_L31PAH_C.xpt,URXP02,URDP02LC,WTSB2YR,urine,2575,2575,100.0,True,2001-2002,2015-2016,C065012,2-ethynylnaphthalene
2005-2006,2005,Polyaromatic Hydrocarbons (PAHs) - Urine,PAH_D.xpt,https://wwwn.cdc.gov/Nchs/Data/Nhanes/Public/2005/DataFiles/PAH_D.xpt,https://wwwn.cdc.gov/Nchs/Data/Nhanes/Public/2005/DataFiles/PAH_D.htm,C:\Users\21634\Documents\Codex\2026-08-22\non\work\whynot17\work\nhanes_phase2a\environmental_xpt\2005-2006_PAH_D.xpt,URXP02,URDP02LC,WTSB2YR,urine,2446,2445,99.95911692559281,True,2001-2002,2015-2016,C065012,2-ethynylnaphthalene
2007-2008,2007,Polyaromatic Hydrocarbons (PAHs) - Urine,PAH_E.xpt,https://wwwn.cdc.gov/Nchs/Data/Nhanes/Public/2007/DataFiles/PAH_E.xpt,https://wwwn.cdc.gov/Nchs/Data/Nhanes/Public/2007/DataFiles/PAH_E.htm,C:\Users\21634\Documents\Codex\2026-08-22\non\work\whynot17\work\nhanes_phase2a\environmental_xpt\2007-2008_PAH_E.xpt,URXP02,URDP02LC,WTSB2YR,urine,2531,2530,99.96048992493085,True,2001-2002,2015-2016,C065012,2-ethynylnaphthalene
2009-2010,2009,Polyaromatic Hydrocarbons -Urine,PAH_F.xpt,https://wwwn.cdc.gov/Nchs/Data/Nhanes/Public/2009/DataFiles/PAH_F.xpt,https://wwwn.cdc.gov/Nchs/Data/Nhanes/Public/2009/DataFiles/PAH_F.htm,C:\Users\21634\Documents\Codex\2026-08-22\non\work\whynot17\work\nhanes_phase2a\environmental_xpt\2009-2010_PAH_F.xpt,URXP02,URDP02LC,WTSB2YR,urine,2747,2747,100.0,True,2001-2002,2015-2016,C065012,2-ethynylnaphthalene
2011-2012,2011,Polyaromatic Hydrocarbons (PAHs) - Urine,PAH_G.xpt,https://wwwn.cdc.gov/Nchs/Data/Nhanes/Public/2011/DataFiles/PAH_G.xpt,https://wwwn.cdc.gov/Nchs/Data/Nhanes/Public/2011/DataFiles/PAH_G.htm,C:\Users\21634\Documents\Codex\2026-08-22\non\work\whynot17\work\nhanes_phase2a\environmental_xpt\2011-2012_PAH_G.xpt,URXP02,URDP02LC,WTSA2YR,urine,2492,2492,100.0,True,2001-2002,2015-2016,C065012,2-ethynylnaphthalene
2013-2014,2013,Polycyclic Aromatic Hydrocarbons (PAH) - Urine,PAH_H.xpt,https://wwwn.cdc.gov/Nchs/Data/Nhanes/Public/2013/DataFiles/PAH_H.xpt,https://wwwn.cdc.gov/Nchs/Data/Nhanes/Public/2013/DataFiles/PAH_H.htm,C:\Users\21634\Documents\Codex\2026-08-22\non\work\whynot17\work\nhanes_phase2a\environmental_xpt\2013-2014_PAH_H.xpt,URXP02,URDP02LC,WTSA2YR,urine,2641,2641,100.0,True,2001-2002,2015-2016,C065012,2-ethynylnaphthalene
2015-2016,2015,Polycyclic Aromatic Hydrocarbons (PAH) - Urine,PAH_I.xpt,https://wwwn.cdc.gov/Nchs/Data/Nhanes/Public/2015/DataFiles/PAH_I.xpt,https://wwwn.cdc.gov/Nchs/Data/Nhanes/Public/2015/DataFiles/PAH_I.htm,C:\Users\21634\Documents\Codex\2026-08-22\non\work\whynot17\work\nhanes_phase2a\environmental_xpt\2015-2016_PAH_I.xpt,URXP02,URDP02LC,WTSA2YR,urine,2986,2986,100.0,True,2001-2002,2015-2016,C065012,2-ethynylnaphthalene
1999-2000,1999,Metals - Urine,LAB06HM.xpt,https://wwwn.cdc.gov/Nchs/Data/Nhanes/Public/1999/DataFiles/LAB06HM.xpt,https://wwwn.cdc.gov/Nchs/Data/Nhanes/Public/1999/DataFiles/LAB06HM.htm,C:\Users\21634\Documents\Codex\2026-08-22\non\work\whynot17\work\nhanes_phase2a\environmental_xpt\1999-2000_LAB06HM.xpt,URXUMO,,WTSHM2YR,urine,2257,2257,100.0,True,1999-2000,2017-2018,C082290,molybdenum trioxide
2001-2002,2001,Metals - Urine,L06HM_B.xpt,https://wwwn.cdc.gov/Nchs/Data/Nhanes/Public/2001/DataFiles/L06HM_B.xpt,https://wwwn.cdc.gov/Nchs/Data/Nhanes/Public/2001/DataFiles/L06HM_B.htm,C:\Users\21634\Documents\Codex\2026-08-22\non\work\whynot17\work\nhanes_phase2a\environmental_xpt\2001-2002_L06HM_B.xpt,URXUMO,,WTSHM2YR,urine,2690,2690,100.0,True,1999-2000,2017-2018,C082290,molybdenum trioxide
2003-2004,2003,Metals - Urine,L06HM_C.xpt,https://wwwn.cdc.gov/Nchs/Data/Nhanes/Public/2003/DataFiles/L06HM_C.xpt,https://wwwn.cdc.gov/Nchs/Data/Nhanes/Public/2003/DataFiles/L06HM_C.htm,C:\Users\21634\Documents\Codex\2026-08-22\non\work\whynot17\work\nhanes_phase2a\environmental_xpt\2003-2004_L06HM_C.xpt,URXUMO,URDUMOLC,WTSA2YR,urine,2558,2555,99.88272087568413,True,1999-2000,2017-2018,C082290,molybdenum trioxide
2005-2006,2005,Metals - Urine,UHM_D.xpt,https://wwwn.cdc.gov/Nchs/Data/Nhanes/Public/2005/DataFiles/UHM_D.xpt,https://wwwn.cdc.gov/Nchs/Data/Nhanes/Public/2005/DataFiles/UHM_D.htm,C:\Users\21634\Documents\Codex\2026-08-22\non\work\whynot17\work\nhanes_phase2a\environmental_xpt\2005-2006_UHM_D.xpt,URXUMO,URDUMOLC,WTSA2YR,urine,2576,2576,100.0,True,1999-2000,2017-2018,C082290,molybdenum trioxide
2007-2008,2007,Metals - Urine,UHM_E.xpt,https://wwwn.cdc.gov/Nchs/Data/Nhanes/Public/2007/DataFiles/UHM_E.xpt,https://wwwn.cdc.gov/Nchs/Data/Nhanes/Public/2007/DataFiles/UHM_E.htm,C:\Users\21634\Documents\Codex\2026-08-22\non\work\whynot17\work\nhanes_phase2a\environmental_xpt\2007-2008_UHM_E.xpt,URXUMO,URDUMOLC,WTSA2YR,urine,2627,2625,99.92386752950134,True,1999-2000,2017-2018,C082290,molybdenum trioxide
2009-2010,2009,Metals - Urine,UHM_F.xpt,https://wwwn.cdc.gov/Nchs/Data/Nhanes/Public/2009/DataFiles/UHM_F.xpt,https://wwwn.cdc.gov/Nchs/Data/Nhanes/Public/2009/DataFiles/UHM_F.htm,C:\Users\21634\Documents\Codex\2026-08-22\non\work\whynot17\work\nhanes_phase2a\environmental_xpt\2009-2010_UHM_F.xpt,URXUMO,URDUMOLC,WTSA2YR,urine,2848,2848,100.0,True,1999-2000,2017-2018,C082290,molybdenum trioxide
2011-2012,2011,Metals - Urine,UHM_G.xpt,https://wwwn.cdc.gov/Nchs/Data/Nhanes/Public/2011/DataFiles/UHM_G.xpt,https://wwwn.cdc.gov/Nchs/Data/Nhanes/Public/2011/DataFiles/UHM_G.htm,C:\Users\21634\Documents\Codex\2026-08-22\non\work\whynot17\work\nhanes_phase2a\environmental_xpt\2011-2012_UHM_G.xpt,URXUMO,URDUMOLC,WTSA2YR,urine,2504,2504,100.0,True,1999-2000,2017-2018,C082290,molybdenum trioxide
2013-2014,2013,Metals - Urine,UM_H.xpt,https://wwwn.cdc.gov/Nchs/Data/Nhanes/Public/2013/DataFiles/UM_H.xpt,https://wwwn.cdc.gov/Nchs/Data/Nhanes/Public/2013/DataFiles/UM_H.htm,C:\Users\21634\Documents\Codex\2026-08-22\non\work\whynot17\work\nhanes_phase2a\environmental_xpt\2013-2014_UM_H.xpt,URXUMO,URDUMOLC,WTSA2YR,urine,2664,2664,100.0,True,1999-2000,2017-2018,C082290,molybdenum trioxide
2015-2016,2015,Metals - Urine,UM_I.xpt,https://wwwn.cdc.gov/Nchs/Data/Nhanes/Public/2015/DataFiles/UM_I.xpt,https://wwwn.cdc.gov/Nchs/Data/Nhanes/Public/2015/DataFiles/UM_I.htm,C:\Users\21634\Documents\Codex\2026-08-22\non\work\whynot17\work\nhanes_phase2a\environmental_xpt\2015-2016_UM_I.xpt,URXUMO,URDUMOLC,WTSA2YR,urine,3060,3060,100.0,True,1999-2000,2017-2018,C082290,molybdenum trioxide
2017-2018,2017,Metals - Urine,UM_J.xpt,https://wwwn.cdc.gov/Nchs/Data/Nhanes/Public/2017/DataFiles/UM_J.xpt,https://wwwn.cdc.gov/Nchs/Data/Nhanes/Public/2017/DataFiles/UM_J.htm,C:\Users\21634\Documents\Codex\2026-08-22\non\work\whynot17\work\nhanes_phase2a\environmental_xpt\2017-2018_UM_J.xpt,URXUMO,URDUMOLC,WTSA2YR,urine,2808,2808,100.0,True,1999-2000,2017-2018,C082290,molybdenum trioxide
1999-2000,1999,Metals - Urine,LAB06HM.xpt,https://wwwn.cdc.gov/Nchs/Data/Nhanes/Public/1999/DataFiles/LAB06HM.xpt,https://wwwn.cdc.gov/Nchs/Data/Nhanes/Public/1999/DataFiles/LAB06HM.htm,C:\Users\21634\Documents\Codex\2026-08-22\non\work\whynot17\work\nhanes_phase2a\environmental_xpt\1999-2000_LAB06HM.xpt,URXUSB,,WTSHM2YR,urine,2276,2276,100.0,True,1999-2000,2017-2018,C091696,antimony oxide
2001-2002,2001,Metals - Urine,L06HM_B.xpt,https://wwwn.cdc.gov/Nchs/Data/Nhanes/Public/2001/DataFiles/L06HM_B.xpt,https://wwwn.cdc.gov/Nchs/Data/Nhanes/Public/2001/DataFiles/L06HM_B.htm,C:\Users\21634\Documents\Codex\2026-08-22\non\work\whynot17\work\nhanes_phase2a\environmental_xpt\2001-2002_L06HM_B.xpt,URXUSB,,WTSHM2YR,urine,2690,2690,100.0,True,1999-2000,2017-2018,C091696,antimony oxide
2003-2004,2003,Metals - Urine,L06HM_C.xpt,https://wwwn.cdc.gov/Nchs/Data/Nhanes/Public/2003/DataFiles/L06HM_C.xpt,https://wwwn.cdc.gov/Nchs/Data/Nhanes/Public/2003/DataFiles/L06HM_C.htm,C:\Users\21634\Documents\Codex\2026-08-22\non\work\whynot17\work\nhanes_phase2a\environmental_xpt\2003-2004_L06HM_C.xpt,URXUSB,URDUSBLC,WTSA2YR,urine,2558,1601,62.5879593432369,True,1999-2000,2017-2018,C091696,antimony oxide
2005-2006,2005,Metals - Urine,UHM_D.xpt,https://wwwn.cdc.gov/Nchs/Data/Nhanes/Public/2005/DataFiles/UHM_D.xpt,https://wwwn.cdc.gov/Nchs/Data/Nhanes/Public/2005/DataFiles/UHM_D.htm,C:\Users\21634\Documents\Codex\2026-08-22\non\work\whynot17\work\nhanes_phase2a\environmental_xpt\2005-2006_UHM_D.xpt,URXUSB,URDUSBLC,WTSA2YR,urine,2576,2233,86.68478260869566,True,1999-2000,2017-2018,C091696,antimony oxide
2007-2008,2007,Metals - Urine,UHM_E.xpt,https://wwwn.cdc.gov/Nchs/Data/Nhanes/Public/2007/DataFiles/UHM_E.xpt,https://wwwn.cdc.gov/Nchs/Data/Nhanes/Public/2007/DataFiles/UHM_E.htm,C:\Users\21634\Documents\Codex\2026-08-22\non\work\whynot17\work\nhanes_phase2a\environmental_xpt\2007-2008_UHM_E.xpt,URXUSB,URDUSBLC,WTSA2YR,urine,2627,2126,80.92881614008374,True,1999-2000,2017-2018,C091696,antimony oxide
2009-2010,2009,Metals - Urine,UHM_F.xpt,https://wwwn.cdc.gov/Nchs/Data/Nhanes/Public/2009/DataFiles/UHM_F.xpt,https://wwwn.cdc.gov/Nchs/Data/Nhanes/Public/2009/DataFiles/UHM_F.htm,C:\Users\21634\Documents\Codex\2026-08-22\non\work\whynot17\work\nhanes_phase2a\environmental_xpt\2009-2010_UHM_F.xpt,URXUSB,URDUSBLC,WTSA2YR,urine,2847,2116,74.32384966631543,True,1999-2000,2017-2018,C091696,antimony oxide
2011-2012,2011,Metals - Urine,UHM_G.xpt,https://wwwn.cdc.gov/Nchs/Data/Nhanes/Public/2011/DataFiles/UHM_G.xpt,https://wwwn.cdc.gov/Nchs/Data/Nhanes/Public/2011/DataFiles/UHM_G.htm,C:\Users\21634\Documents\Codex\2026-08-22\non\work\whynot17\work\nhanes_phase2a\environmental_xpt\2011-2012_UHM_G.xpt,URXUSB,URDUSBLC,WTSA2YR,urine,2504,1523,60.822683706070286,True,1999-2000,2017-2018,C091696,antimony oxide
2013-2014,2013,Metals - Urine,UM_H.xpt,https://wwwn.cdc.gov/Nchs/Data/Nhanes/Public/2013/DataFiles/UM_H.xpt,https://wwwn.cdc.gov/Nchs/Data/Nhanes/Public/2013/DataFiles/UM_H.htm,C:\Users\21634\Documents\Codex\2026-08-22\non\work\whynot17\work\nhanes_phase2a\environmental_xpt\2013-2014_UM_H.xpt,URXUSB,URDUSBLC,WTSA2YR,urine,2664,2065,77.51501501501501,True,1999-2000,2017-2018,C091696,antimony oxide
2015-2016,2015,Metals - Urine,UM_I.xpt,https://wwwn.cdc.gov/Nchs/Data/Nhanes/Public/2015/DataFiles/UM_I.xpt,https://wwwn.cdc.gov/Nchs/Data/Nhanes/Public/2015/DataFiles/UM_I.htm,C:\Users\21634\Documents\Codex\2026-08-22\non\work\whynot17\work\nhanes_phase2a\environmental_xpt\2015-2016_UM_I.xpt,URXUSB,URDUSBLC,WTSA2YR,urine,3061,2530,82.65272786671022,True,1999-2000,2017-2018,C091696,antimony oxide
2017-2018,2017,Metals - Urine,UM_J.xpt,https://wwwn.cdc.gov/Nchs/Data/Nhanes/Public/2017/DataFiles/UM_J.xpt,https://wwwn.cdc.gov/Nchs/Data/Nhanes/Public/2017/DataFiles/UM_J.htm,C:\Users\21634\Documents\Codex\2026-08-22\non\work\whynot17\work\nhanes_phase2a\environmental_xpt\2017-2018_UM_J.xpt,URXUSB,URDUSBLC,WTSA2YR,urine,2808,2297,81.8019943019943,True,1999-2000,2017-2018,C091696,antimony oxide
2001-2002,2001,"Phthalates, Phytoestrogens & PAHs - Urine",PHPYPA_B.xpt,https://wwwn.cdc.gov/Nchs/Data/Nhanes/Public/2001/DataFiles/PHPYPA_B.xpt,https://wwwn.cdc.gov/Nchs/Data/Nhanes/Public/2001/DataFiles/PHPYPA_B.htm,C:\Users\21634\Documents\Codex\2026-08-22\non\work\whynot17\work\nhanes_phase2a\environmental_xpt\2001-2002_PHPYPA_B.xpt,URXP10,,WTSPH2YR,urine,2747,2747,100.0,True,2001-2002,2017-2018,C093581,indene
2003-2004,2003,Polyaromatic Hydrocarbons (PAHs) - Urine,L31PAH_C.xpt,https://wwwn.cdc.gov/Nchs/Data/Nhanes/Public/2003/DataFiles/L31PAH_C.xpt,https://wwwn.cdc.gov/Nchs/Data/Nhanes/Public/2003/DataFiles/L31PAH_C.htm,C:\Users\21634\Documents\Codex\2026-08-22\non\work\whynot17\work\nhanes_phase2a\environmental_xpt\2003-2004_L31PAH_C.xpt,URXP10,URDP10LC,WTSB2YR,urine,2515,2499,99.3638170974155,True,2001-2002,2017-2018,C093581,indene
2005-2006,2005,Polyaromatic Hydrocarbons (PAHs) - Urine,PAH_D.xpt,https://wwwn.cdc.gov/Nchs/Data/Nhanes/Public/2005/DataFiles/PAH_D.xpt,https://wwwn.cdc.gov/Nchs/Data/Nhanes/Public/2005/DataFiles/PAH_D.htm,C:\Users\21634\Documents\Codex\2026-08-22\non\work\whynot17\work\nhanes_phase2a\environmental_xpt\2005-2006_PAH_D.xpt,URXP10,URDP10LC,WTSB2YR,urine,2415,2411,99.8343685300207,True,2001-2002,2017-2018,C093581,indene
2007-2008,2007,Polyaromatic Hydrocarbons (PAHs) - Urine,PAH_E.xpt,https://wwwn.cdc.gov/Nchs/Data/Nhanes/Public/2007/DataFiles/PAH_E.xpt,https://wwwn.cdc.gov/Nchs/Data/Nhanes/Public/2007/DataFiles/PAH_E.htm,C:\Users\21634\Documents\Codex\2026-08-22\non\work\whynot17\work\nhanes_phase2a\environmental_xpt\2007-2008_PAH_E.xpt,URXP10,URDP10LC,WTSB2YR,urine,2581,2569,99.5350639287098,True,2001-2002,2017-2018,C093581,indene
2009-2010,2009,Polyaromatic Hydrocarbons -Urine,PAH_F.xpt,https://wwwn.cdc.gov/Nchs/Data/Nhanes/Public/2009/DataFiles/PAH_F.xpt,https://wwwn.cdc.gov/Nchs/Data/Nhanes/Public/2009/DataFiles/PAH_F.htm,C:\Users\21634\Documents\Codex\2026-08-22\non\work\whynot17\work\nhanes_phase2a\environmental_xpt\2009-2010_PAH_F.xpt,URXP10,URDP10LC,WTSB2YR,urine,2746,2729,99.3809176984705,True,2001-2002,2017-2018,C093581,indene
2011-2012,2011,Polyaromatic Hydrocarbons (PAHs) - Urine,PAH_G.xpt,https://wwwn.cdc.gov/Nchs/Data/Nhanes/Public/2011/DataFiles/PAH_G.xpt,https://wwwn.cdc.gov/Nchs/Data/Nhanes/Public/2011/DataFiles/PAH_G.htm,C:\Users\21634\Documents\Codex\2026-08-22\non\work\whynot17\work\nhanes_phase2a\environmental_xpt\2011-2012_PAH_G.xpt,URXP10,URDP10LC,WTSA2YR,urine,2487,2458,98.83393646964214,True,2001-2002,2017-2018,C093581,indene
2013-2014,2013,Polycyclic Aromatic Hydrocarbons (PAH) - Urine,PAH_H.xpt,https://wwwn.cdc.gov/Nchs/Data/Nhanes/Public/2013/DataFiles/PAH_H.xpt,https://wwwn.cdc.gov/Nchs/Data/Nhanes/Public/2013/DataFiles/PAH_H.htm,C:\Users\21634\Documents\Codex\2026-08-22\non\work\whynot17\work\nhanes_phase2a\environmental_xpt\2013-2014_PAH_H.xpt,URXP10,URDP10LC,WTSA2YR,urine,2650,2024,76.37735849056604,True,2001-2002,2017-2018,C093581,indene
2015-2016,2015,Polycyclic Aromatic Hydrocarbons (PAH) - Urine,PAH_I.xpt,https://wwwn.cdc.gov/Nchs/Data/Nhanes/Public/2015/DataFiles/PAH_I.xpt,https://wwwn.cdc.gov/Nchs/Data/Nhanes/Public/2015/DataFiles/PAH_I.htm,C:\Users\21634\Documents\Codex\2026-08-22\non\work\whynot17\work\nhanes_phase2a\environmental_xpt\2015-2016_PAH_I.xpt,URXP10,URDP10LC,WTSA2YR,urine,3036,2123,69.92753623188406,True,2001-2002,2017-2018,C093581,indene
2017-2018,2017,Polycyclic Aromatic Hydrocarbons (PAH) - Urine,PAH_J.xpt,https://wwwn.cdc.gov/Nchs/Data/Nhanes/Public/2017/DataFiles/PAH_J.xpt,https://wwwn.cdc.gov/Nchs/Data/Nhanes/Public/2017/DataFiles/PAH_J.htm,C:\Users\21634\Documents\Codex\2026-08-22\non\work\whynot17\work\nhanes_phase2a\environmental_xpt\2017-2018_PAH_J.xpt,URXP10,URDP10LC,WTSA2YR,urine,2775,1671,60.21621621621622,True,2001-2002,2017-2018,C093581,indene
2001-2002,2001,"Phthalates, Phytoestrogens & PAHs - Urine",PHPYPA_B.xpt,https://wwwn.cdc.gov/Nchs/Data/Nhanes/Public/2001/DataFiles/PHPYPA_B.xpt,https://wwwn.cdc.gov/Nchs/Data/Nhanes/Public/2001/DataFiles/PHPYPA_B.htm,C:\Users\21634\Documents\Codex\2026-08-22\non\work\whynot17\work\nhanes_phase2a\environmental_xpt\2001-2002_PHPYPA_B.xpt,URXP10,,WTSPH2YR,urine,2747,2747,100.0,True,2001-2002,2017-2018,C093582,indan
2003-2004,2003,Polyaromatic Hydrocarbons (PAHs) - Urine,L31PAH_C.xpt,https://wwwn.cdc.gov/Nchs/Data/Nhanes/Public/2003/DataFiles/L31PAH_C.xpt,https://wwwn.cdc.gov/Nchs/Data/Nhanes/Public/2003/DataFiles/L31PAH_C.htm,C:\Users\21634\Documents\Codex\2026-08-22\non\work\whynot17\work\nhanes_phase2a\environmental_xpt\2003-2004_L31PAH_C.xpt,URXP10,URDP10LC,WTSB2YR,urine,2515,2499,99.3638170974155,True,2001-2002,2017-2018,C093582,indan
2005-2006,2005,Polyaromatic Hydrocarbons (PAHs) - Urine,PAH_D.xpt,https://wwwn.cdc.gov/Nchs/Data/Nhanes/Public/2005/DataFiles/PAH_D.xpt,https://wwwn.cdc.gov/Nchs/Data/Nhanes/Public/2005/DataFiles/PAH_D.htm,C:\Users\21634\Documents\Codex\2026-08-22\non\work\whynot17\work\nhanes_phase2a\environmental_xpt\2005-2006_PAH_D.xpt,URXP10,URDP10LC,WTSB2YR,urine,2415,2411,99.8343685300207,True,2001-2002,2017-2018,C093582,indan
2007-2008,2007,Polyaromatic Hydrocarbons (PAHs) - Urine,PAH_E.xpt,https://wwwn.cdc.gov/Nchs/Data/Nhanes/Public/2007/DataFiles/PAH_E.xpt,https://wwwn.cdc.gov/Nchs/Data/Nhanes/Public/2007/DataFiles/PAH_E.htm,C:\Users\21634\Documents\Codex\2026-08-22\non\work\whynot17\work\nhanes_phase2a\environmental_xpt\2007-2008_PAH_E.xpt,URXP10,URDP10LC,WTSB2YR,urine,2581,2569,99.5350639287098,True,2001-2002,2017-2018,C093582,indan
2009-2010,2009,Polyaromatic Hydrocarbons -Urine,PAH_F.xpt,https://wwwn.cdc.gov/Nchs/Data/Nhanes/Public/2009/DataFiles/PAH_F.xpt,https://wwwn.cdc.gov/Nchs/Data/Nhanes/Public/2009/DataFiles/PAH_F.htm,C:\Users\21634\Documents\Codex\2026-08-22\non\work\whynot17\work\nhanes_phase2a\environmental_xpt\2009-2010_PAH_F.xpt,URXP10,URDP10LC,WTSB2YR,urine,2746,2729,99.3809176984705,True,2001-2002,2017-2018,C093582,indan
2011-2012,2011,Polyaromatic Hydrocarbons (PAHs) - Urine,PAH_G.xpt,https://wwwn.cdc.gov/Nchs/Data/Nhanes/Public/2011/DataFiles/PAH_G.xpt,https://wwwn.cdc.gov/Nchs/Data/Nhanes/Public/2011/DataFiles/PAH_G.htm,C:\Users\21634\Documents\Codex\2026-08-22\non\work\whynot17\work\nhanes_phase2a\environmental_xpt\2011-2012_PAH_G.xpt,URXP10,URDP10LC,WTSA2YR,urine,2487,2458,98.83393646964214,True,2001-2002,2017-2018,C093582,indan
2013-2014,2013,Polycyclic Aromatic Hydrocarbons (PAH) - Urine,PAH_H.xpt,https://wwwn.cdc.gov/Nchs/Data/Nhanes/Public/2013/DataFiles/PAH_H.xpt,https://wwwn.cdc.gov/Nchs/Data/Nhanes/Public/2013/DataFiles/PAH_H.htm,C:\Users\21634\Documents\Codex\2026-08-22\non\work\whynot17\work\nhanes_phase2a\environmental_xpt\2013-2014_PAH_H.xpt,URXP10,URDP10LC,WTSA2YR,urine,2650,2024,76.37735849056604,True,2001-2002,2017-2018,C093582,indan
2015-2016,2015,Polycyclic Aromatic Hydrocarbons (PAH) - Urine,PAH_I.xpt,https://wwwn.cdc.gov/Nchs/Data/Nhanes/Public/2015/DataFiles/PAH_I.xpt,https://wwwn.cdc.gov/Nchs/Data/Nhanes/Public/2015/DataFiles/PAH_I.htm,C:\Users\21634\Documents\Codex\2026-08-22\non\work\whynot17\work\nhanes_phase2a\environmental_xpt\2015-2016_PAH_I.xpt,URXP10,URDP10LC,WTSA2YR,urine,3036,2123,69.92753623188406,True,2001-2002,2017-2018,C093582,indan
2017-2018,2017,Polycyclic Aromatic Hydrocarbons (PAH) - Urine,PAH_J.xpt,https://wwwn.cdc.gov/Nchs/Data/Nhanes/Public/2017/DataFiles/PAH_J.xpt,https://wwwn.cdc.gov/Nchs/Data/Nhanes/Public/2017/DataFiles/PAH_J.htm,C:\Users\21634\Documents\Codex\2026-08-22\non\work\whynot17\work\nhanes_phase2a\environmental_xpt\2017-2018_PAH_J.xpt,URXP10,URDP10LC,WTSA2YR,urine,2775,1671,60.21621621621622,True,2001-2002,2017-2018,C093582,indan
2001-2002,2001,"Phthalates, Phytoestrogens & PAHs - Urine",PHPYPA_B.xpt,https://wwwn.cdc.gov/Nchs/Data/Nhanes/Public/2001/DataFiles/PHPYPA_B.xpt,https://wwwn.cdc.gov/Nchs/Data/Nhanes/Public/2001/DataFiles/PHPYPA_B.htm,C:\Users\21634\Documents\Codex\2026-08-22\non\work\whynot17\work\nhanes_phase2a\environmental_xpt\2001-2002_PHPYPA_B.xpt,URXP10,,WTSPH2YR,urine,2747,2747,100.0,True,2001-2002,2017-2018,C095210,tetralin
2003-2004,2003,Polyaromatic Hydrocarbons (PAHs) - Urine,L31PAH_C.xpt,https://wwwn.cdc.gov/Nchs/Data/Nhanes/Public/2003/DataFiles/L31PAH_C.xpt,https://wwwn.cdc.gov/Nchs/Data/Nhanes/Public/2003/DataFiles/L31PAH_C.htm,C:\Users\21634\Documents\Codex\2026-08-22\non\work\whynot17\work\nhanes_phase2a\environmental_xpt\2003-2004_L31PAH_C.xpt,URXP10,URDP10LC,WTSB2YR,urine,2515,2499,99.3638170974155,True,2001-2002,2017-2018,C095210,tetralin
2005-2006,2005,Polyaromatic Hydrocarbons (PAHs) - Urine,PAH_D.xpt,https://wwwn.cdc.gov/Nchs/Data/Nhanes/Public/2005/DataFiles/PAH_D.xpt,https://wwwn.cdc.gov/Nchs/Data/Nhanes/Public/2005/DataFiles/PAH_D.htm,C:\Users\21634\Documents\Codex\2026-08-22\non\work\whynot17\work\nhanes_phase2a\environmental_xpt\2005-2006_PAH_D.xpt,URXP10,URDP10LC,WTSB2YR,urine,2415,2411,99.8343685300207,True,2001-2002,2017-2018,C095210,tetralin
2007-2008,2007,Polyaromatic Hydrocarbons (PAHs) - Urine,PAH_E.xpt,https://wwwn.cdc.gov/Nchs/Data/Nhanes/Public/2007/DataFiles/PAH_E.xpt,https://wwwn.cdc.gov/Nchs/Data/Nhanes/Public/2007/DataFiles/PAH_E.htm,C:\Users\21634\Documents\Codex\2026-08-22\non\work\whynot17\work\nhanes_phase2a\environmental_xpt\2007-2008_PAH_E.xpt,URXP10,URDP10LC,WTSB2YR,urine,2581,2569,99.5350639287098,True,2001-2002,2017-2018,C095210,tetralin
2009-2010,2009,Polyaromatic Hydrocarbons -Urine,PAH_F.xpt,https://wwwn.cdc.gov/Nchs/Data/Nhanes/Public/2009/DataFiles/PAH_F.xpt,https://wwwn.cdc.gov/Nchs/Data/Nhanes/Public/2009/DataFiles/PAH_F.htm,C:\Users\21634\Documents\Codex\2026-08-22\non\work\whynot17\work\nhanes_phase2a\environmental_xpt\2009-2010_PAH_F.xpt,URXP10,URDP10LC,WTSB2YR,urine,2746,2729,99.3809176984705,True,2001-2002,2017-2018,C095210,tetralin
2011-2012,2011,Polyaromatic Hydrocarbons (PAHs) - Urine,PAH_G.xpt,https://wwwn.cdc.gov/Nchs/Data/Nhanes/Public/2011/DataFiles/PAH_G.xpt,https://wwwn.cdc.gov/Nchs/Data/Nhanes/Public/2011/DataFiles/PAH_G.htm,C:\Users\21634\Documents\Codex\2026-08-22\non\work\whynot17\work\nhanes_phase2a\environmental_xpt\2011-2012_PAH_G.xpt,URXP10,URDP10LC,WTSA2YR,urine,2487,2458,98.83393646964214,True,2001-2002,2017-2018,C095210,tetralin
2013-2014,2013,Polycyclic Aromatic Hydrocarbons (PAH) - Urine,PAH_H.xpt,https://wwwn.cdc.gov/Nchs/Data/Nhanes/Public/2013/DataFiles/PAH_H.xpt,https://wwwn.cdc.gov/Nchs/Data/Nhanes/Public/2013/DataFiles/PAH_H.htm,C:\Users\21634\Documents\Codex\2026-08-22\non\work\whynot17\work\nhanes_phase2a\environmental_xpt\2013-2014_PAH_H.xpt,URXP10,URDP10LC,WTSA2YR,urine,2650,2024,76.37735849056604,True,2001-2002,2017-2018,C095210,tetralin
2015-2016,2015,Polycyclic Aromatic Hydrocarbons (PAH) - Urine,PAH_I.xpt,https://wwwn.cdc.gov/Nchs/Data/Nhanes/Public/2015/DataFiles/PAH_I.xpt,https://wwwn.cdc.gov/Nchs/Data/Nhanes/Public/2015/DataFiles/PAH_I.htm,C:\Users\21634\Documents\Codex\2026-08-22\non\work\whynot17\work\nhanes_phase2a\environmental_xpt\2015-2016_PAH_I.xpt,URXP10,URDP10LC,WTSA2YR,urine,3036,2123,69.92753623188406,True,2001-2002,2017-2018,C095210,tetralin
2017-2018,2017,Polycyclic Aromatic Hydrocarbons (PAH) - Urine,PAH_J.xpt,https://wwwn.cdc.gov/Nchs/Data/Nhanes/Public/2017/DataFiles/PAH_J.xpt,https://wwwn.cdc.gov/Nchs/Data/Nhanes/Public/2017/DataFiles/PAH_J.htm,C:\Users\21634\Documents\Codex\2026-08-22\non\work\whynot17\work\nhanes_phase2a\environmental_xpt\2017-2018_PAH_J.xpt,URXP10,URDP10LC,WTSA2YR,urine,2775,1671,60.21621621621622,True,2001-2002,2017-2018,C095210,tetralin
2013-2014,2013,Polycyclic Aromatic Hydrocarbons (PAH) - Urine,PAH_H.xpt,https://wwwn.cdc.gov/Nchs/Data/Nhanes/Public/2013/DataFiles/PAH_H.xpt,https://wwwn.cdc.gov/Nchs/Data/Nhanes/Public/2013/DataFiles/PAH_H.htm,C:\Users\21634\Documents\Codex\2026-08-22\non\work\whynot17\work\nhanes_phase2a\environmental_xpt\2013-2014_PAH_H.xpt,URXP25,URDP25LC,WTSA2YR,urine,2650,2638,99.54716981132076,True,2013-2014,2017-2018,C096666,9-ethynylphenanthrene
2015-2016,2015,Polycyclic Aromatic Hydrocarbons (PAH) - Urine,PAH_I.xpt,https://wwwn.cdc.gov/Nchs/Data/Nhanes/Public/2015/DataFiles/PAH_I.xpt,https://wwwn.cdc.gov/Nchs/Data/Nhanes/Public/2015/DataFiles/PAH_I.htm,C:\Users\21634\Documents\Codex\2026-08-22\non\work\whynot17\work\nhanes_phase2a\environmental_xpt\2015-2016_PAH_I.xpt,URXP25,URDP25LC,WTSA2YR,urine,3035,3026,99.70345963756178,True,2013-2014,2017-2018,C096666,9-ethynylphenanthrene
2017-2018,2017,Polycyclic Aromatic Hydrocarbons (PAH) - Urine,PAH_J.xpt,https://wwwn.cdc.gov/Nchs/Data/Nhanes/Public/2017/DataFiles/PAH_J.xpt,https://wwwn.cdc.gov/Nchs/Data/Nhanes/Public/2017/DataFiles/PAH_J.htm,C:\Users\21634\Documents\Codex\2026-08-22\non\work\whynot17\work\nhanes_phase2a\environmental_xpt\2017-2018_PAH_J.xpt,URXP25,URDP25LC,WTSA2YR,urine,2774,2752,99.20692141312185,True,2013-2014,2017-2018,C096666,9-ethynylphenanthrene
2001-2002,2001,"Phthalates, Phytoestrogens & PAHs - Urine",PHPYPA_B.xpt,https://wwwn.cdc.gov/Nchs/Data/Nhanes/Public/2001/DataFiles/PHPYPA_B.xpt,https://wwwn.cdc.gov/Nchs/Data/Nhanes/Public/2001/DataFiles/PHPYPA_B.htm,C:\Users\21634\Documents\Codex\2026-08-22\non\work\whynot17\work\nhanes_phase2a\environmental_xpt\2001-2002_PHPYPA_B.xpt,URXP10,,WTSPH2YR,urine,2747,2747,100.0,True,2001-2002,2017-2018,C100422,benzo(g)chrysene
2003-2004,2003,Polyaromatic Hydrocarbons (PAHs) - Urine,L31PAH_C.xpt,https://wwwn.cdc.gov/Nchs/Data/Nhanes/Public/2003/DataFiles/L31PAH_C.xpt,https://wwwn.cdc.gov/Nchs/Data/Nhanes/Public/2003/DataFiles/L31PAH_C.htm,C:\Users\21634\Documents\Codex\2026-08-22\non\work\whynot17\work\nhanes_phase2a\environmental_xpt\2003-2004_L31PAH_C.xpt,URXP10,URDP10LC,WTSB2YR,urine,2515,2499,99.3638170974155,True,2001-2002,2017-2018,C100422,benzo(g)chrysene
2005-2006,2005,Polyaromatic Hydrocarbons (PAHs) - Urine,PAH_D.xpt,https://wwwn.cdc.gov/Nchs/Data/Nhanes/Public/2005/DataFiles/PAH_D.xpt,https://wwwn.cdc.gov/Nchs/Data/Nhanes/Public/2005/DataFiles/PAH_D.htm,C:\Users\21634\Documents\Codex\2026-08-22\non\work\whynot17\work\nhanes_phase2a\environmental_xpt\2005-2006_PAH_D.xpt,URXP10,URDP10LC,WTSB2YR,urine,2415,2411,99.8343685300207,True,2001-2002,2017-2018,C100422,benzo(g)chrysene
2007-2008,2007,Polyaromatic Hydrocarbons (PAHs) - Urine,PAH_E.xpt,https://wwwn.cdc.gov/Nchs/Data/Nhanes/Public/2007/DataFiles/PAH_E.xpt,https://wwwn.cdc.gov/Nchs/Data/Nhanes/Public/2007/DataFiles/PAH_E.htm,C:\Users\21634\Documents\Codex\2026-08-22\non\work\whynot17\work\nhanes_phase2a\environmental_xpt\2007-2008_PAH_E.xpt,URXP10,URDP10LC,WTSB2YR,urine,2581,2569,99.5350639287098,True,2001-2002,2017-2018,C100422,benzo(g)chrysene
2009-2010,2009,Polyaromatic Hydrocarbons -Urine,PAH_F.xpt,https://wwwn.cdc.gov/Nchs/Data/Nhanes/Public/2009/DataFiles/PAH_F.xpt,https://wwwn.cdc.gov/Nchs/Data/Nhanes/Public/2009/DataFiles/PAH_F.htm,C:\Users\21634\Documents\Codex\2026-08-22\non\work\whynot17\work\nhanes_phase2a\environmental_xpt\2009-2010_PAH_F.xpt,URXP10,URDP10LC,WTSB2YR,urine,2746,2729,99.3809176984705,True,2001-2002,2017-2018,C100422,benzo(g)chrysene
2011-2012,2011,Polyaromatic Hydrocarbons (PAHs) - Urine,PAH_G.xpt,https://wwwn.cdc.gov/Nchs/Data/Nhanes/Public/2011/DataFiles/PAH_G.xpt,https://wwwn.cdc.gov/Nchs/Data/Nhanes/Public/2011/DataFiles/PAH_G.htm,C:\Users\21634\Documents\Codex\2026-08-22\non\work\whynot17\work\nhanes_phase2a\environmental_xpt\2011-2012_PAH_G.xpt,URXP10,URDP10LC,WTSA2YR,urine,2487,2458,98.83393646964214,True,2001-2002,2017-2018,C100422,benzo(g)chrysene
2013-2014,2013,Polycyclic Aromatic Hydrocarbons (PAH) - Urine,PAH_H.xpt,https://wwwn.cdc.gov/Nchs/Data/Nhanes/Public/2013/DataFiles/PAH_H.xpt,https://wwwn.cdc.gov/Nchs/Data/Nhanes/Public/2013/DataFiles/PAH_H.htm,C:\Users\21634\Documents\Codex\2026-08-22\non\work\whynot17\work\nhanes_phase2a\environmental_xpt\2013-2014_PAH_H.xpt,URXP10,URDP10LC,WTSA2YR,urine,2650,2024,76.37735849056604,True,2001-2002,2017-2018,C100422,benzo(g)chrysene
2015-2016,2015,Polycyclic Aromatic Hydrocarbons (PAH) - Urine,PAH_I.xpt,https://wwwn.cdc.gov/Nchs/Data/Nhanes/Public/2015/DataFiles/PAH_I.xpt,https://wwwn.cdc.gov/Nchs/Data/Nhanes/Public/2015/DataFiles/PAH_I.htm,C:\Users\21634\Documents\Codex\2026-08-22\non\work\whynot17\work\nhanes_phase2a\environmental_xpt\2015-2016_PAH_I.xpt,URXP10,URDP10LC,WTSA2YR,urine,3036,2123,69.92753623188406,True,2001-2002,2017-2018,C100422,benzo(g)chrysene
2017-2018,2017,Polycyclic Aromatic Hydrocarbons (PAH) - Urine,PAH_J.xpt,https://wwwn.cdc.gov/Nchs/Data/Nhanes/Public/2017/DataFiles/PAH_J.xpt,https://wwwn.cdc.gov/Nchs/Data/Nhanes/Public/2017/DataFiles/PAH_J.htm,C:\Users\21634\Documents\Codex\2026-08-22\non\work\whynot17\work\nhanes_phase2a\environmental_xpt\2017-2018_PAH_J.xpt,URXP10,URDP10LC,WTSA2YR,urine,2775,1671,60.21621621621622,True,2001-2002,2017-2018,C100422,benzo(g)chrysene
2001-2002,2001,"Phthalates, Phytoestrogens & PAHs - Urine",PHPYPA_B.xpt,https://wwwn.cdc.gov/Nchs/Data/Nhanes/Public/2001/DataFiles/PHPYPA_B.xpt,https://wwwn.cdc.gov/Nchs/Data/Nhanes/Public/2001/DataFiles/PHPYPA_B.htm,C:\Users\21634\Documents\Codex\2026-08-22\non\work\whynot17\work\nhanes_phase2a\environmental_xpt\2001-2002_PHPYPA_B.xpt,URXP10,,WTSPH2YR,urine,2747,2747,100.0,True,2001-2002,2017-2018,C110144,benzo(c)chrysene
2003-2004,2003,Polyaromatic Hydrocarbons (PAHs) - Urine,L31PAH_C.xpt,https://wwwn.cdc.gov/Nchs/Data/Nhanes/Public/2003/DataFiles/L31PAH_C.xpt,https://wwwn.cdc.gov/Nchs/Data/Nhanes/Public/2003/DataFiles/L31PAH_C.htm,C:\Users\21634\Documents\Codex\2026-08-22\non\work\whynot17\work\nhanes_phase2a\environmental_xpt\2003-2004_L31PAH_C.xpt,URXP10,URDP10LC,WTSB2YR,urine,2515,2499,99.3638170974155,True,2001-2002,2017-2018,C110144,benzo(c)chrysene
2005-2006,2005,Polyaromatic Hydrocarbons (PAHs) - Urine,PAH_D.xpt,https://wwwn.cdc.gov/Nchs/Data/Nhanes/Public/2005/DataFiles/PAH_D.xpt,https://wwwn.cdc.gov/Nchs/Data/Nhanes/Public/2005/DataFiles/PAH_D.htm,C:\Users\21634\Documents\Codex\2026-08-22\non\work\whynot17\work\nhanes_phase2a\environmental_xpt\2005-2006_PAH_D.xpt,URXP10,URDP10LC,WTSB2YR,urine,2415,2411,99.8343685300207,True,2001-2002,2017-2018,C110144,benzo(c)chrysene
2007-2008,2007,Polyaromatic Hydrocarbons (PAHs) - Urine,PAH_E.xpt,https://wwwn.cdc.gov/Nchs/Data/Nhanes/Public/2007/DataFiles/PAH_E.xpt,https://wwwn.cdc.gov/Nchs/Data/Nhanes/Public/2007/DataFiles/PAH_E.htm,C:\Users\21634\Documents\Codex\2026-08-22\non\work\whynot17\work\nhanes_phase2a\environmental_xpt\2007-2008_PAH_E.xpt,URXP10,URDP10LC,WTSB2YR,urine,2581,2569,99.5350639287098,True,2001-2002,2017-2018,C110144,benzo(c)chrysene
2009-2010,2009,Polyaromatic Hydrocarbons -Urine,PAH_F.xpt,https://wwwn.cdc.gov/Nchs/Data/Nhanes/Public/2009/DataFiles/PAH_F.xpt,https://wwwn.cdc.gov/Nchs/Data/Nhanes/Public/2009/DataFiles/PAH_F.htm,C:\Users\21634\Documents\Codex\2026-08-22\non\work\whynot17\work\nhanes_phase2a\environmental_xpt\2009-2010_PAH_F.xpt,URXP10,URDP10LC,WTSB2YR,urine,2746,2729,99.3809176984705,True,2001-2002,2017-2018,C110144,benzo(c)chrysene
2011-2012,2011,Polyaromatic Hydrocarbons (PAHs) - Urine,PAH_G.xpt,https://wwwn.cdc.gov/Nchs/Data/Nhanes/Public/2011/DataFiles/PAH_G.xpt,https://wwwn.cdc.gov/Nchs/Data/Nhanes/Public/2011/DataFiles/PAH_G.htm,C:\Users\21634\Documents\Codex\2026-08-22\non\work\whynot17\work\nhanes_phase2a\environmental_xpt\2011-2012_PAH_G.xpt,URXP10,URDP10LC,WTSA2YR,urine,2487,2458,98.83393646964214,True,2001-2002,2017-2018,C110144,benzo(c)chrysene
2013-2014,2013,Polycyclic Aromatic Hydrocarbons (PAH) - Urine,PAH_H.xpt,https://wwwn.cdc.gov/Nchs/Data/Nhanes/Public/2013/DataFiles/PAH_H.xpt,https://wwwn.cdc.gov/Nchs/Data/Nhanes/Public/2013/DataFiles/PAH_H.htm,C:\Users\21634\Documents\Codex\2026-08-22\non\work\whynot17\work\nhanes_phase2a\environmental_xpt\2013-2014_PAH_H.xpt,URXP10,URDP10LC,WTSA2YR,urine,2650,2024,76.37735849056604,True,2001-2002,2017-2018,C110144,benzo(c)chrysene
2015-2016,2015,Polycyclic Aromatic Hydrocarbons (PAH) - Urine,PAH_I.xpt,https://wwwn.cdc.gov/Nchs/Data/Nhanes/Public/2015/DataFiles/PAH_I.xpt,https://wwwn.cdc.gov/Nchs/Data/Nhanes/Public/2015/DataFiles/PAH_I.htm,C:\Users\21634\Documents\Codex\2026-08-22\non\work\whynot17\work\nhanes_phase2a\environmental_xpt\2015-2016_PAH_I.xpt,URXP10,URDP10LC,WTSA2YR,urine,3036,2123,69.92753623188406,True,2001-2002,2017-2018,C110144,benzo(c)chrysene
2017-2018,2017,Polycyclic Aromatic Hydrocarbons (PAH) - Urine,PAH_J.xpt,https://wwwn.cdc.gov/Nchs/Data/Nhanes/Public/2017/DataFiles/PAH_J.xpt,https://wwwn.cdc.gov/Nchs/Data/Nhanes/Public/2017/DataFiles/PAH_J.htm,C:\Users\21634\Documents\Codex\2026-08-22\non\work\whynot17\work\nhanes_phase2a\environmental_xpt\2017-2018_PAH_J.xpt,URXP10,URDP10LC,WTSA2YR,urine,2775,1671,60.21621621621622,True,2001-2002,2017-2018,C110144,benzo(c)chrysene
2001-2002,2001,"Phthalates, Phytoestrogens & PAHs - Urine",PHPYPA_B.xpt,https://wwwn.cdc.gov/Nchs/Data/Nhanes/Public/2001/DataFiles/PHPYPA_B.xpt,https://wwwn.cdc.gov/Nchs/Data/Nhanes/Public/2001/DataFiles/PHPYPA_B.htm,C:\Users\21634\Documents\Codex\2026-08-22\non\work\whynot17\work\nhanes_phase2a\environmental_xpt\2001-2002_PHPYPA_B.xpt,URXP02,,WTSPH2YR,urine,2748,2748,100.0,True,2001-2002,2015-2016,C117619,"1,2-dimethylnaphthalene"
2003-2004,2003,Polyaromatic Hydrocarbons (PAHs) - Urine,L31PAH_C.xpt,https://wwwn.cdc.gov/Nchs/Data/Nhanes/Public/2003/DataFiles/L31PAH_C.xpt,https://wwwn.cdc.gov/Nchs/Data/Nhanes/Public/2003/DataFiles/L31PAH_C.htm,C:\Users\21634\Documents\Codex\2026-08-22\non\work\whynot17\work\nhanes_phase2a\environmental_xpt\2003-2004_L31PAH_C.xpt,URXP02,URDP02LC,WTSB2YR,urine,2575,2575,100.0,True,2001-2002,2015-2016,C117619,"1,2-dimethylnaphthalene"
2005-2006,2005,Polyaromatic Hydrocarbons (PAHs) - Urine,PAH_D.xpt,https://wwwn.cdc.gov/Nchs/Data/Nhanes/Public/2005/DataFiles/PAH_D.xpt,https://wwwn.cdc.gov/Nchs/Data/Nhanes/Public/2005/DataFiles/PAH_D.htm,C:\Users\21634\Documents\Codex\2026-08-22\non\work\whynot17\work\nhanes_phase2a\environmental_xpt\2005-2006_PAH_D.xpt,URXP02,URDP02LC,WTSB2YR,urine,2446,2445,99.95911692559281,True,2001-2002,2015-2016,C117619,"1,2-dimethylnaphthalene"
2007-2008,2007,Polyaromatic Hydrocarbons (PAHs) - Urine,PAH_E.xpt,https://wwwn.cdc.gov/Nchs/Data/Nhanes/Public/2007/DataFiles/PAH_E.xpt,https://wwwn.cdc.gov/Nchs/Data/Nhanes/Public/2007/DataFiles/PAH_E.htm,C:\Users\21634\Documents\Codex\2026-08-22\non\work\whynot17\work\nhanes_phase2a\environmental_xpt\2007-2008_PAH_E.xpt,URXP02,URDP02LC,WTSB2YR,urine,2531,2530,99.96048992493085,True,2001-2002,2015-2016,C117619,"1,2-dimethylnaphthalene"
2009-2010,2009,Polyaromatic Hydrocarbons -Urine,PAH_F.xpt,https://wwwn.cdc.gov/Nchs/Data/Nhanes/Public/2009/DataFiles/PAH_F.xpt,https://wwwn.cdc.gov/Nchs/Data/Nhanes/Public/2009/DataFiles/PAH_F.htm,C:\Users\21634\Documents\Codex\2026-08-22\non\work\whynot17\work\nhanes_phase2a\environmental_xpt\2009-2010_PAH_F.xpt,URXP02,URDP02LC,WTSB2YR,urine,2747,2747,100.0,True,2001-2002,2015-2016,C117619,"1,2-dimethylnaphthalene"
2011-2012,2011,Polyaromatic Hydrocarbons (PAHs) - Urine,PAH_G.xpt,https://wwwn.cdc.gov/Nchs/Data/Nhanes/Public/2011/DataFiles/PAH_G.xpt,https://wwwn.cdc.gov/Nchs/Data/Nhanes/Public/2011/DataFiles/PAH_G.htm,C:\Users\21634\Documents\Codex\2026-08-22\non\work\whynot17\work\nhanes_phase2a\environmental_xpt\2011-2012_PAH_G.xpt,URXP02,URDP02LC,WTSA2YR,urine,2492,2492,100.0,True,2001-2002,2015-2016,C117619,"1,2-dimethylnaphthalene"
2013-2014,2013,Polycyclic Aromatic Hydrocarbons (PAH) - Urine,PAH_H.xpt,https://wwwn.cdc.gov/Nchs/Data/Nhanes/Public/2013/DataFiles/PAH_H.xpt,https://wwwn.cdc.gov/Nchs/Data/Nhanes/Public/2013/DataFiles/PAH_H.htm,C:\Users\21634\Documents\Codex\2026-08-22\non\work\whynot17\work\nhanes_phase2a\environmental_xpt\2013-2014_PAH_H.xpt,URXP02,URDP02LC,WTSA2YR,urine,2641,2641,100.0,True,2001-2002,2015-2016,C117619,"1,2-dimethylnaphthalene"
2015-2016,2015,Polycyclic Aromatic Hydrocarbons (PAH) - Urine,PAH_I.xpt,https://wwwn.cdc.gov/Nchs/Data/Nhanes/Public/2015/DataFiles/PAH_I.xpt,https://wwwn.cdc.gov/Nchs/Data/Nhanes/Public/2015/DataFiles/PAH_I.htm,C:\Users\21634\Documents\Codex\2026-08-22\non\work\whynot17\work\nhanes_phase2a\environmental_xpt\2015-2016_PAH_I.xpt,URXP02,URDP02LC,WTSA2YR,urine,2986,2986,100.0,True,2001-2002,2015-2016,C117619,"1,2-dimethylnaphthalene"
2001-2002,2001,"Phthalates, Phytoestrogens & PAHs - Urine",PHPYPA_B.xpt,https://wwwn.cdc.gov/Nchs/Data/Nhanes/Public/2001/DataFiles/PHPYPA_B.xpt,https://wwwn.cdc.gov/Nchs/Data/Nhanes/Public/2001/DataFiles/PHPYPA_B.htm,C:\Users\21634\Documents\Codex\2026-08-22\non\work\whynot17\work\nhanes_phase2a\environmental_xpt\2001-2002_PHPYPA_B.xpt,URXP10,,WTSPH2YR,urine,2747,2747,100.0,True,2001-2002,2017-2018,C402363,1-(1-propynyl)pyrene
2003-2004,2003,Polyaromatic Hydrocarbons (PAHs) - Urine,L31PAH_C.xpt,https://wwwn.cdc.gov/Nchs/Data/Nhanes/Public/2003/DataFiles/L31PAH_C.xpt,https://wwwn.cdc.gov/Nchs/Data/Nhanes/Public/2003/DataFiles/L31PAH_C.htm,C:\Users\21634\Documents\Codex\2026-08-22\non\work\whynot17\work\nhanes_phase2a\environmental_xpt\2003-2004_L31PAH_C.xpt,URXP10,URDP10LC,WTSB2YR,urine,2515,2499,99.3638170974155,True,2001-2002,2017-2018,C402363,1-(1-propynyl)pyrene
2005-2006,2005,Polyaromatic Hydrocarbons (PAHs) - Urine,PAH_D.xpt,https://wwwn.cdc.gov/Nchs/Data/Nhanes/Public/2005/DataFiles/PAH_D.xpt,https://wwwn.cdc.gov/Nchs/Data/Nhanes/Public/2005/DataFiles/PAH_D.htm,C:\Users\21634\Documents\Codex\2026-08-22\non\work\whynot17\work\nhanes_phase2a\environmental_xpt\2005-2006_PAH_D.xpt,URXP10,URDP10LC,WTSB2YR,urine,2415,2411,99.8343685300207,True,2001-2002,2017-2018,C402363,1-(1-propynyl)pyrene
2007-2008,2007,Polyaromatic Hydrocarbons (PAHs) - Urine,PAH_E.xpt,https://wwwn.cdc.gov/Nchs/Data/Nhanes/Public/2007/DataFiles/PAH_E.xpt,https://wwwn.cdc.gov/Nchs/Data/Nhanes/Public/2007/DataFiles/PAH_E.htm,C:\Users\21634\Documents\Codex\2026-08-22\non\work\whynot17\work\nhanes_phase2a\environmental_xpt\2007-2008_PAH_E.xpt,URXP10,URDP10LC,WTSB2YR,urine,2581,2569,99.5350639287098,True,2001-2002,2017-2018,C402363,1-(1-propynyl)pyrene
2009-2010,2009,Polyaromatic Hydrocarbons -Urine,PAH_F.xpt,https://wwwn.cdc.gov/Nchs/Data/Nhanes/Public/2009/DataFiles/PAH_F.xpt,https://wwwn.cdc.gov/Nchs/Data/Nhanes/Public/2009/DataFiles/PAH_F.htm,C:\Users\21634\Documents\Codex\2026-08-22\non\work\whynot17\work\nhanes_phase2a\environmental_xpt\2009-2010_PAH_F.xpt,URXP10,URDP10LC,WTSB2YR,urine,2746,2729,99.3809176984705,True,2001-2002,2017-2018,C402363,1-(1-propynyl)pyrene
2011-2012,2011,Polyaromatic Hydrocarbons (PAHs) - Urine,PAH_G.xpt,https://wwwn.cdc.gov/Nchs/Data/Nhanes/Public/2011/DataFiles/PAH_G.xpt,https://wwwn.cdc.gov/Nchs/Data/Nhanes/Public/2011/DataFiles/PAH_G.htm,C:\Users\21634\Documents\Codex\2026-08-22\non\work\whynot17\work\nhanes_phase2a\environmental_xpt\2011-2012_PAH_G.xpt,URXP10,URDP10LC,WTSA2YR,urine,2487,2458,98.83393646964214,True,2001-2002,2017-2018,C402363,1-(1-propynyl)pyrene
2013-2014,2013,Polycyclic Aromatic Hydrocarbons (PAH) - Urine,PAH_H.xpt,https://wwwn.cdc.gov/Nchs/Data/Nhanes/Public/2013/DataFiles/PAH_H.xpt,https://wwwn.cdc.gov/Nchs/Data/Nhanes/Public/2013/DataFiles/PAH_H.htm,C:\Users\21634\Documents\Codex\2026-08-22\non\work\whynot17\work\nhanes_phase2a\environmental_xpt\2013-2014_PAH_H.xpt,URXP10,URDP10LC,WTSA2YR,urine,2650,2024,76.37735849056604,True,2001-2002,2017-2018,C402363,1-(1-propynyl)pyrene
2015-2016,2015,Polycyclic Aromatic Hydrocarbons (PAH) - Urine,PAH_I.xpt,https://wwwn.cdc.gov/Nchs/Data/Nhanes/Public/2015/DataFiles/PAH_I.xpt,https://wwwn.cdc.gov/Nchs/Data/Nhanes/Public/2015/DataFiles/PAH_I.htm,C:\Users\21634\Documents\Codex\2026-08-22\non\work\whynot17\work\nhanes_phase2a\environmental_xpt\2015-2016_PAH_I.xpt,URXP10,URDP10LC,WTSA2YR,urine,3036,2123,69.92753623188406,True,2001-2002,2017-2018,C402363,1-(1-propynyl)pyrene
2017-2018,2017,Polycyclic Aromatic Hydrocarbons (PAH) - Urine,PAH_J.xpt,https://wwwn.cdc.gov/Nchs/Data/Nhanes/Public/2017/DataFiles/PAH_J.xpt,https://wwwn.cdc.gov/Nchs/Data/Nhanes/Public/2017/DataFiles/PAH_J.htm,C:\Users\21634\Documents\Codex\2026-08-22\non\work\whynot17\work\nhanes_phase2a\environmental_xpt\2017-2018_PAH_J.xpt,URXP10,URDP10LC,WTSA2YR,urine,2775,1671,60.21621621621622,True,2001-2002,2017-2018,C402363,1-(1-propynyl)pyrene
2001-2002,2001,"Phthalates, Phytoestrogens & PAHs - Urine",PHPYPA_B.xpt,https://wwwn.cdc.gov/Nchs/Data/Nhanes/Public/2001/DataFiles/PHPYPA_B.xpt,https://wwwn.cdc.gov/Nchs/Data/Nhanes/Public/2001/DataFiles/PHPYPA_B.htm,C:\Users\21634\Documents\Codex\2026-08-22\non\work\whynot17\work\nhanes_phase2a\environmental_xpt\2001-2002_PHPYPA_B.xpt,URXP10,,WTSPH2YR,urine,2747,2747,100.0,True,2001-2002,2017-2018,C434863,corannulene
2003-2004,2003,Polyaromatic Hydrocarbons (PAHs) - Urine,L31PAH_C.xpt,https://wwwn.cdc.gov/Nchs/Data/Nhanes/Public/2003/DataFiles/L31PAH_C.xpt,https://wwwn.cdc.gov/Nchs/Data/Nhanes/Public/2003/DataFiles/L31PAH_C.htm,C:\Users\21634\Documents\Codex\2026-08-22\non\work\whynot17\work\nhanes_phase2a\environmental_xpt\2003-2004_L31PAH_C.xpt,URXP10,URDP10LC,WTSB2YR,urine,2515,2499,99.3638170974155,True,2001-2002,2017-2018,C434863,corannulene
2005-2006,2005,Polyaromatic Hydrocarbons (PAHs) - Urine,PAH_D.xpt,https://wwwn.cdc.gov/Nchs/Data/Nhanes/Public/2005/DataFiles/PAH_D.xpt,https://wwwn.cdc.gov/Nchs/Data/Nhanes/Public/2005/DataFiles/PAH_D.htm,C:\Users\21634\Documents\Codex\2026-08-22\non\work\whynot17\work\nhanes_phase2a\environmental_xpt\2005-2006_PAH_D.xpt,URXP10,URDP10LC,WTSB2YR,urine,2415,2411,99.8343685300207,True,2001-2002,2017-2018,C434863,corannulene
2007-2008,2007,Polyaromatic Hydrocarbons (PAHs) - Urine,PAH_E.xpt,https://wwwn.cdc.gov/Nchs/Data/Nhanes/Public/2007/DataFiles/PAH_E.xpt,https://wwwn.cdc.gov/Nchs/Data/Nhanes/Public/2007/DataFiles/PAH_E.htm,C:\Users\21634\Documents\Codex\2026-08-22\non\work\whynot17\work\nhanes_phase2a\environmental_xpt\2007-2008_PAH_E.xpt,URXP10,URDP10LC,WTSB2YR,urine,2581,2569,99.5350639287098,True,2001-2002,2017-2018,C434863,corannulene
2009-2010,2009,Polyaromatic Hydrocarbons -Urine,PAH_F.xpt,https://wwwn.cdc.gov/Nchs/Data/Nhanes/Public/2009/DataFiles/PAH_F.xpt,https://wwwn.cdc.gov/Nchs/Data/Nhanes/Public/2009/DataFiles/PAH_F.htm,C:\Users\21634\Documents\Codex\2026-08-22\non\work\whynot17\work\nhanes_phase2a\environmental_xpt\2009-2010_PAH_F.xpt,URXP10,URDP10LC,WTSB2YR,urine,2746,2729,99.3809176984705,True,2001-2002,2017-2018,C434863,corannulene
2011-2012,2011,Polyaromatic Hydrocarbons (PAHs) - Urine,PAH_G.xpt,https://wwwn.cdc.gov/Nchs/Data/Nhanes/Public/2011/DataFiles/PAH_G.xpt,https://wwwn.cdc.gov/Nchs/Data/Nhanes/Public/2011/DataFiles/PAH_G.htm,C:\Users\21634\Documents\Codex\2026-08-22\non\work\whynot17\work\nhanes_phase2a\environmental_xpt\2011-2012_PAH_G.xpt,URXP10,URDP10LC,WTSA2YR,urine,2487,2458,98.83393646964214,True,2001-2002,2017-2018,C434863,corannulene
2013-2014,2013,Polycyclic Aromatic Hydrocarbons (PAH) - Urine,PAH_H.xpt,https://wwwn.cdc.gov/Nchs/Data/Nhanes/Public/2013/DataFiles/PAH_H.xpt,https://wwwn.cdc.gov/Nchs/Data/Nhanes/Public/2013/DataFiles/PAH_H.htm,C:\Users\21634\Documents\Codex\2026-08-22\non\work\whynot17\work\nhanes_phase2a\environmental_xpt\2013-2014_PAH_H.xpt,URXP10,URDP10LC,WTSA2YR,urine,2650,2024,76.37735849056604,True,2001-2002,2017-2018,C434863,corannulene
2015-2016,2015,Polycyclic Aromatic Hydrocarbons (PAH) - Urine,PAH_I.xpt,https://wwwn.cdc.gov/Nchs/Data/Nhanes/Public/2015/DataFiles/PAH_I.xpt,https://wwwn.cdc.gov/Nchs/Data/Nhanes/Public/2015/DataFiles/PAH_I.htm,C:\Users\21634\Documents\Codex\2026-08-22\non\work\whynot17\work\nhanes_phase2a\environmental_xpt\2015-2016_PAH_I.xpt,URXP10,URDP10LC,WTSA2YR,urine,3036,2123,69.92753623188406,True,2001-2002,2017-2018,C434863,corannulene
2017-2018,2017,Polycyclic Aromatic Hydrocarbons (PAH) - Urine,PAH_J.xpt,https://wwwn.cdc.gov/Nchs/Data/Nhanes/Public/2017/DataFiles/PAH_J.xpt,https://wwwn.cdc.gov/Nchs/Data/Nhanes/Public/2017/DataFiles/PAH_J.htm,C:\Users\21634\Documents\Codex\2026-08-22\non\work\whynot17\work\nhanes_phase2a\environmental_xpt\2017-2018_PAH_J.xpt,URXP10,URDP10LC,WTSA2YR,urine,2775,1671,60.21621621621622,True,2001-2002,2017-2018,C434863,corannulene
2001-2002,2001,"Phthalates, Phytoestrogens & PAHs - Urine",PHPYPA_B.xpt,https://wwwn.cdc.gov/Nchs/Data/Nhanes/Public/2001/DataFiles/PHPYPA_B.xpt,https://wwwn.cdc.gov/Nchs/Data/Nhanes/Public/2001/DataFiles/PHPYPA_B.htm,C:\Users\21634\Documents\Codex\2026-08-22\non\work\whynot17\work\nhanes_phase2a\environmental_xpt\2001-2002_PHPYPA_B.xpt,URXP10,,WTSPH2YR,urine,2747,2747,100.0,True,2001-2002,2017-2018,C447880,retene
2003-2004,2003,Polyaromatic Hydrocarbons (PAHs) - Urine,L31PAH_C.xpt,https://wwwn.cdc.gov/Nchs/Data/Nhanes/Public/2003/DataFiles/L31PAH_C.xpt,https://wwwn.cdc.gov/Nchs/Data/Nhanes/Public/2003/DataFiles/L31PAH_C.htm,C:\Users\21634\Documents\Codex\2026-08-22\non\work\whynot17\work\nhanes_phase2a\environmental_xpt\2003-2004_L31PAH_C.xpt,URXP10,URDP10LC,WTSB2YR,urine,2515,2499,99.3638170974155,True,2001-2002,2017-2018,C447880,retene
2005-2006,2005,Polyaromatic Hydrocarbons (PAHs) - Urine,PAH_D.xpt,https://wwwn.cdc.gov/Nchs/Data/Nhanes/Public/2005/DataFiles/PAH_D.xpt,https://wwwn.cdc.gov/Nchs/Data/Nhanes/Public/2005/DataFiles/PAH_D.htm,C:\Users\21634\Documents\Codex\2026-08-22\non\work\whynot17\work\nhanes_phase2a\environmental_xpt\2005-2006_PAH_D.xpt,URXP10,URDP10LC,WTSB2YR,urine,2415,2411,99.8343685300207,True,2001-2002,2017-2018,C447880,retene
2007-2008,2007,Polyaromatic Hydrocarbons (PAHs) - Urine,PAH_E.xpt,https://wwwn.cdc.gov/Nchs/Data/Nhanes/Public/2007/DataFiles/PAH_E.xpt,https://wwwn.cdc.gov/Nchs/Data/Nhanes/Public/2007/DataFiles/PAH_E.htm,C:\Users\21634\Documents\Codex\2026-08-22\non\work\whynot17\work\nhanes_phase2a\environmental_xpt\2007-2008_PAH_E.xpt,URXP10,URDP10LC,WTSB2YR,urine,2581,2569,99.5350639287098,True,2001-2002,2017-2018,C447880,retene
2009-2010,2009,Polyaromatic Hydrocarbons -Urine,PAH_F.xpt,https://wwwn.cdc.gov/Nchs/Data/Nhanes/Public/2009/DataFiles/PAH_F.xpt,https://wwwn.cdc.gov/Nchs/Data/Nhanes/Public/2009/DataFiles/PAH_F.htm,C:\Users\21634\Documents\Codex\2026-08-22\non\work\whynot17\work\nhanes_phase2a\environmental_xpt\2009-2010_PAH_F.xpt,URXP10,URDP10LC,WTSB2YR,urine,2746,2729,99.3809176984705,True,2001-2002,2017-2018,C447880,retene
2011-2012,2011,Polyaromatic Hydrocarbons (PAHs) - Urine,PAH_G.xpt,https://wwwn.cdc.gov/Nchs/Data/Nhanes/Public/2011/DataFiles/PAH_G.xpt,https://wwwn.cdc.gov/Nchs/Data/Nhanes/Public/2011/DataFiles/PAH_G.htm,C:\Users\21634\Documents\Codex\2026-08-22\non\work\whynot17\work\nhanes_phase2a\environmental_xpt\2011-2012_PAH_G.xpt,URXP10,URDP10LC,WTSA2YR,urine,2487,2458,98.83393646964214,True,2001-2002,2017-2018,C447880,retene
2013-2014,2013,Polycyclic Aromatic Hydrocarbons (PAH) - Urine,PAH_H.xpt,https://wwwn.cdc.gov/Nchs/Data/Nhanes/Public/2013/DataFiles/PAH_H.xpt,https://wwwn.cdc.gov/Nchs/Data/Nhanes/Public/2013/DataFiles/PAH_H.htm,C:\Users\21634\Documents\Codex\2026-08-22\non\work\whynot17\work\nhanes_phase2a\environmental_xpt\2013-2014_PAH_H.xpt,URXP10,URDP10LC,WTSA2YR,urine,2650,2024,76.37735849056604,True,2001-2002,2017-2018,C447880,retene
2015-2016,2015,Polycyclic Aromatic Hydrocarbons (PAH) - Urine,PAH_I.xpt,https://wwwn.cdc.gov/Nchs/Data/Nhanes/Public/2015/DataFiles/PAH_I.xpt,https://wwwn.cdc.gov/Nchs/Data/Nhanes/Public/2015/DataFiles/PAH_I.htm,C:\Users\21634\Documents\Codex\2026-08-22\non\work\whynot17\work\nhanes_phase2a\environmental_xpt\2015-2016_PAH_I.xpt,URXP10,URDP10LC,WTSA2YR,urine,3036,2123,69.92753623188406,True,2001-2002,2017-2018,C447880,retene
2017-2018,2017,Polycyclic Aromatic Hydrocarbons (PAH) - Urine,PAH_J.xpt,https://wwwn.cdc.gov/Nchs/Data/Nhanes/Public/2017/DataFiles/PAH_J.xpt,https://wwwn.cdc.gov/Nchs/Data/Nhanes/Public/2017/DataFiles/PAH_J.htm,C:\Users\21634\Documents\Codex\2026-08-22\non\work\whynot17\work\nhanes_phase2a\environmental_xpt\2017-2018_PAH_J.xpt,URXP10,URDP10LC,WTSA2YR,urine,2775,1671,60.21621621621622,True,2001-2002,2017-2018,C447880,retene
2001-2002,2001,"Phthalates, Phytoestrogens & PAHs - Urine",PHPYPA_B.xpt,https://wwwn.cdc.gov/Nchs/Data/Nhanes/Public/2001/DataFiles/PHPYPA_B.xpt,https://wwwn.cdc.gov/Nchs/Data/Nhanes/Public/2001/DataFiles/PHPYPA_B.htm,C:\Users\21634\Documents\Codex\2026-08-22\non\work\whynot17\work\nhanes_phase2a\environmental_xpt\2001-2002_PHPYPA_B.xpt,URXP02,,WTSPH2YR,urine,2748,2748,100.0,True,2001-2002,2015-2016,C466921,"1,6-dimethylnaphthalene"
2003-2004,2003,Polyaromatic Hydrocarbons (PAHs) - Urine,L31PAH_C.xpt,https://wwwn.cdc.gov/Nchs/Data/Nhanes/Public/2003/DataFiles/L31PAH_C.xpt,https://wwwn.cdc.gov/Nchs/Data/Nhanes/Public/2003/DataFiles/L31PAH_C.htm,C:\Users\21634\Documents\Codex\2026-08-22\non\work\whynot17\work\nhanes_phase2a\environmental_xpt\2003-2004_L31PAH_C.xpt,URXP02,URDP02LC,WTSB2YR,urine,2575,2575,100.0,True,2001-2002,2015-2016,C466921,"1,6-dimethylnaphthalene"
2005-2006,2005,Polyaromatic Hydrocarbons (PAHs) - Urine,PAH_D.xpt,https://wwwn.cdc.gov/Nchs/Data/Nhanes/Public/2005/DataFiles/PAH_D.xpt,https://wwwn.cdc.gov/Nchs/Data/Nhanes/Public/2005/DataFiles/PAH_D.htm,C:\Users\21634\Documents\Codex\2026-08-22\non\work\whynot17\work\nhanes_phase2a\environmental_xpt\2005-2006_PAH_D.xpt,URXP02,URDP02LC,WTSB2YR,urine,2446,2445,99.95911692559281,True,2001-2002,2015-2016,C466921,"1,6-dimethylnaphthalene"
2007-2008,2007,Polyaromatic Hydrocarbons (PAHs) - Urine,PAH_E.xpt,https://wwwn.cdc.gov/Nchs/Data/Nhanes/Public/2007/DataFiles/PAH_E.xpt,https://wwwn.cdc.gov/Nchs/Data/Nhanes/Public/2007/DataFiles/PAH_E.htm,C:\Users\21634\Documents\Codex\2026-08-22\non\work\whynot17\work\nhanes_phase2a\environmental_xpt\2007-2008_PAH_E.xpt,URXP02,URDP02LC,WTSB2YR,urine,2531,2530,99.96048992493085,True,2001-2002,2015-2016,C466921,"1,6-dimethylnaphthalene"
2009-2010,2009,Polyaromatic Hydrocarbons -Urine,PAH_F.xpt,https://wwwn.cdc.gov/Nchs/Data/Nhanes/Public/2009/DataFiles/PAH_F.xpt,https://wwwn.cdc.gov/Nchs/Data/Nhanes/Public/2009/DataFiles/PAH_F.htm,C:\Users\21634\Documents\Codex\2026-08-22\non\work\whynot17\work\nhanes_phase2a\environmental_xpt\2009-2010_PAH_F.xpt,URXP02,URDP02LC,WTSB2YR,urine,2747,2747,100.0,True,2001-2002,2015-2016,C466921,"1,6-dimethylnaphthalene"
2011-2012,2011,Polyaromatic Hydrocarbons (PAHs) - Urine,PAH_G.xpt,https://wwwn.cdc.gov/Nchs/Data/Nhanes/Public/2011/DataFiles/PAH_G.xpt,https://wwwn.cdc.gov/Nchs/Data/Nhanes/Public/2011/DataFiles/PAH_G.htm,C:\Users\21634\Documents\Codex\2026-08-22\non\work\whynot17\work\nhanes_phase2a\environmental_xpt\2011-2012_PAH_G.xpt,URXP02,URDP02LC,WTSA2YR,urine,2492,2492,100.0,True,2001-2002,2015-2016,C466921,"1,6-dimethylnaphthalene"
2013-2014,2013,Polycyclic Aromatic Hydrocarbons (PAH) - Urine,PAH_H.xpt,https://wwwn.cdc.gov/Nchs/Data/Nhanes/Public/2013/DataFiles/PAH_H.xpt,https://wwwn.cdc.gov/Nchs/Data/Nhanes/Public/2013/DataFiles/PAH_H.htm,C:\Users\21634\Documents\Codex\2026-08-22\non\work\whynot17\work\nhanes_phase2a\environmental_xpt\2013-2014_PAH_H.xpt,URXP02,URDP02LC,WTSA2YR,urine,2641,2641,100.0,True,2001-2002,2015-2016,C466921,"1,6-dimethylnaphthalene"
2015-2016,2015,Polycyclic Aromatic Hydrocarbons (PAH) - Urine,PAH_I.xpt,https://wwwn.cdc.gov/Nchs/Data/Nhanes/Public/2015/DataFiles/PAH_I.xpt,https://wwwn.cdc.gov/Nchs/Data/Nhanes/Public/2015/DataFiles/PAH_I.htm,C:\Users\21634\Documents\Codex\2026-08-22\non\work\whynot17\work\nhanes_phase2a\environmental_xpt\2015-2016_PAH_I.xpt,URXP02,URDP02LC,WTSA2YR,urine,2986,2986,100.0,True,2001-2002,2015-2016,C466921,"1,6-dimethylnaphthalene"
2001-2002,2001,"Phthalates, Phytoestrogens & PAHs - Urine",PHPYPA_B.xpt,https://wwwn.cdc.gov/Nchs/Data/Nhanes/Public/2001/DataFiles/PHPYPA_B.xpt,https://wwwn.cdc.gov/Nchs/Data/Nhanes/Public/2001/DataFiles/PHPYPA_B.htm,C:\Users\21634\Documents\Codex\2026-08-22\non\work\whynot17\work\nhanes_phase2a\environmental_xpt\2001-2002_PHPYPA_B.xpt,URXP10,,WTSPH2YR,urine,2747,2747,100.0,True,2001-2002,2017-2018,C501268,"naphtho(2,3-a)pyrene"
2003-2004,2003,Polyaromatic Hydrocarbons (PAHs) - Urine,L31PAH_C.xpt,https://wwwn.cdc.gov/Nchs/Data/Nhanes/Public/2003/DataFiles/L31PAH_C.xpt,https://wwwn.cdc.gov/Nchs/Data/Nhanes/Public/2003/DataFiles/L31PAH_C.htm,C:\Users\21634\Documents\Codex\2026-08-22\non\work\whynot17\work\nhanes_phase2a\environmental_xpt\2003-2004_L31PAH_C.xpt,URXP10,URDP10LC,WTSB2YR,urine,2515,2499,99.3638170974155,True,2001-2002,2017-2018,C501268,"naphtho(2,3-a)pyrene"
2005-2006,2005,Polyaromatic Hydrocarbons (PAHs) - Urine,PAH_D.xpt,https://wwwn.cdc.gov/Nchs/Data/Nhanes/Public/2005/DataFiles/PAH_D.xpt,https://wwwn.cdc.gov/Nchs/Data/Nhanes/Public/2005/DataFiles/PAH_D.htm,C:\Users\21634\Documents\Codex\2026-08-22\non\work\whynot17\work\nhanes_phase2a\environmental_xpt\2005-2006_PAH_D.xpt,URXP10,URDP10LC,WTSB2YR,urine,2415,2411,99.8343685300207,True,2001-2002,2017-2018,C501268,"naphtho(2,3-a)pyrene"
2007-2008,2007,Polyaromatic Hydrocarbons (PAHs) - Urine,PAH_E.xpt,https://wwwn.cdc.gov/Nchs/Data/Nhanes/Public/2007/DataFiles/PAH_E.xpt,https://wwwn.cdc.gov/Nchs/Data/Nhanes/Public/2007/DataFiles/PAH_E.htm,C:\Users\21634\Documents\Codex\2026-08-22\non\work\whynot17\work\nhanes_phase2a\environmental_xpt\2007-2008_PAH_E.xpt,URXP10,URDP10LC,WTSB2YR,urine,2581,2569,99.5350639287098,True,2001-2002,2017-2018,C501268,"naphtho(2,3-a)pyrene"
2009-2010,2009,Polyaromatic Hydrocarbons -Urine,PAH_F.xpt,https://wwwn.cdc.gov/Nchs/Data/Nhanes/Public/2009/DataFiles/PAH_F.xpt,https://wwwn.cdc.gov/Nchs/Data/Nhanes/Public/2009/DataFiles/PAH_F.htm,C:\Users\21634\Documents\Codex\2026-08-22\non\work\whynot17\work\nhanes_phase2a\environmental_xpt\2009-2010_PAH_F.xpt,URXP10,URDP10LC,WTSB2YR,urine,2746,2729,99.3809176984705,True,2001-2002,2017-2018,C501268,"naphtho(2,3-a)pyrene"
2011-2012,2011,Polyaromatic Hydrocarbons (PAHs) - Urine,PAH_G.xpt,https://wwwn.cdc.gov/Nchs/Data/Nhanes/Public/2011/DataFiles/PAH_G.xpt,https://wwwn.cdc.gov/Nchs/Data/Nhanes/Public/2011/DataFiles/PAH_G.htm,C:\Users\21634\Documents\Codex\2026-08-22\non\work\whynot17\work\nhanes_phase2a\environmental_xpt\2011-2012_PAH_G.xpt,URXP10,URDP10LC,WTSA2YR,urine,2487,2458,98.83393646964214,True,2001-2002,2017-2018,C501268,"naphtho(2,3-a)pyrene"
2013-2014,2013,Polycyclic Aromatic Hydrocarbons (PAH) - Urine,PAH_H.xpt,https://wwwn.cdc.gov/Nchs/Data/Nhanes/Public/2013/DataFiles/PAH_H.xpt,https://wwwn.cdc.gov/Nchs/Data/Nhanes/Public/2013/DataFiles/PAH_H.htm,C:\Users\21634\Documents\Codex\2026-08-22\non\work\whynot17\work\nhanes_phase2a\environmental_xpt\2013-2014_PAH_H.xpt,URXP10,URDP10LC,WTSA2YR,urine,2650,2024,76.37735849056604,True,2001-2002,2017-2018,C501268,"naphtho(2,3-a)pyrene"
2015-2016,2015,Polycyclic Aromatic Hydrocarbons (PAH) - Urine,PAH_I.xpt,https://wwwn.cdc.gov/Nchs/Data/Nhanes/Public/2015/DataFiles/PAH_I.xpt,https://wwwn.cdc.gov/Nchs/Data/Nhanes/Public/2015/DataFiles/PAH_I.htm,C:\Users\21634\Documents\Codex\2026-08-22\non\work\whynot17\work\nhanes_phase2a\environmental_xpt\2015-2016_PAH_I.xpt,URXP10,URDP10LC,WTSA2YR,urine,3036,2123,69.92753623188406,True,2001-2002,2017-2018,C501268,"naphtho(2,3-a)pyrene"
2017-2018,2017,Polycyclic Aromatic Hydrocarbons (PAH) - Urine,PAH_J.xpt,https://wwwn.cdc.gov/Nchs/Data/Nhanes/Public/2017/DataFiles/PAH_J.xpt,https://wwwn.cdc.gov/Nchs/Data/Nhanes/Public/2017/DataFiles/PAH_J.htm,C:\Users\21634\Documents\Codex\2026-08-22\non\work\whynot17\work\nhanes_phase2a\environmental_xpt\2017-2018_PAH_J.xpt,URXP10,URDP10LC,WTSA2YR,urine,2775,1671,60.21621621621622,True,2001-2002,2017-2018,C501268,"naphtho(2,3-a)pyrene"
2003-2004,2003,Environmental Phenols,L24EPH_C.xpt,https://wwwn.cdc.gov/Nchs/Data/Nhanes/Public/2003/DataFiles/L24EPH_C.xpt,https://wwwn.cdc.gov/Nchs/Data/Nhanes/Public/2003/DataFiles/L24EPH_C.htm,C:\Users\21634\Documents\Codex\2026-08-22\non\work\whynot17\work\nhanes_phase2a\environmental_xpt\2003-2004_L24EPH_C.xpt,URXBPH,URDBPHLC,WTSC2YR,urine,2517,2353,93.48430671434247,True,2003-2004,2011-2012,C512161,bisphenol A glucuronide
2005-2006,2005,Environmental Phenols & Parabens,EPH_D.xpt,https://wwwn.cdc.gov/Nchs/Data/Nhanes/Public/2005/DataFiles/EPH_D.xpt,https://wwwn.cdc.gov/Nchs/Data/Nhanes/Public/2005/DataFiles/EPH_D.htm,C:\Users\21634\Documents\Codex\2026-08-22\non\work\whynot17\work\nhanes_phase2a\environmental_xpt\2005-2006_EPH_D.xpt,URXBPH,URDBPHLC,WTSB2YR,urine,2548,2366,92.85714285714286,True,2003-2004,2011-2012,C512161,bisphenol A glucuronide
2007-2008,2007,Environmental Phenols,EPH_E.xpt,https://wwwn.cdc.gov/Nchs/Data/Nhanes/Public/2007/DataFiles/EPH_E.xpt,https://wwwn.cdc.gov/Nchs/Data/Nhanes/Public/2007/DataFiles/EPH_E.htm,C:\Users\21634\Documents\Codex\2026-08-22\non\work\whynot17\work\nhanes_phase2a\environmental_xpt\2007-2008_EPH_E.xpt,URXBPH,URDBPHLC,WTSB2YR,urine,2604,2438,93.62519201228879,True,2003-2004,2011-2012,C512161,bisphenol A glucuronide
2009-2010,2009,Environmental Phenols,EPH_F.xpt,https://wwwn.cdc.gov/Nchs/Data/Nhanes/Public/2009/DataFiles/EPH_F.xpt,https://wwwn.cdc.gov/Nchs/Data/Nhanes/Public/2009/DataFiles/EPH_F.htm,C:\Users\21634\Documents\Codex\2026-08-22\non\work\whynot17\work\nhanes_phase2a\environmental_xpt\2009-2010_EPH_F.xpt,URXBPH,URDBPHLC,WTSB2YR,urine,2749,2528,91.96071298654056,True,2003-2004,2011-2012,C512161,bisphenol A glucuronide
2011-2012,2011,Environmental Phenols & Parabens,EPH_G.xpt,https://wwwn.cdc.gov/Nchs/Data/Nhanes/Public/2011/DataFiles/EPH_G.xpt,https://wwwn.cdc.gov/Nchs/Data/Nhanes/Public/2011/DataFiles/EPH_G.htm,C:\Users\21634\Documents\Codex\2026-08-22\non\work\whynot17\work\nhanes_phase2a\environmental_xpt\2011-2012_EPH_G.xpt,URXBPH,URDBPHLC,WTSA2YR,urine,2489,2233,89.71474487746083,True,2003-2004,2011-2012,C512161,bisphenol A glucuronide
2001-2002,2001,"Phthalates, Phytoestrogens & PAHs - Urine",PHPYPA_B.xpt,https://wwwn.cdc.gov/Nchs/Data/Nhanes/Public/2001/DataFiles/PHPYPA_B.xpt,https://wwwn.cdc.gov/Nchs/Data/Nhanes/Public/2001/DataFiles/PHPYPA_B.htm,C:\Users\21634\Documents\Codex\2026-08-22\non\work\whynot17\work\nhanes_phase2a\environmental_xpt\2001-2002_PHPYPA_B.xpt,URXP10,,WTSPH2YR,urine,2747,2747,100.0,True,2001-2002,2017-2018,C522458,"2-hydroxy-4-(2,2,3,3,3-pentafluoropropoxy)benzoic acid"
2003-2004,2003,Polyaromatic Hydrocarbons (PAHs) - Urine,L31PAH_C.xpt,https://wwwn.cdc.gov/Nchs/Data/Nhanes/Public/2003/DataFiles/L31PAH_C.xpt,https://wwwn.cdc.gov/Nchs/Data/Nhanes/Public/2003/DataFiles/L31PAH_C.htm,C:\Users\21634\Documents\Codex\2026-08-22\non\work\whynot17\work\nhanes_phase2a\environmental_xpt\2003-2004_L31PAH_C.xpt,URXP10,URDP10LC,WTSB2YR,urine,2515,2499,99.3638170974155,True,2001-2002,2017-2018,C522458,"2-hydroxy-4-(2,2,3,3,3-pentafluoropropoxy)benzoic acid"
2005-2006,2005,Polyaromatic Hydrocarbons (PAHs) - Urine,PAH_D.xpt,https://wwwn.cdc.gov/Nchs/Data/Nhanes/Public/2005/DataFiles/PAH_D.xpt,https://wwwn.cdc.gov/Nchs/Data/Nhanes/Public/2005/DataFiles/PAH_D.htm,C:\Users\21634\Documents\Codex\2026-08-22\non\work\whynot17\work\nhanes_phase2a\environmental_xpt\2005-2006_PAH_D.xpt,URXP10,URDP10LC,WTSB2YR,urine,2415,2411,99.8343685300207,True,2001-2002,2017-2018,C522458,"2-hydroxy-4-(2,2,3,3,3-pentafluoropropoxy)benzoic acid"
2007-2008,2007,Polyaromatic Hydrocarbons (PAHs) - Urine,PAH_E.xpt,https://wwwn.cdc.gov/Nchs/Data/Nhanes/Public/2007/DataFiles/PAH_E.xpt,https://wwwn.cdc.gov/Nchs/Data/Nhanes/Public/2007/DataFiles/PAH_E.htm,C:\Users\21634\Documents\Codex\2026-08-22\non\work\whynot17\work\nhanes_phase2a\environmental_xpt\2007-2008_PAH_E.xpt,URXP10,URDP10LC,WTSB2YR,urine,2581,2569,99.5350639287098,True,2001-2002,2017-2018,C522458,"2-hydroxy-4-(2,2,3,3,3-pentafluoropropoxy)benzoic acid"
2009-2010,2009,Polyaromatic Hydrocarbons -Urine,PAH_F.xpt,https://wwwn.cdc.gov/Nchs/Data/Nhanes/Public/2009/DataFiles/PAH_F.xpt,https://wwwn.cdc.gov/Nchs/Data/Nhanes/Public/2009/DataFiles/PAH_F.htm,C:\Users\21634\Documents\Codex\2026-08-22\non\work\whynot17\work\nhanes_phase2a\environmental_xpt\2009-2010_PAH_F.xpt,URXP10,URDP10LC,WTSB2YR,urine,2746,2729,99.3809176984705,True,2001-2002,2017-2018,C522458,"2-hydroxy-4-(2,2,3,3,3-pentafluoropropoxy)benzoic acid"
2011-2012,2011,Polyaromatic Hydrocarbons (PAHs) - Urine,PAH_G.xpt,https://wwwn.cdc.gov/Nchs/Data/Nhanes/Public/2011/DataFiles/PAH_G.xpt,https://wwwn.cdc.gov/Nchs/Data/Nhanes/Public/2011/DataFiles/PAH_G.htm,C:\Users\21634\Documents\Codex\2026-08-22\non\work\whynot17\work\nhanes_phase2a\environmental_xpt\2011-2012_PAH_G.xpt,URXP10,URDP10LC,WTSA2YR,urine,2487,2458,98.83393646964214,True,2001-2002,2017-2018,C522458,"2-hydroxy-4-(2,2,3,3,3-pentafluoropropoxy)benzoic acid"
2013-2014,2013,Polycyclic Aromatic Hydrocarbons (PAH) - Urine,PAH_H.xpt,https://wwwn.cdc.gov/Nchs/Data/Nhanes/Public/2013/DataFiles/PAH_H.xpt,https://wwwn.cdc.gov/Nchs/Data/Nhanes/Public/2013/DataFiles/PAH_H.htm,C:\Users\21634\Documents\Codex\2026-08-22\non\work\whynot17\work\nhanes_phase2a\environmental_xpt\2013-2014_PAH_H.xpt,URXP10,URDP10LC,WTSA2YR,urine,2650,2024,76.37735849056604,True,2001-2002,2017-2018,C522458,"2-hydroxy-4-(2,2,3,3,3-pentafluoropropoxy)benzoic acid"
2015-2016,2015,Polycyclic Aromatic Hydrocarbons (PAH) - Urine,PAH_I.xpt,https://wwwn.cdc.gov/Nchs/Data/Nhanes/Public/2015/DataFiles/PAH_I.xpt,https://wwwn.cdc.gov/Nchs/Data/Nhanes/Public/2015/DataFiles/PAH_I.htm,C:\Users\21634\Documents\Codex\2026-08-22\non\work\whynot17\work\nhanes_phase2a\environmental_xpt\2015-2016_PAH_I.xpt,URXP10,URDP10LC,WTSA2YR,urine,3036,2123,69.92753623188406,True,2001-2002,2017-2018,C522458,"2-hydroxy-4-(2,2,3,3,3-pentafluoropropoxy)benzoic acid"
2017-2018,2017,Polycyclic Aromatic Hydrocarbons (PAH) - Urine,PAH_J.xpt,https://wwwn.cdc.gov/Nchs/Data/Nhanes/Public/2017/DataFiles/PAH_J.xpt,https://wwwn.cdc.gov/Nchs/Data/Nhanes/Public/2017/DataFiles/PAH_J.htm,C:\Users\21634\Documents\Codex\2026-08-22\non\work\whynot17\work\nhanes_phase2a\environmental_xpt\2017-2018_PAH_J.xpt,URXP10,URDP10LC,WTSA2YR,urine,2775,1671,60.21621621621622,True,2001-2002,2017-2018,C522458,"2-hydroxy-4-(2,2,3,3,3-pentafluoropropoxy)benzoic acid"
2001-2002,2001,"Phthalates, Phytoestrogens & PAHs - Urine",PHPYPA_B.xpt,https://wwwn.cdc.gov/Nchs/Data/Nhanes/Public/2001/DataFiles/PHPYPA_B.xpt,https://wwwn.cdc.gov/Nchs/Data/Nhanes/Public/2001/DataFiles/PHPYPA_B.htm,C:\Users\21634\Documents\Codex\2026-08-22\non\work\whynot17\work\nhanes_phase2a\environmental_xpt\2001-2002_PHPYPA_B.xpt,URXP10,,WTSPH2YR,urine,2747,2747,100.0,True,2001-2002,2017-2018,C529617,3-methylchrysene
2003-2004,2003,Polyaromatic Hydrocarbons (PAHs) - Urine,L31PAH_C.xpt,https://wwwn.cdc.gov/Nchs/Data/Nhanes/Public/2003/DataFiles/L31PAH_C.xpt,https://wwwn.cdc.gov/Nchs/Data/Nhanes/Public/2003/DataFiles/L31PAH_C.htm,C:\Users\21634\Documents\Codex\2026-08-22\non\work\whynot17\work\nhanes_phase2a\environmental_xpt\2003-2004_L31PAH_C.xpt,URXP10,URDP10LC,WTSB2YR,urine,2515,2499,99.3638170974155,True,2001-2002,2017-2018,C529617,3-methylchrysene
2005-2006,2005,Polyaromatic Hydrocarbons (PAHs) - Urine,PAH_D.xpt,https://wwwn.cdc.gov/Nchs/Data/Nhanes/Public/2005/DataFiles/PAH_D.xpt,https://wwwn.cdc.gov/Nchs/Data/Nhanes/Public/2005/DataFiles/PAH_D.htm,C:\Users\21634\Documents\Codex\2026-08-22\non\work\whynot17\work\nhanes_phase2a\environmental_xpt\2005-2006_PAH_D.xpt,URXP10,URDP10LC,WTSB2YR,urine,2415,2411,99.8343685300207,True,2001-2002,2017-2018,C529617,3-methylchrysene
2007-2008,2007,Polyaromatic Hydrocarbons (PAHs) - Urine,PAH_E.xpt,https://wwwn.cdc.gov/Nchs/Data/Nhanes/Public/2007/DataFiles/PAH_E.xpt,https://wwwn.cdc.gov/Nchs/Data/Nhanes/Public/2007/DataFiles/PAH_E.htm,C:\Users\21634\Documents\Codex\2026-08-22\non\work\whynot17\work\nhanes_phase2a\environmental_xpt\2007-2008_PAH_E.xpt,URXP10,URDP10LC,WTSB2YR,urine,2581,2569,99.5350639287098,True,2001-2002,2017-2018,C529617,3-methylchrysene
2009-2010,2009,Polyaromatic Hydrocarbons -Urine,PAH_F.xpt,https://wwwn.cdc.gov/Nchs/Data/Nhanes/Public/2009/DataFiles/PAH_F.xpt,https://wwwn.cdc.gov/Nchs/Data/Nhanes/Public/2009/DataFiles/PAH_F.htm,C:\Users\21634\Documents\Codex\2026-08-22\non\work\whynot17\work\nhanes_phase2a\environmental_xpt\2009-2010_PAH_F.xpt,URXP10,URDP10LC,WTSB2YR,urine,2746,2729,99.3809176984705,True,2001-2002,2017-2018,C529617,3-methylchrysene
2011-2012,2011,Polyaromatic Hydrocarbons (PAHs) - Urine,PAH_G.xpt,https://wwwn.cdc.gov/Nchs/Data/Nhanes/Public/2011/DataFiles/PAH_G.xpt,https://wwwn.cdc.gov/Nchs/Data/Nhanes/Public/2011/DataFiles/PAH_G.htm,C:\Users\21634\Documents\Codex\2026-08-22\non\work\whynot17\work\nhanes_phase2a\environmental_xpt\2011-2012_PAH_G.xpt,URXP10,URDP10LC,WTSA2YR,urine,2487,2458,98.83393646964214,True,2001-2002,2017-2018,C529617,3-methylchrysene
2013-2014,2013,Polycyclic Aromatic Hydrocarbons (PAH) - Urine,PAH_H.xpt,https://wwwn.cdc.gov/Nchs/Data/Nhanes/Public/2013/DataFiles/PAH_H.xpt,https://wwwn.cdc.gov/Nchs/Data/Nhanes/Public/2013/DataFiles/PAH_H.htm,C:\Users\21634\Documents\Codex\2026-08-22\non\work\whynot17\work\nhanes_phase2a\environmental_xpt\2013-2014_PAH_H.xpt,URXP10,URDP10LC,WTSA2YR,urine,2650,2024,76.37735849056604,True,2001-2002,2017-2018,C529617,3-methylchrysene
2015-2016,2015,Polycyclic Aromatic Hydrocarbons (PAH) - Urine,PAH_I.xpt,https://wwwn.cdc.gov/Nchs/Data/Nhanes/Public/2015/DataFiles/PAH_I.xpt,https://wwwn.cdc.gov/Nchs/Data/Nhanes/Public/2015/DataFiles/PAH_I.htm,C:\Users\21634\Documents\Codex\2026-08-22\non\work\whynot17\work\nhanes_phase2a\environmental_xpt\2015-2016_PAH_I.xpt,URXP10,URDP10LC,WTSA2YR,urine,3036,2123,69.92753623188406,True,2001-2002,2017-2018,C529617,3-methylchrysene
2017-2018,2017,Polycyclic Aromatic Hydrocarbons (PAH) - Urine,PAH_J.xpt,https://wwwn.cdc.gov/Nchs/Data/Nhanes/Public/2017/DataFiles/PAH_J.xpt,https://wwwn.cdc.gov/Nchs/Data/Nhanes/Public/2017/DataFiles/PAH_J.htm,C:\Users\21634\Documents\Codex\2026-08-22\non\work\whynot17\work\nhanes_phase2a\environmental_xpt\2017-2018_PAH_J.xpt,URXP10,URDP10LC,WTSA2YR,urine,2775,1671,60.21621621621622,True,2001-2002,2017-2018,C529617,3-methylchrysene
2001-2002,2001,"Phthalates, Phytoestrogens & PAHs - Urine",PHPYPA_B.xpt,https://wwwn.cdc.gov/Nchs/Data/Nhanes/Public/2001/DataFiles/PHPYPA_B.xpt,https://wwwn.cdc.gov/Nchs/Data/Nhanes/Public/2001/DataFiles/PHPYPA_B.htm,C:\Users\21634\Documents\Codex\2026-08-22\non\work\whynot17\work\nhanes_phase2a\environmental_xpt\2001-2002_PHPYPA_B.xpt,URXP10,,WTSPH2YR,urine,2747,2747,100.0,True,2001-2002,2017-2018,C529618,4-methylchrysene
2003-2004,2003,Polyaromatic Hydrocarbons (PAHs) - Urine,L31PAH_C.xpt,https://wwwn.cdc.gov/Nchs/Data/Nhanes/Public/2003/DataFiles/L31PAH_C.xpt,https://wwwn.cdc.gov/Nchs/Data/Nhanes/Public/2003/DataFiles/L31PAH_C.htm,C:\Users\21634\Documents\Codex\2026-08-22\non\work\whynot17\work\nhanes_phase2a\environmental_xpt\2003-2004_L31PAH_C.xpt,URXP10,URDP10LC,WTSB2YR,urine,2515,2499,99.3638170974155,True,2001-2002,2017-2018,C529618,4-methylchrysene
2005-2006,2005,Polyaromatic Hydrocarbons (PAHs) - Urine,PAH_D.xpt,https://wwwn.cdc.gov/Nchs/Data/Nhanes/Public/2005/DataFiles/PAH_D.xpt,https://wwwn.cdc.gov/Nchs/Data/Nhanes/Public/2005/DataFiles/PAH_D.htm,C:\Users\21634\Documents\Codex\2026-08-22\non\work\whynot17\work\nhanes_phase2a\environmental_xpt\2005-2006_PAH_D.xpt,URXP10,URDP10LC,WTSB2YR,urine,2415,2411,99.8343685300207,True,2001-2002,2017-2018,C529618,4-methylchrysene
2007-2008,2007,Polyaromatic Hydrocarbons (PAHs) - Urine,PAH_E.xpt,https://wwwn.cdc.gov/Nchs/Data/Nhanes/Public/2007/DataFiles/PAH_E.xpt,https://wwwn.cdc.gov/Nchs/Data/Nhanes/Public/2007/DataFiles/PAH_E.htm,C:\Users\21634\Documents\Codex\2026-08-22\non\work\whynot17\work\nhanes_phase2a\environmental_xpt\2007-2008_PAH_E.xpt,URXP10,URDP10LC,WTSB2YR,urine,2581,2569,99.5350639287098,True,2001-2002,2017-2018,C529618,4-methylchrysene
2009-2010,2009,Polyaromatic Hydrocarbons -Urine,PAH_F.xpt,https://wwwn.cdc.gov/Nchs/Data/Nhanes/Public/2009/DataFiles/PAH_F.xpt,https://wwwn.cdc.gov/Nchs/Data/Nhanes/Public/2009/DataFiles/PAH_F.htm,C:\Users\21634\Documents\Codex\2026-08-22\non\work\whynot17\work\nhanes_phase2a\environmental_xpt\2009-2010_PAH_F.xpt,URXP10,URDP10LC,WTSB2YR,urine,2746,2729,99.3809176984705,True,2001-2002,2017-2018,C529618,4-methylchrysene
2011-2012,2011,Polyaromatic Hydrocarbons (PAHs) - Urine,PAH_G.xpt,https://wwwn.cdc.gov/Nchs/Data/Nhanes/Public/2011/DataFiles/PAH_G.xpt,https://wwwn.cdc.gov/Nchs/Data/Nhanes/Public/2011/DataFiles/PAH_G.htm,C:\Users\21634\Documents\Codex\2026-08-22\non\work\whynot17\work\nhanes_phase2a\environmental_xpt\2011-2012_PAH_G.xpt,URXP10,URDP10LC,WTSA2YR,urine,2487,2458,98.83393646964214,True,2001-2002,2017-2018,C529618,4-methylchrysene
2013-2014,2013,Polycyclic Aromatic Hydrocarbons (PAH) - Urine,PAH_H.xpt,https://wwwn.cdc.gov/Nchs/Data/Nhanes/Public/2013/DataFiles/PAH_H.xpt,https://wwwn.cdc.gov/Nchs/Data/Nhanes/Public/2013/DataFiles/PAH_H.htm,C:\Users\21634\Documents\Codex\2026-08-22\non\work\whynot17\work\nhanes_phase2a\environmental_xpt\2013-2014_PAH_H.xpt,URXP10,URDP10LC,WTSA2YR,urine,2650,2024,76.37735849056604,True,2001-2002,2017-2018,C529618,4-methylchrysene
2015-2016,2015,Polycyclic Aromatic Hydrocarbons (PAH) - Urine,PAH_I.xpt,https://wwwn.cdc.gov/Nchs/Data/Nhanes/Public/2015/DataFiles/PAH_I.xpt,https://wwwn.cdc.gov/Nchs/Data/Nhanes/Public/2015/DataFiles/PAH_I.htm,C:\Users\21634\Documents\Codex\2026-08-22\non\work\whynot17\work\nhanes_phase2a\environmental_xpt\2015-2016_PAH_I.xpt,URXP10,URDP10LC,WTSA2YR,urine,3036,2123,69.92753623188406,True,2001-2002,2017-2018,C529618,4-methylchrysene
2017-2018,2017,Polycyclic Aromatic Hydrocarbons (PAH) - Urine,PAH_J.xpt,https://wwwn.cdc.gov/Nchs/Data/Nhanes/Public/2017/DataFiles/PAH_J.xpt,https://wwwn.cdc.gov/Nchs/Data/Nhanes/Public/2017/DataFiles/PAH_J.htm,C:\Users\21634\Documents\Codex\2026-08-22\non\work\whynot17\work\nhanes_phase2a\environmental_xpt\2017-2018_PAH_J.xpt,URXP10,URDP10LC,WTSA2YR,urine,2775,1671,60.21621621621622,True,2001-2002,2017-2018,C529618,4-methylchrysene
2003-2004,2003,Environmental Phenols,L24EPH_C.xpt,https://wwwn.cdc.gov/Nchs/Data/Nhanes/Public/2003/DataFiles/L24EPH_C.xpt,https://wwwn.cdc.gov/Nchs/Data/Nhanes/Public/2003/DataFiles/L24EPH_C.htm,C:\Users\21634\Documents\Codex\2026-08-22\non\work\whynot17\work\nhanes_phase2a\environmental_xpt\2003-2004_L24EPH_C.xpt,URXBPH,URDBPHLC,WTSC2YR,urine,2517,2353,93.48430671434247,True,2003-2004,2011-2012,C534679,"3,3'-dichlorobisphenol A"
2005-2006,2005,Environmental Phenols & Parabens,EPH_D.xpt,https://wwwn.cdc.gov/Nchs/Data/Nhanes/Public/2005/DataFiles/EPH_D.xpt,https://wwwn.cdc.gov/Nchs/Data/Nhanes/Public/2005/DataFiles/EPH_D.htm,C:\Users\21634\Documents\Codex\2026-08-22\non\work\whynot17\work\nhanes_phase2a\environmental_xpt\2005-2006_EPH_D.xpt,URXBPH,URDBPHLC,WTSB2YR,urine,2548,2366,92.85714285714286,True,2003-2004,2011-2012,C534679,"3,3'-dichlorobisphenol A"
2007-2008,2007,Environmental Phenols,EPH_E.xpt,https://wwwn.cdc.gov/Nchs/Data/Nhanes/Public/2007/DataFiles/EPH_E.xpt,https://wwwn.cdc.gov/Nchs/Data/Nhanes/Public/2007/DataFiles/EPH_E.htm,C:\Users\21634\Documents\Codex\2026-08-22\non\work\whynot17\work\nhanes_phase2a\environmental_xpt\2007-2008_EPH_E.xpt,URXBPH,URDBPHLC,WTSB2YR,urine,2604,2438,93.62519201228879,True,2003-2004,2011-2012,C534679,"3,3'-dichlorobisphenol A"
2009-2010,2009,Environmental Phenols,EPH_F.xpt,https://wwwn.cdc.gov/Nchs/Data/Nhanes/Public/2009/DataFiles/EPH_F.xpt,https://wwwn.cdc.gov/Nchs/Data/Nhanes/Public/2009/DataFiles/EPH_F.htm,C:\Users\21634\Documents\Codex\2026-08-22\non\work\whynot17\work\nhanes_phase2a\environmental_xpt\2009-2010_EPH_F.xpt,URXBPH,URDBPHLC,WTSB2YR,urine,2749,2528,91.96071298654056,True,2003-2004,2011-2012,C534679,"3,3'-dichlorobisphenol A"
2011-2012,2011,Environmental Phenols & Parabens,EPH_G.xpt,https://wwwn.cdc.gov/Nchs/Data/Nhanes/Public/2011/DataFiles/EPH_G.xpt,https://wwwn.cdc.gov/Nchs/Data/Nhanes/Public/2011/DataFiles/EPH_G.htm,C:\Users\21634\Documents\Codex\2026-08-22\non\work\whynot17\work\nhanes_phase2a\environmental_xpt\2011-2012_EPH_G.xpt,URXBPH,URDBPHLC,WTSA2YR,urine,2489,2233,89.71474487746083,True,2003-2004,2011-2012,C534679,"3,3'-dichlorobisphenol A"
2001-2002,2001,"Phthalates, Phytoestrogens & PAHs - Urine",PHPYPA_B.xpt,https://wwwn.cdc.gov/Nchs/Data/Nhanes/Public/2001/DataFiles/PHPYPA_B.xpt,https://wwwn.cdc.gov/Nchs/Data/Nhanes/Public/2001/DataFiles/PHPYPA_B.htm,C:\Users\21634\Documents\Codex\2026-08-22\non\work\whynot17\work\nhanes_phase2a\environmental_xpt\2001-2002_PHPYPA_B.xpt,URXP10,,WTSPH2YR,urine,2747,2747,100.0,True,2001-2002,2017-2018,C535034,2-ethynylpyrene
2003-2004,2003,Polyaromatic Hydrocarbons (PAHs) - Urine,L31PAH_C.xpt,https://wwwn.cdc.gov/Nchs/Data/Nhanes/Public/2003/DataFiles/L31PAH_C.xpt,https://wwwn.cdc.gov/Nchs/Data/Nhanes/Public/2003/DataFiles/L31PAH_C.htm,C:\Users\21634\Documents\Codex\2026-08-22\non\work\whynot17\work\nhanes_phase2a\environmental_xpt\2003-2004_L31PAH_C.xpt,URXP10,URDP10LC,WTSB2YR,urine,2515,2499,99.3638170974155,True,2001-2002,2017-2018,C535034,2-ethynylpyrene
2005-2006,2005,Polyaromatic Hydrocarbons (PAHs) - Urine,PAH_D.xpt,https://wwwn.cdc.gov/Nchs/Data/Nhanes/Public/2005/DataFiles/PAH_D.xpt,https://wwwn.cdc.gov/Nchs/Data/Nhanes/Public/2005/DataFiles/PAH_D.htm,C:\Users\21634\Documents\Codex\2026-08-22\non\work\whynot17\work\nhanes_phase2a\environmental_xpt\2005-2006_PAH_D.xpt,URXP10,URDP10LC,WTSB2YR,urine,2415,2411,99.8343685300207,True,2001-2002,2017-2018,C535034,2-ethynylpyrene
2007-2008,2007,Polyaromatic Hydrocarbons (PAHs) - Urine,PAH_E.xpt,https://wwwn.cdc.gov/Nchs/Data/Nhanes/Public/2007/DataFiles/PAH_E.xpt,https://wwwn.cdc.gov/Nchs/Data/Nhanes/Public/2007/DataFiles/PAH_E.htm,C:\Users\21634\Documents\Codex\2026-08-22\non\work\whynot17\work\nhanes_phase2a\environmental_xpt\2007-2008_PAH_E.xpt,URXP10,URDP10LC,WTSB2YR,urine,2581,2569,99.5350639287098,True,2001-2002,2017-2018,C535034,2-ethynylpyrene
2009-2010,2009,Polyaromatic Hydrocarbons -Urine,PAH_F.xpt,https://wwwn.cdc.gov/Nchs/Data/Nhanes/Public/2009/DataFiles/PAH_F.xpt,https://wwwn.cdc.gov/Nchs/Data/Nhanes/Public/2009/DataFiles/PAH_F.htm,C:\Users\21634\Documents\Codex\2026-08-22\non\work\whynot17\work\nhanes_phase2a\environmental_xpt\2009-2010_PAH_F.xpt,URXP10,URDP10LC,WTSB2YR,urine,2746,2729,99.3809176984705,True,2001-2002,2017-2018,C535034,2-ethynylpyrene
2011-2012,2011,Polyaromatic Hydrocarbons (PAHs) - Urine,PAH_G.xpt,https://wwwn.cdc.gov/Nchs/Data/Nhanes/Public/2011/DataFiles/PAH_G.xpt,https://wwwn.cdc.gov/Nchs/Data/Nhanes/Public/2011/DataFiles/PAH_G.htm,C:\Users\21634\Documents\Codex\2026-08-22\non\work\whynot17\work\nhanes_phase2a\environmental_xpt\2011-2012_PAH_G.xpt,URXP10,URDP10LC,WTSA2YR,urine,2487,2458,98.83393646964214,True,2001-2002,2017-2018,C535034,2-ethynylpyrene
2013-2014,2013,Polycyclic Aromatic Hydrocarbons (PAH) - Urine,PAH_H.xpt,https://wwwn.cdc.gov/Nchs/Data/Nhanes/Public/2013/DataFiles/PAH_H.xpt,https://wwwn.cdc.gov/Nchs/Data/Nhanes/Public/2013/DataFiles/PAH_H.htm,C:\Users\21634\Documents\Codex\2026-08-22\non\work\whynot17\work\nhanes_phase2a\environmental_xpt\2013-2014_PAH_H.xpt,URXP10,URDP10LC,WTSA2YR,urine,2650,2024,76.37735849056604,True,2001-2002,2017-2018,C535034,2-ethynylpyrene
2015-2016,2015,Polycyclic Aromatic Hydrocarbons (PAH) - Urine,PAH_I.xpt,https://wwwn.cdc.gov/Nchs/Data/Nhanes/Public/2015/DataFiles/PAH_I.xpt,https://wwwn.cdc.gov/Nchs/Data/Nhanes/Public/2015/DataFiles/PAH_I.htm,C:\Users\21634\Documents\Codex\2026-08-22\non\work\whynot17\work\nhanes_phase2a\environmental_xpt\2015-2016_PAH_I.xpt,URXP10,URDP10LC,WTSA2YR,urine,3036,2123,69.92753623188406,True,2001-2002,2017-2018,C535034,2-ethynylpyrene
2017-2018,2017,Polycyclic Aromatic Hydrocarbons (PAH) - Urine,PAH_J.xpt,https://wwwn.cdc.gov/Nchs/Data/Nhanes/Public/2017/DataFiles/PAH_J.xpt,https://wwwn.cdc.gov/Nchs/Data/Nhanes/Public/2017/DataFiles/PAH_J.htm,C:\Users\21634\Documents\Codex\2026-08-22\non\work\whynot17\work\nhanes_phase2a\environmental_xpt\2017-2018_PAH_J.xpt,URXP10,URDP10LC,WTSA2YR,urine,2775,1671,60.21621621621622,True,2001-2002,2017-2018,C535034,2-ethynylpyrene
2001-2002,2001,"Phthalates, Phytoestrogens & PAHs - Urine",PHPYPA_B.xpt,https://wwwn.cdc.gov/Nchs/Data/Nhanes/Public/2001/DataFiles/PHPYPA_B.xpt,https://wwwn.cdc.gov/Nchs/Data/Nhanes/Public/2001/DataFiles/PHPYPA_B.htm,C:\Users\21634\Documents\Codex\2026-08-22\non\work\whynot17\work\nhanes_phase2a\environmental_xpt\2001-2002_PHPYPA_B.xpt,URXP10,,WTSPH2YR,urine,2747,2747,100.0,True,2001-2002,2017-2018,C535035,4-ethynylpyrene
2003-2004,2003,Polyaromatic Hydrocarbons (PAHs) - Urine,L31PAH_C.xpt,https://wwwn.cdc.gov/Nchs/Data/Nhanes/Public/2003/DataFiles/L31PAH_C.xpt,https://wwwn.cdc.gov/Nchs/Data/Nhanes/Public/2003/DataFiles/L31PAH_C.htm,C:\Users\21634\Documents\Codex\2026-08-22\non\work\whynot17\work\nhanes_phase2a\environmental_xpt\2003-2004_L31PAH_C.xpt,URXP10,URDP10LC,WTSB2YR,urine,2515,2499,99.3638170974155,True,2001-2002,2017-2018,C535035,4-ethynylpyrene
2005-2006,2005,Polyaromatic Hydrocarbons (PAHs) - Urine,PAH_D.xpt,https://wwwn.cdc.gov/Nchs/Data/Nhanes/Public/2005/DataFiles/PAH_D.xpt,https://wwwn.cdc.gov/Nchs/Data/Nhanes/Public/2005/DataFiles/PAH_D.htm,C:\Users\21634\Documents\Codex\2026-08-22\non\work\whynot17\work\nhanes_phase2a\environmental_xpt\2005-2006_PAH_D.xpt,URXP10,URDP10LC,WTSB2YR,urine,2415,2411,99.8343685300207,True,2001-2002,2017-2018,C535035,4-ethynylpyrene
2007-2008,2007,Polyaromatic Hydrocarbons (PAHs) - Urine,PAH_E.xpt,https://wwwn.cdc.gov/Nchs/Data/Nhanes/Public/2007/DataFiles/PAH_E.xpt,https://wwwn.cdc.gov/Nchs/Data/Nhanes/Public/2007/DataFiles/PAH_E.htm,C:\Users\21634\Documents\Codex\2026-08-22\non\work\whynot17\work\nhanes_phase2a\environmental_xpt\2007-2008_PAH_E.xpt,URXP10,URDP10LC,WTSB2YR,urine,2581,2569,99.5350639287098,True,2001-2002,2017-2018,C535035,4-ethynylpyrene
2009-2010,2009,Polyaromatic Hydrocarbons -Urine,PAH_F.xpt,https://wwwn.cdc.gov/Nchs/Data/Nhanes/Public/2009/DataFiles/PAH_F.xpt,https://wwwn.cdc.gov/Nchs/Data/Nhanes/Public/2009/DataFiles/PAH_F.htm,C:\Users\21634\Documents\Codex\2026-08-22\non\work\whynot17\work\nhanes_phase2a\environmental_xpt\2009-2010_PAH_F.xpt,URXP10,URDP10LC,WTSB2YR,urine,2746,2729,99.3809176984705,True,2001-2002,2017-2018,C535035,4-ethynylpyrene
2011-2012,2011,Polyaromatic Hydrocarbons (PAHs) - Urine,PAH_G.xpt,https://wwwn.cdc.gov/Nchs/Data/Nhanes/Public/2011/DataFiles/PAH_G.xpt,https://wwwn.cdc.gov/Nchs/Data/Nhanes/Public/2011/DataFiles/PAH_G.htm,C:\Users\21634\Documents\Codex\2026-08-22\non\work\whynot17\work\nhanes_phase2a\environmental_xpt\2011-2012_PAH_G.xpt,URXP10,URDP10LC,WTSA2YR,urine,2487,2458,98.83393646964214,True,2001-2002,2017-2018,C535035,4-ethynylpyrene
2013-2014,2013,Polycyclic Aromatic Hydrocarbons (PAH) - Urine,PAH_H.xpt,https://wwwn.cdc.gov/Nchs/Data/Nhanes/Public/2013/DataFiles/PAH_H.xpt,https://wwwn.cdc.gov/Nchs/Data/Nhanes/Public/2013/DataFiles/PAH_H.htm,C:\Users\21634\Documents\Codex\2026-08-22\non\work\whynot17\work\nhanes_phase2a\environmental_xpt\2013-2014_PAH_H.xpt,URXP10,URDP10LC,WTSA2YR,urine,2650,2024,76.37735849056604,True,2001-2002,2017-2018,C535035,4-ethynylpyrene
2015-2016,2015,Polycyclic Aromatic Hydrocarbons (PAH) - Urine,PAH_I.xpt,https://wwwn.cdc.gov/Nchs/Data/Nhanes/Public/2015/DataFiles/PAH_I.xpt,https://wwwn.cdc.gov/Nchs/Data/Nhanes/Public/2015/DataFiles/PAH_I.htm,C:\Users\21634\Documents\Codex\2026-08-22\non\work\whynot17\work\nhanes_phase2a\environmental_xpt\2015-2016_PAH_I.xpt,URXP10,URDP10LC,WTSA2YR,urine,3036,2123,69.92753623188406,True,2001-2002,2017-2018,C535035,4-ethynylpyrene
2017-2018,2017,Polycyclic Aromatic Hydrocarbons (PAH) - Urine,PAH_J.xpt,https://wwwn.cdc.gov/Nchs/Data/Nhanes/Public/2017/DataFiles/PAH_J.xpt,https://wwwn.cdc.gov/Nchs/Data/Nhanes/Public/2017/DataFiles/PAH_J.htm,C:\Users\21634\Documents\Codex\2026-08-22\non\work\whynot17\work\nhanes_phase2a\environmental_xpt\2017-2018_PAH_J.xpt,URXP10,URDP10LC,WTSA2YR,urine,2775,1671,60.21621621621622,True,2001-2002,2017-2018,C535035,4-ethynylpyrene
1999-2000,1999,Metals - Urine,LAB06HM.xpt,https://wwwn.cdc.gov/Nchs/Data/Nhanes/Public/1999/DataFiles/LAB06HM.xpt,https://wwwn.cdc.gov/Nchs/Data/Nhanes/Public/1999/DataFiles/LAB06HM.htm,C:\Users\21634\Documents\Codex\2026-08-22\non\work\whynot17\work\nhanes_phase2a\environmental_xpt\1999-2000_LAB06HM.xpt,URXUCS,,WTSHM2YR,urine,2464,2464,100.0,True,1999-2000,2017-2018,D002586,Cesium
2001-2002,2001,Metals - Urine,L06HM_B.xpt,https://wwwn.cdc.gov/Nchs/Data/Nhanes/Public/2001/DataFiles/L06HM_B.xpt,https://wwwn.cdc.gov/Nchs/Data/Nhanes/Public/2001/DataFiles/L06HM_B.htm,C:\Users\21634\Documents\Codex\2026-08-22\non\work\whynot17\work\nhanes_phase2a\environmental_xpt\2001-2002_L06HM_B.xpt,URXUCS,,WTSHM2YR,urine,2690,2690,100.0,True,1999-2000,2017-2018,D002586,Cesium
2003-2004,2003,Metals - Urine,L06HM_C.xpt,https://wwwn.cdc.gov/Nchs/Data/Nhanes/Public/2003/DataFiles/L06HM_C.xpt,https://wwwn.cdc.gov/Nchs/Data/Nhanes/Public/2003/DataFiles/L06HM_C.htm,C:\Users\21634\Documents\Codex\2026-08-22\non\work\whynot17\work\nhanes_phase2a\environmental_xpt\2003-2004_L06HM_C.xpt,URXUCS,URDUCSLC,WTSA2YR,urine,2558,2558,100.0,True,1999-2000,2017-2018,D002586,Cesium
2005-2006,2005,Metals - Urine,UHM_D.xpt,https://wwwn.cdc.gov/Nchs/Data/Nhanes/Public/2005/DataFiles/UHM_D.xpt,https://wwwn.cdc.gov/Nchs/Data/Nhanes/Public/2005/DataFiles/UHM_D.htm,C:\Users\21634\Documents\Codex\2026-08-22\non\work\whynot17\work\nhanes_phase2a\environmental_xpt\2005-2006_UHM_D.xpt,URXUCS,URDUCSLC,WTSA2YR,urine,2576,2576,100.0,True,1999-2000,2017-2018,D002586,Cesium
2007-2008,2007,Metals - Urine,UHM_E.xpt,https://wwwn.cdc.gov/Nchs/Data/Nhanes/Public/2007/DataFiles/UHM_E.xpt,https://wwwn.cdc.gov/Nchs/Data/Nhanes/Public/2007/DataFiles/UHM_E.htm,C:\Users\21634\Documents\Codex\2026-08-22\non\work\whynot17\work\nhanes_phase2a\environmental_xpt\2007-2008_UHM_E.xpt,URXUCS,URDUCSLC,WTSA2YR,urine,2627,2627,100.0,True,1999-2000,2017-2018,D002586,Cesium
2009-2010,2009,Metals - Urine,UHM_F.xpt,https://wwwn.cdc.gov/Nchs/Data/Nhanes/Public/2009/DataFiles/UHM_F.xpt,https://wwwn.cdc.gov/Nchs/Data/Nhanes/Public/2009/DataFiles/UHM_F.htm,C:\Users\21634\Documents\Codex\2026-08-22\non\work\whynot17\work\nhanes_phase2a\environmental_xpt\2009-2010_UHM_F.xpt,URXUCS,URDUCSLC,WTSA2YR,urine,2848,2848,100.0,True,1999-2000,2017-2018,D002586,Cesium
2011-2012,2011,Metals - Urine,UHM_G.xpt,https://wwwn.cdc.gov/Nchs/Data/Nhanes/Public/2011/DataFiles/UHM_G.xpt,https://wwwn.cdc.gov/Nchs/Data/Nhanes/Public/2011/DataFiles/UHM_G.htm,C:\Users\21634\Documents\Codex\2026-08-22\non\work\whynot17\work\nhanes_phase2a\environmental_xpt\2011-2012_UHM_G.xpt,URXUCS,URDUCSLC,WTSA2YR,urine,2503,2503,100.0,True,1999-2000,2017-2018,D002586,Cesium
2013-2014,2013,Metals - Urine,UM_H.xpt,https://wwwn.cdc.gov/Nchs/Data/Nhanes/Public/2013/DataFiles/UM_H.xpt,https://wwwn.cdc.gov/Nchs/Data/Nhanes/Public/2013/DataFiles/UM_H.htm,C:\Users\21634\Documents\Codex\2026-08-22\non\work\whynot17\work\nhanes_phase2a\environmental_xpt\2013-2014_UM_H.xpt,URXUCS,URDUCSLC,WTSA2YR,urine,2664,2664,100.0,True,1999-2000,2017-2018,D002586,Cesium
2015-2016,2015,Metals - Urine,UM_I.xpt,https://wwwn.cdc.gov/Nchs/Data/Nhanes/Public/2015/DataFiles/UM_I.xpt,https://wwwn.cdc.gov/Nchs/Data/Nhanes/Public/2015/DataFiles/UM_I.htm,C:\Users\21634\Documents\Codex\2026-08-22\non\work\whynot17\work\nhanes_phase2a\environmental_xpt\2015-2016_UM_I.xpt,URXUCS,URDUCSLC,WTSA2YR,urine,3061,3060,99.96733093760209,True,1999-2000,2017-2018,D002586,Cesium
2017-2018,2017,Metals - Urine,UM_J.xpt,https://wwwn.cdc.gov/Nchs/Data/Nhanes/Public/2017/DataFiles/UM_J.xpt,https://wwwn.cdc.gov/Nchs/Data/Nhanes/Public/2017/DataFiles/UM_J.htm,C:\Users\21634\Documents\Codex\2026-08-22\non\work\whynot17\work\nhanes_phase2a\environmental_xpt\2017-2018_UM_J.xpt,URXUCS,URDUCSLC,WTSA2YR,urine,2808,2808,100.0,True,1999-2000,2017-2018,D002586,Cesium
2001-2002,2001,"Phthalates, Phytoestrogens & PAHs - Urine",PHPYPA_B.xpt,https://wwwn.cdc.gov/Nchs/Data/Nhanes/Public/2001/DataFiles/PHPYPA_B.xpt,https://wwwn.cdc.gov/Nchs/Data/Nhanes/Public/2001/DataFiles/PHPYPA_B.htm,C:\Users\21634\Documents\Codex\2026-08-22\non\work\whynot17\work\nhanes_phase2a\environmental_xpt\2001-2002_PHPYPA_B.xpt,URXP10,,WTSPH2YR,urine,2747,2747,100.0,True,2001-2002,2017-2018,D010569,Perylene
2003-2004,2003,Polyaromatic Hydrocarbons (PAHs) - Urine,L31PAH_C.xpt,https://wwwn.cdc.gov/Nchs/Data/Nhanes/Public/2003/DataFiles/L31PAH_C.xpt,https://wwwn.cdc.gov/Nchs/Data/Nhanes/Public/2003/DataFiles/L31PAH_C.htm,C:\Users\21634\Documents\Codex\2026-08-22\non\work\whynot17\work\nhanes_phase2a\environmental_xpt\2003-2004_L31PAH_C.xpt,URXP10,URDP10LC,WTSB2YR,urine,2515,2499,99.3638170974155,True,2001-2002,2017-2018,D010569,Perylene
2005-2006,2005,Polyaromatic Hydrocarbons (PAHs) - Urine,PAH_D.xpt,https://wwwn.cdc.gov/Nchs/Data/Nhanes/Public/2005/DataFiles/PAH_D.xpt,https://wwwn.cdc.gov/Nchs/Data/Nhanes/Public/2005/DataFiles/PAH_D.htm,C:\Users\21634\Documents\Codex\2026-08-22\non\work\whynot17\work\nhanes_phase2a\environmental_xpt\2005-2006_PAH_D.xpt,URXP10,URDP10LC,WTSB2YR,urine,2415,2411,99.8343685300207,True,2001-2002,2017-2018,D010569,Perylene
2007-2008,2007,Polyaromatic Hydrocarbons (PAHs) - Urine,PAH_E.xpt,https://wwwn.cdc.gov/Nchs/Data/Nhanes/Public/2007/DataFiles/PAH_E.xpt,https://wwwn.cdc.gov/Nchs/Data/Nhanes/Public/2007/DataFiles/PAH_E.htm,C:\Users\21634\Documents\Codex\2026-08-22\non\work\whynot17\work\nhanes_phase2a\environmental_xpt\2007-2008_PAH_E.xpt,URXP10,URDP10LC,WTSB2YR,urine,2581,2569,99.5350639287098,True,2001-2002,2017-2018,D010569,Perylene
2009-2010,2009,Polyaromatic Hydrocarbons -Urine,PAH_F.xpt,https://wwwn.cdc.gov/Nchs/Data/Nhanes/Public/2009/DataFiles/PAH_F.xpt,https://wwwn.cdc.gov/Nchs/Data/Nhanes/Public/2009/DataFiles/PAH_F.htm,C:\Users\21634\Documents\Codex\2026-08-22\non\work\whynot17\work\nhanes_phase2a\environmental_xpt\2009-2010_PAH_F.xpt,URXP10,URDP10LC,WTSB2YR,urine,2746,2729,99.3809176984705,True,2001-2002,2017-2018,D010569,Perylene
2011-2012,2011,Polyaromatic Hydrocarbons (PAHs) - Urine,PAH_G.xpt,https://wwwn.cdc.gov/Nchs/Data/Nhanes/Public/2011/DataFiles/PAH_G.xpt,https://wwwn.cdc.gov/Nchs/Data/Nhanes/Public/2011/DataFiles/PAH_G.htm,C:\Users\21634\Documents\Codex\2026-08-22\non\work\whynot17\work\nhanes_phase2a\environmental_xpt\2011-2012_PAH_G.xpt,URXP10,URDP10LC,WTSA2YR,urine,2487,2458,98.83393646964214,True,2001-2002,2017-2018,D010569,Perylene
2013-2014,2013,Polycyclic Aromatic Hydrocarbons (PAH) - Urine,PAH_H.xpt,https://wwwn.cdc.gov/Nchs/Data/Nhanes/Public/2013/DataFiles/PAH_H.xpt,https://wwwn.cdc.gov/Nchs/Data/Nhanes/Public/2013/DataFiles/PAH_H.htm,C:\Users\21634\Documents\Codex\2026-08-22\non\work\whynot17\work\nhanes_phase2a\environmental_xpt\2013-2014_PAH_H.xpt,URXP10,URDP10LC,WTSA2YR,urine,2650,2024,76.37735849056604,True,2001-2002,2017-2018,D010569,Perylene
2015-2016,2015,Polycyclic Aromatic Hydrocarbons (PAH) - Urine,PAH_I.xpt,https://wwwn.cdc.gov/Nchs/Data/Nhanes/Public/2015/DataFiles/PAH_I.xpt,https://wwwn.cdc.gov/Nchs/Data/Nhanes/Public/2015/DataFiles/PAH_I.htm,C:\Users\21634\Documents\Codex\2026-08-22\non\work\whynot17\work\nhanes_phase2a\environmental_xpt\2015-2016_PAH_I.xpt,URXP10,URDP10LC,WTSA2YR,urine,3036,2123,69.92753623188406,True,2001-2002,2017-2018,D010569,Perylene
2017-2018,2017,Polycyclic Aromatic Hydrocarbons (PAH) - Urine,PAH_J.xpt,https://wwwn.cdc.gov/Nchs/Data/Nhanes/Public/2017/DataFiles/PAH_J.xpt,https://wwwn.cdc.gov/Nchs/Data/Nhanes/Public/2017/DataFiles/PAH_J.htm,C:\Users\21634\Documents\Codex\2026-08-22\non\work\whynot17\work\nhanes_phase2a\environmental_xpt\2017-2018_PAH_J.xpt,URXP10,URDP10LC,WTSA2YR,urine,2775,1671,60.21621621621622,True,2001-2002,2017-2018,D010569,Perylene
2011-2012,2011,Metals - Urine,UHM_G.xpt,https://wwwn.cdc.gov/Nchs/Data/Nhanes/Public/2011/DataFiles/UHM_G.xpt,https://wwwn.cdc.gov/Nchs/Data/Nhanes/Public/2011/DataFiles/UHM_G.htm,C:\Users\21634\Documents\Codex\2026-08-22\non\work\whynot17\work\nhanes_phase2a\environmental_xpt\2011-2012_UHM_G.xpt,URXUSN,URDUSNLC,WTSA2YR,urine,2504,2156,86.10223642172524,True,2011-2012,2017-2018,D014001,Tin
2013-2014,2013,Metals - Urine,UM_H.xpt,https://wwwn.cdc.gov/Nchs/Data/Nhanes/Public/2013/DataFiles/UM_H.xpt,https://wwwn.cdc.gov/Nchs/Data/Nhanes/Public/2013/DataFiles/UM_H.htm,C:\Users\21634\Documents\Codex\2026-08-22\non\work\whynot17\work\nhanes_phase2a\environmental_xpt\2013-2014_UM_H.xpt,URXUSN,URDUSNLC,WTSA2YR,urine,2664,2412,90.54054054054055,True,2011-2012,2017-2018,D014001,Tin
2015-2016,2015,Metals - Urine,UM_I.xpt,https://wwwn.cdc.gov/Nchs/Data/Nhanes/Public/2015/DataFiles/UM_I.xpt,https://wwwn.cdc.gov/Nchs/Data/Nhanes/Public/2015/DataFiles/UM_I.htm,C:\Users\21634\Documents\Codex\2026-08-22\non\work\whynot17\work\nhanes_phase2a\environmental_xpt\2015-2016_UM_I.xpt,URXUSN,URDUSNLC,WTSA2YR,urine,3060,2921,95.45751633986929,True,2011-2012,2017-2018,D014001,Tin
2017-2018,2017,Metals - Urine,UM_J.xpt,https://wwwn.cdc.gov/Nchs/Data/Nhanes/Public/2017/DataFiles/UM_J.xpt,https://wwwn.cdc.gov/Nchs/Data/Nhanes/Public/2017/DataFiles/UM_J.htm,C:\Users\21634\Documents\Codex\2026-08-22\non\work\whynot17\work\nhanes_phase2a\environmental_xpt\2017-2018_UM_J.xpt,URXUSN,URDUSNLC,WTSA2YR,urine,2808,2641,94.05270655270655,True,2011-2012,2017-2018,D014001,Tin
1999-2000,1999,Metals - Urine,LAB06HM.xpt,https://wwwn.cdc.gov/Nchs/Data/Nhanes/Public/1999/DataFiles/LAB06HM.xpt,https://wwwn.cdc.gov/Nchs/Data/Nhanes/Public/1999/DataFiles/LAB06HM.htm,C:\Users\21634\Documents\Codex\2026-08-22\non\work\whynot17\work\nhanes_phase2a\environmental_xpt\1999-2000_LAB06HM.xpt,URXUTU,,WTSHM2YR,urine,2338,2338,100.0,True,1999-2000,2017-2018,D014414,Tungsten
2001-2002,2001,Metals - Urine,L06HM_B.xpt,https://wwwn.cdc.gov/Nchs/Data/Nhanes/Public/2001/DataFiles/L06HM_B.xpt,https://wwwn.cdc.gov/Nchs/Data/Nhanes/Public/2001/DataFiles/L06HM_B.htm,C:\Users\21634\Documents\Codex\2026-08-22\non\work\whynot17\work\nhanes_phase2a\environmental_xpt\2001-2002_L06HM_B.xpt,URXUTU,,WTSHM2YR,urine,2652,2652,100.0,True,1999-2000,2017-2018,D014414,Tungsten
2003-2004,2003,Metals - Urine,L06HM_C.xpt,https://wwwn.cdc.gov/Nchs/Data/Nhanes/Public/2003/DataFiles/L06HM_C.xpt,https://wwwn.cdc.gov/Nchs/Data/Nhanes/Public/2003/DataFiles/L06HM_C.htm,C:\Users\21634\Documents\Codex\2026-08-22\non\work\whynot17\work\nhanes_phase2a\environmental_xpt\2003-2004_L06HM_C.xpt,URXUTU,URDUTULC,WTSA2YR,urine,2558,2115,82.6817826426896,True,1999-2000,2017-2018,D014414,Tungsten
2005-2006,2005,Metals - Urine,UHM_D.xpt,https://wwwn.cdc.gov/Nchs/Data/Nhanes/Public/2005/DataFiles/UHM_D.xpt,https://wwwn.cdc.gov/Nchs/Data/Nhanes/Public/2005/DataFiles/UHM_D.htm,C:\Users\21634\Documents\Codex\2026-08-22\non\work\whynot17\work\nhanes_phase2a\environmental_xpt\2005-2006_UHM_D.xpt,URXUTU,URDUTULC,WTSA2YR,urine,2576,2382,92.46894409937889,True,1999-2000,2017-2018,D014414,Tungsten
2007-2008,2007,Metals - Urine,UHM_E.xpt,https://wwwn.cdc.gov/Nchs/Data/Nhanes/Public/2007/DataFiles/UHM_E.xpt,https://wwwn.cdc.gov/Nchs/Data/Nhanes/Public/2007/DataFiles/UHM_E.htm,C:\Users\21634\Documents\Codex\2026-08-22\non\work\whynot17\work\nhanes_phase2a\environmental_xpt\2007-2008_UHM_E.xpt,URXUTU,URDUTULC,WTSA2YR,urine,2627,2438,92.8054815378759,True,1999-2000,2017-2018,D014414,Tungsten
2009-2010,2009,Metals - Urine,UHM_F.xpt,https://wwwn.cdc.gov/Nchs/Data/Nhanes/Public/2009/DataFiles/UHM_F.xpt,https://wwwn.cdc.gov/Nchs/Data/Nhanes/Public/2009/DataFiles/UHM_F.htm,C:\Users\21634\Documents\Codex\2026-08-22\non\work\whynot17\work\nhanes_phase2a\environmental_xpt\2009-2010_UHM_F.xpt,URXUTU,URDUTULC,WTSA2YR,urine,2847,2558,89.84896382156656,True,1999-2000,2017-2018,D014414,Tungsten
2011-2012,2011,Metals - Urine,UHM_G.xpt,https://wwwn.cdc.gov/Nchs/Data/Nhanes/Public/2011/DataFiles/UHM_G.xpt,https://wwwn.cdc.gov/Nchs/Data/Nhanes/Public/2011/DataFiles/UHM_G.htm,C:\Users\21634\Documents\Codex\2026-08-22\non\work\whynot17\work\nhanes_phase2a\environmental_xpt\2011-2012_UHM_G.xpt,URXUTU,URDUTULC,WTSA2YR,urine,2491,2154,86.47129666800481,True,1999-2000,2017-2018,D014414,Tungsten
2013-2014,2013,Metals - Urine,UM_H.xpt,https://wwwn.cdc.gov/Nchs/Data/Nhanes/Public/2013/DataFiles/UM_H.xpt,https://wwwn.cdc.gov/Nchs/Data/Nhanes/Public/2013/DataFiles/UM_H.htm,C:\Users\21634\Documents\Codex\2026-08-22\non\work\whynot17\work\nhanes_phase2a\environmental_xpt\2013-2014_UM_H.xpt,URXUTU,URDUTULC,WTSA2YR,urine,2664,2232,83.78378378378379,True,1999-2000,2017-2018,D014414,Tungsten
2015-2016,2015,Metals - Urine,UM_I.xpt,https://wwwn.cdc.gov/Nchs/Data/Nhanes/Public/2015/DataFiles/UM_I.xpt,https://wwwn.cdc.gov/Nchs/Data/Nhanes/Public/2015/DataFiles/UM_I.htm,C:\Users\21634\Documents\Codex\2026-08-22\non\work\whynot17\work\nhanes_phase2a\environmental_xpt\2015-2016_UM_I.xpt,URXUTU,URDUTULC,WTSA2YR,urine,3060,2744,89.67320261437908,True,1999-2000,2017-2018,D014414,Tungsten
2017-2018,2017,Metals - Urine,UM_J.xpt,https://wwwn.cdc.gov/Nchs/Data/Nhanes/Public/2017/DataFiles/UM_J.xpt,https://wwwn.cdc.gov/Nchs/Data/Nhanes/Public/2017/DataFiles/UM_J.htm,C:\Users\21634\Documents\Codex\2026-08-22\non\work\whynot17\work\nhanes_phase2a\environmental_xpt\2017-2018_UM_J.xpt,URXUTU,URDUTULC,WTSA2YR,urine,2808,2541,90.49145299145299,True,1999-2000,2017-2018,D014414,Tungsten
2003-2004,2003,Environmental Phenols,L24EPH_C.xpt,https://wwwn.cdc.gov/Nchs/Data/Nhanes/Public/2003/DataFiles/L24EPH_C.xpt,https://wwwn.cdc.gov/Nchs/Data/Nhanes/Public/2003/DataFiles/L24EPH_C.htm,C:\Users\21634\Documents\Codex\2026-08-22\non\work\whynot17\work\nhanes_phase2a\environmental_xpt\2003-2004_L24EPH_C.xpt,URXBPH,URDBPHLC,WTSC2YR,urine,2517,2353,93.48430671434247,True,2003-2004,2011-2012,D017438,Bisphenol A-Glycidyl Methacrylate
2005-2006,2005,Environmental Phenols & Parabens,EPH_D.xpt,https://wwwn.cdc.gov/Nchs/Data/Nhanes/Public/2005/DataFiles/EPH_D.xpt,https://wwwn.cdc.gov/Nchs/Data/Nhanes/Public/2005/DataFiles/EPH_D.htm,C:\Users\21634\Documents\Codex\2026-08-22\non\work\whynot17\work\nhanes_phase2a\environmental_xpt\2005-2006_EPH_D.xpt,URXBPH,URDBPHLC,WTSB2YR,urine,2548,2366,92.85714285714286,True,2003-2004,2011-2012,D017438,Bisphenol A-Glycidyl Methacrylate
2007-2008,2007,Environmental Phenols,EPH_E.xpt,https://wwwn.cdc.gov/Nchs/Data/Nhanes/Public/2007/DataFiles/EPH_E.xpt,https://wwwn.cdc.gov/Nchs/Data/Nhanes/Public/2007/DataFiles/EPH_E.htm,C:\Users\21634\Documents\Codex\2026-08-22\non\work\whynot17\work\nhanes_phase2a\environmental_xpt\2007-2008_EPH_E.xpt,URXBPH,URDBPHLC,WTSB2YR,urine,2604,2438,93.62519201228879,True,2003-2004,2011-2012,D017438,Bisphenol A-Glycidyl Methacrylate
2009-2010,2009,Environmental Phenols,EPH_F.xpt,https://wwwn.cdc.gov/Nchs/Data/Nhanes/Public/2009/DataFiles/EPH_F.xpt,https://wwwn.cdc.gov/Nchs/Data/Nhanes/Public/2009/DataFiles/EPH_F.htm,C:\Users\21634\Documents\Codex\2026-08-22\non\work\whynot17\work\nhanes_phase2a\environmental_xpt\2009-2010_EPH_F.xpt,URXBPH,URDBPHLC,WTSB2YR,urine,2749,2528,91.96071298654056,True,2003-2004,2011-2012,D017438,Bisphenol A-Glycidyl Methacrylate
2011-2012,2011,Environmental Phenols & Parabens,EPH_G.xpt,https://wwwn.cdc.gov/Nchs/Data/Nhanes/Public/2011/DataFiles/EPH_G.xpt,https://wwwn.cdc.gov/Nchs/Data/Nhanes/Public/2011/DataFiles/EPH_G.htm,C:\Users\21634\Documents\Codex\2026-08-22\non\work\whynot17\work\nhanes_phase2a\environmental_xpt\2011-2012_EPH_G.xpt,URXBPH,URDBPHLC,WTSA2YR,urine,2489,2233,89.71474487746083,True,2003-2004,2011-2012,D017438,Bisphenol A-Glycidyl Methacrylate
2011-2012,2011,Metals - Urine,UHM_G.xpt,https://wwwn.cdc.gov/Nchs/Data/Nhanes/Public/2011/DataFiles/UHM_G.xpt,https://wwwn.cdc.gov/Nchs/Data/Nhanes/Public/2011/DataFiles/UHM_G.htm,C:\Users\21634\Documents\Codex\2026-08-22\non\work\whynot17\work\nhanes_phase2a\environmental_xpt\2011-2012_UHM_G.xpt,URXUSR,URDUSRLC,WTSA2YR,urine,2503,2500,99.88014382740711,True,2011-2012,2015-2016,D012834,Silver
2013-2014,2013,Metals - Urine,UM_H.xpt,https://wwwn.cdc.gov/Nchs/Data/Nhanes/Public/2013/DataFiles/UM_H.xpt,https://wwwn.cdc.gov/Nchs/Data/Nhanes/Public/2013/DataFiles/UM_H.htm,C:\Users\21634\Documents\Codex\2026-08-22\non\work\whynot17\work\nhanes_phase2a\environmental_xpt\2013-2014_UM_H.xpt,URXUSR,URDUSRLC,WTSA2YR,urine,2664,2663,99.96246246246247,True,2011-2012,2015-2016,D012834,Silver
2015-2016,2015,Metals - Urine,UM_I.xpt,https://wwwn.cdc.gov/Nchs/Data/Nhanes/Public/2015/DataFiles/UM_I.xpt,https://wwwn.cdc.gov/Nchs/Data/Nhanes/Public/2015/DataFiles/UM_I.htm,C:\Users\21634\Documents\Codex\2026-08-22\non\work\whynot17\work\nhanes_phase2a\environmental_xpt\2015-2016_UM_I.xpt,URXUSR,URDUSRLC,WTSA2YR,urine,3061,3056,99.83665468801046,True,2011-2012,2015-2016,D012834,Silver
1999-2000,1999,Metals - Urine,LAB06HM.xpt,https://wwwn.cdc.gov/Nchs/Data/Nhanes/Public/1999/DataFiles/LAB06HM.xpt,https://wwwn.cdc.gov/Nchs/Data/Nhanes/Public/1999/DataFiles/LAB06HM.htm,C:\Users\21634\Documents\Codex\2026-08-22\non\work\whynot17\work\nhanes_phase2a\environmental_xpt\1999-2000_LAB06HM.xpt,URXUCO,,WTSHM2YR,urine,2465,2465,100.0,True,1999-2000,2017-2018,C569492,cobalt ferrite
2001-2002,2001,Metals - Urine,L06HM_B.xpt,https://wwwn.cdc.gov/Nchs/Data/Nhanes/Public/2001/DataFiles/L06HM_B.xpt,https://wwwn.cdc.gov/Nchs/Data/Nhanes/Public/2001/DataFiles/L06HM_B.htm,C:\Users\21634\Documents\Codex\2026-08-22\non\work\whynot17\work\nhanes_phase2a\environmental_xpt\2001-2002_L06HM_B.xpt,URXUCO,,WTSHM2YR,urine,2690,2690,100.0,True,1999-2000,2017-2018,C569492,cobalt ferrite
2003-2004,2003,Metals - Urine,L06HM_C.xpt,https://wwwn.cdc.gov/Nchs/Data/Nhanes/Public/2003/DataFiles/L06HM_C.xpt,https://wwwn.cdc.gov/Nchs/Data/Nhanes/Public/2003/DataFiles/L06HM_C.htm,C:\Users\21634\Documents\Codex\2026-08-22\non\work\whynot17\work\nhanes_phase2a\environmental_xpt\2003-2004_L06HM_C.xpt,URXUCO,URDUCOLC,WTSA2YR,urine,2558,2463,96.28616106333072,True,1999-2000,2017-2018,C569492,cobalt ferrite
2005-2006,2005,Metals - Urine,UHM_D.xpt,https://wwwn.cdc.gov/Nchs/Data/Nhanes/Public/2005/DataFiles/UHM_D.xpt,https://wwwn.cdc.gov/Nchs/Data/Nhanes/Public/2005/DataFiles/UHM_D.htm,C:\Users\21634\Documents\Codex\2026-08-22\non\work\whynot17\work\nhanes_phase2a\environmental_xpt\2005-2006_UHM_D.xpt,URXUCO,URDUCOLC,WTSA2YR,urine,2576,2566,99.61180124223603,True,1999-2000,2017-2018,C569492,cobalt ferrite
2007-2008,2007,Metals - Urine,UHM_E.xpt,https://wwwn.cdc.gov/Nchs/Data/Nhanes/Public/2007/DataFiles/UHM_E.xpt,https://wwwn.cdc.gov/Nchs/Data/Nhanes/Public/2007/DataFiles/UHM_E.htm,C:\Users\21634\Documents\Codex\2026-08-22\non\work\whynot17\work\nhanes_phase2a\environmental_xpt\2007-2008_UHM_E.xpt,URXUCO,URDUCOLC,WTSA2YR,urine,2627,2621,99.771602588504,True,1999-2000,2017-2018,C569492,cobalt ferrite
2009-2010,2009,Metals - Urine,UHM_F.xpt,https://wwwn.cdc.gov/Nchs/Data/Nhanes/Public/2009/DataFiles/UHM_F.xpt,https://wwwn.cdc.gov/Nchs/Data/Nhanes/Public/2009/DataFiles/UHM_F.htm,C:\Users\21634\Documents\Codex\2026-08-22\non\work\whynot17\work\nhanes_phase2a\environmental_xpt\2009-2010_UHM_F.xpt,URXUCO,URDUCOLC,WTSA2YR,urine,2848,2830,99.36797752808988,True,1999-2000,2017-2018,C569492,cobalt ferrite
2011-2012,2011,Metals - Urine,UHM_G.xpt,https://wwwn.cdc.gov/Nchs/Data/Nhanes/Public/2011/DataFiles/UHM_G.xpt,https://wwwn.cdc.gov/Nchs/Data/Nhanes/Public/2011/DataFiles/UHM_G.htm,C:\Users\21634\Documents\Codex\2026-08-22\non\work\whynot17\work\nhanes_phase2a\environmental_xpt\2011-2012_UHM_G.xpt,URXUCO,URDUCOLC,WTSA2YR,urine,2504,2488,99.36102236421725,True,1999-2000,2017-2018,C569492,cobalt ferrite
2013-2014,2013,Metals - Urine,UM_H.xpt,https://wwwn.cdc.gov/Nchs/Data/Nhanes/Public/2013/DataFiles/UM_H.xpt,https://wwwn.cdc.gov/Nchs/Data/Nhanes/Public/2013/DataFiles/UM_H.htm,C:\Users\21634\Documents\Codex\2026-08-22\non\work\whynot17\work\nhanes_phase2a\environmental_xpt\2013-2014_UM_H.xpt,URXUCO,URDUCOLC,WTSA2YR,urine,2664,2662,99.92492492492492,True,1999-2000,2017-2018,C569492,cobalt ferrite
2015-2016,2015,Metals - Urine,UM_I.xpt,https://wwwn.cdc.gov/Nchs/Data/Nhanes/Public/2015/DataFiles/UM_I.xpt,https://wwwn.cdc.gov/Nchs/Data/Nhanes/Public/2015/DataFiles/UM_I.htm,C:\Users\21634\Documents\Codex\2026-08-22\non\work\whynot17\work\nhanes_phase2a\environmental_xpt\2015-2016_UM_I.xpt,URXUCO,URDUCOLC,WTSA2YR,urine,3061,3058,99.90199281280627,True,1999-2000,2017-2018,C569492,cobalt ferrite
2017-2018,2017,Metals - Urine,UM_J.xpt,https://wwwn.cdc.gov/Nchs/Data/Nhanes/Public/2017/DataFiles/UM_J.xpt,https://wwwn.cdc.gov/Nchs/Data/Nhanes/Public/2017/DataFiles/UM_J.htm,C:\Users\21634\Documents\Codex\2026-08-22\non\work\whynot17\work\nhanes_phase2a\environmental_xpt\2017-2018_UM_J.xpt,URXUCO,URDUCOLC,WTSA2YR,urine,2808,2805,99.8931623931624,True,1999-2000,2017-2018,C569492,cobalt ferrite
2003-2004,2003,Brominated Flame Retardants (BFRs),L28PBE_C.xpt,https://wwwn.cdc.gov/Nchs/Data/Nhanes/Public/2003/DataFiles/L28PBE_C.xpt,https://wwwn.cdc.gov/Nchs/Data/Nhanes/Public/2003/DataFiles/L28PBE_C.htm,C:\Users\21634\Documents\Codex\2026-08-22\non\work\whynot17\work\nhanes_phase2a\environmental_xpt\2003-2004_L28PBE_C.xpt,LBXBB1,LBDBB1LC,WTSB2YR,serum_or_blood,2032,1485,73.08070866141732,True,2003-2004,2003-2004,C494622,CPS 49
2003-2004,2003,Metals - Urine,L06HM_C.xpt,https://wwwn.cdc.gov/Nchs/Data/Nhanes/Public/2003/DataFiles/L06HM_C.xpt,https://wwwn.cdc.gov/Nchs/Data/Nhanes/Public/2003/DataFiles/L06HM_C.htm,C:\Users\21634\Documents\Codex\2026-08-22\non\work\whynot17\work\nhanes_phase2a\environmental_xpt\2003-2004_L06HM_C.xpt,URXUCD,URDUCDLC,WTSA2YR,urine,2543,2317,91.11285882815572,True,2003-2004,2017-2018,C028031,cadmium acetate
2005-2006,2005,Metals - Urine,UHM_D.xpt,https://wwwn.cdc.gov/Nchs/Data/Nhanes/Public/2005/DataFiles/UHM_D.xpt,https://wwwn.cdc.gov/Nchs/Data/Nhanes/Public/2005/DataFiles/UHM_D.htm,C:\Users\21634\Documents\Codex\2026-08-22\non\work\whynot17\work\nhanes_phase2a\environmental_xpt\2005-2006_UHM_D.xpt,URXUCD,URDUCDLC,WTSA2YR,urine,2576,2316,89.90683229813665,True,2003-2004,2017-2018,C028031,cadmium acetate
2007-2008,2007,Metals - Urine,UHM_E.xpt,https://wwwn.cdc.gov/Nchs/Data/Nhanes/Public/2007/DataFiles/UHM_E.xpt,https://wwwn.cdc.gov/Nchs/Data/Nhanes/Public/2007/DataFiles/UHM_E.htm,C:\Users\21634\Documents\Codex\2026-08-22\non\work\whynot17\work\nhanes_phase2a\environmental_xpt\2007-2008_UHM_E.xpt,URXUCD,URDUCDLC,WTSA2YR,urine,2627,2361,89.87438142367719,True,2003-2004,2017-2018,C028031,cadmium acetate
2009-2010,2009,Metals - Urine,UHM_F.xpt,https://wwwn.cdc.gov/Nchs/Data/Nhanes/Public/2009/DataFiles/UHM_F.xpt,https://wwwn.cdc.gov/Nchs/Data/Nhanes/Public/2009/DataFiles/UHM_F.htm,C:\Users\21634\Documents\Codex\2026-08-22\non\work\whynot17\work\nhanes_phase2a\environmental_xpt\2009-2010_UHM_F.xpt,URXUCD,URDUCDLC,WTSA2YR,urine,2848,2544,89.32584269662921,True,2003-2004,2017-2018,C028031,cadmium acetate
2011-2012,2011,Metals - Urine,UHM_G.xpt,https://wwwn.cdc.gov/Nchs/Data/Nhanes/Public/2011/DataFiles/UHM_G.xpt,https://wwwn.cdc.gov/Nchs/Data/Nhanes/Public/2011/DataFiles/UHM_G.htm,C:\Users\21634\Documents\Codex\2026-08-22\non\work\whynot17\work\nhanes_phase2a\environmental_xpt\2011-2012_UHM_G.xpt,URXUCD,URDUCDLC,WTSA2YR,urine,2504,1943,77.59584664536742,True,2003-2004,2017-2018,C028031,cadmium acetate
2013-2014,2013,Metals - Urine,UM_H.xpt,https://wwwn.cdc.gov/Nchs/Data/Nhanes/Public/2013/DataFiles/UM_H.xpt,https://wwwn.cdc.gov/Nchs/Data/Nhanes/Public/2013/DataFiles/UM_H.htm,C:\Users\21634\Documents\Codex\2026-08-22\non\work\whynot17\work\nhanes_phase2a\environmental_xpt\2013-2014_UM_H.xpt,URXUCD,URDUCDLC,WTSA2YR,urine,2664,2181,81.86936936936937,True,2003-2004,2017-2018,C028031,cadmium acetate
2015-2016,2015,Metals - Urine,UM_I.xpt,https://wwwn.cdc.gov/Nchs/Data/Nhanes/Public/2015/DataFiles/UM_I.xpt,https://wwwn.cdc.gov/Nchs/Data/Nhanes/Public/2015/DataFiles/UM_I.htm,C:\Users\21634\Documents\Codex\2026-08-22\non\work\whynot17\work\nhanes_phase2a\environmental_xpt\2015-2016_UM_I.xpt,URXUCD,URDUCDLC,WTSA2YR,urine,3061,2282,74.55080039202875,True,2003-2004,2017-2018,C028031,cadmium acetate
2017-2018,2017,Metals - Urine,UM_J.xpt,https://wwwn.cdc.gov/Nchs/Data/Nhanes/Public/2017/DataFiles/UM_J.xpt,https://wwwn.cdc.gov/Nchs/Data/Nhanes/Public/2017/DataFiles/UM_J.htm,C:\Users\21634\Documents\Codex\2026-08-22\non\work\whynot17\work\nhanes_phase2a\environmental_xpt\2017-2018_UM_J.xpt,URXUCD,URDUCDLC,WTSA2YR,urine,2808,2208,78.63247863247864,True,2003-2004,2017-2018,C028031,cadmium acetate
2013-2014,2013,Polycyclic Aromatic Hydrocarbons (PAH) - Urine,PAH_H.xpt,https://wwwn.cdc.gov/Nchs/Data/Nhanes/Public/2013/DataFiles/PAH_H.xpt,https://wwwn.cdc.gov/Nchs/Data/Nhanes/Public/2013/DataFiles/PAH_H.htm,C:\Users\21634\Documents\Codex\2026-08-22\non\work\whynot17\work\nhanes_phase2a\environmental_xpt\2013-2014_PAH_H.xpt,URXP25,URDP25LC,WTSA2YR,urine,2650,2638,99.54716981132076,True,2013-2014,2017-2018,C030935,benz(a)anthracene
2015-2016,2015,Polycyclic Aromatic Hydrocarbons (PAH) - Urine,PAH_I.xpt,https://wwwn.cdc.gov/Nchs/Data/Nhanes/Public/2015/DataFiles/PAH_I.xpt,https://wwwn.cdc.gov/Nchs/Data/Nhanes/Public/2015/DataFiles/PAH_I.htm,C:\Users\21634\Documents\Codex\2026-08-22\non\work\whynot17\work\nhanes_phase2a\environmental_xpt\2015-2016_PAH_I.xpt,URXP25,URDP25LC,WTSA2YR,urine,3035,3026,99.70345963756178,True,2013-2014,2017-2018,C030935,benz(a)anthracene
2017-2018,2017,Polycyclic Aromatic Hydrocarbons (PAH) - Urine,PAH_J.xpt,https://wwwn.cdc.gov/Nchs/Data/Nhanes/Public/2017/DataFiles/PAH_J.xpt,https://wwwn.cdc.gov/Nchs/Data/Nhanes/Public/2017/DataFiles/PAH_J.htm,C:\Users\21634\Documents\Codex\2026-08-22\non\work\whynot17\work\nhanes_phase2a\environmental_xpt\2017-2018_PAH_J.xpt,URXP25,URDP25LC,WTSA2YR,urine,2774,2752,99.20692141312185,True,2013-2014,2017-2018,C030935,benz(a)anthracene
2001-2002,2001,"Phthalates, Phytoestrogens & PAHs - Urine",PHPYPA_B.xpt,https://wwwn.cdc.gov/Nchs/Data/Nhanes/Public/2001/DataFiles/PHPYPA_B.xpt,https://wwwn.cdc.gov/Nchs/Data/Nhanes/Public/2001/DataFiles/PHPYPA_B.htm,C:\Users\21634\Documents\Codex\2026-08-22\non\work\whynot17\work\nhanes_phase2a\environmental_xpt\2001-2002_PHPYPA_B.xpt,URXP10,,WTSPH2YR,urine,2747,2747,100.0,True,2001-2002,2017-2018,C006718,"1,12-benzoperylene"
2003-2004,2003,Polyaromatic Hydrocarbons (PAHs) - Urine,L31PAH_C.xpt,https://wwwn.cdc.gov/Nchs/Data/Nhanes/Public/2003/DataFiles/L31PAH_C.xpt,https://wwwn.cdc.gov/Nchs/Data/Nhanes/Public/2003/DataFiles/L31PAH_C.htm,C:\Users\21634\Documents\Codex\2026-08-22\non\work\whynot17\work\nhanes_phase2a\environmental_xpt\2003-2004_L31PAH_C.xpt,URXP10,URDP10LC,WTSB2YR,urine,2515,2499,99.3638170974155,True,2001-2002,2017-2018,C006718,"1,12-benzoperylene"
2005-2006,2005,Polyaromatic Hydrocarbons (PAHs) - Urine,PAH_D.xpt,https://wwwn.cdc.gov/Nchs/Data/Nhanes/Public/2005/DataFiles/PAH_D.xpt,https://wwwn.cdc.gov/Nchs/Data/Nhanes/Public/2005/DataFiles/PAH_D.htm,C:\Users\21634\Documents\Codex\2026-08-22\non\work\whynot17\work\nhanes_phase2a\environmental_xpt\2005-2006_PAH_D.xpt,URXP10,URDP10LC,WTSB2YR,urine,2415,2411,99.8343685300207,True,2001-2002,2017-2018,C006718,"1,12-benzoperylene"
2007-2008,2007,Polyaromatic Hydrocarbons (PAHs) - Urine,PAH_E.xpt,https://wwwn.cdc.gov/Nchs/Data/Nhanes/Public/2007/DataFiles/PAH_E.xpt,https://wwwn.cdc.gov/Nchs/Data/Nhanes/Public/2007/DataFiles/PAH_E.htm,C:\Users\21634\Documents\Codex\2026-08-22\non\work\whynot17\work\nhanes_phase2a\environmental_xpt\2007-2008_PAH_E.xpt,URXP10,URDP10LC,WTSB2YR,urine,2581,2569,99.5350639287098,True,2001-2002,2017-2018,C006718,"1,12-benzoperylene"
2009-2010,2009,Polyaromatic Hydrocarbons -Urine,PAH_F.xpt,https://wwwn.cdc.gov/Nchs/Data/Nhanes/Public/2009/DataFiles/PAH_F.xpt,https://wwwn.cdc.gov/Nchs/Data/Nhanes/Public/2009/DataFiles/PAH_F.htm,C:\Users\21634\Documents\Codex\2026-08-22\non\work\whynot17\work\nhanes_phase2a\environmental_xpt\2009-2010_PAH_F.xpt,URXP10,URDP10LC,WTSB2YR,urine,2746,2729,99.3809176984705,True,2001-2002,2017-2018,C006718,"1,12-benzoperylene"
2011-2012,2011,Polyaromatic Hydrocarbons (PAHs) - Urine,PAH_G.xpt,https://wwwn.cdc.gov/Nchs/Data/Nhanes/Public/2011/DataFiles/PAH_G.xpt,https://wwwn.cdc.gov/Nchs/Data/Nhanes/Public/2011/DataFiles/PAH_G.htm,C:\Users\21634\Documents\Codex\2026-08-22\non\work\whynot17\work\nhanes_phase2a\environmental_xpt\2011-2012_PAH_G.xpt,URXP10,URDP10LC,WTSA2YR,urine,2487,2458,98.83393646964214,True,2001-2002,2017-2018,C006718,"1,12-benzoperylene"
2013-2014,2013,Polycyclic Aromatic Hydrocarbons (PAH) - Urine,PAH_H.xpt,https://wwwn.cdc.gov/Nchs/Data/Nhanes/Public/2013/DataFiles/PAH_H.xpt,https://wwwn.cdc.gov/Nchs/Data/Nhanes/Public/2013/DataFiles/PAH_H.htm,C:\Users\21634\Documents\Codex\2026-08-22\non\work\whynot17\work\nhanes_phase2a\environmental_xpt\2013-2014_PAH_H.xpt,URXP10,URDP10LC,WTSA2YR,urine,2650,2024,76.37735849056604,True,2001-2002,2017-2018,C006718,"1,12-benzoperylene"
2015-2016,2015,Polycyclic Aromatic Hydrocarbons (PAH) - Urine,PAH_I.xpt,https://wwwn.cdc.gov/Nchs/Data/Nhanes/Public/2015/DataFiles/PAH_I.xpt,https://wwwn.cdc.gov/Nchs/Data/Nhanes/Public/2015/DataFiles/PAH_I.htm,C:\Users\21634\Documents\Codex\2026-08-22\non\work\whynot17\work\nhanes_phase2a\environmental_xpt\2015-2016_PAH_I.xpt,URXP10,URDP10LC,WTSA2YR,urine,3036,2123,69.92753623188406,True,2001-2002,2017-2018,C006718,"1,12-benzoperylene"
2017-2018,2017,Polycyclic Aromatic Hydrocarbons (PAH) - Urine,PAH_J.xpt,https://wwwn.cdc.gov/Nchs/Data/Nhanes/Public/2017/DataFiles/PAH_J.xpt,https://wwwn.cdc.gov/Nchs/Data/Nhanes/Public/2017/DataFiles/PAH_J.htm,C:\Users\21634\Documents\Codex\2026-08-22\non\work\whynot17\work\nhanes_phase2a\environmental_xpt\2017-2018_PAH_J.xpt,URXP10,URDP10LC,WTSA2YR,urine,2775,1671,60.21621621621622,True,2001-2002,2017-2018,C006718,"1,12-benzoperylene"
2003-2004,2003,Brominated Flame Retardants (BFRs),L28PBE_C.xpt,https://wwwn.cdc.gov/Nchs/Data/Nhanes/Public/2003/DataFiles/L28PBE_C.xpt,https://wwwn.cdc.gov/Nchs/Data/Nhanes/Public/2003/DataFiles/L28PBE_C.htm,C:\Users\21634\Documents\Codex\2026-08-22\non\work\whynot17\work\nhanes_phase2a\environmental_xpt\2003-2004_L28PBE_C.xpt,LBXBB1,LBDBB1LC,WTSB2YR,serum_or_blood,2032,1485,73.08070866141732,True,2003-2004,2003-2004,C494620,CPS 11
2003-2004,2003,Environmental Phenols,L24EPH_C.xpt,https://wwwn.cdc.gov/Nchs/Data/Nhanes/Public/2003/DataFiles/L24EPH_C.xpt,https://wwwn.cdc.gov/Nchs/Data/Nhanes/Public/2003/DataFiles/L24EPH_C.htm,C:\Users\21634\Documents\Codex\2026-08-22\non\work\whynot17\work\nhanes_phase2a\environmental_xpt\2003-2004_L24EPH_C.xpt,URXBPH,URDBPHLC,WTSC2YR,urine,2517,2353,93.48430671434247,True,2003-2004,2011-2012,C019273,bisphenol A diglycidyl ether
2005-2006,2005,Environmental Phenols & Parabens,EPH_D.xpt,https://wwwn.cdc.gov/Nchs/Data/Nhanes/Public/2005/DataFiles/EPH_D.xpt,https://wwwn.cdc.gov/Nchs/Data/Nhanes/Public/2005/DataFiles/EPH_D.htm,C:\Users\21634\Documents\Codex\2026-08-22\non\work\whynot17\work\nhanes_phase2a\environmental_xpt\2005-2006_EPH_D.xpt,URXBPH,URDBPHLC,WTSB2YR,urine,2548,2366,92.85714285714286,True,2003-2004,2011-2012,C019273,bisphenol A diglycidyl ether
2007-2008,2007,Environmental Phenols,EPH_E.xpt,https://wwwn.cdc.gov/Nchs/Data/Nhanes/Public/2007/DataFiles/EPH_E.xpt,https://wwwn.cdc.gov/Nchs/Data/Nhanes/Public/2007/DataFiles/EPH_E.htm,C:\Users\21634\Documents\Codex\2026-08-22\non\work\whynot17\work\nhanes_phase2a\environmental_xpt\2007-2008_EPH_E.xpt,URXBPH,URDBPHLC,WTSB2YR,urine,2604,2438,93.62519201228879,True,2003-2004,2011-2012,C019273,bisphenol A diglycidyl ether
2009-2010,2009,Environmental Phenols,EPH_F.xpt,https://wwwn.cdc.gov/Nchs/Data/Nhanes/Public/2009/DataFiles/EPH_F.xpt,https://wwwn.cdc.gov/Nchs/Data/Nhanes/Public/2009/DataFiles/EPH_F.htm,C:\Users\21634\Documents\Codex\2026-08-22\non\work\whynot17\work\nhanes_phase2a\environmental_xpt\2009-2010_EPH_F.xpt,URXBPH,URDBPHLC,WTSB2YR,urine,2749,2528,91.96071298654056,True,2003-2004,2011-2012,C019273,bisphenol A diglycidyl ether
2011-2012,2011,Environmental Phenols & Parabens,EPH_G.xpt,https://wwwn.cdc.gov/Nchs/Data/Nhanes/Public/2011/DataFiles/EPH_G.xpt,https://wwwn.cdc.gov/Nchs/Data/Nhanes/Public/2011/DataFiles/EPH_G.htm,C:\Users\21634\Documents\Codex\2026-08-22\non\work\whynot17\work\nhanes_phase2a\environmental_xpt\2011-2012_EPH_G.xpt,URXBPH,URDBPHLC,WTSA2YR,urine,2489,2233,89.71474487746083,True,2003-2004,2011-2012,C019273,bisphenol A diglycidyl ether
2003-2004,2003,Environmental Phenols,L24EPH_C.xpt,https://wwwn.cdc.gov/Nchs/Data/Nhanes/Public/2003/DataFiles/L24EPH_C.xpt,https://wwwn.cdc.gov/Nchs/Data/Nhanes/Public/2003/DataFiles/L24EPH_C.htm,C:\Users\21634\Documents\Codex\2026-08-22\non\work\whynot17\work\nhanes_phase2a\environmental_xpt\2003-2004_L24EPH_C.xpt,URXBPH,URDBPHLC,WTSC2YR,urine,2517,2353,93.48430671434247,True,2003-2004,2011-2012,C047971,"2,4'-bisphenol F"
2005-2006,2005,Environmental Phenols & Parabens,EPH_D.xpt,https://wwwn.cdc.gov/Nchs/Data/Nhanes/Public/2005/DataFiles/EPH_D.xpt,https://wwwn.cdc.gov/Nchs/Data/Nhanes/Public/2005/DataFiles/EPH_D.htm,C:\Users\21634\Documents\Codex\2026-08-22\non\work\whynot17\work\nhanes_phase2a\environmental_xpt\2005-2006_EPH_D.xpt,URXBPH,URDBPHLC,WTSB2YR,urine,2548,2366,92.85714285714286,True,2003-2004,2011-2012,C047971,"2,4'-bisphenol F"
2007-2008,2007,Environmental Phenols,EPH_E.xpt,https://wwwn.cdc.gov/Nchs/Data/Nhanes/Public/2007/DataFiles/EPH_E.xpt,https://wwwn.cdc.gov/Nchs/Data/Nhanes/Public/2007/DataFiles/EPH_E.htm,C:\Users\21634\Documents\Codex\2026-08-22\non\work\whynot17\work\nhanes_phase2a\environmental_xpt\2007-2008_EPH_E.xpt,URXBPH,URDBPHLC,WTSB2YR,urine,2604,2438,93.62519201228879,True,2003-2004,2011-2012,C047971,"2,4'-bisphenol F"
2009-2010,2009,Environmental Phenols,EPH_F.xpt,https://wwwn.cdc.gov/Nchs/Data/Nhanes/Public/2009/DataFiles/EPH_F.xpt,https://wwwn.cdc.gov/Nchs/Data/Nhanes/Public/2009/DataFiles/EPH_F.htm,C:\Users\21634\Documents\Codex\2026-08-22\non\work\whynot17\work\nhanes_phase2a\environmental_xpt\2009-2010_EPH_F.xpt,URXBPH,URDBPHLC,WTSB2YR,urine,2749,2528,91.96071298654056,True,2003-2004,2011-2012,C047971,"2,4'-bisphenol F"
2011-2012,2011,Environmental Phenols & Parabens,EPH_G.xpt,https://wwwn.cdc.gov/Nchs/Data/Nhanes/Public/2011/DataFiles/EPH_G.xpt,https://wwwn.cdc.gov/Nchs/Data/Nhanes/Public/2011/DataFiles/EPH_G.htm,C:\Users\21634\Documents\Codex\2026-08-22\non\work\whynot17\work\nhanes_phase2a\environmental_xpt\2011-2012_EPH_G.xpt,URXBPH,URDBPHLC,WTSA2YR,urine,2489,2233,89.71474487746083,True,2003-2004,2011-2012,C047971,"2,4'-bisphenol F"
2003-2004,2003,Polyfluoroalkyl Chemicals,L24PFC_C.xpt,https://wwwn.cdc.gov/Nchs/Data/Nhanes/Public/2003/DataFiles/L24PFC_C.xpt,https://wwwn.cdc.gov/Nchs/Data/Nhanes/Public/2003/DataFiles/L24PFC_C.htm,C:\Users\21634\Documents\Codex\2026-08-22\non\work\whynot17\work\nhanes_phase2a\environmental_xpt\2003-2004_L24PFC_C.xpt,LBXPFBS,LBDPFBSL,WTSA2YR,serum_or_blood,2094,6,0.28653295128939826,True,2003-2004,2013-2014,C539348,perfluorobutanesulfonic acid
2005-2006,2005,Polyfluoroalkyl Chemicals,PFC_D.xpt,https://wwwn.cdc.gov/Nchs/Data/Nhanes/Public/2005/DataFiles/PFC_D.xpt,https://wwwn.cdc.gov/Nchs/Data/Nhanes/Public/2005/DataFiles/PFC_D.htm,C:\Users\21634\Documents\Codex\2026-08-22\non\work\whynot17\work\nhanes_phase2a\environmental_xpt\2005-2006_PFC_D.xpt,LBXPFBS,LBDPFBSL,WTSA2YR,serum_or_blood,2120,168,7.9245283018867925,True,2003-2004,2013-2014,C539348,perfluorobutanesulfonic acid
2007-2008,2007,Polyfluoroalkyl Chemicals,PFC_E.xpt,https://wwwn.cdc.gov/Nchs/Data/Nhanes/Public/2007/DataFiles/PFC_E.xpt,https://wwwn.cdc.gov/Nchs/Data/Nhanes/Public/2007/DataFiles/PFC_E.htm,C:\Users\21634\Documents\Codex\2026-08-22\non\work\whynot17\work\nhanes_phase2a\environmental_xpt\2007-2008_PFC_E.xpt,LBXPFBS,LBDPFBSL,WTSC2YR,serum_or_blood,2100,18,0.8571428571428571,True,2003-2004,2013-2014,C539348,perfluorobutanesulfonic acid
2009-2010,2009,Polyfluoroalkyl Chemicals,PFC_F.xpt,https://wwwn.cdc.gov/Nchs/Data/Nhanes/Public/2009/DataFiles/PFC_F.xpt,https://wwwn.cdc.gov/Nchs/Data/Nhanes/Public/2009/DataFiles/PFC_F.htm,C:\Users\21634\Documents\Codex\2026-08-22\non\work\whynot17\work\nhanes_phase2a\environmental_xpt\2009-2010_PFC_F.xpt,LBXPFBS,LBDPFBSL,WTSC2YR,serum_or_blood,2233,19,0.8508732646663681,True,2003-2004,2013-2014,C539348,perfluorobutanesulfonic acid
2011-2012,2011,Polyfluoroalkyl Chemicals,PFC_G.xpt,https://wwwn.cdc.gov/Nchs/Data/Nhanes/Public/2011/DataFiles/PFC_G.xpt,https://wwwn.cdc.gov/Nchs/Data/Nhanes/Public/2011/DataFiles/PFC_G.htm,C:\Users\21634\Documents\Codex\2026-08-22\non\work\whynot17\work\nhanes_phase2a\environmental_xpt\2011-2012_PFC_G.xpt,LBXPFBS,LBDPFBSL,WTSA2YR,serum_or_blood,1904,23,1.2079831932773109,True,2003-2004,2013-2014,C539348,perfluorobutanesulfonic acid
2013-2014,2013,Perfluoroalkyl and Polyfluoroalkyl Substances (formerly Polyfluoroalkyl Chemicals - PFC),PFAS_H.xpt,https://wwwn.cdc.gov/Nchs/Data/Nhanes/Public/2013/DataFiles/PFAS_H.xpt,https://wwwn.cdc.gov/Nchs/Data/Nhanes/Public/2013/DataFiles/PFAS_H.htm,C:\Users\21634\Documents\Codex\2026-08-22\non\work\whynot17\work\nhanes_phase2a\environmental_xpt\2013-2014_PFAS_H.xpt,LBXPFBS,LBDPFBSL,WTSB2YR,serum_or_blood,2168,15,0.6918819188191881,True,2003-2004,2013-2014,C539348,perfluorobutanesulfonic acid
2001-2002,2001,"Phthalates, Phytoestrogens & PAHs - Urine",PHPYPA_B.xpt,https://wwwn.cdc.gov/Nchs/Data/Nhanes/Public/2001/DataFiles/PHPYPA_B.xpt,https://wwwn.cdc.gov/Nchs/Data/Nhanes/Public/2001/DataFiles/PHPYPA_B.htm,C:\Users\21634\Documents\Codex\2026-08-22\non\work\whynot17\work\nhanes_phase2a\environmental_xpt\2001-2002_PHPYPA_B.xpt,URXMOH,,WTSPH2YR,urine,2782,2782,100.0,True,2001-2002,2017-2018,C080276,mono(2-ethyl-5-oxohexyl)phthalate
2003-2004,2003,Phthalates - Urine,L24PH_C.xpt,https://wwwn.cdc.gov/Nchs/Data/Nhanes/Public/2003/DataFiles/L24PH_C.xpt,https://wwwn.cdc.gov/Nchs/Data/Nhanes/Public/2003/DataFiles/L24PH_C.htm,C:\Users\21634\Documents\Codex\2026-08-22\non\work\whynot17\work\nhanes_phase2a\environmental_xpt\2003-2004_L24PH_C.xpt,URXMOH,URDMOHLC,WTSB2YR,urine,2605,2583,99.15547024952015,True,2001-2002,2017-2018,C080276,mono(2-ethyl-5-oxohexyl)phthalate
2005-2006,2005,Phthalates - Urine,PHTHTE_D.xpt,https://wwwn.cdc.gov/Nchs/Data/Nhanes/Public/2005/DataFiles/PHTHTE_D.xpt,https://wwwn.cdc.gov/Nchs/Data/Nhanes/Public/2005/DataFiles/PHTHTE_D.htm,C:\Users\21634\Documents\Codex\2026-08-22\non\work\whynot17\work\nhanes_phase2a\environmental_xpt\2005-2006_PHTHTE_D.xpt,URXMOH,URDMOHLC,WTSB2YR,urine,2548,2522,98.9795918367347,True,2001-2002,2017-2018,C080276,mono(2-ethyl-5-oxohexyl)phthalate
2007-2008,2007,Phthalates - Urine,PHTHTE_E.xpt,https://wwwn.cdc.gov/Nchs/Data/Nhanes/Public/2007/DataFiles/PHTHTE_E.xpt,https://wwwn.cdc.gov/Nchs/Data/Nhanes/Public/2007/DataFiles/PHTHTE_E.htm,C:\Users\21634\Documents\Codex\2026-08-22\non\work\whynot17\work\nhanes_phase2a\environmental_xpt\2007-2008_PHTHTE_E.xpt,URXMOH,URDMOHLC,WTSB2YR,urine,2604,2560,98.31029185867895,True,2001-2002,2017-2018,C080276,mono(2-ethyl-5-oxohexyl)phthalate
2009-2010,2009,Phthalates - Urine,PHTHTE_F.xpt,https://wwwn.cdc.gov/Nchs/Data/Nhanes/Public/2009/DataFiles/PHTHTE_F.xpt,https://wwwn.cdc.gov/Nchs/Data/Nhanes/Public/2009/DataFiles/PHTHTE_F.htm,C:\Users\21634\Documents\Codex\2026-08-22\non\work\whynot17\work\nhanes_phase2a\environmental_xpt\2009-2010_PHTHTE_F.xpt,URXMOH,URDMOHLC,WTSB2YR,urine,2749,2741,99.70898508548564,True,2001-2002,2017-2018,C080276,mono(2-ethyl-5-oxohexyl)phthalate
2011-2012,2011,Phthalates & Plasticizers Metabolites - Urine,PHTHTE_G.xpt,https://wwwn.cdc.gov/Nchs/Data/Nhanes/Public/2011/DataFiles/PHTHTE_G.xpt,https://wwwn.cdc.gov/Nchs/Data/Nhanes/Public/2011/DataFiles/PHTHTE_G.htm,C:\Users\21634\Documents\Codex\2026-08-22\non\work\whynot17\work\nhanes_phase2a\environmental_xpt\2011-2012_PHTHTE_G.xpt,URXMOH,URDMOHLC,WTSA2YR,urine,2489,2480,99.63840899959823,True,2001-2002,2017-2018,C080276,mono(2-ethyl-5-oxohexyl)phthalate
2013-2014,2013,Phthalates and Plasticizers Metabolites - Urine,PHTHTE_H.xpt,https://wwwn.cdc.gov/Nchs/Data/Nhanes/Public/2013/DataFiles/PHTHTE_H.xpt,https://wwwn.cdc.gov/Nchs/Data/Nhanes/Public/2013/DataFiles/PHTHTE_H.htm,C:\Users\21634\Documents\Codex\2026-08-22\non\work\whynot17\work\nhanes_phase2a\environmental_xpt\2013-2014_PHTHTE_H.xpt,URXMOH,URDMOHLC,WTSB2YR,urine,2685,2672,99.51582867783985,True,2001-2002,2017-2018,C080276,mono(2-ethyl-5-oxohexyl)phthalate
2015-2016,2015,Phthalates and Plasticizers Metabolites - Urine,PHTHTE_I.xpt,https://wwwn.cdc.gov/Nchs/Data/Nhanes/Public/2015/DataFiles/PHTHTE_I.xpt,https://wwwn.cdc.gov/Nchs/Data/Nhanes/Public/2015/DataFiles/PHTHTE_I.htm,C:\Users\21634\Documents\Codex\2026-08-22\non\work\whynot17\work\nhanes_phase2a\environmental_xpt\2015-2016_PHTHTE_I.xpt,URXMOH,URDMOHLC,WTSB2YR,urine,2975,2959,99.46218487394958,True,2001-2002,2017-2018,C080276,mono(2-ethyl-5-oxohexyl)phthalate
2017-2018,2017,Phthalates and Plasticizers Metabolites - Urine,PHTHTE_J.xpt,https://wwwn.cdc.gov/Nchs/Data/Nhanes/Public/2017/DataFiles/PHTHTE_J.xpt,https://wwwn.cdc.gov/Nchs/Data/Nhanes/Public/2017/DataFiles/PHTHTE_J.htm,C:\Users\21634\Documents\Codex\2026-08-22\non\work\whynot17\work\nhanes_phase2a\environmental_xpt\2017-2018_PHTHTE_J.xpt,URXMOH,URDMOHLC,WTSB2YR,urine,2762,2739,99.16727009413468,True,2001-2002,2017-2018,C080276,mono(2-ethyl-5-oxohexyl)phthalate
2003-2004,2003,Brominated Flame Retardants (BFRs),L28PBE_C.xpt,https://wwwn.cdc.gov/Nchs/Data/Nhanes/Public/2003/DataFiles/L28PBE_C.xpt,https://wwwn.cdc.gov/Nchs/Data/Nhanes/Public/2003/DataFiles/L28PBE_C.htm,C:\Users\21634\Documents\Codex\2026-08-22\non\work\whynot17\work\nhanes_phase2a\environmental_xpt\2003-2004_L28PBE_C.xpt,LBXBB1,LBDBB1LC,WTSB2YR,serum_or_blood,2032,1485,73.08070866141732,True,2003-2004,2003-2004,D005411,Flame Retardants
2003-2004,2003,Phthalates - Urine,L24PH_C.xpt,https://wwwn.cdc.gov/Nchs/Data/Nhanes/Public/2003/DataFiles/L24PH_C.xpt,https://wwwn.cdc.gov/Nchs/Data/Nhanes/Public/2003/DataFiles/L24PH_C.htm,C:\Users\21634\Documents\Codex\2026-08-22\non\work\whynot17\work\nhanes_phase2a\environmental_xpt\2003-2004_L24PH_C.xpt,URXECP,URDECPLC,WTSB2YR,urine,2605,2604,99.9616122840691,True,2003-2004,2017-2018,C051450,2-ethyl-5-carboxypentyl phthalate
2005-2006,2005,Phthalates - Urine,PHTHTE_D.xpt,https://wwwn.cdc.gov/Nchs/Data/Nhanes/Public/2005/DataFiles/PHTHTE_D.xpt,https://wwwn.cdc.gov/Nchs/Data/Nhanes/Public/2005/DataFiles/PHTHTE_D.htm,C:\Users\21634\Documents\Codex\2026-08-22\non\work\whynot17\work\nhanes_phase2a\environmental_xpt\2005-2006_PHTHTE_D.xpt,URXECP,URDECPLC,WTSB2YR,urine,2548,2547,99.96075353218211,True,2003-2004,2017-2018,C051450,2-ethyl-5-carboxypentyl phthalate
2007-2008,2007,Phthalates - Urine,PHTHTE_E.xpt,https://wwwn.cdc.gov/Nchs/Data/Nhanes/Public/2007/DataFiles/PHTHTE_E.xpt,https://wwwn.cdc.gov/Nchs/Data/Nhanes/Public/2007/DataFiles/PHTHTE_E.htm,C:\Users\21634\Documents\Codex\2026-08-22\non\work\whynot17\work\nhanes_phase2a\environmental_xpt\2007-2008_PHTHTE_E.xpt,URXECP,URDECPLC,WTSB2YR,urine,2604,2602,99.92319508448541,True,2003-2004,2017-2018,C051450,2-ethyl-5-carboxypentyl phthalate
2009-2010,2009,Phthalates - Urine,PHTHTE_F.xpt,https://wwwn.cdc.gov/Nchs/Data/Nhanes/Public/2009/DataFiles/PHTHTE_F.xpt,https://wwwn.cdc.gov/Nchs/Data/Nhanes/Public/2009/DataFiles/PHTHTE_F.htm,C:\Users\21634\Documents\Codex\2026-08-22\non\work\whynot17\work\nhanes_phase2a\environmental_xpt\2009-2010_PHTHTE_F.xpt,URXECP,URDECPLC,WTSB2YR,urine,2749,2748,99.96362313568571,True,2003-2004,2017-2018,C051450,2-ethyl-5-carboxypentyl phthalate
2011-2012,2011,Phthalates & Plasticizers Metabolites - Urine,PHTHTE_G.xpt,https://wwwn.cdc.gov/Nchs/Data/Nhanes/Public/2011/DataFiles/PHTHTE_G.xpt,https://wwwn.cdc.gov/Nchs/Data/Nhanes/Public/2011/DataFiles/PHTHTE_G.htm,C:\Users\21634\Documents\Codex\2026-08-22\non\work\whynot17\work\nhanes_phase2a\environmental_xpt\2011-2012_PHTHTE_G.xpt,URXECP,URDECPLC,WTSA2YR,urine,2489,2482,99.71876255524307,True,2003-2004,2017-2018,C051450,2-ethyl-5-carboxypentyl phthalate
2013-2014,2013,Phthalates and Plasticizers Metabolites - Urine,PHTHTE_H.xpt,https://wwwn.cdc.gov/Nchs/Data/Nhanes/Public/2013/DataFiles/PHTHTE_H.xpt,https://wwwn.cdc.gov/Nchs/Data/Nhanes/Public/2013/DataFiles/PHTHTE_H.htm,C:\Users\21634\Documents\Codex\2026-08-22\non\work\whynot17\work\nhanes_phase2a\environmental_xpt\2013-2014_PHTHTE_H.xpt,URXECP,URDECPLC,WTSB2YR,urine,2685,2679,99.77653631284916,True,2003-2004,2017-2018,C051450,2-ethyl-5-carboxypentyl phthalate
2015-2016,2015,Phthalates and Plasticizers Metabolites - Urine,PHTHTE_I.xpt,https://wwwn.cdc.gov/Nchs/Data/Nhanes/Public/2015/DataFiles/PHTHTE_I.xpt,https://wwwn.cdc.gov/Nchs/Data/Nhanes/Public/2015/DataFiles/PHTHTE_I.htm,C:\Users\21634\Documents\Codex\2026-08-22\non\work\whynot17\work\nhanes_phase2a\environmental_xpt\2015-2016_PHTHTE_I.xpt,URXECP,URDECPLC,WTSB2YR,urine,2975,2969,99.7983193277311,True,2003-2004,2017-2018,C051450,2-ethyl-5-carboxypentyl phthalate
2017-2018,2017,Phthalates and Plasticizers Metabolites - Urine,PHTHTE_J.xpt,https://wwwn.cdc.gov/Nchs/Data/Nhanes/Public/2017/DataFiles/PHTHTE_J.xpt,https://wwwn.cdc.gov/Nchs/Data/Nhanes/Public/2017/DataFiles/PHTHTE_J.htm,C:\Users\21634\Documents\Codex\2026-08-22\non\work\whynot17\work\nhanes_phase2a\environmental_xpt\2017-2018_PHTHTE_J.xpt,URXECP,URDECPLC,WTSB2YR,urine,2762,2757,99.81897175959449,True,2003-2004,2017-2018,C051450,2-ethyl-5-carboxypentyl phthalate
2013-2014,2013,Polycyclic Aromatic Hydrocarbons (PAH) - Urine,PAH_H.xpt,https://wwwn.cdc.gov/Nchs/Data/Nhanes/Public/2013/DataFiles/PAH_H.xpt,https://wwwn.cdc.gov/Nchs/Data/Nhanes/Public/2013/DataFiles/PAH_H.htm,C:\Users\21634\Documents\Codex\2026-08-22\non\work\whynot17\work\nhanes_phase2a\environmental_xpt\2013-2014_PAH_H.xpt,URXP25,URDP25LC,WTSA2YR,urine,2650,2638,99.54716981132076,True,2013-2014,2017-2018,C031181,phenanthrene
2015-2016,2015,Polycyclic Aromatic Hydrocarbons (PAH) - Urine,PAH_I.xpt,https://wwwn.cdc.gov/Nchs/Data/Nhanes/Public/2015/DataFiles/PAH_I.xpt,https://wwwn.cdc.gov/Nchs/Data/Nhanes/Public/2015/DataFiles/PAH_I.htm,C:\Users\21634\Documents\Codex\2026-08-22\non\work\whynot17\work\nhanes_phase2a\environmental_xpt\2015-2016_PAH_I.xpt,URXP25,URDP25LC,WTSA2YR,urine,3035,3026,99.70345963756178,True,2013-2014,2017-2018,C031181,phenanthrene
2017-2018,2017,Polycyclic Aromatic Hydrocarbons (PAH) - Urine,PAH_J.xpt,https://wwwn.cdc.gov/Nchs/Data/Nhanes/Public/2017/DataFiles/PAH_J.xpt,https://wwwn.cdc.gov/Nchs/Data/Nhanes/Public/2017/DataFiles/PAH_J.htm,C:\Users\21634\Documents\Codex\2026-08-22\non\work\whynot17\work\nhanes_phase2a\environmental_xpt\2017-2018_PAH_J.xpt,URXP25,URDP25LC,WTSA2YR,urine,2774,2752,99.20692141312185,True,2013-2014,2017-2018,C031181,phenanthrene
2001-2002,2001,"Phthalates, Phytoestrogens & PAHs - Urine",PHPYPA_B.xpt,https://wwwn.cdc.gov/Nchs/Data/Nhanes/Public/2001/DataFiles/PHPYPA_B.xpt,https://wwwn.cdc.gov/Nchs/Data/Nhanes/Public/2001/DataFiles/PHPYPA_B.htm,C:\Users\21634\Documents\Codex\2026-08-22\non\work\whynot17\work\nhanes_phase2a\environmental_xpt\2001-2002_PHPYPA_B.xpt,URXP10,,WTSPH2YR,urine,2747,2747,100.0,True,2001-2002,2017-2018,C022921,benzo(k)fluoranthene
2003-2004,2003,Polyaromatic Hydrocarbons (PAHs) - Urine,L31PAH_C.xpt,https://wwwn.cdc.gov/Nchs/Data/Nhanes/Public/2003/DataFiles/L31PAH_C.xpt,https://wwwn.cdc.gov/Nchs/Data/Nhanes/Public/2003/DataFiles/L31PAH_C.htm,C:\Users\21634\Documents\Codex\2026-08-22\non\work\whynot17\work\nhanes_phase2a\environmental_xpt\2003-2004_L31PAH_C.xpt,URXP10,URDP10LC,WTSB2YR,urine,2515,2499,99.3638170974155,True,2001-2002,2017-2018,C022921,benzo(k)fluoranthene
2005-2006,2005,Polyaromatic Hydrocarbons (PAHs) - Urine,PAH_D.xpt,https://wwwn.cdc.gov/Nchs/Data/Nhanes/Public/2005/DataFiles/PAH_D.xpt,https://wwwn.cdc.gov/Nchs/Data/Nhanes/Public/2005/DataFiles/PAH_D.htm,C:\Users\21634\Documents\Codex\2026-08-22\non\work\whynot17\work\nhanes_phase2a\environmental_xpt\2005-2006_PAH_D.xpt,URXP10,URDP10LC,WTSB2YR,urine,2415,2411,99.8343685300207,True,2001-2002,2017-2018,C022921,benzo(k)fluoranthene
2007-2008,2007,Polyaromatic Hydrocarbons (PAHs) - Urine,PAH_E.xpt,https://wwwn.cdc.gov/Nchs/Data/Nhanes/Public/2007/DataFiles/PAH_E.xpt,https://wwwn.cdc.gov/Nchs/Data/Nhanes/Public/2007/DataFiles/PAH_E.htm,C:\Users\21634\Documents\Codex\2026-08-22\non\work\whynot17\work\nhanes_phase2a\environmental_xpt\2007-2008_PAH_E.xpt,URXP10,URDP10LC,WTSB2YR,urine,2581,2569,99.5350639287098,True,2001-2002,2017-2018,C022921,benzo(k)fluoranthene
2009-2010,2009,Polyaromatic Hydrocarbons -Urine,PAH_F.xpt,https://wwwn.cdc.gov/Nchs/Data/Nhanes/Public/2009/DataFiles/PAH_F.xpt,https://wwwn.cdc.gov/Nchs/Data/Nhanes/Public/2009/DataFiles/PAH_F.htm,C:\Users\21634\Documents\Codex\2026-08-22\non\work\whynot17\work\nhanes_phase2a\environmental_xpt\2009-2010_PAH_F.xpt,URXP10,URDP10LC,WTSB2YR,urine,2746,2729,99.3809176984705,True,2001-2002,2017-2018,C022921,benzo(k)fluoranthene
2011-2012,2011,Polyaromatic Hydrocarbons (PAHs) - Urine,PAH_G.xpt,https://wwwn.cdc.gov/Nchs/Data/Nhanes/Public/2011/DataFiles/PAH_G.xpt,https://wwwn.cdc.gov/Nchs/Data/Nhanes/Public/2011/DataFiles/PAH_G.htm,C:\Users\21634\Documents\Codex\2026-08-22\non\work\whynot17\work\nhanes_phase2a\environmental_xpt\2011-2012_PAH_G.xpt,URXP10,URDP10LC,WTSA2YR,urine,2487,2458,98.83393646964214,True,2001-2002,2017-2018,C022921,benzo(k)fluoranthene
2013-2014,2013,Polycyclic Aromatic Hydrocarbons (PAH) - Urine,PAH_H.xpt,https://wwwn.cdc.gov/Nchs/Data/Nhanes/Public/2013/DataFiles/PAH_H.xpt,https://wwwn.cdc.gov/Nchs/Data/Nhanes/Public/2013/DataFiles/PAH_H.htm,C:\Users\21634\Documents\Codex\2026-08-22\non\work\whynot17\work\nhanes_phase2a\environmental_xpt\2013-2014_PAH_H.xpt,URXP10,URDP10LC,WTSA2YR,urine,2650,2024,76.37735849056604,True,2001-2002,2017-2018,C022921,benzo(k)fluoranthene
2015-2016,2015,Polycyclic Aromatic Hydrocarbons (PAH) - Urine,PAH_I.xpt,https://wwwn.cdc.gov/Nchs/Data/Nhanes/Public/2015/DataFiles/PAH_I.xpt,https://wwwn.cdc.gov/Nchs/Data/Nhanes/Public/2015/DataFiles/PAH_I.htm,C:\Users\21634\Documents\Codex\2026-08-22\non\work\whynot17\work\nhanes_phase2a\environmental_xpt\2015-2016_PAH_I.xpt,URXP10,URDP10LC,WTSA2YR,urine,3036,2123,69.92753623188406,True,2001-2002,2017-2018,C022921,benzo(k)fluoranthene
2017-2018,2017,Polycyclic Aromatic Hydrocarbons (PAH) - Urine,PAH_J.xpt,https://wwwn.cdc.gov/Nchs/Data/Nhanes/Public/2017/DataFiles/PAH_J.xpt,https://wwwn.cdc.gov/Nchs/Data/Nhanes/Public/2017/DataFiles/PAH_J.htm,C:\Users\21634\Documents\Codex\2026-08-22\non\work\whynot17\work\nhanes_phase2a\environmental_xpt\2017-2018_PAH_J.xpt,URXP10,URDP10LC,WTSA2YR,urine,2775,1671,60.21621621621622,True,2001-2002,2017-2018,C022921,benzo(k)fluoranthene
2001-2002,2001,"Phthalates, Phytoestrogens & PAHs - Urine",PHPYPA_B.xpt,https://wwwn.cdc.gov/Nchs/Data/Nhanes/Public/2001/DataFiles/PHPYPA_B.xpt,https://wwwn.cdc.gov/Nchs/Data/Nhanes/Public/2001/DataFiles/PHPYPA_B.htm,C:\Users\21634\Documents\Codex\2026-08-22\non\work\whynot17\work\nhanes_phase2a\environmental_xpt\2001-2002_PHPYPA_B.xpt,URXP10,,WTSPH2YR,urine,2747,2747,100.0,True,2001-2002,2017-2018,C007738,fluoranthene
2003-2004,2003,Polyaromatic Hydrocarbons (PAHs) - Urine,L31PAH_C.xpt,https://wwwn.cdc.gov/Nchs/Data/Nhanes/Public/2003/DataFiles/L31PAH_C.xpt,https://wwwn.cdc.gov/Nchs/Data/Nhanes/Public/2003/DataFiles/L31PAH_C.htm,C:\Users\21634\Documents\Codex\2026-08-22\non\work\whynot17\work\nhanes_phase2a\environmental_xpt\2003-2004_L31PAH_C.xpt,URXP10,URDP10LC,WTSB2YR,urine,2515,2499,99.3638170974155,True,2001-2002,2017-2018,C007738,fluoranthene
2005-2006,2005,Polyaromatic Hydrocarbons (PAHs) - Urine,PAH_D.xpt,https://wwwn.cdc.gov/Nchs/Data/Nhanes/Public/2005/DataFiles/PAH_D.xpt,https://wwwn.cdc.gov/Nchs/Data/Nhanes/Public/2005/DataFiles/PAH_D.htm,C:\Users\21634\Documents\Codex\2026-08-22\non\work\whynot17\work\nhanes_phase2a\environmental_xpt\2005-2006_PAH_D.xpt,URXP10,URDP10LC,WTSB2YR,urine,2415,2411,99.8343685300207,True,2001-2002,2017-2018,C007738,fluoranthene
2007-2008,2007,Polyaromatic Hydrocarbons (PAHs) - Urine,PAH_E.xpt,https://wwwn.cdc.gov/Nchs/Data/Nhanes/Public/2007/DataFiles/PAH_E.xpt,https://wwwn.cdc.gov/Nchs/Data/Nhanes/Public/2007/DataFiles/PAH_E.htm,C:\Users\21634\Documents\Codex\2026-08-22\non\work\whynot17\work\nhanes_phase2a\environmental_xpt\2007-2008_PAH_E.xpt,URXP10,URDP10LC,WTSB2YR,urine,2581,2569,99.5350639287098,True,2001-2002,2017-2018,C007738,fluoranthene
2009-2010,2009,Polyaromatic Hydrocarbons -Urine,PAH_F.xpt,https://wwwn.cdc.gov/Nchs/Data/Nhanes/Public/2009/DataFiles/PAH_F.xpt,https://wwwn.cdc.gov/Nchs/Data/Nhanes/Public/2009/DataFiles/PAH_F.htm,C:\Users\21634\Documents\Codex\2026-08-22\non\work\whynot17\work\nhanes_phase2a\environmental_xpt\2009-2010_PAH_F.xpt,URXP10,URDP10LC,WTSB2YR,urine,2746,2729,99.3809176984705,True,2001-2002,2017-2018,C007738,fluoranthene
2011-2012,2011,Polyaromatic Hydrocarbons (PAHs) - Urine,PAH_G.xpt,https://wwwn.cdc.gov/Nchs/Data/Nhanes/Public/2011/DataFiles/PAH_G.xpt,https://wwwn.cdc.gov/Nchs/Data/Nhanes/Public/2011/DataFiles/PAH_G.htm,C:\Users\21634\Documents\Codex\2026-08-22\non\work\whynot17\work\nhanes_phase2a\environmental_xpt\2011-2012_PAH_G.xpt,URXP10,URDP10LC,WTSA2YR,urine,2487,2458,98.83393646964214,True,2001-2002,2017-2018,C007738,fluoranthene
2013-2014,2013,Polycyclic Aromatic Hydrocarbons (PAH) - Urine,PAH_H.xpt,https://wwwn.cdc.gov/Nchs/Data/Nhanes/Public/2013/DataFiles/PAH_H.xpt,https://wwwn.cdc.gov/Nchs/Data/Nhanes/Public/2013/DataFiles/PAH_H.htm,C:\Users\21634\Documents\Codex\2026-08-22\non\work\whynot17\work\nhanes_phase2a\environmental_xpt\2013-2014_PAH_H.xpt,URXP10,URDP10LC,WTSA2YR,urine,2650,2024,76.37735849056604,True,2001-2002,2017-2018,C007738,fluoranthene
2015-2016,2015,Polycyclic Aromatic Hydrocarbons (PAH) - Urine,PAH_I.xpt,https://wwwn.cdc.gov/Nchs/Data/Nhanes/Public/2015/DataFiles/PAH_I.xpt,https://wwwn.cdc.gov/Nchs/Data/Nhanes/Public/2015/DataFiles/PAH_I.htm,C:\Users\21634\Documents\Codex\2026-08-22\non\work\whynot17\work\nhanes_phase2a\environmental_xpt\2015-2016_PAH_I.xpt,URXP10,URDP10LC,WTSA2YR,urine,3036,2123,69.92753623188406,True,2001-2002,2017-2018,C007738,fluoranthene
2017-2018,2017,Polycyclic Aromatic Hydrocarbons (PAH) - Urine,PAH_J.xpt,https://wwwn.cdc.gov/Nchs/Data/Nhanes/Public/2017/DataFiles/PAH_J.xpt,https://wwwn.cdc.gov/Nchs/Data/Nhanes/Public/2017/DataFiles/PAH_J.htm,C:\Users\21634\Documents\Codex\2026-08-22\non\work\whynot17\work\nhanes_phase2a\environmental_xpt\2017-2018_PAH_J.xpt,URXP10,URDP10LC,WTSA2YR,urine,2775,1671,60.21621621621622,True,2001-2002,2017-2018,C007738,fluoranthene
2001-2002,2001,"Phthalates, Phytoestrogens & PAHs - Urine",PHPYPA_B.xpt,https://wwwn.cdc.gov/Nchs/Data/Nhanes/Public/2001/DataFiles/PHPYPA_B.xpt,https://wwwn.cdc.gov/Nchs/Data/Nhanes/Public/2001/DataFiles/PHPYPA_B.htm,C:\Users\21634\Documents\Codex\2026-08-22\non\work\whynot17\work\nhanes_phase2a\environmental_xpt\2001-2002_PHPYPA_B.xpt,URXP10,,WTSPH2YR,urine,2747,2747,100.0,True,2001-2002,2017-2018,C041508,"indeno(1,2,3-cd)pyrene"
2003-2004,2003,Polyaromatic Hydrocarbons (PAHs) - Urine,L31PAH_C.xpt,https://wwwn.cdc.gov/Nchs/Data/Nhanes/Public/2003/DataFiles/L31PAH_C.xpt,https://wwwn.cdc.gov/Nchs/Data/Nhanes/Public/2003/DataFiles/L31PAH_C.htm,C:\Users\21634\Documents\Codex\2026-08-22\non\work\whynot17\work\nhanes_phase2a\environmental_xpt\2003-2004_L31PAH_C.xpt,URXP10,URDP10LC,WTSB2YR,urine,2515,2499,99.3638170974155,True,2001-2002,2017-2018,C041508,"indeno(1,2,3-cd)pyrene"
2005-2006,2005,Polyaromatic Hydrocarbons (PAHs) - Urine,PAH_D.xpt,https://wwwn.cdc.gov/Nchs/Data/Nhanes/Public/2005/DataFiles/PAH_D.xpt,https://wwwn.cdc.gov/Nchs/Data/Nhanes/Public/2005/DataFiles/PAH_D.htm,C:\Users\21634\Documents\Codex\2026-08-22\non\work\whynot17\work\nhanes_phase2a\environmental_xpt\2005-2006_PAH_D.xpt,URXP10,URDP10LC,WTSB2YR,urine,2415,2411,99.8343685300207,True,2001-2002,2017-2018,C041508,"indeno(1,2,3-cd)pyrene"
2007-2008,2007,Polyaromatic Hydrocarbons (PAHs) - Urine,PAH_E.xpt,https://wwwn.cdc.gov/Nchs/Data/Nhanes/Public/2007/DataFiles/PAH_E.xpt,https://wwwn.cdc.gov/Nchs/Data/Nhanes/Public/2007/DataFiles/PAH_E.htm,C:\Users\21634\Documents\Codex\2026-08-22\non\work\whynot17\work\nhanes_phase2a\environmental_xpt\2007-2008_PAH_E.xpt,URXP10,URDP10LC,WTSB2YR,urine,2581,2569,99.5350639287098,True,2001-2002,2017-2018,C041508,"indeno(1,2,3-cd)pyrene"
2009-2010,2009,Polyaromatic Hydrocarbons -Urine,PAH_F.xpt,https://wwwn.cdc.gov/Nchs/Data/Nhanes/Public/2009/DataFiles/PAH_F.xpt,https://wwwn.cdc.gov/Nchs/Data/Nhanes/Public/2009/DataFiles/PAH_F.htm,C:\Users\21634\Documents\Codex\2026-08-22\non\work\whynot17\work\nhanes_phase2a\environmental_xpt\2009-2010_PAH_F.xpt,URXP10,URDP10LC,WTSB2YR,urine,2746,2729,99.3809176984705,True,2001-2002,2017-2018,C041508,"indeno(1,2,3-cd)pyrene"
2011-2012,2011,Polyaromatic Hydrocarbons (PAHs) - Urine,PAH_G.xpt,https://wwwn.cdc.gov/Nchs/Data/Nhanes/Public/2011/DataFiles/PAH_G.xpt,https://wwwn.cdc.gov/Nchs/Data/Nhanes/Public/2011/DataFiles/PAH_G.htm,C:\Users\21634\Documents\Codex\2026-08-22\non\work\whynot17\work\nhanes_phase2a\environmental_xpt\2011-2012_PAH_G.xpt,URXP10,URDP10LC,WTSA2YR,urine,2487,2458,98.83393646964214,True,2001-2002,2017-2018,C041508,"indeno(1,2,3-cd)pyrene"
2013-2014,2013,Polycyclic Aromatic Hydrocarbons (PAH) - Urine,PAH_H.xpt,https://wwwn.cdc.gov/Nchs/Data/Nhanes/Public/2013/DataFiles/PAH_H.xpt,https://wwwn.cdc.gov/Nchs/Data/Nhanes/Public/2013/DataFiles/PAH_H.htm,C:\Users\21634\Documents\Codex\2026-08-22\non\work\whynot17\work\nhanes_phase2a\environmental_xpt\2013-2014_PAH_H.xpt,URXP10,URDP10LC,WTSA2YR,urine,2650,2024,76.37735849056604,True,2001-2002,2017-2018,C041508,"indeno(1,2,3-cd)pyrene"
2015-2016,2015,Polycyclic Aromatic Hydrocarbons (PAH) - Urine,PAH_I.xpt,https://wwwn.cdc.gov/Nchs/Data/Nhanes/Public/2015/DataFiles/PAH_I.xpt,https://wwwn.cdc.gov/Nchs/Data/Nhanes/Public/2015/DataFiles/PAH_I.htm,C:\Users\21634\Documents\Codex\2026-08-22\non\work\whynot17\work\nhanes_phase2a\environmental_xpt\2015-2016_PAH_I.xpt,URXP10,URDP10LC,WTSA2YR,urine,3036,2123,69.92753623188406,True,2001-2002,2017-2018,C041508,"indeno(1,2,3-cd)pyrene"
2017-2018,2017,Polycyclic Aromatic Hydrocarbons (PAH) - Urine,PAH_J.xpt,https://wwwn.cdc.gov/Nchs/Data/Nhanes/Public/2017/DataFiles/PAH_J.xpt,https://wwwn.cdc.gov/Nchs/Data/Nhanes/Public/2017/DataFiles/PAH_J.htm,C:\Users\21634\Documents\Codex\2026-08-22\non\work\whynot17\work\nhanes_phase2a\environmental_xpt\2017-2018_PAH_J.xpt,URXP10,URDP10LC,WTSA2YR,urine,2775,1671,60.21621621621622,True,2001-2002,2017-2018,C041508,"indeno(1,2,3-cd)pyrene"
2003-2004,2003,Metals - Urine,L06HM_C.xpt,https://wwwn.cdc.gov/Nchs/Data/Nhanes/Public/2003/DataFiles/L06HM_C.xpt,https://wwwn.cdc.gov/Nchs/Data/Nhanes/Public/2003/DataFiles/L06HM_C.htm,C:\Users\21634\Documents\Codex\2026-08-22\non\work\whynot17\work\nhanes_phase2a\environmental_xpt\2003-2004_L06HM_C.xpt,URXUCD,URDUCDLC,WTSA2YR,urine,2543,2317,91.11285882815572,True,2003-2004,2017-2018,D002104,Cadmium
2005-2006,2005,Metals - Urine,UHM_D.xpt,https://wwwn.cdc.gov/Nchs/Data/Nhanes/Public/2005/DataFiles/UHM_D.xpt,https://wwwn.cdc.gov/Nchs/Data/Nhanes/Public/2005/DataFiles/UHM_D.htm,C:\Users\21634\Documents\Codex\2026-08-22\non\work\whynot17\work\nhanes_phase2a\environmental_xpt\2005-2006_UHM_D.xpt,URXUCD,URDUCDLC,WTSA2YR,urine,2576,2316,89.90683229813665,True,2003-2004,2017-2018,D002104,Cadmium
2007-2008,2007,Metals - Urine,UHM_E.xpt,https://wwwn.cdc.gov/Nchs/Data/Nhanes/Public/2007/DataFiles/UHM_E.xpt,https://wwwn.cdc.gov/Nchs/Data/Nhanes/Public/2007/DataFiles/UHM_E.htm,C:\Users\21634\Documents\Codex\2026-08-22\non\work\whynot17\work\nhanes_phase2a\environmental_xpt\2007-2008_UHM_E.xpt,URXUCD,URDUCDLC,WTSA2YR,urine,2627,2361,89.87438142367719,True,2003-2004,2017-2018,D002104,Cadmium
2009-2010,2009,Metals - Urine,UHM_F.xpt,https://wwwn.cdc.gov/Nchs/Data/Nhanes/Public/2009/DataFiles/UHM_F.xpt,https://wwwn.cdc.gov/Nchs/Data/Nhanes/Public/2009/DataFiles/UHM_F.htm,C:\Users\21634\Documents\Codex\2026-08-22\non\work\whynot17\work\nhanes_phase2a\environmental_xpt\2009-2010_UHM_F.xpt,URXUCD,URDUCDLC,WTSA2YR,urine,2848,2544,89.32584269662921,True,2003-2004,2017-2018,D002104,Cadmium
2011-2012,2011,Metals - Urine,UHM_G.xpt,https://wwwn.cdc.gov/Nchs/Data/Nhanes/Public/2011/DataFiles/UHM_G.xpt,https://wwwn.cdc.gov/Nchs/Data/Nhanes/Public/2011/DataFiles/UHM_G.htm,C:\Users\21634\Documents\Codex\2026-08-22\non\work\whynot17\work\nhanes_phase2a\environmental_xpt\2011-2012_UHM_G.xpt,URXUCD,URDUCDLC,WTSA2YR,urine,2504,1943,77.59584664536742,True,2003-2004,2017-2018,D002104,Cadmium
2013-2014,2013,Metals - Urine,UM_H.xpt,https://wwwn.cdc.gov/Nchs/Data/Nhanes/Public/2013/DataFiles/UM_H.xpt,https://wwwn.cdc.gov/Nchs/Data/Nhanes/Public/2013/DataFiles/UM_H.htm,C:\Users\21634\Documents\Codex\2026-08-22\non\work\whynot17\work\nhanes_phase2a\environmental_xpt\2013-2014_UM_H.xpt,URXUCD,URDUCDLC,WTSA2YR,urine,2664,2181,81.86936936936937,True,2003-2004,2017-2018,D002104,Cadmium
2015-2016,2015,Metals - Urine,UM_I.xpt,https://wwwn.cdc.gov/Nchs/Data/Nhanes/Public/2015/DataFiles/UM_I.xpt,https://wwwn.cdc.gov/Nchs/Data/Nhanes/Public/2015/DataFiles/UM_I.htm,C:\Users\21634\Documents\Codex\2026-08-22\non\work\whynot17\work\nhanes_phase2a\environmental_xpt\2015-2016_UM_I.xpt,URXUCD,URDUCDLC,WTSA2YR,urine,3061,2282,74.55080039202875,True,2003-2004,2017-2018,D002104,Cadmium
2017-2018,2017,Metals - Urine,UM_J.xpt,https://wwwn.cdc.gov/Nchs/Data/Nhanes/Public/2017/DataFiles/UM_J.xpt,https://wwwn.cdc.gov/Nchs/Data/Nhanes/Public/2017/DataFiles/UM_J.htm,C:\Users\21634\Documents\Codex\2026-08-22\non\work\whynot17\work\nhanes_phase2a\environmental_xpt\2017-2018_UM_J.xpt,URXUCD,URDUCDLC,WTSA2YR,urine,2808,2208,78.63247863247864,True,2003-2004,2017-2018,D002104,Cadmium
1999-2000,1999,Metals - Urine,LAB06HM.xpt,https://wwwn.cdc.gov/Nchs/Data/Nhanes/Public/1999/DataFiles/LAB06HM.xpt,https://wwwn.cdc.gov/Nchs/Data/Nhanes/Public/1999/DataFiles/LAB06HM.htm,C:\Users\21634\Documents\Codex\2026-08-22\non\work\whynot17\work\nhanes_phase2a\environmental_xpt\1999-2000_LAB06HM.xpt,URXUCO,,WTSHM2YR,urine,2465,2465,100.0,True,1999-2000,2017-2018,D003035,Cobalt
2001-2002,2001,Metals - Urine,L06HM_B.xpt,https://wwwn.cdc.gov/Nchs/Data/Nhanes/Public/2001/DataFiles/L06HM_B.xpt,https://wwwn.cdc.gov/Nchs/Data/Nhanes/Public/2001/DataFiles/L06HM_B.htm,C:\Users\21634\Documents\Codex\2026-08-22\non\work\whynot17\work\nhanes_phase2a\environmental_xpt\2001-2002_L06HM_B.xpt,URXUCO,,WTSHM2YR,urine,2690,2690,100.0,True,1999-2000,2017-2018,D003035,Cobalt
2003-2004,2003,Metals - Urine,L06HM_C.xpt,https://wwwn.cdc.gov/Nchs/Data/Nhanes/Public/2003/DataFiles/L06HM_C.xpt,https://wwwn.cdc.gov/Nchs/Data/Nhanes/Public/2003/DataFiles/L06HM_C.htm,C:\Users\21634\Documents\Codex\2026-08-22\non\work\whynot17\work\nhanes_phase2a\environmental_xpt\2003-2004_L06HM_C.xpt,URXUCO,URDUCOLC,WTSA2YR,urine,2558,2463,96.28616106333072,True,1999-2000,2017-2018,D003035,Cobalt
2005-2006,2005,Metals - Urine,UHM_D.xpt,https://wwwn.cdc.gov/Nchs/Data/Nhanes/Public/2005/DataFiles/UHM_D.xpt,https://wwwn.cdc.gov/Nchs/Data/Nhanes/Public/2005/DataFiles/UHM_D.htm,C:\Users\21634\Documents\Codex\2026-08-22\non\work\whynot17\work\nhanes_phase2a\environmental_xpt\2005-2006_UHM_D.xpt,URXUCO,URDUCOLC,WTSA2YR,urine,2576,2566,99.61180124223603,True,1999-2000,2017-2018,D003035,Cobalt
2007-2008,2007,Metals - Urine,UHM_E.xpt,https://wwwn.cdc.gov/Nchs/Data/Nhanes/Public/2007/DataFiles/UHM_E.xpt,https://wwwn.cdc.gov/Nchs/Data/Nhanes/Public/2007/DataFiles/UHM_E.htm,C:\Users\21634\Documents\Codex\2026-08-22\non\work\whynot17\work\nhanes_phase2a\environmental_xpt\2007-2008_UHM_E.xpt,URXUCO,URDUCOLC,WTSA2YR,urine,2627,2621,99.771602588504,True,1999-2000,2017-2018,D003035,Cobalt
2009-2010,2009,Metals - Urine,UHM_F.xpt,https://wwwn.cdc.gov/Nchs/Data/Nhanes/Public/2009/DataFiles/UHM_F.xpt,https://wwwn.cdc.gov/Nchs/Data/Nhanes/Public/2009/DataFiles/UHM_F.htm,C:\Users\21634\Documents\Codex\2026-08-22\non\work\whynot17\work\nhanes_phase2a\environmental_xpt\2009-2010_UHM_F.xpt,URXUCO,URDUCOLC,WTSA2YR,urine,2848,2830,99.36797752808988,True,1999-2000,2017-2018,D003035,Cobalt
2011-2012,2011,Metals - Urine,UHM_G.xpt,https://wwwn.cdc.gov/Nchs/Data/Nhanes/Public/2011/DataFiles/UHM_G.xpt,https://wwwn.cdc.gov/Nchs/Data/Nhanes/Public/2011/DataFiles/UHM_G.htm,C:\Users\21634\Documents\Codex\2026-08-22\non\work\whynot17\work\nhanes_phase2a\environmental_xpt\2011-2012_UHM_G.xpt,URXUCO,URDUCOLC,WTSA2YR,urine,2504,2488,99.36102236421725,True,1999-2000,2017-2018,D003035,Cobalt
2013-2014,2013,Metals - Urine,UM_H.xpt,https://wwwn.cdc.gov/Nchs/Data/Nhanes/Public/2013/DataFiles/UM_H.xpt,https://wwwn.cdc.gov/Nchs/Data/Nhanes/Public/2013/DataFiles/UM_H.htm,C:\Users\21634\Documents\Codex\2026-08-22\non\work\whynot17\work\nhanes_phase2a\environmental_xpt\2013-2014_UM_H.xpt,URXUCO,URDUCOLC,WTSA2YR,urine,2664,2662,99.92492492492492,True,1999-2000,2017-2018,D003035,Cobalt
2015-2016,2015,Metals - Urine,UM_I.xpt,https://wwwn.cdc.gov/Nchs/Data/Nhanes/Public/2015/DataFiles/UM_I.xpt,https://wwwn.cdc.gov/Nchs/Data/Nhanes/Public/2015/DataFiles/UM_I.htm,C:\Users\21634\Documents\Codex\2026-08-22\non\work\whynot17\work\nhanes_phase2a\environmental_xpt\2015-2016_UM_I.xpt,URXUCO,URDUCOLC,WTSA2YR,urine,3061,3058,99.90199281280627,True,1999-2000,2017-2018,D003035,Cobalt
2017-2018,2017,Metals - Urine,UM_J.xpt,https://wwwn.cdc.gov/Nchs/Data/Nhanes/Public/2017/DataFiles/UM_J.xpt,https://wwwn.cdc.gov/Nchs/Data/Nhanes/Public/2017/DataFiles/UM_J.htm,C:\Users\21634\Documents\Codex\2026-08-22\non\work\whynot17\work\nhanes_phase2a\environmental_xpt\2017-2018_UM_J.xpt,URXUCO,URDUCOLC,WTSA2YR,urine,2808,2805,99.8931623931624,True,1999-2000,2017-2018,D003035,Cobalt
2003-2004,2003,Environmental Phenols,L24EPH_C.xpt,https://wwwn.cdc.gov/Nchs/Data/Nhanes/Public/2003/DataFiles/L24EPH_C.xpt,https://wwwn.cdc.gov/Nchs/Data/Nhanes/Public/2003/DataFiles/L24EPH_C.htm,C:\Users\21634\Documents\Codex\2026-08-22\non\work\whynot17\work\nhanes_phase2a\environmental_xpt\2003-2004_L24EPH_C.xpt,URXBPH,URDBPHLC,WTSC2YR,urine,2517,2353,93.48430671434247,True,2003-2004,2011-2012,C543008,bisphenol S
2005-2006,2005,Environmental Phenols & Parabens,EPH_D.xpt,https://wwwn.cdc.gov/Nchs/Data/Nhanes/Public/2005/DataFiles/EPH_D.xpt,https://wwwn.cdc.gov/Nchs/Data/Nhanes/Public/2005/DataFiles/EPH_D.htm,C:\Users\21634\Documents\Codex\2026-08-22\non\work\whynot17\work\nhanes_phase2a\environmental_xpt\2005-2006_EPH_D.xpt,URXBPH,URDBPHLC,WTSB2YR,urine,2548,2366,92.85714285714286,True,2003-2004,2011-2012,C543008,bisphenol S
2007-2008,2007,Environmental Phenols,EPH_E.xpt,https://wwwn.cdc.gov/Nchs/Data/Nhanes/Public/2007/DataFiles/EPH_E.xpt,https://wwwn.cdc.gov/Nchs/Data/Nhanes/Public/2007/DataFiles/EPH_E.htm,C:\Users\21634\Documents\Codex\2026-08-22\non\work\whynot17\work\nhanes_phase2a\environmental_xpt\2007-2008_EPH_E.xpt,URXBPH,URDBPHLC,WTSB2YR,urine,2604,2438,93.62519201228879,True,2003-2004,2011-2012,C543008,bisphenol S
2009-2010,2009,Environmental Phenols,EPH_F.xpt,https://wwwn.cdc.gov/Nchs/Data/Nhanes/Public/2009/DataFiles/EPH_F.xpt,https://wwwn.cdc.gov/Nchs/Data/Nhanes/Public/2009/DataFiles/EPH_F.htm,C:\Users\21634\Documents\Codex\2026-08-22\non\work\whynot17\work\nhanes_phase2a\environmental_xpt\2009-2010_EPH_F.xpt,URXBPH,URDBPHLC,WTSB2YR,urine,2749,2528,91.96071298654056,True,2003-2004,2011-2012,C543008,bisphenol S
2011-2012,2011,Environmental Phenols & Parabens,EPH_G.xpt,https://wwwn.cdc.gov/Nchs/Data/Nhanes/Public/2011/DataFiles/EPH_G.xpt,https://wwwn.cdc.gov/Nchs/Data/Nhanes/Public/2011/DataFiles/EPH_G.htm,C:\Users\21634\Documents\Codex\2026-08-22\non\work\whynot17\work\nhanes_phase2a\environmental_xpt\2011-2012_EPH_G.xpt,URXBPH,URDBPHLC,WTSA2YR,urine,2489,2233,89.71474487746083,True,2003-2004,2011-2012,C543008,bisphenol S
2001-2002,2001,"Phthalates, Phytoestrogens & PAHs - Urine",PHPYPA_B.xpt,https://wwwn.cdc.gov/Nchs/Data/Nhanes/Public/2001/DataFiles/PHPYPA_B.xpt,https://wwwn.cdc.gov/Nchs/Data/Nhanes/Public/2001/DataFiles/PHPYPA_B.htm,C:\Users\21634\Documents\Codex\2026-08-22\non\work\whynot17\work\nhanes_phase2a\environmental_xpt\2001-2002_PHPYPA_B.xpt,URXP10,,WTSPH2YR,urine,2747,2747,100.0,True,2001-2002,2017-2018,C032121,7-methylbenzo(a)pyrene
2003-2004,2003,Polyaromatic Hydrocarbons (PAHs) - Urine,L31PAH_C.xpt,https://wwwn.cdc.gov/Nchs/Data/Nhanes/Public/2003/DataFiles/L31PAH_C.xpt,https://wwwn.cdc.gov/Nchs/Data/Nhanes/Public/2003/DataFiles/L31PAH_C.htm,C:\Users\21634\Documents\Codex\2026-08-22\non\work\whynot17\work\nhanes_phase2a\environmental_xpt\2003-2004_L31PAH_C.xpt,URXP10,URDP10LC,WTSB2YR,urine,2515,2499,99.3638170974155,True,2001-2002,2017-2018,C032121,7-methylbenzo(a)pyrene
2005-2006,2005,Polyaromatic Hydrocarbons (PAHs) - Urine,PAH_D.xpt,https://wwwn.cdc.gov/Nchs/Data/Nhanes/Public/2005/DataFiles/PAH_D.xpt,https://wwwn.cdc.gov/Nchs/Data/Nhanes/Public/2005/DataFiles/PAH_D.htm,C:\Users\21634\Documents\Codex\2026-08-22\non\work\whynot17\work\nhanes_phase2a\environmental_xpt\2005-2006_PAH_D.xpt,URXP10,URDP10LC,WTSB2YR,urine,2415,2411,99.8343685300207,True,2001-2002,2017-2018,C032121,7-methylbenzo(a)pyrene
2007-2008,2007,Polyaromatic Hydrocarbons (PAHs) - Urine,PAH_E.xpt,https://wwwn.cdc.gov/Nchs/Data/Nhanes/Public/2007/DataFiles/PAH_E.xpt,https://wwwn.cdc.gov/Nchs/Data/Nhanes/Public/2007/DataFiles/PAH_E.htm,C:\Users\21634\Documents\Codex\2026-08-22\non\work\whynot17\work\nhanes_phase2a\environmental_xpt\2007-2008_PAH_E.xpt,URXP10,URDP10LC,WTSB2YR,urine,2581,2569,99.5350639287098,True,2001-2002,2017-2018,C032121,7-methylbenzo(a)pyrene
2009-2010,2009,Polyaromatic Hydrocarbons -Urine,PAH_F.xpt,https://wwwn.cdc.gov/Nchs/Data/Nhanes/Public/2009/DataFiles/PAH_F.xpt,https://wwwn.cdc.gov/Nchs/Data/Nhanes/Public/2009/DataFiles/PAH_F.htm,C:\Users\21634\Documents\Codex\2026-08-22\non\work\whynot17\work\nhanes_phase2a\environmental_xpt\2009-2010_PAH_F.xpt,URXP10,URDP10LC,WTSB2YR,urine,2746,2729,99.3809176984705,True,2001-2002,2017-2018,C032121,7-methylbenzo(a)pyrene
2011-2012,2011,Polyaromatic Hydrocarbons (PAHs) - Urine,PAH_G.xpt,https://wwwn.cdc.gov/Nchs/Data/Nhanes/Public/2011/DataFiles/PAH_G.xpt,https://wwwn.cdc.gov/Nchs/Data/Nhanes/Public/2011/DataFiles/PAH_G.htm,C:\Users\21634\Documents\Codex\2026-08-22\non\work\whynot17\work\nhanes_phase2a\environmental_xpt\2011-2012_PAH_G.xpt,URXP10,URDP10LC,WTSA2YR,urine,2487,2458,98.83393646964214,True,2001-2002,2017-2018,C032121,7-methylbenzo(a)pyrene
2013-2014,2013,Polycyclic Aromatic Hydrocarbons (PAH) - Urine,PAH_H.xpt,https://wwwn.cdc.gov/Nchs/Data/Nhanes/Public/2013/DataFiles/PAH_H.xpt,https://wwwn.cdc.gov/Nchs/Data/Nhanes/Public/2013/DataFiles/PAH_H.htm,C:\Users\21634\Documents\Codex\2026-08-22\non\work\whynot17\work\nhanes_phase2a\environmental_xpt\2013-2014_PAH_H.xpt,URXP10,URDP10LC,WTSA2YR,urine,2650,2024,76.37735849056604,True,2001-2002,2017-2018,C032121,7-methylbenzo(a)pyrene
2015-2016,2015,Polycyclic Aromatic Hydrocarbons (PAH) - Urine,PAH_I.xpt,https://wwwn.cdc.gov/Nchs/Data/Nhanes/Public/2015/DataFiles/PAH_I.xpt,https://wwwn.cdc.gov/Nchs/Data/Nhanes/Public/2015/DataFiles/PAH_I.htm,C:\Users\21634\Documents\Codex\2026-08-22\non\work\whynot17\work\nhanes_phase2a\environmental_xpt\2015-2016_PAH_I.xpt,URXP10,URDP10LC,WTSA2YR,urine,3036,2123,69.92753623188406,True,2001-2002,2017-2018,C032121,7-methylbenzo(a)pyrene
2017-2018,2017,Polycyclic Aromatic Hydrocarbons (PAH) - Urine,PAH_J.xpt,https://wwwn.cdc.gov/Nchs/Data/Nhanes/Public/2017/DataFiles/PAH_J.xpt,https://wwwn.cdc.gov/Nchs/Data/Nhanes/Public/2017/DataFiles/PAH_J.htm,C:\Users\21634\Documents\Codex\2026-08-22\non\work\whynot17\work\nhanes_phase2a\environmental_xpt\2017-2018_PAH_J.xpt,URXP10,URDP10LC,WTSA2YR,urine,2775,1671,60.21621621621622,True,2001-2002,2017-2018,C032121,7-methylbenzo(a)pyrene
2003-2004,2003,Environmental Phenols,L24EPH_C.xpt,https://wwwn.cdc.gov/Nchs/Data/Nhanes/Public/2003/DataFiles/L24EPH_C.xpt,https://wwwn.cdc.gov/Nchs/Data/Nhanes/Public/2003/DataFiles/L24EPH_C.htm,C:\Users\21634\Documents\Codex\2026-08-22\non\work\whynot17\work\nhanes_phase2a\environmental_xpt\2003-2004_L24EPH_C.xpt,URXBPH,URDBPHLC,WTSC2YR,urine,2517,2353,93.48430671434247,True,2003-2004,2011-2012,C006780,bisphenol A
2005-2006,2005,Environmental Phenols & Parabens,EPH_D.xpt,https://wwwn.cdc.gov/Nchs/Data/Nhanes/Public/2005/DataFiles/EPH_D.xpt,https://wwwn.cdc.gov/Nchs/Data/Nhanes/Public/2005/DataFiles/EPH_D.htm,C:\Users\21634\Documents\Codex\2026-08-22\non\work\whynot17\work\nhanes_phase2a\environmental_xpt\2005-2006_EPH_D.xpt,URXBPH,URDBPHLC,WTSB2YR,urine,2548,2366,92.85714285714286,True,2003-2004,2011-2012,C006780,bisphenol A
2007-2008,2007,Environmental Phenols,EPH_E.xpt,https://wwwn.cdc.gov/Nchs/Data/Nhanes/Public/2007/DataFiles/EPH_E.xpt,https://wwwn.cdc.gov/Nchs/Data/Nhanes/Public/2007/DataFiles/EPH_E.htm,C:\Users\21634\Documents\Codex\2026-08-22\non\work\whynot17\work\nhanes_phase2a\environmental_xpt\2007-2008_EPH_E.xpt,URXBPH,URDBPHLC,WTSB2YR,urine,2604,2438,93.62519201228879,True,2003-2004,2011-2012,C006780,bisphenol A
2009-2010,2009,Environmental Phenols,EPH_F.xpt,https://wwwn.cdc.gov/Nchs/Data/Nhanes/Public/2009/DataFiles/EPH_F.xpt,https://wwwn.cdc.gov/Nchs/Data/Nhanes/Public/2009/DataFiles/EPH_F.htm,C:\Users\21634\Documents\Codex\2026-08-22\non\work\whynot17\work\nhanes_phase2a\environmental_xpt\2009-2010_EPH_F.xpt,URXBPH,URDBPHLC,WTSB2YR,urine,2749,2528,91.96071298654056,True,2003-2004,2011-2012,C006780,bisphenol A
2011-2012,2011,Environmental Phenols & Parabens,EPH_G.xpt,https://wwwn.cdc.gov/Nchs/Data/Nhanes/Public/2011/DataFiles/EPH_G.xpt,https://wwwn.cdc.gov/Nchs/Data/Nhanes/Public/2011/DataFiles/EPH_G.htm,C:\Users\21634\Documents\Codex\2026-08-22\non\work\whynot17\work\nhanes_phase2a\environmental_xpt\2011-2012_EPH_G.xpt,URXBPH,URDBPHLC,WTSA2YR,urine,2489,2233,89.71474487746083,True,2003-2004,2011-2012,C006780,bisphenol A
2001-2002,2001,"Phthalates, Phytoestrogens & PAHs - Urine",PHPYPA_B.xpt,https://wwwn.cdc.gov/Nchs/Data/Nhanes/Public/2001/DataFiles/PHPYPA_B.xpt,https://wwwn.cdc.gov/Nchs/Data/Nhanes/Public/2001/DataFiles/PHPYPA_B.htm,C:\Users\21634\Documents\Codex\2026-08-22\non\work\whynot17\work\nhanes_phase2a\environmental_xpt\2001-2002_PHPYPA_B.xpt,URXP10,,WTSPH2YR,urine,2747,2747,100.0,True,2001-2002,2017-2018,C006703,benzo(b)fluoranthene
2003-2004,2003,Polyaromatic Hydrocarbons (PAHs) - Urine,L31PAH_C.xpt,https://wwwn.cdc.gov/Nchs/Data/Nhanes/Public/2003/DataFiles/L31PAH_C.xpt,https://wwwn.cdc.gov/Nchs/Data/Nhanes/Public/2003/DataFiles/L31PAH_C.htm,C:\Users\21634\Documents\Codex\2026-08-22\non\work\whynot17\work\nhanes_phase2a\environmental_xpt\2003-2004_L31PAH_C.xpt,URXP10,URDP10LC,WTSB2YR,urine,2515,2499,99.3638170974155,True,2001-2002,2017-2018,C006703,benzo(b)fluoranthene
2005-2006,2005,Polyaromatic Hydrocarbons (PAHs) - Urine,PAH_D.xpt,https://wwwn.cdc.gov/Nchs/Data/Nhanes/Public/2005/DataFiles/PAH_D.xpt,https://wwwn.cdc.gov/Nchs/Data/Nhanes/Public/2005/DataFiles/PAH_D.htm,C:\Users\21634\Documents\Codex\2026-08-22\non\work\whynot17\work\nhanes_phase2a\environmental_xpt\2005-2006_PAH_D.xpt,URXP10,URDP10LC,WTSB2YR,urine,2415,2411,99.8343685300207,True,2001-2002,2017-2018,C006703,benzo(b)fluoranthene
2007-2008,2007,Polyaromatic Hydrocarbons (PAHs) - Urine,PAH_E.xpt,https://wwwn.cdc.gov/Nchs/Data/Nhanes/Public/2007/DataFiles/PAH_E.xpt,https://wwwn.cdc.gov/Nchs/Data/Nhanes/Public/2007/DataFiles/PAH_E.htm,C:\Users\21634\Documents\Codex\2026-08-22\non\work\whynot17\work\nhanes_phase2a\environmental_xpt\2007-2008_PAH_E.xpt,URXP10,URDP10LC,WTSB2YR,urine,2581,2569,99.5350639287098,True,2001-2002,2017-2018,C006703,benzo(b)fluoranthene
2009-2010,2009,Polyaromatic Hydrocarbons -Urine,PAH_F.xpt,https://wwwn.cdc.gov/Nchs/Data/Nhanes/Public/2009/DataFiles/PAH_F.xpt,https://wwwn.cdc.gov/Nchs/Data/Nhanes/Public/2009/DataFiles/PAH_F.htm,C:\Users\21634\Documents\Codex\2026-08-22\non\work\whynot17\work\nhanes_phase2a\environmental_xpt\2009-2010_PAH_F.xpt,URXP10,URDP10LC,WTSB2YR,urine,2746,2729,99.3809176984705,True,2001-2002,2017-2018,C006703,benzo(b)fluoranthene
2011-2012,2011,Polyaromatic Hydrocarbons (PAHs) - Urine,PAH_G.xpt,https://wwwn.cdc.gov/Nchs/Data/Nhanes/Public/2011/DataFiles/PAH_G.xpt,https://wwwn.cdc.gov/Nchs/Data/Nhanes/Public/2011/DataFiles/PAH_G.htm,C:\Users\21634\Documents\Codex\2026-08-22\non\work\whynot17\work\nhanes_phase2a\environmental_xpt\2011-2012_PAH_G.xpt,URXP10,URDP10LC,WTSA2YR,urine,2487,2458,98.83393646964214,True,2001-2002,2017-2018,C006703,benzo(b)fluoranthene
2013-2014,2013,Polycyclic Aromatic Hydrocarbons (PAH) - Urine,PAH_H.xpt,https://wwwn.cdc.gov/Nchs/Data/Nhanes/Public/2013/DataFiles/PAH_H.xpt,https://wwwn.cdc.gov/Nchs/Data/Nhanes/Public/2013/DataFiles/PAH_H.htm,C:\Users\21634\Documents\Codex\2026-08-22\non\work\whynot17\work\nhanes_phase2a\environmental_xpt\2013-2014_PAH_H.xpt,URXP10,URDP10LC,WTSA2YR,urine,2650,2024,76.37735849056604,True,2001-2002,2017-2018,C006703,benzo(b)fluoranthene
2015-2016,2015,Polycyclic Aromatic Hydrocarbons (PAH) - Urine,PAH_I.xpt,https://wwwn.cdc.gov/Nchs/Data/Nhanes/Public/2015/DataFiles/PAH_I.xpt,https://wwwn.cdc.gov/Nchs/Data/Nhanes/Public/2015/DataFiles/PAH_I.htm,C:\Users\21634\Documents\Codex\2026-08-22\non\work\whynot17\work\nhanes_phase2a\environmental_xpt\2015-2016_PAH_I.xpt,URXP10,URDP10LC,WTSA2YR,urine,3036,2123,69.92753623188406,True,2001-2002,2017-2018,C006703,benzo(b)fluoranthene
2017-2018,2017,Polycyclic Aromatic Hydrocarbons (PAH) - Urine,PAH_J.xpt,https://wwwn.cdc.gov/Nchs/Data/Nhanes/Public/2017/DataFiles/PAH_J.xpt,https://wwwn.cdc.gov/Nchs/Data/Nhanes/Public/2017/DataFiles/PAH_J.htm,C:\Users\21634\Documents\Codex\2026-08-22\non\work\whynot17\work\nhanes_phase2a\environmental_xpt\2017-2018_PAH_J.xpt,URXP10,URDP10LC,WTSA2YR,urine,2775,1671,60.21621621621622,True,2001-2002,2017-2018,C006703,benzo(b)fluoranthene
2001-2002,2001,"Phthalates, Phytoestrogens & PAHs - Urine",PHPYPA_B.xpt,https://wwwn.cdc.gov/Nchs/Data/Nhanes/Public/2001/DataFiles/PHPYPA_B.xpt,https://wwwn.cdc.gov/Nchs/Data/Nhanes/Public/2001/DataFiles/PHPYPA_B.htm,C:\Users\21634\Documents\Codex\2026-08-22\non\work\whynot17\work\nhanes_phase2a\environmental_xpt\2001-2002_PHPYPA_B.xpt,URXP10,,WTSPH2YR,urine,2747,2747,100.0,True,2001-2002,2017-2018,C031180,chrysene
2003-2004,2003,Polyaromatic Hydrocarbons (PAHs) - Urine,L31PAH_C.xpt,https://wwwn.cdc.gov/Nchs/Data/Nhanes/Public/2003/DataFiles/L31PAH_C.xpt,https://wwwn.cdc.gov/Nchs/Data/Nhanes/Public/2003/DataFiles/L31PAH_C.htm,C:\Users\21634\Documents\Codex\2026-08-22\non\work\whynot17\work\nhanes_phase2a\environmental_xpt\2003-2004_L31PAH_C.xpt,URXP10,URDP10LC,WTSB2YR,urine,2515,2499,99.3638170974155,True,2001-2002,2017-2018,C031180,chrysene
2005-2006,2005,Polyaromatic Hydrocarbons (PAHs) - Urine,PAH_D.xpt,https://wwwn.cdc.gov/Nchs/Data/Nhanes/Public/2005/DataFiles/PAH_D.xpt,https://wwwn.cdc.gov/Nchs/Data/Nhanes/Public/2005/DataFiles/PAH_D.htm,C:\Users\21634\Documents\Codex\2026-08-22\non\work\whynot17\work\nhanes_phase2a\environmental_xpt\2005-2006_PAH_D.xpt,URXP10,URDP10LC,WTSB2YR,urine,2415,2411,99.8343685300207,True,2001-2002,2017-2018,C031180,chrysene
2007-2008,2007,Polyaromatic Hydrocarbons (PAHs) - Urine,PAH_E.xpt,https://wwwn.cdc.gov/Nchs/Data/Nhanes/Public/2007/DataFiles/PAH_E.xpt,https://wwwn.cdc.gov/Nchs/Data/Nhanes/Public/2007/DataFiles/PAH_E.htm,C:\Users\21634\Documents\Codex\2026-08-22\non\work\whynot17\work\nhanes_phase2a\environmental_xpt\2007-2008_PAH_E.xpt,URXP10,URDP10LC,WTSB2YR,urine,2581,2569,99.5350639287098,True,2001-2002,2017-2018,C031180,chrysene
2009-2010,2009,Polyaromatic Hydrocarbons -Urine,PAH_F.xpt,https://wwwn.cdc.gov/Nchs/Data/Nhanes/Public/2009/DataFiles/PAH_F.xpt,https://wwwn.cdc.gov/Nchs/Data/Nhanes/Public/2009/DataFiles/PAH_F.htm,C:\Users\21634\Documents\Codex\2026-08-22\non\work\whynot17\work\nhanes_phase2a\environmental_xpt\2009-2010_PAH_F.xpt,URXP10,URDP10LC,WTSB2YR,urine,2746,2729,99.3809176984705,True,2001-2002,2017-2018,C031180,chrysene
2011-2012,2011,Polyaromatic Hydrocarbons (PAHs) - Urine,PAH_G.xpt,https://wwwn.cdc.gov/Nchs/Data/Nhanes/Public/2011/DataFiles/PAH_G.xpt,https://wwwn.cdc.gov/Nchs/Data/Nhanes/Public/2011/DataFiles/PAH_G.htm,C:\Users\21634\Documents\Codex\2026-08-22\non\work\whynot17\work\nhanes_phase2a\environmental_xpt\2011-2012_PAH_G.xpt,URXP10,URDP10LC,WTSA2YR,urine,2487,2458,98.83393646964214,True,2001-2002,2017-2018,C031180,chrysene
2013-2014,2013,Polycyclic Aromatic Hydrocarbons (PAH) - Urine,PAH_H.xpt,https://wwwn.cdc.gov/Nchs/Data/Nhanes/Public/2013/DataFiles/PAH_H.xpt,https://wwwn.cdc.gov/Nchs/Data/Nhanes/Public/2013/DataFiles/PAH_H.htm,C:\Users\21634\Documents\Codex\2026-08-22\non\work\whynot17\work\nhanes_phase2a\environmental_xpt\2013-2014_PAH_H.xpt,URXP10,URDP10LC,WTSA2YR,urine,2650,2024,76.37735849056604,True,2001-2002,2017-2018,C031180,chrysene
2015-2016,2015,Polycyclic Aromatic Hydrocarbons (PAH) - Urine,PAH_I.xpt,https://wwwn.cdc.gov/Nchs/Data/Nhanes/Public/2015/DataFiles/PAH_I.xpt,https://wwwn.cdc.gov/Nchs/Data/Nhanes/Public/2015/DataFiles/PAH_I.htm,C:\Users\21634\Documents\Codex\2026-08-22\non\work\whynot17\work\nhanes_phase2a\environmental_xpt\2015-2016_PAH_I.xpt,URXP10,URDP10LC,WTSA2YR,urine,3036,2123,69.92753623188406,True,2001-2002,2017-2018,C031180,chrysene
2017-2018,2017,Polycyclic Aromatic Hydrocarbons (PAH) - Urine,PAH_J.xpt,https://wwwn.cdc.gov/Nchs/Data/Nhanes/Public/2017/DataFiles/PAH_J.xpt,https://wwwn.cdc.gov/Nchs/Data/Nhanes/Public/2017/DataFiles/PAH_J.htm,C:\Users\21634\Documents\Codex\2026-08-22\non\work\whynot17\work\nhanes_phase2a\environmental_xpt\2017-2018_PAH_J.xpt,URXP10,URDP10LC,WTSA2YR,urine,2775,1671,60.21621621621622,True,2001-2002,2017-2018,C031180,chrysene
2001-2002,2001,"Phthalates, Phytoestrogens & PAHs - Urine",PHPYPA_B.xpt,https://wwwn.cdc.gov/Nchs/Data/Nhanes/Public/2001/DataFiles/PHPYPA_B.xpt,https://wwwn.cdc.gov/Nchs/Data/Nhanes/Public/2001/DataFiles/PHPYPA_B.htm,C:\Users\21634\Documents\Codex\2026-08-22\non\work\whynot17\work\nhanes_phase2a\environmental_xpt\2001-2002_PHPYPA_B.xpt,URXP10,,WTSPH2YR,urine,2747,2747,100.0,True,2001-2002,2017-2018,C041517,"dibenzo(a,l)pyrene"
2003-2004,2003,Polyaromatic Hydrocarbons (PAHs) - Urine,L31PAH_C.xpt,https://wwwn.cdc.gov/Nchs/Data/Nhanes/Public/2003/DataFiles/L31PAH_C.xpt,https://wwwn.cdc.gov/Nchs/Data/Nhanes/Public/2003/DataFiles/L31PAH_C.htm,C:\Users\21634\Documents\Codex\2026-08-22\non\work\whynot17\work\nhanes_phase2a\environmental_xpt\2003-2004_L31PAH_C.xpt,URXP10,URDP10LC,WTSB2YR,urine,2515,2499,99.3638170974155,True,2001-2002,2017-2018,C041517,"dibenzo(a,l)pyrene"
2005-2006,2005,Polyaromatic Hydrocarbons (PAHs) - Urine,PAH_D.xpt,https://wwwn.cdc.gov/Nchs/Data/Nhanes/Public/2005/DataFiles/PAH_D.xpt,https://wwwn.cdc.gov/Nchs/Data/Nhanes/Public/2005/DataFiles/PAH_D.htm,C:\Users\21634\Documents\Codex\2026-08-22\non\work\whynot17\work\nhanes_phase2a\environmental_xpt\2005-2006_PAH_D.xpt,URXP10,URDP10LC,WTSB2YR,urine,2415,2411,99.8343685300207,True,2001-2002,2017-2018,C041517,"dibenzo(a,l)pyrene"
2007-2008,2007,Polyaromatic Hydrocarbons (PAHs) - Urine,PAH_E.xpt,https://wwwn.cdc.gov/Nchs/Data/Nhanes/Public/2007/DataFiles/PAH_E.xpt,https://wwwn.cdc.gov/Nchs/Data/Nhanes/Public/2007/DataFiles/PAH_E.htm,C:\Users\21634\Documents\Codex\2026-08-22\non\work\whynot17\work\nhanes_phase2a\environmental_xpt\2007-2008_PAH_E.xpt,URXP10,URDP10LC,WTSB2YR,urine,2581,2569,99.5350639287098,True,2001-2002,2017-2018,C041517,"dibenzo(a,l)pyrene"
2009-2010,2009,Polyaromatic Hydrocarbons -Urine,PAH_F.xpt,https://wwwn.cdc.gov/Nchs/Data/Nhanes/Public/2009/DataFiles/PAH_F.xpt,https://wwwn.cdc.gov/Nchs/Data/Nhanes/Public/2009/DataFiles/PAH_F.htm,C:\Users\21634\Documents\Codex\2026-08-22\non\work\whynot17\work\nhanes_phase2a\environmental_xpt\2009-2010_PAH_F.xpt,URXP10,URDP10LC,WTSB2YR,urine,2746,2729,99.3809176984705,True,2001-2002,2017-2018,C041517,"dibenzo(a,l)pyrene"
2011-2012,2011,Polyaromatic Hydrocarbons (PAHs) - Urine,PAH_G.xpt,https://wwwn.cdc.gov/Nchs/Data/Nhanes/Public/2011/DataFiles/PAH_G.xpt,https://wwwn.cdc.gov/Nchs/Data/Nhanes/Public/2011/DataFiles/PAH_G.htm,C:\Users\21634\Documents\Codex\2026-08-22\non\work\whynot17\work\nhanes_phase2a\environmental_xpt\2011-2012_PAH_G.xpt,URXP10,URDP10LC,WTSA2YR,urine,2487,2458,98.83393646964214,True,2001-2002,2017-2018,C041517,"dibenzo(a,l)pyrene"
2013-2014,2013,Polycyclic Aromatic Hydrocarbons (PAH) - Urine,PAH_H.xpt,https://wwwn.cdc.gov/Nchs/Data/Nhanes/Public/2013/DataFiles/PAH_H.xpt,https://wwwn.cdc.gov/Nchs/Data/Nhanes/Public/2013/DataFiles/PAH_H.htm,C:\Users\21634\Documents\Codex\2026-08-22\non\work\whynot17\work\nhanes_phase2a\environmental_xpt\2013-2014_PAH_H.xpt,URXP10,URDP10LC,WTSA2YR,urine,2650,2024,76.37735849056604,True,2001-2002,2017-2018,C041517,"dibenzo(a,l)pyrene"
2015-2016,2015,Polycyclic Aromatic Hydrocarbons (PAH) - Urine,PAH_I.xpt,https://wwwn.cdc.gov/Nchs/Data/Nhanes/Public/2015/DataFiles/PAH_I.xpt,https://wwwn.cdc.gov/Nchs/Data/Nhanes/Public/2015/DataFiles/PAH_I.htm,C:\Users\21634\Documents\Codex\2026-08-22\non\work\whynot17\work\nhanes_phase2a\environmental_xpt\2015-2016_PAH_I.xpt,URXP10,URDP10LC,WTSA2YR,urine,3036,2123,69.92753623188406,True,2001-2002,2017-2018,C041517,"dibenzo(a,l)pyrene"
2017-2018,2017,Polycyclic Aromatic Hydrocarbons (PAH) - Urine,PAH_J.xpt,https://wwwn.cdc.gov/Nchs/Data/Nhanes/Public/2017/DataFiles/PAH_J.xpt,https://wwwn.cdc.gov/Nchs/Data/Nhanes/Public/2017/DataFiles/PAH_J.htm,C:\Users\21634\Documents\Codex\2026-08-22\non\work\whynot17\work\nhanes_phase2a\environmental_xpt\2017-2018_PAH_J.xpt,URXP10,URDP10LC,WTSA2YR,urine,2775,1671,60.21621621621622,True,2001-2002,2017-2018,C041517,"dibenzo(a,l)pyrene"
2001-2002,2001,"Phthalates, Phytoestrogens & PAHs - Urine",PHPYPA_B.xpt,https://wwwn.cdc.gov/Nchs/Data/Nhanes/Public/2001/DataFiles/PHPYPA_B.xpt,https://wwwn.cdc.gov/Nchs/Data/Nhanes/Public/2001/DataFiles/PHPYPA_B.htm,C:\Users\21634\Documents\Codex\2026-08-22\non\work\whynot17\work\nhanes_phase2a\environmental_xpt\2001-2002_PHPYPA_B.xpt,URXMHH,,WTSPH2YR,urine,2782,2782,100.0,False,2001-2002,2017-2018,D004051,Diethylhexyl Phthalate
2001-2002,2001,"Phthalates, Phytoestrogens & PAHs - Urine",PHPYPA_B.xpt,https://wwwn.cdc.gov/Nchs/Data/Nhanes/Public/2001/DataFiles/PHPYPA_B.xpt,https://wwwn.cdc.gov/Nchs/Data/Nhanes/Public/2001/DataFiles/PHPYPA_B.htm,C:\Users\21634\Documents\Codex\2026-08-22\non\work\whynot17\work\nhanes_phase2a\environmental_xpt\2001-2002_PHPYPA_B.xpt,URXMOH,,WTSPH2YR,urine,2782,2782,100.0,False,2001-2002,2017-2018,D004051,Diethylhexyl Phthalate
2003-2004,2003,Phthalates - Urine,L24PH_C.xpt,https://wwwn.cdc.gov/Nchs/Data/Nhanes/Public/2003/DataFiles/L24PH_C.xpt,https://wwwn.cdc.gov/Nchs/Data/Nhanes/Public/2003/DataFiles/L24PH_C.htm,C:\Users\21634\Documents\Codex\2026-08-22\non\work\whynot17\work\nhanes_phase2a\environmental_xpt\2003-2004_L24PH_C.xpt,URXMHH,URDMHHLC,WTSB2YR,urine,2605,2598,99.73128598848369,False,2001-2002,2017-2018,D004051,Diethylhexyl Phthalate
2003-2004,2003,Phthalates - Urine,L24PH_C.xpt,https://wwwn.cdc.gov/Nchs/Data/Nhanes/Public/2003/DataFiles/L24PH_C.xpt,https://wwwn.cdc.gov/Nchs/Data/Nhanes/Public/2003/DataFiles/L24PH_C.htm,C:\Users\21634\Documents\Codex\2026-08-22\non\work\whynot17\work\nhanes_phase2a\environmental_xpt\2003-2004_L24PH_C.xpt,URXMOH,URDMOHLC,WTSB2YR,urine,2605,2583,99.15547024952015,False,2001-2002,2017-2018,D004051,Diethylhexyl Phthalate
2003-2004,2003,Phthalates - Urine,L24PH_C.xpt,https://wwwn.cdc.gov/Nchs/Data/Nhanes/Public/2003/DataFiles/L24PH_C.xpt,https://wwwn.cdc.gov/Nchs/Data/Nhanes/Public/2003/DataFiles/L24PH_C.htm,C:\Users\21634\Documents\Codex\2026-08-22\non\work\whynot17\work\nhanes_phase2a\environmental_xpt\2003-2004_L24PH_C.xpt,URXECP,URDECPLC,WTSB2YR,urine,2605,2604,99.9616122840691,True,2001-2002,2017-2018,D004051,Diethylhexyl Phthalate
2005-2006,2005,Phthalates - Urine,PHTHTE_D.xpt,https://wwwn.cdc.gov/Nchs/Data/Nhanes/Public/2005/DataFiles/PHTHTE_D.xpt,https://wwwn.cdc.gov/Nchs/Data/Nhanes/Public/2005/DataFiles/PHTHTE_D.htm,C:\Users\21634\Documents\Codex\2026-08-22\non\work\whynot17\work\nhanes_phase2a\environmental_xpt\2005-2006_PHTHTE_D.xpt,URXMHH,URDMHHLC,WTSB2YR,urine,2548,2538,99.60753532182103,False,2001-2002,2017-2018,D004051,Diethylhexyl Phthalate
2005-2006,2005,Phthalates - Urine,PHTHTE_D.xpt,https://wwwn.cdc.gov/Nchs/Data/Nhanes/Public/2005/DataFiles/PHTHTE_D.xpt,https://wwwn.cdc.gov/Nchs/Data/Nhanes/Public/2005/DataFiles/PHTHTE_D.htm,C:\Users\21634\Documents\Codex\2026-08-22\non\work\whynot17\work\nhanes_phase2a\environmental_xpt\2005-2006_PHTHTE_D.xpt,URXMOH,URDMOHLC,WTSB2YR,urine,2548,2522,98.9795918367347,False,2001-2002,2017-2018,D004051,Diethylhexyl Phthalate
2005-2006,2005,Phthalates - Urine,PHTHTE_D.xpt,https://wwwn.cdc.gov/Nchs/Data/Nhanes/Public/2005/DataFiles/PHTHTE_D.xpt,https://wwwn.cdc.gov/Nchs/Data/Nhanes/Public/2005/DataFiles/PHTHTE_D.htm,C:\Users\21634\Documents\Codex\2026-08-22\non\work\whynot17\work\nhanes_phase2a\environmental_xpt\2005-2006_PHTHTE_D.xpt,URXECP,URDECPLC,WTSB2YR,urine,2548,2547,99.96075353218211,True,2001-2002,2017-2018,D004051,Diethylhexyl Phthalate
2007-2008,2007,Phthalates - Urine,PHTHTE_E.xpt,https://wwwn.cdc.gov/Nchs/Data/Nhanes/Public/2007/DataFiles/PHTHTE_E.xpt,https://wwwn.cdc.gov/Nchs/Data/Nhanes/Public/2007/DataFiles/PHTHTE_E.htm,C:\Users\21634\Documents\Codex\2026-08-22\non\work\whynot17\work\nhanes_phase2a\environmental_xpt\2007-2008_PHTHTE_E.xpt,URXECP,URDECPLC,WTSB2YR,urine,2604,2602,99.92319508448541,True,2001-2002,2017-2018,D004051,Diethylhexyl Phthalate
2007-2008,2007,Phthalates - Urine,PHTHTE_E.xpt,https://wwwn.cdc.gov/Nchs/Data/Nhanes/Public/2007/DataFiles/PHTHTE_E.xpt,https://wwwn.cdc.gov/Nchs/Data/Nhanes/Public/2007/DataFiles/PHTHTE_E.htm,C:\Users\21634\Documents\Codex\2026-08-22\non\work\whynot17\work\nhanes_phase2a\environmental_xpt\2007-2008_PHTHTE_E.xpt,URXMHH,URDMHHLC,WTSB2YR,urine,2604,2584,99.23195084485407,False,2001-2002,2017-2018,D004051,Diethylhexyl Phthalate
2007-2008,2007,Phthalates - Urine,PHTHTE_E.xpt,https://wwwn.cdc.gov/Nchs/Data/Nhanes/Public/2007/DataFiles/PHTHTE_E.xpt,https://wwwn.cdc.gov/Nchs/Data/Nhanes/Public/2007/DataFiles/PHTHTE_E.htm,C:\Users\21634\Documents\Codex\2026-08-22\non\work\whynot17\work\nhanes_phase2a\environmental_xpt\2007-2008_PHTHTE_E.xpt,URXMOH,URDMOHLC,WTSB2YR,urine,2604,2560,98.31029185867895,False,2001-2002,2017-2018,D004051,Diethylhexyl Phthalate
2009-2010,2009,Phthalates - Urine,PHTHTE_F.xpt,https://wwwn.cdc.gov/Nchs/Data/Nhanes/Public/2009/DataFiles/PHTHTE_F.xpt,https://wwwn.cdc.gov/Nchs/Data/Nhanes/Public/2009/DataFiles/PHTHTE_F.htm,C:\Users\21634\Documents\Codex\2026-08-22\non\work\whynot17\work\nhanes_phase2a\environmental_xpt\2009-2010_PHTHTE_F.xpt,URXECP,URDECPLC,WTSB2YR,urine,2749,2748,99.96362313568571,True,2001-2002,2017-2018,D004051,Diethylhexyl Phthalate
2009-2010,2009,Phthalates - Urine,PHTHTE_F.xpt,https://wwwn.cdc.gov/Nchs/Data/Nhanes/Public/2009/DataFiles/PHTHTE_F.xpt,https://wwwn.cdc.gov/Nchs/Data/Nhanes/Public/2009/DataFiles/PHTHTE_F.htm,C:\Users\21634\Documents\Codex\2026-08-22\non\work\whynot17\work\nhanes_phase2a\environmental_xpt\2009-2010_PHTHTE_F.xpt,URXMHH,URDMHHLC,WTSB2YR,urine,2749,2747,99.9272462713714,False,2001-2002,2017-2018,D004051,Diethylhexyl Phthalate
2009-2010,2009,Phthalates - Urine,PHTHTE_F.xpt,https://wwwn.cdc.gov/Nchs/Data/Nhanes/Public/2009/DataFiles/PHTHTE_F.xpt,https://wwwn.cdc.gov/Nchs/Data/Nhanes/Public/2009/DataFiles/PHTHTE_F.htm,C:\Users\21634\Documents\Codex\2026-08-22\non\work\whynot17\work\nhanes_phase2a\environmental_xpt\2009-2010_PHTHTE_F.xpt,URXMOH,URDMOHLC,WTSB2YR,urine,2749,2741,99.70898508548564,False,2001-2002,2017-2018,D004051,Diethylhexyl Phthalate
2011-2012,2011,Phthalates & Plasticizers Metabolites - Urine,PHTHTE_G.xpt,https://wwwn.cdc.gov/Nchs/Data/Nhanes/Public/2011/DataFiles/PHTHTE_G.xpt,https://wwwn.cdc.gov/Nchs/Data/Nhanes/Public/2011/DataFiles/PHTHTE_G.htm,C:\Users\21634\Documents\Codex\2026-08-22\non\work\whynot17\work\nhanes_phase2a\environmental_xpt\2011-2012_PHTHTE_G.xpt,URXECP,URDECPLC,WTSA2YR,urine,2489,2482,99.71876255524307,True,2001-2002,2017-2018,D004051,Diethylhexyl Phthalate
2011-2012,2011,Phthalates & Plasticizers Metabolites - Urine,PHTHTE_G.xpt,https://wwwn.cdc.gov/Nchs/Data/Nhanes/Public/2011/DataFiles/PHTHTE_G.xpt,https://wwwn.cdc.gov/Nchs/Data/Nhanes/Public/2011/DataFiles/PHTHTE_G.htm,C:\Users\21634\Documents\Codex\2026-08-22\non\work\whynot17\work\nhanes_phase2a\environmental_xpt\2011-2012_PHTHTE_G.xpt,URXMHH,URDMHHLC,WTSA2YR,urine,2489,2483,99.75893933306548,False,2001-2002,2017-2018,D004051,Diethylhexyl Phthalate
2011-2012,2011,Phthalates & Plasticizers Metabolites - Urine,PHTHTE_G.xpt,https://wwwn.cdc.gov/Nchs/Data/Nhanes/Public/2011/DataFiles/PHTHTE_G.xpt,https://wwwn.cdc.gov/Nchs/Data/Nhanes/Public/2011/DataFiles/PHTHTE_G.htm,C:\Users\21634\Documents\Codex\2026-08-22\non\work\whynot17\work\nhanes_phase2a\environmental_xpt\2011-2012_PHTHTE_G.xpt,URXMOH,URDMOHLC,WTSA2YR,urine,2489,2480,99.63840899959823,False,2001-2002,2017-2018,D004051,Diethylhexyl Phthalate
2013-2014,2013,Phthalates and Plasticizers Metabolites - Urine,PHTHTE_H.xpt,https://wwwn.cdc.gov/Nchs/Data/Nhanes/Public/2013/DataFiles/PHTHTE_H.xpt,https://wwwn.cdc.gov/Nchs/Data/Nhanes/Public/2013/DataFiles/PHTHTE_H.htm,C:\Users\21634\Documents\Codex\2026-08-22\non\work\whynot17\work\nhanes_phase2a\environmental_xpt\2013-2014_PHTHTE_H.xpt,URXECP,URDECPLC,WTSB2YR,urine,2685,2679,99.77653631284916,True,2001-2002,2017-2018,D004051,Diethylhexyl Phthalate
2013-2014,2013,Phthalates and Plasticizers Metabolites - Urine,PHTHTE_H.xpt,https://wwwn.cdc.gov/Nchs/Data/Nhanes/Public/2013/DataFiles/PHTHTE_H.xpt,https://wwwn.cdc.gov/Nchs/Data/Nhanes/Public/2013/DataFiles/PHTHTE_H.htm,C:\Users\21634\Documents\Codex\2026-08-22\non\work\whynot17\work\nhanes_phase2a\environmental_xpt\2013-2014_PHTHTE_H.xpt,URXMHH,URDMHHLC,WTSB2YR,urine,2685,2666,99.29236499068901,False,2001-2002,2017-2018,D004051,Diethylhexyl Phthalate
2013-2014,2013,Phthalates and Plasticizers Metabolites - Urine,PHTHTE_H.xpt,https://wwwn.cdc.gov/Nchs/Data/Nhanes/Public/2013/DataFiles/PHTHTE_H.xpt,https://wwwn.cdc.gov/Nchs/Data/Nhanes/Public/2013/DataFiles/PHTHTE_H.htm,C:\Users\21634\Documents\Codex\2026-08-22\non\work\whynot17\work\nhanes_phase2a\environmental_xpt\2013-2014_PHTHTE_H.xpt,URXMOH,URDMOHLC,WTSB2YR,urine,2685,2672,99.51582867783985,False,2001-2002,2017-2018,D004051,Diethylhexyl Phthalate
2015-2016,2015,Phthalates and Plasticizers Metabolites - Urine,PHTHTE_I.xpt,https://wwwn.cdc.gov/Nchs/Data/Nhanes/Public/2015/DataFiles/PHTHTE_I.xpt,https://wwwn.cdc.gov/Nchs/Data/Nhanes/Public/2015/DataFiles/PHTHTE_I.htm,C:\Users\21634\Documents\Codex\2026-08-22\non\work\whynot17\work\nhanes_phase2a\environmental_xpt\2015-2016_PHTHTE_I.xpt,URXECP,URDECPLC,WTSB2YR,urine,2975,2969,99.7983193277311,True,2001-2002,2017-2018,D004051,Diethylhexyl Phthalate
2015-2016,2015,Phthalates and Plasticizers Metabolites - Urine,PHTHTE_I.xpt,https://wwwn.cdc.gov/Nchs/Data/Nhanes/Public/2015/DataFiles/PHTHTE_I.xpt,https://wwwn.cdc.gov/Nchs/Data/Nhanes/Public/2015/DataFiles/PHTHTE_I.htm,C:\Users\21634\Documents\Codex\2026-08-22\non\work\whynot17\work\nhanes_phase2a\environmental_xpt\2015-2016_PHTHTE_I.xpt,URXMHH,URDMHHLC,WTSB2YR,urine,2975,2961,99.52941176470588,False,2001-2002,2017-2018,D004051,Diethylhexyl Phthalate
2015-2016,2015,Phthalates and Plasticizers Metabolites - Urine,PHTHTE_I.xpt,https://wwwn.cdc.gov/Nchs/Data/Nhanes/Public/2015/DataFiles/PHTHTE_I.xpt,https://wwwn.cdc.gov/Nchs/Data/Nhanes/Public/2015/DataFiles/PHTHTE_I.htm,C:\Users\21634\Documents\Codex\2026-08-22\non\work\whynot17\work\nhanes_phase2a\environmental_xpt\2015-2016_PHTHTE_I.xpt,URXMOH,URDMOHLC,WTSB2YR,urine,2975,2959,99.46218487394958,False,2001-2002,2017-2018,D004051,Diethylhexyl Phthalate
2017-2018,2017,Phthalates and Plasticizers Metabolites - Urine,PHTHTE_J.xpt,https://wwwn.cdc.gov/Nchs/Data/Nhanes/Public/2017/DataFiles/PHTHTE_J.xpt,https://wwwn.cdc.gov/Nchs/Data/Nhanes/Public/2017/DataFiles/PHTHTE_J.htm,C:\Users\21634\Documents\Codex\2026-08-22\non\work\whynot17\work\nhanes_phase2a\environmental_xpt\2017-2018_PHTHTE_J.xpt,URXECP,URDECPLC,WTSB2YR,urine,2762,2757,99.81897175959449,True,2001-2002,2017-2018,D004051,Diethylhexyl Phthalate
2017-2018,2017,Phthalates and Plasticizers Metabolites - Urine,PHTHTE_J.xpt,https://wwwn.cdc.gov/Nchs/Data/Nhanes/Public/2017/DataFiles/PHTHTE_J.xpt,https://wwwn.cdc.gov/Nchs/Data/Nhanes/Public/2017/DataFiles/PHTHTE_J.htm,C:\Users\21634\Documents\Codex\2026-08-22\non\work\whynot17\work\nhanes_phase2a\environmental_xpt\2017-2018_PHTHTE_J.xpt,URXMHH,URDMHHLC,WTSB2YR,urine,2762,2735,99.02244750181028,False,2001-2002,2017-2018,D004051,Diethylhexyl Phthalate
2017-2018,2017,Phthalates and Plasticizers Metabolites - Urine,PHTHTE_J.xpt,https://wwwn.cdc.gov/Nchs/Data/Nhanes/Public/2017/DataFiles/PHTHTE_J.xpt,https://wwwn.cdc.gov/Nchs/Data/Nhanes/Public/2017/DataFiles/PHTHTE_J.htm,C:\Users\21634\Documents\Codex\2026-08-22\non\work\whynot17\work\nhanes_phase2a\environmental_xpt\2017-2018_PHTHTE_J.xpt,URXMOH,URDMOHLC,WTSB2YR,urine,2762,2739,99.16727009413468,False,2001-2002,2017-2018,D004051,Diethylhexyl Phthalate
1999-2000,1999,Metals - Urine,LAB06HM.xpt,https://wwwn.cdc.gov/Nchs/Data/Nhanes/Public/1999/DataFiles/LAB06HM.xpt,https://wwwn.cdc.gov/Nchs/Data/Nhanes/Public/1999/DataFiles/LAB06HM.htm,C:\Users\21634\Documents\Codex\2026-08-22\non\work\whynot17\work\nhanes_phase2a\environmental_xpt\1999-2000_LAB06HM.xpt,URXUPB,,WTSHM2YR,urine,2465,2465,100.0,True,1999-2000,2017-2018,D007854,Lead
2001-2002,2001,Metals - Urine,L06HM_B.xpt,https://wwwn.cdc.gov/Nchs/Data/Nhanes/Public/2001/DataFiles/L06HM_B.xpt,https://wwwn.cdc.gov/Nchs/Data/Nhanes/Public/2001/DataFiles/L06HM_B.htm,C:\Users\21634\Documents\Codex\2026-08-22\non\work\whynot17\work\nhanes_phase2a\environmental_xpt\2001-2002_L06HM_B.xpt,URXUPB,,WTSHM2YR,urine,2690,2690,100.0,True,1999-2000,2017-2018,D007854,Lead
2003-2004,2003,Metals - Urine,L06HM_C.xpt,https://wwwn.cdc.gov/Nchs/Data/Nhanes/Public/2003/DataFiles/L06HM_C.xpt,https://wwwn.cdc.gov/Nchs/Data/Nhanes/Public/2003/DataFiles/L06HM_C.htm,C:\Users\21634\Documents\Codex\2026-08-22\non\work\whynot17\work\nhanes_phase2a\environmental_xpt\2003-2004_L06HM_C.xpt,URXUPB,URDUPBLC,WTSA2YR,urine,2558,2170,84.83189992181391,True,1999-2000,2017-2018,D007854,Lead
2005-2006,2005,Metals - Urine,UHM_D.xpt,https://wwwn.cdc.gov/Nchs/Data/Nhanes/Public/2005/DataFiles/UHM_D.xpt,https://wwwn.cdc.gov/Nchs/Data/Nhanes/Public/2005/DataFiles/UHM_D.htm,C:\Users\21634\Documents\Codex\2026-08-22\non\work\whynot17\work\nhanes_phase2a\environmental_xpt\2005-2006_UHM_D.xpt,URXUPB,URDUPBLC,WTSA2YR,urine,2576,2515,97.63198757763975,True,1999-2000,2017-2018,D007854,Lead
2007-2008,2007,Metals - Urine,UHM_E.xpt,https://wwwn.cdc.gov/Nchs/Data/Nhanes/Public/2007/DataFiles/UHM_E.xpt,https://wwwn.cdc.gov/Nchs/Data/Nhanes/Public/2007/DataFiles/UHM_E.htm,C:\Users\21634\Documents\Codex\2026-08-22\non\work\whynot17\work\nhanes_phase2a\environmental_xpt\2007-2008_UHM_E.xpt,URXUPB,URDUPBLC,WTSA2YR,urine,2627,2575,98.02055576703464,True,1999-2000,2017-2018,D007854,Lead
2009-2010,2009,Metals - Urine,UHM_F.xpt,https://wwwn.cdc.gov/Nchs/Data/Nhanes/Public/2009/DataFiles/UHM_F.xpt,https://wwwn.cdc.gov/Nchs/Data/Nhanes/Public/2009/DataFiles/UHM_F.htm,C:\Users\21634\Documents\Codex\2026-08-22\non\work\whynot17\work\nhanes_phase2a\environmental_xpt\2009-2010_UHM_F.xpt,URXUPB,URDUPBLC,WTSA2YR,urine,2848,2768,97.19101123595506,True,1999-2000,2017-2018,D007854,Lead
2011-2012,2011,Metals - Urine,UHM_G.xpt,https://wwwn.cdc.gov/Nchs/Data/Nhanes/Public/2011/DataFiles/UHM_G.xpt,https://wwwn.cdc.gov/Nchs/Data/Nhanes/Public/2011/DataFiles/UHM_G.htm,C:\Users\21634\Documents\Codex\2026-08-22\non\work\whynot17\work\nhanes_phase2a\environmental_xpt\2011-2012_UHM_G.xpt,URXUPB,URDUPBLC,WTSA2YR,urine,2504,2404,96.00638977635782,True,1999-2000,2017-2018,D007854,Lead
2013-2014,2013,Metals - Urine,UM_H.xpt,https://wwwn.cdc.gov/Nchs/Data/Nhanes/Public/2013/DataFiles/UM_H.xpt,https://wwwn.cdc.gov/Nchs/Data/Nhanes/Public/2013/DataFiles/UM_H.htm,C:\Users\21634\Documents\Codex\2026-08-22\non\work\whynot17\work\nhanes_phase2a\environmental_xpt\2013-2014_UM_H.xpt,URXUPB,URDUPBLC,WTSA2YR,urine,2664,2636,98.94894894894895,True,1999-2000,2017-2018,D007854,Lead
2015-2016,2015,Metals - Urine,UM_I.xpt,https://wwwn.cdc.gov/Nchs/Data/Nhanes/Public/2015/DataFiles/UM_I.xpt,https://wwwn.cdc.gov/Nchs/Data/Nhanes/Public/2015/DataFiles/UM_I.htm,C:\Users\21634\Documents\Codex\2026-08-22\non\work\whynot17\work\nhanes_phase2a\environmental_xpt\2015-2016_UM_I.xpt,URXUPB,URDUPBLC,WTSA2YR,urine,3061,3049,99.6079712512251,True,1999-2000,2017-2018,D007854,Lead
2017-2018,2017,Metals - Urine,UM_J.xpt,https://wwwn.cdc.gov/Nchs/Data/Nhanes/Public/2017/DataFiles/UM_J.xpt,https://wwwn.cdc.gov/Nchs/Data/Nhanes/Public/2017/DataFiles/UM_J.htm,C:\Users\21634\Documents\Codex\2026-08-22\non\work\whynot17\work\nhanes_phase2a\environmental_xpt\2017-2018_UM_J.xpt,URXUPB,URDUPBLC,WTSA2YR,urine,2405,2390,99.37629937629937,True,1999-2000,2017-2018,D007854,Lead
2003-2004,2003,Polyfluoroalkyl Chemicals,L24PFC_C.xpt,https://wwwn.cdc.gov/Nchs/Data/Nhanes/Public/2003/DataFiles/L24PFC_C.xpt,https://wwwn.cdc.gov/Nchs/Data/Nhanes/Public/2003/DataFiles/L24PFC_C.htm,C:\Users\21634\Documents\Codex\2026-08-22\non\work\whynot17\work\nhanes_phase2a\environmental_xpt\2003-2004_L24PFC_C.xpt,LBXPFDE,LBDPFDEL,WTSA2YR,serum_or_blood,2094,579,27.650429799426934,True,2003-2004,2017-2018,C036567,perfluorodecanoic acid
2005-2006,2005,Polyfluoroalkyl Chemicals,PFC_D.xpt,https://wwwn.cdc.gov/Nchs/Data/Nhanes/Public/2005/DataFiles/PFC_D.xpt,https://wwwn.cdc.gov/Nchs/Data/Nhanes/Public/2005/DataFiles/PFC_D.htm,C:\Users\21634\Documents\Codex\2026-08-22\non\work\whynot17\work\nhanes_phase2a\environmental_xpt\2005-2006_PFC_D.xpt,LBXPFDE,LBDPFDEL,WTSA2YR,serum_or_blood,2120,1624,76.60377358490567,True,2003-2004,2017-2018,C036567,perfluorodecanoic acid
2007-2008,2007,Polyfluoroalkyl Chemicals,PFC_E.xpt,https://wwwn.cdc.gov/Nchs/Data/Nhanes/Public/2007/DataFiles/PFC_E.xpt,https://wwwn.cdc.gov/Nchs/Data/Nhanes/Public/2007/DataFiles/PFC_E.htm,C:\Users\21634\Documents\Codex\2026-08-22\non\work\whynot17\work\nhanes_phase2a\environmental_xpt\2007-2008_PFC_E.xpt,LBXPFDE,LBDPFDEL,WTSC2YR,serum_or_blood,2100,1433,68.23809523809524,True,2003-2004,2017-2018,C036567,perfluorodecanoic acid
2009-2010,2009,Polyfluoroalkyl Chemicals,PFC_F.xpt,https://wwwn.cdc.gov/Nchs/Data/Nhanes/Public/2009/DataFiles/PFC_F.xpt,https://wwwn.cdc.gov/Nchs/Data/Nhanes/Public/2009/DataFiles/PFC_F.htm,C:\Users\21634\Documents\Codex\2026-08-22\non\work\whynot17\work\nhanes_phase2a\environmental_xpt\2009-2010_PFC_F.xpt,LBXPFDE,LBDPFDEL,WTSC2YR,serum_or_blood,2233,2113,94.62606359158083,True,2003-2004,2017-2018,C036567,perfluorodecanoic acid
2011-2012,2011,Polyfluoroalkyl Chemicals,PFC_G.xpt,https://wwwn.cdc.gov/Nchs/Data/Nhanes/Public/2011/DataFiles/PFC_G.xpt,https://wwwn.cdc.gov/Nchs/Data/Nhanes/Public/2011/DataFiles/PFC_G.htm,C:\Users\21634\Documents\Codex\2026-08-22\non\work\whynot17\work\nhanes_phase2a\environmental_xpt\2011-2012_PFC_G.xpt,LBXPFDE,LBDPFDEL,WTSA2YR,serum_or_blood,1904,1620,85.08403361344538,True,2003-2004,2017-2018,C036567,perfluorodecanoic acid
2013-2014,2013,Perfluoroalkyl and Polyfluoroalkyl Substances (formerly Polyfluoroalkyl Chemicals - PFC),PFAS_H.xpt,https://wwwn.cdc.gov/Nchs/Data/Nhanes/Public/2013/DataFiles/PFAS_H.xpt,https://wwwn.cdc.gov/Nchs/Data/Nhanes/Public/2013/DataFiles/PFAS_H.htm,C:\Users\21634\Documents\Codex\2026-08-22\non\work\whynot17\work\nhanes_phase2a\environmental_xpt\2013-2014_PFAS_H.xpt,LBXPFDE,LBDPFDEL,WTSB2YR,serum_or_blood,2168,1713,79.0129151291513,True,2003-2004,2017-2018,C036567,perfluorodecanoic acid
2015-2016,2015,Perfluoroalkyl and Polyfluoroalkyl,PFAS_I.xpt,https://wwwn.cdc.gov/Nchs/Data/Nhanes/Public/2015/DataFiles/PFAS_I.xpt,https://wwwn.cdc.gov/Nchs/Data/Nhanes/Public/2015/DataFiles/PFAS_I.htm,C:\Users\21634\Documents\Codex\2026-08-22\non\work\whynot17\work\nhanes_phase2a\environmental_xpt\2015-2016_PFAS_I.xpt,LBXPFDE,LBDPFDEL,WTSB2YR,serum_or_blood,1993,1318,66.13146011038636,True,2003-2004,2017-2018,C036567,perfluorodecanoic acid
2017-2018,2017,Perfluoroalkyl and Polyfluoroalkyl Substances,PFAS_J.xpt,https://wwwn.cdc.gov/Nchs/Data/Nhanes/Public/2017/DataFiles/PFAS_J.xpt,https://wwwn.cdc.gov/Nchs/Data/Nhanes/Public/2017/DataFiles/PFAS_J.htm,C:\Users\21634\Documents\Codex\2026-08-22\non\work\whynot17\work\nhanes_phase2a\environmental_xpt\2017-2018_PFAS_J.xpt,LBXPFDE,LBDPFDEL,WTSB2YR,serum_or_blood,1929,1711,88.6988076723691,True,2003-2004,2017-2018,C036567,perfluorodecanoic acid
2003-2004,2003,Polyfluoroalkyl Chemicals,L24PFC_C.xpt,https://wwwn.cdc.gov/Nchs/Data/Nhanes/Public/2003/DataFiles/L24PFC_C.xpt,https://wwwn.cdc.gov/Nchs/Data/Nhanes/Public/2003/DataFiles/L24PFC_C.htm,C:\Users\21634\Documents\Codex\2026-08-22\non\work\whynot17\work\nhanes_phase2a\environmental_xpt\2003-2004_L24PFC_C.xpt,LBXPFNA,LBDPFNAL,WTSA2YR,serum_or_blood,2094,2058,98.28080229226362,True,2003-2004,2017-2018,C101816,perfluoro-n-nonanoic acid
2005-2006,2005,Polyfluoroalkyl Chemicals,PFC_D.xpt,https://wwwn.cdc.gov/Nchs/Data/Nhanes/Public/2005/DataFiles/PFC_D.xpt,https://wwwn.cdc.gov/Nchs/Data/Nhanes/Public/2005/DataFiles/PFC_D.htm,C:\Users\21634\Documents\Codex\2026-08-22\non\work\whynot17\work\nhanes_phase2a\environmental_xpt\2005-2006_PFC_D.xpt,LBXPFNA,LBDPFNAL,WTSA2YR,serum_or_blood,2120,2100,99.05660377358491,True,2003-2004,2017-2018,C101816,perfluoro-n-nonanoic acid
2007-2008,2007,Polyfluoroalkyl Chemicals,PFC_E.xpt,https://wwwn.cdc.gov/Nchs/Data/Nhanes/Public/2007/DataFiles/PFC_E.xpt,https://wwwn.cdc.gov/Nchs/Data/Nhanes/Public/2007/DataFiles/PFC_E.htm,C:\Users\21634\Documents\Codex\2026-08-22\non\work\whynot17\work\nhanes_phase2a\environmental_xpt\2007-2008_PFC_E.xpt,LBXPFNA,LBDPFNAL,WTSC2YR,serum_or_blood,2100,2090,99.52380952380952,True,2003-2004,2017-2018,C101816,perfluoro-n-nonanoic acid
2009-2010,2009,Polyfluoroalkyl Chemicals,PFC_F.xpt,https://wwwn.cdc.gov/Nchs/Data/Nhanes/Public/2009/DataFiles/PFC_F.xpt,https://wwwn.cdc.gov/Nchs/Data/Nhanes/Public/2009/DataFiles/PFC_F.htm,C:\Users\21634\Documents\Codex\2026-08-22\non\work\whynot17\work\nhanes_phase2a\environmental_xpt\2009-2010_PFC_F.xpt,LBXPFNA,LBDPFNAL,WTSC2YR,serum_or_blood,2233,2228,99.77608598298254,True,2003-2004,2017-2018,C101816,perfluoro-n-nonanoic acid
2011-2012,2011,Polyfluoroalkyl Chemicals,PFC_G.xpt,https://wwwn.cdc.gov/Nchs/Data/Nhanes/Public/2011/DataFiles/PFC_G.xpt,https://wwwn.cdc.gov/Nchs/Data/Nhanes/Public/2011/DataFiles/PFC_G.htm,C:\Users\21634\Documents\Codex\2026-08-22\non\work\whynot17\work\nhanes_phase2a\environmental_xpt\2011-2012_PFC_G.xpt,LBXPFNA,LBDPFNAL,WTSA2YR,serum_or_blood,1904,1890,99.26470588235294,True,2003-2004,2017-2018,C101816,perfluoro-n-nonanoic acid
2013-2014,2013,Perfluoroalkyl and Polyfluoroalkyl Substances (formerly Polyfluoroalkyl Chemicals - PFC),PFAS_H.xpt,https://wwwn.cdc.gov/Nchs/Data/Nhanes/Public/2013/DataFiles/PFAS_H.xpt,https://wwwn.cdc.gov/Nchs/Data/Nhanes/Public/2013/DataFiles/PFAS_H.htm,C:\Users\21634\Documents\Codex\2026-08-22\non\work\whynot17\work\nhanes_phase2a\environmental_xpt\2013-2014_PFAS_H.xpt,LBXPFNA,LBDPFNAL,WTSB2YR,serum_or_blood,2168,2141,98.75461254612546,True,2003-2004,2017-2018,C101816,perfluoro-n-nonanoic acid
2015-2016,2015,Perfluoroalkyl and Polyfluoroalkyl,PFAS_I.xpt,https://wwwn.cdc.gov/Nchs/Data/Nhanes/Public/2015/DataFiles/PFAS_I.xpt,https://wwwn.cdc.gov/Nchs/Data/Nhanes/Public/2015/DataFiles/PFAS_I.htm,C:\Users\21634\Documents\Codex\2026-08-22\non\work\whynot17\work\nhanes_phase2a\environmental_xpt\2015-2016_PFAS_I.xpt,LBXPFNA,LBDPFNAL,WTSB2YR,serum_or_blood,1993,1968,98.74560963371802,True,2003-2004,2017-2018,C101816,perfluoro-n-nonanoic acid
2017-2018,2017,Perfluoroalkyl and Polyfluoroalkyl Substances,PFAS_J.xpt,https://wwwn.cdc.gov/Nchs/Data/Nhanes/Public/2017/DataFiles/PFAS_J.xpt,https://wwwn.cdc.gov/Nchs/Data/Nhanes/Public/2017/DataFiles/PFAS_J.htm,C:\Users\21634\Documents\Codex\2026-08-22\non\work\whynot17\work\nhanes_phase2a\environmental_xpt\2017-2018_PFAS_J.xpt,LBXPFNA,LBDPFNAL,WTSB2YR,serum_or_blood,1929,1784,92.48315189217212,True,2003-2004,2017-2018,C101816,perfluoro-n-nonanoic acid
2003-2004,2003,Polyfluoroalkyl Chemicals,L24PFC_C.xpt,https://wwwn.cdc.gov/Nchs/Data/Nhanes/Public/2003/DataFiles/L24PFC_C.xpt,https://wwwn.cdc.gov/Nchs/Data/Nhanes/Public/2003/DataFiles/L24PFC_C.htm,C:\Users\21634\Documents\Codex\2026-08-22\non\work\whynot17\work\nhanes_phase2a\environmental_xpt\2003-2004_L24PFC_C.xpt,LBXPFHS,LBDPFHSL,WTSA2YR,serum_or_blood,2094,2046,97.70773638968481,True,2003-2004,2017-2018,C471071,perfluorohexanesulfonic acid
2005-2006,2005,Polyfluoroalkyl Chemicals,PFC_D.xpt,https://wwwn.cdc.gov/Nchs/Data/Nhanes/Public/2005/DataFiles/PFC_D.xpt,https://wwwn.cdc.gov/Nchs/Data/Nhanes/Public/2005/DataFiles/PFC_D.htm,C:\Users\21634\Documents\Codex\2026-08-22\non\work\whynot17\work\nhanes_phase2a\environmental_xpt\2005-2006_PFC_D.xpt,LBXPFHS,LBDPFHSL,WTSA2YR,serum_or_blood,2120,2033,95.89622641509433,True,2003-2004,2017-2018,C471071,perfluorohexanesulfonic acid
2007-2008,2007,Polyfluoroalkyl Chemicals,PFC_E.xpt,https://wwwn.cdc.gov/Nchs/Data/Nhanes/Public/2007/DataFiles/PFC_E.xpt,https://wwwn.cdc.gov/Nchs/Data/Nhanes/Public/2007/DataFiles/PFC_E.htm,C:\Users\21634\Documents\Codex\2026-08-22\non\work\whynot17\work\nhanes_phase2a\environmental_xpt\2007-2008_PFC_E.xpt,LBXPFHS,LBDPFHSL,WTSC2YR,serum_or_blood,2100,2084,99.23809523809524,True,2003-2004,2017-2018,C471071,perfluorohexanesulfonic acid
2009-2010,2009,Polyfluoroalkyl Chemicals,PFC_F.xpt,https://wwwn.cdc.gov/Nchs/Data/Nhanes/Public/2009/DataFiles/PFC_F.xpt,https://wwwn.cdc.gov/Nchs/Data/Nhanes/Public/2009/DataFiles/PFC_F.htm,C:\Users\21634\Documents\Codex\2026-08-22\non\work\whynot17\work\nhanes_phase2a\environmental_xpt\2009-2010_PFC_F.xpt,LBXPFHS,LBDPFHSL,WTSC2YR,serum_or_blood,2233,2220,99.4178235557546,True,2003-2004,2017-2018,C471071,perfluorohexanesulfonic acid
2011-2012,2011,Polyfluoroalkyl Chemicals,PFC_G.xpt,https://wwwn.cdc.gov/Nchs/Data/Nhanes/Public/2011/DataFiles/PFC_G.xpt,https://wwwn.cdc.gov/Nchs/Data/Nhanes/Public/2011/DataFiles/PFC_G.htm,C:\Users\21634\Documents\Codex\2026-08-22\non\work\whynot17\work\nhanes_phase2a\environmental_xpt\2011-2012_PFC_G.xpt,LBXPFHS,LBDPFHSL,WTSA2YR,serum_or_blood,1904,1874,98.42436974789916,True,2003-2004,2017-2018,C471071,perfluorohexanesulfonic acid
2013-2014,2013,Perfluoroalkyl and Polyfluoroalkyl Substances (formerly Polyfluoroalkyl Chemicals - PFC),PFAS_H.xpt,https://wwwn.cdc.gov/Nchs/Data/Nhanes/Public/2013/DataFiles/PFAS_H.xpt,https://wwwn.cdc.gov/Nchs/Data/Nhanes/Public/2013/DataFiles/PFAS_H.htm,C:\Users\21634\Documents\Codex\2026-08-22\non\work\whynot17\work\nhanes_phase2a\environmental_xpt\2013-2014_PFAS_H.xpt,LBXPFHS,LBDPFHSL,WTSB2YR,serum_or_blood,2168,2143,98.84686346863468,True,2003-2004,2017-2018,C471071,perfluorohexanesulfonic acid
2015-2016,2015,Perfluoroalkyl and Polyfluoroalkyl,PFAS_I.xpt,https://wwwn.cdc.gov/Nchs/Data/Nhanes/Public/2015/DataFiles/PFAS_I.xpt,https://wwwn.cdc.gov/Nchs/Data/Nhanes/Public/2015/DataFiles/PFAS_I.htm,C:\Users\21634\Documents\Codex\2026-08-22\non\work\whynot17\work\nhanes_phase2a\environmental_xpt\2015-2016_PFAS_I.xpt,LBXPFHS,LBDPFHSL,WTSB2YR,serum_or_blood,1993,1962,98.44455594581034,True,2003-2004,2017-2018,C471071,perfluorohexanesulfonic acid
2017-2018,2017,Perfluoroalkyl and Polyfluoroalkyl Substances,PFAS_J.xpt,https://wwwn.cdc.gov/Nchs/Data/Nhanes/Public/2017/DataFiles/PFAS_J.xpt,https://wwwn.cdc.gov/Nchs/Data/Nhanes/Public/2017/DataFiles/PFAS_J.htm,C:\Users\21634\Documents\Codex\2026-08-22\non\work\whynot17\work\nhanes_phase2a\environmental_xpt\2017-2018_PFAS_J.xpt,LBXPFHS,LBDPFHSL,WTSB2YR,serum_or_blood,1929,1916,99.3260756868844,True,2003-2004,2017-2018,C471071,perfluorohexanesulfonic acid
2001-2002,2001,"Phthalates, Phytoestrogens & PAHs - Urine",PHPYPA_B.xpt,https://wwwn.cdc.gov/Nchs/Data/Nhanes/Public/2001/DataFiles/PHPYPA_B.xpt,https://wwwn.cdc.gov/Nchs/Data/Nhanes/Public/2001/DataFiles/PHPYPA_B.htm,C:\Users\21634\Documents\Codex\2026-08-22\non\work\whynot17\work\nhanes_phase2a\environmental_xpt\2001-2002_PHPYPA_B.xpt,URXP10,,WTSPH2YR,urine,2747,2747,100.0,True,2001-2002,2017-2018,D008748,Methylcholanthrene
2003-2004,2003,Polyaromatic Hydrocarbons (PAHs) - Urine,L31PAH_C.xpt,https://wwwn.cdc.gov/Nchs/Data/Nhanes/Public/2003/DataFiles/L31PAH_C.xpt,https://wwwn.cdc.gov/Nchs/Data/Nhanes/Public/2003/DataFiles/L31PAH_C.htm,C:\Users\21634\Documents\Codex\2026-08-22\non\work\whynot17\work\nhanes_phase2a\environmental_xpt\2003-2004_L31PAH_C.xpt,URXP10,URDP10LC,WTSB2YR,urine,2515,2499,99.3638170974155,True,2001-2002,2017-2018,D008748,Methylcholanthrene
2005-2006,2005,Polyaromatic Hydrocarbons (PAHs) - Urine,PAH_D.xpt,https://wwwn.cdc.gov/Nchs/Data/Nhanes/Public/2005/DataFiles/PAH_D.xpt,https://wwwn.cdc.gov/Nchs/Data/Nhanes/Public/2005/DataFiles/PAH_D.htm,C:\Users\21634\Documents\Codex\2026-08-22\non\work\whynot17\work\nhanes_phase2a\environmental_xpt\2005-2006_PAH_D.xpt,URXP10,URDP10LC,WTSB2YR,urine,2415,2411,99.8343685300207,True,2001-2002,2017-2018,D008748,Methylcholanthrene
2007-2008,2007,Polyaromatic Hydrocarbons (PAHs) - Urine,PAH_E.xpt,https://wwwn.cdc.gov/Nchs/Data/Nhanes/Public/2007/DataFiles/PAH_E.xpt,https://wwwn.cdc.gov/Nchs/Data/Nhanes/Public/2007/DataFiles/PAH_E.htm,C:\Users\21634\Documents\Codex\2026-08-22\non\work\whynot17\work\nhanes_phase2a\environmental_xpt\2007-2008_PAH_E.xpt,URXP10,URDP10LC,WTSB2YR,urine,2581,2569,99.5350639287098,True,2001-2002,2017-2018,D008748,Methylcholanthrene
2009-2010,2009,Polyaromatic Hydrocarbons -Urine,PAH_F.xpt,https://wwwn.cdc.gov/Nchs/Data/Nhanes/Public/2009/DataFiles/PAH_F.xpt,https://wwwn.cdc.gov/Nchs/Data/Nhanes/Public/2009/DataFiles/PAH_F.htm,C:\Users\21634\Documents\Codex\2026-08-22\non\work\whynot17\work\nhanes_phase2a\environmental_xpt\2009-2010_PAH_F.xpt,URXP10,URDP10LC,WTSB2YR,urine,2746,2729,99.3809176984705,True,2001-2002,2017-2018,D008748,Methylcholanthrene
2011-2012,2011,Polyaromatic Hydrocarbons (PAHs) - Urine,PAH_G.xpt,https://wwwn.cdc.gov/Nchs/Data/Nhanes/Public/2011/DataFiles/PAH_G.xpt,https://wwwn.cdc.gov/Nchs/Data/Nhanes/Public/2011/DataFiles/PAH_G.htm,C:\Users\21634\Documents\Codex\2026-08-22\non\work\whynot17\work\nhanes_phase2a\environmental_xpt\2011-2012_PAH_G.xpt,URXP10,URDP10LC,WTSA2YR,urine,2487,2458,98.83393646964214,True,2001-2002,2017-2018,D008748,Methylcholanthrene
2013-2014,2013,Polycyclic Aromatic Hydrocarbons (PAH) - Urine,PAH_H.xpt,https://wwwn.cdc.gov/Nchs/Data/Nhanes/Public/2013/DataFiles/PAH_H.xpt,https://wwwn.cdc.gov/Nchs/Data/Nhanes/Public/2013/DataFiles/PAH_H.htm,C:\Users\21634\Documents\Codex\2026-08-22\non\work\whynot17\work\nhanes_phase2a\environmental_xpt\2013-2014_PAH_H.xpt,URXP10,URDP10LC,WTSA2YR,urine,2650,2024,76.37735849056604,True,2001-2002,2017-2018,D008748,Methylcholanthrene
2015-2016,2015,Polycyclic Aromatic Hydrocarbons (PAH) - Urine,PAH_I.xpt,https://wwwn.cdc.gov/Nchs/Data/Nhanes/Public/2015/DataFiles/PAH_I.xpt,https://wwwn.cdc.gov/Nchs/Data/Nhanes/Public/2015/DataFiles/PAH_I.htm,C:\Users\21634\Documents\Codex\2026-08-22\non\work\whynot17\work\nhanes_phase2a\environmental_xpt\2015-2016_PAH_I.xpt,URXP10,URDP10LC,WTSA2YR,urine,3036,2123,69.92753623188406,True,2001-2002,2017-2018,D008748,Methylcholanthrene
2017-2018,2017,Polycyclic Aromatic Hydrocarbons (PAH) - Urine,PAH_J.xpt,https://wwwn.cdc.gov/Nchs/Data/Nhanes/Public/2017/DataFiles/PAH_J.xpt,https://wwwn.cdc.gov/Nchs/Data/Nhanes/Public/2017/DataFiles/PAH_J.htm,C:\Users\21634\Documents\Codex\2026-08-22\non\work\whynot17\work\nhanes_phase2a\environmental_xpt\2017-2018_PAH_J.xpt,URXP10,URDP10LC,WTSA2YR,urine,2775,1671,60.21621621621622,True,2001-2002,2017-2018,D008748,Methylcholanthrene
1999-2000,1999,Metals - Urine,LAB06HM.xpt,https://wwwn.cdc.gov/Nchs/Data/Nhanes/Public/1999/DataFiles/LAB06HM.xpt,https://wwwn.cdc.gov/Nchs/Data/Nhanes/Public/1999/DataFiles/LAB06HM.htm,C:\Users\21634\Documents\Codex\2026-08-22\non\work\whynot17\work\nhanes_phase2a\environmental_xpt\1999-2000_LAB06HM.xpt,URXUCO,,WTSHM2YR,urine,2465,2465,100.0,True,1999-2000,2017-2018,C018021,cobaltous chloride
2001-2002,2001,Metals - Urine,L06HM_B.xpt,https://wwwn.cdc.gov/Nchs/Data/Nhanes/Public/2001/DataFiles/L06HM_B.xpt,https://wwwn.cdc.gov/Nchs/Data/Nhanes/Public/2001/DataFiles/L06HM_B.htm,C:\Users\21634\Documents\Codex\2026-08-22\non\work\whynot17\work\nhanes_phase2a\environmental_xpt\2001-2002_L06HM_B.xpt,URXUCO,,WTSHM2YR,urine,2690,2690,100.0,True,1999-2000,2017-2018,C018021,cobaltous chloride
2003-2004,2003,Metals - Urine,L06HM_C.xpt,https://wwwn.cdc.gov/Nchs/Data/Nhanes/Public/2003/DataFiles/L06HM_C.xpt,https://wwwn.cdc.gov/Nchs/Data/Nhanes/Public/2003/DataFiles/L06HM_C.htm,C:\Users\21634\Documents\Codex\2026-08-22\non\work\whynot17\work\nhanes_phase2a\environmental_xpt\2003-2004_L06HM_C.xpt,URXUCO,URDUCOLC,WTSA2YR,urine,2558,2463,96.28616106333072,True,1999-2000,2017-2018,C018021,cobaltous chloride
2005-2006,2005,Metals - Urine,UHM_D.xpt,https://wwwn.cdc.gov/Nchs/Data/Nhanes/Public/2005/DataFiles/UHM_D.xpt,https://wwwn.cdc.gov/Nchs/Data/Nhanes/Public/2005/DataFiles/UHM_D.htm,C:\Users\21634\Documents\Codex\2026-08-22\non\work\whynot17\work\nhanes_phase2a\environmental_xpt\2005-2006_UHM_D.xpt,URXUCO,URDUCOLC,WTSA2YR,urine,2576,2566,99.61180124223603,True,1999-2000,2017-2018,C018021,cobaltous chloride
2007-2008,2007,Metals - Urine,UHM_E.xpt,https://wwwn.cdc.gov/Nchs/Data/Nhanes/Public/2007/DataFiles/UHM_E.xpt,https://wwwn.cdc.gov/Nchs/Data/Nhanes/Public/2007/DataFiles/UHM_E.htm,C:\Users\21634\Documents\Codex\2026-08-22\non\work\whynot17\work\nhanes_phase2a\environmental_xpt\2007-2008_UHM_E.xpt,URXUCO,URDUCOLC,WTSA2YR,urine,2627,2621,99.771602588504,True,1999-2000,2017-2018,C018021,cobaltous chloride
2009-2010,2009,Metals - Urine,UHM_F.xpt,https://wwwn.cdc.gov/Nchs/Data/Nhanes/Public/2009/DataFiles/UHM_F.xpt,https://wwwn.cdc.gov/Nchs/Data/Nhanes/Public/2009/DataFiles/UHM_F.htm,C:\Users\21634\Documents\Codex\2026-08-22\non\work\whynot17\work\nhanes_phase2a\environmental_xpt\2009-2010_UHM_F.xpt,URXUCO,URDUCOLC,WTSA2YR,urine,2848,2830,99.36797752808988,True,1999-2000,2017-2018,C018021,cobaltous chloride
2011-2012,2011,Metals - Urine,UHM_G.xpt,https://wwwn.cdc.gov/Nchs/Data/Nhanes/Public/2011/DataFiles/UHM_G.xpt,https://wwwn.cdc.gov/Nchs/Data/Nhanes/Public/2011/DataFiles/UHM_G.htm,C:\Users\21634\Documents\Codex\2026-08-22\non\work\whynot17\work\nhanes_phase2a\environmental_xpt\2011-2012_UHM_G.xpt,URXUCO,URDUCOLC,WTSA2YR,urine,2504,2488,99.36102236421725,True,1999-2000,2017-2018,C018021,cobaltous chloride
2013-2014,2013,Metals - Urine,UM_H.xpt,https://wwwn.cdc.gov/Nchs/Data/Nhanes/Public/2013/DataFiles/UM_H.xpt,https://wwwn.cdc.gov/Nchs/Data/Nhanes/Public/2013/DataFiles/UM_H.htm,C:\Users\21634\Documents\Codex\2026-08-22\non\work\whynot17\work\nhanes_phase2a\environmental_xpt\2013-2014_UM_H.xpt,URXUCO,URDUCOLC,WTSA2YR,urine,2664,2662,99.92492492492492,True,1999-2000,2017-2018,C018021,cobaltous chloride
2015-2016,2015,Metals - Urine,UM_I.xpt,https://wwwn.cdc.gov/Nchs/Data/Nhanes/Public/2015/DataFiles/UM_I.xpt,https://wwwn.cdc.gov/Nchs/Data/Nhanes/Public/2015/DataFiles/UM_I.htm,C:\Users\21634\Documents\Codex\2026-08-22\non\work\whynot17\work\nhanes_phase2a\environmental_xpt\2015-2016_UM_I.xpt,URXUCO,URDUCOLC,WTSA2YR,urine,3061,3058,99.90199281280627,True,1999-2000,2017-2018,C018021,cobaltous chloride
2017-2018,2017,Metals - Urine,UM_J.xpt,https://wwwn.cdc.gov/Nchs/Data/Nhanes/Public/2017/DataFiles/UM_J.xpt,https://wwwn.cdc.gov/Nchs/Data/Nhanes/Public/2017/DataFiles/UM_J.htm,C:\Users\21634\Documents\Codex\2026-08-22\non\work\whynot17\work\nhanes_phase2a\environmental_xpt\2017-2018_UM_J.xpt,URXUCO,URDUCOLC,WTSA2YR,urine,2808,2805,99.8931623931624,True,1999-2000,2017-2018,C018021,cobaltous chloride
2011-2012,2011,Metals - Urine,UHM_G.xpt,https://wwwn.cdc.gov/Nchs/Data/Nhanes/Public/2011/DataFiles/UHM_G.xpt,https://wwwn.cdc.gov/Nchs/Data/Nhanes/Public/2011/DataFiles/UHM_G.htm,C:\Users\21634\Documents\Codex\2026-08-22\non\work\whynot17\work\nhanes_phase2a\environmental_xpt\2011-2012_UHM_G.xpt,URXUMN,URDUMNLC,WTSA2YR,urine,2504,1731,69.129392971246,True,2011-2012,2017-2018,D008345,Manganese
2013-2014,2013,Metals - Urine,UM_H.xpt,https://wwwn.cdc.gov/Nchs/Data/Nhanes/Public/2013/DataFiles/UM_H.xpt,https://wwwn.cdc.gov/Nchs/Data/Nhanes/Public/2013/DataFiles/UM_H.htm,C:\Users\21634\Documents\Codex\2026-08-22\non\work\whynot17\work\nhanes_phase2a\environmental_xpt\2013-2014_UM_H.xpt,URXUMN,URDUMNLC,WTSA2YR,urine,2664,812,30.48048048048048,True,2011-2012,2017-2018,D008345,Manganese
2015-2016,2015,Metals - Urine,UM_I.xpt,https://wwwn.cdc.gov/Nchs/Data/Nhanes/Public/2015/DataFiles/UM_I.xpt,https://wwwn.cdc.gov/Nchs/Data/Nhanes/Public/2015/DataFiles/UM_I.htm,C:\Users\21634\Documents\Codex\2026-08-22\non\work\whynot17\work\nhanes_phase2a\environmental_xpt\2015-2016_UM_I.xpt,URXUMN,URDUMNLC,WTSA2YR,urine,3061,967,31.590983338778177,True,2011-2012,2017-2018,D008345,Manganese
2017-2018,2017,Metals - Urine,UM_J.xpt,https://wwwn.cdc.gov/Nchs/Data/Nhanes/Public/2017/DataFiles/UM_J.xpt,https://wwwn.cdc.gov/Nchs/Data/Nhanes/Public/2017/DataFiles/UM_J.htm,C:\Users\21634\Documents\Codex\2026-08-22\non\work\whynot17\work\nhanes_phase2a\environmental_xpt\2017-2018_UM_J.xpt,URXUMN,URDUMNLC,WTSA2YR,urine,2808,1029,36.64529914529915,True,2011-2012,2017-2018,D008345,Manganese
2001-2002,2001,Metals - Urine,L06HM_B.xpt,https://wwwn.cdc.gov/Nchs/Data/Nhanes/Public/2001/DataFiles/L06HM_B.xpt,https://wwwn.cdc.gov/Nchs/Data/Nhanes/Public/2001/DataFiles/L06HM_B.htm,C:\Users\21634\Documents\Codex\2026-08-22\non\work\whynot17\work\nhanes_phase2a\environmental_xpt\2001-2002_L06HM_B.xpt,URXUUR,,WTSHM2YR,urine,2690,2690,100.0,True,2001-2002,2015-2016,D014501,Uranium
2003-2004,2003,Metals - Urine,L06HM_C.xpt,https://wwwn.cdc.gov/Nchs/Data/Nhanes/Public/2003/DataFiles/L06HM_C.xpt,https://wwwn.cdc.gov/Nchs/Data/Nhanes/Public/2003/DataFiles/L06HM_C.htm,C:\Users\21634\Documents\Codex\2026-08-22\non\work\whynot17\work\nhanes_phase2a\environmental_xpt\2003-2004_L06HM_C.xpt,URXUUR,URDUURLC,WTSA2YR,urine,2557,1795,70.19945248337896,True,2001-2002,2015-2016,D014501,Uranium
2005-2006,2005,Metals - Urine,UHM_D.xpt,https://wwwn.cdc.gov/Nchs/Data/Nhanes/Public/2005/DataFiles/UHM_D.xpt,https://wwwn.cdc.gov/Nchs/Data/Nhanes/Public/2005/DataFiles/UHM_D.htm,C:\Users\21634\Documents\Codex\2026-08-22\non\work\whynot17\work\nhanes_phase2a\environmental_xpt\2005-2006_UHM_D.xpt,URXUUR,URDUURLC,WTSA2YR,urine,2576,2392,92.85714285714286,True,2001-2002,2015-2016,D014501,Uranium
2007-2008,2007,Metals - Urine,UHM_E.xpt,https://wwwn.cdc.gov/Nchs/Data/Nhanes/Public/2007/DataFiles/UHM_E.xpt,https://wwwn.cdc.gov/Nchs/Data/Nhanes/Public/2007/DataFiles/UHM_E.htm,C:\Users\21634\Documents\Codex\2026-08-22\non\work\whynot17\work\nhanes_phase2a\environmental_xpt\2007-2008_UHM_E.xpt,URXUUR,URDUURLC,WTSA2YR,urine,2627,2430,92.50095165588124,True,2001-2002,2015-2016,D014501,Uranium
2009-2010,2009,Metals - Urine,UHM_F.xpt,https://wwwn.cdc.gov/Nchs/Data/Nhanes/Public/2009/DataFiles/UHM_F.xpt,https://wwwn.cdc.gov/Nchs/Data/Nhanes/Public/2009/DataFiles/UHM_F.htm,C:\Users\21634\Documents\Codex\2026-08-22\non\work\whynot17\work\nhanes_phase2a\environmental_xpt\2009-2010_UHM_F.xpt,URXUUR,URDUURLC,WTSA2YR,urine,2848,2649,93.01264044943821,True,2001-2002,2015-2016,D014501,Uranium
2011-2012,2011,Metals - Urine,UHM_G.xpt,https://wwwn.cdc.gov/Nchs/Data/Nhanes/Public/2011/DataFiles/UHM_G.xpt,https://wwwn.cdc.gov/Nchs/Data/Nhanes/Public/2011/DataFiles/UHM_G.htm,C:\Users\21634\Documents\Codex\2026-08-22\non\work\whynot17\work\nhanes_phase2a\environmental_xpt\2011-2012_UHM_G.xpt,URXUUR,URDUURLC,WTSA2YR,urine,2504,1849,73.84185303514377,True,2001-2002,2015-2016,D014501,Uranium
2013-2014,2013,Metals - Urine,UM_H.xpt,https://wwwn.cdc.gov/Nchs/Data/Nhanes/Public/2013/DataFiles/UM_H.xpt,https://wwwn.cdc.gov/Nchs/Data/Nhanes/Public/2013/DataFiles/UM_H.htm,C:\Users\21634\Documents\Codex\2026-08-22\non\work\whynot17\work\nhanes_phase2a\environmental_xpt\2013-2014_UM_H.xpt,URXUUR,URDUURLC,WTSA2YR,urine,2664,2192,82.28228228228228,True,2001-2002,2015-2016,D014501,Uranium
2015-2016,2015,Metals - Urine,UM_I.xpt,https://wwwn.cdc.gov/Nchs/Data/Nhanes/Public/2015/DataFiles/UM_I.xpt,https://wwwn.cdc.gov/Nchs/Data/Nhanes/Public/2015/DataFiles/UM_I.htm,C:\Users\21634\Documents\Codex\2026-08-22\non\work\whynot17\work\nhanes_phase2a\environmental_xpt\2015-2016_UM_I.xpt,URXUUR,URDUURLC,WTSA2YR,urine,3061,2489,81.31329630839595,True,2001-2002,2015-2016,D014501,Uranium
2003-2004,2003,Environmental Phenols,L24EPH_C.xpt,https://wwwn.cdc.gov/Nchs/Data/Nhanes/Public/2003/DataFiles/L24EPH_C.xpt,https://wwwn.cdc.gov/Nchs/Data/Nhanes/Public/2003/DataFiles/L24EPH_C.htm,C:\Users\21634\Documents\Codex\2026-08-22\non\work\whynot17\work\nhanes_phase2a\environmental_xpt\2003-2004_L24EPH_C.xpt,URXBPH,URDBPHLC,WTSC2YR,urine,2517,2353,93.48430671434247,True,2003-2004,2011-2012,C000611646,bisphenol F
2005-2006,2005,Environmental Phenols & Parabens,EPH_D.xpt,https://wwwn.cdc.gov/Nchs/Data/Nhanes/Public/2005/DataFiles/EPH_D.xpt,https://wwwn.cdc.gov/Nchs/Data/Nhanes/Public/2005/DataFiles/EPH_D.htm,C:\Users\21634\Documents\Codex\2026-08-22\non\work\whynot17\work\nhanes_phase2a\environmental_xpt\2005-2006_EPH_D.xpt,URXBPH,URDBPHLC,WTSB2YR,urine,2548,2366,92.85714285714286,True,2003-2004,2011-2012,C000611646,bisphenol F
2007-2008,2007,Environmental Phenols,EPH_E.xpt,https://wwwn.cdc.gov/Nchs/Data/Nhanes/Public/2007/DataFiles/EPH_E.xpt,https://wwwn.cdc.gov/Nchs/Data/Nhanes/Public/2007/DataFiles/EPH_E.htm,C:\Users\21634\Documents\Codex\2026-08-22\non\work\whynot17\work\nhanes_phase2a\environmental_xpt\2007-2008_EPH_E.xpt,URXBPH,URDBPHLC,WTSB2YR,urine,2604,2438,93.62519201228879,True,2003-2004,2011-2012,C000611646,bisphenol F
2009-2010,2009,Environmental Phenols,EPH_F.xpt,https://wwwn.cdc.gov/Nchs/Data/Nhanes/Public/2009/DataFiles/EPH_F.xpt,https://wwwn.cdc.gov/Nchs/Data/Nhanes/Public/2009/DataFiles/EPH_F.htm,C:\Users\21634\Documents\Codex\2026-08-22\non\work\whynot17\work\nhanes_phase2a\environmental_xpt\2009-2010_EPH_F.xpt,URXBPH,URDBPHLC,WTSB2YR,urine,2749,2528,91.96071298654056,True,2003-2004,2011-2012,C000611646,bisphenol F
2011-2012,2011,Environmental Phenols & Parabens,EPH_G.xpt,https://wwwn.cdc.gov/Nchs/Data/Nhanes/Public/2011/DataFiles/EPH_G.xpt,https://wwwn.cdc.gov/Nchs/Data/Nhanes/Public/2011/DataFiles/EPH_G.htm,C:\Users\21634\Documents\Codex\2026-08-22\non\work\whynot17\work\nhanes_phase2a\environmental_xpt\2011-2012_EPH_G.xpt,URXBPH,URDBPHLC,WTSA2YR,urine,2489,2233,89.71474487746083,True,2003-2004,2011-2012,C000611646,bisphenol F
2003-2004,2003,Environmental Phenols,L24EPH_C.xpt,https://wwwn.cdc.gov/Nchs/Data/Nhanes/Public/2003/DataFiles/L24EPH_C.xpt,https://wwwn.cdc.gov/Nchs/Data/Nhanes/Public/2003/DataFiles/L24EPH_C.htm,C:\Users\21634\Documents\Codex\2026-08-22\non\work\whynot17\work\nhanes_phase2a\environmental_xpt\2003-2004_L24EPH_C.xpt,URXBPH,URDBPHLC,WTSC2YR,urine,2517,2353,93.48430671434247,True,2003-2004,2011-2012,C000655605,fluorene-9-bisphenol
2005-2006,2005,Environmental Phenols & Parabens,EPH_D.xpt,https://wwwn.cdc.gov/Nchs/Data/Nhanes/Public/2005/DataFiles/EPH_D.xpt,https://wwwn.cdc.gov/Nchs/Data/Nhanes/Public/2005/DataFiles/EPH_D.htm,C:\Users\21634\Documents\Codex\2026-08-22\non\work\whynot17\work\nhanes_phase2a\environmental_xpt\2005-2006_EPH_D.xpt,URXBPH,URDBPHLC,WTSB2YR,urine,2548,2366,92.85714285714286,True,2003-2004,2011-2012,C000655605,fluorene-9-bisphenol
2007-2008,2007,Environmental Phenols,EPH_E.xpt,https://wwwn.cdc.gov/Nchs/Data/Nhanes/Public/2007/DataFiles/EPH_E.xpt,https://wwwn.cdc.gov/Nchs/Data/Nhanes/Public/2007/DataFiles/EPH_E.htm,C:\Users\21634\Documents\Codex\2026-08-22\non\work\whynot17\work\nhanes_phase2a\environmental_xpt\2007-2008_EPH_E.xpt,URXBPH,URDBPHLC,WTSB2YR,urine,2604,2438,93.62519201228879,True,2003-2004,2011-2012,C000655605,fluorene-9-bisphenol
2009-2010,2009,Environmental Phenols,EPH_F.xpt,https://wwwn.cdc.gov/Nchs/Data/Nhanes/Public/2009/DataFiles/EPH_F.xpt,https://wwwn.cdc.gov/Nchs/Data/Nhanes/Public/2009/DataFiles/EPH_F.htm,C:\Users\21634\Documents\Codex\2026-08-22\non\work\whynot17\work\nhanes_phase2a\environmental_xpt\2009-2010_EPH_F.xpt,URXBPH,URDBPHLC,WTSB2YR,urine,2749,2528,91.96071298654056,True,2003-2004,2011-2012,C000655605,fluorene-9-bisphenol
2011-2012,2011,Environmental Phenols & Parabens,EPH_G.xpt,https://wwwn.cdc.gov/Nchs/Data/Nhanes/Public/2011/DataFiles/EPH_G.xpt,https://wwwn.cdc.gov/Nchs/Data/Nhanes/Public/2011/DataFiles/EPH_G.htm,C:\Users\21634\Documents\Codex\2026-08-22\non\work\whynot17\work\nhanes_phase2a\environmental_xpt\2011-2012_EPH_G.xpt,URXBPH,URDBPHLC,WTSA2YR,urine,2489,2233,89.71474487746083,True,2003-2004,2011-2012,C000655605,fluorene-9-bisphenol
2003-2004,2003,Environmental Phenols,L24EPH_C.xpt,https://wwwn.cdc.gov/Nchs/Data/Nhanes/Public/2003/DataFiles/L24EPH_C.xpt,https://wwwn.cdc.gov/Nchs/Data/Nhanes/Public/2003/DataFiles/L24EPH_C.htm,C:\Users\21634\Documents\Codex\2026-08-22\non\work\whynot17\work\nhanes_phase2a\environmental_xpt\2003-2004_L24EPH_C.xpt,URXBPH,URDBPHLC,WTSC2YR,urine,2517,2353,93.48430671434247,True,2003-2004,2011-2012,C583074,bisphenol AF
2005-2006,2005,Environmental Phenols & Parabens,EPH_D.xpt,https://wwwn.cdc.gov/Nchs/Data/Nhanes/Public/2005/DataFiles/EPH_D.xpt,https://wwwn.cdc.gov/Nchs/Data/Nhanes/Public/2005/DataFiles/EPH_D.htm,C:\Users\21634\Documents\Codex\2026-08-22\non\work\whynot17\work\nhanes_phase2a\environmental_xpt\2005-2006_EPH_D.xpt,URXBPH,URDBPHLC,WTSB2YR,urine,2548,2366,92.85714285714286,True,2003-2004,2011-2012,C583074,bisphenol AF
2007-2008,2007,Environmental Phenols,EPH_E.xpt,https://wwwn.cdc.gov/Nchs/Data/Nhanes/Public/2007/DataFiles/EPH_E.xpt,https://wwwn.cdc.gov/Nchs/Data/Nhanes/Public/2007/DataFiles/EPH_E.htm,C:\Users\21634\Documents\Codex\2026-08-22\non\work\whynot17\work\nhanes_phase2a\environmental_xpt\2007-2008_EPH_E.xpt,URXBPH,URDBPHLC,WTSB2YR,urine,2604,2438,93.62519201228879,True,2003-2004,2011-2012,C583074,bisphenol AF
2009-2010,2009,Environmental Phenols,EPH_F.xpt,https://wwwn.cdc.gov/Nchs/Data/Nhanes/Public/2009/DataFiles/EPH_F.xpt,https://wwwn.cdc.gov/Nchs/Data/Nhanes/Public/2009/DataFiles/EPH_F.htm,C:\Users\21634\Documents\Codex\2026-08-22\non\work\whynot17\work\nhanes_phase2a\environmental_xpt\2009-2010_EPH_F.xpt,URXBPH,URDBPHLC,WTSB2YR,urine,2749,2528,91.96071298654056,True,2003-2004,2011-2012,C583074,bisphenol AF
2011-2012,2011,Environmental Phenols & Parabens,EPH_G.xpt,https://wwwn.cdc.gov/Nchs/Data/Nhanes/Public/2011/DataFiles/EPH_G.xpt,https://wwwn.cdc.gov/Nchs/Data/Nhanes/Public/2011/DataFiles/EPH_G.htm,C:\Users\21634\Documents\Codex\2026-08-22\non\work\whynot17\work\nhanes_phase2a\environmental_xpt\2011-2012_EPH_G.xpt,URXBPH,URDBPHLC,WTSA2YR,urine,2489,2233,89.71474487746083,True,2003-2004,2011-2012,C583074,bisphenol AF
2001-2002,2001,"Phthalates, Phytoestrogens & PAHs - Urine",PHPYPA_B.xpt,https://wwwn.cdc.gov/Nchs/Data/Nhanes/Public/2001/DataFiles/PHPYPA_B.xpt,https://wwwn.cdc.gov/Nchs/Data/Nhanes/Public/2001/DataFiles/PHPYPA_B.htm,C:\Users\21634\Documents\Codex\2026-08-22\non\work\whynot17\work\nhanes_phase2a\environmental_xpt\2001-2002_PHPYPA_B.xpt,URXP10,,WTSPH2YR,urine,2747,2747,100.0,True,2001-2002,2017-2018,D001564,Benzo(a)pyrene
2003-2004,2003,Polyaromatic Hydrocarbons (PAHs) - Urine,L31PAH_C.xpt,https://wwwn.cdc.gov/Nchs/Data/Nhanes/Public/2003/DataFiles/L31PAH_C.xpt,https://wwwn.cdc.gov/Nchs/Data/Nhanes/Public/2003/DataFiles/L31PAH_C.htm,C:\Users\21634\Documents\Codex\2026-08-22\non\work\whynot17\work\nhanes_phase2a\environmental_xpt\2003-2004_L31PAH_C.xpt,URXP10,URDP10LC,WTSB2YR,urine,2515,2499,99.3638170974155,True,2001-2002,2017-2018,D001564,Benzo(a)pyrene
2005-2006,2005,Polyaromatic Hydrocarbons (PAHs) - Urine,PAH_D.xpt,https://wwwn.cdc.gov/Nchs/Data/Nhanes/Public/2005/DataFiles/PAH_D.xpt,https://wwwn.cdc.gov/Nchs/Data/Nhanes/Public/2005/DataFiles/PAH_D.htm,C:\Users\21634\Documents\Codex\2026-08-22\non\work\whynot17\work\nhanes_phase2a\environmental_xpt\2005-2006_PAH_D.xpt,URXP10,URDP10LC,WTSB2YR,urine,2415,2411,99.8343685300207,True,2001-2002,2017-2018,D001564,Benzo(a)pyrene
2007-2008,2007,Polyaromatic Hydrocarbons (PAHs) - Urine,PAH_E.xpt,https://wwwn.cdc.gov/Nchs/Data/Nhanes/Public/2007/DataFiles/PAH_E.xpt,https://wwwn.cdc.gov/Nchs/Data/Nhanes/Public/2007/DataFiles/PAH_E.htm,C:\Users\21634\Documents\Codex\2026-08-22\non\work\whynot17\work\nhanes_phase2a\environmental_xpt\2007-2008_PAH_E.xpt,URXP10,URDP10LC,WTSB2YR,urine,2581,2569,99.5350639287098,True,2001-2002,2017-2018,D001564,Benzo(a)pyrene
2009-2010,2009,Polyaromatic Hydrocarbons -Urine,PAH_F.xpt,https://wwwn.cdc.gov/Nchs/Data/Nhanes/Public/2009/DataFiles/PAH_F.xpt,https://wwwn.cdc.gov/Nchs/Data/Nhanes/Public/2009/DataFiles/PAH_F.htm,C:\Users\21634\Documents\Codex\2026-08-22\non\work\whynot17\work\nhanes_phase2a\environmental_xpt\2009-2010_PAH_F.xpt,URXP10,URDP10LC,WTSB2YR,urine,2746,2729,99.3809176984705,True,2001-2002,2017-2018,D001564,Benzo(a)pyrene
2011-2012,2011,Polyaromatic Hydrocarbons (PAHs) - Urine,PAH_G.xpt,https://wwwn.cdc.gov/Nchs/Data/Nhanes/Public/2011/DataFiles/PAH_G.xpt,https://wwwn.cdc.gov/Nchs/Data/Nhanes/Public/2011/DataFiles/PAH_G.htm,C:\Users\21634\Documents\Codex\2026-08-22\non\work\whynot17\work\nhanes_phase2a\environmental_xpt\2011-2012_PAH_G.xpt,URXP10,URDP10LC,WTSA2YR,urine,2487,2458,98.83393646964214,True,2001-2002,2017-2018,D001564,Benzo(a)pyrene
2013-2014,2013,Polycyclic Aromatic Hydrocarbons (PAH) - Urine,PAH_H.xpt,https://wwwn.cdc.gov/Nchs/Data/Nhanes/Public/2013/DataFiles/PAH_H.xpt,https://wwwn.cdc.gov/Nchs/Data/Nhanes/Public/2013/DataFiles/PAH_H.htm,C:\Users\21634\Documents\Codex\2026-08-22\non\work\whynot17\work\nhanes_phase2a\environmental_xpt\2013-2014_PAH_H.xpt,URXP10,URDP10LC,WTSA2YR,urine,2650,2024,76.37735849056604,True,2001-2002,2017-2018,D001564,Benzo(a)pyrene
2015-2016,2015,Polycyclic Aromatic Hydrocarbons (PAH) - Urine,PAH_I.xpt,https://wwwn.cdc.gov/Nchs/Data/Nhanes/Public/2015/DataFiles/PAH_I.xpt,https://wwwn.cdc.gov/Nchs/Data/Nhanes/Public/2015/DataFiles/PAH_I.htm,C:\Users\21634\Documents\Codex\2026-08-22\non\work\whynot17\work\nhanes_phase2a\environmental_xpt\2015-2016_PAH_I.xpt,URXP10,URDP10LC,WTSA2YR,urine,3036,2123,69.92753623188406,True,2001-2002,2017-2018,D001564,Benzo(a)pyrene
2017-2018,2017,Polycyclic Aromatic Hydrocarbons (PAH) - Urine,PAH_J.xpt,https://wwwn.cdc.gov/Nchs/Data/Nhanes/Public/2017/DataFiles/PAH_J.xpt,https://wwwn.cdc.gov/Nchs/Data/Nhanes/Public/2017/DataFiles/PAH_J.htm,C:\Users\21634\Documents\Codex\2026-08-22\non\work\whynot17\work\nhanes_phase2a\environmental_xpt\2017-2018_PAH_J.xpt,URXP10,URDP10LC,WTSA2YR,urine,2775,1671,60.21621621621622,True,2001-2002,2017-2018,D001564,Benzo(a)pyrene
2003-2004,2003,Environmental Phenols,L24EPH_C.xpt,https://wwwn.cdc.gov/Nchs/Data/Nhanes/Public/2003/DataFiles/L24EPH_C.xpt,https://wwwn.cdc.gov/Nchs/Data/Nhanes/Public/2003/DataFiles/L24EPH_C.htm,C:\Users\21634\Documents\Codex\2026-08-22\non\work\whynot17\work\nhanes_phase2a\environmental_xpt\2003-2004_L24EPH_C.xpt,URXBPH,URDBPHLC,WTSC2YR,urine,2517,2353,93.48430671434247,True,2003-2004,2011-2012,C492482,bisphenol B
2005-2006,2005,Environmental Phenols & Parabens,EPH_D.xpt,https://wwwn.cdc.gov/Nchs/Data/Nhanes/Public/2005/DataFiles/EPH_D.xpt,https://wwwn.cdc.gov/Nchs/Data/Nhanes/Public/2005/DataFiles/EPH_D.htm,C:\Users\21634\Documents\Codex\2026-08-22\non\work\whynot17\work\nhanes_phase2a\environmental_xpt\2005-2006_EPH_D.xpt,URXBPH,URDBPHLC,WTSB2YR,urine,2548,2366,92.85714285714286,True,2003-2004,2011-2012,C492482,bisphenol B
2007-2008,2007,Environmental Phenols,EPH_E.xpt,https://wwwn.cdc.gov/Nchs/Data/Nhanes/Public/2007/DataFiles/EPH_E.xpt,https://wwwn.cdc.gov/Nchs/Data/Nhanes/Public/2007/DataFiles/EPH_E.htm,C:\Users\21634\Documents\Codex\2026-08-22\non\work\whynot17\work\nhanes_phase2a\environmental_xpt\2007-2008_EPH_E.xpt,URXBPH,URDBPHLC,WTSB2YR,urine,2604,2438,93.62519201228879,True,2003-2004,2011-2012,C492482,bisphenol B
2009-2010,2009,Environmental Phenols,EPH_F.xpt,https://wwwn.cdc.gov/Nchs/Data/Nhanes/Public/2009/DataFiles/EPH_F.xpt,https://wwwn.cdc.gov/Nchs/Data/Nhanes/Public/2009/DataFiles/EPH_F.htm,C:\Users\21634\Documents\Codex\2026-08-22\non\work\whynot17\work\nhanes_phase2a\environmental_xpt\2009-2010_EPH_F.xpt,URXBPH,URDBPHLC,WTSB2YR,urine,2749,2528,91.96071298654056,True,2003-2004,2011-2012,C492482,bisphenol B
2011-2012,2011,Environmental Phenols & Parabens,EPH_G.xpt,https://wwwn.cdc.gov/Nchs/Data/Nhanes/Public/2011/DataFiles/EPH_G.xpt,https://wwwn.cdc.gov/Nchs/Data/Nhanes/Public/2011/DataFiles/EPH_G.htm,C:\Users\21634\Documents\Codex\2026-08-22\non\work\whynot17\work\nhanes_phase2a\environmental_xpt\2011-2012_EPH_G.xpt,URXBPH,URDBPHLC,WTSA2YR,urine,2489,2233,89.71474487746083,True,2003-2004,2011-2012,C492482,bisphenol B
1999-2000,1999,"Phthalates, Phytoestrogens & PAHs - Urine PHPYPA Urinary Phthalates",PHPYPA.xpt,https://wwwn.cdc.gov/Nchs/Data/Nhanes/Public/1999/DataFiles/PHPYPA.xpt,https://wwwn.cdc.gov/Nchs/Data/Nhanes/Public/1999/DataFiles/PHPYPA.htm,C:\Users\21634\Documents\Codex\2026-08-22\non\work\whynot17\work\nhanes_phase2a\environmental_xpt\1999-2000_PHPYPA.xpt,URXMZP,,WTSPH4YR,urine,2541,2541,100.0,True,1999-2000,2017-2018,C027561,butylbenzyl phthalate
2001-2002,2001,"Phthalates, Phytoestrogens & PAHs - Urine",PHPYPA_B.xpt,https://wwwn.cdc.gov/Nchs/Data/Nhanes/Public/2001/DataFiles/PHPYPA_B.xpt,https://wwwn.cdc.gov/Nchs/Data/Nhanes/Public/2001/DataFiles/PHPYPA_B.htm,C:\Users\21634\Documents\Codex\2026-08-22\non\work\whynot17\work\nhanes_phase2a\environmental_xpt\2001-2002_PHPYPA_B.xpt,URXMZP,,WTSPH2YR,urine,2782,2782,100.0,True,1999-2000,2017-2018,C027561,butylbenzyl phthalate
2003-2004,2003,Phthalates - Urine,L24PH_C.xpt,https://wwwn.cdc.gov/Nchs/Data/Nhanes/Public/2003/DataFiles/L24PH_C.xpt,https://wwwn.cdc.gov/Nchs/Data/Nhanes/Public/2003/DataFiles/L24PH_C.htm,C:\Users\21634\Documents\Codex\2026-08-22\non\work\whynot17\work\nhanes_phase2a\environmental_xpt\2003-2004_L24PH_C.xpt,URXMZP,URDMZPLC,WTSB2YR,urine,2605,2596,99.65451055662189,True,1999-2000,2017-2018,C027561,butylbenzyl phthalate
2005-2006,2005,Phthalates - Urine,PHTHTE_D.xpt,https://wwwn.cdc.gov/Nchs/Data/Nhanes/Public/2005/DataFiles/PHTHTE_D.xpt,https://wwwn.cdc.gov/Nchs/Data/Nhanes/Public/2005/DataFiles/PHTHTE_D.htm,C:\Users\21634\Documents\Codex\2026-08-22\non\work\whynot17\work\nhanes_phase2a\environmental_xpt\2005-2006_PHTHTE_D.xpt,URXMZP,URDMZPLC,WTSB2YR,urine,2548,2519,98.861852433281,True,1999-2000,2017-2018,C027561,butylbenzyl phthalate
2007-2008,2007,Phthalates - Urine,PHTHTE_E.xpt,https://wwwn.cdc.gov/Nchs/Data/Nhanes/Public/2007/DataFiles/PHTHTE_E.xpt,https://wwwn.cdc.gov/Nchs/Data/Nhanes/Public/2007/DataFiles/PHTHTE_E.htm,C:\Users\21634\Documents\Codex\2026-08-22\non\work\whynot17\work\nhanes_phase2a\environmental_xpt\2007-2008_PHTHTE_E.xpt,URXMZP,URDMZPLC,WTSB2YR,urine,2604,2558,98.23348694316437,True,1999-2000,2017-2018,C027561,butylbenzyl phthalate
2009-2010,2009,Phthalates - Urine,PHTHTE_F.xpt,https://wwwn.cdc.gov/Nchs/Data/Nhanes/Public/2009/DataFiles/PHTHTE_F.xpt,https://wwwn.cdc.gov/Nchs/Data/Nhanes/Public/2009/DataFiles/PHTHTE_F.htm,C:\Users\21634\Documents\Codex\2026-08-22\non\work\whynot17\work\nhanes_phase2a\environmental_xpt\2009-2010_PHTHTE_F.xpt,URXMZP,URDMZPLC,WTSB2YR,urine,2749,2735,99.49072389959986,True,1999-2000,2017-2018,C027561,butylbenzyl phthalate
2011-2012,2011,Phthalates & Plasticizers Metabolites - Urine,PHTHTE_G.xpt,https://wwwn.cdc.gov/Nchs/Data/Nhanes/Public/2011/DataFiles/PHTHTE_G.xpt,https://wwwn.cdc.gov/Nchs/Data/Nhanes/Public/2011/DataFiles/PHTHTE_G.htm,C:\Users\21634\Documents\Codex\2026-08-22\non\work\whynot17\work\nhanes_phase2a\environmental_xpt\2011-2012_PHTHTE_G.xpt,URXMZP,URDMZPLC,WTSA2YR,urine,2489,2443,98.15186822016874,True,1999-2000,2017-2018,C027561,butylbenzyl phthalate
2013-2014,2013,Phthalates and Plasticizers Metabolites - Urine,PHTHTE_H.xpt,https://wwwn.cdc.gov/Nchs/Data/Nhanes/Public/2013/DataFiles/PHTHTE_H.xpt,https://wwwn.cdc.gov/Nchs/Data/Nhanes/Public/2013/DataFiles/PHTHTE_H.htm,C:\Users\21634\Documents\Codex\2026-08-22\non\work\whynot17\work\nhanes_phase2a\environmental_xpt\2013-2014_PHTHTE_H.xpt,URXMZP,URDMZPLC,WTSB2YR,urine,2685,2621,97.61638733705773,True,1999-2000,2017-2018,C027561,butylbenzyl phthalate
2015-2016,2015,Phthalates and Plasticizers Metabolites - Urine,PHTHTE_I.xpt,https://wwwn.cdc.gov/Nchs/Data/Nhanes/Public/2015/DataFiles/PHTHTE_I.xpt,https://wwwn.cdc.gov/Nchs/Data/Nhanes/Public/2015/DataFiles/PHTHTE_I.htm,C:\Users\21634\Documents\Codex\2026-08-22\non\work\whynot17\work\nhanes_phase2a\environmental_xpt\2015-2016_PHTHTE_I.xpt,URXMZP,URDMZPLC,WTSB2YR,urine,2975,2913,97.91596638655462,True,1999-2000,2017-2018,C027561,butylbenzyl phthalate
2017-2018,2017,Phthalates and Plasticizers Metabolites - Urine,PHTHTE_J.xpt,https://wwwn.cdc.gov/Nchs/Data/Nhanes/Public/2017/DataFiles/PHTHTE_J.xpt,https://wwwn.cdc.gov/Nchs/Data/Nhanes/Public/2017/DataFiles/PHTHTE_J.htm,C:\Users\21634\Documents\Codex\2026-08-22\non\work\whynot17\work\nhanes_phase2a\environmental_xpt\2017-2018_PHTHTE_J.xpt,URXMZP,URDMZPLC,WTSB2YR,urine,2762,2657,96.19840695148443,True,1999-2000,2017-2018,C027561,butylbenzyl phthalate
1999-2000,1999,"Phthalates, Phytoestrogens & PAHs - Urine PHPYPA Urinary Phthalates",PHPYPA.xpt,https://wwwn.cdc.gov/Nchs/Data/Nhanes/Public/1999/DataFiles/PHPYPA.xpt,https://wwwn.cdc.gov/Nchs/Data/Nhanes/Public/1999/DataFiles/PHPYPA.htm,C:\Users\21634\Documents\Codex\2026-08-22\non\work\whynot17\work\nhanes_phase2a\environmental_xpt\1999-2000_PHPYPA.xpt,URXMZP,,WTSPH4YR,urine,2541,2541,100.0,True,1999-2000,2017-2018,C103325,mono-benzyl phthalate
2001-2002,2001,"Phthalates, Phytoestrogens & PAHs - Urine",PHPYPA_B.xpt,https://wwwn.cdc.gov/Nchs/Data/Nhanes/Public/2001/DataFiles/PHPYPA_B.xpt,https://wwwn.cdc.gov/Nchs/Data/Nhanes/Public/2001/DataFiles/PHPYPA_B.htm,C:\Users\21634\Documents\Codex\2026-08-22\non\work\whynot17\work\nhanes_phase2a\environmental_xpt\2001-2002_PHPYPA_B.xpt,URXMZP,,WTSPH2YR,urine,2782,2782,100.0,True,1999-2000,2017-2018,C103325,mono-benzyl phthalate
2003-2004,2003,Phthalates - Urine,L24PH_C.xpt,https://wwwn.cdc.gov/Nchs/Data/Nhanes/Public/2003/DataFiles/L24PH_C.xpt,https://wwwn.cdc.gov/Nchs/Data/Nhanes/Public/2003/DataFiles/L24PH_C.htm,C:\Users\21634\Documents\Codex\2026-08-22\non\work\whynot17\work\nhanes_phase2a\environmental_xpt\2003-2004_L24PH_C.xpt,URXMZP,URDMZPLC,WTSB2YR,urine,2605,2596,99.65451055662189,True,1999-2000,2017-2018,C103325,mono-benzyl phthalate
2005-2006,2005,Phthalates - Urine,PHTHTE_D.xpt,https://wwwn.cdc.gov/Nchs/Data/Nhanes/Public/2005/DataFiles/PHTHTE_D.xpt,https://wwwn.cdc.gov/Nchs/Data/Nhanes/Public/2005/DataFiles/PHTHTE_D.htm,C:\Users\21634\Documents\Codex\2026-08-22\non\work\whynot17\work\nhanes_phase2a\environmental_xpt\2005-2006_PHTHTE_D.xpt,URXMZP,URDMZPLC,WTSB2YR,urine,2548,2519,98.861852433281,True,1999-2000,2017-2018,C103325,mono-benzyl phthalate
2007-2008,2007,Phthalates - Urine,PHTHTE_E.xpt,https://wwwn.cdc.gov/Nchs/Data/Nhanes/Public/2007/DataFiles/PHTHTE_E.xpt,https://wwwn.cdc.gov/Nchs/Data/Nhanes/Public/2007/DataFiles/PHTHTE_E.htm,C:\Users\21634\Documents\Codex\2026-08-22\non\work\whynot17\work\nhanes_phase2a\environmental_xpt\2007-2008_PHTHTE_E.xpt,URXMZP,URDMZPLC,WTSB2YR,urine,2604,2558,98.23348694316437,True,1999-2000,2017-2018,C103325,mono-benzyl phthalate
2009-2010,2009,Phthalates - Urine,PHTHTE_F.xpt,https://wwwn.cdc.gov/Nchs/Data/Nhanes/Public/2009/DataFiles/PHTHTE_F.xpt,https://wwwn.cdc.gov/Nchs/Data/Nhanes/Public/2009/DataFiles/PHTHTE_F.htm,C:\Users\21634\Documents\Codex\2026-08-22\non\work\whynot17\work\nhanes_phase2a\environmental_xpt\2009-2010_PHTHTE_F.xpt,URXMZP,URDMZPLC,WTSB2YR,urine,2749,2735,99.49072389959986,True,1999-2000,2017-2018,C103325,mono-benzyl phthalate
2011-2012,2011,Phthalates & Plasticizers Metabolites - Urine,PHTHTE_G.xpt,https://wwwn.cdc.gov/Nchs/Data/Nhanes/Public/2011/DataFiles/PHTHTE_G.xpt,https://wwwn.cdc.gov/Nchs/Data/Nhanes/Public/2011/DataFiles/PHTHTE_G.htm,C:\Users\21634\Documents\Codex\2026-08-22\non\work\whynot17\work\nhanes_phase2a\environmental_xpt\2011-2012_PHTHTE_G.xpt,URXMZP,URDMZPLC,WTSA2YR,urine,2489,2443,98.15186822016874,True,1999-2000,2017-2018,C103325,mono-benzyl phthalate
2013-2014,2013,Phthalates and Plasticizers Metabolites - Urine,PHTHTE_H.xpt,https://wwwn.cdc.gov/Nchs/Data/Nhanes/Public/2013/DataFiles/PHTHTE_H.xpt,https://wwwn.cdc.gov/Nchs/Data/Nhanes/Public/2013/DataFiles/PHTHTE_H.htm,C:\Users\21634\Documents\Codex\2026-08-22\non\work\whynot17\work\nhanes_phase2a\environmental_xpt\2013-2014_PHTHTE_H.xpt,URXMZP,URDMZPLC,WTSB2YR,urine,2685,2621,97.61638733705773,True,1999-2000,2017-2018,C103325,mono-benzyl phthalate
2015-2016,2015,Phthalates and Plasticizers Metabolites - Urine,PHTHTE_I.xpt,https://wwwn.cdc.gov/Nchs/Data/Nhanes/Public/2015/DataFiles/PHTHTE_I.xpt,https://wwwn.cdc.gov/Nchs/Data/Nhanes/Public/2015/DataFiles/PHTHTE_I.htm,C:\Users\21634\Documents\Codex\2026-08-22\non\work\whynot17\work\nhanes_phase2a\environmental_xpt\2015-2016_PHTHTE_I.xpt,URXMZP,URDMZPLC,WTSB2YR,urine,2975,2913,97.91596638655462,True,1999-2000,2017-2018,C103325,mono-benzyl phthalate
2017-2018,2017,Phthalates and Plasticizers Metabolites - Urine,PHTHTE_J.xpt,https://wwwn.cdc.gov/Nchs/Data/Nhanes/Public/2017/DataFiles/PHTHTE_J.xpt,https://wwwn.cdc.gov/Nchs/Data/Nhanes/Public/2017/DataFiles/PHTHTE_J.htm,C:\Users\21634\Documents\Codex\2026-08-22\non\work\whynot17\work\nhanes_phase2a\environmental_xpt\2017-2018_PHTHTE_J.xpt,URXMZP,URDMZPLC,WTSB2YR,urine,2762,2657,96.19840695148443,True,1999-2000,2017-2018,C103325,mono-benzyl phthalate
1999-2000,1999,"Phthalates, Phytoestrogens & PAHs - Urine PHPYPA Urinary Phthalates",PHPYPA.xpt,https://wwwn.cdc.gov/Nchs/Data/Nhanes/Public/1999/DataFiles/PHPYPA.xpt,https://wwwn.cdc.gov/Nchs/Data/Nhanes/Public/1999/DataFiles/PHPYPA.htm,C:\Users\21634\Documents\Codex\2026-08-22\non\work\whynot17\work\nhanes_phase2a\environmental_xpt\1999-2000_PHPYPA.xpt,URXMBP,,WTSPH4YR,urine,2541,2541,100.0,True,1999-2000,2017-2018,C028577,monobutyl phthalate
2001-2002,2001,"Phthalates, Phytoestrogens & PAHs - Urine",PHPYPA_B.xpt,https://wwwn.cdc.gov/Nchs/Data/Nhanes/Public/2001/DataFiles/PHPYPA_B.xpt,https://wwwn.cdc.gov/Nchs/Data/Nhanes/Public/2001/DataFiles/PHPYPA_B.htm,C:\Users\21634\Documents\Codex\2026-08-22\non\work\whynot17\work\nhanes_phase2a\environmental_xpt\2001-2002_PHPYPA_B.xpt,URXMBP,,WTSPH2YR,urine,2782,2782,100.0,True,1999-2000,2017-2018,C028577,monobutyl phthalate
2003-2004,2003,Phthalates - Urine,L24PH_C.xpt,https://wwwn.cdc.gov/Nchs/Data/Nhanes/Public/2003/DataFiles/L24PH_C.xpt,https://wwwn.cdc.gov/Nchs/Data/Nhanes/Public/2003/DataFiles/L24PH_C.htm,C:\Users\21634\Documents\Codex\2026-08-22\non\work\whynot17\work\nhanes_phase2a\environmental_xpt\2003-2004_L24PH_C.xpt,URXMBP,URDMBPLC,WTSB2YR,urine,2605,2593,99.53934740882917,True,1999-2000,2017-2018,C028577,monobutyl phthalate
2005-2006,2005,Phthalates - Urine,PHTHTE_D.xpt,https://wwwn.cdc.gov/Nchs/Data/Nhanes/Public/2005/DataFiles/PHTHTE_D.xpt,https://wwwn.cdc.gov/Nchs/Data/Nhanes/Public/2005/DataFiles/PHTHTE_D.htm,C:\Users\21634\Documents\Codex\2026-08-22\non\work\whynot17\work\nhanes_phase2a\environmental_xpt\2005-2006_PHTHTE_D.xpt,URXMBP,URDMBPLC,WTSB2YR,urine,2548,2541,99.72527472527473,True,1999-2000,2017-2018,C028577,monobutyl phthalate
2007-2008,2007,Phthalates - Urine,PHTHTE_E.xpt,https://wwwn.cdc.gov/Nchs/Data/Nhanes/Public/2007/DataFiles/PHTHTE_E.xpt,https://wwwn.cdc.gov/Nchs/Data/Nhanes/Public/2007/DataFiles/PHTHTE_E.htm,C:\Users\21634\Documents\Codex\2026-08-22\non\work\whynot17\work\nhanes_phase2a\environmental_xpt\2007-2008_PHTHTE_E.xpt,URXMBP,URDMBPLC,WTSB2YR,urine,2604,2585,99.27035330261137,True,1999-2000,2017-2018,C028577,monobutyl phthalate
2009-2010,2009,Phthalates - Urine,PHTHTE_F.xpt,https://wwwn.cdc.gov/Nchs/Data/Nhanes/Public/2009/DataFiles/PHTHTE_F.xpt,https://wwwn.cdc.gov/Nchs/Data/Nhanes/Public/2009/DataFiles/PHTHTE_F.htm,C:\Users\21634\Documents\Codex\2026-08-22\non\work\whynot17\work\nhanes_phase2a\environmental_xpt\2009-2010_PHTHTE_F.xpt,URXMBP,URDMBPLC,WTSB2YR,urine,2749,2737,99.56347762822844,True,1999-2000,2017-2018,C028577,monobutyl phthalate
2011-2012,2011,Phthalates & Plasticizers Metabolites - Urine,PHTHTE_G.xpt,https://wwwn.cdc.gov/Nchs/Data/Nhanes/Public/2011/DataFiles/PHTHTE_G.xpt,https://wwwn.cdc.gov/Nchs/Data/Nhanes/Public/2011/DataFiles/PHTHTE_G.htm,C:\Users\21634\Documents\Codex\2026-08-22\non\work\whynot17\work\nhanes_phase2a\environmental_xpt\2011-2012_PHTHTE_G.xpt,URXMBP,URDMBPLC,WTSA2YR,urine,2489,2350,94.41542788268382,True,1999-2000,2017-2018,C028577,monobutyl phthalate
2013-2014,2013,Phthalates and Plasticizers Metabolites - Urine,PHTHTE_H.xpt,https://wwwn.cdc.gov/Nchs/Data/Nhanes/Public/2013/DataFiles/PHTHTE_H.xpt,https://wwwn.cdc.gov/Nchs/Data/Nhanes/Public/2013/DataFiles/PHTHTE_H.htm,C:\Users\21634\Documents\Codex\2026-08-22\non\work\whynot17\work\nhanes_phase2a\environmental_xpt\2013-2014_PHTHTE_H.xpt,URXMBP,URDMBPLC,WTSB2YR,urine,2685,2642,98.39851024208566,True,1999-2000,2017-2018,C028577,monobutyl phthalate
2015-2016,2015,Phthalates and Plasticizers Metabolites - Urine,PHTHTE_I.xpt,https://wwwn.cdc.gov/Nchs/Data/Nhanes/Public/2015/DataFiles/PHTHTE_I.xpt,https://wwwn.cdc.gov/Nchs/Data/Nhanes/Public/2015/DataFiles/PHTHTE_I.htm,C:\Users\21634\Documents\Codex\2026-08-22\non\work\whynot17\work\nhanes_phase2a\environmental_xpt\2015-2016_PHTHTE_I.xpt,URXMBP,URDMBPLC,WTSB2YR,urine,2975,2954,99.29411764705883,True,1999-2000,2017-2018,C028577,monobutyl phthalate
2017-2018,2017,Phthalates and Plasticizers Metabolites - Urine,PHTHTE_J.xpt,https://wwwn.cdc.gov/Nchs/Data/Nhanes/Public/2017/DataFiles/PHTHTE_J.xpt,https://wwwn.cdc.gov/Nchs/Data/Nhanes/Public/2017/DataFiles/PHTHTE_J.htm,C:\Users\21634\Documents\Codex\2026-08-22\non\work\whynot17\work\nhanes_phase2a\environmental_xpt\2017-2018_PHTHTE_J.xpt,URXMBP,URDMBPLC,WTSB2YR,urine,2762,2743,99.31209268645908,True,1999-2000,2017-2018,C028577,monobutyl phthalate
1999-2000,1999,"Phthalates, Phytoestrogens & PAHs - Urine PHPYPA Urinary Phthalates",PHPYPA.xpt,https://wwwn.cdc.gov/Nchs/Data/Nhanes/Public/1999/DataFiles/PHPYPA.xpt,https://wwwn.cdc.gov/Nchs/Data/Nhanes/Public/1999/DataFiles/PHPYPA.htm,C:\Users\21634\Documents\Codex\2026-08-22\non\work\whynot17\work\nhanes_phase2a\environmental_xpt\1999-2000_PHPYPA.xpt,URXMHP,,WTSPH4YR,urine,2541,2541,100.0,True,1999-2000,2017-2018,C016599,mono-(2-ethylhexyl)phthalate
2001-2002,2001,"Phthalates, Phytoestrogens & PAHs - Urine",PHPYPA_B.xpt,https://wwwn.cdc.gov/Nchs/Data/Nhanes/Public/2001/DataFiles/PHPYPA_B.xpt,https://wwwn.cdc.gov/Nchs/Data/Nhanes/Public/2001/DataFiles/PHPYPA_B.htm,C:\Users\21634\Documents\Codex\2026-08-22\non\work\whynot17\work\nhanes_phase2a\environmental_xpt\2001-2002_PHPYPA_B.xpt,URXMHP,,WTSPH2YR,urine,2782,2782,100.0,True,1999-2000,2017-2018,C016599,mono-(2-ethylhexyl)phthalate
2003-2004,2003,Phthalates - Urine,L24PH_C.xpt,https://wwwn.cdc.gov/Nchs/Data/Nhanes/Public/2003/DataFiles/L24PH_C.xpt,https://wwwn.cdc.gov/Nchs/Data/Nhanes/Public/2003/DataFiles/L24PH_C.htm,C:\Users\21634\Documents\Codex\2026-08-22\non\work\whynot17\work\nhanes_phase2a\environmental_xpt\2003-2004_L24PH_C.xpt,URXMHP,URDMHPLC,WTSB2YR,urine,2605,1826,70.09596928982725,True,1999-2000,2017-2018,C016599,mono-(2-ethylhexyl)phthalate
2005-2006,2005,Phthalates - Urine,PHTHTE_D.xpt,https://wwwn.cdc.gov/Nchs/Data/Nhanes/Public/2005/DataFiles/PHTHTE_D.xpt,https://wwwn.cdc.gov/Nchs/Data/Nhanes/Public/2005/DataFiles/PHTHTE_D.htm,C:\Users\21634\Documents\Codex\2026-08-22\non\work\whynot17\work\nhanes_phase2a\environmental_xpt\2005-2006_PHTHTE_D.xpt,URXMHP,URDMHPLC,WTSB2YR,urine,2548,1753,68.79905808477237,True,1999-2000,2017-2018,C016599,mono-(2-ethylhexyl)phthalate
2007-2008,2007,Phthalates - Urine,PHTHTE_E.xpt,https://wwwn.cdc.gov/Nchs/Data/Nhanes/Public/2007/DataFiles/PHTHTE_E.xpt,https://wwwn.cdc.gov/Nchs/Data/Nhanes/Public/2007/DataFiles/PHTHTE_E.htm,C:\Users\21634\Documents\Codex\2026-08-22\non\work\whynot17\work\nhanes_phase2a\environmental_xpt\2007-2008_PHTHTE_E.xpt,URXMHP,URDMHPLC,WTSB2YR,urine,2604,1746,67.05069124423963,True,1999-2000,2017-2018,C016599,mono-(2-ethylhexyl)phthalate
2009-2010,2009,Phthalates - Urine,PHTHTE_F.xpt,https://wwwn.cdc.gov/Nchs/Data/Nhanes/Public/2009/DataFiles/PHTHTE_F.xpt,https://wwwn.cdc.gov/Nchs/Data/Nhanes/Public/2009/DataFiles/PHTHTE_F.htm,C:\Users\21634\Documents\Codex\2026-08-22\non\work\whynot17\work\nhanes_phase2a\environmental_xpt\2009-2010_PHTHTE_F.xpt,URXMHP,URDMHPLC,WTSB2YR,urine,2749,2129,77.44634412513642,True,1999-2000,2017-2018,C016599,mono-(2-ethylhexyl)phthalate
2011-2012,2011,Phthalates & Plasticizers Metabolites - Urine,PHTHTE_G.xpt,https://wwwn.cdc.gov/Nchs/Data/Nhanes/Public/2011/DataFiles/PHTHTE_G.xpt,https://wwwn.cdc.gov/Nchs/Data/Nhanes/Public/2011/DataFiles/PHTHTE_G.htm,C:\Users\21634\Documents\Codex\2026-08-22\non\work\whynot17\work\nhanes_phase2a\environmental_xpt\2011-2012_PHTHTE_G.xpt,URXMHP,URDMHPLC,WTSA2YR,urine,2489,1910,76.73764564081961,True,1999-2000,2017-2018,C016599,mono-(2-ethylhexyl)phthalate
2013-2014,2013,Phthalates and Plasticizers Metabolites - Urine,PHTHTE_H.xpt,https://wwwn.cdc.gov/Nchs/Data/Nhanes/Public/2013/DataFiles/PHTHTE_H.xpt,https://wwwn.cdc.gov/Nchs/Data/Nhanes/Public/2013/DataFiles/PHTHTE_H.htm,C:\Users\21634\Documents\Codex\2026-08-22\non\work\whynot17\work\nhanes_phase2a\environmental_xpt\2013-2014_PHTHTE_H.xpt,URXMHP,URDMHPLC,WTSB2YR,urine,2685,1676,62.42085661080075,True,1999-2000,2017-2018,C016599,mono-(2-ethylhexyl)phthalate
2015-2016,2015,Phthalates and Plasticizers Metabolites - Urine,PHTHTE_I.xpt,https://wwwn.cdc.gov/Nchs/Data/Nhanes/Public/2015/DataFiles/PHTHTE_I.xpt,https://wwwn.cdc.gov/Nchs/Data/Nhanes/Public/2015/DataFiles/PHTHTE_I.htm,C:\Users\21634\Documents\Codex\2026-08-22\non\work\whynot17\work\nhanes_phase2a\environmental_xpt\2015-2016_PHTHTE_I.xpt,URXMHP,URDMHPLC,WTSB2YR,urine,2975,1853,62.285714285714285,True,1999-2000,2017-2018,C016599,mono-(2-ethylhexyl)phthalate
2017-2018,2017,Phthalates and Plasticizers Metabolites - Urine,PHTHTE_J.xpt,https://wwwn.cdc.gov/Nchs/Data/Nhanes/Public/2017/DataFiles/PHTHTE_J.xpt,https://wwwn.cdc.gov/Nchs/Data/Nhanes/Public/2017/DataFiles/PHTHTE_J.htm,C:\Users\21634\Documents\Codex\2026-08-22\non\work\whynot17\work\nhanes_phase2a\environmental_xpt\2017-2018_PHTHTE_J.xpt,URXMHP,URDMHPLC,WTSB2YR,urine,2762,1553,56.22737146994931,True,1999-2000,2017-2018,C016599,mono-(2-ethylhexyl)phthalate
2013-2014,2013,Polycyclic Aromatic Hydrocarbons (PAH) - Urine,PAH_H.xpt,https://wwwn.cdc.gov/Nchs/Data/Nhanes/Public/2013/DataFiles/PAH_H.xpt,https://wwwn.cdc.gov/Nchs/Data/Nhanes/Public/2013/DataFiles/PAH_H.htm,C:\Users\21634\Documents\Codex\2026-08-22\non\work\whynot17\work\nhanes_phase2a\environmental_xpt\2013-2014_PAH_H.xpt,URXP25,URDP25LC,WTSA2YR,urine,2650,2638,99.54716981132076,True,2013-2014,2017-2018,D015127,"9,10-Dimethyl-1,2-benzanthracene"
2015-2016,2015,Polycyclic Aromatic Hydrocarbons (PAH) - Urine,PAH_I.xpt,https://wwwn.cdc.gov/Nchs/Data/Nhanes/Public/2015/DataFiles/PAH_I.xpt,https://wwwn.cdc.gov/Nchs/Data/Nhanes/Public/2015/DataFiles/PAH_I.htm,C:\Users\21634\Documents\Codex\2026-08-22\non\work\whynot17\work\nhanes_phase2a\environmental_xpt\2015-2016_PAH_I.xpt,URXP25,URDP25LC,WTSA2YR,urine,3035,3026,99.70345963756178,True,2013-2014,2017-2018,D015127,"9,10-Dimethyl-1,2-benzanthracene"
2017-2018,2017,Polycyclic Aromatic Hydrocarbons (PAH) - Urine,PAH_J.xpt,https://wwwn.cdc.gov/Nchs/Data/Nhanes/Public/2017/DataFiles/PAH_J.xpt,https://wwwn.cdc.gov/Nchs/Data/Nhanes/Public/2017/DataFiles/PAH_J.htm,C:\Users\21634\Documents\Codex\2026-08-22\non\work\whynot17\work\nhanes_phase2a\environmental_xpt\2017-2018_PAH_J.xpt,URXP25,URDP25LC,WTSA2YR,urine,2774,2752,99.20692141312185,True,2013-2014,2017-2018,D015127,"9,10-Dimethyl-1,2-benzanthracene"
1999-2000,1999,"Phthalates, Phytoestrogens & PAHs - Urine PHPYPA Urinary Phthalates",PHPYPA.xpt,https://wwwn.cdc.gov/Nchs/Data/Nhanes/Public/1999/DataFiles/PHPYPA.xpt,https://wwwn.cdc.gov/Nchs/Data/Nhanes/Public/1999/DataFiles/PHPYPA.htm,C:\Users\21634\Documents\Codex\2026-08-22\non\work\whynot17\work\nhanes_phase2a\environmental_xpt\1999-2000_PHPYPA.xpt,URXMEP,,WTSPH4YR,urine,2536,2536,100.0,True,1999-2000,2017-2018,C581825,monoethyl phthalate
2001-2002,2001,"Phthalates, Phytoestrogens & PAHs - Urine",PHPYPA_B.xpt,https://wwwn.cdc.gov/Nchs/Data/Nhanes/Public/2001/DataFiles/PHPYPA_B.xpt,https://wwwn.cdc.gov/Nchs/Data/Nhanes/Public/2001/DataFiles/PHPYPA_B.htm,C:\Users\21634\Documents\Codex\2026-08-22\non\work\whynot17\work\nhanes_phase2a\environmental_xpt\2001-2002_PHPYPA_B.xpt,URXMEP,,WTSPH2YR,urine,2782,2782,100.0,True,1999-2000,2017-2018,C581825,monoethyl phthalate
2003-2004,2003,Phthalates - Urine,L24PH_C.xpt,https://wwwn.cdc.gov/Nchs/Data/Nhanes/Public/2003/DataFiles/L24PH_C.xpt,https://wwwn.cdc.gov/Nchs/Data/Nhanes/Public/2003/DataFiles/L24PH_C.htm,C:\Users\21634\Documents\Codex\2026-08-22\non\work\whynot17\work\nhanes_phase2a\environmental_xpt\2003-2004_L24PH_C.xpt,URXMEP,URDMEPLC,WTSB2YR,urine,2605,2605,100.0,True,1999-2000,2017-2018,C581825,monoethyl phthalate
2005-2006,2005,Phthalates - Urine,PHTHTE_D.xpt,https://wwwn.cdc.gov/Nchs/Data/Nhanes/Public/2005/DataFiles/PHTHTE_D.xpt,https://wwwn.cdc.gov/Nchs/Data/Nhanes/Public/2005/DataFiles/PHTHTE_D.htm,C:\Users\21634\Documents\Codex\2026-08-22\non\work\whynot17\work\nhanes_phase2a\environmental_xpt\2005-2006_PHTHTE_D.xpt,URXMEP,URDMEPLC,WTSB2YR,urine,2548,2542,99.76452119309262,True,1999-2000,2017-2018,C581825,monoethyl phthalate
2007-2008,2007,Phthalates - Urine,PHTHTE_E.xpt,https://wwwn.cdc.gov/Nchs/Data/Nhanes/Public/2007/DataFiles/PHTHTE_E.xpt,https://wwwn.cdc.gov/Nchs/Data/Nhanes/Public/2007/DataFiles/PHTHTE_E.htm,C:\Users\21634\Documents\Codex\2026-08-22\non\work\whynot17\work\nhanes_phase2a\environmental_xpt\2007-2008_PHTHTE_E.xpt,URXMEP,URDMEPLC,WTSB2YR,urine,2604,2604,100.0,True,1999-2000,2017-2018,C581825,monoethyl phthalate
2009-2010,2009,Phthalates - Urine,PHTHTE_F.xpt,https://wwwn.cdc.gov/Nchs/Data/Nhanes/Public/2009/DataFiles/PHTHTE_F.xpt,https://wwwn.cdc.gov/Nchs/Data/Nhanes/Public/2009/DataFiles/PHTHTE_F.htm,C:\Users\21634\Documents\Codex\2026-08-22\non\work\whynot17\work\nhanes_phase2a\environmental_xpt\2009-2010_PHTHTE_F.xpt,URXMEP,URDMEPLC,WTSB2YR,urine,2749,2749,100.0,True,1999-2000,2017-2018,C581825,monoethyl phthalate
2011-2012,2011,Phthalates & Plasticizers Metabolites - Urine,PHTHTE_G.xpt,https://wwwn.cdc.gov/Nchs/Data/Nhanes/Public/2011/DataFiles/PHTHTE_G.xpt,https://wwwn.cdc.gov/Nchs/Data/Nhanes/Public/2011/DataFiles/PHTHTE_G.htm,C:\Users\21634\Documents\Codex\2026-08-22\non\work\whynot17\work\nhanes_phase2a\environmental_xpt\2011-2012_PHTHTE_G.xpt,URXMEP,URDMEPLC,WTSA2YR,urine,2489,2486,99.87946966653274,True,1999-2000,2017-2018,C581825,monoethyl phthalate
2013-2014,2013,Phthalates and Plasticizers Metabolites - Urine,PHTHTE_H.xpt,https://wwwn.cdc.gov/Nchs/Data/Nhanes/Public/2013/DataFiles/PHTHTE_H.xpt,https://wwwn.cdc.gov/Nchs/Data/Nhanes/Public/2013/DataFiles/PHTHTE_H.htm,C:\Users\21634\Documents\Codex\2026-08-22\non\work\whynot17\work\nhanes_phase2a\environmental_xpt\2013-2014_PHTHTE_H.xpt,URXMEP,URDMEPLC,WTSB2YR,urine,2685,2679,99.77653631284916,True,1999-2000,2017-2018,C581825,monoethyl phthalate
2015-2016,2015,Phthalates and Plasticizers Metabolites - Urine,PHTHTE_I.xpt,https://wwwn.cdc.gov/Nchs/Data/Nhanes/Public/2015/DataFiles/PHTHTE_I.xpt,https://wwwn.cdc.gov/Nchs/Data/Nhanes/Public/2015/DataFiles/PHTHTE_I.htm,C:\Users\21634\Documents\Codex\2026-08-22\non\work\whynot17\work\nhanes_phase2a\environmental_xpt\2015-2016_PHTHTE_I.xpt,URXMEP,URDMEPLC,WTSB2YR,urine,2975,2963,99.59663865546219,True,1999-2000,2017-2018,C581825,monoethyl phthalate
2017-2018,2017,Phthalates and Plasticizers Metabolites - Urine,PHTHTE_J.xpt,https://wwwn.cdc.gov/Nchs/Data/Nhanes/Public/2017/DataFiles/PHTHTE_J.xpt,https://wwwn.cdc.gov/Nchs/Data/Nhanes/Public/2017/DataFiles/PHTHTE_J.htm,C:\Users\21634\Documents\Codex\2026-08-22\non\work\whynot17\work\nhanes_phase2a\environmental_xpt\2017-2018_PHTHTE_J.xpt,URXMEP,URDMEPLC,WTSB2YR,urine,2762,2749,99.52932657494569,True,1999-2000,2017-2018,C581825,monoethyl phthalate
1999-2000,1999,Metals - Urine,LAB06HM.xpt,https://wwwn.cdc.gov/Nchs/Data/Nhanes/Public/1999/DataFiles/LAB06HM.xpt,https://wwwn.cdc.gov/Nchs/Data/Nhanes/Public/1999/DataFiles/LAB06HM.htm,C:\Users\21634\Documents\Codex\2026-08-22\non\work\whynot17\work\nhanes_phase2a\environmental_xpt\1999-2000_LAB06HM.xpt,URXUPB,,WTSHM2YR,urine,2465,2465,100.0,True,1999-2000,2017-2018,C017461,lead nitrate
2001-2002,2001,Metals - Urine,L06HM_B.xpt,https://wwwn.cdc.gov/Nchs/Data/Nhanes/Public/2001/DataFiles/L06HM_B.xpt,https://wwwn.cdc.gov/Nchs/Data/Nhanes/Public/2001/DataFiles/L06HM_B.htm,C:\Users\21634\Documents\Codex\2026-08-22\non\work\whynot17\work\nhanes_phase2a\environmental_xpt\2001-2002_L06HM_B.xpt,URXUPB,,WTSHM2YR,urine,2690,2690,100.0,True,1999-2000,2017-2018,C017461,lead nitrate
2003-2004,2003,Metals - Urine,L06HM_C.xpt,https://wwwn.cdc.gov/Nchs/Data/Nhanes/Public/2003/DataFiles/L06HM_C.xpt,https://wwwn.cdc.gov/Nchs/Data/Nhanes/Public/2003/DataFiles/L06HM_C.htm,C:\Users\21634\Documents\Codex\2026-08-22\non\work\whynot17\work\nhanes_phase2a\environmental_xpt\2003-2004_L06HM_C.xpt,URXUPB,URDUPBLC,WTSA2YR,urine,2558,2170,84.83189992181391,True,1999-2000,2017-2018,C017461,lead nitrate
2005-2006,2005,Metals - Urine,UHM_D.xpt,https://wwwn.cdc.gov/Nchs/Data/Nhanes/Public/2005/DataFiles/UHM_D.xpt,https://wwwn.cdc.gov/Nchs/Data/Nhanes/Public/2005/DataFiles/UHM_D.htm,C:\Users\21634\Documents\Codex\2026-08-22\non\work\whynot17\work\nhanes_phase2a\environmental_xpt\2005-2006_UHM_D.xpt,URXUPB,URDUPBLC,WTSA2YR,urine,2576,2515,97.63198757763975,True,1999-2000,2017-2018,C017461,lead nitrate
2007-2008,2007,Metals - Urine,UHM_E.xpt,https://wwwn.cdc.gov/Nchs/Data/Nhanes/Public/2007/DataFiles/UHM_E.xpt,https://wwwn.cdc.gov/Nchs/Data/Nhanes/Public/2007/DataFiles/UHM_E.htm,C:\Users\21634\Documents\Codex\2026-08-22\non\work\whynot17\work\nhanes_phase2a\environmental_xpt\2007-2008_UHM_E.xpt,URXUPB,URDUPBLC,WTSA2YR,urine,2627,2575,98.02055576703464,True,1999-2000,2017-2018,C017461,lead nitrate
2009-2010,2009,Metals - Urine,UHM_F.xpt,https://wwwn.cdc.gov/Nchs/Data/Nhanes/Public/2009/DataFiles/UHM_F.xpt,https://wwwn.cdc.gov/Nchs/Data/Nhanes/Public/2009/DataFiles/UHM_F.htm,C:\Users\21634\Documents\Codex\2026-08-22\non\work\whynot17\work\nhanes_phase2a\environmental_xpt\2009-2010_UHM_F.xpt,URXUPB,URDUPBLC,WTSA2YR,urine,2848,2768,97.19101123595506,True,1999-2000,2017-2018,C017461,lead nitrate
2011-2012,2011,Metals - Urine,UHM_G.xpt,https://wwwn.cdc.gov/Nchs/Data/Nhanes/Public/2011/DataFiles/UHM_G.xpt,https://wwwn.cdc.gov/Nchs/Data/Nhanes/Public/2011/DataFiles/UHM_G.htm,C:\Users\21634\Documents\Codex\2026-08-22\non\work\whynot17\work\nhanes_phase2a\environmental_xpt\2011-2012_UHM_G.xpt,URXUPB,URDUPBLC,WTSA2YR,urine,2504,2404,96.00638977635782,True,1999-2000,2017-2018,C017461,lead nitrate
2013-2014,2013,Metals - Urine,UM_H.xpt,https://wwwn.cdc.gov/Nchs/Data/Nhanes/Public/2013/DataFiles/UM_H.xpt,https://wwwn.cdc.gov/Nchs/Data/Nhanes/Public/2013/DataFiles/UM_H.htm,C:\Users\21634\Documents\Codex\2026-08-22\non\work\whynot17\work\nhanes_phase2a\environmental_xpt\2013-2014_UM_H.xpt,URXUPB,URDUPBLC,WTSA2YR,urine,2664,2636,98.94894894894895,True,1999-2000,2017-2018,C017461,lead nitrate
2015-2016,2015,Metals - Urine,UM_I.xpt,https://wwwn.cdc.gov/Nchs/Data/Nhanes/Public/2015/DataFiles/UM_I.xpt,https://wwwn.cdc.gov/Nchs/Data/Nhanes/Public/2015/DataFiles/UM_I.htm,C:\Users\21634\Documents\Codex\2026-08-22\non\work\whynot17\work\nhanes_phase2a\environmental_xpt\2015-2016_UM_I.xpt,URXUPB,URDUPBLC,WTSA2YR,urine,3061,3049,99.6079712512251,True,1999-2000,2017-2018,C017461,lead nitrate
2017-2018,2017,Metals - Urine,UM_J.xpt,https://wwwn.cdc.gov/Nchs/Data/Nhanes/Public/2017/DataFiles/UM_J.xpt,https://wwwn.cdc.gov/Nchs/Data/Nhanes/Public/2017/DataFiles/UM_J.htm,C:\Users\21634\Documents\Codex\2026-08-22\non\work\whynot17\work\nhanes_phase2a\environmental_xpt\2017-2018_UM_J.xpt,URXUPB,URDUPBLC,WTSA2YR,urine,2405,2390,99.37629937629937,True,1999-2000,2017-2018,C017461,lead nitrate
2001-2002,2001,"Phthalates, Phytoestrogens & PAHs - Urine",PHPYPA_B.xpt,https://wwwn.cdc.gov/Nchs/Data/Nhanes/Public/2001/DataFiles/PHPYPA_B.xpt,https://wwwn.cdc.gov/Nchs/Data/Nhanes/Public/2001/DataFiles/PHPYPA_B.htm,C:\Users\21634\Documents\Codex\2026-08-22\non\work\whynot17\work\nhanes_phase2a\environmental_xpt\2001-2002_PHPYPA_B.xpt,URXMIB,,WTSPH2YR,urine,2782,2782,100.0,True,2001-2002,2017-2018,C575690,mono-isobutyl phthalate
2003-2004,2003,Phthalates - Urine,L24PH_C.xpt,https://wwwn.cdc.gov/Nchs/Data/Nhanes/Public/2003/DataFiles/L24PH_C.xpt,https://wwwn.cdc.gov/Nchs/Data/Nhanes/Public/2003/DataFiles/L24PH_C.htm,C:\Users\21634\Documents\Codex\2026-08-22\non\work\whynot17\work\nhanes_phase2a\environmental_xpt\2003-2004_L24PH_C.xpt,URXMIB,URDMIBLC,WTSB2YR,urine,2605,2539,97.46641074856046,True,2001-2002,2017-2018,C575690,mono-isobutyl phthalate
2005-2006,2005,Phthalates - Urine,PHTHTE_D.xpt,https://wwwn.cdc.gov/Nchs/Data/Nhanes/Public/2005/DataFiles/PHTHTE_D.xpt,https://wwwn.cdc.gov/Nchs/Data/Nhanes/Public/2005/DataFiles/PHTHTE_D.htm,C:\Users\21634\Documents\Codex\2026-08-22\non\work\whynot17\work\nhanes_phase2a\environmental_xpt\2005-2006_PHTHTE_D.xpt,URXMIB,URDMIBLC,WTSB2YR,urine,2548,2495,97.9199372056515,True,2001-2002,2017-2018,C575690,mono-isobutyl phthalate
2007-2008,2007,Phthalates - Urine,PHTHTE_E.xpt,https://wwwn.cdc.gov/Nchs/Data/Nhanes/Public/2007/DataFiles/PHTHTE_E.xpt,https://wwwn.cdc.gov/Nchs/Data/Nhanes/Public/2007/DataFiles/PHTHTE_E.htm,C:\Users\21634\Documents\Codex\2026-08-22\non\work\whynot17\work\nhanes_phase2a\environmental_xpt\2007-2008_PHTHTE_E.xpt,URXMIB,URDMIBLC,WTSB2YR,urine,2604,2557,98.19508448540707,True,2001-2002,2017-2018,C575690,mono-isobutyl phthalate
2009-2010,2009,Phthalates - Urine,PHTHTE_F.xpt,https://wwwn.cdc.gov/Nchs/Data/Nhanes/Public/2009/DataFiles/PHTHTE_F.xpt,https://wwwn.cdc.gov/Nchs/Data/Nhanes/Public/2009/DataFiles/PHTHTE_F.htm,C:\Users\21634\Documents\Codex\2026-08-22\non\work\whynot17\work\nhanes_phase2a\environmental_xpt\2009-2010_PHTHTE_F.xpt,URXMIB,URDMIBLC,WTSB2YR,urine,2749,2744,99.81811567842853,True,2001-2002,2017-2018,C575690,mono-isobutyl phthalate
2011-2012,2011,Phthalates & Plasticizers Metabolites - Urine,PHTHTE_G.xpt,https://wwwn.cdc.gov/Nchs/Data/Nhanes/Public/2011/DataFiles/PHTHTE_G.xpt,https://wwwn.cdc.gov/Nchs/Data/Nhanes/Public/2011/DataFiles/PHTHTE_G.htm,C:\Users\21634\Documents\Codex\2026-08-22\non\work\whynot17\work\nhanes_phase2a\environmental_xpt\2011-2012_PHTHTE_G.xpt,URXMIB,URDMIBLC,WTSA2YR,urine,2489,2464,98.99558055443953,True,2001-2002,2017-2018,C575690,mono-isobutyl phthalate
2013-2014,2013,Phthalates and Plasticizers Metabolites - Urine,PHTHTE_H.xpt,https://wwwn.cdc.gov/Nchs/Data/Nhanes/Public/2013/DataFiles/PHTHTE_H.xpt,https://wwwn.cdc.gov/Nchs/Data/Nhanes/Public/2013/DataFiles/PHTHTE_H.htm,C:\Users\21634\Documents\Codex\2026-08-22\non\work\whynot17\work\nhanes_phase2a\environmental_xpt\2013-2014_PHTHTE_H.xpt,URXMIB,URDMIBLC,WTSB2YR,urine,2685,2613,97.31843575418995,True,2001-2002,2017-2018,C575690,mono-isobutyl phthalate
2015-2016,2015,Phthalates and Plasticizers Metabolites - Urine,PHTHTE_I.xpt,https://wwwn.cdc.gov/Nchs/Data/Nhanes/Public/2015/DataFiles/PHTHTE_I.xpt,https://wwwn.cdc.gov/Nchs/Data/Nhanes/Public/2015/DataFiles/PHTHTE_I.htm,C:\Users\21634\Documents\Codex\2026-08-22\non\work\whynot17\work\nhanes_phase2a\environmental_xpt\2015-2016_PHTHTE_I.xpt,URXMIB,URDMIBLC,WTSB2YR,urine,2975,2929,98.45378151260505,True,2001-2002,2017-2018,C575690,mono-isobutyl phthalate
2017-2018,2017,Phthalates and Plasticizers Metabolites - Urine,PHTHTE_J.xpt,https://wwwn.cdc.gov/Nchs/Data/Nhanes/Public/2017/DataFiles/PHTHTE_J.xpt,https://wwwn.cdc.gov/Nchs/Data/Nhanes/Public/2017/DataFiles/PHTHTE_J.htm,C:\Users\21634\Documents\Codex\2026-08-22\non\work\whynot17\work\nhanes_phase2a\environmental_xpt\2017-2018_PHTHTE_J.xpt,URXMIB,URDMIBLC,WTSB2YR,urine,2762,2702,97.82766111513396,True,2001-2002,2017-2018,C575690,mono-isobutyl phthalate
1999-2000,1999,"Phthalates, Phytoestrogens & PAHs - Urine PHPYPA Urinary Phthalates",PHPYPA.xpt,https://wwwn.cdc.gov/Nchs/Data/Nhanes/Public/1999/DataFiles/PHPYPA.xpt,https://wwwn.cdc.gov/Nchs/Data/Nhanes/Public/1999/DataFiles/PHPYPA.htm,C:\Users\21634\Documents\Codex\2026-08-22\non\work\whynot17\work\nhanes_phase2a\environmental_xpt\1999-2000_PHPYPA.xpt,URXMNP,,WTSPH4YR,urine,2541,2541,100.0,True,1999-2000,2017-2018,C471400,monoisononylphthalate
2001-2002,2001,"Phthalates, Phytoestrogens & PAHs - Urine",PHPYPA_B.xpt,https://wwwn.cdc.gov/Nchs/Data/Nhanes/Public/2001/DataFiles/PHPYPA_B.xpt,https://wwwn.cdc.gov/Nchs/Data/Nhanes/Public/2001/DataFiles/PHPYPA_B.htm,C:\Users\21634\Documents\Codex\2026-08-22\non\work\whynot17\work\nhanes_phase2a\environmental_xpt\2001-2002_PHPYPA_B.xpt,URXMNP,,WTSPH2YR,urine,2782,2782,100.0,True,1999-2000,2017-2018,C471400,monoisononylphthalate
2003-2004,2003,Phthalates - Urine,L24PH_C.xpt,https://wwwn.cdc.gov/Nchs/Data/Nhanes/Public/2003/DataFiles/L24PH_C.xpt,https://wwwn.cdc.gov/Nchs/Data/Nhanes/Public/2003/DataFiles/L24PH_C.htm,C:\Users\21634\Documents\Codex\2026-08-22\non\work\whynot17\work\nhanes_phase2a\environmental_xpt\2003-2004_L24PH_C.xpt,URXMNP,URDMNPLC,WTSB2YR,urine,2605,152,5.834932821497121,True,1999-2000,2017-2018,C471400,monoisononylphthalate
2005-2006,2005,Phthalates - Urine,PHTHTE_D.xpt,https://wwwn.cdc.gov/Nchs/Data/Nhanes/Public/2005/DataFiles/PHTHTE_D.xpt,https://wwwn.cdc.gov/Nchs/Data/Nhanes/Public/2005/DataFiles/PHTHTE_D.htm,C:\Users\21634\Documents\Codex\2026-08-22\non\work\whynot17\work\nhanes_phase2a\environmental_xpt\2005-2006_PHTHTE_D.xpt,URXMNP,URDMNPLC,WTSB2YR,urine,2548,349,13.69701726844584,True,1999-2000,2017-2018,C471400,monoisononylphthalate
2007-2008,2007,Phthalates - Urine,PHTHTE_E.xpt,https://wwwn.cdc.gov/Nchs/Data/Nhanes/Public/2007/DataFiles/PHTHTE_E.xpt,https://wwwn.cdc.gov/Nchs/Data/Nhanes/Public/2007/DataFiles/PHTHTE_E.htm,C:\Users\21634\Documents\Codex\2026-08-22\non\work\whynot17\work\nhanes_phase2a\environmental_xpt\2007-2008_PHTHTE_E.xpt,URXMNP,URDMNPLC,WTSB2YR,urine,2604,284,10.906298003072196,True,1999-2000,2017-2018,C471400,monoisononylphthalate
2009-2010,2009,Phthalates - Urine,PHTHTE_F.xpt,https://wwwn.cdc.gov/Nchs/Data/Nhanes/Public/2009/DataFiles/PHTHTE_F.xpt,https://wwwn.cdc.gov/Nchs/Data/Nhanes/Public/2009/DataFiles/PHTHTE_F.htm,C:\Users\21634\Documents\Codex\2026-08-22\non\work\whynot17\work\nhanes_phase2a\environmental_xpt\2009-2010_PHTHTE_F.xpt,URXMNP,URDMNPLC,WTSB2YR,urine,2749,1063,38.668606766096765,True,1999-2000,2017-2018,C471400,monoisononylphthalate
2011-2012,2011,Phthalates & Plasticizers Metabolites - Urine,PHTHTE_G.xpt,https://wwwn.cdc.gov/Nchs/Data/Nhanes/Public/2011/DataFiles/PHTHTE_G.xpt,https://wwwn.cdc.gov/Nchs/Data/Nhanes/Public/2011/DataFiles/PHTHTE_G.htm,C:\Users\21634\Documents\Codex\2026-08-22\non\work\whynot17\work\nhanes_phase2a\environmental_xpt\2011-2012_PHTHTE_G.xpt,URXMNP,URDMNPLC,WTSA2YR,urine,2489,1461,58.698272398553634,True,1999-2000,2017-2018,C471400,monoisononylphthalate
2013-2014,2013,Phthalates and Plasticizers Metabolites - Urine,PHTHTE_H.xpt,https://wwwn.cdc.gov/Nchs/Data/Nhanes/Public/2013/DataFiles/PHTHTE_H.xpt,https://wwwn.cdc.gov/Nchs/Data/Nhanes/Public/2013/DataFiles/PHTHTE_H.htm,C:\Users\21634\Documents\Codex\2026-08-22\non\work\whynot17\work\nhanes_phase2a\environmental_xpt\2013-2014_PHTHTE_H.xpt,URXMNP,URDMNPLC,WTSB2YR,urine,2685,1085,40.4096834264432,True,1999-2000,2017-2018,C471400,monoisononylphthalate
2015-2016,2015,Phthalates and Plasticizers Metabolites - Urine,PHTHTE_I.xpt,https://wwwn.cdc.gov/Nchs/Data/Nhanes/Public/2015/DataFiles/PHTHTE_I.xpt,https://wwwn.cdc.gov/Nchs/Data/Nhanes/Public/2015/DataFiles/PHTHTE_I.htm,C:\Users\21634\Documents\Codex\2026-08-22\non\work\whynot17\work\nhanes_phase2a\environmental_xpt\2015-2016_PHTHTE_I.xpt,URXMNP,URDMNPLC,WTSB2YR,urine,2975,793,26.65546218487395,True,1999-2000,2017-2018,C471400,monoisononylphthalate
2017-2018,2017,Phthalates and Plasticizers Metabolites - Urine,PHTHTE_J.xpt,https://wwwn.cdc.gov/Nchs/Data/Nhanes/Public/2017/DataFiles/PHTHTE_J.xpt,https://wwwn.cdc.gov/Nchs/Data/Nhanes/Public/2017/DataFiles/PHTHTE_J.htm,C:\Users\21634\Documents\Codex\2026-08-22\non\work\whynot17\work\nhanes_phase2a\environmental_xpt\2017-2018_PHTHTE_J.xpt,URXMNP,URDMNPLC,WTSB2YR,urine,2762,371,13.432295438088342,True,1999-2000,2017-2018,C471400,monoisononylphthalate
2015-2016,2015,Perfluoroalkyl and Polyfluoroalkyl,PFAS_I.xpt,https://wwwn.cdc.gov/Nchs/Data/Nhanes/Public/2015/DataFiles/PFAS_I.xpt,https://wwwn.cdc.gov/Nchs/Data/Nhanes/Public/2015/DataFiles/PFAS_I.htm,C:\Users\21634\Documents\Codex\2026-08-22\non\work\whynot17\work\nhanes_phase2a\environmental_xpt\2015-2016_PFAS_I.xpt,LBXNFOS,LBDNFOSL,WTSB2YR,serum_or_blood,1993,1982,99.44806823883593,True,2015-2016,2017-2018,C076994,perfluorooctane sulfonic acid
2017-2018,2017,Perfluoroalkyl and Polyfluoroalkyl Substances,PFAS_J.xpt,https://wwwn.cdc.gov/Nchs/Data/Nhanes/Public/2017/DataFiles/PFAS_J.xpt,https://wwwn.cdc.gov/Nchs/Data/Nhanes/Public/2017/DataFiles/PFAS_J.htm,C:\Users\21634\Documents\Codex\2026-08-22\non\work\whynot17\work\nhanes_phase2a\environmental_xpt\2017-2018_PFAS_J.xpt,LBXNFOS,LBDNFOSL,WTSB2YR,serum_or_blood,1929,1923,99.68895800933126,True,2015-2016,2017-2018,C076994,perfluorooctane sulfonic acid
2001-2002,2001,"Phthalates, Phytoestrogens & PAHs - Urine",PHPYPA_B.xpt,https://wwwn.cdc.gov/Nchs/Data/Nhanes/Public/2001/DataFiles/PHPYPA_B.xpt,https://wwwn.cdc.gov/Nchs/Data/Nhanes/Public/2001/DataFiles/PHPYPA_B.htm,C:\Users\21634\Documents\Codex\2026-08-22\non\work\whynot17\work\nhanes_phase2a\environmental_xpt\2001-2002_PHPYPA_B.xpt,URXP10,,WTSPH2YR,urine,2747,2747,100.0,True,2001-2002,2017-2018,C026487,benzo(e)pyrene
2003-2004,2003,Polyaromatic Hydrocarbons (PAHs) - Urine,L31PAH_C.xpt,https://wwwn.cdc.gov/Nchs/Data/Nhanes/Public/2003/DataFiles/L31PAH_C.xpt,https://wwwn.cdc.gov/Nchs/Data/Nhanes/Public/2003/DataFiles/L31PAH_C.htm,C:\Users\21634\Documents\Codex\2026-08-22\non\work\whynot17\work\nhanes_phase2a\environmental_xpt\2003-2004_L31PAH_C.xpt,URXP10,URDP10LC,WTSB2YR,urine,2515,2499,99.3638170974155,True,2001-2002,2017-2018,C026487,benzo(e)pyrene
2005-2006,2005,Polyaromatic Hydrocarbons (PAHs) - Urine,PAH_D.xpt,https://wwwn.cdc.gov/Nchs/Data/Nhanes/Public/2005/DataFiles/PAH_D.xpt,https://wwwn.cdc.gov/Nchs/Data/Nhanes/Public/2005/DataFiles/PAH_D.htm,C:\Users\21634\Documents\Codex\2026-08-22\non\work\whynot17\work\nhanes_phase2a\environmental_xpt\2005-2006_PAH_D.xpt,URXP10,URDP10LC,WTSB2YR,urine,2415,2411,99.8343685300207,True,2001-2002,2017-2018,C026487,benzo(e)pyrene
2007-2008,2007,Polyaromatic Hydrocarbons (PAHs) - Urine,PAH_E.xpt,https://wwwn.cdc.gov/Nchs/Data/Nhanes/Public/2007/DataFiles/PAH_E.xpt,https://wwwn.cdc.gov/Nchs/Data/Nhanes/Public/2007/DataFiles/PAH_E.htm,C:\Users\21634\Documents\Codex\2026-08-22\non\work\whynot17\work\nhanes_phase2a\environmental_xpt\2007-2008_PAH_E.xpt,URXP10,URDP10LC,WTSB2YR,urine,2581,2569,99.5350639287098,True,2001-2002,2017-2018,C026487,benzo(e)pyrene
2009-2010,2009,Polyaromatic Hydrocarbons -Urine,PAH_F.xpt,https://wwwn.cdc.gov/Nchs/Data/Nhanes/Public/2009/DataFiles/PAH_F.xpt,https://wwwn.cdc.gov/Nchs/Data/Nhanes/Public/2009/DataFiles/PAH_F.htm,C:\Users\21634\Documents\Codex\2026-08-22\non\work\whynot17\work\nhanes_phase2a\environmental_xpt\2009-2010_PAH_F.xpt,URXP10,URDP10LC,WTSB2YR,urine,2746,2729,99.3809176984705,True,2001-2002,2017-2018,C026487,benzo(e)pyrene
2011-2012,2011,Polyaromatic Hydrocarbons (PAHs) - Urine,PAH_G.xpt,https://wwwn.cdc.gov/Nchs/Data/Nhanes/Public/2011/DataFiles/PAH_G.xpt,https://wwwn.cdc.gov/Nchs/Data/Nhanes/Public/2011/DataFiles/PAH_G.htm,C:\Users\21634\Documents\Codex\2026-08-22\non\work\whynot17\work\nhanes_phase2a\environmental_xpt\2011-2012_PAH_G.xpt,URXP10,URDP10LC,WTSA2YR,urine,2487,2458,98.83393646964214,True,2001-2002,2017-2018,C026487,benzo(e)pyrene
2013-2014,2013,Polycyclic Aromatic Hydrocarbons (PAH) - Urine,PAH_H.xpt,https://wwwn.cdc.gov/Nchs/Data/Nhanes/Public/2013/DataFiles/PAH_H.xpt,https://wwwn.cdc.gov/Nchs/Data/Nhanes/Public/2013/DataFiles/PAH_H.htm,C:\Users\21634\Documents\Codex\2026-08-22\non\work\whynot17\work\nhanes_phase2a\environmental_xpt\2013-2014_PAH_H.xpt,URXP10,URDP10LC,WTSA2YR,urine,2650,2024,76.37735849056604,True,2001-2002,2017-2018,C026487,benzo(e)pyrene
2015-2016,2015,Polycyclic Aromatic Hydrocarbons (PAH) - Urine,PAH_I.xpt,https://wwwn.cdc.gov/Nchs/Data/Nhanes/Public/2015/DataFiles/PAH_I.xpt,https://wwwn.cdc.gov/Nchs/Data/Nhanes/Public/2015/DataFiles/PAH_I.htm,C:\Users\21634\Documents\Codex\2026-08-22\non\work\whynot17\work\nhanes_phase2a\environmental_xpt\2015-2016_PAH_I.xpt,URXP10,URDP10LC,WTSA2YR,urine,3036,2123,69.92753623188406,True,2001-2002,2017-2018,C026487,benzo(e)pyrene
2017-2018,2017,Polycyclic Aromatic Hydrocarbons (PAH) - Urine,PAH_J.xpt,https://wwwn.cdc.gov/Nchs/Data/Nhanes/Public/2017/DataFiles/PAH_J.xpt,https://wwwn.cdc.gov/Nchs/Data/Nhanes/Public/2017/DataFiles/PAH_J.htm,C:\Users\21634\Documents\Codex\2026-08-22\non\work\whynot17\work\nhanes_phase2a\environmental_xpt\2017-2018_PAH_J.xpt,URXP10,URDP10LC,WTSA2YR,urine,2775,1671,60.21621621621622,True,2001-2002,2017-2018,C026487,benzo(e)pyrene
