database,signature_size,scoring_method,DRUG_NAME,drug_key,n_backgrounds_available,n_positive_backgrounds,n_positive_nonHCT116_backgrounds,median_background_rho,IQR_background_rho,min_background_rho,max_background_rho,leave_HCT116_out_median_rho,primary_discovery_gate,tested_status,rank_within_database_signature,global_empirical_p_value,global_empirical_q_value,global_null_permutations,global_null_unit,n_models_available,n_models_positive_median_rho,n_models_direction_consistent_ge3of4,n_models_top50,n_models_top100,n_models_top200,median_model_rho,median_model_rank,signature_robust_flag,model_combinations,strict_database_gate
PRISM,250,weighted,1-azakenpaullone,1AZAKENPAULLONE,4,1,1,-0.1389045736871824,0.23076651609260304,-0.34500282326369286,0.17490118577075098,-0.07171089779785433,none,tested,1150.0,0.0001999600079984003,0.0003439312137572485,5000,shared row-label permutation of full sensitivity matrix across all drugs/trajectories,6,0,0,0,0,0,-0.06380575945793338,881.5,False,top100_weighted;top100_rank;top250_weighted;top250_rank;top500_weighted;top500_rank,False
PRISM,250,weighted,1-naphthyl-PP1,1NAPHTHYLPP1,4,2,1,0.05984189723320158,0.23724308300395258,-0.18873517786561267,0.2114624505928854,-0.03162055335968379,none,tested,345.0,0.0001999600079984003,0.0003439312137572485,5000,shared row-label permutation of full sensitivity matrix across all drugs/trajectories,6,2,0,0,0,0,-0.03692687747035574,739.5,False,top100_weighted;top100_rank;top250_weighted;top250_rank;top500_weighted;top500_rank,False
PRISM,250,weighted,1-phenylbiguanide,1PHENYLBIGUANIDE,4,3,3,0.12104743083003953,0.07863636363636363,-0.06818181818181818,0.2078260869565217,0.1274703557312253,TierB_moderate_candidate,tested,165.0,0.0001999600079984003,0.0003439312137572485,5000,shared row-label permutation of full sensitivity matrix across all drugs/trajectories,6,2,2,0,0,1,-0.01852766798418972,681.5,False,top100_weighted;top100_rank;top250_weighted;top250_rank;top500_weighted;top500_rank,False
PRISM,250,weighted,10-deacetylbaccatin,10DEACETYLBACCATIN,4,2,2,-0.006923076923076921,0.24544871794871795,-0.1992307692307692,0.11794871794871793,0.10384615384615385,none,tested,653.0,0.10037992401519696,0.12321034872215243,5000,shared row-label permutation of full sensitivity matrix across all drugs/trajectories,6,4,1,0,0,0,0.021495726495726494,475.5,True,top100_weighted;top100_rank;top250_weighted;top250_rank;top500_weighted;top500_rank,False
PRISM,250,weighted,10-hydroxycamptothecin,10HYDROXYCAMPTOTHECIN,4,1,1,-0.11555555555555554,0.2389102564102564,-0.24230769230769234,0.14923076923076922,-0.021538461538461538,none,tested,1078.0,0.0621875624875025,0.09129517708793043,5000,shared row-label permutation of full sensitivity matrix across all drugs/trajectories,6,1,0,0,0,0,-0.04480769230769231,807.0,False,top100_weighted;top100_rank;top250_weighted;top250_rank;top500_weighted;top500_rank,False
PRISM,250,weighted,12-O-tetradecanoylphorbol-13-acetate,12OTETRADECANOYLPHORBOL13ACETATE,4,2,2,0.003952569169960486,0.19247600225861097,-0.1326933935629588,0.15612648221343872,0.08413325804630155,none,tested,599.0,0.0001999600079984003,0.0003439312137572485,5000,shared row-label permutation of full sensitivity matrix across all drugs/trajectories,6,2,0,0,0,0,-0.10897797854319595,1007.0,False,top100_weighted;top100_rank;top250_weighted;top250_rank;top500_weighted;top500_rank,False
PRISM,250,weighted,"2,3-DCPE",23DCPE,4,3,3,0.2008119658119658,0.17121794871794874,-0.1376923076923077,0.44538461538461543,0.21777777777777776,TierA_strong_collateral,tested,42.0,0.03139372125574885,0.05204954034068808,5000,shared row-label permutation of full sensitivity matrix across all drugs/trajectories,6,4,3,2,2,2,0.0419017094017094,391.5,True,top100_weighted;top100_rank;top250_weighted;top250_rank;top500_weighted;top500_rank,False
PRISM,250,weighted,2-methoxyestradiol,2METHOXYESTRADIOL,4,4,3,0.16780418161488347,0.08901788714911393,0.08972299359488257,0.2957018504858582,0.19281963023246348,TierA_strong_collateral,tested,80.0,0.11817636472705459,0.13903715285186563,5000,shared row-label permutation of full sensitivity matrix across all drugs/trajectories,6,6,6,2,5,6,0.17724663153892864,64.0,True,top100_weighted;top100_rank;top250_weighted;top250_rank;top500_weighted;top500_rank,False
PRISM,250,weighted,3'-fluorobenzylspiperone,3FLUOROBENZYLSPIPERONE,4,0,0,-0.13656126482213438,0.13173348390739692,-0.22987012987012984,-0.044607566346696784,-0.07961603613777528,none,tested,1140.0,0.0001999600079984003,0.0003439312137572485,5000,shared row-label permutation of full sensitivity matrix across all drugs/trajectories,6,3,2,0,0,0,-0.017221908526256352,648.0,False,top100_weighted;top100_rank;top250_weighted;top250_rank;top500_weighted;top500_rank,False
PRISM,250,weighted,3-amino-benzamide,3AMINOBENZAMIDE,4,3,2,0.043702435695246025,0.12175750855885935,-0.22061918785396764,0.12459099510706251,0.020065793816178148,none,tested,403.0,0.6786642671465707,0.7162782803692627,5000,shared row-label permutation of full sensitivity matrix across all drugs/trajectories,6,4,2,0,0,0,0.01366125060340342,506.5,True,top100_weighted;top100_rank;top250_weighted;top250_rank;top500_weighted;top500_rank,False
PRISM,250,weighted,3-deazaneplanocin-A,3DEAZANEPLANOCINA,4,2,2,0.005714285714285713,0.2555799755799756,-0.4584615384615384,0.29777777777777775,0.05006105006105006,none,tested,587.0,0.9578084383123375,0.9628647422853287,5000,shared row-label permutation of full sensitivity matrix across all drugs/trajectories,6,5,3,0,2,2,0.06034188034188034,313.5,True,top100_weighted;top100_rank;top250_weighted;top250_rank;top500_weighted;top500_rank,False
PRISM,250,weighted,4-(4-fluorobenzoyl)-1-(4-phenylbutyl)-piperidine,44FLUOROBENZOYL14PHENYLBUTYLPIPERIDINE,4,2,2,0.010183150183150184,0.06006105006105006,-0.033846153846153845,0.1063247863247863,0.026862026862026864,none,tested,570.0,0.9188162367526495,0.9296776456544807,5000,shared row-label permutation of full sensitivity matrix across all drugs/trajectories,6,1,0,0,0,0,-0.0523076923076923,834.0,False,top100_weighted;top100_rank;top250_weighted;top250_rank;top500_weighted;top500_rank,False
PRISM,250,weighted,4-chlorophenylguanidine,4CHLOROPHENYLGUANIDINE,4,3,2,0.03656126482213439,0.1594438170525127,-0.339356295878035,0.25691699604743085,0.02964426877470356,none,tested,433.0,0.0001999600079984003,0.0003439312137572485,5000,shared row-label permutation of full sensitivity matrix across all drugs/trajectories,6,6,2,0,1,2,0.04323122529644269,377.5,True,top100_weighted;top100_rank;top250_weighted;top250_rank;top500_weighted;top500_rank,False
PRISM,250,weighted,4-hydroxy-phenazone,4HYDROXYPHENAZONE,4,2,2,0.004011857707509882,0.05276679841897232,-0.0800395256916996,0.10173913043478258,0.008893280632411068,none,tested,598.0,0.0001999600079984003,0.0003439312137572485,5000,shared row-label permutation of full sensitivity matrix across all drugs/trajectories,6,5,2,0,0,1,0.030839920948616595,430.0,True,top100_weighted;top100_rank;top250_weighted;top250_rank;top500_weighted;top500_rank,False
PRISM,250,weighted,4-iodo-6-phenylpyrimidine,4IODO6PHENYLPYRIMIDINE,4,3,3,0.08243929983060418,0.17941840767927725,-0.13833992094861663,0.18972332015810275,0.14737436476566912,none,tested,273.0,0.0001999600079984003,0.0003439312137572485,5000,shared row-label permutation of full sensitivity matrix across all drugs/trajectories,6,3,3,0,0,0,0.030773574251835127,462.0,False,top100_weighted;top100_rank;top250_weighted;top250_rank;top500_weighted;top500_rank,False
PRISM,250,weighted,4-methylgenistein,4METHYLGENISTEIN,4,2,1,-0.006211180124223604,0.10767221908526259,-0.08413325804630155,0.2855731225296443,-0.016374929418407683,none,tested,650.0,0.0001999600079984003,0.0003439312137572485,5000,shared row-label permutation of full sensitivity matrix across all drugs/trajectories,6,2,0,0,0,0,-0.0050818746470920415,615.0,False,top100_weighted;top100_rank;top250_weighted;top250_rank;top500_weighted;top500_rank,False
PRISM,250,weighted,4-methylhistamine,4METHYLHISTAMINE,4,2,1,0.03503670242800678,0.18404856013551668,-0.2324675324675325,0.2701298701298701,-0.0038961038961038965,none,tested,440.0,0.0001999600079984003,0.0003439312137572485,5000,shared row-label permutation of full sensitivity matrix across all drugs/trajectories,6,4,3,0,0,2,0.050762281197063816,374.5,True,top100_weighted;top100_rank;top250_weighted;top250_rank;top500_weighted;top500_rank,False
PRISM,250,weighted,4-pyrimidinecarbonitrile,4PYRIMIDINECARBONITRILE,4,0,0,-0.03630434782608695,0.07532608695652174,-0.23217391304347823,-0.013043478260869565,-0.02260869565217391,none,tested,761.0,0.0001999600079984003,0.0003439312137572485,5000,shared row-label permutation of full sensitivity matrix across all drugs/trajectories,6,2,1,0,0,0,-0.014690635451505016,654.0,False,top100_weighted;top100_rank;top250_weighted;top250_rank;top500_weighted;top500_rank,False
PRISM,250,weighted,4E1RCat,4E1RCAT,4,1,1,-0.16538461538461538,0.20112040133779263,-0.29130434782608694,0.0008695652173913043,-0.08,none,tested,1201.0,0.0001999600079984003,0.0003439312137572485,5000,shared row-label permutation of full sensitivity matrix across all drugs/trajectories,6,0,0,0,0,0,-0.15882943143812708,1188.5,False,top100_weighted;top100_rank;top250_weighted;top250_rank;top500_weighted;top500_rank,False
PRISM,250,weighted,5-fluorouracil,5FLUOROURACIL,4,1,1,-0.17411067193675892,0.21513269339356295,-0.3233766233766234,0.187012987012987,-0.11575381140598533,none,tested,1223.0,0.0001999600079984003,0.0003439312137572485,5000,shared row-label permutation of full sensitivity matrix across all drugs/trajectories,6,1,0,0,0,0,-0.15961321287408245,1173.0,False,top100_weighted;top100_rank;top250_weighted;top250_rank;top500_weighted;top500_rank,False
PRISM,250,weighted,5-hydroxymethyl-tolterodine,5HYDROXYMETHYLTOLTERODINE,4,1,1,-0.17098814229249013,0.34900197628458496,-0.3567193675889328,0.09683794466403163,-0.013913043478260868,none,tested,1212.0,0.0001999600079984003,0.0003439312137572485,5000,shared row-label permutation of full sensitivity matrix across all drugs/trajectories,6,0,0,0,0,0,-0.11057312252964425,1078.5,False,top100_weighted;top100_rank;top250_weighted;top250_rank;top500_weighted;top500_rank,False
PRISM,250,weighted,7-aminocephalosporanic-acid,7AMINOCEPHALOSPORANICACID,4,1,1,-0.07262474367737524,0.2306903622693096,-0.4246753246753247,0.08571428571428572,-0.0038961038961038965,none,tested,907.0,0.0001999600079984003,0.0003439312137572485,5000,shared row-label permutation of full sensitivity matrix across all drugs/trajectories,6,2,1,0,0,1,-0.009552289815447711,614.5,False,top100_weighted;top100_rank;top250_weighted;top250_rank;top500_weighted;top500_rank,False
PRISM,250,weighted,7-hydroxystaurosporine,7HYDROXYSTAUROSPORINE,4,1,1,-0.29983277591973245,0.14322742474916392,-0.35913043478260864,0.15739130434782608,-0.2904347826086956,none,tested,1325.0,0.0001999600079984003,0.0003439312137572485,5000,shared row-label permutation of full sensitivity matrix across all drugs/trajectories,6,0,0,0,0,0,-0.0927257525083612,1020.5,False,top100_weighted;top100_rank;top250_weighted;top250_rank;top500_weighted;top500_rank,False
PRISM,250,weighted,7-nitroindazole,7NITROINDAZOLE,4,2,2,-0.04065499717673632,0.16007905138339923,-0.1259175607001694,0.043478260869565216,0.0378317334839074,none,tested,770.0,0.0001999600079984003,0.0003439312137572485,5000,shared row-label permutation of full sensitivity matrix across all drugs/trajectories,6,1,0,0,0,0,-0.03003246753246754,725.5,False,top100_weighted;top100_rank;top250_weighted;top250_rank;top500_weighted;top500_rank,False
PRISM,250,weighted,8-hydroxy-PIPAT,8HYDROXYPIPAT,4,3,2,0.20818181818181813,0.4130632411067193,-0.11956521739130435,0.7104743083003953,0.34521739130434775,TierA_strong_collateral,tested,36.0,0.0001999600079984003,0.0003439312137572485,5000,shared row-label permutation of full sensitivity matrix across all drugs/trajectories,6,3,2,1,2,3,0.054318181818181814,393.5,False,top100_weighted;top100_rank;top250_weighted;top250_rank;top500_weighted;top500_rank,False
PRISM,250,weighted,9-aminoacridine,9AMINOACRIDINE,4,2,2,-0.03692307692307692,0.21555555555555553,-0.1699145299145299,0.24717948717948715,0.037264957264957266,none,tested,762.0,0.7368526294741051,0.7734051614873875,5000,shared row-label permutation of full sensitivity matrix across all drugs/trajectories,6,2,0,0,0,0,-0.035873015873015876,747.0,False,top100_weighted;top100_rank;top250_weighted;top250_rank;top500_weighted;top500_rank,False
PRISM,250,weighted,A-674563,A674563,4,2,2,-0.057806324110671936,0.19362648221343876,-0.17786561264822134,0.16086956521739126,0.01482213438735178,none,tested,852.0,0.0001999600079984003,0.0003439312137572485,5000,shared row-label permutation of full sensitivity matrix across all drugs/trajectories,6,3,2,0,1,1,0.02114624505928853,488.5,False,top100_weighted;top100_rank;top250_weighted;top250_rank;top500_weighted;top500_rank,False
PRISM,250,weighted,A-803467,A803467,4,1,1,-0.10902255639097744,0.2236158578263841,-0.6493506493506493,0.21353383458646616,-0.11428571428571428,none,tested,1048.0,0.0001999600079984003,0.0003439312137572485,5000,shared row-label permutation of full sensitivity matrix across all drugs/trajectories,6,0,0,0,0,0,-0.10974025974025974,1061.0,False,top100_weighted;top100_rank;top250_weighted;top250_rank;top500_weighted;top500_rank,False
PRISM,250,weighted,A61603,A61603,4,3,2,0.05782608695652173,0.23594861660079047,-0.5266798418972332,0.2005928853754941,0.021739130434782608,none,tested,352.0,0.0001999600079984003,0.0003439312137572485,5000,shared row-label permutation of full sensitivity matrix across all drugs/trajectories,6,4,2,0,0,0,0.0232213438735178,458.5,True,top100_weighted;top100_rank;top250_weighted;top250_rank;top500_weighted;top500_rank,False
PRISM,250,weighted,ABT-702,ABT702,4,3,2,0.1834782608695652,0.24117056856187286,-0.22608695652173913,0.43076923076923074,0.23478260869565212,TierA_strong_collateral,tested,59.0,0.0001999600079984003,0.0003439312137572485,5000,shared row-label permutation of full sensitivity matrix across all drugs/trajectories,6,3,2,0,1,1,0.006897993311036795,557.0,False,top100_weighted;top100_rank;top250_weighted;top250_rank;top500_weighted;top500_rank,False
PRISM,250,weighted,ABT-737,ABT737,4,1,1,-0.06782608695652173,0.10061036789297659,-0.14869565217391303,0.15461538461538463,-0.08434782608695651,none,tested,892.0,0.0001999600079984003,0.0003439312137572485,5000,shared row-label permutation of full sensitivity matrix across all drugs/trajectories,6,2,1,0,1,1,-0.01934782608695652,659.5,False,top100_weighted;top100_rank;top250_weighted;top250_rank;top500_weighted;top500_rank,False
PRISM,250,weighted,ABT-751,ABT751,4,1,1,-0.12974358974358974,0.18326923076923077,-0.41615384615384615,0.05538461538461539,-0.08615384615384615,none,tested,1119.0,0.05318936212757448,0.08168366326734652,5000,shared row-label permutation of full sensitivity matrix across all drugs/trajectories,6,0,0,0,0,0,-0.14446581196581196,1153.0,False,top100_weighted;top100_rank;top250_weighted;top250_rank;top500_weighted;top500_rank,False
PRISM,250,weighted,AC-264613,AC264613,4,2,1,0.010384615384615381,0.21356837606837606,-0.17846153846153845,0.2027350427350427,-0.06846153846153846,none,tested,569.0,0.10237952409518096,0.12429135302265593,5000,shared row-label permutation of full sensitivity matrix across all drugs/trajectories,6,3,1,0,0,0,0.00408119658119658,564.0,False,top100_weighted;top100_rank;top250_weighted;top250_rank;top500_weighted;top500_rank,False
PRISM,250,weighted,ACDPP,ACDPP,4,3,3,0.17049689440993793,0.175098814229249,-0.14935064935064934,0.45974025974025967,0.18571428571428572,TierA_strong_collateral,tested,77.0,0.0001999600079984003,0.0003439312137572485,5000,shared row-label permutation of full sensitivity matrix across all drugs/trajectories,6,6,4,2,3,3,0.12171089779785434,170.5,True,top100_weighted;top100_rank;top250_weighted;top250_rank;top500_weighted;top500_rank,True
PRISM,250,weighted,ACY-1215,ACY1215,4,1,1,-0.024347826086956518,0.11359531772575251,-0.15391304347826085,0.24307692307692308,-0.033913043478260865,none,tested,727.0,0.0001999600079984003,0.0003439312137572485,5000,shared row-label permutation of full sensitivity matrix across all drugs/trajectories,6,2,1,0,0,0,-0.01978260869565217,685.5,False,top100_weighted;top100_rank;top250_weighted;top250_rank;top500_weighted;top500_rank,False
PRISM,250,weighted,ADL5859,ADL5859,4,1,1,-0.1163184641445511,0.13368153585544892,-0.17391304347826086,0.14737436476566912,-0.1518915866741954,none,tested,1079.0,0.0001999600079984003,0.0003439312137572485,5000,shared row-label permutation of full sensitivity matrix across all drugs/trajectories,6,0,0,0,0,0,-0.12115330321852061,1109.0,False,top100_weighted;top100_rank;top250_weighted;top250_rank;top500_weighted;top500_rank,False
PRISM,250,weighted,AEE788,AEE788,4,1,0,-0.17963015245623942,0.0966614906832298,-0.2523997741389046,0.10333145115753813,-0.1847826086956522,none,tested,1233.0,0.0001999600079984003,0.0003439312137572485,5000,shared row-label permutation of full sensitivity matrix across all drugs/trajectories,6,0,0,0,0,0,-0.159373235460192,1190.5,False,top100_weighted;top100_rank;top250_weighted;top250_rank;top500_weighted;top500_rank,False
PRISM,250,weighted,AEG3482,AEG3482,4,2,1,0.0028595317725752505,0.07244983277591972,-0.05739130434782608,0.07217391304347825,-0.023846153846153843,none,tested,602.0,0.0001999600079984003,0.0003439312137572485,5000,shared row-label permutation of full sensitivity matrix across all drugs/trajectories,6,3,0,0,0,0,0.0001588628762541804,601.0,False,top100_weighted;top100_rank;top250_weighted;top250_rank;top500_weighted;top500_rank,False
PRISM,250,weighted,AG-14361,AG14361,4,3,3,0.2344444444444444,0.25487179487179484,-0.2792307692307692,0.4761538461538461,0.2784615384615384,TierA_strong_collateral,tested,16.0,0.020395920815836834,0.03450223660851586,5000,shared row-label permutation of full sensitivity matrix across all drugs/trajectories,6,6,6,5,6,6,0.2390811965811966,18.0,True,top100_weighted;top100_rank;top250_weighted;top250_rank;top500_weighted;top500_rank,True
PRISM,250,weighted,AM-251,AM251,4,1,1,-0.0726086956521739,0.05934782608695653,-0.09304347826086956,0.09999999999999999,-0.07999999999999999,none,tested,906.0,0.0001999600079984003,0.0003439312137572485,5000,shared row-label permutation of full sensitivity matrix across all drugs/trajectories,6,0,0,0,0,0,-0.07456521739130434,909.0,False,top100_weighted;top100_rank;top250_weighted;top250_rank;top500_weighted;top500_rank,False
PRISM,250,weighted,AM-580,AM580,4,2,1,-0.06828063241106719,0.3550889328063241,-0.25889328063241107,0.17786561264822134,-0.23221343873517786,none,tested,895.0,0.0001999600079984003,0.0003439312137572485,5000,shared row-label permutation of full sensitivity matrix across all drugs/trajectories,6,0,0,0,0,0,-0.09078063241106721,976.5,False,top100_weighted;top100_rank;top250_weighted;top250_rank;top500_weighted;top500_rank,False
PRISM,250,weighted,AMG-208,AMG208,4,3,3,0.233201581027668,0.20885375494071143,-0.09683794466403163,0.48956521739130426,0.274703557312253,TierA_strong_collateral,tested,17.0,0.0001999600079984003,0.0003439312137572485,5000,shared row-label permutation of full sensitivity matrix across all drugs/trajectories,6,6,6,2,3,5,0.1499505928853755,114.0,True,top100_weighted;top100_rank;top250_weighted;top250_rank;top500_weighted;top500_rank,True
PRISM,250,weighted,AMG-232,AMG232,4,2,2,-0.037662337662337675,0.35542066629023156,-0.3359683794466404,0.36883116883116884,0.08181818181818182,none,tested,764.0,0.0001999600079984003,0.0003439312137572485,5000,shared row-label permutation of full sensitivity matrix across all drugs/trajectories,6,1,0,0,0,0,-0.04512987012987014,783.0,False,top100_weighted;top100_rank;top250_weighted;top250_rank;top500_weighted;top500_rank,False
PRISM,250,weighted,AMG458,AMG458,4,3,3,0.2021739130434782,0.19039297658862875,-0.0626086956521739,0.2946153846153846,0.2695652173913043,TierA_strong_collateral,tested,40.0,0.0001999600079984003,0.0003439312137572485,5000,shared row-label permutation of full sensitivity matrix across all drugs/trajectories,6,6,6,4,6,6,0.19641304347826083,41.5,True,top100_weighted;top100_rank;top250_weighted;top250_rank;top500_weighted;top500_rank,True
PRISM,250,weighted,AMG900,AMG900,4,1,1,-0.16443143812709027,0.1688210702341137,-0.47043478260869553,0.19913043478260867,-0.16538461538461538,none,tested,1199.0,0.0001999600079984003,0.0003439312137572485,5000,shared row-label permutation of full sensitivity matrix across all drugs/trajectories,6,1,1,0,0,0,-0.13906354515050165,1144.0,False,top100_weighted;top100_rank;top250_weighted;top250_rank;top500_weighted;top500_rank,False
PRISM,250,weighted,AP1903,AP1903,4,1,1,-0.11434782608695651,0.11601170568561874,-0.15043478260869564,0.22230769230769232,-0.12956521739130433,none,tested,1071.0,0.0001999600079984003,0.0003439312137572485,5000,shared row-label permutation of full sensitivity matrix across all drugs/trajectories,6,1,0,0,0,0,-0.09543478260869565,998.5,False,top100_weighted;top100_rank;top250_weighted;top250_rank;top500_weighted;top500_rank,False
PRISM,250,weighted,AP26113,AP26113,4,2,1,-0.02799145299145299,0.16352564102564102,-0.31384615384615383,0.03846153846153846,-0.07829059829059828,none,tested,734.0,0.10057988402319536,0.12334221288217058,5000,shared row-label permutation of full sensitivity matrix across all drugs/trajectories,6,0,0,0,0,0,-0.06337606837606838,888.0,False,top100_weighted;top100_rank;top250_weighted;top250_rank;top500_weighted;top500_rank,False
PRISM,250,weighted,AR-12,AR12,4,2,2,-0.042549407114624516,0.2190316205533597,-0.2984189723320158,0.18675889328063244,0.02260869565217391,none,tested,781.0,0.0001999600079984003,0.0003439312137572485,5000,shared row-label permutation of full sensitivity matrix across all drugs/trajectories,6,2,0,0,0,0,-0.05087944664031621,810.5,False,top100_weighted;top100_rank;top250_weighted;top250_rank;top500_weighted;top500_rank,False
PRISM,250,weighted,AR-42,AR42,4,3,2,0.009914529914529915,0.061556776556776556,-0.14468864468864467,0.0605128205128205,0.016752136752136753,none,tested,571.0,0.9248150369926015,0.9346311177491567,5000,shared row-label permutation of full sensitivity matrix across all drugs/trajectories,6,3,1,0,0,0,0.002735042735042735,589.5,False,top100_weighted;top100_rank;top250_weighted;top250_rank;top500_weighted;top500_rank,False
PRISM,250,weighted,ARRY-334543,ARRY334543,4,1,0,-0.1888622025471004,0.1555533905219446,-0.2606168204297996,0.17773998660061235,-0.21950499505666146,none,tested,1256.0,0.08138372325534893,0.10870190691320654,5000,shared row-label permutation of full sensitivity matrix across all drugs/trajectories,6,0,0,0,0,0,-0.2327914371710332,1284.0,False,top100_weighted;top100_rank;top250_weighted;top250_rank;top500_weighted;top500_rank,False
PRISM,250,weighted,AS-1949490,AS1949490,4,2,1,-0.022727272727272728,0.25022727272727274,-0.3556521739130434,0.1057312252964427,-0.11264822134387352,none,tested,724.0,0.0001999600079984003,0.0003439312137572485,5000,shared row-label permutation of full sensitivity matrix across all drugs/trajectories,6,0,0,0,0,0,-0.03320158102766799,754.5,False,top100_weighted;top100_rank;top250_weighted;top250_rank;top500_weighted;top500_rank,False
PRISM,250,weighted,AS-703026,AS703026,4,2,1,0.07372476176114114,0.27205998210642984,-0.25274009655347185,0.2616442191962772,-0.021917840351520595,none,tested,302.0,0.5050989802039592,0.5473958866763232,5000,shared row-label permutation of full sensitivity matrix across all drugs/trajectories,6,5,2,0,0,0,0.04309322903990288,395.5,True,top100_weighted;top100_rank;top250_weighted;top250_rank;top500_weighted;top500_rank,False
PRISM,250,weighted,AT-7519,AT7519,4,2,2,-0.027054834183908243,0.1403087105646587,-0.10027526236571721,0.1506851524167041,0.02465757039546067,none,tested,732.0,0.8046390721855629,0.8359967912886636,5000,shared row-label permutation of full sensitivity matrix across all drugs/trajectories,6,5,5,0,1,1,0.05552993783417143,345.5,True,top100_weighted;top100_rank;top250_weighted;top250_rank;top500_weighted;top500_rank,False
PRISM,250,weighted,AT-9283,AT9283,4,2,2,0.020750988142292495,0.32389892715979673,-0.3156408808582722,0.30999435347261434,0.1324110671936759,none,tested,503.0,0.0001999600079984003,0.0003439312137572485,5000,shared row-label permutation of full sensitivity matrix across all drugs/trajectories,6,2,1,0,1,1,-0.019057029926595147,682.5,False,top100_weighted;top100_rank;top250_weighted;top250_rank;top500_weighted;top500_rank,False
PRISM,250,weighted,AT13387,AT13387,4,2,2,-0.07658572462194045,0.3608836136759379,-0.26780861179514226,0.19688191757171306,0.0865549296008756,none,tested,928.0,0.48210357928414316,0.5267574353981663,5000,shared row-label permutation of full sensitivity matrix across all drugs/trajectories,6,0,0,0,0,0,-0.06622269515495985,873.0,False,top100_weighted;top100_rank;top250_weighted;top250_rank;top500_weighted;top500_rank,False
PRISM,250,weighted,AV-412,AV412,4,0,0,-0.08732441471571906,0.058595317725752535,-0.2434782608695652,-0.011304347826086955,-0.0876923076923077,none,tested,969.0,0.0001999600079984003,0.0003439312137572485,5000,shared row-label permutation of full sensitivity matrix across all drugs/trajectories,6,0,0,0,0,0,-0.09014214046822741,979.5,False,top100_weighted;top100_rank;top250_weighted;top250_rank;top500_weighted;top500_rank,False
PRISM,250,weighted,AVL-292,AVL292,4,1,1,-0.11851115462604998,0.20000488731287608,-0.30006652952519525,0.3826281873598733,-0.09895701589831069,none,tested,1087.0,0.28014397120575885,0.31754414423237803,5000,shared row-label permutation of full sensitivity matrix across all drugs/trajectories,6,2,0,0,0,0,-0.059728940754701046,834.0,False,top100_weighted;top100_rank;top250_weighted;top250_rank;top500_weighted;top500_rank,False
PRISM,250,weighted,AVN-944,AVN944,4,3,3,0.18178539912175706,0.22889293801452384,-0.04997707885372942,0.5435747121682187,0.2354553926277816,TierA_strong_collateral,tested,63.0,0.09278144371125775,0.11835183202593931,5000,shared row-label permutation of full sensitivity matrix across all drugs/trajectories,6,6,3,1,3,3,0.11541196845336063,209.0,True,top100_weighted;top100_rank;top250_weighted;top250_rank;top500_weighted;top500_rank,False
PRISM,250,weighted,AZ-628,AZ628,4,2,1,0.1176523301224725,0.28891542080387717,-0.024089052755046303,0.3439653403824268,-0.013615551557200081,none,tested,175.0,0.29874025194961007,0.3369041927655078,5000,shared row-label permutation of full sensitivity matrix across all drugs/trajectories,6,5,2,0,0,2,0.05148191822697573,342.5,True,top100_weighted;top100_rank;top250_weighted;top250_rank;top500_weighted;top500_rank,False
PRISM,250,weighted,AZ20,AZ20,4,0,0,-0.16974358974358977,0.11000000000000001,-0.35,-0.04230769230769231,-0.1917948717948718,none,tested,1209.0,0.04259148170365927,0.06766918368412135,5000,shared row-label permutation of full sensitivity matrix across all drugs/trajectories,6,0,0,0,0,0,-0.15863247863247865,1185.0,False,top100_weighted;top100_rank;top250_weighted;top250_rank;top500_weighted;top500_rank,False
PRISM,250,weighted,AZ3146,AZ3146,4,2,2,0.02905982905982906,0.1788827838827839,-0.1835897435897436,0.19963369963369965,0.08444444444444445,none,tested,466.0,0.7842431513697261,0.8179938347228832,5000,shared row-label permutation of full sensitivity matrix across all drugs/trajectories,6,2,1,0,0,0,-0.05125152625152625,816.0,False,top100_weighted;top100_rank;top250_weighted;top250_rank;top500_weighted;top500_rank,False
PRISM,250,weighted,AZ960,AZ960,4,3,3,0.18634920634920632,0.18824175824175823,-0.4721367521367521,0.25606837606837607,0.19047619047619047,TierA_strong_collateral,tested,56.0,0.07318536292741452,0.10162092581483705,5000,shared row-label permutation of full sensitivity matrix across all drugs/trajectories,6,4,3,0,2,2,0.03421245421245421,425.5,True,top100_weighted;top100_rank;top250_weighted;top250_rank;top500_weighted;top500_rank,False
PRISM,250,weighted,AZD2014,AZD2014,4,1,1,-0.05039198397223844,0.11156131451074594,-0.2786004805597526,0.036983897332843504,-0.028615170613840498,none,tested,817.0,0.08618276344731053,0.11363167524754197,5000,shared row-label permutation of full sensitivity matrix across all drugs/trajectories,6,0,0,0,0,0,-0.060530534841456624,849.5,False,top100_weighted;top100_rank;top250_weighted;top250_rank;top500_weighted;top500_rank,False
PRISM,250,weighted,AZD2461,AZD2461,4,3,3,0.10608695652173912,0.16476588628762542,-0.2756521739130435,0.27384615384615385,0.1243478260869565,TierB_moderate_candidate,tested,200.0,0.0001999600079984003,0.0003439312137572485,5000,shared row-label permutation of full sensitivity matrix across all drugs/trajectories,6,5,4,0,1,2,0.0627257525083612,301.0,True,top100_weighted;top100_rank;top250_weighted;top250_rank;top500_weighted;top500_rank,True
PRISM,250,weighted,AZD2858,AZD2858,4,0,0,-0.1364102564102564,0.07313186813186812,-0.22119658119658114,-0.018925518925518924,-0.12136752136752137,none,tested,1139.0,0.20355928814237154,0.2343217021535244,5000,shared row-label permutation of full sensitivity matrix across all drugs/trajectories,6,0,0,0,0,0,-0.11204517704517702,1057.0,False,top100_weighted;top100_rank;top250_weighted;top250_rank;top500_weighted;top500_rank,False
PRISM,250,weighted,AZD3463,AZD3463,4,2,2,-0.05859584859584859,0.2994566544566544,-0.3305982905982906,0.10905982905982906,0.06776556776556776,none,tested,858.0,0.5882823435312937,0.6288535396369002,5000,shared row-label permutation of full sensitivity matrix across all drugs/trajectories,6,0,0,0,0,0,-0.12676434676434675,1119.0,False,top100_weighted;top100_rank;top250_weighted;top250_rank;top500_weighted;top500_rank,False
PRISM,250,weighted,AZD5363,AZD5363,4,0,0,-0.1515384615384615,0.02779914529914529,-0.17811965811965808,-0.08076923076923077,-0.15384615384615383,none,tested,1180.0,0.04539092181563687,0.07185997479838949,5000,shared row-label permutation of full sensitivity matrix across all drugs/trajectories,6,0,0,0,0,0,-0.15096153846153845,1177.5,False,top100_weighted;top100_rank;top250_weighted;top250_rank;top500_weighted;top500_rank,False
PRISM,250,weighted,AZD5438,AZD5438,4,2,2,0.08384615384615383,0.36074786324786323,-0.3376923076923077,0.31145299145299143,0.21615384615384614,none,tested,270.0,0.07038592281543692,0.09928511652166921,5000,shared row-label permutation of full sensitivity matrix across all drugs/trajectories,6,6,0,0,0,1,0.06905982905982905,283.0,True,top100_weighted;top100_rank;top250_weighted;top250_rank;top500_weighted;top500_rank,False
PRISM,250,weighted,AZD6482,AZD6482,4,2,2,-0.014835164835164838,0.3417399267399267,-0.24991452991452992,0.17675213675213672,0.14188034188034188,none,tested,691.0,0.8932213557288542,0.9088205242246745,5000,shared row-label permutation of full sensitivity matrix across all drugs/trajectories,6,3,1,0,0,0,-0.0004884004884004901,588.5,False,top100_weighted;top100_rank;top250_weighted;top250_rank;top500_weighted;top500_rank,False
PRISM,250,weighted,AZD7762,AZD7762,4,2,2,0.0,0.32853479853479856,-0.3052503052503053,0.1576068376068376,0.14188034188034188,none,tested,619.0,1.0,1.0,5000,shared row-label permutation of full sensitivity matrix across all drugs/trajectories,6,2,0,0,0,0,-0.0020879120879120777,605.0,False,top100_weighted;top100_rank;top250_weighted;top250_rank;top500_weighted;top500_rank,False
PRISM,250,weighted,AZD8055,AZD8055,4,2,2,-0.10803418803418803,0.29378205128205126,-0.2823076923076923,0.1523076923076923,0.015384615384615384,none,tested,1041.0,0.0621875624875025,0.09129517708793043,5000,shared row-label permutation of full sensitivity matrix across all drugs/trajectories,6,0,0,0,0,0,-0.07284188034188034,909.0,False,top100_weighted;top100_rank;top250_weighted;top250_rank;top500_weighted;top500_rank,False
PRISM,250,weighted,AZD8330,AZD8330,4,2,1,0.07611721611721611,0.302039072039072,-0.3846153846153845,0.22529914529914527,-0.02358974358974359,none,tested,296.0,0.48670265946810637,0.5309121481759295,5000,shared row-label permutation of full sensitivity matrix across all drugs/trajectories,6,4,0,0,0,0,0.007881562881562883,527.0,True,top100_weighted;top100_rank;top250_weighted;top250_rank;top500_weighted;top500_rank,False
PRISM,250,weighted,AZD8931,AZD8931,4,2,1,0.011049307119201303,0.23147788627190058,-0.18003991771511718,0.14049672467790913,-0.08984650999656135,none,tested,561.0,0.9192161567686463,0.9296776456544807,5000,shared row-label permutation of full sensitivity matrix across all drugs/trajectories,6,1,0,0,0,0,-0.050390617908221615,817.5,False,top100_weighted;top100_rank;top250_weighted;top250_rank;top500_weighted;top500_rank,False
PRISM,250,weighted,AZD9668,AZD9668,4,1,1,-0.09826086956521739,0.1525418060200669,-0.11538461538461539,0.4321739130434783,-0.10869565217391304,none,tested,1010.0,0.0001999600079984003,0.0003439312137572485,5000,shared row-label permutation of full sensitivity matrix across all drugs/trajectories,6,4,4,0,0,3,0.09367892976588628,235.0,True,top100_weighted;top100_rank;top250_weighted;top250_rank;top500_weighted;top500_rank,False
PRISM,250,weighted,BAM7,BAM7,4,3,3,0.0934782608695652,0.17193143812709027,-0.2495652173913043,0.32076923076923075,0.11304347826086956,none,tested,245.0,0.0001999600079984003,0.0003439312137572485,5000,shared row-label permutation of full sensitivity matrix across all drugs/trajectories,6,6,6,2,3,4,0.16456521739130434,87.5,True,top100_weighted;top100_rank;top250_weighted;top250_rank;top500_weighted;top500_rank,True
PRISM,250,weighted,BAN-ORL-24,BANORL24,4,2,1,-0.10721343873517787,0.3438735177865613,-0.2776679841897233,0.19367588932806326,-0.25790513833992096,none,tested,1040.0,0.0001999600079984003,0.0003439312137572485,5000,shared row-label permutation of full sensitivity matrix across all drugs/trajectories,6,2,1,0,0,0,-0.05532608695652175,825.0,False,top100_weighted;top100_rank;top250_weighted;top250_rank;top500_weighted;top500_rank,False
PRISM,250,weighted,BAY-11-7082,BAY117082,4,3,3,0.10695652173913042,0.09589464882943144,-0.02869565217391304,0.21923076923076923,0.12956521739130433,TierB_moderate_candidate,tested,198.0,0.0001999600079984003,0.0003439312137572485,5000,shared row-label permutation of full sensitivity matrix across all drugs/trajectories,6,6,6,0,0,4,0.09869565217391303,193.0,True,top100_weighted;top100_rank;top250_weighted;top250_rank;top500_weighted;top500_rank,True
PRISM,250,weighted,BAY-87-2243,BAY872243,4,3,3,0.12047008547008546,0.2812179487179487,-0.18307692307692305,0.33999999999999997,0.22076923076923075,TierB_moderate_candidate,tested,166.0,0.05458908218356329,0.08335308883240534,5000,shared row-label permutation of full sensitivity matrix across all drugs/trajectories,6,6,3,0,0,2,0.05940170940170939,325.5,True,top100_weighted;top100_rank;top250_weighted;top250_rank;top500_weighted;top500_rank,False
PRISM,250,weighted,BAY-K-8644-(s)-(-),BAYK8644S,4,2,2,0.0256719367588933,0.38861660079051386,-0.2658102766798419,0.3102766798418973,0.18873517786561267,none,tested,481.0,0.0001999600079984003,0.0003439312137572485,5000,shared row-label permutation of full sensitivity matrix across all drugs/trajectories,6,5,3,0,1,4,0.09996047430830038,175.0,True,top100_weighted;top100_rank;top250_weighted;top250_rank;top500_weighted;top500_rank,False
PRISM,250,weighted,BF2.649,BF2649,4,3,3,0.12115384615384615,0.29115384615384615,-0.15000000000000002,0.3292307692307692,0.2353846153846154,TierB_moderate_candidate,tested,164.0,0.055188962207558485,0.08417263915637924,5000,shared row-label permutation of full sensitivity matrix across all drugs/trajectories,6,6,1,0,0,2,0.036730769230769234,383.5,True,top100_weighted;top100_rank;top250_weighted;top250_rank;top500_weighted;top500_rank,False
PRISM,250,weighted,BGT226,BGT226,4,2,2,-0.1828063241106719,0.4144367588932806,-0.4156521739130434,0.044466403162055336,0.016798418972332016,none,tested,1239.0,0.0001999600079984003,0.0003439312137572485,5000,shared row-label permutation of full sensitivity matrix across all drugs/trajectories,6,2,1,0,0,0,-0.07877470355731225,933.0,False,top100_weighted;top100_rank;top250_weighted;top250_rank;top500_weighted;top500_rank,False
PRISM,250,weighted,BI-2536,BI2536,4,2,1,-0.14076923076923076,0.45177350427350427,-0.38324786324786325,0.08538461538461539,-0.3638461538461538,none,tested,1154.0,0.051789642071585686,0.07999489325773317,5000,shared row-label permutation of full sensitivity matrix across all drugs/trajectories,6,0,0,0,0,0,-0.13884615384615384,1148.0,False,top100_weighted;top100_rank;top250_weighted;top250_rank;top500_weighted;top500_rank,False
PRISM,250,weighted,BI-78D3,BI78D3,4,2,2,0.019268774703557316,0.1842391304347826,-0.22924901185770752,0.22608695652173913,0.06620553359683795,none,tested,512.0,0.0001999600079984003,0.0003439312137572485,5000,shared row-label permutation of full sensitivity matrix across all drugs/trajectories,6,6,0,0,0,0,0.019268774703557312,504.0,True,top100_weighted;top100_rank;top250_weighted;top250_rank;top500_weighted;top500_rank,False
PRISM,250,weighted,BI-D1870,BID1870,4,2,1,-0.05237154150197629,0.22838932806324114,-0.291501976284585,0.24260869565217388,-0.11561264822134389,none,tested,827.0,0.0001999600079984003,0.0003439312137572485,5000,shared row-label permutation of full sensitivity matrix across all drugs/trajectories,6,0,0,0,0,0,-0.04375494071146245,769.0,False,top100_weighted;top100_rank;top250_weighted;top250_rank;top500_weighted;top500_rank,False
PRISM,250,weighted,BIBR-1532,BIBR1532,4,2,2,-0.0009401709401709452,0.3010897435897436,-0.1776923076923077,0.24769230769230768,0.1288888888888889,none,tested,625.0,0.11257748450309939,0.13303704507325487,5000,shared row-label permutation of full sensitivity matrix across all drugs/trajectories,6,4,1,0,0,1,0.0542094017094017,322.5,True,top100_weighted;top100_rank;top250_weighted;top250_rank;top500_weighted;top500_rank,False
PRISM,250,weighted,BIBU-1361,BIBU1361,4,3,2,0.09735042735042734,0.17448717948717946,-0.35307692307692307,0.17615384615384613,0.12547008547008545,none,tested,231.0,0.0639872025594881,0.09311674782947339,5000,shared row-label permutation of full sensitivity matrix across all drugs/trajectories,6,2,2,0,0,0,-0.08694444444444445,957.0,False,top100_weighted;top100_rank;top250_weighted;top250_rank;top500_weighted;top500_rank,False
PRISM,250,weighted,BIBX-1382,BIBX1382,4,3,2,0.07782051282051283,0.19826923076923078,-0.14076923076923076,0.19153846153846155,0.0010256410256410254,none,tested,289.0,0.07678464307138572,0.10476348947201347,5000,shared row-label permutation of full sensitivity matrix across all drugs/trajectories,6,3,2,0,0,1,0.01096153846153846,522.0,False,top100_weighted;top100_rank;top250_weighted;top250_rank;top500_weighted;top500_rank,False
PRISM,250,weighted,BIIB021,BIIB021,4,2,2,0.021111505207461048,0.22735666386534512,-0.5463566109588868,0.18918923347543162,0.05009164037863806,none,tested,500.0,0.8484303139372126,0.8740012430280559,5000,shared row-label permutation of full sensitivity matrix across all drugs/trajectories,6,2,0,0,0,0,-0.05624066191416864,841.0,False,top100_weighted;top100_rank;top250_weighted;top250_rank;top500_weighted;top500_rank,False
PRISM,250,weighted,BIX-01294,BIX01294,4,1,1,-0.08034188034188033,0.19575702075702073,-0.2239316239316239,0.18986568986568983,-0.14188034188034188,none,tested,940.0,0.4575084983003399,0.5019414224151054,5000,shared row-label permutation of full sensitivity matrix across all drugs/trajectories,6,1,1,0,0,0,-0.0576068376068376,836.5,False,top100_weighted;top100_rank;top250_weighted;top250_rank;top500_weighted;top500_rank,False
PRISM,250,weighted,BIX-02188,BIX02188,4,2,1,0.03505494505494506,0.17852869352869355,-0.24376068376068374,0.1904273504273504,-0.0115995115995116,none,tested,439.0,0.7468506298740252,0.7832823679166606,5000,shared row-label permutation of full sensitivity matrix across all drugs/trajectories,6,2,0,0,0,0,-0.05104395604395605,806.0,False,top100_weighted;top100_rank;top250_weighted;top250_rank;top500_weighted;top500_rank,False
PRISM,250,weighted,BMS-265246,BMS265246,4,3,2,0.18076923076923077,0.2151923076923077,-0.22230769230769232,0.27384615384615385,0.24153846153846154,TierA_strong_collateral,tested,66.0,0.03159368126374725,0.05231599642804358,5000,shared row-label permutation of full sensitivity matrix across all drugs/trajectories,6,6,3,0,1,2,0.08893162393162393,231.5,True,top100_weighted;top100_rank;top250_weighted;top250_rank;top500_weighted;top500_rank,False
PRISM,250,weighted,BMS-345541,BMS345541,4,2,2,0.028461538461538455,0.39544871794871794,-0.1979487179487179,0.3223076923076923,0.2053846153846154,none,tested,469.0,0.09838032393521295,0.12267630664699612,5000,shared row-label permutation of full sensitivity matrix across all drugs/trajectories,6,5,1,0,0,1,0.04329059829059828,401.0,True,top100_weighted;top100_rank;top250_weighted;top250_rank;top500_weighted;top500_rank,False
PRISM,250,weighted,BMS-387032,BMS387032,4,2,2,0.017863247863247857,0.16910256410256408,-0.27384615384615385,0.10153846153846155,0.06803418803418802,none,tested,522.0,0.09958008398320337,0.1229458905266917,5000,shared row-label permutation of full sensitivity matrix across all drugs/trajectories,6,5,2,0,1,2,0.04961538461538462,362.5,True,top100_weighted;top100_rank;top250_weighted;top250_rank;top500_weighted;top500_rank,False
PRISM,250,weighted,BMS-599626,BMS599626,4,3,2,0.11533032185206099,0.22268492377188032,-0.25352907961603616,0.27385657820440434,0.05477131564088086,TierB_moderate_candidate,tested,178.0,0.0001999600079984003,0.0003439312137572485,5000,shared row-label permutation of full sensitivity matrix across all drugs/trajectories,6,3,3,0,0,1,-0.036102484472049695,758.5,False,top100_weighted;top100_rank;top250_weighted;top250_rank;top500_weighted;top500_rank,False
PRISM,250,weighted,BMS-626529,BMS626529,4,3,2,0.10424901185770752,0.22977837380011296,-0.4014680971202711,0.3427442123094297,0.13339920948616601,TierB_moderate_candidate,tested,209.0,0.0001999600079984003,0.0003439312137572485,5000,shared row-label permutation of full sensitivity matrix across all drugs/trajectories,6,3,3,0,0,1,-0.03345567476002259,745.5,False,top100_weighted;top100_rank;top250_weighted;top250_rank;top500_weighted;top500_rank,False
PRISM,250,weighted,BMS-690514,BMS690514,4,2,1,0.00866322359107978,0.3193719983530343,-0.2489314449102119,0.2544024656774693,-0.1203624568796629,none,tested,573.0,0.9340131973605279,0.9417848654172344,5000,shared row-label permutation of full sensitivity matrix across all drugs/trajectories,6,1,0,0,0,0,-0.14962843273519366,1120.5,False,top100_weighted;top100_rank;top250_weighted;top250_rank;top500_weighted;top500_rank,False
PRISM,250,weighted,BMS-707035,BMS707035,4,2,2,-0.044409937888198775,0.18901750423489558,-0.24805194805194808,0.0935064935064935,0.024675324675324677,none,tested,793.0,0.0001999600079984003,0.0003439312137572485,5000,shared row-label permutation of full sensitivity matrix across all drugs/trajectories,6,3,3,0,0,0,0.004164313946922633,551.0,False,top100_weighted;top100_rank;top250_weighted;top250_rank;top500_weighted;top500_rank,False
PRISM,250,weighted,BMS-754807,BMS754807,4,3,2,0.10150984786364915,0.2255068701737147,-0.49642959740449333,0.1891905993597624,0.13757772851874966,TierB_moderate_candidate,tested,219.0,0.0597880423915217,0.08865123527018735,5000,shared row-label permutation of full sensitivity matrix across all drugs/trajectories,6,6,4,0,0,1,0.06066880541956158,314.5,True,top100_weighted;top100_rank;top250_weighted;top250_rank;top500_weighted;top500_rank,True
PRISM,250,weighted,BMS-986020,BMS986020,4,2,1,0.011923076923076922,0.18145299145299146,-0.30230769230769233,0.17196581196581195,-0.03,none,tested,556.0,0.10457908418316336,0.12615739295579798,5000,shared row-label permutation of full sensitivity matrix across all drugs/trajectories,6,3,2,0,0,0,0.0005769230769230773,594.0,False,top100_weighted;top100_rank;top250_weighted;top250_rank;top500_weighted;top500_rank,False
PRISM,250,weighted,BNC105,BNC105,4,3,3,0.12756410256410255,0.12134615384615383,-0.28384615384615386,0.16076923076923075,0.13435897435897434,TierB_moderate_candidate,tested,151.0,0.05638872225554889,0.08541609859846212,5000,shared row-label permutation of full sensitivity matrix across all drugs/trajectories,6,6,6,0,1,3,0.08264957264957265,243.5,True,top100_weighted;top100_rank;top250_weighted;top250_rank;top500_weighted;top500_rank,True
PRISM,250,weighted,BNTX,BNTX,4,2,2,0.033034188034188026,0.2676282051282051,-0.31384615384615383,0.3046153846153846,0.10837606837606836,none,tested,449.0,0.09158168366326734,0.11760923345196085,5000,shared row-label permutation of full sensitivity matrix across all drugs/trajectories,6,2,1,0,0,0,-0.07803418803418803,906.0,False,top100_weighted;top100_rank;top250_weighted;top250_rank;top500_weighted;top500_rank,False
PRISM,250,weighted,BVD-523,BVD523,4,1,0,-0.07606837606837605,0.11455128205128205,-0.23153846153846153,0.2030769230769231,-0.07999999999999999,none,tested,925.0,0.07218556288742252,0.10075744013500965,5000,shared row-label permutation of full sensitivity matrix across all drugs/trajectories,6,0,0,0,0,0,-0.08606837606837606,954.0,False,top100_weighted;top100_rank;top250_weighted;top250_rank;top500_weighted;top500_rank,False
PRISM,250,weighted,BVT-948,BVT948,4,1,1,-0.05886504799548278,0.1990118577075099,-0.44675324675324674,0.03506493506493507,-0.11123658949745907,none,tested,860.0,0.0001999600079984003,0.0003439312137572485,5000,shared row-label permutation of full sensitivity matrix across all drugs/trajectories,6,0,0,0,0,0,-0.051835121400338795,823.0,False,top100_weighted;top100_rank;top250_weighted;top250_rank;top500_weighted;top500_rank,False
PRISM,250,weighted,BW-180C,BW180C,4,3,2,0.03952569169960474,0.14656126482213438,-0.274703557312253,0.09217391304347824,0.07608695652173912,none,tested,424.0,0.0001999600079984003,0.0003439312137572485,5000,shared row-label permutation of full sensitivity matrix across all drugs/trajectories,6,3,2,0,0,0,-0.0013339920948616628,573.0,False,top100_weighted;top100_rank;top250_weighted;top250_rank;top500_weighted;top500_rank,False
PRISM,250,weighted,BX-912,BX912,4,1,1,-0.174017094017094,0.07933455433455432,-0.23145299145299145,0.007936507936507934,-0.187008547008547,none,tested,1222.0,0.09918016396720655,0.1229458905266917,5000,shared row-label permutation of full sensitivity matrix across all drugs/trajectories,6,0,0,0,0,0,-0.14752136752136752,1172.5,False,top100_weighted;top100_rank;top250_weighted;top250_rank;top500_weighted;top500_rank,False
PRISM,250,weighted,CB-10-277,CB10277,4,3,3,0.24847543760587243,0.29422642574816493,-0.04155844155844156,0.40033879164313946,0.3709768492377189,TierA_strong_collateral,tested,11.0,0.0001999600079984003,0.0003439312137572485,5000,shared row-label permutation of full sensitivity matrix across all drugs/trajectories,6,6,5,3,4,5,0.17950310559006213,54.0,True,top100_weighted;top100_rank;top250_weighted;top250_rank;top500_weighted;top500_rank,True
PRISM,250,weighted,CCG-50014,CCG50014,4,1,1,-0.1123076923076923,0.0619230769230769,-0.13999999999999999,0.015384615384615384,-0.1276923076923077,none,tested,1065.0,0.05698860227954409,0.08593417063193697,5000,shared row-label permutation of full sensitivity matrix across all drugs/trajectories,6,0,0,0,0,0,-0.10903846153846153,1063.0,False,top100_weighted;top100_rank;top250_weighted;top250_rank;top500_weighted;top500_rank,False
PRISM,250,weighted,CCT128930,CCT128930,4,1,1,-0.11437118437118438,0.10591575091575092,-0.13094017094017094,0.228034188034188,-0.10358974358974359,none,tested,1073.0,0.29874025194961007,0.3369041927655078,5000,shared row-label permutation of full sensitivity matrix across all drugs/trajectories,6,0,0,0,0,0,-0.056410256410256404,840.0,False,top100_weighted;top100_rank;top250_weighted;top250_rank;top500_weighted;top500_rank,False
PRISM,250,weighted,CCT129202,CCT129202,4,3,2,0.085,0.10750000000000001,-0.12153846153846154,0.14461538461538462,0.11230769230769232,none,tested,264.0,0.07498500299940011,0.10304640102907253,5000,shared row-label permutation of full sensitivity matrix across all drugs/trajectories,6,3,2,0,0,0,-0.021752136752136754,689.5,False,top100_weighted;top100_rank;top250_weighted;top250_rank;top500_weighted;top500_rank,False
PRISM,250,weighted,CCT137690,CCT137690,4,1,1,-0.17981605351170565,0.19614548494983272,-0.24260869565217388,0.27999999999999997,-0.13615384615384615,none,tested,1234.0,0.0001999600079984003,0.0003439312137572485,5000,shared row-label permutation of full sensitivity matrix across all drugs/trajectories,6,0,0,0,0,0,-0.17719899665551836,1231.0,False,top100_weighted;top100_rank;top250_weighted;top250_rank;top500_weighted;top500_rank,False
PRISM,250,weighted,CD-437,CD437,4,1,1,-0.1026923076923077,0.17248327759197324,-0.20869565217391303,0.13739130434782607,-0.04538461538461538,none,tested,1020.0,0.0001999600079984003,0.0003439312137572485,5000,shared row-label permutation of full sensitivity matrix across all drugs/trajectories,6,0,0,0,0,0,-0.12359531772575251,1080.5,False,top100_weighted;top100_rank;top250_weighted;top250_rank;top500_weighted;top500_rank,False
PRISM,250,weighted,CEP-32496,CEP32496,4,2,2,0.08222755505364203,0.39246894409937894,-0.2298136645962733,0.4138904573687183,0.23658949745906271,none,tested,274.0,0.0001999600079984003,0.0003439312137572485,5000,shared row-label permutation of full sensitivity matrix across all drugs/trajectories,6,3,1,0,1,2,0.02064511575381141,505.0,False,top100_weighted;top100_rank;top250_weighted;top250_rank;top500_weighted;top500_rank,False
PRISM,250,weighted,CEP-37440,CEP37440,4,1,1,-0.05173913043478261,0.22897157190635453,-0.3347826086956522,0.2915384615384616,-0.003478260869565217,none,tested,822.0,0.0001999600079984003,0.0003439312137572485,5000,shared row-label permutation of full sensitivity matrix across all drugs/trajectories,6,1,0,0,0,0,-0.04771739130434783,810.0,False,top100_weighted;top100_rank;top250_weighted;top250_rank;top500_weighted;top500_rank,False
PRISM,250,weighted,CGM097,CGM097,4,3,3,0.16992094861660076,0.3612351778656126,-0.17490118577075098,0.5469565217391303,0.2904347826086956,TierA_strong_collateral,tested,79.0,0.0001999600079984003,0.0003439312137572485,5000,shared row-label permutation of full sensitivity matrix across all drugs/trajectories,6,4,3,0,1,3,0.08722332015810276,276.0,True,top100_weighted;top100_rank;top250_weighted;top250_rank;top500_weighted;top500_rank,False
PRISM,250,weighted,CGP-37849,CGP37849,4,2,1,0.015849802371541506,0.12130434782608696,-0.07043478260869565,0.2727272727272727,-0.007826086956521738,none,tested,536.0,0.0001999600079984003,0.0003439312137572485,5000,shared row-label permutation of full sensitivity matrix across all drugs/trajectories,6,5,2,0,0,0,0.020849802371541507,503.5,True,top100_weighted;top100_rank;top250_weighted;top250_rank;top500_weighted;top500_rank,False
PRISM,250,weighted,CGP-52411,CGP52411,4,2,2,-0.000769230769230779,0.23604700854700852,-0.0988034188034188,0.3653846153846153,0.07923076923076922,none,tested,623.0,0.10897820435912818,0.12993555135126822,5000,shared row-label permutation of full sensitivity matrix across all drugs/trajectories,6,2,2,0,0,0,-0.001153846153846158,606.5,False,top100_weighted;top100_rank;top250_weighted;top250_rank;top500_weighted;top500_rank,False
PRISM,250,weighted,CGS-15943,CGS15943,4,1,1,-0.1251282051282051,0.13471916971916975,-0.3156288156288157,0.11042735042735041,-0.14393162393162393,none,tested,1102.0,0.251749650069986,0.2860889032764632,5000,shared row-label permutation of full sensitivity matrix across all drugs/trajectories,6,1,1,0,0,0,-0.12769230769230766,1101.5,False,top100_weighted;top100_rank;top250_weighted;top250_rank;top500_weighted;top500_rank,False
PRISM,250,weighted,CGS-20625,CGS20625,4,2,2,0.015299145299145306,0.1957051282051282,-0.18615384615384614,0.1623076923076923,0.0876923076923077,none,tested,538.0,0.10117976404719056,0.12375382066443855,5000,shared row-label permutation of full sensitivity matrix across all drugs/trajectories,6,6,3,0,1,1,0.037863247863247865,398.0,True,top100_weighted;top100_rank;top250_weighted;top250_rank;top500_weighted;top500_rank,False
PRISM,250,weighted,CH5132799,CH5132799,4,3,2,0.02153846153846154,0.11535117056856187,-0.40434782608695646,0.047826086956521734,0.023076923076923078,none,tested,498.0,0.0001999600079984003,0.0003439312137572485,5000,shared row-label permutation of full sensitivity matrix across all drugs/trajectories,6,3,3,0,0,0,0.0014214046822742486,593.5,False,top100_weighted;top100_rank;top250_weighted;top250_rank;top500_weighted;top500_rank,False
PRISM,250,weighted,CHIR-124,CHIR124,4,1,0,-0.17691699604743083,0.26166996047430835,-0.3270750988142293,0.001976284584980237,-0.2965217391304348,none,tested,1229.0,0.0001999600079984003,0.0003439312137572485,5000,shared row-label permutation of full sensitivity matrix across all drugs/trajectories,6,0,0,0,0,0,-0.17241106719367588,1200.5,False,top100_weighted;top100_rank;top250_weighted;top250_rank;top500_weighted;top500_rank,False
PRISM,250,weighted,CHIR-98014,CHIR98014,4,2,2,-0.055830039525691696,0.23368577075098815,-0.21043478260869564,0.18774703557312253,0.03359683794466403,none,tested,841.0,0.0001999600079984003,0.0003439312137572485,5000,shared row-label permutation of full sensitivity matrix across all drugs/trajectories,6,4,0,0,0,0,0.023695652173913048,474.5,True,top100_weighted;top100_rank;top250_weighted;top250_rank;top500_weighted;top500_rank,False
PRISM,250,weighted,CHIR-99021,CHIR99021,4,3,2,0.09875494071146246,0.24317193675889331,-0.4575098814229249,0.18873517786561267,0.04434782608695652,none,tested,226.0,0.0001999600079984003,0.0003439312137572485,5000,shared row-label permutation of full sensitivity matrix across all drugs/trajectories,6,5,4,0,0,0,0.040286561264822135,402.5,True,top100_weighted;top100_rank;top250_weighted;top250_rank;top500_weighted;top500_rank,True
PRISM,250,weighted,CI-844,CI844,4,3,2,0.05710050818746472,0.14716261998870694,-0.1575381140598532,0.13932806324110672,0.1057312252964427,none,tested,354.0,0.0001999600079984003,0.0003439312137572485,5000,shared row-label permutation of full sensitivity matrix across all drugs/trajectories,6,3,1,0,0,0,-0.008610954263128176,632.5,False,top100_weighted;top100_rank;top250_weighted;top250_rank;top500_weighted;top500_rank,False
PRISM,250,weighted,CID-5458317,CID5458317,4,2,2,-0.05742368742368741,0.20220390720390718,-0.2588034188034188,0.15829059829059827,0.007863247863247862,none,tested,850.0,0.5936812637472505,0.6341162857172156,5000,shared row-label permutation of full sensitivity matrix across all drugs/trajectories,6,1,0,0,0,0,-0.022887667887667888,693.5,False,top100_weighted;top100_rank;top250_weighted;top250_rank;top500_weighted;top500_rank,False
PRISM,250,weighted,CMPD-1,CMPD1,4,3,3,0.09499999999999999,0.3276923076923076,-0.5961538461538461,0.2369230769230769,0.1746153846153846,none,tested,240.0,0.0639872025594881,0.09311674782947339,5000,shared row-label permutation of full sensitivity matrix across all drugs/trajectories,6,4,3,0,0,1,0.04085470085470085,404.5,True,top100_weighted;top100_rank;top250_weighted;top250_rank;top500_weighted;top500_rank,False
PRISM,250,weighted,CNX-2006,CNX2006,4,2,1,-0.1263157894736842,0.38889268626110723,-0.348051948051948,0.22406015037593985,-0.2902255639097744,none,tested,1106.0,0.0001999600079984003,0.0003439312137572485,5000,shared row-label permutation of full sensitivity matrix across all drugs/trajectories,6,1,0,0,0,0,-0.10864661654135335,1038.5,False,top100_weighted;top100_rank;top250_weighted;top250_rank;top500_weighted;top500_rank,False
PRISM,250,weighted,CNX-774,CNX774,4,2,1,-0.02324414715719062,0.43404682274247486,-0.5269565217391303,0.3313043478260869,-0.1695652173913043,none,tested,726.0,0.0001999600079984003,0.0003439312137572485,5000,shared row-label permutation of full sensitivity matrix across all drugs/trajectories,6,1,0,0,0,0,-0.046304347826086945,796.5,False,top100_weighted;top100_rank;top250_weighted;top250_rank;top500_weighted;top500_rank,False
PRISM,250,weighted,CP-673451,CP673451,4,1,1,-0.053359683794466414,0.10537831733483909,-0.259175607001694,0.0852625635234331,-0.04051383399209487,none,tested,831.0,0.0001999600079984003,0.0003439312137572485,5000,shared row-label permutation of full sensitivity matrix across all drugs/trajectories,6,4,2,0,0,2,0.04686617730095992,362.0,True,top100_weighted;top100_rank;top250_weighted;top250_rank;top500_weighted;top500_rank,False
PRISM,250,weighted,CP-724714,CP724714,4,3,2,0.130260509313166,0.15828167821329883,-0.0776701794902446,0.306193107590431,0.17180441360858595,TierB_moderate_candidate,tested,143.0,0.23195360927814437,0.2640428361808424,5000,shared row-label permutation of full sensitivity matrix across all drugs/trajectories,6,4,3,0,0,3,0.060823620717699645,352.0,True,top100_weighted;top100_rank;top250_weighted;top250_rank;top500_weighted;top500_rank,False
PRISM,250,weighted,"CP-945,598",CP945598,4,2,2,-0.11188034188034188,0.34185897435897433,-0.40461538461538454,0.17153846153846153,0.019999999999999997,none,tested,1062.0,0.060787842431513694,0.08973443406556784,5000,shared row-label permutation of full sensitivity matrix across all drugs/trajectories,6,2,1,0,0,1,-0.06412393162393162,869.5,False,top100_weighted;top100_rank;top250_weighted;top250_rank;top500_weighted;top500_rank,False
PRISM,250,weighted,CPI-1189,CPI1189,4,0,0,-0.19652173913043477,0.040827759197324426,-0.21461538461538462,-0.08782608695652173,-0.19043478260869565,none,tested,1266.0,0.0001999600079984003,0.0003439312137572485,5000,shared row-label permutation of full sensitivity matrix across all drugs/trajectories,6,0,0,0,0,0,-0.09608695652173913,978.5,False,top100_weighted;top100_rank;top250_weighted;top250_rank;top500_weighted;top500_rank,False
PRISM,250,weighted,CPP,CPP,4,2,1,0.000769230769230772,0.30493589743589744,-0.14051282051282052,0.3638461538461538,-0.11846153846153845,none,tested,611.0,0.10917816436712657,0.12994151169766047,5000,shared row-label permutation of full sensitivity matrix across all drugs/trajectories,6,4,0,0,0,0,0.004230769230769232,582.5,True,top100_weighted;top100_rank;top250_weighted;top250_rank;top500_weighted;top500_rank,False
PRISM,250,weighted,CR8-(R),CR8R,4,1,1,-0.0961111111111111,0.19416666666666668,-0.43615384615384617,0.22999999999999998,-0.07769230769230769,none,tested,999.0,0.06998600279944012,0.09903539461958989,5000,shared row-label permutation of full sensitivity matrix across all drugs/trajectories,6,0,0,0,0,0,-0.16891025641025642,1183.0,False,top100_weighted;top100_rank;top250_weighted;top250_rank;top500_weighted;top500_rank,False
PRISM,250,weighted,CS-110266,CS110266,4,0,0,-0.03103212576896787,0.034654818865345174,-0.12932330827067667,-0.021052631578947364,-0.025974025974025972,none,tested,744.0,0.0001999600079984003,0.0003439312137572485,5000,shared row-label permutation of full sensitivity matrix across all drugs/trajectories,6,0,0,0,0,0,-0.09979494190020505,1012.5,False,top100_weighted;top100_rank;top250_weighted;top250_rank;top500_weighted;top500_rank,False
PRISM,250,weighted,CUDC-907,CUDC907,4,3,2,0.221025641025641,0.18499999999999997,-0.32615384615384607,0.2630769230769231,0.19589743589743588,TierA_strong_collateral,tested,27.0,0.027594481103779243,0.04621035591876599,5000,shared row-label permutation of full sensitivity matrix across all drugs/trajectories,6,4,4,1,2,3,0.08076923076923076,237.5,True,top100_weighted;top100_rank;top250_weighted;top250_rank;top500_weighted;top500_rank,True
PRISM,250,weighted,CX-4945,CX4945,4,2,1,0.020300751879699246,0.13650034176349965,-0.10389610389610389,0.16691729323308271,-0.025563909774436087,none,tested,505.0,0.0001999600079984003,0.0003439312137572485,5000,shared row-label permutation of full sensitivity matrix across all drugs/trajectories,6,4,1,0,0,0,0.020300751879699243,489.5,True,top100_weighted;top100_rank;top250_weighted;top250_rank;top500_weighted;top500_rank,False
PRISM,250,weighted,CX-5461,CX5461,4,2,2,0.011923076923076925,0.20588628762541805,-0.23739130434782607,0.15461538461538463,0.08384615384615385,none,tested,555.0,0.0001999600079984003,0.0003439312137572485,5000,shared row-label permutation of full sensitivity matrix across all drugs/trajectories,6,5,1,0,0,0,0.01789297658862876,489.0,True,top100_weighted;top100_rank;top250_weighted;top250_rank;top500_weighted;top500_rank,False
PRISM,250,weighted,CYC116,CYC116,4,1,1,-0.17923076923076925,0.1520940170940171,-0.2622222222222222,0.16153846153846155,-0.14846153846153848,none,tested,1232.0,0.03699260147970406,0.05984361380151154,5000,shared row-label permutation of full sensitivity matrix across all drugs/trajectories,6,0,0,0,0,0,-0.19173076923076923,1255.5,False,top100_weighted;top100_rank;top250_weighted;top250_rank;top500_weighted;top500_rank,False
PRISM,250,weighted,CYT-997,CYT997,4,1,1,-0.14028083028083027,0.20990842490842487,-0.2834188034188034,0.02427350427350427,-0.05162393162393161,none,tested,1152.0,0.1865626874625075,0.21568782514095622,5000,shared row-label permutation of full sensitivity matrix across all drugs/trajectories,6,0,0,0,0,0,-0.1492002442002442,1184.0,False,top100_weighted;top100_rank;top250_weighted;top250_rank;top500_weighted;top500_rank,False
PRISM,250,weighted,D-4476,D4476,4,2,2,0.007391304347826082,0.14635451505016722,-0.0826086956521739,0.09846153846153846,0.07478260869565216,none,tested,578.0,0.0001999600079984003,0.0003439312137572485,5000,shared row-label permutation of full sensitivity matrix across all drugs/trajectories,6,6,4,0,0,1,0.05173913043478261,344.0,True,top100_weighted;top100_rank;top250_weighted;top250_rank;top500_weighted;top500_rank,False
PRISM,250,weighted,D-64131,D64131,4,3,3,0.051538461538461526,0.2301923076923077,-0.5169230769230769,0.22384615384615386,0.08153846153846152,none,tested,367.0,0.08558288342331534,0.11328896087713938,5000,shared row-label permutation of full sensitivity matrix across all drugs/trajectories,6,3,1,0,0,0,-0.07617521367521368,854.5,False,top100_weighted;top100_rank;top250_weighted;top250_rank;top500_weighted;top500_rank,False
PRISM,250,weighted,D-7193,D7193,4,2,1,-0.05811965811965812,0.29846153846153844,-0.3627350427350427,0.1029059829059829,-0.1794871794871795,none,tested,855.0,0.6010797840431914,0.641504685452021,5000,shared row-label permutation of full sensitivity matrix across all drugs/trajectories,6,2,2,0,0,1,-0.032490842490842484,710.0,False,top100_weighted;top100_rank;top250_weighted;top250_rank;top500_weighted;top500_rank,False
PRISM,250,weighted,D-Serine,DSERINE,4,3,2,0.08701298701298701,0.1398496240601504,-0.20300751879699244,0.18496240601503755,0.05844155844155843,none,tested,257.0,0.0001999600079984003,0.0003439312137572485,5000,shared row-label permutation of full sensitivity matrix across all drugs/trajectories,6,3,2,0,0,0,-0.00030758714969241646,589.0,False,top100_weighted;top100_rank;top250_weighted;top250_rank;top500_weighted;top500_rank,False
PRISM,250,weighted,DCEBIO,DCEBIO,4,2,2,0.021668548842461888,0.0844508752117448,-0.08752117447769624,0.08977978543195936,0.048418972332015815,none,tested,496.0,0.0001999600079984003,0.0003439312137572485,5000,shared row-label permutation of full sensitivity matrix across all drugs/trajectories,6,1,0,0,0,0,-0.04545454545454546,798.0,False,top100_weighted;top100_rank;top250_weighted;top250_rank;top500_weighted;top500_rank,False
PRISM,250,weighted,DMH1,DMH1,4,1,1,-0.18521739130434778,0.38518394648829424,-0.4530434782608695,0.1276923076923077,-0.34521739130434775,none,tested,1244.0,0.0001999600079984003,0.0003439312137572485,5000,shared row-label permutation of full sensitivity matrix across all drugs/trajectories,6,0,0,0,0,0,-0.17157190635451505,1211.5,False,top100_weighted;top100_rank;top250_weighted;top250_rank;top500_weighted;top500_rank,False
PRISM,250,weighted,DPI-201106,DPI201106,4,2,2,0.0020085470085470097,0.15378205128205127,-0.12538461538461537,0.12230769230769231,0.06324786324786325,none,tested,606.0,0.10857828434313137,0.1295746222286429,5000,shared row-label permutation of full sensitivity matrix across all drugs/trajectories,6,6,4,0,1,3,0.08961538461538461,214.5,True,top100_weighted;top100_rank;top250_weighted;top250_rank;top500_weighted;top500_rank,False
PRISM,250,weighted,DU-728,DU728,4,2,2,-0.06521739130434781,0.2018577075098814,-0.2885375494071146,0.020869565217391303,0.017786561264822136,none,tested,881.0,0.0001999600079984003,0.0003439312137572485,5000,shared row-label permutation of full sensitivity matrix across all drugs/trajectories,6,0,0,0,0,0,-0.037756916996047434,746.5,False,top100_weighted;top100_rank;top250_weighted;top250_rank;top500_weighted;top500_rank,False
PRISM,250,weighted,DVD-111,DVD111,4,2,2,-0.10468215994531783,0.42161654135338344,-0.5506493506493506,0.09473684210526315,0.06883116883116883,none,tested,1031.0,0.0001999600079984003,0.0003439312137572485,5000,shared row-label permutation of full sensitivity matrix across all drugs/trajectories,6,1,0,0,0,0,-0.07294941900205057,916.0,False,top100_weighted;top100_rank;top250_weighted;top250_rank;top500_weighted;top500_rank,False
PRISM,250,weighted,E7449,E7449,4,2,2,0.019268774703557298,0.31546442687747034,-0.33498023715415026,0.2598814229249012,0.13043478260869562,none,tested,513.0,0.0001999600079984003,0.0003439312137572485,5000,shared row-label permutation of full sensitivity matrix across all drugs/trajectories,6,1,0,0,0,0,-0.1447924901185771,1108.5,False,top100_weighted;top100_rank;top250_weighted;top250_rank;top500_weighted;top500_rank,False
PRISM,250,weighted,EMD-53998,EMD53998,4,3,3,0.1719230769230769,0.17961538461538462,-0.15538461538461537,0.3946153846153846,0.19999999999999998,TierA_strong_collateral,tested,73.0,0.03559288142371526,0.05778966009477763,5000,shared row-label permutation of full sensitivity matrix across all drugs/trajectories,6,4,3,1,2,3,0.06282051282051282,346.0,True,top100_weighted;top100_rank;top250_weighted;top250_rank;top500_weighted;top500_rank,False
PRISM,250,weighted,ENMD-2076,ENMD2076,4,2,1,0.05164046479835953,0.3138926862611073,-0.41052631578947363,0.32481203007518794,-0.03506493506493507,none,tested,365.0,0.0001999600079984003,0.0003439312137572485,5000,shared row-label permutation of full sensitivity matrix across all drugs/trajectories,6,3,2,0,0,2,0.0027682843472317115,585.5,False,top100_weighted;top100_rank;top250_weighted;top250_rank;top500_weighted;top500_rank,False
PRISM,250,weighted,EPZ-5676,EPZ5676,4,3,3,0.1666239316239316,0.26927350427350427,-0.3546153846153846,0.3976068376068376,0.22076923076923075,TierA_strong_collateral,tested,81.0,0.04239152169566087,0.06751242344123769,5000,shared row-label permutation of full sensitivity matrix across all drugs/trajectories,6,6,6,1,2,4,0.1286965811965812,126.0,True,top100_weighted;top100_rank;top250_weighted;top250_rank;top500_weighted;top500_rank,True
PRISM,250,weighted,ER-27319,ER27319,4,1,1,-0.052307692307692305,0.1475,-0.18615384615384614,0.21923076923076923,-0.021538461538461538,none,tested,826.0,0.09478104379124175,0.11998398041189483,5000,shared row-label permutation of full sensitivity matrix across all drugs/trajectories,6,1,0,0,0,0,-0.058974358974358966,848.5,False,top100_weighted;top100_rank;top250_weighted;top250_rank;top500_weighted;top500_rank,False
PRISM,250,weighted,ETP-46464,ETP46464,4,1,1,-0.05197324414715719,0.08752508361204014,-0.2678260869565217,0.015652173913043476,-0.040869565217391296,none,tested,825.0,0.0001999600079984003,0.0003439312137572485,5000,shared row-label permutation of full sensitivity matrix across all drugs/trajectories,6,2,0,0,0,0,-0.027098662207357856,707.0,False,top100_weighted;top100_rank;top250_weighted;top250_rank;top500_weighted;top500_rank,False
PRISM,250,weighted,EVP4593,EVP4593,4,2,2,-0.06304347826086955,0.5260117056856187,-0.3423076923076923,0.3347826086956522,0.17478260869565218,none,tested,870.0,0.0001999600079984003,0.0003439312137572485,5000,shared row-label permutation of full sensitivity matrix across all drugs/trajectories,6,1,0,0,0,0,-0.08043478260869563,921.0,False,top100_weighted;top100_rank;top250_weighted;top250_rank;top500_weighted;top500_rank,False
PRISM,250,weighted,FERb-033,FERB033,4,2,2,-0.02953177257525083,0.1970066889632107,-0.23652173913043475,0.09739130434782609,0.046153846153846156,none,tested,740.0,0.0001999600079984003,0.0003439312137572485,5000,shared row-label permutation of full sensitivity matrix across all drugs/trajectories,6,0,0,0,0,0,-0.14535117056856184,1172.5,False,top100_weighted;top100_rank;top250_weighted;top250_rank;top500_weighted;top500_rank,False
PRISM,250,weighted,FG-4592,FG4592,4,1,1,-0.09140316205533595,0.1768774703557312,-0.283596837944664,0.18972332015810275,-0.13043478260869562,none,tested,976.0,0.0001999600079984003,0.0003439312137572485,5000,shared row-label permutation of full sensitivity matrix across all drugs/trajectories,6,0,0,0,0,0,-0.09855731225296444,1003.0,False,top100_weighted;top100_rank;top250_weighted;top250_rank;top500_weighted;top500_rank,False
PRISM,250,weighted,FK-3311,FK3311,4,1,1,-0.16826086956521735,0.2160770750988142,-0.35375494071146246,0.022727272727272724,-0.08695652173913043,none,tested,1206.0,0.0001999600079984003,0.0003439312137572485,5000,shared row-label permutation of full sensitivity matrix across all drugs/trajectories,6,2,1,0,0,0,-0.02452569169960474,684.5,False,top100_weighted;top100_rank;top250_weighted;top250_rank;top500_weighted;top500_rank,False
PRISM,250,weighted,FK-866,FK866,4,2,2,0.01269230769230769,0.17675213675213675,-0.28384615384615386,0.12547008547008545,0.06230769230769231,none,tested,549.0,0.10197960407918416,0.1240317629904676,5000,shared row-label permutation of full sensitivity matrix across all drugs/trajectories,6,2,0,0,0,0,-0.05096153846153846,806.5,False,top100_weighted;top100_rank;top250_weighted;top250_rank;top500_weighted;top500_rank,False
PRISM,250,weighted,FK-888,FK888,4,4,3,0.047402597402597405,0.06414455110107285,0.0038961038961038965,0.233201581027668,0.051948051948051945,none,tested,389.0,0.0001999600079984003,0.0003439312137572485,5000,shared row-label permutation of full sensitivity matrix across all drugs/trajectories,6,5,5,0,0,1,0.0538961038961039,356.5,True,top100_weighted;top100_rank;top250_weighted;top250_rank;top500_weighted;top500_rank,True
PRISM,250,weighted,FLI-06,FLI06,4,0,0,-0.12252964426877472,0.09634387351778659,-0.2826086956521739,-0.0691699604743083,-0.15118577075098816,none,tested,1092.0,0.0001999600079984003,0.0003439312137572485,5000,shared row-label permutation of full sensitivity matrix across all drugs/trajectories,6,2,0,0,0,0,-0.04965415019762846,799.5,False,top100_weighted;top100_rank;top250_weighted;top250_rank;top500_weighted;top500_rank,False
PRISM,250,weighted,FPH1-(BRD-6125),FPH1BRD6125,4,0,0,-0.14999999999999997,0.06657190635451504,-0.35846153846153844,-0.11565217391304347,-0.15391304347826085,none,tested,1174.0,0.0001999600079984003,0.0003439312137572485,5000,shared row-label permutation of full sensitivity matrix across all drugs/trajectories,6,0,0,0,0,0,-0.10695652173913042,1052.0,False,top100_weighted;top100_rank;top250_weighted;top250_rank;top500_weighted;top500_rank,False
PRISM,250,weighted,FR-139317,FR139317,4,0,0,-0.08085470085470085,0.02282051282051284,-0.10615384615384615,-0.019999999999999997,-0.07999999999999999,none,tested,945.0,0.07058588282343531,0.09946192579665884,5000,shared row-label permutation of full sensitivity matrix across all drugs/trajectories,6,0,0,0,0,0,-0.021623931623931624,677.0,False,top100_weighted;top100_rank;top250_weighted;top250_rank;top500_weighted;top500_rank,False
PRISM,250,weighted,G-1,G1,4,1,1,-0.06824110671936759,0.1565316205533597,-0.25691699604743085,0.08498023715415019,-0.020869565217391303,none,tested,894.0,0.0001999600079984003,0.0003439312137572485,5000,shared row-label permutation of full sensitivity matrix across all drugs/trajectories,6,0,0,0,0,0,-0.11546442687747036,1068.5,False,top100_weighted;top100_rank;top250_weighted;top250_rank;top500_weighted;top500_rank,False
PRISM,250,weighted,GDC-0068,GDC0068,4,0,0,-0.2229059829059829,0.24516483516483517,-0.4517704517704518,-0.002393162393162393,-0.31145299145299143,none,tested,1299.0,0.033193361327734455,0.05449107222890398,5000,shared row-label permutation of full sensitivity matrix across all drugs/trajectories,6,0,0,0,0,0,-0.1694017094017094,1222.5,False,top100_weighted;top100_rank;top250_weighted;top250_rank;top500_weighted;top500_rank,False
PRISM,250,weighted,GDC-0152,GDC0152,4,1,1,-0.22196581196581194,0.20717948717948712,-0.29615384615384616,0.22538461538461538,-0.2731623931623931,none,tested,1297.0,0.027594481103779243,0.04621035591876599,5000,shared row-label permutation of full sensitivity matrix across all drugs/trajectories,6,0,0,0,0,0,-0.13027777777777777,1104.5,False,top100_weighted;top100_rank;top250_weighted;top250_rank;top500_weighted;top500_rank,False
PRISM,250,weighted,GDC-0349,GDC0349,4,2,2,0.02162393162393162,0.3129487179487179,-0.32692307692307687,0.2884615384615385,0.1276923076923077,none,tested,497.0,0.09978004399120176,0.1229458905266917,5000,shared row-label permutation of full sensitivity matrix across all drugs/trajectories,6,6,2,0,1,1,0.03707264957264957,395.0,True,top100_weighted;top100_rank;top250_weighted;top250_rank;top500_weighted;top500_rank,False
PRISM,250,weighted,GDC-0941,GDC0941,4,2,1,-0.00807081807081807,0.07073870573870573,-0.228034188034188,0.004444444444444444,-0.016483516483516484,none,tested,658.0,0.9458108378324335,0.9529598237570928,5000,shared row-label permutation of full sensitivity matrix across all drugs/trajectories,6,0,0,0,0,0,-0.13805250305250305,1134.0,False,top100_weighted;top100_rank;top250_weighted;top250_rank;top500_weighted;top500_rank,False
PRISM,250,weighted,GDC-0980,GDC0980,4,0,0,-0.282454921242289,0.047996325295378006,-0.32414711003017466,-0.20493150677119099,-0.2703266382552009,none,tested,1320.0,0.009398120375924815,0.016102435039984292,5000,shared row-label permutation of full sensitivity matrix across all drugs/trajectories,6,0,0,0,0,0,-0.16434799882769718,1189.5,False,top100_weighted;top100_rank;top250_weighted;top250_rank;top500_weighted;top500_rank,False
PRISM,250,weighted,GGTI-298,GGTI298,4,1,1,-0.1363879598662207,0.15237458193979933,-0.23217391304347823,0.13130434782608694,-0.09538461538461537,none,tested,1138.0,0.0001999600079984003,0.0003439312137572485,5000,shared row-label permutation of full sensitivity matrix across all drugs/trajectories,6,0,0,0,0,0,-0.14171404682274247,1144.5,False,top100_weighted;top100_rank;top250_weighted;top250_rank;top500_weighted;top500_rank,False
PRISM,250,weighted,GSK-3-inhibitor-IX,GSK3INHIBITORIX,4,1,1,-0.10292490118577073,0.2042885375494071,-0.3053359683794466,0.2737154150197629,-0.06324110671936758,none,tested,1023.0,0.0001999600079984003,0.0003439312137572485,5000,shared row-label permutation of full sensitivity matrix across all drugs/trajectories,6,0,0,0,0,0,-0.10153162055335968,1019.5,False,top100_weighted;top100_rank;top250_weighted;top250_rank;top500_weighted;top500_rank,False
PRISM,250,weighted,GSK-J4,GSKJ4,4,2,1,-0.06461538461538462,0.23235042735042732,-0.28769230769230764,0.14324786324786323,-0.1476923076923077,none,tested,876.0,0.07898420315936813,0.10688928204206875,5000,shared row-label permutation of full sensitivity matrix across all drugs/trajectories,6,0,0,0,0,0,-0.0613034188034188,867.5,False,top100_weighted;top100_rank;top250_weighted;top250_rank;top500_weighted;top500_rank,False
PRISM,250,weighted,GSK1070916,GSK1070916,4,1,1,-0.05588932806324111,0.07698616600790514,-0.12845849802371542,0.09980237154150197,-0.042608695652173914,none,tested,842.0,0.0001999600079984003,0.0003439312137572485,5000,shared row-label permutation of full sensitivity matrix across all drugs/trajectories,6,0,0,0,0,0,-0.06703557312252964,897.0,False,top100_weighted;top100_rank;top250_weighted;top250_rank;top500_weighted;top500_rank,False
PRISM,250,weighted,GSK1292263,GSK1292263,4,2,2,0.03652173913043477,0.45617892976588625,-0.38384615384615384,0.4652173913043478,0.19913043478260867,none,tested,434.0,0.0001999600079984003,0.0003439312137572485,5000,shared row-label permutation of full sensitivity matrix across all drugs/trajectories,6,4,0,0,0,1,0.019381270903010027,482.5,True,top100_weighted;top100_rank;top250_weighted;top250_rank;top500_weighted;top500_rank,False
PRISM,250,weighted,GSK1838705A,GSK1838705A,4,3,2,0.01818181818181818,0.11041784302653868,-0.2831168831168831,0.1507622811970638,0.01948051948051948,none,tested,517.0,0.0001999600079984003,0.0003439312137572485,5000,shared row-label permutation of full sensitivity matrix across all drugs/trajectories,6,4,2,0,0,0,0.007171089779785434,549.0,True,top100_weighted;top100_rank;top250_weighted;top250_rank;top500_weighted;top500_rank,False
PRISM,250,weighted,GSK1904529A,GSK1904529A,4,2,1,0.10341897233201579,0.40265810276679836,-0.674901185770751,0.3092885375494071,-0.0009881422924901185,none,tested,211.0,0.0001999600079984003,0.0003439312137572485,5000,shared row-label permutation of full sensitivity matrix across all drugs/trajectories,6,4,0,0,0,0,0.020652173913043477,472.0,True,top100_weighted;top100_rank;top250_weighted;top250_rank;top500_weighted;top500_rank,False
PRISM,250,weighted,GSK2110183,GSK2110183,4,1,1,-0.13675213675213674,0.20289377289377286,-0.3565323565323565,0.01811965811965812,-0.20957264957264954,none,tested,1141.0,0.20295940811837632,0.23383309509230393,5000,shared row-label permutation of full sensitivity matrix across all drugs/trajectories,6,0,0,0,0,0,-0.13008547008547006,1109.0,False,top100_weighted;top100_rank;top250_weighted;top250_rank;top500_weighted;top500_rank,False
PRISM,250,weighted,GSK2126458,GSK2126458,4,2,2,-0.0046655518394648834,0.08895484949832776,-0.1434782608695652,0.06956521739130435,0.019130434782608695,none,tested,644.0,0.0001999600079984003,0.0003439312137572485,5000,shared row-label permutation of full sensitivity matrix across all drugs/trajectories,6,0,0,0,0,0,-0.10913043478260868,1069.5,False,top100_weighted;top100_rank;top250_weighted;top250_rank;top500_weighted;top500_rank,False
PRISM,250,weighted,GSK256066,GSK256066,4,2,2,0.037593984962406006,0.2046821599453178,-0.16992481203007515,0.4051948051948052,0.0781954887218045,none,tested,431.0,0.0001999600079984003,0.0003439312137572485,5000,shared row-label permutation of full sensitivity matrix across all drugs/trajectories,6,6,5,0,2,2,0.0906015037593985,245.0,True,top100_weighted;top100_rank;top250_weighted;top250_rank;top500_weighted;top500_rank,False
PRISM,250,weighted,GSK2656157,GSK2656157,4,2,2,0.01284584980237155,0.23630434782608697,-0.1408695652173913,0.3952569169960475,0.08102766798418974,none,tested,548.0,0.0001999600079984003,0.0003439312137572485,5000,shared row-label permutation of full sensitivity matrix across all drugs/trajectories,6,2,0,0,0,0,-0.06274703557312254,849.0,False,top100_weighted;top100_rank;top250_weighted;top250_rank;top500_weighted;top500_rank,False
PRISM,250,weighted,GSK2830371,GSK2830371,4,3,3,0.18230769230769228,0.1461036789297659,-0.08347826086956521,0.27478260869565213,0.22,TierA_strong_collateral,tested,62.0,0.0001999600079984003,0.0003439312137572485,5000,shared row-label permutation of full sensitivity matrix across all drugs/trajectories,6,6,5,1,4,5,0.15311872909698998,83.5,True,top100_weighted;top100_rank;top250_weighted;top250_rank;top500_weighted;top500_rank,True
PRISM,250,weighted,GSK429286A,GSK429286A,4,3,2,0.2326086956521739,0.15820158102766796,-0.05632411067193676,0.48517786561264825,0.2478260869565217,TierA_strong_collateral,tested,19.0,0.0001999600079984003,0.0003439312137572485,5000,shared row-label permutation of full sensitivity matrix across all drugs/trajectories,6,3,3,1,2,3,0.07702569169960474,350.0,False,top100_weighted;top100_rank;top250_weighted;top250_rank;top500_weighted;top500_rank,False
PRISM,250,weighted,GSK461364,GSK461364,4,2,2,-0.04957264957264957,0.19866300366300363,-0.1528205128205128,0.1043956043956044,0.039999999999999994,none,tested,811.0,0.648870225954809,0.6875548578678541,5000,shared row-label permutation of full sensitivity matrix across all drugs/trajectories,6,0,0,0,0,0,-0.16666666666666666,1214.5,False,top100_weighted;top100_rank;top250_weighted;top250_rank;top500_weighted;top500_rank,False
PRISM,250,weighted,GSK650394,GSK650394,4,3,3,0.078399209486166,0.1983794466403162,-0.2233201581027668,0.2005928853754941,0.13999999999999999,none,tested,286.0,0.0001999600079984003,0.0003439312137572485,5000,shared row-label permutation of full sensitivity matrix across all drugs/trajectories,6,6,5,0,0,1,0.0800098814229249,260.0,True,top100_weighted;top100_rank;top250_weighted;top250_rank;top500_weighted;top500_rank,True
PRISM,250,weighted,GSK923295,GSK923295,4,0,0,-0.08448616600790515,0.14600790513833994,-0.38241106719367585,-0.014782608695652172,-0.048418972332015815,none,tested,958.0,0.0001999600079984003,0.0003439312137572485,5000,shared row-label permutation of full sensitivity matrix across all drugs/trajectories,6,1,0,0,0,0,-0.09363636363636364,1010.0,False,top100_weighted;top100_rank;top250_weighted;top250_rank;top500_weighted;top500_rank,False
PRISM,250,weighted,GTP-14564,GTP14564,4,3,3,0.09964882943143812,0.26270066889632104,-0.3417391304347826,0.3834782608695652,0.15391304347826085,none,tested,223.0,0.0001999600079984003,0.0003439312137572485,5000,shared row-label permutation of full sensitivity matrix across all drugs/trajectories,6,6,6,1,3,5,0.1260953177257525,121.5,True,top100_weighted;top100_rank;top250_weighted;top250_rank;top500_weighted;top500_rank,True
PRISM,250,weighted,GW-3965,GW3965,4,3,2,0.1025974025974026,0.2158949745906268,-0.033766233766233764,0.3077357425183513,0.18961038961038962,TierB_moderate_candidate,tested,213.0,0.0001999600079984003,0.0003439312137572485,5000,shared row-label permutation of full sensitivity matrix across all drugs/trajectories,6,6,5,0,1,4,0.13733766233766234,107.5,True,top100_weighted;top100_rank;top250_weighted;top250_rank;top500_weighted;top500_rank,True
PRISM,250,weighted,GW-405833,GW405833,4,2,1,-0.009881422924901188,0.17478260869565215,-0.11652173913043477,0.3217391304347825,-0.05335968379446641,none,tested,664.0,0.0001999600079984003,0.0003439312137572485,5000,shared row-label permutation of full sensitivity matrix across all drugs/trajectories,6,1,0,0,0,0,-0.024456521739130436,698.5,False,top100_weighted;top100_rank;top250_weighted;top250_rank;top500_weighted;top500_rank,False
PRISM,250,weighted,GW-583340,GW583340,4,2,1,0.07846153846153844,0.1967307692307692,-0.09615384615384616,0.20153846153846153,-0.0030769230769230765,none,tested,285.0,0.07458508298340331,0.1026025960958479,5000,shared row-label permutation of full sensitivity matrix across all drugs/trajectories,6,3,1,0,0,1,-0.044615384615384626,771.0,False,top100_weighted;top100_rank;top250_weighted;top250_rank;top500_weighted;top500_rank,False
PRISM,250,weighted,GW-788388,GW788388,4,1,0,-0.19660079051383395,0.10596837944664028,-0.3043478260869565,0.07826086956521738,-0.20347826086956516,none,tested,1267.0,0.0001999600079984003,0.0003439312137572485,5000,shared row-label permutation of full sensitivity matrix across all drugs/trajectories,6,0,0,0,0,0,-0.11477272727272725,1029.0,False,top100_weighted;top100_rank;top250_weighted;top250_rank;top500_weighted;top500_rank,False
PRISM,250,weighted,GW-842166,GW842166,4,0,0,-0.18086956521739128,0.1626254180602007,-0.3738461538461539,-0.06769230769230769,-0.23826086956521736,none,tested,1238.0,0.0001999600079984003,0.0003439312137572485,5000,shared row-label permutation of full sensitivity matrix across all drugs/trajectories,6,0,0,0,0,0,-0.11710702341137122,1074.5,False,top100_weighted;top100_rank;top250_weighted;top250_rank;top500_weighted;top500_rank,False
PRISM,250,weighted,GW-843682X,GW843682X,4,1,1,-0.12269230769230771,0.32134615384615384,-0.27692307692307694,0.2907692307692308,-0.0030769230769230765,none,tested,1093.0,0.0595880823835233,0.08845313342676676,5000,shared row-label permutation of full sensitivity matrix across all drugs/trajectories,6,0,0,0,0,0,-0.17053418803418802,1218.5,False,top100_weighted;top100_rank;top250_weighted;top250_rank;top500_weighted;top500_rank,False
PRISM,250,weighted,GZD824,GZD824,4,2,1,-0.029059829059829057,0.20231990231990227,-0.11355311355311355,0.2731623931623931,-0.09948717948717947,none,tested,738.0,0.7886422715456909,0.82193913054762,5000,shared row-label permutation of full sensitivity matrix across all drugs/trajectories,6,0,0,0,0,0,-0.047185592185592186,800.5,False,top100_weighted;top100_rank;top250_weighted;top250_rank;top500_weighted;top500_rank,False
PRISM,250,weighted,HA14-1,HA141,4,4,3,0.07788537549407115,0.12942687747035575,0.001976284584980237,0.18873517786561267,0.13304347826086957,none,tested,288.0,0.0001999600079984003,0.0003439312137572485,5000,shared row-label permutation of full sensitivity matrix across all drugs/trajectories,6,6,5,0,0,2,0.08954545454545454,230.5,True,top100_weighted;top100_rank;top250_weighted;top250_rank;top500_weighted;top500_rank,True
PRISM,250,weighted,HMN-214,HMN214,4,3,3,0.017435897435897435,0.11865384615384615,-0.3923076923076923,0.06999999999999999,0.019487179487179485,none,tested,524.0,0.10157968406318736,0.12377122381739375,5000,shared row-label permutation of full sensitivity matrix across all drugs/trajectories,6,1,1,0,0,0,-0.056688034188034184,839.5,False,top100_weighted;top100_rank;top250_weighted;top250_rank;top500_weighted;top500_rank,False
PRISM,250,weighted,I-BET-762,IBET762,4,0,0,-0.18762310754566128,0.19208072920392608,-0.3413473584425343,-0.09574377127046695,-0.27474299581960077,none,tested,1250.0,0.07278544291141771,0.10127661315336098,5000,shared row-label permutation of full sensitivity matrix across all drugs/trajectories,6,0,0,0,0,0,-0.18391823706088783,1248.5,False,top100_weighted;top100_rank;top250_weighted;top250_rank;top500_weighted;top500_rank,False
PRISM,250,weighted,I-BET151,IBET151,4,3,2,0.043227424749163884,0.10701505016722405,-0.2869565217391304,0.13739130434782607,0.04384615384615385,none,tested,405.0,0.0001999600079984003,0.0003439312137572485,5000,shared row-label permutation of full sensitivity matrix across all drugs/trajectories,6,3,2,0,0,0,-0.0005267558528428123,569.5,False,top100_weighted;top100_rank;top250_weighted;top250_rank;top500_weighted;top500_rank,False
PRISM,250,weighted,ICG-001,ICG001,4,3,2,0.03038461538461538,0.10258547008547007,-0.06803418803418802,0.16923076923076924,0.059230769230769226,none,tested,459.0,0.09978004399120176,0.1229458905266917,5000,shared row-label permutation of full sensitivity matrix across all drugs/trajectories,6,6,6,0,1,3,0.10512820512820512,198.0,True,top100_weighted;top100_rank;top250_weighted;top250_rank;top500_weighted;top500_rank,False
PRISM,250,weighted,ICI-162846,ICI162846,4,3,3,0.12309429700734051,0.10982495765104462,-0.05590062111801244,0.19706380575945792,0.15415019762845852,TierB_moderate_candidate,tested,162.0,0.0001999600079984003,0.0003439312137572485,5000,shared row-label permutation of full sensitivity matrix across all drugs/trajectories,6,4,3,0,0,2,0.052900903444381704,363.0,True,top100_weighted;top100_rank;top250_weighted;top250_rank;top500_weighted;top500_rank,False
PRISM,250,weighted,IDRA-21,IDRA21,4,0,0,-0.2746753246753247,0.18204404291360818,-0.36194240542066636,-0.05064935064935065,-0.34415584415584416,none,tested,1317.0,0.0001999600079984003,0.0003439312137572485,5000,shared row-label permutation of full sensitivity matrix across all drugs/trajectories,6,0,0,0,0,0,-0.18136645962732922,1257.0,False,top100_weighted;top100_rank;top250_weighted;top250_rank;top500_weighted;top500_rank,False
PRISM,250,weighted,IEM1754,IEM1754,4,3,2,0.16245819397993308,0.15586120401337789,-0.025217391304347827,0.35913043478260864,0.20230769230769227,TierA_strong_collateral,tested,90.0,0.0001999600079984003,0.0003439312137572485,5000,shared row-label permutation of full sensitivity matrix across all drugs/trajectories,6,6,3,0,1,1,0.05209866220735786,329.0,True,top100_weighted;top100_rank;top250_weighted;top250_rank;top500_weighted;top500_rank,False
PRISM,250,weighted,IKK-16,IKK16,4,1,1,-0.1444648829431438,0.296128762541806,-0.34347826086956523,0.16347826086956518,-0.03153846153846154,none,tested,1166.0,0.0001999600079984003,0.0003439312137572485,5000,shared row-label permutation of full sensitivity matrix across all drugs/trajectories,6,0,0,0,0,0,-0.13568561872909699,1125.0,False,top100_weighted;top100_rank;top250_weighted;top250_rank;top500_weighted;top500_rank,False
PRISM,250,weighted,IKK-2-inhibitor-V,IKK2INHIBITORV,4,3,3,0.08628815628815628,0.12287545787545787,-0.2505982905982906,0.13709401709401706,0.10358974358974359,none,tested,261.0,0.4283143371325735,0.4722440127359144,5000,shared row-label permutation of full sensitivity matrix across all drugs/trajectories,6,6,6,0,0,2,0.09322954822954822,241.5,True,top100_weighted;top100_rank;top250_weighted;top250_rank;top500_weighted;top500_rank,False
PRISM,250,weighted,INC-280,INC280,4,1,1,-0.008989247016551922,0.04318005949389666,-0.11444267166195088,0.05123659372902576,-0.007815751585783591,none,tested,662.0,0.10917816436712657,0.12994151169766047,5000,shared row-label permutation of full sensitivity matrix across all drugs/trajectories,6,0,0,0,0,0,-0.055254390120186694,821.0,False,top100_weighted;top100_rank;top250_weighted;top250_rank;top500_weighted;top500_rank,False
PRISM,250,weighted,INH1,INH1,4,2,1,-0.022179487179487176,0.23461538461538461,-0.3376923076923077,0.2030769230769231,-0.08846153846153845,none,tested,719.0,0.10037992401519696,0.12321034872215243,5000,shared row-label permutation of full sensitivity matrix across all drugs/trajectories,6,1,0,0,0,0,-0.016837606837606836,656.0,False,top100_weighted;top100_rank;top250_weighted;top250_rank;top500_weighted;top500_rank,False
PRISM,250,weighted,IOWH032,IOWH032,4,2,2,0.02192307692307692,0.20459401709401706,-0.21846153846153843,0.1822222222222222,0.09153846153846153,none,tested,493.0,0.09958008398320337,0.1229458905266917,5000,shared row-label permutation of full sensitivity matrix across all drugs/trajectories,6,5,1,0,0,0,0.047200854700854694,349.0,True,top100_weighted;top100_rank;top250_weighted;top250_rank;top500_weighted;top500_rank,False
PRISM,250,weighted,JIB04,JIB04,4,3,2,0.09658119658119657,0.12166666666666667,-0.06,0.19384615384615386,0.05777777777777777,none,tested,234.0,0.06858628274345131,0.09799090557022573,5000,shared row-label permutation of full sensitivity matrix across all drugs/trajectories,6,5,3,1,2,2,0.06004273504273504,349.5,True,top100_weighted;top100_rank;top250_weighted;top250_rank;top500_weighted;top500_rank,False
PRISM,250,weighted,JK-184,JK184,4,2,2,0.014572649572649567,0.20378205128205126,-0.3638461538461538,0.10999999999999999,0.07145299145299144,none,tested,544.0,0.10437912417516497,0.1261444900503127,5000,shared row-label permutation of full sensitivity matrix across all drugs/trajectories,6,2,0,0,0,0,-0.10527777777777778,1046.0,False,top100_weighted;top100_rank;top250_weighted;top250_rank;top500_weighted;top500_rank,False
PRISM,250,weighted,JNJ-7706621,JNJ7706621,4,2,1,0.08650197628458497,0.382598814229249,-0.3092885375494071,0.26383399209486164,-0.07304347826086956,none,tested,260.0,0.0001999600079984003,0.0003439312137572485,5000,shared row-label permutation of full sensitivity matrix across all drugs/trajectories,6,2,0,0,0,0,-0.06114624505928854,878.5,False,top100_weighted;top100_rank;top250_weighted;top250_rank;top500_weighted;top500_rank,False
PRISM,250,weighted,JQ1-(+),JQ1,4,1,1,-0.2064957264957265,0.23600122100122106,-0.3241758241758242,0.14188034188034188,-0.1268376068376068,none,tested,1284.0,0.05438912217556489,0.0831430044266376,5000,shared row-label permutation of full sensitivity matrix across all drugs/trajectories,6,0,0,0,0,0,-0.21777777777777776,1290.5,False,top100_weighted;top100_rank;top250_weighted;top250_rank;top500_weighted;top500_rank,False
PRISM,250,weighted,JTC-801,JTC801,4,3,3,0.06536789297658863,0.16261705685618727,-0.348695652173913,0.10782608695652172,0.09769230769230769,none,tested,328.0,0.0001999600079984003,0.0003439312137572485,5000,shared row-label permutation of full sensitivity matrix across all drugs/trajectories,6,6,2,0,0,0,0.02172240802675585,473.0,True,top100_weighted;top100_rank;top250_weighted;top250_rank;top500_weighted;top500_rank,False
PRISM,250,weighted,JTE-607,JTE607,4,3,2,0.20043478260869563,0.16506688963210703,-0.11478260869565216,0.3446153846153846,0.23391304347826083,TierA_strong_collateral,tested,45.0,0.0001999600079984003,0.0003439312137572485,5000,shared row-label permutation of full sensitivity matrix across all drugs/trajectories,6,6,6,1,2,4,0.13300167224080267,132.5,True,top100_weighted;top100_rank;top250_weighted;top250_rank;top500_weighted;top500_rank,True
PRISM,250,weighted,JZL-184,JZL184,4,3,2,0.027859531772575254,0.16526755852842806,-0.2121739130434782,0.3391304347826086,0.046153846153846156,none,tested,473.0,0.0001999600079984003,0.0003439312137572485,5000,shared row-label permutation of full sensitivity matrix across all drugs/trajectories,6,5,2,0,0,0,0.03867892976588629,390.5,True,top100_weighted;top100_rank;top250_weighted;top250_rank;top500_weighted;top500_rank,False
PRISM,250,weighted,K-858,K858,4,0,0,-0.183300395256917,0.21250988142292493,-0.3678260869565217,-0.06620553359683795,-0.274703557312253,none,tested,1240.0,0.0001999600079984003,0.0003439312137572485,5000,shared row-label permutation of full sensitivity matrix across all drugs/trajectories,6,0,0,0,0,0,-0.16861660079051383,1220.0,False,top100_weighted;top100_rank;top250_weighted;top250_rank;top500_weighted;top500_rank,False
PRISM,250,weighted,K-Ras(G12C)-inhibitor-6,KRASG12CINHIBITOR6,4,3,2,0.07040293040293039,0.16123321123321122,-0.3634188034188034,0.15213675213675212,0.04884004884004883,none,tested,309.0,0.520495900819836,0.562709680286165,5000,shared row-label permutation of full sensitivity matrix across all drugs/trajectories,6,5,1,0,0,0,0.019175824175824176,483.0,True,top100_weighted;top100_rank;top250_weighted;top250_rank;top500_weighted;top500_rank,False
PRISM,250,weighted,KD-023,KD023,4,1,1,-0.15194805194805194,0.1608554488989272,-0.4421230942970074,0.1,-0.16883116883116883,none,tested,1181.0,0.0001999600079984003,0.0003439312137572485,5000,shared row-label permutation of full sensitivity matrix across all drugs/trajectories,6,0,0,0,0,0,-0.06038961038961038,870.5,False,top100_weighted;top100_rank;top250_weighted;top250_rank;top500_weighted;top500_rank,False
PRISM,250,weighted,KD025,KD025,4,2,2,0.0009197324414715741,0.5075334448160534,-0.42260869565217385,0.2773913043478261,0.2226086956521739,none,tested,610.0,0.0001999600079984003,0.0003439312137572485,5000,shared row-label permutation of full sensitivity matrix across all drugs/trajectories,6,3,0,0,0,0,-0.01539297658862876,654.0,False,top100_weighted;top100_rank;top250_weighted;top250_rank;top500_weighted;top500_rank,False
PRISM,250,weighted,KF-38789,KF38789,4,3,3,0.0794993894993895,0.23668498168498167,-0.4468376068376068,0.22598290598290596,0.12515262515262515,none,tested,282.0,0.46170765846830636,0.5061318328439576,5000,shared row-label permutation of full sensitivity matrix across all drugs/trajectories,6,3,2,0,0,0,-0.043919413919413924,739.0,False,top100_weighted;top100_rank;top250_weighted;top250_rank;top500_weighted;top500_rank,False
PRISM,250,weighted,KI-16425,KI16425,4,3,2,0.21944816053511706,0.1887374581939799,-0.29217391304347823,0.288695652173913,0.24846153846153846,TierA_strong_collateral,tested,28.0,0.0001999600079984003,0.0003439312137572485,5000,shared row-label permutation of full sensitivity matrix across all drugs/trajectories,6,6,5,4,5,5,0.21994147157190636,30.0,True,top100_weighted;top100_rank;top250_weighted;top250_rank;top500_weighted;top500_rank,True
PRISM,250,weighted,KI-8751,KI8751,4,2,2,-0.07956521739130433,0.2613879598662207,-0.17076923076923078,0.3556521739130434,0.006956521739130434,none,tested,939.0,0.0001999600079984003,0.0003439312137572485,5000,shared row-label permutation of full sensitivity matrix across all drugs/trajectories,6,1,0,0,0,0,-0.07331103678929765,901.0,False,top100_weighted;top100_rank;top250_weighted;top250_rank;top500_weighted;top500_rank,False
PRISM,250,weighted,KPT-185,KPT185,4,2,2,-0.0026862026862026836,0.26656898656898653,-0.20683760683760682,0.3524786324786324,0.08180708180708181,none,tested,633.0,0.9822035592881424,0.9836794474313252,5000,shared row-label permutation of full sensitivity matrix across all drugs/trajectories,6,4,0,0,0,0,0.020109890109890123,478.0,True,top100_weighted;top100_rank;top250_weighted;top250_rank;top500_weighted;top500_rank,False
PRISM,250,weighted,KPT-276,KPT276,4,2,2,0.0773076923076923,0.34946581196581195,-0.08307692307692309,0.3894017094017094,0.23153846153846153,none,tested,293.0,0.07318536292741452,0.10162092581483705,5000,shared row-label permutation of full sensitivity matrix across all drugs/trajectories,6,6,0,0,0,0,0.0698076923076923,280.0,True,top100_weighted;top100_rank;top250_weighted;top250_rank;top500_weighted;top500_rank,False
PRISM,250,weighted,KW-2449,KW2449,4,2,2,-0.11764346764346761,0.4175518925518925,-0.36615384615384616,0.3381196581196581,0.043345543345543344,none,tested,1083.0,0.277744451109778,0.31509221559943323,5000,shared row-label permutation of full sensitivity matrix across all drugs/trajectories,6,0,0,0,0,0,-0.11146520146520145,1070.0,False,top100_weighted;top100_rank;top250_weighted;top250_rank;top500_weighted;top500_rank,False
PRISM,250,weighted,KW-2478,KW2478,4,2,2,0.06702075702075702,0.25215506715506714,-0.1651282051282051,0.23829059829059826,0.16788766788766787,none,tested,320.0,0.526494701059788,0.5682732279455041,5000,shared row-label permutation of full sensitivity matrix across all drugs/trajectories,6,6,3,0,2,5,0.11065934065934063,168.0,True,top100_weighted;top100_rank;top250_weighted;top250_rank;top500_weighted;top500_rank,False
PRISM,250,weighted,KX2-391,KX2391,4,1,1,-0.10824786324786326,0.16147435897435897,-0.42076923076923073,0.2053846153846154,-0.10495726495726496,none,tested,1043.0,0.06458708258348331,0.09388722037489995,5000,shared row-label permutation of full sensitivity matrix across all drugs/trajectories,6,0,0,0,0,0,-0.12215811965811965,1097.5,False,top100_weighted;top100_rank;top250_weighted;top250_rank;top500_weighted;top500_rank,False
PRISM,250,weighted,KY02111,KY02111,4,2,1,-0.0458695652173913,0.4438043478260869,-0.3043478260869565,0.17565217391304347,-0.2617391304347826,none,tested,796.0,0.0001999600079984003,0.0003439312137572485,5000,shared row-label permutation of full sensitivity matrix across all drugs/trajectories,6,3,1,0,0,1,-0.016479933110367898,647.5,False,top100_weighted;top100_rank;top250_weighted;top250_rank;top500_weighted;top500_rank,False
PRISM,250,weighted,"L-798,106",L798106,4,1,0,-0.09205128205128206,0.17250000000000004,-0.2753846153846154,0.07461538461538461,-0.14871794871794874,none,tested,982.0,0.06958608278344332,0.09878407705040462,5000,shared row-label permutation of full sensitivity matrix across all drugs/trajectories,6,0,0,0,0,0,-0.11521367521367519,1067.0,False,top100_weighted;top100_rank;top250_weighted;top250_rank;top500_weighted;top500_rank,False
PRISM,250,weighted,LB42708,LB42708,4,1,1,-0.18956521739130433,0.2928428093645485,-0.34615384615384615,0.15739130434782608,-0.07826086956521738,none,tested,1257.0,0.0001999600079984003,0.0003439312137572485,5000,shared row-label permutation of full sensitivity matrix across all drugs/trajectories,6,0,0,0,0,0,-0.2185535117056856,1288.0,False,top100_weighted;top100_rank;top250_weighted;top250_rank;top500_weighted;top500_rank,False
PRISM,250,weighted,LCL-161,LCL161,4,2,2,-0.0134105025409373,0.43767645398080185,-0.417278373800113,0.1925465838509317,0.17673630717108982,none,tested,680.0,0.0001999600079984003,0.0003439312137572485,5000,shared row-label permutation of full sensitivity matrix across all drugs/trajectories,6,4,2,0,1,2,0.021809712027103335,464.0,True,top100_weighted;top100_rank;top250_weighted;top250_rank;top500_weighted;top500_rank,False
PRISM,250,weighted,LDN-212854,LDN212854,4,2,2,-0.043478260869565216,0.22280100334448158,-0.42076923076923073,0.0634782608695652,0.02434782608695652,none,tested,788.0,0.0001999600079984003,0.0003439312137572485,5000,shared row-label permutation of full sensitivity matrix across all drugs/trajectories,6,1,1,0,0,0,-0.01652173913043478,659.0,False,top100_weighted;top100_rank;top250_weighted;top250_rank;top500_weighted;top500_rank,False
PRISM,250,weighted,LDN-57444,LDN57444,4,2,1,0.011304347826086955,0.10038461538461538,-0.02869565217391304,0.22153846153846157,-0.013913043478260868,none,tested,558.0,0.0001999600079984003,0.0003439312137572485,5000,shared row-label permutation of full sensitivity matrix across all drugs/trajectories,6,5,3,0,1,2,0.061304347826086944,302.0,True,top100_weighted;top100_rank;top250_weighted;top250_rank;top500_weighted;top500_rank,False
PRISM,250,weighted,LE-135,LE135,4,2,2,-0.041923076923076924,0.21769230769230768,-0.30615384615384617,0.22076923076923075,0.015384615384615384,none,tested,775.0,0.09358128374325135,0.11891692204933657,5000,shared row-label permutation of full sensitivity matrix across all drugs/trajectories,6,5,2,1,2,3,0.09615384615384615,234.5,True,top100_weighted;top100_rank;top250_weighted;top250_rank;top500_weighted;top500_rank,False
PRISM,250,weighted,LGX818,LGX818,4,2,2,0.032114624505928856,0.2918083003952569,-0.21565217391304345,0.27865612648221344,0.1442687747035573,none,tested,453.0,0.0001999600079984003,0.0003439312137572485,5000,shared row-label permutation of full sensitivity matrix across all drugs/trajectories,6,5,2,0,0,1,0.03557312252964427,433.0,True,top100_weighted;top100_rank;top250_weighted;top250_rank;top500_weighted;top500_rank,False
PRISM,250,weighted,LY2090314,LY2090314,4,2,2,0.0575946275946276,0.23699023199023198,-0.3449572649572649,0.16102564102564101,0.13125763125763126,none,tested,353.0,0.6034793041391722,0.6425222942631921,5000,shared row-label permutation of full sensitivity matrix across all drugs/trajectories,6,3,0,0,0,0,0.010573870573870572,541.5,False,top100_weighted;top100_rank;top250_weighted;top250_rank;top500_weighted;top500_rank,False
PRISM,250,weighted,LY2109761,LY2109761,4,1,0,-0.09669678147939018,0.07783738001129306,-0.22337662337662337,0.014285714285714285,-0.10897797854319595,none,tested,1004.0,0.0001999600079984003,0.0003439312137572485,5000,shared row-label permutation of full sensitivity matrix across all drugs/trajectories,6,3,2,0,0,0,-0.021414455110107283,676.0,False,top100_weighted;top100_rank;top250_weighted;top250_rank;top500_weighted;top500_rank,False
PRISM,250,weighted,LY2183240,LY2183240,4,1,1,-0.1992307692307692,0.25576923076923075,-0.3107692307692307,0.07538461538461538,-0.09307692307692307,none,tested,1278.0,0.03219356128774245,0.053045756732460675,5000,shared row-label permutation of full sensitivity matrix across all drugs/trajectories,6,0,0,0,0,0,-0.16826923076923078,1218.0,False,top100_weighted;top100_rank;top250_weighted;top250_rank;top500_weighted;top500_rank,False
PRISM,250,weighted,LY2334737,LY2334737,4,1,1,-0.09200854700854699,0.16814102564102565,-0.23307692307692307,0.15615384615384614,-0.04478632478632478,none,tested,981.0,0.07158568286342731,0.10023499501780317,5000,shared row-label permutation of full sensitivity matrix across all drugs/trajectories,6,0,0,0,0,0,-0.12732905982905984,1118.5,False,top100_weighted;top100_rank;top250_weighted;top250_rank;top500_weighted;top500_rank,False
PRISM,250,weighted,LY2603618,LY2603618,4,1,1,-0.1983991595101261,0.15563572064990439,-0.3632052032894991,0.05950236758435923,-0.2317050447977526,none,tested,1273.0,0.0631873625274945,0.09255907060346173,5000,shared row-label permutation of full sensitivity matrix across all drugs/trajectories,6,0,0,0,0,0,-0.18677054467060672,1251.0,False,top100_weighted;top100_rank;top250_weighted;top250_rank;top500_weighted;top500_rank,False
PRISM,250,weighted,LY2606368,LY2606368,4,0,0,-0.22652173913043475,0.254314381270903,-0.5276923076923077,-0.013913043478260868,-0.14260869565217388,none,tested,1301.0,0.0001999600079984003,0.0003439312137572485,5000,shared row-label permutation of full sensitivity matrix across all drugs/trajectories,6,0,0,0,0,0,-0.18327759197324417,1222.0,False,top100_weighted;top100_rank;top250_weighted;top250_rank;top500_weighted;top500_rank,False
PRISM,250,weighted,LY2608204,LY2608204,4,1,1,-0.058300395256917006,0.1907707509881423,-0.13130434782608694,0.38869565217391305,-0.09881422924901187,none,tested,856.0,0.0001999600079984003,0.0003439312137572485,5000,shared row-label permutation of full sensitivity matrix across all drugs/trajectories,6,0,0,0,0,0,-0.07262845849802371,915.5,False,top100_weighted;top100_rank;top250_weighted;top250_rank;top500_weighted;top500_rank,False
PRISM,250,weighted,LY2784544,LY2784544,4,2,1,-0.19794871794871793,0.4590384615384615,-0.5169230769230769,0.07615384615384616,-0.4051282051282051,none,tested,1272.0,0.030193961207758448,0.05018522480042645,5000,shared row-label permutation of full sensitivity matrix across all drugs/trajectories,6,0,0,0,0,0,-0.24207264957264957,1306.5,False,top100_weighted;top100_rank;top250_weighted;top250_rank;top500_weighted;top500_rank,False
PRISM,250,weighted,LY2801653,LY2801653,4,3,2,0.026242208013822897,0.07654424127308841,-0.033166087126513026,0.2140085411426577,0.036075930817686716,none,tested,479.0,0.8198360327934413,0.8497989360137305,5000,shared row-label permutation of full sensitivity matrix across all drugs/trajectories,6,5,5,0,0,0,0.07052157473216453,260.0,True,top100_weighted;top100_rank;top250_weighted;top250_rank;top500_weighted;top500_rank,False
PRISM,250,weighted,LY2874455,LY2874455,4,2,2,-0.12592885375494073,0.3802766798418973,-0.3764822134387352,0.13339920948616601,0.042608695652173914,none,tested,1105.0,0.0001999600079984003,0.0003439312137572485,5000,shared row-label permutation of full sensitivity matrix across all drugs/trajectories,6,0,0,0,0,0,-0.17767786561264823,1207.5,False,top100_weighted;top100_rank;top250_weighted;top250_rank;top500_weighted;top500_rank,False
PRISM,250,weighted,LY3023414,LY3023414,4,2,2,0.0440468227424749,0.28610367892976585,-0.26347826086956516,0.2843478260869565,0.1434782608695652,none,tested,401.0,0.0001999600079984003,0.0003439312137572485,5000,shared row-label permutation of full sensitivity matrix across all drugs/trajectories,6,5,1,0,0,2,0.0456772575250836,382.5,True,top100_weighted;top100_rank;top250_weighted;top250_rank;top500_weighted;top500_rank,False
PRISM,250,weighted,LY303511,LY303511,4,1,1,-0.04805194805194805,0.14737436476566912,-0.12987012987012986,0.18690005646527386,-0.0935064935064935,none,tested,805.0,0.0001999600079984003,0.0003439312137572485,5000,shared row-label permutation of full sensitivity matrix across all drugs/trajectories,6,0,0,0,0,0,-0.052272727272727276,805.5,False,top100_weighted;top100_rank;top250_weighted;top250_rank;top500_weighted;top500_rank,False
PRISM,250,weighted,LY364947,LY364947,4,2,1,-0.016290231507622814,0.12020045172219086,-0.07396950875211745,0.06753246753246753,-0.07284020327498589,none,tested,698.0,0.0001999600079984003,0.0003439312137572485,5000,shared row-label permutation of full sensitivity matrix across all drugs/trajectories,6,4,1,0,0,0,0.014695087521174478,513.0,True,top100_weighted;top100_rank;top250_weighted;top250_rank;top500_weighted;top500_rank,False
PRISM,250,weighted,LY456236,LY456236,4,1,1,-0.13869565217391305,0.1576588628762542,-0.21846153846153843,0.15391304347826085,-0.18173913043478263,none,tested,1148.0,0.0001999600079984003,0.0003439312137572485,5000,shared row-label permutation of full sensitivity matrix across all drugs/trajectories,6,2,1,0,0,1,-0.0870819397993311,959.5,False,top100_weighted;top100_rank;top250_weighted;top250_rank;top500_weighted;top500_rank,False
PRISM,250,weighted,M-344,M344,4,2,2,0.11926421404682272,0.35349498327759193,-0.28782608695652173,0.3182608695652174,0.2539130434782608,none,tested,168.0,0.0001999600079984003,0.0003439312137572485,5000,shared row-label permutation of full sensitivity matrix across all drugs/trajectories,6,6,5,0,1,5,0.12724080267558527,141.0,True,top100_weighted;top100_rank;top250_weighted;top250_rank;top500_weighted;top500_rank,False
PRISM,250,weighted,MEK1-2-inhibitor,MEK12INHIBITOR,4,3,2,0.011126482213438735,0.04729249011857708,-0.11462450592885376,0.02865612648221344,0.003478260869565217,none,tested,559.0,0.0001999600079984003,0.0003439312137572485,5000,shared row-label permutation of full sensitivity matrix across all drugs/trajectories,6,3,1,0,0,0,-0.008754940711462447,632.0,False,top100_weighted;top100_rank;top250_weighted;top250_rank;top500_weighted;top500_rank,False
PRISM,250,weighted,MEK162,MEK162,4,3,2,0.08152173913043478,0.15637351778656128,-0.3438735177865613,0.11857707509881424,0.05434782608695652,none,tested,277.0,0.0001999600079984003,0.0003439312137572485,5000,shared row-label permutation of full sensitivity matrix across all drugs/trajectories,6,2,2,0,0,0,-0.010148221343873519,616.0,False,top100_weighted;top100_rank;top250_weighted;top250_rank;top500_weighted;top500_rank,False
PRISM,250,weighted,MG-132,MG132,4,2,2,0.03495726495726495,0.29878205128205126,-0.12846153846153846,0.47846153846153844,0.13299145299145299,none,tested,442.0,0.09198160367926415,0.117895651638903,5000,shared row-label permutation of full sensitivity matrix across all drugs/trajectories,6,5,1,1,2,3,0.10098290598290596,183.5,True,top100_weighted;top100_rank;top250_weighted;top250_rank;top500_weighted;top500_rank,False
PRISM,250,weighted,MGCD-265,MGCD265,4,1,1,-0.1615612648221344,0.10040513833992093,-0.18521739130434778,0.18972332015810275,-0.1660079051383399,none,tested,1192.0,0.0001999600079984003,0.0003439312137572485,5000,shared row-label permutation of full sensitivity matrix across all drugs/trajectories,6,1,0,0,0,0,-0.09478260869565218,980.0,False,top100_weighted;top100_rank;top250_weighted;top250_rank;top500_weighted;top500_rank,False
PRISM,250,weighted,MK-0773,MK0773,4,0,0,-0.09090909090909093,0.12111801242236028,-0.35474308300395263,-0.04644268774703557,-0.06154714850367025,none,tested,974.0,0.0001999600079984003,0.0003439312137572485,5000,shared row-label permutation of full sensitivity matrix across all drugs/trajectories,6,0,0,0,0,0,-0.09316770186335405,972.0,False,top100_weighted;top100_rank;top250_weighted;top250_rank;top500_weighted;top500_rank,False
PRISM,250,weighted,MK-0812,MK0812,4,4,3,0.08692307692307692,0.06588628762541807,0.02260869565217391,0.12461538461538461,0.11384615384615385,none,tested,258.0,0.0001999600079984003,0.0003439312137572485,5000,shared row-label permutation of full sensitivity matrix across all drugs/trajectories,6,6,3,0,0,1,0.07532608695652174,273.5,True,top100_weighted;top100_rank;top250_weighted;top250_rank;top500_weighted;top500_rank,False
PRISM,250,weighted,MK-1775,MK1775,4,0,0,-0.19903760481847838,0.2848718333777768,-0.4361957914668632,-0.04139583589607094,-0.32315216780853084,none,tested,1276.0,0.0625874825034993,0.09178120371525254,5000,shared row-label permutation of full sensitivity matrix across all drugs/trajectories,6,0,0,0,0,0,-0.20064383867678165,1270.0,False,top100_weighted;top100_rank;top250_weighted;top250_rank;top500_weighted;top500_rank,False
PRISM,250,weighted,MK-2206,MK2206,4,0,0,-0.12,0.151965811965812,-0.3094017094017094,-0.033846153846153845,-0.06461538461538462,none,tested,1089.0,0.05838832233553289,0.0875496441769014,5000,shared row-label permutation of full sensitivity matrix across all drugs/trajectories,6,0,0,0,0,0,-0.07307692307692307,930.0,False,top100_weighted;top100_rank;top250_weighted;top250_rank;top500_weighted;top500_rank,False
PRISM,250,weighted,MK-2461,MK2461,4,2,2,-0.012435897435897438,0.1371153846153846,-0.07461538461538461,0.25769230769230766,0.02358974358974359,none,tested,678.0,0.10137972405518897,0.12375382066443855,5000,shared row-label permutation of full sensitivity matrix across all drugs/trajectories,6,3,2,0,0,1,-0.002820512820512819,581.0,False,top100_weighted;top100_rank;top250_weighted;top250_rank;top500_weighted;top500_rank,False
PRISM,250,weighted,MK-3207,MK3207,4,2,2,0.015104460756634679,0.3820722755505364,-0.3844155844155844,0.39090909090909093,0.14059853190287974,none,tested,540.0,0.0001999600079984003,0.0003439312137572485,5000,shared row-label permutation of full sensitivity matrix across all drugs/trajectories,6,3,0,0,0,0,-0.010502540937323541,642.0,False,top100_weighted;top100_rank;top250_weighted;top250_rank;top500_weighted;top500_rank,False
PRISM,250,weighted,MK-5108,MK5108,4,2,1,-0.030000000000000006,0.2561965811965812,-0.174017094017094,0.15384615384615383,-0.14615384615384616,none,tested,741.0,0.09638072385522896,0.12131775722287082,5000,shared row-label permutation of full sensitivity matrix across all drugs/trajectories,6,2,1,0,0,0,-0.019487179487179485,670.5,False,top100_weighted;top100_rank;top250_weighted;top250_rank;top500_weighted;top500_rank,False
PRISM,250,weighted,MK-8245,MK8245,4,2,2,-0.08846153846153845,0.2926923076923077,-0.3484615384615385,0.08846153846153845,0.033846153846153845,none,tested,970.0,0.0691861627674465,0.09853114847116046,5000,shared row-label permutation of full sensitivity matrix across all drugs/trajectories,6,1,0,0,0,0,-0.09074786324786324,996.5,False,top100_weighted;top100_rank;top250_weighted;top250_rank;top500_weighted;top500_rank,False
PRISM,250,weighted,MK-8745,MK8745,4,1,1,-0.1290316205533597,0.19503952569169966,-0.19762845849802374,0.23616600790513834,-0.07130434782608694,none,tested,1115.0,0.0001999600079984003,0.0003439312137572485,5000,shared row-label permutation of full sensitivity matrix across all drugs/trajectories,6,1,0,0,0,0,-0.149001976284585,1159.0,False,top100_weighted;top100_rank;top250_weighted;top250_rank;top500_weighted;top500_rank,False
PRISM,250,weighted,ML133,ML133,4,1,1,-0.028946488294314378,0.06462374581939799,-0.15478260869565216,0.02695652173913043,-0.016153846153846154,none,tested,737.0,0.0001999600079984003,0.0003439312137572485,5000,shared row-label permutation of full sensitivity matrix across all drugs/trajectories,6,0,0,0,0,0,-0.076814381270903,952.5,False,top100_weighted;top100_rank;top250_weighted;top250_rank;top500_weighted;top500_rank,False
PRISM,250,weighted,MLN0128,MLN0128,4,1,1,-0.19751546755333416,0.10275973380758938,-0.2279732094064527,0.009713136215844473,-0.22640756582134422,none,tested,1269.0,0.0637872425514897,0.09311674782947339,5000,shared row-label permutation of full sensitivity matrix across all drugs/trajectories,6,0,0,0,0,0,-0.07579576859760906,923.0,False,top100_weighted;top100_rank;top250_weighted;top250_rank;top500_weighted;top500_rank,False
PRISM,250,weighted,"MNS-(3,4-Methylenedioxy-nitrostyrene)",MNS34METHYLENEDIOXYNITROSTYRENE,4,3,2,0.044805194805194806,0.09220779220779221,-0.022077922077922082,0.11688311688311688,0.006493506493506493,none,tested,398.0,0.0001999600079984003,0.0003439312137572485,5000,shared row-label permutation of full sensitivity matrix across all drugs/trajectories,6,1,1,0,0,0,-0.04432523997741389,777.0,False,top100_weighted;top100_rank;top250_weighted;top250_rank;top500_weighted;top500_rank,False
PRISM,250,weighted,MPI-0479605,MPI0479605,4,1,1,-0.15217391304347827,0.25425889328063245,-0.3764822134387352,0.041739130434782605,-0.2519762845849803,none,tested,1182.0,0.0001999600079984003,0.0003439312137572485,5000,shared row-label permutation of full sensitivity matrix across all drugs/trajectories,6,1,0,0,0,0,-0.11183794466403163,1032.0,False,top100_weighted;top100_rank;top250_weighted;top250_rank;top500_weighted;top500_rank,False
PRISM,250,weighted,MRS-1220,MRS1220,4,2,2,-0.06670568561872911,0.23201505016722407,-0.2052173913043478,0.13999999999999999,0.03043478260869565,none,tested,885.0,0.0001999600079984003,0.0003439312137572485,5000,shared row-label permutation of full sensitivity matrix across all drugs/trajectories,6,3,1,0,0,0,-0.01292642140468227,636.5,False,top100_weighted;top100_rank;top250_weighted;top250_rank;top500_weighted;top500_rank,False
PRISM,250,weighted,MTPG,MTPG,4,1,0,-0.1357264957264957,0.19386446886446884,-0.29853479853479853,0.10358974358974359,-0.1979487179487179,none,tested,1136.0,0.21735652869426114,0.2491283342643595,5000,shared row-label permutation of full sensitivity matrix across all drugs/trajectories,6,0,0,0,0,0,-0.17454212454212453,1191.5,False,top100_weighted;top100_rank;top250_weighted;top250_rank;top500_weighted;top500_rank,False
PRISM,250,weighted,N-acetylmannosamine,NACETYLMANNOSAMINE,4,0,0,-0.11217391304347825,0.07021739130434781,-0.25913043478260867,-0.019999999999999997,-0.11913043478260868,none,tested,1064.0,0.0001999600079984003,0.0003439312137572485,5000,shared row-label permutation of full sensitivity matrix across all drugs/trajectories,6,2,0,0,0,0,-0.08008361204013376,962.0,False,top100_weighted;top100_rank;top250_weighted;top250_rank;top500_weighted;top500_rank,False
PRISM,250,weighted,NAN-190,NAN190,4,1,0,-0.00909090909090909,0.12850084697910785,-0.31789949181253535,0.16493506493506493,-0.014285714285714285,none,tested,663.0,0.0001999600079984003,0.0003439312137572485,5000,shared row-label permutation of full sensitivity matrix across all drugs/trajectories,6,1,1,0,0,0,-0.024025974025974027,711.0,False,top100_weighted;top100_rank;top250_weighted;top250_rank;top500_weighted;top500_rank,False
PRISM,250,weighted,NH125,NH125,4,2,1,0.09193979933110366,0.41274247491638794,-0.5991304347826086,0.36173913043478256,-0.023076923076923078,none,tested,249.0,0.0001999600079984003,0.0003439312137572485,5000,shared row-label permutation of full sensitivity matrix across all drugs/trajectories,6,4,1,0,0,0,0.017650501672240797,494.5,True,top100_weighted;top100_rank;top250_weighted;top250_rank;top500_weighted;top500_rank,False
PRISM,250,weighted,NMS-873,NMS873,4,2,2,-0.02807692307692307,0.32341880341880347,-0.21367521367521364,0.24692307692307694,0.11076923076923079,none,tested,735.0,0.09638072385522896,0.12131775722287082,5000,shared row-label permutation of full sensitivity matrix across all drugs/trajectories,6,2,1,0,0,0,-0.01615384615384615,671.0,False,top100_weighted;top100_rank;top250_weighted;top250_rank;top500_weighted;top500_rank,False
PRISM,250,weighted,NMS-E973,NMSE973,4,2,2,0.06394383394383393,0.32942002442002444,-0.13504273504273506,0.6615384615384615,0.15079365079365079,none,tested,332.0,0.5522895420915817,0.5932328441644467,5000,shared row-label permutation of full sensitivity matrix across all drugs/trajectories,6,6,2,0,1,4,0.12072649572649571,151.5,True,top100_weighted;top100_rank;top250_weighted;top250_rank;top500_weighted;top500_rank,False
PRISM,250,weighted,NSC-23766,NSC23766,4,2,2,0.05364201016374928,0.1691134952004517,-0.09090909090909091,0.20609824957651046,0.11688311688311687,none,tested,362.0,0.0001999600079984003,0.0003439312137572485,5000,shared row-label permutation of full sensitivity matrix across all drugs/trajectories,6,3,1,0,1,1,0.010107284020327494,551.5,False,top100_weighted;top100_rank;top250_weighted;top250_rank;top500_weighted;top500_rank,False
PRISM,250,weighted,NSC-319726,NSC319726,4,3,3,0.14207570207570208,0.3263736263736263,-0.388034188034188,0.43863247863247856,0.22188034188034186,TierB_moderate_candidate,tested,126.0,0.1857628474305139,0.21494954481325956,5000,shared row-label permutation of full sensitivity matrix across all drugs/trajectories,6,6,4,1,1,4,0.11145299145299145,156.5,True,top100_weighted;top100_rank;top250_weighted;top250_rank;top500_weighted;top500_rank,False
PRISM,250,weighted,NSC-3852,NSC3852,4,2,1,-0.07580463015245623,0.3802230378317335,-0.2964426877470355,0.24449463579898364,-0.2391304347826087,none,tested,924.0,0.0001999600079984003,0.0003439312137572485,5000,shared row-label permutation of full sensitivity matrix across all drugs/trajectories,6,0,0,0,0,0,-0.11483625070581593,1100.5,False,top100_weighted;top100_rank;top250_weighted;top250_rank;top500_weighted;top500_rank,False
PRISM,250,weighted,NSC-632839,NSC632839,4,2,1,0.03230769230769231,0.08897435897435897,-0.04205128205128204,0.07846153846153846,-0.006923076923076924,none,tested,451.0,0.09098180363927215,0.11706442495284727,5000,shared row-label permutation of full sensitivity matrix across all drugs/trajectories,6,6,4,0,1,3,0.07207264957264957,270.0,True,top100_weighted;top100_rank;top250_weighted;top250_rank;top500_weighted;top500_rank,False
PRISM,250,weighted,NSC-663284,NSC663284,4,3,2,0.055213675213675206,0.08993589743589743,-0.21999999999999997,0.10384615384615385,0.04923076923076923,none,tested,358.0,0.08778244351129774,0.11509376240551693,5000,shared row-label permutation of full sensitivity matrix across all drugs/trajectories,6,3,2,0,0,0,-0.03536324786324786,735.5,False,top100_weighted;top100_rank;top250_weighted;top250_rank;top500_weighted;top500_rank,False
PRISM,250,weighted,NSC-697923,NSC697923,4,2,2,-0.031758241758241754,0.11595238095238095,-0.12,0.10564102564102562,0.007936507936507934,none,tested,745.0,0.7676464707058588,0.8031968174653923,5000,shared row-label permutation of full sensitivity matrix across all drugs/trajectories,6,0,0,0,0,0,-0.07692307692307691,951.0,False,top100_weighted;top100_rank;top250_weighted;top250_rank;top500_weighted;top500_rank,False
PRISM,250,weighted,NU6027,NU6027,4,1,1,-0.11000000000000001,0.1627991452991453,-0.46119658119658113,0.09307692307692307,-0.12615384615384617,none,tested,1056.0,0.06678664267146571,0.09624496722277166,5000,shared row-label permutation of full sensitivity matrix across all drugs/trajectories,6,0,0,0,0,0,-0.13326923076923075,1114.0,False,top100_weighted;top100_rank;top250_weighted;top250_rank;top500_weighted;top500_rank,False
PRISM,250,weighted,NVP-AUY922,NVPAUY922,4,3,3,0.13241930406511337,0.20673759966003863,-0.3570142055061554,0.3032113698810326,0.16020677460727448,TierB_moderate_candidate,tested,136.0,0.22235552889422117,0.2544205322025724,5000,shared row-label permutation of full sensitivity matrix across all drugs/trajectories,6,6,6,3,3,4,0.16723940604078438,87.0,True,top100_weighted;top100_rank;top250_weighted;top250_rank;top500_weighted;top500_rank,False
PRISM,250,weighted,NVP-BEZ235,NVPBEZ235,4,1,1,-0.12769550516078335,0.16841997008794768,-0.3853866291889699,0.040846654671600244,-0.08645440574557992,none,tested,1109.0,0.23035392921415718,0.26244597234399275,5000,shared row-label permutation of full sensitivity matrix across all drugs/trajectories,6,0,0,0,0,0,-0.08005697968866339,965.0,False,top100_weighted;top100_rank;top250_weighted;top250_rank;top500_weighted;top500_rank,False
PRISM,250,weighted,NVP-BHG712,NVPBHG712,4,2,2,-0.00865612648221345,0.27975296442687747,-0.1650197628458498,0.2707509881422925,0.10521739130434782,none,tested,660.0,0.0001999600079984003,0.0003439312137572485,5000,shared row-label permutation of full sensitivity matrix across all drugs/trajectories,6,0,0,0,0,0,-0.12700592885375495,1102.5,False,top100_weighted;top100_rank;top250_weighted;top250_rank;top500_weighted;top500_rank,False
PRISM,250,weighted,NVP-TAE226,NVPTAE226,4,1,1,-0.020000000000000004,0.09207264957264957,-0.17153846153846153,0.1275213675213675,-0.03153846153846154,none,tested,711.0,0.09958008398320337,0.1229458905266917,5000,shared row-label permutation of full sensitivity matrix across all drugs/trajectories,6,3,0,0,0,0,-0.006965811965811967,616.5,False,top100_weighted;top100_rank;top250_weighted;top250_rank;top500_weighted;top500_rank,False
PRISM,250,weighted,NVP-TAE684,NVPTAE684,4,1,0,-0.13725296442687746,0.14263833992094854,-0.3409090909090909,0.08794466403162056,-0.16086956521739126,none,tested,1142.0,0.0001999600079984003,0.0003439312137572485,5000,shared row-label permutation of full sensitivity matrix across all drugs/trajectories,6,0,0,0,0,0,-0.13779644268774704,1156.5,False,top100_weighted;top100_rank;top250_weighted;top250_rank;top500_weighted;top500_rank,False
PRISM,250,weighted,OLDA,OLDA,4,2,2,0.010635451505016727,0.23312709030100331,-0.35739130434782607,0.29739130434782607,0.05692307692307692,none,tested,566.0,0.0001999600079984003,0.0003439312137572485,5000,shared row-label permutation of full sensitivity matrix across all drugs/trajectories,6,5,4,3,3,4,0.1590969899665552,83.0,True,top100_weighted;top100_rank;top250_weighted;top250_rank;top500_weighted;top500_rank,False
PRISM,250,weighted,ONC201,ONC201,4,2,2,-0.05085623894063762,0.2733695050705899,-0.164726268891897,0.29073711740791786,0.05547953338978651,none,tested,820.0,0.6272745450909818,0.666260532754007,5000,shared row-label permutation of full sensitivity matrix across all drugs/trajectories,6,2,1,0,0,0,-0.006421242290484555,617.5,False,top100_weighted;top100_rank;top250_weighted;top250_rank;top500_weighted;top500_rank,False
PRISM,250,weighted,ONX-0914,ONX0914,4,3,3,0.13427350427350426,0.13047008547008548,-0.05025641025641025,0.22598290598290596,0.1752136752136752,TierB_moderate_candidate,tested,133.0,0.20995800839832032,0.24106289853140483,5000,shared row-label permutation of full sensitivity matrix across all drugs/trajectories,6,6,5,0,0,4,0.11613553113553113,158.5,True,top100_weighted;top100_rank;top250_weighted;top250_rank;top500_weighted;top500_rank,False
PRISM,250,weighted,OSI-027,OSI027,4,1,1,-0.14185592185592186,0.28098901098901097,-0.3415384615384615,0.21230769230769228,-0.23687423687423687,none,tested,1159.0,0.1993601279744051,0.22988499185975952,5000,shared row-label permutation of full sensitivity matrix across all drugs/trajectories,6,1,0,0,0,0,-0.056080586080586074,835.0,False,top100_weighted;top100_rank;top250_weighted;top250_rank;top500_weighted;top500_rank,False
PRISM,250,weighted,OSI-420,OSI420,4,1,0,-0.17153846153846153,0.09876068376068378,-0.2027350427350427,0.030769230769230767,-0.19846153846153847,none,tested,1215.0,0.033993201359728054,0.055462591692187875,5000,shared row-label permutation of full sensitivity matrix across all drugs/trajectories,6,0,0,0,0,0,-0.17769230769230768,1242.5,False,top100_weighted;top100_rank;top250_weighted;top250_rank;top500_weighted;top500_rank,False
PRISM,250,weighted,OSI-930,OSI930,4,3,3,0.046153846153846156,0.12942307692307692,-0.08538461538461539,0.20615384615384613,0.08384615384615385,none,tested,393.0,0.09098180363927215,0.11706442495284727,5000,shared row-label permutation of full sensitivity matrix across all drugs/trajectories,6,3,1,0,0,0,-0.0011538461538461563,575.5,False,top100_weighted;top100_rank;top250_weighted;top250_rank;top500_weighted;top500_rank,False
PRISM,250,weighted,OTS167,OTS167,4,1,1,-0.15829059829059827,0.15658119658119657,-0.3586324786324786,0.08717948717948718,-0.1282051282051282,none,tested,1187.0,0.1401719656068786,0.16347264230443498,5000,shared row-label permutation of full sensitivity matrix across all drugs/trajectories,6,2,0,0,0,0,-0.06122100122100122,867.0,False,top100_weighted;top100_rank;top250_weighted;top250_rank;top500_weighted;top500_rank,False
PRISM,250,weighted,OTX015,OTX015,4,1,1,-0.27223320158102765,0.13092885375494073,-0.3656126482213439,0.0958498023715415,-0.2618577075098814,none,tested,1315.0,0.0001999600079984003,0.0003439312137572485,5000,shared row-label permutation of full sensitivity matrix across all drugs/trajectories,6,0,0,0,0,0,-0.29471343873517786,1321.5,False,top100_weighted;top100_rank;top250_weighted;top250_rank;top500_weighted;top500_rank,False
PRISM,250,weighted,P22077,P22077,4,2,2,0.047411067193675875,0.2284782608695652,-0.1818181818181818,0.14525691699604742,0.1452173913043478,none,tested,388.0,0.0001999600079984003,0.0003439312137572485,5000,shared row-label permutation of full sensitivity matrix across all drugs/trajectories,6,3,0,0,0,0,-0.028063241106719365,698.0,False,top100_weighted;top100_rank;top250_weighted;top250_rank;top500_weighted;top500_rank,False
PRISM,250,weighted,P276-00,P27600,4,2,1,-0.09662615713786134,0.28957934724115963,-0.3070610405623218,0.06633612680299603,-0.22744619407108146,none,tested,1003.0,0.3805238952209558,0.4212943125660582,5000,shared row-label permutation of full sensitivity matrix across all drugs/trajectories,6,2,1,0,0,0,-0.02870040133927143,703.5,False,top100_weighted;top100_rank;top250_weighted;top250_rank;top500_weighted;top500_rank,False
PRISM,250,weighted,P5091,P5091,4,2,2,-0.0022742474916387784,0.3146321070234114,-0.21826086956521737,0.41739130434782606,0.10153846153846155,none,tested,631.0,0.0001999600079984003,0.0003439312137572485,5000,shared row-label permutation of full sensitivity matrix across all drugs/trajectories,6,1,0,0,0,0,-0.11724080267558526,991.0,False,top100_weighted;top100_rank;top250_weighted;top250_rank;top500_weighted;top500_rank,False
PRISM,250,weighted,PAC-1,PAC1,4,2,2,0.010819397993311039,0.47182274247491635,-0.2791304347826086,0.4684615384615385,0.20076923076923076,none,tested,565.0,0.0001999600079984003,0.0003439312137572485,5000,shared row-label permutation of full sensitivity matrix across all drugs/trajectories,6,2,0,0,0,0,-0.07823578595317726,937.5,False,top100_weighted;top100_rank;top250_weighted;top250_rank;top500_weighted;top500_rank,False
PRISM,250,weighted,PCI-24781,PCI24781,4,2,1,-0.01694749694749695,0.1355067155067155,-0.2027350427350427,0.06735042735042734,-0.06227106227106227,none,tested,701.0,0.880623875224955,0.9002083018979027,5000,shared row-label permutation of full sensitivity matrix across all drugs/trajectories,6,0,0,0,0,0,-0.0821978021978022,954.0,False,top100_weighted;top100_rank;top250_weighted;top250_rank;top500_weighted;top500_rank,False
PRISM,250,weighted,PD-0325901,PD0325901,4,3,2,0.08435897435897435,0.24288461538461537,-0.3776923076923077,0.24461538461538462,0.026153846153846153,none,tested,268.0,0.07458508298340331,0.1026025960958479,5000,shared row-label permutation of full sensitivity matrix across all drugs/trajectories,6,5,1,0,0,0,0.026602564102564098,454.0,True,top100_weighted;top100_rank;top250_weighted;top250_rank;top500_weighted;top500_rank,False
PRISM,250,weighted,PD-153035,PD153035,4,2,1,-0.06624505928853754,0.3273814229249012,-0.3616600790513834,0.3488142292490119,-0.1660869565217391,none,tested,884.0,0.0001999600079984003,0.0003439312137572485,5000,shared row-label permutation of full sensitivity matrix across all drugs/trajectories,6,0,0,0,0,0,-0.14799407114624505,1083.5,False,top100_weighted;top100_rank;top250_weighted;top250_rank;top500_weighted;top500_rank,False
PRISM,250,weighted,PD-168393,PD168393,4,1,0,-0.2826068376068376,0.15397435897435896,-0.4738461538461538,0.06076923076923077,-0.29615384615384616,none,tested,1321.0,0.015796840631873626,0.026927351102669493,5000,shared row-label permutation of full sensitivity matrix across all drugs/trajectories,6,0,0,0,0,0,-0.25438034188034186,1312.5,False,top100_weighted;top100_rank;top250_weighted;top250_rank;top500_weighted;top500_rank,False
PRISM,250,weighted,PD-173074,PD173074,4,0,0,-0.09782608695652176,0.14866600790513837,-0.22608695652173913,-0.016798418972332016,-0.16205533596837948,none,tested,1009.0,0.0001999600079984003,0.0003439312137572485,5000,shared row-label permutation of full sensitivity matrix across all drugs/trajectories,6,0,0,0,0,0,-0.10079051383399211,1004.0,False,top100_weighted;top100_rank;top250_weighted;top250_rank;top500_weighted;top500_rank,False
PRISM,250,weighted,PD-184352,PD184352,4,2,1,0.00013377926421404614,0.13523411371237457,-0.21739130434782608,0.23043478260869563,-0.015384615384615384,none,tested,618.0,0.0001999600079984003,0.0003439312137572485,5000,shared row-label permutation of full sensitivity matrix across all drugs/trajectories,6,1,0,0,0,0,-0.09116220735785953,973.0,False,top100_weighted;top100_rank;top250_weighted;top250_rank;top500_weighted;top500_rank,False
PRISM,250,weighted,PD-198306,PD198306,4,3,2,0.13194139194139193,0.11217338217338219,-0.14051282051282052,0.2198290598290598,0.1172161172161172,TierB_moderate_candidate,tested,138.0,0.22815436912617476,0.260608203980455,5000,shared row-label permutation of full sensitivity matrix across all drugs/trajectories,6,2,2,0,0,1,-0.10747252747252747,1003.5,False,top100_weighted;top100_rank;top250_weighted;top250_rank;top500_weighted;top500_rank,False
PRISM,250,weighted,PD-318088,PD318088,4,3,2,0.14692307692307693,0.1901068376068376,-0.2346153846153846,0.27658119658119656,0.10538461538461538,TierB_moderate_candidate,tested,114.0,0.04599080183963208,0.07263713134150422,5000,shared row-label permutation of full sensitivity matrix across all drugs/trajectories,6,5,4,0,0,1,0.07211538461538462,263.5,True,top100_weighted;top100_rank;top250_weighted;top250_rank;top500_weighted;top500_rank,True
PRISM,250,weighted,PD-407824,PD407824,4,2,2,-0.041996047430830026,0.34673913043478255,-0.3217391304347825,0.16106719367588934,0.10869565217391304,none,tested,776.0,0.0001999600079984003,0.0003439312137572485,5000,shared row-label permutation of full sensitivity matrix across all drugs/trajectories,6,3,2,0,1,2,0.005523715415019772,540.5,False,top100_weighted;top100_rank;top250_weighted;top250_rank;top500_weighted;top500_rank,False
PRISM,250,weighted,PETCM,PETCM,4,2,1,0.08217391304347824,0.3254933110367893,-0.08846153846153845,0.3030769230769231,-0.06956521739130435,none,tested,275.0,0.0001999600079984003,0.0003439312137572485,5000,shared row-label permutation of full sensitivity matrix across all drugs/trajectories,6,6,3,0,0,0,0.08271739130434783,272.0,True,top100_weighted;top100_rank;top250_weighted;top250_rank;top500_weighted;top500_rank,False
PRISM,250,weighted,PF-03814735,PF03814735,4,1,1,-0.12976588628762542,0.1511705685618729,-0.18173913043478263,0.25999999999999995,-0.15692307692307692,none,tested,1120.0,0.0001999600079984003,0.0003439312137572485,5000,shared row-label permutation of full sensitivity matrix across all drugs/trajectories,6,0,0,0,0,0,-0.14587792642140468,1174.0,False,top100_weighted;top100_rank;top250_weighted;top250_rank;top500_weighted;top500_rank,False
PRISM,250,weighted,PF-04136309,PF04136309,4,4,3,0.08074534161490685,0.09627329192546584,0.026538678712591763,0.2964426877470355,0.09994353472614344,none,tested,278.0,0.0001999600079984003,0.0003439312137572485,5000,shared row-label permutation of full sensitivity matrix across all drugs/trajectories,6,6,6,0,1,4,0.12242377188029363,124.0,True,top100_weighted;top100_rank;top250_weighted;top250_rank;top500_weighted;top500_rank,True
PRISM,250,weighted,PF-04217903,PF04217903,4,2,1,-0.1291973244147157,0.3237959866220736,-0.31565217391304345,0.1208695652173913,-0.2723076923076923,none,tested,1117.0,0.0001999600079984003,0.0003439312137572485,5000,shared row-label permutation of full sensitivity matrix across all drugs/trajectories,6,3,2,1,1,1,-0.006622073578595318,607.0,False,top100_weighted;top100_rank;top250_weighted;top250_rank;top500_weighted;top500_rank,False
PRISM,250,weighted,PF-04457845,PF04457845,4,0,0,-0.06324786324786325,0.010152625152625154,-0.08307692307692308,-0.05067155067155067,-0.06188034188034188,none,tested,871.0,0.5664867026594681,0.6070150921584172,5000,shared row-label permutation of full sensitivity matrix across all drugs/trajectories,6,0,0,0,0,0,-0.06495726495726495,885.5,False,top100_weighted;top100_rank;top250_weighted;top250_rank;top500_weighted;top500_rank,False
PRISM,250,weighted,PF-04691502,PF04691502,4,1,1,-0.09384615384615383,0.1539957264957265,-0.26384615384615384,0.04752136752136752,-0.1446153846153846,none,tested,987.0,0.07138572285542892,0.10006011416013329,5000,shared row-label permutation of full sensitivity matrix across all drugs/trajectories,6,1,0,0,0,0,-0.09557692307692306,985.0,False,top100_weighted;top100_rank;top250_weighted;top250_rank;top500_weighted;top500_rank,False
PRISM,250,weighted,PF-05212384,PF05212384,4,3,3,0.06456654456654455,0.14967032967032967,-0.21230769230769228,0.3415384615384615,0.07203907203907202,none,tested,330.0,0.5622875424915017,0.6034857440750175,5000,shared row-label permutation of full sensitivity matrix across all drugs/trajectories,6,6,4,2,3,4,0.13623931623931623,111.0,True,top100_weighted;top100_rank;top250_weighted;top250_rank;top500_weighted;top500_rank,False
PRISM,250,weighted,PF-3845,PF3845,4,2,2,-0.04591973244147157,0.25887959866220733,-0.308695652173913,0.10695652173913042,0.05739130434782608,none,tested,797.0,0.0001999600079984003,0.0003439312137572485,5000,shared row-label permutation of full sensitivity matrix across all drugs/trajectories,6,2,0,0,0,0,-0.016831103678929767,648.5,False,top100_weighted;top100_rank;top250_weighted;top250_rank;top500_weighted;top500_rank,False
PRISM,250,weighted,PF-477736,PF477736,4,2,2,0.0,0.35297008547008546,-0.3634188034188034,0.32846153846153847,0.12,none,tested,620.0,0.11277744451109778,0.13303746330379942,5000,shared row-label permutation of full sensitivity matrix across all drugs/trajectories,6,5,2,1,2,3,0.09230769230769231,209.0,True,top100_weighted;top100_rank;top250_weighted;top250_rank;top500_weighted;top500_rank,False
PRISM,250,weighted,PF-562271,PF562271,4,2,2,0.015897435897435894,0.15967948717948716,-0.37,0.13641025641025642,0.037948717948717944,none,tested,535.0,0.10177964407118577,0.12390161237158961,5000,shared row-label permutation of full sensitivity matrix across all drugs/trajectories,6,2,0,0,0,0,-0.031752136752136756,740.0,False,top100_weighted;top100_rank;top250_weighted;top250_rank;top500_weighted;top500_rank,False
PRISM,250,weighted,PF-573228,PF573228,4,4,3,0.14565217391304347,0.20764214046822743,0.007826086956521738,0.2723076923076923,0.24,TierB_moderate_candidate,tested,116.0,0.0001999600079984003,0.0003439312137572485,5000,shared row-label permutation of full sensitivity matrix across all drugs/trajectories,6,6,3,0,0,1,0.0762541806020067,257.0,True,top100_weighted;top100_rank;top250_weighted;top250_rank;top500_weighted;top500_rank,False
PRISM,250,weighted,PFI-1,PFI1,4,3,2,0.057863247863247855,0.11352564102564101,-0.07307692307692308,0.13538461538461538,0.0988034188034188,none,tested,351.0,0.08858228354329134,0.11538256551024424,5000,shared row-label permutation of full sensitivity matrix across all drugs/trajectories,6,3,1,0,0,0,0.00019230769230769214,585.5,False,top100_weighted;top100_rank;top250_weighted;top250_rank;top500_weighted;top500_rank,False
PRISM,250,weighted,PHA-665752,PHA665752,4,1,1,-0.1615612648221344,0.16127470355731224,-0.24308300395256918,0.23304347826086955,-0.18972332015810275,none,tested,1193.0,0.0001999600079984003,0.0003439312137572485,5000,shared row-label permutation of full sensitivity matrix across all drugs/trajectories,6,2,2,0,0,0,-0.049407114624505935,810.5,False,top100_weighted;top100_rank;top250_weighted;top250_rank;top500_weighted;top500_rank,False
PRISM,250,weighted,PHA-680632,PHA680632,4,3,2,0.046442687747035576,0.1057806324110672,-0.25217391304347825,0.15316205533596838,0.049407114624505935,none,tested,392.0,0.0001999600079984003,0.0003439312137572485,5000,shared row-label permutation of full sensitivity matrix across all drugs/trajectories,6,5,3,0,0,0,0.040069169960474306,405.0,True,top100_weighted;top100_rank;top250_weighted;top250_rank;top500_weighted;top500_rank,False
PRISM,250,weighted,PHA-767491,PHA767491,4,3,2,0.06645484949832775,0.21053511705685618,-0.27652173913043476,0.33304347826086955,0.027692307692307697,none,tested,323.0,0.0001999600079984003,0.0003439312137572485,5000,shared row-label permutation of full sensitivity matrix across all drugs/trajectories,6,5,4,0,1,2,0.0726505016722408,281.5,True,top100_weighted;top100_rank;top250_weighted;top250_rank;top500_weighted;top500_rank,True
PRISM,250,weighted,PHA-793887,PHA793887,4,3,3,0.21743589743589745,0.20769230769230773,-0.13307692307692306,0.2976923076923077,0.2841025641025641,TierA_strong_collateral,tested,30.0,0.027994401119776045,0.046821250555409616,5000,shared row-label permutation of full sensitivity matrix across all drugs/trajectories,6,6,6,5,6,6,0.21121794871794872,36.5,True,top100_weighted;top100_rank;top250_weighted;top250_rank;top500_weighted;top500_rank,True
PRISM,250,weighted,PHA-848125,PHA848125,4,1,1,-0.12433205222524252,0.24492378701882483,-0.240068845100249,0.09452068651593258,-0.016814449482056237,none,tested,1099.0,0.2535492901419716,0.2878885892327497,5000,shared row-label permutation of full sensitivity matrix across all drugs/trajectories,6,2,1,0,0,0,-0.029368840930427003,706.5,False,top100_weighted;top100_rank;top250_weighted;top250_rank;top500_weighted;top500_rank,False
PRISM,250,weighted,PI-103,PI103,4,3,3,0.08202341137123745,0.23979096989966553,-0.5269565217391303,0.19391304347826085,0.1217391304347826,none,tested,276.0,0.0001999600079984003,0.0003439312137572485,5000,shared row-label permutation of full sensitivity matrix across all drugs/trajectories,6,3,1,0,0,1,0.009272575250836114,531.5,False,top100_weighted;top100_rank;top250_weighted;top250_rank;top500_weighted;top500_rank,False
PRISM,250,weighted,PI3K-IN-2,PI3KIN2,4,1,0,-0.09683760683760682,0.24397435897435893,-0.3569230769230769,0.13846153846153847,-0.1769230769230769,none,tested,1005.0,0.0651869626074785,0.09465601433090287,5000,shared row-label permutation of full sensitivity matrix across all drugs/trajectories,6,0,0,0,0,0,-0.14403846153846153,1122.5,False,top100_weighted;top100_rank;top250_weighted;top250_rank;top500_weighted;top500_rank,False
PRISM,250,weighted,PIK-75,PIK75,4,1,1,-0.02230769230769231,0.11177350427350427,-0.22384615384615386,0.16786324786324786,-0.013076923076923076,none,tested,720.0,0.09918016396720655,0.1229458905266917,5000,shared row-label permutation of full sensitivity matrix across all drugs/trajectories,6,1,1,0,0,0,-0.0687179487179487,907.0,False,top100_weighted;top100_rank;top250_weighted;top250_rank;top500_weighted;top500_rank,False
PRISM,250,weighted,PJ-34,PJ34,4,2,2,0.0850790513833992,0.29384387351778657,-0.2727272727272727,0.33999999999999997,0.17885375494071146,none,tested,263.0,0.0001999600079984003,0.0003439312137572485,5000,shared row-label permutation of full sensitivity matrix across all drugs/trajectories,6,6,2,0,1,1,0.07707509881422925,255.5,True,top100_weighted;top100_rank;top250_weighted;top250_rank;top500_weighted;top500_rank,False
PRISM,250,weighted,PKI-179,PKI179,4,1,1,-0.12581939799331104,0.1091638795986622,-0.13826086956521738,0.268695652173913,-0.1208695652173913,none,tested,1104.0,0.0001999600079984003,0.0003439312137572485,5000,shared row-label permutation of full sensitivity matrix across all drugs/trajectories,6,1,0,0,0,0,-0.13399665551839465,1119.5,False,top100_weighted;top100_rank;top250_weighted;top250_rank;top500_weighted;top500_rank,False
PRISM,250,weighted,PLX-4720,PLX4720,4,3,3,0.10043478260869565,0.10198160535117055,-0.1252173913043478,0.1392307692307692,0.1243478260869565,TierB_moderate_candidate,tested,221.0,0.0001999600079984003,0.0003439312137572485,5000,shared row-label permutation of full sensitivity matrix across all drugs/trajectories,6,1,1,0,0,0,-0.02040969899665552,681.0,False,top100_weighted;top100_rank;top250_weighted;top250_rank;top500_weighted;top500_rank,False
PRISM,250,weighted,PP-1,PP1,4,2,1,-0.03719367588932805,0.28380434782608693,-0.2845849802371542,0.2598814229249012,-0.13565217391304346,none,tested,763.0,0.0001999600079984003,0.0003439312137572485,5000,shared row-label permutation of full sensitivity matrix across all drugs/trajectories,6,0,0,0,0,0,-0.1001086956521739,1020.0,False,top100_weighted;top100_rank;top250_weighted;top250_rank;top500_weighted;top500_rank,False
PRISM,250,weighted,PP-121,PP121,4,0,0,-0.11130434782608695,0.08046822742474917,-0.19230769230769232,-0.03217391304347826,-0.08434782608695651,none,tested,1060.0,0.0001999600079984003,0.0003439312137572485,5000,shared row-label permutation of full sensitivity matrix across all drugs/trajectories,6,0,0,0,0,0,-0.11043478260869564,1074.0,False,top100_weighted;top100_rank;top250_weighted;top250_rank;top500_weighted;top500_rank,False
PRISM,250,weighted,PP242,PP242,4,1,1,-0.16683760683760682,0.14991452991452991,-0.28205128205128205,0.02427350427350427,-0.11794871794871793,none,tested,1203.0,0.1277744451109778,0.1496690117161102,5000,shared row-label permutation of full sensitivity matrix across all drugs/trajectories,6,1,1,0,0,0,-0.08034188034188033,941.0,False,top100_weighted;top100_rank;top250_weighted;top250_rank;top500_weighted;top500_rank,False
PRISM,250,weighted,PPT,PPT,4,1,0,-0.09038461538461537,0.13423076923076924,-0.24,0.29000000000000004,-0.09153846153846153,none,tested,972.0,0.0657868426314737,0.09521591881406564,5000,shared row-label permutation of full sensitivity matrix across all drugs/trajectories,6,1,1,0,0,0,-0.04946581196581196,792.5,False,top100_weighted;top100_rank;top250_weighted;top250_rank;top500_weighted;top500_rank,False
PRISM,250,weighted,PR-619,PR619,4,1,1,-0.01235177865612648,0.05657114624505929,-0.09782608695652174,0.07213438735177866,-0.0029644268774703555,none,tested,676.0,0.0001999600079984003,0.0003439312137572485,5000,shared row-label permutation of full sensitivity matrix across all drugs/trajectories,6,3,2,0,1,1,-0.001551383399209486,578.5,False,top100_weighted;top100_rank;top250_weighted;top250_rank;top500_weighted;top500_rank,False
PRISM,250,weighted,PRT062070,PRT062070,4,1,1,-0.032905138339920946,0.241304347826087,-0.5148221343873518,0.28260869565217395,-0.004940711462450594,none,tested,748.0,0.0001999600079984003,0.0003439312137572485,5000,shared row-label permutation of full sensitivity matrix across all drugs/trajectories,6,5,3,0,1,3,0.063300395256917,297.0,True,top100_weighted;top100_rank;top250_weighted;top250_rank;top500_weighted;top500_rank,False
PRISM,250,weighted,PRT062607,PRT062607,4,0,0,-0.13042735042735043,0.20570512820512823,-0.2561538461538462,-0.016923076923076923,-0.2276923076923077,none,tested,1123.0,0.04979004199160168,0.07726440742119331,5000,shared row-label permutation of full sensitivity matrix across all drugs/trajectories,6,0,0,0,0,0,-0.1272863247863248,1100.5,False,top100_weighted;top100_rank;top250_weighted;top250_rank;top500_weighted;top500_rank,False
PRISM,250,weighted,PSB-1115,PSB1115,4,2,2,-0.004615384615384615,0.10557692307692307,-0.1746153846153846,0.18307692307692305,0.006153846153846154,none,tested,643.0,0.10717856428714258,0.12859498307359232,5000,shared row-label permutation of full sensitivity matrix across all drugs/trajectories,6,4,3,0,0,0,0.01903846153846154,489.0,True,top100_weighted;top100_rank;top250_weighted;top250_rank;top500_weighted;top500_rank,False
PRISM,250,weighted,PSI-7976,PSI7976,4,4,3,0.07740943267259057,0.15859535201640462,0.007518796992481202,0.3037593984962406,0.13376623376623376,none,tested,291.0,0.0001999600079984003,0.0003439312137572485,5000,shared row-label permutation of full sensitivity matrix across all drugs/trajectories,6,3,3,0,0,1,0.021326042378673964,499.0,False,top100_weighted;top100_rank;top250_weighted;top250_rank;top500_weighted;top500_rank,False
PRISM,250,weighted,PTC-209,PTC209,4,2,2,0.01202341137123746,0.18781772575250835,-0.2434782608695652,0.32608695652173914,0.04230769230769231,none,tested,554.0,0.0001999600079984003,0.0003439312137572485,5000,shared row-label permutation of full sensitivity matrix across all drugs/trajectories,6,5,0,0,0,1,0.015225752508361202,528.5,True,top100_weighted;top100_rank;top250_weighted;top250_rank;top500_weighted;top500_rank,False
PRISM,250,weighted,PU-H71,PUH71,4,2,2,-0.08160535117056855,0.17454849498327757,-0.16869565217391302,0.01217391304347826,0.004615384615384616,none,tested,952.0,0.0001999600079984003,0.0003439312137572485,5000,shared row-label permutation of full sensitivity matrix across all drugs/trajectories,6,0,0,0,0,0,-0.11993311036789296,1108.0,False,top100_weighted;top100_rank;top250_weighted;top250_rank;top500_weighted;top500_rank,False
PRISM,250,weighted,R306465,R306465,4,0,0,-0.21404682274247488,0.06346153846153851,-0.23043478260869563,-0.04,-0.22461538461538463,none,tested,1290.0,0.0001999600079984003,0.0003439312137572485,5000,shared row-label permutation of full sensitivity matrix across all drugs/trajectories,6,0,0,0,0,0,-0.16900501672240803,1233.5,False,top100_weighted;top100_rank;top250_weighted;top250_rank;top500_weighted;top500_rank,False
PRISM,250,weighted,R547,R547,4,3,3,0.22642574816487862,0.10700169395821571,-0.06154714850367025,0.2648221343873518,0.2433653303218521,TierA_strong_collateral,tested,23.0,0.0001999600079984003,0.0003439312137572485,5000,shared row-label permutation of full sensitivity matrix across all drugs/trajectories,6,6,4,1,2,5,0.13805759457933373,132.0,True,top100_weighted;top100_rank;top250_weighted;top250_rank;top500_weighted;top500_rank,True
PRISM,250,weighted,RAF265,RAF265,4,2,2,-0.014268774703557311,0.1501086956521739,-0.35177865612648224,0.06818181818181818,0.015810276679841896,none,tested,685.0,0.0001999600079984003,0.0003439312137572485,5000,shared row-label permutation of full sensitivity matrix across all drugs/trajectories,6,2,0,0,0,0,-0.011136363636363635,634.0,False,top100_weighted;top100_rank;top250_weighted;top250_rank;top500_weighted;top500_rank,False
PRISM,250,weighted,RG108,RG108,4,1,1,-0.0790513833992095,0.17616600790513837,-0.191699604743083,0.08608695652173912,-0.007905138339920948,none,tested,936.0,0.0001999600079984003,0.0003439312137572485,5000,shared row-label permutation of full sensitivity matrix across all drugs/trajectories,6,3,2,0,1,2,0.003339920948616598,585.0,False,top100_weighted;top100_rank;top250_weighted;top250_rank;top500_weighted;top500_rank,False
PRISM,250,weighted,RG2833,RG2833,4,2,2,0.002470355731225289,0.16494071146245057,-0.08794466403162056,0.3139130434782608,0.04545454545454545,none,tested,604.0,0.0001999600079984003,0.0003439312137572485,5000,shared row-label permutation of full sensitivity matrix across all drugs/trajectories,6,5,1,0,0,0,0.04397233201581027,375.5,True,top100_weighted;top100_rank;top250_weighted;top250_rank;top500_weighted;top500_rank,False
PRISM,250,weighted,RGFP966,RGFP966,4,2,2,0.11300395256916995,0.2993675889328063,-0.07312252964426878,0.2845849802371542,0.25296442687747034,none,tested,182.0,0.0001999600079984003,0.0003439312137572485,5000,shared row-label permutation of full sensitivity matrix across all drugs/trajectories,6,6,3,0,2,5,0.12866600790513832,148.5,True,top100_weighted;top100_rank;top250_weighted;top250_rank;top500_weighted;top500_rank,False
PRISM,250,weighted,RI-1,RI1,4,2,1,-0.007786561264822136,0.1457608695652174,-0.31719367588932806,0.09913043478260869,-0.03557312252964427,none,tested,655.0,0.0001999600079984003,0.0003439312137572485,5000,shared row-label permutation of full sensitivity matrix across all drugs/trajectories,6,1,0,0,0,0,-0.05914031620553359,848.5,False,top100_weighted;top100_rank;top250_weighted;top250_rank;top500_weighted;top500_rank,False
PRISM,250,weighted,RITA,RITA,4,3,2,0.10227106227106225,0.2807570207570207,-0.4140170940170939,0.31897435897435894,0.16727716727716724,TierB_moderate_candidate,tested,216.0,0.35632873425314937,0.3964826400329283,5000,shared row-label permutation of full sensitivity matrix across all drugs/trajectories,6,3,2,0,0,1,-0.009987789987789986,644.5,False,top100_weighted;top100_rank;top250_weighted;top250_rank;top500_weighted;top500_rank,False
PRISM,250,weighted,RKI-1447,RKI1447,4,3,3,0.010434782608695651,0.11195652173913041,-0.3217391304347825,0.09999999999999999,0.014782608695652172,none,tested,568.0,0.0001999600079984003,0.0003439312137572485,5000,shared row-label permutation of full sensitivity matrix across all drugs/trajectories,6,4,2,0,0,0,0.013478260869565214,536.0,True,top100_weighted;top100_rank;top250_weighted;top250_rank;top500_weighted;top500_rank,False
PRISM,250,weighted,RN-1734,RN1734,4,3,3,0.20304347826086955,0.2728929765886287,-0.13652173913043478,0.40461538461538454,0.29478260869565215,TierA_strong_collateral,tested,39.0,0.0001999600079984003,0.0003439312137572485,5000,shared row-label permutation of full sensitivity matrix across all drugs/trajectories,6,6,5,2,2,4,0.1207608695652174,159.0,True,top100_weighted;top100_rank;top250_weighted;top250_rank;top500_weighted;top500_rank,True
PRISM,250,weighted,RS-16566,RS16566,4,3,3,0.08988142292490119,0.14333992094861658,-0.08695652173913043,0.3853754940711462,0.10671936758893281,none,tested,252.0,0.0001999600079984003,0.0003439312137572485,5000,shared row-label permutation of full sensitivity matrix across all drugs/trajectories,6,3,2,0,1,1,0.0016897233201581055,569.0,False,top100_weighted;top100_rank;top250_weighted;top250_rank;top500_weighted;top500_rank,False
PRISM,250,weighted,RS-17053,RS17053,4,2,1,0.007411067193675889,0.14388057594579334,-0.12478825522303785,0.37662337662337664,-0.004940711462450594,none,tested,577.0,0.0001999600079984003,0.0003439312137572485,5000,shared row-label permutation of full sensitivity matrix across all drugs/trajectories,6,4,3,0,0,0,0.0316205533596838,454.0,True,top100_weighted;top100_rank;top250_weighted;top250_rank;top500_weighted;top500_rank,False
PRISM,250,weighted,RS-504393,RS504393,4,2,2,-0.0158102766798419,0.11910643704121966,-0.1518915866741954,0.03656126482213439,0.032185206098249576,none,tested,695.0,0.0001999600079984003,0.0003439312137572485,5000,shared row-label permutation of full sensitivity matrix across all drugs/trajectories,6,3,0,0,0,0,-0.0021527385657820475,587.5,False,top100_weighted;top100_rank;top250_weighted;top250_rank;top500_weighted;top500_rank,False
PRISM,250,weighted,RS-67506,RS67506,4,0,0,-0.07198996655518394,0.05798494983277591,-0.23826086956521736,-0.03130434782608695,-0.06782608695652173,none,tested,904.0,0.0001999600079984003,0.0003439312137572485,5000,shared row-label permutation of full sensitivity matrix across all drugs/trajectories,6,1,0,0,0,0,-0.06360367892976589,878.0,False,top100_weighted;top100_rank;top250_weighted;top250_rank;top500_weighted;top500_rank,False
PRISM,250,weighted,Ro-04-5595,RO045595,4,3,2,0.06749163879598662,0.19319397993311035,-0.1973913043478261,0.2695652173913043,0.01652173913043478,none,tested,319.0,0.0001999600079984003,0.0003439312137572485,5000,shared row-label permutation of full sensitivity matrix across all drugs/trajectories,6,5,2,0,0,0,0.06733277591973244,304.0,True,top100_weighted;top100_rank;top250_weighted;top250_rank;top500_weighted;top500_rank,False
PRISM,250,weighted,Ro-10-5824,RO105824,4,2,2,-0.010869565217391297,0.3586067193675889,-0.18873517786561267,0.22,0.1600790513833992,none,tested,667.0,0.0001999600079984003,0.0003439312137572485,5000,shared row-label permutation of full sensitivity matrix across all drugs/trajectories,6,4,0,0,0,0,0.008626482213438733,538.0,True,top100_weighted;top100_rank;top250_weighted;top250_rank;top500_weighted;top500_rank,False
PRISM,250,weighted,Ro-106-9920,RO1069920,4,2,2,-0.011806020066889626,0.16337792642140467,-0.1391304347826087,0.15739130434782608,0.04769230769230769,none,tested,673.0,0.0001999600079984003,0.0003439312137572485,5000,shared row-label permutation of full sensitivity matrix across all drugs/trajectories,6,4,0,0,0,0,0.030635451505016717,436.5,True,top100_weighted;top100_rank;top250_weighted;top250_rank;top500_weighted;top500_rank,False
PRISM,250,weighted,Ro-4987655,RO4987655,4,3,2,0.09094017094017093,0.1414163614163614,-0.4147008547008547,0.10378510378510379,0.08307692307692308,none,tested,250.0,0.4107178564287143,0.4535931256167988,5000,shared row-label permutation of full sensitivity matrix across all drugs/trajectories,6,2,2,0,0,0,-0.0647741147741148,898.5,False,top100_weighted;top100_rank;top250_weighted;top250_rank;top500_weighted;top500_rank,False
PRISM,250,weighted,Ro-90-7501,RO907501,4,3,3,0.1338932806324111,0.2634810841332581,-0.27724449463579903,0.43577075098814233,0.19071146245059292,TierB_moderate_candidate,tested,135.0,0.0001999600079984003,0.0003439312137572485,5000,shared row-label permutation of full sensitivity matrix across all drugs/trajectories,6,4,3,0,1,2,0.04076086956521739,404.5,True,top100_weighted;top100_rank;top250_weighted;top250_rank;top500_weighted;top500_rank,False
PRISM,250,weighted,Ro-9187,RO9187,4,2,2,-0.01217391304347826,0.11838628762541807,-0.3161538461538462,0.021739130434782605,0.010434782608695651,none,tested,674.0,0.0001999600079984003,0.0003439312137572485,5000,shared row-label permutation of full sensitivity matrix across all drugs/trajectories,6,2,1,0,0,0,-0.011521739130434779,629.0,False,top100_weighted;top100_rank;top250_weighted;top250_rank;top500_weighted;top500_rank,False
PRISM,250,weighted,S26948,S26948,4,0,0,-0.09240542066629023,0.07216261998870696,-0.24285714285714283,-0.033314511575381144,-0.07922077922077922,none,tested,984.0,0.0001999600079984003,0.0003439312137572485,5000,shared row-label permutation of full sensitivity matrix across all drugs/trajectories,6,1,0,0,0,0,-0.057495765104460764,815.5,False,top100_weighted;top100_rank;top250_weighted;top250_rank;top500_weighted;top500_rank,False
PRISM,250,weighted,SAR131675,SAR131675,4,0,0,-0.054644268774703554,0.15889328063241107,-0.42094861660079047,-0.008893280632411068,-0.09189723320158102,none,tested,834.0,0.0001999600079984003,0.0003439312137572485,5000,shared row-label permutation of full sensitivity matrix across all drugs/trajectories,6,0,0,0,0,0,-0.11147233201581025,1039.5,False,top100_weighted;top100_rank;top250_weighted;top250_rank;top500_weighted;top500_rank,False
PRISM,250,weighted,SB-200646,SB200646,4,2,2,0.03938735177865613,0.31295454545454543,-0.3577075098814229,0.23517786561264822,0.1492094861660079,none,tested,425.0,0.0001999600079984003,0.0003439312137572485,5000,shared row-label permutation of full sensitivity matrix across all drugs/trajectories,6,4,2,0,0,0,0.016709486166007908,501.5,True,top100_weighted;top100_rank;top250_weighted;top250_rank;top500_weighted;top500_rank,False
PRISM,250,weighted,SB-205384,SB205384,4,3,3,0.05064102564102564,0.19615384615384612,-0.3253846153846154,0.32615384615384607,0.07282051282051281,none,tested,375.0,0.08898220355928814,0.11538256551024424,5000,shared row-label permutation of full sensitivity matrix across all drugs/trajectories,6,3,1,0,0,0,-0.11017094017094017,922.0,False,top100_weighted;top100_rank;top250_weighted;top250_rank;top500_weighted;top500_rank,False
PRISM,250,weighted,SB-216641,SB216641,4,3,3,0.07552230378317334,0.14349237718802937,-0.25352907961603616,0.21626199887069456,0.09288537549407114,none,tested,298.0,0.0001999600079984003,0.0003439312137572485,5000,shared row-label permutation of full sensitivity matrix across all drugs/trajectories,6,6,6,0,0,3,0.10047289666854885,198.5,True,top100_weighted;top100_rank;top250_weighted;top250_rank;top500_weighted;top500_rank,True
PRISM,250,weighted,SB-218078,SB218078,4,0,0,-0.14846153846153845,0.09275641025641025,-0.2717948717948718,-0.048461538461538466,-0.12384615384615384,none,tested,1173.0,0.05058988202359528,0.07841431713657268,5000,shared row-label permutation of full sensitivity matrix across all drugs/trajectories,6,0,0,0,0,0,-0.14153846153846153,1151.0,False,top100_weighted;top100_rank;top250_weighted;top250_rank;top500_weighted;top500_rank,False
PRISM,250,weighted,SB-218795,SB218795,4,2,1,0.03380041011619958,0.21883116883116885,-0.11278195488721804,0.3337662337662338,-0.03766233766233767,none,tested,446.0,0.0001999600079984003,0.0003439312137572485,5000,shared row-label permutation of full sensitivity matrix across all drugs/trajectories,6,3,1,0,0,0,-0.0003759398496240608,567.0,False,top100_weighted;top100_rank;top250_weighted;top250_rank;top500_weighted;top500_rank,False
PRISM,250,weighted,SB-225002,SB225002,4,2,2,0.05913043478260869,0.16913879598662207,-0.09217391304347824,0.19307692307692306,0.1243478260869565,none,tested,347.0,0.0001999600079984003,0.0003439312137572485,5000,shared row-label permutation of full sensitivity matrix across all drugs/trajectories,6,6,2,0,0,0,0.057608695652173914,329.5,True,top100_weighted;top100_rank;top250_weighted;top250_rank;top500_weighted;top500_rank,False
PRISM,250,weighted,SB-228357,SB228357,4,1,1,-0.0012393162393162392,0.08677350427350428,-0.11076923076923079,0.23350427350427347,-0.0017094017094017092,none,tested,626.0,0.10837832433513298,0.1294518874002977,5000,shared row-label permutation of full sensitivity matrix across all drugs/trajectories,6,0,0,0,0,0,-0.027329059829059827,711.5,False,top100_weighted;top100_rank;top250_weighted;top250_rank;top500_weighted;top500_rank,False
PRISM,250,weighted,SB-2343,SB2343,4,1,1,-0.07406593406593406,0.16768009768009767,-0.19726495726495727,0.17059829059829057,-0.02358974358974359,none,tested,915.0,0.48830233953209357,0.5315702573770961,5000,shared row-label permutation of full sensitivity matrix across all drugs/trajectories,6,1,0,0,0,0,-0.07440781440781441,911.0,False,top100_weighted;top100_rank;top250_weighted;top250_rank;top500_weighted;top500_rank,False
PRISM,250,weighted,SB-239063,SB239063,4,0,0,-0.10961538461538461,0.06465811965811964,-0.18017094017094015,-0.06230769230769231,-0.13307692307692306,none,tested,1051.0,0.057788442311537694,0.08684553957303241,5000,shared row-label permutation of full sensitivity matrix across all drugs/trajectories,6,0,0,0,0,0,-0.1273076923076923,1116.5,False,top100_weighted;top100_rank;top250_weighted;top250_rank;top500_weighted;top500_rank,False
PRISM,250,weighted,SB-242235,SB242235,2,0,0,-0.3278195488721804,0.17443609022556386,-0.5022556390977443,-0.1533834586466165,-0.5022556390977443,none,tested,1329.0,0.0001999600079984003,0.0003439312137572485,5000,shared row-label permutation of full sensitivity matrix across all drugs/trajectories,6,0,0,0,0,0,-0.2120300751879699,1282.5,False,top100_weighted;top100_rank;top250_weighted;top250_rank;top500_weighted;top500_rank,False
PRISM,250,weighted,SB-366791,SB366791,4,2,2,-0.004920948616600796,0.2549703557312253,-0.25592885375494073,0.5622529644268774,0.02869565217391304,none,tested,645.0,0.0001999600079984003,0.0003439312137572485,5000,shared row-label permutation of full sensitivity matrix across all drugs/trajectories,6,0,0,0,0,0,-0.08077075098814229,918.0,False,top100_weighted;top100_rank;top250_weighted;top250_rank;top500_weighted;top500_rank,False
PRISM,250,weighted,SB-431542,SB431542,4,2,1,-0.025217391304347827,0.19638795986622073,-0.4707692307692308,0.04869565217391304,-0.06956521739130435,none,tested,729.0,0.0001999600079984003,0.0003439312137572485,5000,shared row-label permutation of full sensitivity matrix across all drugs/trajectories,6,0,0,0,0,0,-0.02282608695652174,707.5,False,top100_weighted;top100_rank;top250_weighted;top250_rank;top500_weighted;top500_rank,False
PRISM,250,weighted,SB-505124,SB505124,4,2,1,0.03757763975155279,0.20559006211180125,-0.4246753246753247,0.101072840203275,-0.011857707509881424,none,tested,432.0,0.0001999600079984003,0.0003439312137572485,5000,shared row-label permutation of full sensitivity matrix across all drugs/trajectories,6,2,0,0,0,0,-0.012323546019198203,644.5,False,top100_weighted;top100_rank;top250_weighted;top250_rank;top500_weighted;top500_rank,False
PRISM,250,weighted,SB-525334,SB525334,4,1,1,-0.09712027103331453,0.16918407679277245,-0.2233201581027668,0.08413325804630155,-0.15866741953698477,none,tested,1006.0,0.0001999600079984003,0.0003439312137572485,5000,shared row-label permutation of full sensitivity matrix across all drugs/trajectories,6,0,0,0,0,0,-0.10982495765104464,1068.0,False,top100_weighted;top100_rank;top250_weighted;top250_rank;top500_weighted;top500_rank,False
PRISM,250,weighted,SB-590885,SB590885,4,2,2,-0.00016939582156973425,0.18188876341050253,-0.24545454545454545,0.3896103896103896,0.015245623941276118,none,tested,622.0,0.0001999600079984003,0.0003439312137572485,5000,shared row-label permutation of full sensitivity matrix across all drugs/trajectories,6,5,2,0,0,1,0.0691699604743083,280.0,True,top100_weighted;top100_rank;top250_weighted;top250_rank;top500_weighted;top500_rank,False
PRISM,250,weighted,SB-657510,SB657510,4,3,2,0.11549407114624505,0.2367292490118577,-0.4189723320158103,0.2974308300395257,0.07707509881422926,TierB_moderate_candidate,tested,177.0,0.0001999600079984003,0.0003439312137572485,5000,shared row-label permutation of full sensitivity matrix across all drugs/trajectories,6,4,4,0,0,2,0.07916007905138339,261.0,True,top100_weighted;top100_rank;top250_weighted;top250_rank;top500_weighted;top500_rank,True
PRISM,250,weighted,SB-939,SB939,4,2,1,0.02961538461538462,0.21517094017094018,-0.23145299145299145,0.19769230769230767,-0.04230769230769231,none,tested,463.0,0.09398120375924815,0.11919785405430806,5000,shared row-label permutation of full sensitivity matrix across all drugs/trajectories,6,2,0,0,0,0,-0.05980769230769232,874.5,False,top100_weighted;top100_rank;top250_weighted;top250_rank;top500_weighted;top500_rank,False
PRISM,250,weighted,SC-12267,SC12267,4,2,2,-0.01849237718802936,0.2496470920383964,-0.49068322981366463,0.29870129870129875,0.016374929418407683,none,tested,705.0,0.0001999600079984003,0.0003439312137572485,5000,shared row-label permutation of full sensitivity matrix across all drugs/trajectories,6,4,2,0,0,2,0.038219932241671375,430.0,True,top100_weighted;top100_rank;top250_weighted;top250_rank;top500_weighted;top500_rank,False
PRISM,250,weighted,SC-144,SC144,4,3,3,0.19923076923076924,0.2530769230769231,-0.15384615384615383,0.43384615384615377,0.27,TierA_strong_collateral,tested,46.0,0.028594281143771244,0.04776463253715171,5000,shared row-label permutation of full sensitivity matrix across all drugs/trajectories,6,6,5,2,2,5,0.1367307692307692,132.5,True,top100_weighted;top100_rank;top250_weighted;top250_rank;top500_weighted;top500_rank,True
PRISM,250,weighted,SCH-58261,SCH58261,4,2,2,-0.03506493506493506,0.22507058159232074,-0.2275550536420102,0.1974025974025974,0.044155844155844164,none,tested,757.0,0.0001999600079984003,0.0003439312137572485,5000,shared row-label permutation of full sensitivity matrix across all drugs/trajectories,6,4,2,0,0,2,0.02854319593450028,463.0,True,top100_weighted;top100_rank;top250_weighted;top250_rank;top500_weighted;top500_rank,False
PRISM,250,weighted,SCH-900776,SCH900776,4,0,0,-0.19637363474665054,0.28539598390811705,-0.37080031353455245,-0.02360588989114789,-0.06397538274847327,none,tested,1265.0,0.06938612277544491,0.09871046068267669,5000,shared row-label permutation of full sensitivity matrix across all drugs/trajectories,6,1,1,0,0,0,-0.07982303722852468,923.0,False,top100_weighted;top100_rank;top250_weighted;top250_rank;top500_weighted;top500_rank,False
PRISM,250,weighted,SDZ-WAG-994,SDZWAG994,4,3,2,0.05486622073578595,0.21077759197324414,-0.1217391304347826,0.41826086956521735,0.10538461538461538,none,tested,359.0,0.0001999600079984003,0.0003439312137572485,5000,shared row-label permutation of full sensitivity matrix across all drugs/trajectories,6,2,1,0,0,0,-0.05478260869565217,848.5,False,top100_weighted;top100_rank;top250_weighted;top250_rank;top500_weighted;top500_rank,False
PRISM,250,weighted,SGI-1027,SGI1027,4,1,1,-0.14076923076923076,0.19615384615384612,-0.27999999999999997,0.13538461538461538,-0.07923076923076922,none,tested,1155.0,0.052589482103579284,0.08094893723333856,5000,shared row-label permutation of full sensitivity matrix across all drugs/trajectories,6,0,0,0,0,0,-0.13367521367521368,1136.0,False,top100_weighted;top100_rank;top250_weighted;top250_rank;top500_weighted;top500_rank,False
PRISM,250,weighted,SGI-1776,SGI1776,4,3,3,0.09239130434782608,0.23363636363636364,-0.008893280632411068,0.5017391304347826,0.16304347826086957,none,tested,247.0,0.0001999600079984003,0.0003439312137572485,5000,shared row-label permutation of full sensitivity matrix across all drugs/trajectories,6,6,3,0,1,2,0.09066205533596837,226.0,True,top100_weighted;top100_rank;top250_weighted;top250_rank;top500_weighted;top500_rank,False
PRISM,250,weighted,SKF-96365,SKF96365,4,1,1,-0.1806888763410503,0.1400691699604743,-0.26383399209486164,0.042348955392433656,-0.13833992094861663,none,tested,1237.0,0.0001999600079984003,0.0003439312137572485,5000,shared row-label permutation of full sensitivity matrix across all drugs/trajectories,6,1,0,0,0,0,-0.050783455674760024,810.0,False,top100_weighted;top100_rank;top250_weighted;top250_rank;top500_weighted;top500_rank,False
PRISM,250,weighted,SKI-II,SKIII,4,1,0,-0.04817725752508362,0.06882107023411371,-0.09739130434782609,0.09652173913043478,-0.06173913043478261,none,tested,806.0,0.0001999600079984003,0.0003439312137572485,5000,shared row-label permutation of full sensitivity matrix across all drugs/trajectories,6,0,0,0,0,0,-0.08085284280936456,940.0,False,top100_weighted;top100_rank;top250_weighted;top250_rank;top500_weighted;top500_rank,False
PRISM,250,weighted,SNS-314,SNS314,4,1,1,-0.09598290598290599,0.16589743589743589,-0.3507692307692308,0.2630769230769231,-0.10427350427350426,none,tested,996.0,0.07098580283943211,0.09960428966838211,5000,shared row-label permutation of full sensitivity matrix across all drugs/trajectories,6,1,1,0,0,1,-0.07987179487179487,947.0,False,top100_weighted;top100_rank;top250_weighted;top250_rank;top500_weighted;top500_rank,False
PRISM,250,weighted,SNX-2112,SNX2112,4,2,2,0.015384615384615385,0.33247863247863246,-0.30188034188034185,0.26905982905982906,0.14188034188034188,none,tested,537.0,0.8928214357128574,0.9088205242246745,5000,shared row-label permutation of full sensitivity matrix across all drugs/trajectories,6,5,2,0,0,0,0.02933455433455433,432.5,True,top100_weighted;top100_rank;top250_weighted;top250_rank;top500_weighted;top500_rank,False
PRISM,250,weighted,SNX-5422,SNX5422,4,3,3,0.08438127090301004,0.2411371237458194,-0.44,0.15391304347826085,0.14615384615384616,none,tested,267.0,0.0001999600079984003,0.0003439312137572485,5000,shared row-label permutation of full sensitivity matrix across all drugs/trajectories,6,4,2,0,0,0,0.049038461538461545,350.5,True,top100_weighted;top100_rank;top250_weighted;top250_rank;top500_weighted;top500_rank,False
PRISM,250,weighted,SR-27897,SR27897,4,2,2,0.09652173913043478,0.27178093645484946,-0.07043478260869565,0.2653846153846154,0.2217391304347826,none,tested,235.0,0.0001999600079984003,0.0003439312137572485,5000,shared row-label permutation of full sensitivity matrix across all drugs/trajectories,6,6,3,0,0,1,0.06347826086956522,276.5,True,top100_weighted;top100_rank;top250_weighted;top250_rank;top500_weighted;top500_rank,False
PRISM,250,weighted,SR-33805,SR33805,4,0,0,-0.18872909698996654,0.08678929765886287,-0.25304347826086954,-0.010434782608695651,-0.20615384615384616,none,tested,1255.0,0.0001999600079984003,0.0003439312137572485,5000,shared row-label permutation of full sensitivity matrix across all drugs/trajectories,6,0,0,0,0,0,-0.1955602006688963,1259.0,False,top100_weighted;top100_rank;top250_weighted;top250_rank;top500_weighted;top500_rank,False
PRISM,250,weighted,SR-57227A,SR57227A,4,0,0,-0.13869565217391305,0.13168896321070236,-0.22153846153846157,-0.046956521739130425,-0.08,none,tested,1149.0,0.0001999600079984003,0.0003439312137572485,5000,shared row-label permutation of full sensitivity matrix across all drugs/trajectories,6,0,0,0,0,0,-0.13391304347826088,1121.5,False,top100_weighted;top100_rank;top250_weighted;top250_rank;top500_weighted;top500_rank,False
PRISM,250,weighted,SRT1720,SRT1720,4,2,1,-0.030434782608695643,0.5012123745819397,-0.2539130434782608,0.43615384615384617,-0.2495652173913043,none,tested,743.0,0.0001999600079984003,0.0003439312137572485,5000,shared row-label permutation of full sensitivity matrix across all drugs/trajectories,6,0,0,0,0,0,-0.05369565217391303,803.5,False,top100_weighted;top100_rank;top250_weighted;top250_rank;top500_weighted;top500_rank,False
PRISM,250,weighted,STA-5326,STA5326,4,4,3,0.18290598290598287,0.16819291819291818,0.1275213675213675,0.47619047619047616,0.1288888888888889,TierA_strong_collateral,tested,60.0,0.09338132373525294,0.11891692204933657,5000,shared row-label permutation of full sensitivity matrix across all drugs/trajectories,6,6,6,0,4,6,0.1569230769230769,89.5,True,top100_weighted;top100_rank;top250_weighted;top250_rank;top500_weighted;top500_rank,False
PRISM,250,weighted,STF-118804,STF118804,4,2,2,-0.09538461538461537,0.2613888888888889,-0.3253846153846154,0.050940170940170934,0.016153846153846154,none,tested,992.0,0.0657868426314737,0.09521591881406564,5000,shared row-label permutation of full sensitivity matrix across all drugs/trajectories,6,0,0,0,0,0,-0.1377991452991453,1116.5,False,top100_weighted;top100_rank;top250_weighted;top250_rank;top500_weighted;top500_rank,False
PRISM,250,weighted,SU3327,SU3327,4,3,3,0.08653846153846154,0.244508547008547,-0.16307692307692304,0.31418803418803415,0.16999999999999998,none,tested,259.0,0.07438512297540492,0.10253916124737825,5000,shared row-label permutation of full sensitivity matrix across all drugs/trajectories,6,6,4,0,0,4,0.10711538461538461,173.0,True,top100_weighted;top100_rank;top250_weighted;top250_rank;top500_weighted;top500_rank,False
PRISM,250,weighted,TAK-285,TAK285,4,1,0,-0.1529503105590062,0.15905561829474876,-0.2173913043478261,0.09994353472614344,-0.20609824957651046,none,tested,1183.0,0.0001999600079984003,0.0003439312137572485,5000,shared row-label permutation of full sensitivity matrix across all drugs/trajectories,6,0,0,0,0,0,-0.1007905138339921,1029.0,False,top100_weighted;top100_rank;top250_weighted;top250_rank;top500_weighted;top500_rank,False
PRISM,250,weighted,TAK-632,TAK632,4,2,1,0.012140033879164316,0.15767927724449465,-0.24562394127611523,0.2207792207792208,-0.015245623941276118,none,tested,552.0,0.0001999600079984003,0.0003439312137572485,5000,shared row-label permutation of full sensitivity matrix across all drugs/trajectories,6,1,0,0,0,0,-0.02752682100508188,723.0,False,top100_weighted;top100_rank;top250_weighted;top250_rank;top500_weighted;top500_rank,False
PRISM,250,weighted,TAK-715,TAK715,4,2,1,0.004511278195488718,0.14323308270676688,-0.32631578947368417,0.048120300751879695,-0.02857142857142857,none,tested,591.0,0.0001999600079984003,0.0003439312137572485,5000,shared row-label permutation of full sensitivity matrix across all drugs/trajectories,6,4,3,0,0,0,0.025939849624060145,483.5,True,top100_weighted;top100_rank;top250_weighted;top250_rank;top500_weighted;top500_rank,False
PRISM,250,weighted,TAK-733,TAK733,4,3,2,0.0888034188034188,0.14301282051282052,-0.32846153846153847,0.19999999999999998,0.08153846153846152,none,tested,253.0,0.06758648270345931,0.0971874664980704,5000,shared row-label permutation of full sensitivity matrix across all drugs/trajectories,6,3,2,0,0,0,-0.004722222222222225,589.5,False,top100_weighted;top100_rank;top250_weighted;top250_rank;top500_weighted;top500_rank,False
PRISM,250,weighted,TAK-901,TAK901,4,3,3,0.016068376068376067,0.08429181929181928,-0.13914529914529913,0.14468864468864467,0.024957264957264955,none,tested,534.0,0.886622675464907,0.9042601579148593,5000,shared row-label permutation of full sensitivity matrix across all drugs/trajectories,6,5,4,0,1,3,0.057435897435897436,365.5,True,top100_weighted;top100_rank;top250_weighted;top250_rank;top500_weighted;top500_rank,False
PRISM,250,weighted,TAME,TAME,4,3,3,0.06640464798359534,0.21443950786056046,-0.31127819548872177,0.187012987012987,0.1263157894736842,none,tested,324.0,0.0001999600079984003,0.0003439312137572485,5000,shared row-label permutation of full sensitivity matrix across all drugs/trajectories,6,4,2,0,0,0,0.04007177033492823,395.5,True,top100_weighted;top100_rank;top250_weighted;top250_rank;top500_weighted;top500_rank,False
PRISM,250,weighted,TAS-103,TAS103,4,2,2,0.01090909090909091,0.2007806324110672,-0.3745059288537549,0.316205533596838,0.02964426877470356,none,tested,562.0,0.0001999600079984003,0.0003439312137572485,5000,shared row-label permutation of full sensitivity matrix across all drugs/trajectories,6,3,0,0,0,0,0.003666007905138338,584.5,False,top100_weighted;top100_rank;top250_weighted;top250_rank;top500_weighted;top500_rank,False
PRISM,250,weighted,TC1,TC1,4,1,1,-0.30152456239412767,0.45108695652173914,-0.5276679841897233,0.27724449463579903,-0.4680971202710334,none,tested,1326.0,0.0001999600079984003,0.0003439312137572485,5000,shared row-label permutation of full sensitivity matrix across all drugs/trajectories,6,0,0,0,0,0,-0.2369424054206663,1285.5,False,top100_weighted;top100_rank;top250_weighted;top250_rank;top500_weighted;top500_rank,False
PRISM,250,weighted,TG-02,TG02,4,0,0,-0.14175213675213674,0.0399358974358974,-0.15846153846153843,-0.06923076923076923,-0.13,none,tested,1158.0,0.047590481903619274,0.07463307338532293,5000,shared row-label permutation of full sensitivity matrix across all drugs/trajectories,6,1,0,0,0,0,-0.13087606837606836,1090.0,False,top100_weighted;top100_rank;top250_weighted;top250_rank;top500_weighted;top500_rank,False
PRISM,250,weighted,TG-100572,TG100572,4,1,1,-0.21672240802675585,0.15617056856187295,-0.3808695652173913,0.002608695652173913,-0.17652173913043476,none,tested,1292.0,0.0001999600079984003,0.0003439312137572485,5000,shared row-label permutation of full sensitivity matrix across all drugs/trajectories,6,0,0,0,0,0,-0.17096989966555184,1215.0,False,top100_weighted;top100_rank;top250_weighted;top250_rank;top500_weighted;top500_rank,False
PRISM,250,weighted,TG-100713,TG100713,4,3,2,0.0424901185770751,0.09274703557312253,-0.16347826086956518,0.11857707509881424,0.02766798418972332,none,tested,410.0,0.0001999600079984003,0.0003439312137572485,5000,shared row-label permutation of full sensitivity matrix across all drugs/trajectories,6,2,2,0,0,0,-0.0158102766798419,635.5,False,top100_weighted;top100_rank;top250_weighted;top250_rank;top500_weighted;top500_rank,False
PRISM,250,weighted,TG-101209,TG101209,4,0,0,-0.14692307692307693,0.13634615384615384,-0.31076923076923074,-0.03769230769230769,-0.10153846153846154,none,tested,1171.0,0.04779044191161767,0.07477072660585253,5000,shared row-label permutation of full sensitivity matrix across all drugs/trajectories,6,0,0,0,0,0,-0.13754273504273506,1121.0,False,top100_weighted;top100_rank;top250_weighted;top250_rank;top500_weighted;top500_rank,False
PRISM,250,weighted,TG-101348,TG101348,4,1,1,-0.048461538461538466,0.11463675213675215,-0.21615384615384614,0.03931623931623932,-0.014615384615384615,none,tested,809.0,0.08438312337532493,0.11225818708513785,5000,shared row-label permutation of full sensitivity matrix across all drugs/trajectories,6,1,0,0,0,0,-0.050427350427350436,798.0,False,top100_weighted;top100_rank;top250_weighted;top250_rank;top500_weighted;top500_rank,False
PRISM,250,weighted,TG100-115,TG100115,4,0,0,-0.18683794466403164,0.05966403162055339,-0.2806324110671937,-0.08300395256916995,-0.18,none,tested,1248.0,0.0001999600079984003,0.0003439312137572485,5000,shared row-label permutation of full sensitivity matrix across all drugs/trajectories,6,0,0,0,0,0,-0.13694664031620551,1122.5,False,top100_weighted;top100_rank;top250_weighted;top250_rank;top500_weighted;top500_rank,False
PRISM,250,weighted,TH-302,TH302,4,3,3,0.176371237458194,0.18064381270903013,-0.4434782608695652,0.2434782608695652,0.18230769230769234,TierA_strong_collateral,tested,70.0,0.0001999600079984003,0.0003439312137572485,5000,shared row-label permutation of full sensitivity matrix across all drugs/trajectories,6,4,3,0,1,2,0.022081939799331103,473.5,True,top100_weighted;top100_rank;top250_weighted;top250_rank;top500_weighted;top500_rank,False
PRISM,250,weighted,TMC-353121,TMC353121,4,1,1,-0.07521739130434782,0.1801086956521739,-0.22999999999999998,0.27391304347826084,-0.03913043478260869,none,tested,921.0,0.0001999600079984003,0.0003439312137572485,5000,shared row-label permutation of full sensitivity matrix across all drugs/trajectories,6,0,0,0,0,0,-0.1358695652173913,1135.5,False,top100_weighted;top100_rank;top250_weighted;top250_rank;top500_weighted;top500_rank,False
PRISM,250,weighted,TMS,TMS,4,1,1,-0.07531772575250836,0.08384615384615385,-0.1408695652173913,0.05565217391304347,-0.05217391304347826,none,tested,922.0,0.0001999600079984003,0.0003439312137572485,5000,shared row-label permutation of full sensitivity matrix across all drugs/trajectories,6,0,0,0,0,0,-0.04999999999999999,807.0,False,top100_weighted;top100_rank;top250_weighted;top250_rank;top500_weighted;top500_rank,False
PRISM,250,weighted,TPCA-1,TPCA1,4,0,0,-0.12846153846153846,0.163482905982906,-0.34384615384615386,-0.02222222222222222,-0.07307692307692308,none,tested,1113.0,0.04839032193561288,0.07526756025691012,5000,shared row-label permutation of full sensitivity matrix across all drugs/trajectories,6,0,0,0,0,0,-0.16401709401709402,1182.5,False,top100_weighted;top100_rank;top250_weighted;top250_rank;top500_weighted;top500_rank,False
PRISM,250,weighted,TU-2100,TU2100,4,3,3,0.11949832775919732,0.37249163879598657,-0.33826086956521734,0.48086956521739127,0.23130434782608694,TierB_moderate_candidate,tested,167.0,0.0001999600079984003,0.0003439312137572485,5000,shared row-label permutation of full sensitivity matrix across all drugs/trajectories,6,6,6,2,4,6,0.1902257525083612,64.5,True,top100_weighted;top100_rank;top250_weighted;top250_rank;top500_weighted;top500_rank,True
PRISM,250,weighted,TW-37,TW37,4,2,2,-0.01586080586080585,0.3541575091575091,-0.3497435897435897,0.35999999999999993,0.10195360195360195,none,tested,696.0,0.882623475304939,0.9015609904838955,5000,shared row-label permutation of full sensitivity matrix across all drugs/trajectories,6,2,0,0,0,0,-0.01971916971916971,693.5,False,top100_weighted;top100_rank;top250_weighted;top250_rank;top500_weighted;top500_rank,False
PRISM,250,weighted,TWS-119,TWS119,4,1,1,-0.14038461538461539,0.13489316239316237,-0.43111111111111106,0.036923076923076927,-0.1523076923076923,none,tested,1153.0,0.047390521895620874,0.07440702672186411,5000,shared row-label permutation of full sensitivity matrix across all drugs/trajectories,6,0,0,0,0,0,-0.09884615384615383,987.0,False,top100_weighted;top100_rank;top250_weighted;top250_rank;top500_weighted;top500_rank,False
PRISM,250,weighted,U-0126,U0126,4,1,1,-0.09336996336996337,0.16507326007326006,-0.20888888888888887,0.24649572649572649,-0.059218559218559216,none,tested,985.0,0.38192361527694463,0.42249309474204744,5000,shared row-label permutation of full sensitivity matrix across all drugs/trajectories,6,0,0,0,0,0,-0.19391330891330893,1195.5,False,top100_weighted;top100_rank;top250_weighted;top250_rank;top500_weighted;top500_rank,False
PRISM,250,weighted,U-18666A,U18666A,4,1,1,-0.1946822742474916,0.20188963210702338,-0.35913043478260864,0.3695652173913043,-0.1815384615384615,none,tested,1263.0,0.0001999600079984003,0.0003439312137572485,5000,shared row-label permutation of full sensitivity matrix across all drugs/trajectories,6,0,0,0,0,0,-0.2715969899665552,1314.0,False,top100_weighted;top100_rank;top250_weighted;top250_rank;top500_weighted;top500_rank,False
PRISM,250,weighted,UH-232-(+),UH232,4,1,1,-0.042687747035573126,0.09895539243365331,-0.1987012987012987,0.032467532467532464,-0.015245623941276118,none,tested,782.0,0.0001999600079984003,0.0003439312137572485,5000,shared row-label permutation of full sensitivity matrix across all drugs/trajectories,6,2,1,1,1,1,-0.01709486166007905,654.5,False,top100_weighted;top100_rank;top250_weighted;top250_rank;top500_weighted;top500_rank,False
PRISM,250,weighted,UK-383367,UK383367,4,3,3,0.02979242979242979,0.12827838827838828,-0.05025641025641025,0.3558974358974359,0.047619047619047616,none,tested,462.0,0.7806438712257548,0.8148772751322876,5000,shared row-label permutation of full sensitivity matrix across all drugs/trajectories,6,5,1,0,0,0,0.02977411477411477,439.0,True,top100_weighted;top100_rank;top250_weighted;top250_rank;top500_weighted;top500_rank,False
PRISM,250,weighted,UNBS-5162,UNBS5162,4,2,1,0.07525030525030524,0.24644078144078144,-0.1699145299145299,0.3094017094017094,-0.009157509157509158,none,tested,299.0,0.499500099980004,0.5422097990825288,5000,shared row-label permutation of full sensitivity matrix across all drugs/trajectories,6,2,1,0,0,0,-0.015641025641025638,667.0,False,top100_weighted;top100_rank;top250_weighted;top250_rank;top500_weighted;top500_rank,False
PRISM,250,weighted,UNC0631,UNC0631,4,2,2,0.0010869565217391302,0.09397233201581028,-0.2707509881422925,0.04644268774703557,0.010869565217391304,none,tested,609.0,0.0001999600079984003,0.0003439312137572485,5000,shared row-label permutation of full sensitivity matrix across all drugs/trajectories,6,4,1,0,0,0,0.006462450592885376,549.0,True,top100_weighted;top100_rank;top250_weighted;top250_rank;top500_weighted;top500_rank,False
PRISM,250,weighted,UNC2250,UNC2250,4,1,1,-0.10512820512820512,0.22076923076923077,-0.2953846153846154,0.36923076923076925,-0.06871794871794872,none,tested,1033.0,0.05638872225554889,0.08541609859846212,5000,shared row-label permutation of full sensitivity matrix across all drugs/trajectories,6,1,0,0,0,0,-0.11410256410256409,1072.0,False,top100_weighted;top100_rank;top250_weighted;top250_rank;top500_weighted;top500_rank,False
PRISM,250,weighted,VE-821,VE821,4,2,2,-0.021304347826086957,0.10725752508361203,-0.09076923076923075,0.04347826086956521,0.027826086956521737,none,tested,715.0,0.0001999600079984003,0.0003439312137572485,5000,shared row-label permutation of full sensitivity matrix across all drugs/trajectories,6,3,2,0,0,0,-0.0036956521739130426,581.5,False,top100_weighted;top100_rank;top250_weighted;top250_rank;top500_weighted;top500_rank,False
PRISM,250,weighted,VE-822,VE822,4,0,0,-0.1030769230769231,0.14824786324786327,-0.3507692307692308,-0.03931623931623932,-0.05615384615384616,none,tested,1024.0,0.0635872825434913,0.09294062240183543,5000,shared row-label permutation of full sensitivity matrix across all drugs/trajectories,6,1,0,0,0,0,-0.0933119658119658,991.5,False,top100_weighted;top100_rank;top250_weighted;top250_rank;top500_weighted;top500_rank,False
PRISM,250,weighted,VER-49009,VER49009,4,0,0,-0.1782943143812709,0.10396321070234113,-0.2939130434782608,-0.04521739130434782,-0.15043478260869564,none,tested,1231.0,0.0001999600079984003,0.0003439312137572485,5000,shared row-label permutation of full sensitivity matrix across all drugs/trajectories,6,0,0,0,0,0,-0.1531772575250836,1172.5,False,top100_weighted;top100_rank;top250_weighted;top250_rank;top500_weighted;top500_rank,False
PRISM,250,weighted,VLX600,VLX600,4,2,2,-0.0023076923076922884,0.522991452991453,-0.27384615384615385,0.27658119658119656,0.25461538461538463,none,tested,632.0,0.10777844431113777,0.12908235962870318,5000,shared row-label permutation of full sensitivity matrix across all drugs/trajectories,6,0,0,0,0,0,-0.10416666666666666,1067.5,False,top100_weighted;top100_rank;top250_weighted;top250_rank;top500_weighted;top500_rank,False
PRISM,250,weighted,VS-4718,VS4718,4,2,1,0.01826086956521739,0.25234113712374584,-0.36153846153846153,0.3921739130434782,-0.02434782608695652,none,tested,516.0,0.0001999600079984003,0.0003439312137572485,5000,shared row-label permutation of full sensitivity matrix across all drugs/trajectories,6,4,2,0,0,0,0.01043478260869565,544.0,True,top100_weighted;top100_rank;top250_weighted;top250_rank;top500_weighted;top500_rank,False
PRISM,250,weighted,VU0238429,VU0238429,4,1,1,-0.07207509881422924,0.336304347826087,-0.6689723320158103,0.5098814229249012,-0.04434782608695652,none,tested,905.0,0.0001999600079984003,0.0003439312137572485,5000,shared row-label permutation of full sensitivity matrix across all drugs/trajectories,6,4,0,0,0,1,0.018567193675889326,489.5,True,top100_weighted;top100_rank;top250_weighted;top250_rank;top500_weighted;top500_rank,False
PRISM,250,weighted,VU0361737,VU0361737,4,2,2,-0.030138339920948616,0.15640880858272166,-0.19480519480519481,0.06620553359683795,0.03063241106719368,none,tested,742.0,0.0001999600079984003,0.0003439312137572485,5000,shared row-label permutation of full sensitivity matrix across all drugs/trajectories,6,4,1,0,0,0,0.006317052512704689,540.0,True,top100_weighted;top100_rank;top250_weighted;top250_rank;top500_weighted;top500_rank,False
PRISM,250,weighted,VU0364770,VU0364770,4,1,1,-0.09560200668896321,0.26746655518394646,-0.19999999999999998,0.3008695652173913,-0.0007692307692307692,none,tested,994.0,0.0001999600079984003,0.0003439312137572485,5000,shared row-label permutation of full sensitivity matrix across all drugs/trajectories,6,1,0,0,0,0,-0.08498327759197324,964.0,False,top100_weighted;top100_rank;top250_weighted;top250_rank;top500_weighted;top500_rank,False
PRISM,250,weighted,VX-702,VX702,4,1,0,-0.1652991452991453,0.10717948717948717,-0.18384615384615385,0.1392307692307692,-0.1829059829059829,none,tested,1200.0,0.041191761647670466,0.06607535291978908,5000,shared row-label permutation of full sensitivity matrix across all drugs/trajectories,6,0,0,0,0,0,-0.1395940170940171,1120.5,False,top100_weighted;top100_rank;top250_weighted;top250_rank;top500_weighted;top500_rank,False
PRISM,250,weighted,VX-765,VX765,4,1,1,-0.15551282051282048,0.20826923076923073,-0.2623076923076923,0.057692307692307696,-0.24102564102564097,none,tested,1185.0,0.04399120175964807,0.06972683941214135,5000,shared row-label permutation of full sensitivity matrix across all drugs/trajectories,6,1,1,0,0,0,-0.05418803418803419,842.0,False,top100_weighted;top100_rank;top250_weighted;top250_rank;top500_weighted;top500_rank,False
PRISM,250,weighted,WAY-170523,WAY170523,4,3,3,0.2413247863247863,0.22333333333333333,-0.3546153846153846,0.28615384615384615,0.2834188034188034,TierA_strong_collateral,tested,15.0,0.02299540091981604,0.03875204731493651,5000,shared row-label permutation of full sensitivity matrix across all drugs/trajectories,6,6,5,2,4,5,0.16803418803418801,78.0,True,top100_weighted;top100_rank;top250_weighted;top250_rank;top500_weighted;top500_rank,True
PRISM,250,weighted,WAY-600,WAY600,4,2,1,-0.13025641025641024,0.3562087912087912,-0.4426129426129426,0.13709401709401706,-0.2711111111111111,none,tested,1122.0,0.22515496900619877,0.25740272185700086,5000,shared row-label permutation of full sensitivity matrix across all drugs/trajectories,6,0,0,0,0,0,-0.13179487179487182,1133.0,False,top100_weighted;top100_rank;top250_weighted;top250_rank;top500_weighted;top500_rank,False
PRISM,250,weighted,WHI-P154,WHIP154,4,4,3,0.13043478260869565,0.06856187290969898,0.05391304347826086,0.27076923076923076,0.13999999999999999,TierB_moderate_candidate,tested,142.0,0.0001999600079984003,0.0003439312137572485,5000,shared row-label permutation of full sensitivity matrix across all drugs/trajectories,6,5,5,0,1,4,0.12392140468227425,142.0,True,top100_weighted;top100_rank;top250_weighted;top250_rank;top500_weighted;top500_rank,True
PRISM,250,weighted,WP1066,WP1066,4,1,1,-0.11384615384615385,0.09346153846153846,-0.33076923076923076,0.043076923076923075,-0.11384615384615385,none,tested,1069.0,0.05658868226354729,0.0855246184323226,5000,shared row-label permutation of full sensitivity matrix across all drugs/trajectories,6,0,0,0,0,0,-0.1436111111111111,1155.5,False,top100_weighted;top100_rank;top250_weighted;top250_rank;top500_weighted;top500_rank,False
PRISM,250,weighted,WP1130,WP1130,4,1,1,-0.07173913043478261,0.19077759197324412,-0.3391304347826086,0.05615384615384616,-0.010434782608695651,none,tested,903.0,0.0001999600079984003,0.0003439312137572485,5000,shared row-label permutation of full sensitivity matrix across all drugs/trajectories,6,3,0,0,0,0,-0.013043478260869563,629.5,False,top100_weighted;top100_rank;top250_weighted;top250_rank;top500_weighted;top500_rank,False
PRISM,250,weighted,WYE-125132,WYE125132,4,1,1,-0.10991452991452992,0.12147435897435899,-0.24846153846153846,0.2323076923076923,-0.10905982905982906,none,tested,1054.0,0.05878824235152969,0.0879514332823671,5000,shared row-label permutation of full sensitivity matrix across all drugs/trajectories,6,0,0,0,0,0,-0.09224358974358975,984.5,False,top100_weighted;top100_rank;top250_weighted;top250_rank;top500_weighted;top500_rank,False
PRISM,250,weighted,WYE-354,WYE354,4,2,2,0.0015384615384615372,0.1127991452991453,-0.2053846153846154,0.09811965811965812,0.026153846153846153,none,tested,607.0,0.11217756448710257,0.1326820705069279,5000,shared row-label permutation of full sensitivity matrix across all drugs/trajectories,6,4,3,0,0,0,0.007307692307692307,560.5,True,top100_weighted;top100_rank;top250_weighted;top250_rank;top500_weighted;top500_rank,False
PRISM,250,weighted,WZ-3146,WZ3146,4,0,0,-0.11660079051383401,0.04692687747035573,-0.2381422924901186,-0.050434782608695654,-0.11660079051383401,none,tested,1080.0,0.0001999600079984003,0.0003439312137572485,5000,shared row-label permutation of full sensitivity matrix across all drugs/trajectories,6,0,0,0,0,0,-0.1492391304347826,1169.5,False,top100_weighted;top100_rank;top250_weighted;top250_rank;top500_weighted;top500_rank,False
PRISM,250,weighted,WZ-4002,WZ4002,4,2,1,0.04555555555555556,0.2925641025641026,-0.2884615384615385,0.19307692307692306,-0.06923076923076923,none,tested,396.0,0.09238152369526095,0.11806766163545816,5000,shared row-label permutation of full sensitivity matrix across all drugs/trajectories,6,6,0,0,0,0,0.022329059829059826,469.5,True,top100_weighted;top100_rank;top250_weighted;top250_rank;top500_weighted;top500_rank,False
PRISM,250,weighted,WZ8040,WZ8040,4,1,0,-0.22923076923076924,0.2517307692307692,-0.3384615384615385,0.16076923076923075,-0.31384615384615383,none,tested,1303.0,0.020595880823835233,0.034796336043310984,5000,shared row-label permutation of full sensitivity matrix across all drugs/trajectories,6,0,0,0,0,0,-0.2523076923076923,1309.0,False,top100_weighted;top100_rank;top250_weighted;top250_rank;top500_weighted;top500_rank,False
PRISM,250,weighted,XBD173,XBD173,4,1,1,-0.2552936194240542,0.36381281761716544,-0.4850367024280069,0.2625635234330887,-0.1373517786561265,none,tested,1313.0,0.0001999600079984003,0.0003439312137572485,5000,shared row-label permutation of full sensitivity matrix across all drugs/trajectories,6,0,0,0,0,0,-0.269339356295878,1317.5,False,top100_weighted;top100_rank;top250_weighted;top250_rank;top500_weighted;top500_rank,False
PRISM,250,weighted,XL-647,XL647,4,2,1,-0.029343848063963146,0.22000357481918634,-0.13899717503982548,0.3008594032774726,-0.10270346822387103,none,tested,739.0,0.09678064387122576,0.12159151581559277,5000,shared row-label permutation of full sensitivity matrix across all drugs/trajectories,6,2,0,0,0,0,-0.02355229910397042,699.0,False,top100_weighted;top100_rank;top250_weighted;top250_rank;top500_weighted;top500_rank,False
PRISM,250,weighted,XL388,XL388,4,3,2,0.017786561264822136,0.1650691699604743,-0.46956521739130425,0.17292490118577078,0.02075098814229249,none,tested,523.0,0.0001999600079984003,0.0003439312137572485,5000,shared row-label permutation of full sensitivity matrix across all drugs/trajectories,6,4,2,0,0,0,0.009140316205533598,532.0,True,top100_weighted;top100_rank;top250_weighted;top250_rank;top500_weighted;top500_rank,False
PRISM,250,weighted,XL888,XL888,4,3,3,0.09615384615384615,0.20666666666666664,-0.33384615384615385,0.42358974358974355,0.10769230769230768,none,tested,236.0,0.06798640271945611,0.09744717723122041,5000,shared row-label permutation of full sensitivity matrix across all drugs/trajectories,6,6,4,0,1,3,0.11096153846153846,181.0,True,top100_weighted;top100_rank;top250_weighted;top250_rank;top500_weighted;top500_rank,True
PRISM,250,weighted,Y-27632,Y27632,4,1,1,-0.18765886287625416,0.27220735785953176,-0.33739130434782605,0.28086956521739126,-0.10923076923076921,none,tested,1251.0,0.0001999600079984003,0.0003439312137572485,5000,shared row-label permutation of full sensitivity matrix across all drugs/trajectories,6,2,1,0,0,0,-0.11051003344481605,1053.0,False,top100_weighted;top100_rank;top250_weighted;top250_rank;top500_weighted;top500_rank,False
PRISM,250,weighted,Y-320,Y320,4,1,1,-0.09486166007905139,0.20483201581027669,-0.208498023715415,0.20173913043478262,-0.16304347826086957,none,tested,989.0,0.0001999600079984003,0.0003439312137572485,5000,shared row-label permutation of full sensitivity matrix across all drugs/trajectories,6,2,2,0,0,0,-0.07287549407114624,911.0,False,top100_weighted;top100_rank;top250_weighted;top250_rank;top500_weighted;top500_rank,False
PRISM,250,weighted,Y-39983,Y39983,4,3,2,0.12816239316239314,0.15205128205128204,-0.08307692307692309,0.2869230769230769,0.08846153846153845,TierB_moderate_candidate,tested,146.0,0.05398920215956809,0.08272138675713132,5000,shared row-label permutation of full sensitivity matrix across all drugs/trajectories,6,3,1,0,0,1,-0.0015384615384615424,575.5,False,top100_weighted;top100_rank;top250_weighted;top250_rank;top500_weighted;top500_rank,False
PRISM,250,weighted,YM-155,YM155,4,3,2,0.1476068376068376,0.35698717948717945,-0.11538461538461539,0.546923076923077,0.2752136752136752,TierB_moderate_candidate,tested,112.0,0.04839032193561288,0.07526756025691012,5000,shared row-label permutation of full sensitivity matrix across all drugs/trajectories,6,6,5,3,3,6,0.19837606837606836,64.0,True,top100_weighted;top100_rank;top250_weighted;top250_rank;top500_weighted;top500_rank,True
PRISM,250,weighted,YM-201636,YM201636,4,1,1,-0.013745819397993311,0.10459866220735783,-0.09043478260869564,0.3008695652173913,-0.009230769230769232,none,tested,683.0,0.0001999600079984003,0.0003439312137572485,5000,shared row-label permutation of full sensitivity matrix across all drugs/trajectories,6,3,1,0,0,0,-0.004280936454849499,621.5,False,top100_weighted;top100_rank;top250_weighted;top250_rank;top500_weighted;top500_rank,False
PRISM,250,weighted,YO-01027,YO01027,4,3,2,0.10153846153846154,0.2524581939799331,-0.34521739130434775,0.31384615384615383,0.043076923076923075,TierB_moderate_candidate,tested,218.0,0.0001999600079984003,0.0003439312137572485,5000,shared row-label permutation of full sensitivity matrix across all drugs/trajectories,6,6,4,2,2,2,0.08789297658862875,236.5,True,top100_weighted;top100_rank;top250_weighted;top250_rank;top500_weighted;top500_rank,True
PRISM,250,weighted,ZK-93423,ZK93423,4,3,3,0.07076923076923076,0.2828846153846154,-0.3676923076923077,0.3946153846153846,0.1323076923076923,none,tested,308.0,0.08138372325534893,0.10870190691320654,5000,shared row-label permutation of full sensitivity matrix across all drugs/trajectories,6,5,3,0,0,1,0.06833333333333333,316.5,True,top100_weighted;top100_rank;top250_weighted;top250_rank;top500_weighted;top500_rank,False
PRISM,250,weighted,ZK-93426,ZK93426,4,0,0,-0.13760683760683762,0.08955128205128204,-0.21615384615384614,-0.06615384615384615,-0.1029059829059829,none,tested,1143.0,0.04779044191161767,0.07477072660585253,5000,shared row-label permutation of full sensitivity matrix across all drugs/trajectories,6,0,0,0,0,0,-0.13726495726495727,1150.0,False,top100_weighted;top100_rank;top250_weighted;top250_rank;top500_weighted;top500_rank,False
PRISM,250,weighted,ZK811752,ZK811752,4,1,1,-0.1664957264957265,0.21313797313797314,-0.3626373626373626,0.10427350427350426,-0.23076923076923075,none,tested,1202.0,0.12077584483103379,0.14197019502625047,5000,shared row-label permutation of full sensitivity matrix across all drugs/trajectories,6,0,0,0,0,0,-0.13538461538461538,1100.0,False,top100_weighted;top100_rank;top250_weighted;top250_rank;top500_weighted;top500_rank,False
PRISM,250,weighted,ZM-306416,ZM306416,4,2,1,-0.0056521739130434845,0.44008361204013374,-0.23076923076923078,0.23826086956521736,-0.2208695652173913,none,tested,647.0,0.0001999600079984003,0.0003439312137572485,5000,shared row-label permutation of full sensitivity matrix across all drugs/trajectories,6,1,1,0,1,1,-0.08869565217391304,925.0,False,top100_weighted;top100_rank;top250_weighted;top250_rank;top500_weighted;top500_rank,False
PRISM,250,weighted,ZM-447439,ZM447439,4,1,1,-0.159314381270903,0.18841973244147153,-0.36,0.18086956521739128,-0.12384615384615384,none,tested,1189.0,0.0001999600079984003,0.0003439312137572485,5000,shared row-label permutation of full sensitivity matrix across all drugs/trajectories,6,1,1,0,0,0,-0.05442307692307692,819.5,False,top100_weighted;top100_rank;top250_weighted;top250_rank;top500_weighted;top500_rank,False
PRISM,250,weighted,ZSTK-474,ZSTK474,4,1,0,-0.0823076923076923,0.06480769230769232,-0.16923076923076924,0.057692307692307696,-0.0876923076923077,none,tested,953.0,0.07418516296740651,0.10236938119622452,5000,shared row-label permutation of full sensitivity matrix across all drugs/trajectories,6,0,0,0,0,0,-0.11950854700854702,1114.5,False,top100_weighted;top100_rank;top250_weighted;top250_rank;top500_weighted;top500_rank,False
PRISM,250,weighted,abemaciclib,ABEMACICLIB,4,3,2,0.018142329581447222,0.13844415196364437,-0.2947602833514212,0.16466078051931857,0.033868253578753504,none,tested,518.0,0.8648270345930814,0.8867803362404442,5000,shared row-label permutation of full sensitivity matrix across all drugs/trajectories,6,5,3,0,0,0,0.017064280725414764,515.5,True,top100_weighted;top100_rank;top250_weighted;top250_rank;top500_weighted;top500_rank,False
PRISM,250,weighted,abiraterone,ABIRATERONE,4,3,3,0.09980237154150197,0.07604743083003952,-0.1798418972332016,0.1243478260869565,0.09980237154150197,none,tested,222.0,0.0001999600079984003,0.0003439312137572485,5000,shared row-label permutation of full sensitivity matrix across all drugs/trajectories,6,5,4,0,2,3,0.11240118577075098,188.0,True,top100_weighted;top100_rank;top250_weighted;top250_rank;top500_weighted;top500_rank,True
PRISM,250,weighted,acesulfame-potassium,ACESULFAMEPOTASSIUM,4,2,1,-0.05249163879598663,0.22880434782608694,-0.15478260869565216,0.18461538461538463,-0.14846153846153848,none,tested,828.0,0.0001999600079984003,0.0003439312137572485,5000,shared row-label permutation of full sensitivity matrix across all drugs/trajectories,6,4,2,0,1,1,0.027508361204013378,444.5,True,top100_weighted;top100_rank;top250_weighted;top250_rank;top500_weighted;top500_rank,False
PRISM,250,weighted,acetazolamide,ACETAZOLAMIDE,4,1,1,-0.0815217391304348,0.18405138339920948,-0.29545454545454547,0.02869565217391304,-0.012845849802371542,none,tested,950.0,0.0001999600079984003,0.0003439312137572485,5000,shared row-label permutation of full sensitivity matrix across all drugs/trajectories,6,0,0,0,0,0,-0.09135375494071146,1002.0,False,top100_weighted;top100_rank;top250_weighted;top250_rank;top500_weighted;top500_rank,False
PRISM,250,weighted,acetylcysteine,ACETYLCYSTEINE,4,2,2,0.000685618729096997,0.2525501672240803,-0.3017391304347826,0.13565217391304346,0.09615384615384616,none,tested,613.0,0.0001999600079984003,0.0003439312137572485,5000,shared row-label permutation of full sensitivity matrix across all drugs/trajectories,6,6,3,0,1,3,0.0842725752508361,250.0,True,top100_weighted;top100_rank;top250_weighted;top250_rank;top500_weighted;top500_rank,False
PRISM,250,weighted,acetylsalicylsalicylic-acid,ACETYLSALICYLSALICYLICACID,4,3,3,0.1048829431438127,0.1092809364548495,-0.04434782608695652,0.19130434782608693,0.13846153846153847,TierB_moderate_candidate,tested,206.0,0.0001999600079984003,0.0003439312137572485,5000,shared row-label permutation of full sensitivity matrix across all drugs/trajectories,6,5,5,0,1,2,0.08270066889632106,260.5,True,top100_weighted;top100_rank;top250_weighted;top250_rank;top500_weighted;top500_rank,True
PRISM,250,weighted,acipimox,ACIPIMOX,4,2,1,-0.012307692307692311,0.20288461538461539,-0.3376923076923077,0.15999999999999998,-0.06461538461538462,none,tested,675.0,0.09998000399920016,0.1229458905266917,5000,shared row-label permutation of full sensitivity matrix across all drugs/trajectories,6,2,0,0,0,0,-0.037820512820512825,785.5,False,top100_weighted;top100_rank;top250_weighted;top250_rank;top500_weighted;top500_rank,False
PRISM,250,weighted,acivicin,ACIVICIN,4,0,0,-0.18802936194240544,0.12157679277244499,-0.4100790513833992,-0.025409373235460195,-0.17108977978543197,none,tested,1252.0,0.0001999600079984003,0.0003439312137572485,5000,shared row-label permutation of full sensitivity matrix across all drugs/trajectories,6,0,0,0,0,0,-0.08949745906267646,977.0,False,top100_weighted;top100_rank;top250_weighted;top250_rank;top500_weighted;top500_rank,False
PRISM,250,weighted,adapalene,ADAPALENE,4,2,1,-0.02,0.22496655518394648,-0.10769230769230768,0.4478260869565217,-0.07739130434782608,none,tested,710.0,0.0001999600079984003,0.0003439312137572485,5000,shared row-label permutation of full sensitivity matrix across all drugs/trajectories,6,5,2,0,1,1,0.06999999999999998,277.0,True,top100_weighted;top100_rank;top250_weighted;top250_rank;top500_weighted;top500_rank,False
PRISM,250,weighted,adaprev,ADAPREV,4,1,1,-0.07871794871794871,0.17096153846153847,-0.2076923076923077,0.43769230769230766,-0.0723076923076923,none,tested,935.0,0.07018596280743851,0.09921303120075878,5000,shared row-label permutation of full sensitivity matrix across all drugs/trajectories,6,1,0,0,0,0,-0.07307692307692307,906.0,False,top100_weighted;top100_rank;top250_weighted;top250_rank;top500_weighted;top500_rank,False
PRISM,250,weighted,adefovir-dipivoxil,ADEFOVIRDIPIVOXIL,4,2,1,-0.10887351778656125,0.31227272727272726,-0.37549407114624506,0.10770750988142294,-0.23652173913043475,none,tested,1046.0,0.0001999600079984003,0.0003439312137572485,5000,shared row-label permutation of full sensitivity matrix across all drugs/trajectories,6,1,0,0,0,0,-0.12710474308300393,1096.5,False,top100_weighted;top100_rank;top250_weighted;top250_rank;top500_weighted;top500_rank,False
PRISM,250,weighted,afatinib,AFATINIB,4,2,1,0.03991116202207507,0.2701010057827665,-0.2571209383901563,0.16069393990609082,-0.07052036211706143,none,tested,423.0,0.08998200359928014,0.11633948670983553,5000,shared row-label permutation of full sensitivity matrix across all drugs/trajectories,6,2,0,0,0,0,-0.10723997161609168,1074.5,False,top100_weighted;top100_rank;top250_weighted;top250_rank;top500_weighted;top500_rank,False
PRISM,250,weighted,afobazole,AFOBAZOLE,4,2,1,-0.07772727272727271,0.17884387351778655,-0.18379446640316205,0.011857707509881422,-0.1643478260869565,none,tested,933.0,0.0001999600079984003,0.0003439312137572485,5000,shared row-label permutation of full sensitivity matrix across all drugs/trajectories,6,0,0,0,0,0,-0.06233201581027668,872.0,False,top100_weighted;top100_rank;top250_weighted;top250_rank;top500_weighted;top500_rank,False
PRISM,250,weighted,ajmaline,AJMALINE,4,3,2,0.10300751879699246,0.13127136021872862,-0.10977443609022557,0.2935064935064935,0.12330827067669171,TierB_moderate_candidate,tested,212.0,0.0001999600079984003,0.0003439312137572485,5000,shared row-label permutation of full sensitivity matrix across all drugs/trajectories,6,6,5,0,0,2,0.07783663704716334,252.5,True,top100_weighted;top100_rank;top250_weighted;top250_rank;top500_weighted;top500_rank,True
PRISM,250,weighted,albendazole,ALBENDAZOLE,4,2,2,0.003478260869565217,0.16024247491638793,-0.34434782608695647,0.11923076923076922,0.03304347826086956,none,tested,600.0,0.0001999600079984003,0.0003439312137572485,5000,shared row-label permutation of full sensitivity matrix across all drugs/trajectories,6,2,0,0,0,0,-0.04804347826086956,796.5,False,top100_weighted;top100_rank;top250_weighted;top250_rank;top500_weighted;top500_rank,False
PRISM,250,weighted,alectinib,ALECTINIB,4,3,3,0.1105459462015308,0.26156005625941725,-0.21547140185221866,0.32320710277832804,0.1951395662693845,TierB_moderate_candidate,tested,187.0,0.05858828234353129,0.0877507644538508,5000,shared row-label permutation of full sensitivity matrix across all drugs/trajectories,6,5,2,0,1,3,0.08361143908481217,239.5,True,top100_weighted;top100_rank;top250_weighted;top250_rank;top500_weighted;top500_rank,False
PRISM,250,weighted,alexidine,ALEXIDINE,4,2,1,0.025702075702075694,0.12965201465201465,-0.1911111111111111,0.08170940170940172,-0.015262515262515262,none,tested,480.0,0.8140371925614877,0.8451024748321364,5000,shared row-label permutation of full sensitivity matrix across all drugs/trajectories,6,4,1,0,0,0,0.011727716727716726,508.5,True,top100_weighted;top100_rank;top250_weighted;top250_rank;top500_weighted;top500_rank,False
PRISM,250,weighted,alfacalcidol,ALFACALCIDOL,4,2,2,0.048461538461538445,0.3544230769230769,-0.5084615384615384,0.25846153846153846,0.1569230769230769,none,tested,385.0,0.08858228354329134,0.11538256551024424,5000,shared row-label permutation of full sensitivity matrix across all drugs/trajectories,6,3,2,0,0,1,0.007521367521367509,556.0,False,top100_weighted;top100_rank;top250_weighted;top250_rank;top500_weighted;top500_rank,False
PRISM,250,weighted,alisertib,ALISERTIB,4,1,1,-0.05666666666666666,0.17277777777777778,-0.3757264957264957,0.10358974358974359,-0.021367521367521368,none,tested,847.0,0.6124775044991002,0.6510626104444183,5000,shared row-label permutation of full sensitivity matrix across all drugs/trajectories,6,1,0,0,0,0,-0.10852869352869352,1055.0,False,top100_weighted;top100_rank;top250_weighted;top250_rank;top500_weighted;top500_rank,False
PRISM,250,weighted,almorexant,ALMOREXANT,4,0,0,-0.2070158102766798,0.09458498023715414,-0.2834782608695652,-0.05632411067193676,-0.1818181818181818,none,tested,1285.0,0.0001999600079984003,0.0003439312137572485,5000,shared row-label permutation of full sensitivity matrix across all drugs/trajectories,6,0,0,0,0,0,-0.10622529644268774,1046.5,False,top100_weighted;top100_rank;top250_weighted;top250_rank;top500_weighted;top500_rank,False
PRISM,250,weighted,alpelisib,ALPELISIB,4,3,2,0.11045028985336078,0.2125489488796391,-0.2923967984777513,0.29636520476776707,0.0668779911411878,TierB_moderate_candidate,tested,188.0,0.0595880823835233,0.08845313342676676,5000,shared row-label permutation of full sensitivity matrix across all drugs/trajectories,6,2,2,0,0,1,-0.0497173691719766,801.0,False,top100_weighted;top100_rank;top250_weighted;top250_rank;top500_weighted;top500_rank,False
PRISM,250,weighted,alvespimycin,ALVESPIMYCIN,4,4,3,0.1610931280358356,0.15940309248188583,0.020996578614093844,0.25195894336912616,0.22886812889792077,TierA_strong_collateral,tested,92.0,0.04239152169566087,0.06751242344123769,5000,shared row-label permutation of full sensitivity matrix across all drugs/trajectories,6,6,6,0,4,5,0.15428684491139538,85.5,True,top100_weighted;top100_rank;top250_weighted;top250_rank;top500_weighted;top500_rank,True
PRISM,250,weighted,alvocidib,ALVOCIDIB,4,1,0,-0.3453846153846154,0.30365384615384616,-0.5015384615384615,0.21000000000000002,-0.42923076923076925,none,tested,1332.0,0.004799040191961607,0.008243712082325803,5000,shared row-label permutation of full sensitivity matrix across all drugs/trajectories,6,0,0,0,0,0,-0.25767094017094017,1287.5,False,top100_weighted;top100_rank;top250_weighted;top250_rank;top500_weighted;top500_rank,False
PRISM,250,weighted,ambazone,AMBAZONE,4,1,1,-0.047430830039525695,0.13068181818181818,-0.08300395256916995,0.2855731225296443,-0.021739130434782605,none,tested,802.0,0.0001999600079984003,0.0003439312137572485,5000,shared row-label permutation of full sensitivity matrix across all drugs/trajectories,6,0,0,0,0,0,-0.08705533596837944,933.0,False,top100_weighted;top100_rank;top250_weighted;top250_rank;top500_weighted;top500_rank,False
PRISM,250,weighted,amfenac,AMFENAC,4,2,2,0.04154150197628459,0.2989723320158103,-0.19861660079051385,0.641304347826087,0.10086956521739131,none,tested,415.0,0.0001999600079984003,0.0003439312137572485,5000,shared row-label permutation of full sensitivity matrix across all drugs/trajectories,6,5,2,0,0,1,0.0458695652173913,372.0,True,top100_weighted;top100_rank;top250_weighted;top250_rank;top500_weighted;top500_rank,False
PRISM,250,weighted,aminoglutethimide,AMINOGLUTETHIMIDE,4,2,1,-0.10898022486959222,0.40625215463550873,-0.3180453197079301,0.3075718185100839,-0.2755454715902624,none,tested,1047.0,0.3131373725254949,0.3522465127227719,5000,shared row-label permutation of full sensitivity matrix across all drugs/trajectories,6,0,0,0,0,0,-0.17068478475588694,1201.0,False,top100_weighted;top100_rank;top250_weighted;top250_rank;top500_weighted;top500_rank,False
PRISM,250,weighted,aminopurvalanol-a,AMINOPURVALANOLA,4,2,1,0.01692307692307692,0.22225752508361202,-0.2452173913043478,0.17304347826086955,-0.061538461538461535,none,tested,530.0,0.0001999600079984003,0.0003439312137572485,5000,shared row-label permutation of full sensitivity matrix across all drugs/trajectories,6,1,0,0,0,0,-0.07019230769230769,898.5,False,top100_weighted;top100_rank;top250_weighted;top250_rank;top500_weighted;top500_rank,False
PRISM,250,weighted,amisulpride,AMISULPRIDE,4,2,2,0.010612648221343876,0.1928260869565217,-0.05434782608695652,0.37154150197628455,0.06818181818181818,none,tested,567.0,0.0001999600079984003,0.0003439312137572485,5000,shared row-label permutation of full sensitivity matrix across all drugs/trajectories,6,6,4,0,0,1,0.06154150197628458,305.5,True,top100_weighted;top100_rank;top250_weighted;top250_rank;top500_weighted;top500_rank,False
PRISM,250,weighted,ammonium-lactate,AMMONIUMLACTATE,4,2,1,-0.0423076923076923,0.20521367521367517,-0.15008547008547007,0.12153846153846154,-0.13384615384615384,none,tested,778.0,0.09778044391121776,0.12215682449264599,5000,shared row-label permutation of full sensitivity matrix across all drugs/trajectories,6,5,3,1,3,3,0.10762820512820512,211.5,True,top100_weighted;top100_rank;top250_weighted;top250_rank;top500_weighted;top500_rank,False
PRISM,250,weighted,amonafide,AMONAFIDE,4,1,1,-0.08726495726495727,0.18976495726495726,-0.3130769230769231,0.24034188034188034,-0.05299145299145299,none,tested,968.0,0.06978604279144171,0.09885738048989565,5000,shared row-label permutation of full sensitivity matrix across all drugs/trajectories,6,0,0,0,0,0,-0.0716880341880342,910.0,False,top100_weighted;top100_rank;top250_weighted;top250_rank;top500_weighted;top500_rank,False
PRISM,250,weighted,amoxicillin,AMOXICILLIN,4,1,1,-0.10375494071146246,0.11688735177865614,-0.13652173913043478,0.3073122529644269,-0.10770750988142294,none,tested,1027.0,0.0001999600079984003,0.0003439312137572485,5000,shared row-label permutation of full sensitivity matrix across all drugs/trajectories,6,2,1,0,0,1,-0.020256916996047432,664.0,False,top100_weighted;top100_rank;top250_weighted;top250_rank;top500_weighted;top500_rank,False
PRISM,250,weighted,amprolium,AMPROLIUM,4,2,2,0.03585544889892719,0.33748588368153587,-0.339356295878035,0.22628458498023715,0.16657255787690575,none,tested,437.0,0.0001999600079984003,0.0003439312137572485,5000,shared row-label permutation of full sensitivity matrix across all drugs/trajectories,6,2,1,0,0,1,-0.02537408243929982,700.0,False,top100_weighted;top100_rank;top250_weighted;top250_rank;top500_weighted;top500_rank,False
PRISM,250,weighted,amsacrine,AMSACRINE,4,2,2,0.03610954263128177,0.3255928853754941,-0.39350649350649347,0.24805194805194808,0.14624505928853757,none,tested,435.0,0.0001999600079984003,0.0003439312137572485,5000,shared row-label permutation of full sensitivity matrix across all drugs/trajectories,6,3,1,0,0,0,-0.04555335968379446,759.5,False,top100_weighted;top100_rank;top250_weighted;top250_rank;top500_weighted;top500_rank,False
PRISM,250,weighted,anagrelide,ANAGRELIDE,4,1,1,-0.08613026325636608,0.04929901277680285,-0.10547245584198914,0.05576463843850878,-0.092123422727485,none,tested,962.0,0.41611677664467106,0.45917521793654514,5000,shared row-label permutation of full sensitivity matrix across all drugs/trajectories,6,0,0,0,0,0,-0.06711555609585305,893.0,False,top100_weighted;top100_rank;top250_weighted;top250_rank;top500_weighted;top500_rank,False
PRISM,250,weighted,anastrozole,ANASTROZOLE,4,2,2,0.008988380041011615,0.2406527682843472,-0.1609022556390977,0.1789473684210526,0.11278195488721804,none,tested,572.0,0.0001999600079984003,0.0003439312137572485,5000,shared row-label permutation of full sensitivity matrix across all drugs/trajectories,6,5,2,0,0,1,0.04107997265892002,397.5,True,top100_weighted;top100_rank;top250_weighted;top250_rank;top500_weighted;top500_rank,False
PRISM,250,weighted,anguidine,ANGUIDINE,4,2,2,0.02149572649572648,0.3403205128205128,-0.2776923076923077,0.19307692307692306,0.1699145299145299,none,tested,499.0,0.09998000399920016,0.1229458905266917,5000,shared row-label permutation of full sensitivity matrix across all drugs/trajectories,6,6,0,0,0,0,0.0325,424.0,True,top100_weighted;top100_rank;top250_weighted;top250_rank;top500_weighted;top500_rank,False
PRISM,250,weighted,anisomycin,ANISOMYCIN,4,2,2,0.020618729096989974,0.4349414715719063,-0.27999999999999997,0.2791304347826086,0.21739130434782608,none,tested,504.0,0.0001999600079984003,0.0003439312137572485,5000,shared row-label permutation of full sensitivity matrix across all drugs/trajectories,6,5,1,0,1,1,0.03265886287625418,431.5,True,top100_weighted;top100_rank;top250_weighted;top250_rank;top500_weighted;top500_rank,False
PRISM,250,weighted,apatinib,APATINIB,4,1,1,-0.11202341137123745,0.1681438127090301,-0.2008695652173913,0.16999999999999998,-0.1623076923076923,none,tested,1063.0,0.0001999600079984003,0.0003439312137572485,5000,shared row-label permutation of full sensitivity matrix across all drugs/trajectories,6,0,0,0,0,0,-0.09571070234113711,1002.0,False,top100_weighted;top100_rank;top250_weighted;top250_rank;top500_weighted;top500_rank,False
PRISM,250,weighted,aphidicolin,APHIDICOLIN,4,0,0,-0.13555183946488292,0.07145484949832773,-0.23304347826086955,-0.03130434782608695,-0.12153846153846154,none,tested,1135.0,0.0001999600079984003,0.0003439312137572485,5000,shared row-label permutation of full sensitivity matrix across all drugs/trajectories,6,0,0,0,0,0,-0.17819397993311034,1238.5,False,top100_weighted;top100_rank;top250_weighted;top250_rank;top500_weighted;top500_rank,False
PRISM,250,weighted,arctigenin,ARCTIGENIN,4,3,3,0.26692307692307693,0.24995726495726497,-0.15692307692307692,0.4782905982905982,0.3276923076923077,TierA_strong_collateral,tested,10.0,0.016396720655868825,0.027914212815163656,5000,shared row-label permutation of full sensitivity matrix across all drugs/trajectories,6,6,3,3,3,4,0.17608974358974358,92.5,True,top100_weighted;top100_rank;top250_weighted;top250_rank;top500_weighted;top500_rank,False
PRISM,250,weighted,arcyriaflavin-a,ARCYRIAFLAVINA,4,2,2,0.03478260869565217,0.27410535117056856,-0.46076923076923076,0.1243478260869565,0.12,none,tested,443.0,0.0001999600079984003,0.0003439312137572485,5000,shared row-label permutation of full sensitivity matrix across all drugs/trajectories,6,3,1,0,0,0,-0.0021739130434782613,575.5,False,top100_weighted;top100_rank;top250_weighted;top250_rank;top500_weighted;top500_rank,False
PRISM,250,weighted,artemisinin,ARTEMISININ,4,3,3,0.3639316239316239,0.2387179487179487,-0.19999999999999998,0.4646153846153846,0.4123076923076923,TierA_strong_collateral,tested,3.0,0.0061987602479504095,0.010634423951760483,5000,shared row-label permutation of full sensitivity matrix across all drugs/trajectories,6,6,6,6,6,6,0.3049786324786325,5.5,True,top100_weighted;top100_rank;top250_weighted;top250_rank;top500_weighted;top500_rank,True
PRISM,250,weighted,artesunate,ARTESUNATE,4,2,1,-0.050384615384615375,0.2152350427350427,-0.15999999999999998,0.16786324786324786,-0.1392307692307692,none,tested,816.0,0.08518296340731854,0.11298397037010509,5000,shared row-label permutation of full sensitivity matrix across all drugs/trajectories,6,0,0,0,0,0,-0.038846153846153836,767.0,False,top100_weighted;top100_rank;top250_weighted;top250_rank;top500_weighted;top500_rank,False
PRISM,250,weighted,aspirin,ASPIRIN,4,3,2,0.05324675324675325,0.1459768492377188,-0.17221908526256355,0.16233766233766234,0.011688311688311687,none,tested,363.0,0.0001999600079984003,0.0003439312137572485,5000,shared row-label permutation of full sensitivity matrix across all drugs/trajectories,6,6,4,0,0,2,0.048051948051948054,378.0,True,top100_weighted;top100_rank;top250_weighted;top250_rank;top500_weighted;top500_rank,True
PRISM,250,weighted,astemizole,ASTEMIZOLE,4,1,1,-0.09956521739130433,0.20272575250836117,-0.34347826086956523,0.18307692307692305,-0.1469565217391304,none,tested,1011.0,0.0001999600079984003,0.0003439312137572485,5000,shared row-label permutation of full sensitivity matrix across all drugs/trajectories,6,0,0,0,0,0,-0.04304347826086956,769.5,False,top100_weighted;top100_rank;top250_weighted;top250_rank;top500_weighted;top500_rank,False
PRISM,250,weighted,asymmetrical-dimethylarginine,ASYMMETRICALDIMETHYLARGININE,4,0,0,-0.04453177257525084,0.08571070234113712,-0.24260869565217388,-0.015652173913043476,-0.06384615384615384,none,tested,794.0,0.0001999600079984003,0.0003439312137572485,5000,shared row-label permutation of full sensitivity matrix across all drugs/trajectories,6,0,0,0,0,0,-0.06281772575250835,863.0,False,top100_weighted;top100_rank;top250_weighted;top250_rank;top500_weighted;top500_rank,False
PRISM,250,weighted,atipamezole,ATIPAMEZOLE,4,1,1,-0.040702341137123746,0.18936454849498327,-0.2278260869565217,0.35846153846153844,-0.01217391304347826,none,tested,771.0,0.0001999600079984003,0.0003439312137572485,5000,shared row-label permutation of full sensitivity matrix across all drugs/trajectories,6,1,0,0,0,0,-0.051730769230769226,810.5,False,top100_weighted;top100_rank;top250_weighted;top250_rank;top500_weighted;top500_rank,False
PRISM,250,weighted,atiprimod,ATIPRIMOD,4,2,1,0.01522890811232019,0.27165142756904714,-0.564882894219327,0.15558215306888243,-0.04579453571900969,none,tested,539.0,0.8874225154969007,0.9043839550132786,5000,shared row-label permutation of full sensitivity matrix across all drugs/trajectories,6,2,0,0,0,0,-0.020976178218255325,695.0,False,top100_weighted;top100_rank;top250_weighted;top250_rank;top500_weighted;top500_rank,False
PRISM,250,weighted,atorvastatin,ATORVASTATIN,4,2,2,-0.006822742474916387,0.17134615384615384,-0.1652173913043478,0.45153846153846156,0.004615384615384616,none,tested,652.0,0.0001999600079984003,0.0003439312137572485,5000,shared row-label permutation of full sensitivity matrix across all drugs/trajectories,6,5,1,0,4,4,0.1398578595317726,92.0,True,top100_weighted;top100_rank;top250_weighted;top250_rank;top500_weighted;top500_rank,False
PRISM,250,weighted,aurora-a-inhibitor-i,AURORAAINHIBITORI,4,2,1,-0.04991452991452991,0.1435042735042735,-0.11965811965811966,0.1282051282051282,-0.10427350427350426,none,tested,814.0,0.651869626074785,0.6901844412690139,5000,shared row-label permutation of full sensitivity matrix across all drugs/trajectories,6,1,0,0,0,0,-0.06986568986568986,905.0,False,top100_weighted;top100_rank;top250_weighted;top250_rank;top500_weighted;top500_rank,False
PRISM,250,weighted,avanafil,AVANAFIL,4,1,1,-0.18608695652173912,0.2572491638795987,-0.4976923076923077,0.12956521739130433,-0.11913043478260868,none,tested,1246.0,0.0001999600079984003,0.0003439312137572485,5000,shared row-label permutation of full sensitivity matrix across all drugs/trajectories,6,0,0,0,0,0,-0.16891304347826083,1197.0,False,top100_weighted;top100_rank;top250_weighted;top250_rank;top500_weighted;top500_rank,False
PRISM,250,weighted,axitinib,AXITINIB,4,2,2,0.010830752412706392,0.17268052564627664,-0.039199442585372335,0.4042992246809718,0.052034658299166814,none,tested,563.0,0.9142171565686863,0.9267311556700067,5000,shared row-label permutation of full sensitivity matrix across all drugs/trajectories,6,1,0,0,0,0,-0.01890592584869727,672.5,False,top100_weighted;top100_rank;top250_weighted;top250_rank;top500_weighted;top500_rank,False
PRISM,250,weighted,azacitidine,AZACITIDINE,4,1,1,-0.23256182281569943,0.17008005259179923,-0.26486683910366743,0.2447894693756926,-0.2041178391677266,none,tested,1304.0,0.01999600079984003,0.03386870275246094,5000,shared row-label permutation of full sensitivity matrix across all drugs/trajectories,6,1,1,0,0,0,-0.12835474165568614,1114.5,False,top100_weighted;top100_rank;top250_weighted;top250_rank;top500_weighted;top500_rank,False
PRISM,250,weighted,azalomycin-b,AZALOMYCINB,4,2,2,0.04047008547008546,0.3949358974358974,-0.15000000000000002,0.40692307692307694,0.21094017094017092,none,tested,421.0,0.08718256348730254,0.11449690357495003,5000,shared row-label permutation of full sensitivity matrix across all drugs/trajectories,6,3,0,0,0,0,-0.03354700854700855,728.0,False,top100_weighted;top100_rank;top250_weighted;top250_rank;top500_weighted;top500_rank,False
PRISM,250,weighted,azathioprine,AZATHIOPRINE,4,1,1,-0.12391304347826086,0.126438127090301,-0.18086956521739128,0.12923076923076923,-0.09130434782608696,none,tested,1095.0,0.0001999600079984003,0.0003439312137572485,5000,shared row-label permutation of full sensitivity matrix across all drugs/trajectories,6,1,0,0,0,0,-0.08413043478260869,963.0,False,top100_weighted;top100_rank;top250_weighted;top250_rank;top500_weighted;top500_rank,False
PRISM,250,weighted,azilsartan,AZILSARTAN,4,2,2,-0.07302371541501977,0.3368577075098814,-0.299407114624506,0.14031620553359686,0.07826086956521738,none,tested,909.0,0.0001999600079984003,0.0003439312137572485,5000,shared row-label permutation of full sensitivity matrix across all drugs/trajectories,6,0,0,0,0,0,-0.06516798418972333,898.5,False,top100_weighted;top100_rank;top250_weighted;top250_rank;top500_weighted;top500_rank,False
PRISM,250,weighted,azithromycin,AZITHROMYCIN,4,2,2,0.04285714285714285,0.33315105946684886,-0.20779220779220778,0.42556390977443603,0.15939849624060148,none,tested,408.0,0.0001999600079984003,0.0003439312137572485,5000,shared row-label permutation of full sensitivity matrix across all drugs/trajectories,6,6,0,0,0,0,0.043796992481203,375.0,True,top100_weighted;top100_rank;top250_weighted;top250_rank;top500_weighted;top500_rank,False
PRISM,250,weighted,azodicarbonamide,AZODICARBONAMIDE,4,2,1,0.013311036789297657,0.09655518394648828,-0.09652173913043478,0.1452173913043478,-0.010769230769230769,none,tested,546.0,0.0001999600079984003,0.0003439312137572485,5000,shared row-label permutation of full sensitivity matrix across all drugs/trajectories,6,6,4,0,0,2,0.08030100334448159,241.0,True,top100_weighted;top100_rank;top250_weighted;top250_rank;top500_weighted;top500_rank,False
PRISM,250,weighted,aztreonam,AZTREONAM,4,1,1,-0.058794466403162056,0.1801383399209486,-0.3608695652173913,0.00691699604743083,-0.11758893280632411,none,tested,859.0,0.0001999600079984003,0.0003439312137572485,5000,shared row-label permutation of full sensitivity matrix across all drugs/trajectories,6,0,0,0,0,0,-0.07386363636363637,915.0,False,top100_weighted;top100_rank;top250_weighted;top250_rank;top500_weighted;top500_rank,False
PRISM,250,weighted,bafetinib,BAFETINIB,4,2,1,0.030138339920948613,0.16071146245059287,-0.26976284584980237,0.09739130434782609,-0.015810276679841896,none,tested,460.0,0.0001999600079984003,0.0003439312137572485,5000,shared row-label permutation of full sensitivity matrix across all drugs/trajectories,6,3,0,0,0,0,0.0017490118577075109,563.0,False,top100_weighted;top100_rank;top250_weighted;top250_rank;top500_weighted;top500_rank,False
PRISM,250,weighted,baicalein,BAICALEIN,4,1,1,-0.06141025641025641,0.08538461538461538,-0.21076923076923076,0.06230769230769231,-0.07282051282051281,none,tested,867.0,0.08638272345530894,0.11378277704142967,5000,shared row-label permutation of full sensitivity matrix across all drugs/trajectories,6,2,2,0,0,0,-0.05517094017094017,849.5,False,top100_weighted;top100_rank;top250_weighted;top250_rank;top500_weighted;top500_rank,False
PRISM,250,weighted,balapiravir,BALAPIRAVIR,4,2,1,0.15078595317725751,0.4068311036789297,-0.22434782608695653,0.42,-0.013043478260869565,none,tested,108.0,0.0001999600079984003,0.0003439312137572485,5000,shared row-label permutation of full sensitivity matrix across all drugs/trajectories,6,3,0,0,0,1,0.014891304347826092,547.0,False,top100_weighted;top100_rank;top250_weighted;top250_rank;top500_weighted;top500_rank,False
PRISM,250,weighted,barasertib,BARASERTIB,4,1,1,-0.106597285297651,0.10914800943189296,-0.23612224170535168,0.02735463737544273,-0.13544981173878057,none,tested,1038.0,0.3281343731253749,0.36725702718398384,5000,shared row-label permutation of full sensitivity matrix across all drugs/trajectories,6,0,0,0,0,0,-0.10137006133182141,1033.5,False,top100_weighted;top100_rank;top250_weighted;top250_rank;top500_weighted;top500_rank,False
PRISM,250,weighted,barasertib-HQPA,BARASERTIBHQPA,4,2,2,0.0005982905982905972,0.17666666666666664,-0.20846153846153848,0.3192307692307692,0.030427350427350425,none,tested,614.0,0.11277744451109778,0.13303746330379942,5000,shared row-label permutation of full sensitivity matrix across all drugs/trajectories,6,2,0,0,0,0,-0.013076923076923078,653.0,False,top100_weighted;top100_rank;top250_weighted;top250_rank;top500_weighted;top500_rank,False
PRISM,250,weighted,bardoxolone-methyl,BARDOXOLONEMETHYL,4,1,1,-0.07764427403986364,0.1484506726547467,-0.21029236074145652,0.08616857708430413,-0.02808731524099261,none,tested,930.0,0.47010597880423916,0.514914765608916,5000,shared row-label permutation of full sensitivity matrix across all drugs/trajectories,6,2,0,0,0,0,-0.020421878472717512,661.5,False,top100_weighted;top100_rank;top250_weighted;top250_rank;top500_weighted;top500_rank,False
PRISM,250,weighted,baricitinib,BARICITINIB,4,2,2,0.0043478260869565175,0.20451505016722407,-0.1973913043478261,0.16153846153846155,0.08086956521739129,none,tested,594.0,0.0001999600079984003,0.0003439312137572485,5000,shared row-label permutation of full sensitivity matrix across all drugs/trajectories,6,2,0,0,0,0,-0.05704849498327759,838.0,False,top100_weighted;top100_rank;top250_weighted;top250_rank;top500_weighted;top500_rank,False
PRISM,250,weighted,batimastat,BATIMASTAT,4,2,1,-0.03348949538225135,0.15198693764008891,-0.16406924425564878,0.10007851860491955,-0.0907894933322159,none,tested,751.0,0.759248150369926,0.7956586355684837,5000,shared row-label permutation of full sensitivity matrix across all drugs/trajectories,6,1,1,0,0,0,-0.05404166772883269,834.0,False,top100_weighted;top100_rank;top250_weighted;top250_rank;top500_weighted;top500_rank,False
PRISM,250,weighted,beclomethasone-dipropionate,BECLOMETHASONEDIPROPIONATE,4,2,1,0.02337662337662337,0.379785431959345,-0.43083003952569177,0.17662337662337665,-0.12857142857142856,none,tested,487.0,0.0001999600079984003,0.0003439312137572485,5000,shared row-label permutation of full sensitivity matrix across all drugs/trajectories,6,1,0,0,0,0,-0.022727272727272724,685.0,False,top100_weighted;top100_rank;top250_weighted;top250_rank;top500_weighted;top500_rank,False
PRISM,250,weighted,bekanamycin,BEKANAMYCIN,4,2,2,-0.017435897435897435,0.0848076923076923,-0.07999999999999999,0.13615384615384615,0.003076923076923077,none,tested,702.0,0.10217956408718257,0.12416167632471684,5000,shared row-label permutation of full sensitivity matrix across all drugs/trajectories,6,3,2,0,0,0,0.006047008547008547,539.0,False,top100_weighted;top100_rank;top250_weighted;top250_rank;top500_weighted;top500_rank,False
PRISM,250,weighted,belinostat,BELINOSTAT,4,3,2,0.08719937766797123,0.12767734244305037,-0.05421228052779178,0.14792207972583185,0.035770209414874916,none,tested,255.0,0.06858628274345131,0.09799090557022573,5000,shared row-label permutation of full sensitivity matrix across all drugs/trajectories,6,5,4,0,0,1,0.09122904958340268,231.0,True,top100_weighted;top100_rank;top250_weighted;top250_rank;top500_weighted;top500_rank,True
PRISM,250,weighted,bendamustine,BENDAMUSTINE,4,2,1,-0.10160535117056854,0.30650501672240793,-0.4391304347826086,0.14956521739130432,-0.2078260869565217,none,tested,1016.0,0.0001999600079984003,0.0003439312137572485,5000,shared row-label permutation of full sensitivity matrix across all drugs/trajectories,6,0,0,0,0,0,-0.0981020066889632,1025.0,False,top100_weighted;top100_rank;top250_weighted;top250_rank;top500_weighted;top500_rank,False
PRISM,250,weighted,bendroflumethiazide,BENDROFLUMETHIAZIDE,4,2,1,-0.07515527950310559,0.28722473178994923,-0.2558441558441559,0.06606437041219651,-0.212987012987013,none,tested,920.0,0.0001999600079984003,0.0003439312137572485,5000,shared row-label permutation of full sensitivity matrix across all drugs/trajectories,6,3,0,0,0,0,-0.03273574251835121,723.5,False,top100_weighted;top100_rank;top250_weighted;top250_rank;top500_weighted;top500_rank,False
PRISM,250,weighted,benfotiamine,BENFOTIAMINE,4,3,2,0.07848673066064371,0.19752258610954265,-0.19861660079051385,0.2391304347826087,0.13721061547148505,none,tested,284.0,0.0001999600079984003,0.0003439312137572485,5000,shared row-label permutation of full sensitivity matrix across all drugs/trajectories,6,6,4,0,0,1,0.06324110671936758,290.5,True,top100_weighted;top100_rank;top250_weighted;top250_rank;top500_weighted;top500_rank,True
PRISM,250,weighted,bentazepam,BENTAZEPAM,4,3,3,0.12623931623931622,0.12185897435897435,-0.023076923076923078,0.2884615384615385,0.15555555555555553,TierB_moderate_candidate,tested,155.0,0.05558888222355529,0.08449256556898427,5000,shared row-label permutation of full sensitivity matrix across all drugs/trajectories,6,6,5,0,0,3,0.09711538461538462,218.5,True,top100_weighted;top100_rank;top250_weighted;top250_rank;top500_weighted;top500_rank,True
PRISM,250,weighted,benzethonium,BENZETHONIUM,4,3,2,0.09282608695652173,0.1508498023715415,-0.24505928853754944,0.25790513833992096,0.10956521739130433,none,tested,246.0,0.0001999600079984003,0.0003439312137572485,5000,shared row-label permutation of full sensitivity matrix across all drugs/trajectories,6,3,2,0,0,1,-0.013389328063241106,673.0,False,top100_weighted;top100_rank;top250_weighted;top250_rank;top500_weighted;top500_rank,False
PRISM,250,weighted,benzydamine,BENZYDAMINE,4,3,2,0.22720214568040656,0.14712732919254656,-0.09316770186335405,0.3348390739695088,0.25395256916996045,TierA_strong_collateral,tested,22.0,0.0001999600079984003,0.0003439312137572485,5000,shared row-label permutation of full sensitivity matrix across all drugs/trajectories,6,6,6,4,4,6,0.2392363071710898,18.5,True,top100_weighted;top100_rank;top250_weighted;top250_rank;top500_weighted;top500_rank,True
PRISM,250,weighted,benzyldimethylhexadecylammonium,BENZYLDIMETHYLHEXADECYLAMMONIUM,4,2,1,0.021752136752136754,0.07583333333333334,-0.09692307692307693,0.07384615384615385,-0.0003418803418803419,none,tested,495.0,0.09898020395920816,0.1229458905266917,5000,shared row-label permutation of full sensitivity matrix across all drugs/trajectories,6,3,0,0,0,0,-0.0029273504273504315,583.0,False,top100_weighted;top100_rank;top250_weighted;top250_rank;top500_weighted;top500_rank,False
PRISM,250,weighted,berberine,BERBERINE,4,1,1,-0.08427350427350427,0.18076923076923074,-0.21162393162393162,0.21094017094017092,-0.03418803418803419,none,tested,957.0,0.4359128174365127,0.479828064114675,5000,shared row-label permutation of full sensitivity matrix across all drugs/trajectories,6,1,0,0,0,0,-0.10001221001221001,1027.0,False,top100_weighted;top100_rank;top250_weighted;top250_rank;top500_weighted;top500_rank,False
PRISM,250,weighted,beta-lapachone,BETALAPACHONE,4,4,3,0.09525641025641027,0.14961538461538465,0.013076923076923076,0.2923076923076923,0.04205128205128204,none,tested,239.0,0.0687862427514497,0.09817137214955296,5000,shared row-label permutation of full sensitivity matrix across all drugs/trajectories,6,6,6,0,1,4,0.11147435897435896,142.5,True,top100_weighted;top100_rank;top250_weighted;top250_rank;top500_weighted;top500_rank,True
PRISM,250,weighted,beta-naphthol,BETANAPHTHOL,4,1,1,-0.2769230769230769,0.1310042735042735,-0.31555555555555553,0.1346153846153846,-0.2892307692307692,none,tested,1319.0,0.01859628074385123,0.03161842121371644,5000,shared row-label permutation of full sensitivity matrix across all drugs/trajectories,6,0,0,0,0,0,-0.1819230769230769,1219.0,False,top100_weighted;top100_rank;top250_weighted;top250_rank;top500_weighted;top500_rank,False
PRISM,250,weighted,betamethasone,BETAMETHASONE,4,2,2,0.038198757763975154,0.24463579898362509,-0.20519480519480518,0.24025974025974026,0.12704686617730096,none,tested,428.0,0.0001999600079984003,0.0003439312137572485,5000,shared row-label permutation of full sensitivity matrix across all drugs/trajectories,6,2,0,0,0,0,-0.027837380011293048,719.5,False,top100_weighted;top100_rank;top250_weighted;top250_rank;top500_weighted;top500_rank,False
PRISM,250,weighted,betamethasone-dipropionate,BETAMETHASONEDIPROPIONATE,4,3,2,0.06538461538461539,0.22277777777777774,-0.3353846153846154,0.228034188034188,0.12,none,tested,327.0,0.08098380323935213,0.10870190691320654,5000,shared row-label permutation of full sensitivity matrix across all drugs/trajectories,6,3,2,0,0,0,0.007115384615384614,572.0,False,top100_weighted;top100_rank;top250_weighted;top250_rank;top500_weighted;top500_rank,False
PRISM,250,weighted,bexarotene,BEXAROTENE,4,4,3,0.1653511821147874,0.11622145184157512,0.05695813162617938,0.3312930986430797,0.1335927087232207,TierA_strong_collateral,tested,85.0,0.1305738852229554,0.1528138621617204,5000,shared row-label permutation of full sensitivity matrix across all drugs/trajectories,6,6,6,0,1,5,0.11477926524669481,144.0,True,top100_weighted;top100_rank;top250_weighted;top250_rank;top500_weighted;top500_rank,False
PRISM,250,weighted,bifemelane,BIFEMELANE,4,2,1,-0.10938127090301003,0.28440635451505014,-0.2652173913043478,0.19304347826086957,-0.2226086956521739,none,tested,1050.0,0.0001999600079984003,0.0003439312137572485,5000,shared row-label permutation of full sensitivity matrix across all drugs/trajectories,6,0,0,0,0,0,-0.1095066889632107,1059.0,False,top100_weighted;top100_rank;top250_weighted;top250_rank;top500_weighted;top500_rank,False
PRISM,250,weighted,birinapant,BIRINAPANT,4,2,2,-0.10272727272727271,0.38778656126482214,-0.26976284584980237,0.2855731225296443,0.06324110671936758,none,tested,1021.0,0.0001999600079984003,0.0003439312137572485,5000,shared row-label permutation of full sensitivity matrix across all drugs/trajectories,6,4,3,2,2,3,0.06868577075098815,286.5,True,top100_weighted;top100_rank;top250_weighted;top250_rank;top500_weighted;top500_rank,False
PRISM,250,weighted,bis(maltolato)oxovanadium(IV),BISMALTOLATOOXOVANADIUMIV,4,2,1,0.005968379446640318,0.22844861660079052,-0.3784584980237154,0.191699604743083,-0.05130434782608695,none,tested,585.0,0.0001999600079984003,0.0003439312137572485,5000,shared row-label permutation of full sensitivity matrix across all drugs/trajectories,6,4,2,0,0,3,0.05730237154150197,390.0,True,top100_weighted;top100_rank;top250_weighted;top250_rank;top500_weighted;top500_rank,False
PRISM,250,weighted,bisacodyl,BISACODYL,4,2,1,-0.03909774436090227,0.47265892002734106,-0.2831168831168831,0.23609022556390977,-0.26766917293233083,none,tested,765.0,0.0001999600079984003,0.0003439312137572485,5000,shared row-label permutation of full sensitivity matrix across all drugs/trajectories,6,0,0,0,0,0,-0.10413533834586465,991.5,False,top100_weighted;top100_rank;top250_weighted;top250_rank;top500_weighted;top500_rank,False
PRISM,250,weighted,bisindolylmaleimide-ix,BISINDOLYLMALEIMIDEIX,4,3,2,0.1467094017094017,0.15064102564102566,-0.18307692307692305,0.19,0.18495726495726494,TierB_moderate_candidate,tested,115.0,0.046990601879624075,0.07395333211988063,5000,shared row-label permutation of full sensitivity matrix across all drugs/trajectories,6,6,5,0,1,5,0.11104700854700855,162.0,True,top100_weighted;top100_rank;top250_weighted;top250_rank;top500_weighted;top500_rank,True
PRISM,250,weighted,bitopertin,BITOPERTIN,4,2,2,0.03461538461538462,0.17085470085470084,-0.28957264957264955,0.09384615384615384,0.08461538461538462,none,tested,444.0,0.09238152369526095,0.11806766163545816,5000,shared row-label permutation of full sensitivity matrix across all drugs/trajectories,6,4,3,0,0,1,0.03423076923076923,440.0,True,top100_weighted;top100_rank;top250_weighted;top250_rank;top500_weighted;top500_rank,False
PRISM,250,weighted,blebbistatin-(-),BLEBBISTATIN,4,3,3,0.1490133779264214,0.18234949832775918,-0.17652173913043476,0.3095652173913043,0.18956521739130433,TierB_moderate_candidate,tested,110.0,0.0001999600079984003,0.0003439312137572485,5000,shared row-label permutation of full sensitivity matrix across all drugs/trajectories,6,6,6,0,4,6,0.1554180602006689,80.5,True,top100_weighted;top100_rank;top250_weighted;top250_rank;top500_weighted;top500_rank,True
PRISM,250,weighted,bortezomib,BORTEZOMIB,4,2,2,0.04952380952380952,0.1611233211233211,-0.14119658119658116,0.16307692307692306,0.10622710622710621,none,tested,380.0,0.6560687862427514,0.6940791206837997,5000,shared row-label permutation of full sensitivity matrix across all drugs/trajectories,6,3,2,0,0,1,0.0024725274725274724,564.0,False,top100_weighted;top100_rank;top250_weighted;top250_rank;top500_weighted;top500_rank,False
PRISM,250,weighted,bosentan,BOSENTAN,4,3,2,0.051383399209486175,0.20091050254093734,-0.0005646527385657821,0.599802371541502,0.0852625635234331,none,tested,368.0,0.0001999600079984003,0.0003439312137572485,5000,shared row-label permutation of full sensitivity matrix across all drugs/trajectories,6,5,5,0,0,2,0.07227555053642011,284.0,True,top100_weighted;top100_rank;top250_weighted;top250_rank;top500_weighted;top500_rank,True
PRISM,250,weighted,bosutinib,BOSUTINIB,4,1,1,-0.055217391304347815,0.1633612040133779,-0.2169230769230769,0.1782608695652174,-0.01217391304347826,none,tested,835.0,0.0001999600079984003,0.0003439312137572485,5000,shared row-label permutation of full sensitivity matrix across all drugs/trajectories,6,0,0,0,0,0,-0.09434782608695652,996.0,False,top100_weighted;top100_rank;top250_weighted;top250_rank;top500_weighted;top500_rank,False
PRISM,250,weighted,brefeldin-a,BREFELDINA,4,1,1,-0.16057387057387057,0.3352197802197802,-0.6211965811965812,0.18495726495726494,-0.2496947496947497,none,tested,1191.0,0.13537292541491702,0.15801410646066935,5000,shared row-label permutation of full sensitivity matrix across all drugs/trajectories,6,0,0,0,0,0,-0.15356532356532357,1177.0,False,top100_weighted;top100_rank;top250_weighted;top250_rank;top500_weighted;top500_rank,False
PRISM,250,weighted,brequinar,BREQUINAR,4,2,2,-0.008700466177182741,0.13329155771970452,-0.21520262791219885,0.0822081346014342,0.03059211188368144,none,tested,661.0,0.9328134373125375,0.9412871399981927,5000,shared row-label permutation of full sensitivity matrix across all drugs/trajectories,6,0,0,0,0,0,-0.059888482634899876,846.0,False,top100_weighted;top100_rank;top250_weighted;top250_rank;top500_weighted;top500_rank,False
PRISM,250,weighted,brigatinib,BRIGATINIB,4,1,1,-0.041642512386540764,0.1661629814508187,-0.2531430204744994,0.2194364769874057,-0.07365458377676905,none,tested,774.0,0.7040591881623676,0.7401505503315741,5000,shared row-label permutation of full sensitivity matrix across all drugs/trajectories,6,5,1,0,0,0,0.012753564005735327,511.5,True,top100_weighted;top100_rank;top250_weighted;top250_rank;top500_weighted;top500_rank,False
PRISM,250,weighted,brilliant-green,BRILLIANTGREEN,4,2,2,-0.0029644268774703456,0.1949505928853755,-0.1847826086956522,0.11478260869565216,0.07707509881422926,none,tested,635.0,0.0001999600079984003,0.0003439312137572485,5000,shared row-label permutation of full sensitivity matrix across all drugs/trajectories,6,5,2,0,0,0,0.01655138339920948,493.5,True,top100_weighted;top100_rank;top250_weighted;top250_rank;top500_weighted;top500_rank,False
PRISM,250,weighted,brivaracetam,BRIVARACETAM,4,3,3,0.08391304347826087,0.22520903010033447,-0.08347826086956521,0.3869230769230769,0.15565217391304348,none,tested,269.0,0.0001999600079984003,0.0003439312137572485,5000,shared row-label permutation of full sensitivity matrix across all drugs/trajectories,6,6,4,0,2,3,0.09826086956521737,225.0,True,top100_weighted;top100_rank;top250_weighted;top250_rank;top500_weighted;top500_rank,True
PRISM,250,weighted,bromosporine,BROMOSPORINE,4,1,1,-0.16166666666666668,0.15730769230769232,-0.3923076923076923,0.09307692307692307,-0.1376923076923077,none,tested,1194.0,0.04099180163967207,0.06583382118756971,5000,shared row-label permutation of full sensitivity matrix across all drugs/trajectories,6,0,0,0,0,0,-0.195,1261.5,False,top100_weighted;top100_rank;top250_weighted;top250_rank;top500_weighted;top500_rank,False
PRISM,250,weighted,broxaldine,BROXALDINE,4,3,3,0.2005982905982906,0.21916666666666668,-0.3815384615384615,0.4084615384615385,0.21504273504273502,TierA_strong_collateral,tested,44.0,0.03219356128774245,0.053045756732460675,5000,shared row-label permutation of full sensitivity matrix across all drugs/trajectories,6,6,5,1,3,4,0.14098290598290597,132.5,True,top100_weighted;top100_rank;top250_weighted;top250_rank;top500_weighted;top500_rank,True
PRISM,250,weighted,broxyquinoline,BROXYQUINOLINE,4,1,1,-0.09384615384615386,0.15532051282051282,-0.2530769230769231,0.31282051282051276,-0.08461538461538462,none,tested,988.0,0.06798640271945611,0.09744717723122041,5000,shared row-label permutation of full sensitivity matrix across all drugs/trajectories,6,2,0,0,0,0,-0.041730769230769224,745.5,False,top100_weighted;top100_rank;top250_weighted;top250_rank;top500_weighted;top500_rank,False
PRISM,250,weighted,bruceantin,BRUCEANTIN,4,1,1,-0.1252991452991453,0.14070512820512818,-0.21999999999999997,0.17153846153846153,-0.09675213675213674,none,tested,1103.0,0.057788442311537694,0.08684553957303241,5000,shared row-label permutation of full sensitivity matrix across all drugs/trajectories,6,4,0,0,0,0,0.036559829059829047,417.5,True,top100_weighted;top100_rank;top250_weighted;top250_rank;top500_weighted;top500_rank,False
PRISM,250,weighted,bumetanide,BUMETANIDE,4,1,1,-0.07368421052631577,0.12701640464798356,-0.2584415584415584,0.19548872180451127,-0.08270676691729321,none,tested,912.0,0.0001999600079984003,0.0003439312137572485,5000,shared row-label permutation of full sensitivity matrix across all drugs/trajectories,6,1,0,0,0,0,-0.08533834586466163,964.5,False,top100_weighted;top100_rank;top250_weighted;top250_rank;top500_weighted;top500_rank,False
PRISM,250,weighted,buparlisib,BUPARLISIB,4,1,1,-0.13527667984189723,0.16857707509881423,-0.2183794466403162,0.17193675889328064,-0.08794466403162056,none,tested,1134.0,0.0001999600079984003,0.0003439312137572485,5000,shared row-label permutation of full sensitivity matrix across all drugs/trajectories,6,0,0,0,0,0,-0.13211462450592884,1106.0,False,top100_weighted;top100_rank;top250_weighted;top250_rank;top500_weighted;top500_rank,False
PRISM,250,weighted,buphenine,BUPHENINE,4,2,2,0.1451127819548872,0.38195488721804505,-0.35939849624060144,0.29774436090225564,0.2902255639097744,none,tested,120.0,0.0001999600079984003,0.0003439312137572485,5000,shared row-label permutation of full sensitivity matrix across all drugs/trajectories,6,6,3,2,3,4,0.1654818865345181,90.5,True,top100_weighted;top100_rank;top250_weighted;top250_rank;top500_weighted;top500_rank,False
PRISM,250,weighted,butamben,BUTAMBEN,4,2,2,-0.0766516092603049,0.5551242236024845,-0.3551665725578769,0.20271033314511577,0.20045172219085267,none,tested,929.0,0.0001999600079984003,0.0003439312137572485,5000,shared row-label permutation of full sensitivity matrix across all drugs/trajectories,6,3,0,0,0,1,0.005752399774138911,545.5,False,top100_weighted;top100_rank;top250_weighted;top250_rank;top500_weighted;top500_rank,False
PRISM,250,weighted,buthionine-sulfoximine,BUTHIONINESULFOXIMINE,4,0,0,-0.19911067193675888,0.2441403162055336,-0.40513833992094866,-0.06,-0.09387351778656126,none,tested,1277.0,0.0001999600079984003,0.0003439312137572485,5000,shared row-label permutation of full sensitivity matrix across all drugs/trajectories,6,0,0,0,0,0,-0.11712450592885376,1057.0,False,top100_weighted;top100_rank;top250_weighted;top250_rank;top500_weighted;top500_rank,False
PRISM,250,weighted,butylscopolamine-bromide,BUTYLSCOPOLAMINEBROMIDE,4,2,1,-0.014524948735475048,0.10786056049213943,-0.07662337662337662,0.060150375939849614,-0.06363636363636363,none,tested,688.0,0.0001999600079984003,0.0003439312137572485,5000,shared row-label permutation of full sensitivity matrix across all drugs/trajectories,6,2,2,0,0,0,-0.014781271360218727,658.5,False,top100_weighted;top100_rank;top250_weighted;top250_rank;top500_weighted;top500_rank,False
PRISM,250,weighted,cabazitaxel,CABAZITAXEL,4,1,1,-0.10564102564102562,0.17938949938949939,-0.21777777777777776,0.04029304029304029,-0.029059829059829054,none,tested,1035.0,0.32533493301339733,0.3647363042109829,5000,shared row-label permutation of full sensitivity matrix across all drugs/trajectories,6,0,0,0,0,0,-0.21993894993894994,1278.0,False,top100_weighted;top100_rank;top250_weighted;top250_rank;top500_weighted;top500_rank,False
PRISM,250,weighted,cabozantinib,CABOZANTINIB,4,4,3,0.1580769230769231,0.11151709401709402,0.016923076923076923,0.42837606837606834,0.16384615384615386,TierA_strong_collateral,tested,99.0,0.03719256148770246,0.060094162985584704,5000,shared row-label permutation of full sensitivity matrix across all drugs/trajectories,6,6,6,0,4,5,0.13615384615384615,98.0,True,top100_weighted;top100_rank;top250_weighted;top250_rank;top500_weighted;top500_rank,True
PRISM,250,weighted,caffeic-acid,CAFFEICACID,4,2,2,-0.03534188034188035,0.31775641025641027,-0.2169230769230769,0.16307692307692304,0.11316239316239315,none,tested,759.0,0.09478104379124175,0.11998398041189483,5000,shared row-label permutation of full sensitivity matrix across all drugs/trajectories,6,3,0,0,0,0,-0.007136752136752137,604.0,False,top100_weighted;top100_rank;top250_weighted;top250_rank;top500_weighted;top500_rank,False
PRISM,250,weighted,caffeic-acid-phenethyl-ester,CAFFEICACIDPHENETHYLESTER,4,1,1,-0.10276679841897235,0.2939525691699605,-0.4208695652173913,0.16798418972332016,-0.004940711462450594,none,tested,1022.0,0.0001999600079984003,0.0003439312137572485,5000,shared row-label permutation of full sensitivity matrix across all drugs/trajectories,6,0,0,0,0,0,-0.10622529644268777,1025.0,False,top100_weighted;top100_rank;top250_weighted;top250_rank;top500_weighted;top500_rank,False
PRISM,250,weighted,calcitriol,CALCITRIOL,4,2,1,0.06828063241106719,0.3619367588932806,-0.1650197628458498,0.29913043478260865,-0.09565217391304347,none,tested,316.0,0.0001999600079984003,0.0003439312137572485,5000,shared row-label permutation of full sensitivity matrix across all drugs/trajectories,6,3,0,0,0,1,0.015484189723320163,543.0,False,top100_weighted;top100_rank;top250_weighted;top250_rank;top500_weighted;top500_rank,False
PRISM,250,weighted,camptothecin,CAMPTOTHECIN,4,1,1,-0.06766917293233082,0.1449419002050581,-0.2792207792207792,0.029870129870129873,-0.022556390977443608,none,tested,890.0,0.0001999600079984003,0.0003439312137572485,5000,shared row-label permutation of full sensitivity matrix across all drugs/trajectories,6,0,0,0,0,0,-0.0670710868079289,904.0,False,top100_weighted;top100_rank;top250_weighted;top250_rank;top500_weighted;top500_rank,False
PRISM,250,weighted,camylofine-chlorhydrate,CAMYLOFINECHLORHYDRATE,4,1,1,-0.05462759462759463,0.14296703296703295,-0.17333333333333334,0.2574358974358974,-0.03111111111111111,none,tested,833.0,0.6120775844831033,0.6510626104444183,5000,shared row-label permutation of full sensitivity matrix across all drugs/trajectories,6,4,2,0,0,0,0.04252747252747253,361.5,True,top100_weighted;top100_rank;top250_weighted;top250_rank;top500_weighted;top500_rank,False
PRISM,250,weighted,canertinib,CANERTINIB,4,2,1,-0.005919733770624824,0.3007098943092912,-0.1791098516225824,0.19212356933129773,-0.1445207598178389,none,tested,648.0,0.9578084383123375,0.9628647422853287,5000,shared row-label permutation of full sensitivity matrix across all drugs/trajectories,6,1,0,0,0,0,-0.03180735805714925,761.0,False,top100_weighted;top100_rank;top250_weighted;top250_rank;top500_weighted;top500_rank,False
PRISM,250,weighted,canrenone,CANRENONE,4,2,2,-0.022441471571906353,0.17625418060200668,-0.4104347826086956,0.13384615384615384,0.004347826086956522,none,tested,721.0,0.0001999600079984003,0.0003439312137572485,5000,shared row-label permutation of full sensitivity matrix across all drugs/trajectories,6,3,1,0,0,0,-0.005117056856187293,623.0,False,top100_weighted;top100_rank;top250_weighted;top250_rank;top500_weighted;top500_rank,False
PRISM,250,weighted,capecitabine,CAPECITABINE,4,4,3,0.21078798025563947,0.03260918671492169,0.09935811057578686,0.2287674586689962,0.21061674712789322,TierA_strong_collateral,tested,32.0,0.046990601879624075,0.07395333211988063,5000,shared row-label permutation of full sensitivity matrix across all drugs/trajectories,6,5,3,1,2,3,0.0808220362962322,303.0,True,top100_weighted;top100_rank;top250_weighted;top250_rank;top500_weighted;top500_rank,False
PRISM,250,weighted,captamine,CAPTAMINE,4,2,2,0.029365079365079344,0.5358424908424908,-0.26837606837606837,0.45777777777777773,0.2655677655677655,none,tested,464.0,0.7906418716256749,0.8233793866226755,5000,shared row-label permutation of full sensitivity matrix across all drugs/trajectories,6,1,0,0,0,0,-0.07962759462759461,938.5,False,top100_weighted;top100_rank;top250_weighted;top250_rank;top500_weighted;top500_rank,False
PRISM,250,weighted,carboplatin,CARBOPLATIN,4,1,1,-0.10324786324786324,0.2533943833943834,-0.3011965811965812,0.13186813186813187,-0.006495726495726496,none,tested,1026.0,0.3343331333733253,0.37325466230037074,5000,shared row-label permutation of full sensitivity matrix across all drugs/trajectories,6,0,0,0,0,0,-0.07138583638583637,890.0,False,top100_weighted;top100_rank;top250_weighted;top250_rank;top500_weighted;top500_rank,False
PRISM,250,weighted,carboxyamidotriazole,CARBOXYAMIDOTRIAZOLE,4,1,1,-0.1116600790513834,0.11559288537549409,-0.2626086956521739,0.027826086956521737,-0.08300395256916995,none,tested,1061.0,0.0001999600079984003,0.0003439312137572485,5000,shared row-label permutation of full sensitivity matrix across all drugs/trajectories,6,0,0,0,0,0,-0.08028656126482214,964.5,False,top100_weighted;top100_rank;top250_weighted;top250_rank;top500_weighted;top500_rank,False
PRISM,250,weighted,carboxypyridine-disulfide,CARBOXYPYRIDINEDISULFIDE,4,0,0,-0.10834448160535116,0.14704849498327757,-0.21913043478260866,-0.008695652173913044,-0.04538461538461538,none,tested,1044.0,0.0001999600079984003,0.0003439312137572485,5000,shared row-label permutation of full sensitivity matrix across all drugs/trajectories,6,0,0,0,0,0,-0.10636287625418059,1046.0,False,top100_weighted;top100_rank;top250_weighted;top250_rank;top500_weighted;top500_rank,False
PRISM,250,weighted,carfilzomib,CARFILZOMIB,4,3,3,0.09485958485958486,0.2862210012210012,-0.06735042735042734,0.5514529914529913,0.18253968253968253,none,tested,241.0,0.3747250549890022,0.41591048984208157,5000,shared row-label permutation of full sensitivity matrix across all drugs/trajectories,6,4,3,1,2,3,0.09945054945054944,206.0,True,top100_weighted;top100_rank;top250_weighted;top250_rank;top500_weighted;top500_rank,False
PRISM,250,weighted,cariporide,CARIPORIDE,4,1,1,-0.13865047995482777,0.3478684359119142,-0.24805194805194808,0.5181818181818182,-0.03444381705251271,none,tested,1147.0,0.0001999600079984003,0.0003439312137572485,5000,shared row-label permutation of full sensitivity matrix across all drugs/trajectories,6,1,0,0,0,0,-0.15564652738565782,1178.0,False,top100_weighted;top100_rank;top250_weighted;top250_rank;top500_weighted;top500_rank,False
PRISM,250,weighted,carmofur,CARMOFUR,4,1,1,-0.02829511568794572,0.08856823149069436,-0.107262869329988,0.10416502472839992,-0.004487610370547466,none,tested,736.0,0.09498100379924015,0.12012303421668608,5000,shared row-label permutation of full sensitivity matrix across all drugs/trajectories,6,0,0,0,0,0,-0.025892697245150822,724.5,False,top100_weighted;top100_rank;top250_weighted;top250_rank;top500_weighted;top500_rank,False
PRISM,250,weighted,carmustine,CARMUSTINE,4,1,1,-0.08153846153846155,0.10844481605351172,-0.15043478260869564,0.015652173913043476,-0.12615384615384617,none,tested,951.0,0.0001999600079984003,0.0003439312137572485,5000,shared row-label permutation of full sensitivity matrix across all drugs/trajectories,6,3,0,0,0,0,-0.019130434782608695,664.0,False,top100_weighted;top100_rank;top250_weighted;top250_rank;top500_weighted;top500_rank,False
PRISM,250,weighted,carvedilol,CARVEDILOL,4,1,1,-0.06280632411067194,0.09378458498023715,-0.23221343873517786,0.021739130434782608,-0.042608695652173914,none,tested,868.0,0.0001999600079984003,0.0003439312137572485,5000,shared row-label permutation of full sensitivity matrix across all drugs/trajectories,6,0,0,0,0,0,-0.10379446640316205,1036.0,False,top100_weighted;top100_rank;top250_weighted;top250_rank;top500_weighted;top500_rank,False
PRISM,250,weighted,cebranopadol,CEBRANOPADOL,4,2,1,-0.04294871794871795,0.31769230769230766,-0.21153846153846154,0.14153846153846153,-0.19589743589743588,none,tested,783.0,0.08898220355928814,0.11538256551024424,5000,shared row-label permutation of full sensitivity matrix across all drugs/trajectories,6,3,2,0,0,0,-0.0028846153846153813,597.5,False,top100_weighted;top100_rank;top250_weighted;top250_rank;top500_weighted;top500_rank,False
PRISM,250,weighted,cediranib,CEDIRANIB,4,1,1,-0.09606837606837605,0.11887667887667888,-0.17128205128205126,0.17704517704517705,-0.07487179487179485,none,tested,998.0,0.378124375124975,0.4189856957951718,5000,shared row-label permutation of full sensitivity matrix across all drugs/trajectories,6,0,0,0,0,0,-0.0629059829059829,886.5,False,top100_weighted;top100_rank;top250_weighted;top250_rank;top500_weighted;top500_rank,False
PRISM,250,weighted,cefdinir,CEFDINIR,4,2,1,0.0003105590062111793,0.04215132693393563,-0.05324675324675325,0.06267645398080182,-0.008469791078486732,none,tested,617.0,0.0001999600079984003,0.0003439312137572485,5000,shared row-label permutation of full sensitivity matrix across all drugs/trajectories,6,6,4,0,0,1,0.05626764539808018,322.5,True,top100_weighted;top100_rank;top250_weighted;top250_rank;top500_weighted;top500_rank,False
PRISM,250,weighted,cefditoren-pivoxil,CEFDITORENPIVOXIL,4,2,1,-0.10478260869565216,0.35903010033444815,-0.363076923076923,0.18347826086956517,-0.25304347826086954,none,tested,1032.0,0.0001999600079984003,0.0003439312137572485,5000,shared row-label permutation of full sensitivity matrix across all drugs/trajectories,6,0,0,0,0,0,-0.10691471571906352,1057.0,False,top100_weighted;top100_rank;top250_weighted;top250_rank;top500_weighted;top500_rank,False
PRISM,250,weighted,cephalomannine,CEPHALOMANNINE,4,2,2,-0.018076923076923077,0.13382478632478634,-0.13076923076923078,0.13914529914529913,0.026153846153846153,none,tested,704.0,0.10997800439912017,0.13031171543469083,5000,shared row-label permutation of full sensitivity matrix across all drugs/trajectories,6,4,2,0,0,0,0.014230769230769229,505.5,True,top100_weighted;top100_rank;top250_weighted;top250_rank;top500_weighted;top500_rank,False
PRISM,250,weighted,cetrimonium,CETRIMONIUM,4,2,1,0.0005494505494505336,0.3812271062271062,-0.4297435897435897,0.2676923076923077,-0.13736263736263737,none,tested,615.0,0.996000799840032,0.9967485481882602,5000,shared row-label permutation of full sensitivity matrix across all drugs/trajectories,6,3,1,0,0,0,-0.006691086691086701,613.0,False,top100_weighted;top100_rank;top250_weighted;top250_rank;top500_weighted;top500_rank,False
PRISM,250,weighted,cetylpyridinium,CETYLPYRIDINIUM,4,2,1,-0.11444816053511704,0.4477591973244147,-0.5313043478260869,0.2756521739130435,-0.2784615384615384,none,tested,1074.0,0.0001999600079984003,0.0003439312137572485,5000,shared row-label permutation of full sensitivity matrix across all drugs/trajectories,6,0,0,0,0,0,-0.125,1106.5,False,top100_weighted;top100_rank;top250_weighted;top250_rank;top500_weighted;top500_rank,False
PRISM,250,weighted,chicago-sky-blue-6b,CHICAGOSKYBLUE6B,4,1,0,-0.17130434782608692,0.1270735785953177,-0.24307692307692308,0.02,-0.2121739130434782,none,tested,1213.0,0.0001999600079984003,0.0003439312137572485,5000,shared row-label permutation of full sensitivity matrix across all drugs/trajectories,6,0,0,0,0,0,-0.1526003344481605,1198.0,False,top100_weighted;top100_rank;top250_weighted;top250_rank;top500_weighted;top500_rank,False
PRISM,250,weighted,chidamide,CHIDAMIDE,4,1,1,-0.05076923076923077,0.20568376068376065,-0.31846153846153846,0.20888888888888887,-0.0015384615384615385,none,tested,819.0,0.08698260347930414,0.11434695309458819,5000,shared row-label permutation of full sensitivity matrix across all drugs/trajectories,6,3,2,0,0,0,0.01232905982905983,514.5,False,top100_weighted;top100_rank;top250_weighted;top250_rank;top500_weighted;top500_rank,False
PRISM,250,weighted,chlorambucil,CHLORAMBUCIL,4,2,2,0.014969241285030759,0.23583390293916606,-0.37532467532467534,0.4240601503759398,0.03896103896103896,none,tested,541.0,0.0001999600079984003,0.0003439312137572485,5000,shared row-label permutation of full sensitivity matrix across all drugs/trajectories,6,5,3,1,1,2,0.03807245386192754,431.0,True,top100_weighted;top100_rank;top250_weighted;top250_rank;top500_weighted;top500_rank,False
PRISM,250,weighted,chlorindanol,CHLORINDANOL,4,4,3,0.12648221343873517,0.14754376058723884,0.031168831168831172,0.21818181818181817,0.19367588932806323,TierB_moderate_candidate,tested,154.0,0.0001999600079984003,0.0003439312137572485,5000,shared row-label permutation of full sensitivity matrix across all drugs/trajectories,6,5,3,0,0,2,0.052230378317334854,344.5,True,top100_weighted;top100_rank;top250_weighted;top250_rank;top500_weighted;top500_rank,False
PRISM,250,weighted,chlormidazole,CHLORMIDAZOLE,4,2,2,0.019755799755799757,0.23446886446886445,-0.3647863247863247,0.1029059829059829,0.09811965811965812,none,tested,510.0,0.8594281143771246,0.8821279623982825,5000,shared row-label permutation of full sensitivity matrix across all drugs/trajectories,6,2,0,0,0,0,-0.029090354090354088,701.5,False,top100_weighted;top100_rank;top250_weighted;top250_rank;top500_weighted;top500_rank,False
PRISM,250,weighted,chlorogenic-acid,CHLOROGENICACID,4,3,3,0.0773076923076923,0.06767094017094016,-0.03538461538461538,0.16376068376068376,0.08923076923076922,none,tested,292.0,0.07658468306338732,0.10476348947201347,5000,shared row-label permutation of full sensitivity matrix across all drugs/trajectories,6,6,4,0,0,0,0.04698717948717948,368.0,True,top100_weighted;top100_rank;top250_weighted;top250_rank;top500_weighted;top500_rank,False
PRISM,250,weighted,chloroxine,CHLOROXINE,4,2,2,-0.0041025641025641026,0.15824175824175823,-0.2841025641025641,0.18681318681318682,0.022905982905982905,none,tested,642.0,0.9716056788642271,0.9751316854762984,5000,shared row-label permutation of full sensitivity matrix across all drugs/trajectories,6,0,0,0,0,0,-0.056257631257631266,836.0,False,top100_weighted;top100_rank;top250_weighted;top250_rank;top500_weighted;top500_rank,False
PRISM,250,weighted,chlorpropamide,CHLORPROPAMIDE,4,1,1,-0.04397233201581027,0.13229249011857705,-0.2208695652173913,0.16304347826086957,-0.019762845849802375,none,tested,790.0,0.0001999600079984003,0.0003439312137572485,5000,shared row-label permutation of full sensitivity matrix across all drugs/trajectories,6,3,2,0,0,0,-0.004940711462450595,588.5,False,top100_weighted;top100_rank;top250_weighted;top250_rank;top500_weighted;top500_rank,False
PRISM,250,weighted,chlorpyrifos,CHLORPYRIFOS,4,2,2,-0.006267645398080182,0.1782608695652174,-0.15974025974025974,0.40389610389610386,0.018633540372670808,none,tested,651.0,0.0001999600079984003,0.0003439312137572485,5000,shared row-label permutation of full sensitivity matrix across all drugs/trajectories,6,5,2,0,1,3,0.09116318464144553,225.5,True,top100_weighted;top100_rank;top250_weighted;top250_rank;top500_weighted;top500_rank,False
PRISM,250,weighted,chlorquinaldol,CHLORQUINALDOL,4,3,3,0.1280769230769231,0.2538461538461539,-0.4107692307692308,0.44538461538461543,0.15461538461538463,TierB_moderate_candidate,tested,147.0,0.05138972205558888,0.07956155574924503,5000,shared row-label permutation of full sensitivity matrix across all drugs/trajectories,6,6,5,1,1,4,0.11818376068376067,155.5,True,top100_weighted;top100_rank;top250_weighted;top250_rank;top500_weighted;top500_rank,True
PRISM,250,weighted,cholecalciferol,CHOLECALCIFEROL,4,1,0,-0.06512820512820514,0.060192307692307705,-0.10615384615384615,0.08230769230769232,-0.07384615384615385,none,tested,880.0,0.08078384323135374,0.10866282848374827,5000,shared row-label permutation of full sensitivity matrix across all drugs/trajectories,6,2,1,0,0,0,-0.03226495726495726,726.5,False,top100_weighted;top100_rank;top250_weighted;top250_rank;top500_weighted;top500_rank,False
PRISM,250,weighted,chromocarb,CHROMOCARB,4,2,1,0.054169960474308304,0.29325098814229245,-0.4505928853754941,0.15217391304347824,-0.040869565217391296,none,tested,361.0,0.0001999600079984003,0.0003439312137572485,5000,shared row-label permutation of full sensitivity matrix across all drugs/trajectories,6,3,1,0,0,0,-0.026600790513833978,705.0,False,top100_weighted;top100_rank;top250_weighted;top250_rank;top500_weighted;top500_rank,False
PRISM,250,weighted,cibenzoline,CIBENZOLINE,4,2,1,0.029079616036137762,0.25378317334839073,-0.21428571428571425,0.1961038961038961,-0.07171089779785433,none,tested,465.0,0.0001999600079984003,0.0003439312137572485,5000,shared row-label permutation of full sensitivity matrix across all drugs/trajectories,6,6,1,0,0,0,0.04712027103331451,382.5,True,top100_weighted;top100_rank;top250_weighted;top250_rank;top500_weighted;top500_rank,False
PRISM,250,weighted,ciclopirox,CICLOPIROX,4,4,3,0.12391304347826085,0.1965969899665552,0.02695652173913043,0.4976923076923077,0.17652173913043476,TierB_moderate_candidate,tested,160.0,0.0001999600079984003,0.0003439312137572485,5000,shared row-label permutation of full sensitivity matrix across all drugs/trajectories,6,6,4,0,0,3,0.0812040133779264,258.5,True,top100_weighted;top100_rank;top250_weighted;top250_rank;top500_weighted;top500_rank,True
PRISM,250,weighted,cidofovir,CIDOFOVIR,4,3,2,0.1366403162055336,0.08283596837944668,-0.07114624505928854,0.15513833992094864,0.11913043478260868,TierB_moderate_candidate,tested,131.0,0.0001999600079984003,0.0003439312137572485,5000,shared row-label permutation of full sensitivity matrix across all drugs/trajectories,6,3,2,0,0,1,-0.015583003952569167,673.0,False,top100_weighted;top100_rank;top250_weighted;top250_rank;top500_weighted;top500_rank,False
PRISM,250,weighted,cilostamide,CILOSTAMIDE,4,2,2,-0.047876254180602006,0.2166638795986622,-0.26347826086956516,0.31130434782608696,0.0007692307692307692,none,tested,804.0,0.0001999600079984003,0.0003439312137572485,5000,shared row-label permutation of full sensitivity matrix across all drugs/trajectories,6,0,0,0,0,0,-0.17140468227424746,1139.0,False,top100_weighted;top100_rank;top250_weighted;top250_rank;top500_weighted;top500_rank,False
PRISM,250,weighted,cimetidine,CIMETIDINE,4,1,1,-0.09373235460191982,0.17955957086391872,-0.18577075098814227,0.28514963297572,-0.13495200451722192,none,tested,986.0,0.0001999600079984003,0.0003439312137572485,5000,shared row-label permutation of full sensitivity matrix across all drugs/trajectories,6,0,0,0,0,0,-0.09514398644833427,1014.0,False,top100_weighted;top100_rank;top250_weighted;top250_rank;top500_weighted;top500_rank,False
PRISM,250,weighted,cinacalcet,CINACALCET,4,2,1,-0.06496837161118169,0.2810845224530524,-0.30163334193587715,0.2236279738616464,-0.16481450061362932,none,tested,879.0,0.5466906618676265,0.5886418839010874,5000,shared row-label permutation of full sensitivity matrix across all drugs/trajectories,6,0,0,0,0,0,-0.08959649907863185,980.5,False,top100_weighted;top100_rank;top250_weighted;top250_rank;top500_weighted;top500_rank,False
PRISM,250,weighted,cinalukast,CINALUKAST,4,2,1,-0.033102766798418976,0.2251185770750988,-0.24434782608695652,0.16699604743083005,-0.11462450592885376,none,tested,750.0,0.0001999600079984003,0.0003439312137572485,5000,shared row-label permutation of full sensitivity matrix across all drugs/trajectories,6,1,0,0,0,0,-0.015316205533596838,661.0,False,top100_weighted;top100_rank;top250_weighted;top250_rank;top500_weighted;top500_rank,False
PRISM,250,weighted,cinnarazine,CINNARAZINE,4,2,2,0.026778656126482208,0.1698616600790514,-0.28260869565217395,0.08794466403162056,0.07826086956521738,none,tested,476.0,0.0001999600079984003,0.0003439312137572485,5000,shared row-label permutation of full sensitivity matrix across all drugs/trajectories,6,4,0,0,0,1,0.015533596837944662,501.5,True,top100_weighted;top100_rank;top250_weighted;top250_rank;top500_weighted;top500_rank,False
PRISM,250,weighted,cisplatin,CISPLATIN,4,3,3,0.11822742474916387,0.19214046822742473,-0.4130434782608695,0.32923076923076927,0.1226086956521739,TierB_moderate_candidate,tested,172.0,0.0001999600079984003,0.0003439312137572485,5000,shared row-label permutation of full sensitivity matrix across all drugs/trajectories,6,6,6,0,3,5,0.13403846153846152,108.0,True,top100_weighted;top100_rank;top250_weighted;top250_rank;top500_weighted;top500_rank,True
PRISM,250,weighted,clenbuterol,CLENBUTEROL,4,2,2,0.024280067758328628,0.1091897233201581,-0.11914172783738003,0.14822134387351776,0.05251270468661773,none,tested,486.0,0.0001999600079984003,0.0003439312137572485,5000,shared row-label permutation of full sensitivity matrix across all drugs/trajectories,6,4,0,0,0,0,0.02060982495765105,479.5,True,top100_weighted;top100_rank;top250_weighted;top250_rank;top500_weighted;top500_rank,False
PRISM,250,weighted,clindamycin-phosphate,CLINDAMYCINPHOSPHATE,4,1,0,-0.17392344497607654,0.15299043062200957,-0.3383458646616541,0.0781954887218045,-0.20649350649350648,none,tested,1221.0,0.0001999600079984003,0.0003439312137572485,5000,shared row-label permutation of full sensitivity matrix across all drugs/trajectories,6,3,2,1,1,2,0.02773410799726589,477.5,False,top100_weighted;top100_rank;top250_weighted;top250_rank;top500_weighted;top500_rank,False
PRISM,250,weighted,clobetasol-propionate,CLOBETASOLPROPIONATE,4,3,3,0.1808300395256917,0.22246047430830038,-0.21640316205533597,0.3947826086956522,0.2272727272727273,TierA_strong_collateral,tested,65.0,0.0001999600079984003,0.0003439312137572485,5000,shared row-label permutation of full sensitivity matrix across all drugs/trajectories,6,4,2,1,2,2,0.013814229249011857,503.0,True,top100_weighted;top100_rank;top250_weighted;top250_rank;top500_weighted;top500_rank,False
PRISM,250,weighted,clofarabine,CLOFARABINE,4,2,2,0.022808302808302813,0.2224175824175824,-0.32512820512820506,0.19589743589743588,0.08424908424908426,none,tested,490.0,0.8462307538492302,0.873028023938909,5000,shared row-label permutation of full sensitivity matrix across all drugs/trajectories,6,1,0,0,0,0,-0.07849816849816849,928.5,False,top100_weighted;top100_rank;top250_weighted;top250_rank;top500_weighted;top500_rank,False
PRISM,250,weighted,clofazimine,CLOFAZIMINE,4,1,1,-0.18461538461538463,0.1668803418803419,-0.3121367521367521,0.3230769230769231,-0.19,none,tested,1243.0,0.033393321335732855,0.0546846404674839,5000,shared row-label permutation of full sensitivity matrix across all drugs/trajectories,6,4,3,0,0,1,0.028888888888888888,448.5,True,top100_weighted;top100_rank;top250_weighted;top250_rank;top500_weighted;top500_rank,False
PRISM,250,weighted,clofibrate,CLOFIBRATE,4,3,3,0.27707509881422926,0.3863918690005647,-0.1064935064935065,0.4623376623376624,0.43986448334274425,TierA_strong_collateral,tested,8.0,0.0001999600079984003,0.0003439312137572485,5000,shared row-label permutation of full sensitivity matrix across all drugs/trajectories,6,6,5,2,3,4,0.13317334839073972,129.0,True,top100_weighted;top100_rank;top250_weighted;top250_rank;top500_weighted;top500_rank,True
PRISM,250,weighted,clofoctol,CLOFOCTOL,4,1,1,-0.05794871794871795,0.13807692307692307,-0.31384615384615383,0.03846153846153846,-0.024615384615384615,none,tested,853.0,0.07978404319136173,0.10764385584421578,5000,shared row-label permutation of full sensitivity matrix across all drugs/trajectories,6,0,0,0,0,0,-0.040769230769230766,774.5,False,top100_weighted;top100_rank;top250_weighted;top250_rank;top500_weighted;top500_rank,False
PRISM,250,weighted,clomifene,CLOMIFENE,4,2,1,-0.14393162393162393,0.3506043956043956,-0.3811965811965812,0.06532356532356533,-0.30324786324786324,none,tested,1162.0,0.17816436712657469,0.20633631744545966,5000,shared row-label permutation of full sensitivity matrix across all drugs/trajectories,6,0,0,0,0,0,-0.12437728937728935,1110.0,False,top100_weighted;top100_rank;top250_weighted;top250_rank;top500_weighted;top500_rank,False
PRISM,250,weighted,clonazepam,CLONAZEPAM,4,3,2,0.11153846153846153,0.10211538461538461,-0.15615384615384614,0.15538461538461537,0.09538461538461539,TierB_moderate_candidate,tested,185.0,0.05818836232753449,0.08734807092635527,5000,shared row-label permutation of full sensitivity matrix across all drugs/trajectories,6,6,5,0,1,4,0.11587606837606837,166.0,True,top100_weighted;top100_rank;top250_weighted;top250_rank;top500_weighted;top500_rank,True
PRISM,250,weighted,clopamide,CLOPAMIDE,4,3,3,0.13422924901185768,0.17466403162055333,-0.16403162055335968,0.2391304347826087,0.18347826086956517,TierB_moderate_candidate,tested,134.0,0.0001999600079984003,0.0003439312137572485,5000,shared row-label permutation of full sensitivity matrix across all drugs/trajectories,6,6,3,0,0,3,0.08720355731225296,227.5,True,top100_weighted;top100_rank;top250_weighted;top250_rank;top500_weighted;top500_rank,False
PRISM,250,weighted,clotrimazole,CLOTRIMAZOLE,4,3,3,0.11820158102766799,0.16452569169960474,-0.16106719367588934,0.29913043478260865,0.15118577075098816,TierB_moderate_candidate,tested,173.0,0.0001999600079984003,0.0003439312137572485,5000,shared row-label permutation of full sensitivity matrix across all drugs/trajectories,6,6,5,0,2,4,0.12110671936758893,137.0,True,top100_weighted;top100_rank;top250_weighted;top250_rank;top500_weighted;top500_rank,True
PRISM,250,weighted,cobicistat,COBICISTAT,4,3,3,0.05481605351170568,0.11070234113712374,-0.2652173913043478,0.10956521739130433,0.06615384615384615,none,tested,360.0,0.0001999600079984003,0.0003439312137572485,5000,shared row-label permutation of full sensitivity matrix across all drugs/trajectories,6,2,2,0,0,0,-0.029556856187290967,731.5,False,top100_weighted;top100_rank;top250_weighted;top250_rank;top500_weighted;top500_rank,False
PRISM,250,weighted,cobimetinib,COBIMETINIB,4,2,1,0.09742772993775312,0.346145217740762,-0.33431388030056175,0.25933401825784314,-0.034394432129687416,none,tested,230.0,0.3745250949810038,0.41591048984208157,5000,shared row-label permutation of full sensitivity matrix across all drugs/trajectories,6,2,0,0,0,0,-0.02308017490668267,687.0,False,top100_weighted;top100_rank;top250_weighted;top250_rank;top500_weighted;top500_rank,False
PRISM,250,weighted,colforsin-daproate,COLFORSINDAPROATE,4,2,2,0.041956521739130434,0.22532608695652173,-0.08782608695652173,0.2617391304347826,0.13391304347826086,none,tested,412.0,0.0001999600079984003,0.0003439312137572485,5000,shared row-label permutation of full sensitivity matrix across all drugs/trajectories,6,4,1,0,0,0,0.025392976588628758,477.0,True,top100_weighted;top100_rank;top250_weighted;top250_rank;top500_weighted;top500_rank,False
PRISM,250,weighted,combretastatin-A-4,COMBRETASTATINA4,4,3,3,0.1755189255189255,0.33894383394383387,-0.43316239316239313,0.2834188034188034,0.28205128205128205,TierA_strong_collateral,tested,71.0,0.09758048390321936,0.12202137433676492,5000,shared row-label permutation of full sensitivity matrix across all drugs/trajectories,6,6,3,0,3,3,0.12868131868131866,156.5,True,top100_weighted;top100_rank;top250_weighted;top250_rank;top500_weighted;top500_rank,False
PRISM,250,weighted,costunolide,COSTUNOLIDE,4,1,1,-0.21448616600790515,0.1182411067193676,-0.2756916996047431,0.0790513833992095,-0.19478260869565217,none,tested,1291.0,0.0001999600079984003,0.0003439312137572485,5000,shared row-label permutation of full sensitivity matrix across all drugs/trajectories,6,0,0,0,0,0,-0.1450494071146245,1138.0,False,top100_weighted;top100_rank;top250_weighted;top250_rank;top500_weighted;top500_rank,False
PRISM,250,weighted,crenolanib,CRENOLANIB,4,0,0,-0.12846153846153846,0.11952991452991454,-0.18307692307692305,-0.0003418803418803419,-0.07923076923076922,none,tested,1114.0,0.05298940211957608,0.08147044178246243,5000,shared row-label permutation of full sensitivity matrix across all drugs/trajectories,6,0,0,0,0,0,-0.07384615384615384,937.5,False,top100_weighted;top100_rank;top250_weighted;top250_rank;top500_weighted;top500_rank,False
PRISM,250,weighted,crizotinib,CRIZOTINIB,4,1,0,-0.2134793520590766,0.23157399900308506,-0.37446555551347716,0.07765995659841407,-0.29250776604248474,none,tested,1289.0,0.047390521895620874,0.07440702672186411,5000,shared row-label permutation of full sensitivity matrix across all drugs/trajectories,6,0,0,0,0,0,-0.21255817943091693,1277.5,False,top100_weighted;top100_rank;top250_weighted;top250_rank;top500_weighted;top500_rank,False
PRISM,250,weighted,crizotinib-(S),CRIZOTINIBS,4,1,1,-0.04304347826086956,0.11081103678929766,-0.2026086956521739,0.008461538461538461,-0.004347826086956522,none,tested,784.0,0.0001999600079984003,0.0003439312137572485,5000,shared row-label permutation of full sensitivity matrix across all drugs/trajectories,6,0,0,0,0,0,-0.05553511705685618,822.0,False,top100_weighted;top100_rank;top250_weighted;top250_rank;top500_weighted;top500_rank,False
PRISM,250,weighted,crystal-violet,CRYSTALVIOLET,4,3,2,0.06994635798983626,0.14589215132693395,-0.0378317334839074,0.17687747035573123,0.1314229249011858,none,tested,310.0,0.0001999600079984003,0.0003439312137572485,5000,shared row-label permutation of full sensitivity matrix across all drugs/trajectories,6,1,1,0,0,0,-0.08903867871259176,972.5,False,top100_weighted;top100_rank;top250_weighted;top250_rank;top500_weighted;top500_rank,False
PRISM,250,weighted,curcumin,CURCUMIN,4,1,0,-0.12110367892976588,0.08209030100334447,-0.19304347826086957,0.003478260869565217,-0.14307692307692307,none,tested,1091.0,0.0001999600079984003,0.0003439312137572485,5000,shared row-label permutation of full sensitivity matrix across all drugs/trajectories,6,0,0,0,0,0,-0.08456521739130433,957.0,False,top100_weighted;top100_rank;top250_weighted;top250_rank;top500_weighted;top500_rank,False
PRISM,250,weighted,cyclocytidine,CYCLOCYTIDINE,4,1,1,-0.11820512820512821,0.2611538461538461,-0.3353846153846154,0.006153846153846154,-0.0010256410256410254,none,tested,1086.0,0.05658868226354729,0.0855246184323226,5000,shared row-label permutation of full sensitivity matrix across all drugs/trajectories,6,0,0,0,0,0,-0.12025641025641026,1108.5,False,top100_weighted;top100_rank;top250_weighted;top250_rank;top500_weighted;top500_rank,False
PRISM,250,weighted,cycloheximide,CYCLOHEXIMIDE,4,3,3,0.12807081807081805,0.39370573870573866,-0.5268376068376068,0.37846153846153846,0.23965811965811962,TierB_moderate_candidate,tested,148.0,0.22995400919816036,0.2624389505660512,5000,shared row-label permutation of full sensitivity matrix across all drugs/trajectories,6,6,6,0,2,5,0.12715506715506714,149.0,True,top100_weighted;top100_rank;top250_weighted;top250_rank;top500_weighted;top500_rank,False
PRISM,250,weighted,cyclovalone,CYCLOVALONE,4,0,0,-0.18807692307692306,0.08711538461538462,-0.33384615384615385,-0.05692307692307692,-0.19999999999999998,none,tested,1253.0,0.033593281343731254,0.054877259842149216,5000,shared row-label permutation of full sensitivity matrix across all drugs/trajectories,6,0,0,0,0,0,-0.13267094017094017,1093.5,False,top100_weighted;top100_rank;top250_weighted;top250_rank;top500_weighted;top500_rank,False
PRISM,250,weighted,cyclovirobuxin-d,CYCLOVIROBUXIND,4,0,0,-0.1617447769621683,0.23396386222473187,-0.5640880858272164,-0.029870129870129873,-0.22868435911914178,none,tested,1195.0,0.0001999600079984003,0.0003439312137572485,5000,shared row-label permutation of full sensitivity matrix across all drugs/trajectories,6,0,0,0,0,0,-0.13277809147374367,1117.0,False,top100_weighted;top100_rank;top250_weighted;top250_rank;top500_weighted;top500_rank,False
PRISM,250,weighted,cyproheptadine,CYPROHEPTADINE,4,1,1,-0.15923207227555056,0.10156691134952005,-0.26383399209486164,0.03063241106719368,-0.17786561264822137,none,tested,1188.0,0.0001999600079984003,0.0003439312137572485,5000,shared row-label permutation of full sensitivity matrix across all drugs/trajectories,6,0,0,0,0,0,-0.12260022586109542,1075.5,False,top100_weighted;top100_rank;top250_weighted;top250_rank;top500_weighted;top500_rank,False
PRISM,250,weighted,cyproterone-acetate,CYPROTERONEACETATE,4,1,1,-0.17278373800112934,0.21309994353472614,-0.2961038961038961,0.187012987012987,-0.11123658949745907,none,tested,1218.0,0.0001999600079984003,0.0003439312137572485,5000,shared row-label permutation of full sensitivity matrix across all drugs/trajectories,6,2,0,0,0,0,-0.023531902879728964,669.5,False,top100_weighted;top100_rank;top250_weighted;top250_rank;top500_weighted;top500_rank,False
PRISM,250,weighted,cyromazine,CYROMAZINE,4,3,3,0.13982213438735178,0.20773715415019764,-0.2114624505928854,0.2252173913043478,0.20553359683794467,TierB_moderate_candidate,tested,127.0,0.0001999600079984003,0.0003439312137572485,5000,shared row-label permutation of full sensitivity matrix across all drugs/trajectories,6,6,5,0,1,4,0.11611660079051384,148.5,True,top100_weighted;top100_rank;top250_weighted;top250_rank;top500_weighted;top500_rank,True
PRISM,250,weighted,cyt387,CYT387,4,2,1,-0.01926562516750206,0.1808644789084058,-0.1505536113455893,0.20353503994481148,-0.08082716922470579,none,tested,706.0,0.859628074385123,0.8821279623982825,5000,shared row-label permutation of full sensitivity matrix across all drugs/trajectories,6,2,0,0,0,0,-0.03401464204952031,763.0,False,top100_weighted;top100_rank;top250_weighted;top250_rank;top500_weighted;top500_rank,False
PRISM,250,weighted,cytarabine,CYTARABINE,4,2,2,0.16558441558441556,0.5871682665160926,-0.15979672501411638,0.4940711462450593,0.448051948051948,none,tested,82.0,0.0001999600079984003,0.0003439312137572485,5000,shared row-label permutation of full sensitivity matrix across all drugs/trajectories,6,6,3,4,6,6,0.1958498023715415,42.5,True,top100_weighted;top100_rank;top250_weighted;top250_rank;top500_weighted;top500_rank,False
PRISM,250,weighted,cytochalasin-b,CYTOCHALASINB,4,2,2,0.024615384615384615,0.24517094017094015,-0.2205128205128205,0.2863247863247863,0.10358974358974359,none,tested,482.0,0.8280343931213757,0.8576300279959548,5000,shared row-label permutation of full sensitivity matrix across all drugs/trajectories,6,2,0,0,0,0,-0.04643467643467643,816.5,False,top100_weighted;top100_rank;top250_weighted;top250_rank;top500_weighted;top500_rank,False
PRISM,250,weighted,cytochlor,CYTOCHLOR,4,0,0,-0.07350427350427349,0.1804945054945055,-0.5295726495726496,-0.02503052503052503,-0.037264957264957266,none,tested,911.0,0.48730253949210156,0.5311318766500175,5000,shared row-label permutation of full sensitivity matrix across all drugs/trajectories,6,0,0,0,0,0,-0.09324786324786324,994.0,False,top100_weighted;top100_rank;top250_weighted;top250_rank;top500_weighted;top500_rank,False
PRISM,250,weighted,dabrafenib,DABRAFENIB,4,2,2,-0.05890256288556248,0.32687252417706514,-0.2780461796964064,0.2380615839183602,0.07299449263001985,none,tested,861.0,0.08178364327134573,0.10912672320390776,5000,shared row-label permutation of full sensitivity matrix across all drugs/trajectories,6,4,1,0,0,1,0.0269577665547881,446.5,True,top100_weighted;top100_rank;top250_weighted;top250_rank;top500_weighted;top500_rank,False
PRISM,250,weighted,dacarbazine,DACARBAZINE,4,3,2,0.11014108536164788,0.1607988167806419,-0.24865050201568778,0.3001732928937156,0.09441250665945382,TierB_moderate_candidate,tested,191.0,0.0609878024395121,0.08983065265399959,5000,shared row-label permutation of full sensitivity matrix across all drugs/trajectories,6,5,5,0,0,2,0.0727495023645301,284.5,True,top100_weighted;top100_rank;top250_weighted;top250_rank;top500_weighted;top500_rank,True
PRISM,250,weighted,dacinostat,DACINOSTAT,4,1,1,-0.05565217391304347,0.05451505016722408,-0.10153846153846155,0.01217391304347826,-0.03826086956521739,none,tested,840.0,0.0001999600079984003,0.0003439312137572485,5000,shared row-label permutation of full sensitivity matrix across all drugs/trajectories,6,2,0,0,0,0,-0.035685618729096986,724.0,False,top100_weighted;top100_rank;top250_weighted;top250_rank;top500_weighted;top500_rank,False
PRISM,250,weighted,dacomitinib,DACOMITINIB,4,2,1,-0.08463357736640852,0.4582560772380144,-0.3742732143394785,0.1794178653524723,-0.297855782243093,none,tested,959.0,0.43431313737252547,0.47846232406411277,5000,shared row-label permutation of full sensitivity matrix across all drugs/trajectories,6,0,0,0,0,0,-0.15959200559584405,1188.0,False,top100_weighted;top100_rank;top250_weighted;top250_rank;top500_weighted;top500_rank,False
PRISM,250,weighted,dalcetrapib,DALCETRAPIB,4,1,1,-0.07453416149068323,0.0923913043478261,-0.16770186335403728,0.049407114624505935,-0.09994353472614344,none,tested,917.0,0.0001999600079984003,0.0003439312137572485,5000,shared row-label permutation of full sensitivity matrix across all drugs/trajectories,6,3,3,0,0,1,0.017221908526256352,510.5,False,top100_weighted;top100_rank;top250_weighted;top250_rank;top500_weighted;top500_rank,False
PRISM,250,weighted,danazol,DANAZOL,4,4,3,0.08596837944664032,0.16039525691699605,0.01652173913043478,0.29051383399209485,0.14723320158102768,none,tested,262.0,0.0001999600079984003,0.0003439312137572485,5000,shared row-label permutation of full sensitivity matrix across all drugs/trajectories,6,6,5,0,1,3,0.09922924901185771,194.5,True,top100_weighted;top100_rank;top250_weighted;top250_rank;top500_weighted;top500_rank,True
PRISM,250,weighted,danusertib,DANUSERTIB,4,2,2,-0.0027350427350427368,0.09300976800976801,-0.14256410256410257,0.059218559218559216,0.025641025641025637,none,tested,634.0,0.98000399920016,0.9822145345367017,5000,shared row-label permutation of full sensitivity matrix across all drugs/trajectories,6,0,0,0,0,0,-0.059004884004884,856.5,False,top100_weighted;top100_rank;top250_weighted;top250_rank;top500_weighted;top500_rank,False
PRISM,250,weighted,dapivirine,DAPIVIRINE,4,3,3,0.19304347826086954,0.28264214046822744,-0.22869565217391302,0.4323076923076923,0.2713043478260869,TierA_strong_collateral,tested,51.0,0.0001999600079984003,0.0003439312137572485,5000,shared row-label permutation of full sensitivity matrix across all drugs/trajectories,6,6,6,1,4,5,0.1677926421404682,70.5,True,top100_weighted;top100_rank;top250_weighted;top250_rank;top500_weighted;top500_rank,True
PRISM,250,weighted,darapladib,DARAPLADIB,4,1,1,-0.11478260869565216,0.13974916387959865,-0.3095652173913043,0.0876923076923077,-0.08782608695652173,none,tested,1075.0,0.0001999600079984003,0.0003439312137572485,5000,shared row-label permutation of full sensitivity matrix across all drugs/trajectories,6,1,0,0,0,0,-0.08596989966555182,956.5,False,top100_weighted;top100_rank;top250_weighted;top250_rank;top500_weighted;top500_rank,False
PRISM,250,weighted,darifenacin,DARIFENACIN,4,3,3,0.12662393162393162,0.3367948717948718,-0.33615384615384614,0.3353846153846154,0.23923076923076922,TierB_moderate_candidate,tested,153.0,0.05438912217556489,0.0831430044266376,5000,shared row-label permutation of full sensitivity matrix across all drugs/trajectories,6,4,3,0,1,2,0.058952991452991446,335.5,True,top100_weighted;top100_rank;top250_weighted;top250_rank;top500_weighted;top500_rank,False
PRISM,250,weighted,dasatinib,DASATINIB,4,2,1,0.12530508659356393,0.46340991835623446,-0.3158919110708711,0.3482351539888022,-0.07294701480064684,none,tested,157.0,0.0591881623675265,0.08825259556589801,5000,shared row-label permutation of full sensitivity matrix across all drugs/trajectories,6,5,2,0,0,3,0.10831475120578354,197.5,True,top100_weighted;top100_rank;top250_weighted;top250_rank;top500_weighted;top500_rank,False
PRISM,250,weighted,daunorubicin,DAUNORUBICIN,4,1,1,-0.08416012917713597,0.09583616273106164,-0.12350327899571577,0.2577886858510397,-0.08381801483088745,none,tested,956.0,0.45150969806038793,0.49658616131559163,5000,shared row-label permutation of full sensitivity matrix across all drugs/trajectories,6,2,0,0,0,0,-0.04242217893481651,752.5,False,top100_weighted;top100_rank;top250_weighted;top250_rank;top500_weighted;top500_rank,False
PRISM,250,weighted,decitabine,DECITABINE,4,3,3,0.14518553775049484,0.2853798407286193,-0.09331812717375042,0.36556764480075127,0.2589578029071574,TierB_moderate_candidate,tested,118.0,0.04579084183163367,0.07240710813946344,5000,shared row-label permutation of full sensitivity matrix across all drugs/trajectories,6,6,4,1,3,5,0.15705893465920662,101.0,True,top100_weighted;top100_rank;top250_weighted;top250_rank;top500_weighted;top500_rank,True
PRISM,250,weighted,deferasirox,DEFERASIROX,4,3,3,0.14217391304347826,0.275928093645485,-0.1408695652173913,0.27153846153846156,0.2573913043478261,TierB_moderate_candidate,tested,125.0,0.0001999600079984003,0.0003439312137572485,5000,shared row-label permutation of full sensitivity matrix across all drugs/trajectories,6,6,2,0,0,2,0.0543561872909699,351.5,True,top100_weighted;top100_rank;top250_weighted;top250_rank;top500_weighted;top500_rank,False
PRISM,250,weighted,deflazacort,DEFLAZACORT,4,3,2,0.11023411371237457,0.2505183946488294,-0.41478260869565214,0.1843478260869565,0.043076923076923075,TierB_moderate_candidate,tested,190.0,0.0001999600079984003,0.0003439312137572485,5000,shared row-label permutation of full sensitivity matrix across all drugs/trajectories,6,1,1,0,0,1,-0.0307943143812709,740.5,False,top100_weighted;top100_rank;top250_weighted;top250_rank;top500_weighted;top500_rank,False
PRISM,250,weighted,deforolimus,DEFOROLIMUS,4,1,1,-0.05432234432234431,0.18849206349206346,-0.362051282051282,0.2526495726495726,-0.03111111111111111,none,tested,832.0,0.6290741851629674,0.6676400388712067,5000,shared row-label permutation of full sensitivity matrix across all drugs/trajectories,6,4,2,0,0,0,0.016935286935286932,506.0,True,top100_weighted;top100_rank;top250_weighted;top250_rank;top500_weighted;top500_rank,False
PRISM,250,weighted,dehydrocholate-acid,DEHYDROCHOLATEACID,4,2,2,-0.06438127090301002,0.22147157190635447,-0.2834782608695652,0.13304347826086957,0.013846153846153848,none,tested,875.0,0.0001999600079984003,0.0003439312137572485,5000,shared row-label permutation of full sensitivity matrix across all drugs/trajectories,6,3,0,0,0,1,0.004038461538461543,553.5,False,top100_weighted;top100_rank;top250_weighted;top250_rank;top500_weighted;top500_rank,False
PRISM,250,weighted,delanzomib,DELANZOMIB,4,2,2,-0.02264957264957265,0.1446794871794872,-0.07923076923076922,0.2753846153846154,0.0147008547008547,none,tested,723.0,0.09758048390321936,0.12202137433676492,5000,shared row-label permutation of full sensitivity matrix across all drugs/trajectories,6,5,0,0,0,1,0.04568376068376068,377.5,True,top100_weighted;top100_rank;top250_weighted;top250_rank;top500_weighted;top500_rank,False
PRISM,250,weighted,demecarium,DEMECARIUM,4,3,3,0.09461538461538463,0.18895299145299146,-0.2946153846153846,0.14735042735042733,0.14692307692307693,none,tested,242.0,0.07038592281543692,0.09928511652166921,5000,shared row-label permutation of full sensitivity matrix across all drugs/trajectories,6,6,6,1,3,5,0.15715811965811965,83.0,True,top100_weighted;top100_rank;top250_weighted;top250_rank;top500_weighted;top500_rank,True
PRISM,250,weighted,deoxycorticosterone-acetate,DEOXYCORTICOSTERONEACETATE,4,3,3,0.04100790513833992,0.11364624505928853,-0.15019762845849804,0.2895652173913043,0.043478260869565216,none,tested,419.0,0.0001999600079984003,0.0003439312137572485,5000,shared row-label permutation of full sensitivity matrix across all drugs/trajectories,6,5,4,0,2,2,0.060335968379446644,308.5,True,top100_weighted;top100_rank;top250_weighted;top250_rank;top500_weighted;top500_rank,True
PRISM,250,weighted,dequalinium,DEQUALINIUM,4,3,3,0.06322742474916387,0.1379849498327759,-0.19304347826086957,0.24260869565217388,0.0826086956521739,none,tested,336.0,0.0001999600079984003,0.0003439312137572485,5000,shared row-label permutation of full sensitivity matrix across all drugs/trajectories,6,6,3,0,0,1,0.05392140468227424,356.0,True,top100_weighted;top100_rank;top250_weighted;top250_rank;top500_weighted;top500_rank,False
PRISM,250,weighted,desonide,DESONIDE,4,3,2,0.026772575250836116,0.1447240802675585,-0.31999999999999995,0.2026086956521739,0.017391304347826087,none,tested,477.0,0.0001999600079984003,0.0003439312137572485,5000,shared row-label permutation of full sensitivity matrix across all drugs/trajectories,6,1,1,0,0,0,-0.1514799331103679,1167.0,False,top100_weighted;top100_rank;top250_weighted;top250_rank;top500_weighted;top500_rank,False
PRISM,250,weighted,desoxycortone,DESOXYCORTONE,4,1,0,-0.08934782608695652,0.2031818181818182,-0.2658102766798419,0.10474308300395258,-0.16304347826086957,none,tested,971.0,0.0001999600079984003,0.0003439312137572485,5000,shared row-label permutation of full sensitivity matrix across all drugs/trajectories,6,2,0,0,0,0,-0.0649901185770751,852.5,False,top100_weighted;top100_rank;top250_weighted;top250_rank;top500_weighted;top500_rank,False
PRISM,250,weighted,dexamethasone-acetate,DEXAMETHASONEACETATE,4,4,3,0.15923207227555058,0.14123376623376627,0.047995482778091486,0.3656126482213439,0.20045172219085267,TierA_strong_collateral,tested,98.0,0.0001999600079984003,0.0003439312137572485,5000,shared row-label permutation of full sensitivity matrix across all drugs/trajectories,6,6,6,0,2,4,0.12380011293054774,144.5,True,top100_weighted;top100_rank;top250_weighted;top250_rank;top500_weighted;top500_rank,True
PRISM,250,weighted,dianhydrogalactitol,DIANHYDROGALACTITOL,4,2,2,-0.0146153846153846,0.4255982905982906,-0.3531623931623932,0.2230769230769231,0.17307692307692307,none,tested,690.0,0.09958008398320337,0.1229458905266917,5000,shared row-label permutation of full sensitivity matrix across all drugs/trajectories,6,3,0,0,0,0,-0.0015384615384615268,579.5,False,top100_weighted;top100_rank;top250_weighted;top250_rank;top500_weighted;top500_rank,False
PRISM,250,weighted,diaveridine,DIAVERIDINE,4,1,1,-0.04739130434782608,0.12183110367892976,-0.20384615384615384,0.15565217391304348,-0.02608695652173913,none,tested,801.0,0.0001999600079984003,0.0003439312137572485,5000,shared row-label permutation of full sensitivity matrix across all drugs/trajectories,6,5,1,0,0,0,0.013553511705685615,516.0,True,top100_weighted;top100_rank;top250_weighted;top250_rank;top500_weighted;top500_rank,False
PRISM,250,weighted,diazooxonorleucine,DIAZOOXONORLEUCINE,4,3,3,0.19869565217391302,0.18383399209486168,-0.2658102766798419,0.41996047430830047,0.2069565217391304,TierA_strong_collateral,tested,48.0,0.0001999600079984003,0.0003439312137572485,5000,shared row-label permutation of full sensitivity matrix across all drugs/trajectories,6,4,4,2,2,2,0.07282608695652174,296.5,True,top100_weighted;top100_rank;top250_weighted;top250_rank;top500_weighted;top500_rank,True
PRISM,250,weighted,dichlorisone-acetate,DICHLORISONEACETATE,4,1,1,-0.11744776962168268,0.11656549971767365,-0.1609260304912479,0.09189723320158102,-0.08187464709203841,none,tested,1082.0,0.0001999600079984003,0.0003439312137572485,5000,shared row-label permutation of full sensitivity matrix across all drugs/trajectories,6,0,0,0,0,0,-0.06871118012422361,915.5,False,top100_weighted;top100_rank;top250_weighted;top250_rank;top500_weighted;top500_rank,False
PRISM,250,weighted,dichloroacetate,DICHLOROACETATE,4,4,3,0.15674350997340122,0.05536274476788755,0.12626906806902632,0.22495589946910138,0.13628281869482203,TierA_strong_collateral,tested,101.0,0.14737052589482103,0.1714178979212883,5000,shared row-label permutation of full sensitivity matrix across all drugs/trajectories,6,6,6,0,1,6,0.13639283255835294,111.0,True,top100_weighted;top100_rank;top250_weighted;top250_rank;top500_weighted;top500_rank,False
PRISM,250,weighted,dichlorvos,DICHLORVOS,4,3,3,0.09695970695970696,0.22447496947496948,-0.18974358974358974,0.22529914529914527,0.17743589743589744,none,tested,232.0,0.3779244151169766,0.4189856957951718,5000,shared row-label permutation of full sensitivity matrix across all drugs/trajectories,6,6,6,1,4,5,0.1564102564102564,75.5,True,top100_weighted;top100_rank;top250_weighted;top250_rank;top500_weighted;top500_rank,False
PRISM,250,weighted,diclazuril,DICLAZURIL,4,0,0,-0.2766798418972332,0.25816205533596837,-0.42,-0.009881422924901188,-0.3804347826086957,none,tested,1318.0,0.0001999600079984003,0.0003439312137572485,5000,shared row-label permutation of full sensitivity matrix across all drugs/trajectories,6,1,0,0,0,0,-0.19276679841897232,1243.0,False,top100_weighted;top100_rank;top250_weighted;top250_rank;top500_weighted;top500_rank,False
PRISM,250,weighted,dicycloverine,DICYCLOVERINE,4,1,1,-0.05307735742518352,0.11974167137210617,-0.208498023715415,0.11801242236024848,-0.07848673066064371,none,tested,829.0,0.0001999600079984003,0.0003439312137572485,5000,shared row-label permutation of full sensitivity matrix across all drugs/trajectories,6,1,0,0,0,0,-0.05653585544889893,856.5,False,top100_weighted;top100_rank;top250_weighted;top250_rank;top500_weighted;top500_rank,False
PRISM,250,weighted,dienogest,DIENOGEST,4,3,2,0.12690570299265952,0.3588015245623942,-0.34683794466403167,0.39130434782608703,0.24308300395256918,TierB_moderate_candidate,tested,152.0,0.0001999600079984003,0.0003439312137572485,5000,shared row-label permutation of full sensitivity matrix across all drugs/trajectories,6,5,4,0,0,2,0.05999435347261435,342.5,True,top100_weighted;top100_rank;top250_weighted;top250_rank;top500_weighted;top500_rank,True
PRISM,250,weighted,difluprednate,DIFLUPREDNATE,4,2,2,-0.010341880341880341,0.32147435897435894,-0.22615384615384618,0.17615384615384613,0.13692307692307693,none,tested,665.0,0.11117776444711058,0.13161630551332007,5000,shared row-label permutation of full sensitivity matrix across all drugs/trajectories,6,2,0,0,0,0,-0.008141025641025635,640.0,False,top100_weighted;top100_rank;top250_weighted;top250_rank;top500_weighted;top500_rank,False
PRISM,250,weighted,digitoxigenin,DIGITOXIGENIN,4,2,2,-0.014529914529914537,0.2976282051282051,-0.3792307692307692,0.4553846153846154,0.04478632478632478,none,tested,689.0,0.10577884423115377,0.12714445388649953,5000,shared row-label permutation of full sensitivity matrix across all drugs/trajectories,6,1,1,0,0,0,-0.029252136752136754,748.0,False,top100_weighted;top100_rank;top250_weighted;top250_rank;top500_weighted;top500_rank,False
PRISM,250,weighted,digoxigenin,DIGOXIGENIN,4,1,1,-0.01665551839464883,0.15675585284280935,-0.16869565217391302,0.38608695652173913,-0.004615384615384616,none,tested,700.0,0.0001999600079984003,0.0003439312137572485,5000,shared row-label permutation of full sensitivity matrix across all drugs/trajectories,6,1,0,0,0,0,-0.08913043478260868,970.5,False,top100_weighted;top100_rank;top250_weighted;top250_rank;top500_weighted;top500_rank,False
PRISM,250,weighted,digoxin,DIGOXIN,4,1,1,-0.07464426877470356,0.17212450592885375,-0.21047430830039524,0.2440711462450593,-0.03565217391304347,none,tested,918.0,0.0001999600079984003,0.0003439312137572485,5000,shared row-label permutation of full sensitivity matrix across all drugs/trajectories,6,0,0,0,0,0,-0.07776679841897233,942.5,False,top100_weighted;top100_rank;top250_weighted;top250_rank;top500_weighted;top500_rank,False
PRISM,250,weighted,dihydroartemisinin,DIHYDROARTEMISININ,4,3,3,0.07158119658119658,0.2569871794871795,-0.30999999999999994,0.3576923076923077,0.13162393162393163,none,tested,305.0,0.07518496300739852,0.10321478443755121,5000,shared row-label permutation of full sensitivity matrix across all drugs/trajectories,6,5,2,0,0,2,0.07032051282051281,291.0,True,top100_weighted;top100_rank;top250_weighted;top250_rank;top500_weighted;top500_rank,False
PRISM,250,weighted,dihydroergocristine,DIHYDROERGOCRISTINE,4,1,1,-0.1751129305477132,0.29520750988142297,-0.3562958780350085,0.313382269904009,-0.0899209486166008,none,tested,1225.0,0.0001999600079984003,0.0003439312137572485,5000,shared row-label permutation of full sensitivity matrix across all drugs/trajectories,6,0,0,0,0,0,-0.20299265951439868,1270.5,False,top100_weighted;top100_rank;top250_weighted;top250_rank;top500_weighted;top500_rank,False
PRISM,250,weighted,dihydromyricetin,DIHYDROMYRICETIN,4,1,1,-0.1097008547008547,0.1542948717948718,-0.2169230769230769,0.04769230769230769,-0.050940170940170934,none,tested,1053.0,0.0653869226154769,0.0948430553279986,5000,shared row-label permutation of full sensitivity matrix across all drugs/trajectories,6,0,0,0,0,0,-0.10408119658119658,1052.0,False,top100_weighted;top100_rank;top250_weighted;top250_rank;top500_weighted;top500_rank,False
PRISM,250,weighted,dinaciclib,DINACICLIB,4,1,1,-0.16888888888888887,0.13210622710622705,-0.34004884004884,0.17811965811965808,-0.17059829059829057,none,tested,1208.0,0.11757648470305938,0.13845358136853195,5000,shared row-label permutation of full sensitivity matrix across all drugs/trajectories,6,0,0,0,0,0,-0.09725274725274724,999.0,False,top100_weighted;top100_rank;top250_weighted;top250_rank;top500_weighted;top500_rank,False
PRISM,250,weighted,dioscin,DIOSCIN,4,1,1,-0.016304347826086956,0.07344014680971203,-0.101072840203275,0.17193675889328064,-0.012845849802371542,none,tested,699.0,0.0001999600079984003,0.0003439312137572485,5000,shared row-label permutation of full sensitivity matrix across all drugs/trajectories,6,2,2,0,0,0,-0.016798418972332016,665.0,False,top100_weighted;top100_rank;top250_weighted;top250_rank;top500_weighted;top500_rank,False
PRISM,250,weighted,diphemanil,DIPHEMANIL,4,1,1,-0.10968379446640317,0.11942687747035573,-0.13043478260869565,0.2939130434782608,-0.1007905138339921,none,tested,1052.0,0.0001999600079984003,0.0003439312137572485,5000,shared row-label permutation of full sensitivity matrix across all drugs/trajectories,6,0,0,0,0,0,-0.05632411067193675,841.5,False,top100_weighted;top100_rank;top250_weighted;top250_rank;top500_weighted;top500_rank,False
PRISM,250,weighted,diphenyleneiodonium,DIPHENYLENEIODONIUM,4,1,1,-0.05780632411067193,0.1262351778656126,-0.1432806324110672,0.31719367588932806,-0.06521739130434781,none,tested,851.0,0.0001999600079984003,0.0003439312137572485,5000,shared row-label permutation of full sensitivity matrix across all drugs/trajectories,6,0,0,0,0,0,-0.18111660079051384,1197.0,False,top100_weighted;top100_rank;top250_weighted;top250_rank;top500_weighted;top500_rank,False
PRISM,250,weighted,dirithromycin,DIRITHROMYCIN,4,2,1,0.0041304347826086885,0.35656126482213435,-0.2440711462450593,0.17913043478260868,-0.16304347826086957,none,tested,597.0,0.0001999600079984003,0.0003439312137572485,5000,shared row-label permutation of full sensitivity matrix across all drugs/trajectories,6,2,0,0,0,0,-0.00959486166007906,611.5,False,top100_weighted;top100_rank;top250_weighted;top250_rank;top500_weighted;top500_rank,False
PRISM,250,weighted,disulfiram,DISULFIRAM,4,4,3,0.28003663003663,0.13772283272283267,0.15965811965811963,0.41128205128205125,0.32991452991452985,TierA_strong_collateral,tested,7.0,0.009998000399920015,0.017108259991133995,5000,shared row-label permutation of full sensitivity matrix across all drugs/trajectories,6,6,6,3,3,4,0.18976190476190474,65.5,True,top100_weighted;top100_rank;top250_weighted;top250_rank;top500_weighted;top500_rank,True
PRISM,250,weighted,docetaxel,DOCETAXEL,4,3,3,0.14829641674943067,0.3353515641704217,-0.2882480815577774,0.30697578851691415,0.27266014785059656,TierB_moderate_candidate,tested,111.0,0.16496700659868027,0.19171841307414195,5000,shared row-label permutation of full sensitivity matrix across all drugs/trajectories,6,3,2,0,0,2,-0.004232694824869003,597.0,False,top100_weighted;top100_rank;top250_weighted;top250_rank;top500_weighted;top500_rank,False
PRISM,250,weighted,dofetilide,DOFETILIDE,4,3,3,0.07086391869000565,0.09980237154150198,-0.02992659514398645,0.27272727272727276,0.08695652173913043,none,tested,307.0,0.0001999600079984003,0.0003439312137572485,5000,shared row-label permutation of full sensitivity matrix across all drugs/trajectories,6,6,5,3,3,4,0.13668125352907962,115.5,True,top100_weighted;top100_rank;top250_weighted;top250_rank;top500_weighted;top500_rank,True
PRISM,250,weighted,dolastatin-10,DOLASTATIN10,4,2,2,-0.09141025641025641,0.2721153846153846,-0.3723076923076923,0.08923076923076922,0.013076923076923076,none,tested,977.0,0.06818636272745451,0.09762880936165078,5000,shared row-label permutation of full sensitivity matrix across all drugs/trajectories,6,1,0,0,0,0,-0.12059829059829058,1081.5,False,top100_weighted;top100_rank;top250_weighted;top250_rank;top500_weighted;top500_rank,False
PRISM,250,weighted,dolutegravir,DOLUTEGRAVIR,4,3,2,0.1358695652173913,0.24957509881422923,-0.2707509881422925,0.3095652173913043,0.20553359683794467,TierB_moderate_candidate,tested,132.0,0.0001999600079984003,0.0003439312137572485,5000,shared row-label permutation of full sensitivity matrix across all drugs/trajectories,6,5,3,0,0,2,0.06384387351778656,334.5,True,top100_weighted;top100_rank;top250_weighted;top250_rank;top500_weighted;top500_rank,False
PRISM,250,weighted,domiphen,DOMIPHEN,4,3,2,0.28699604743082996,0.3299505928853754,-0.4140316205533597,0.40513833992094866,0.37043478260869556,TierA_strong_collateral,tested,6.0,0.0001999600079984003,0.0003439312137572485,5000,shared row-label permutation of full sensitivity matrix across all drugs/trajectories,6,6,3,2,2,3,0.09552371541501976,253.0,True,top100_weighted;top100_rank;top250_weighted;top250_rank;top500_weighted;top500_rank,False
PRISM,250,weighted,domperidone,DOMPERIDONE,4,3,2,0.23148829431438128,0.3770150501672241,-0.4408695652173913,0.3930434782608695,0.34384615384615386,TierA_strong_collateral,tested,21.0,0.0001999600079984003,0.0003439312137572485,5000,shared row-label permutation of full sensitivity matrix across all drugs/trajectories,6,3,1,1,1,1,-0.04692307692307692,775.5,False,top100_weighted;top100_rank;top250_weighted;top250_rank;top500_weighted;top500_rank,False
PRISM,250,weighted,dorzolamide,DORZOLAMIDE,4,2,1,0.02269904009034444,0.12219085262563524,-0.2571428571428571,0.07171089779785433,-0.003952569169960475,none,tested,491.0,0.0001999600079984003,0.0003439312137572485,5000,shared row-label permutation of full sensitivity matrix across all drugs/trajectories,6,4,2,0,1,1,0.01931112365894975,500.0,True,top100_weighted;top100_rank;top250_weighted;top250_rank;top500_weighted;top500_rank,False
PRISM,250,weighted,dovitinib,DOVITINIB,4,1,1,-0.05156085952162931,0.1262906112170099,-0.18199278890645626,0.16373573539299585,-0.02498853942686471,none,tested,821.0,0.6296740651869626,0.6677450508307248,5000,shared row-label permutation of full sensitivity matrix across all drugs/trajectories,6,1,0,0,0,0,-0.00783339367792648,621.5,False,top100_weighted;top100_rank;top250_weighted;top250_rank;top500_weighted;top500_rank,False
PRISM,250,weighted,doxorubicin,DOXORUBICIN,4,2,1,-0.01435897435897436,0.1641391941391941,-0.15418803418803417,0.12698412698412695,-0.07692307692307691,none,tested,687.0,0.8982203559288142,0.912597358577065,5000,shared row-label permutation of full sensitivity matrix across all drugs/trajectories,6,0,0,0,0,0,-0.025299145299145297,701.0,False,top100_weighted;top100_rank;top250_weighted;top250_rank;top500_weighted;top500_rank,False
PRISM,250,weighted,doxycycline,DOXYCYCLINE,4,2,2,-0.010354090354090354,0.18014652014652016,-0.37025641025641026,0.09743589743589742,0.031794871794871796,none,tested,666.0,0.9260147970405919,0.935134639738719,5000,shared row-label permutation of full sensitivity matrix across all drugs/trajectories,6,1,1,0,0,0,-0.0421978021978022,781.5,False,top100_weighted;top100_rank;top250_weighted;top250_rank;top500_weighted;top500_rank,False
PRISM,250,weighted,dronedarone,DRONEDARONE,4,2,2,0.027244494635798987,0.210544889892716,-0.4251835121400339,0.14172783738001132,0.07312252964426878,none,tested,474.0,0.0001999600079984003,0.0003439312137572485,5000,shared row-label permutation of full sensitivity matrix across all drugs/trajectories,6,3,0,0,0,0,-0.015527950310559008,636.5,False,top100_weighted;top100_rank;top250_weighted;top250_rank;top500_weighted;top500_rank,False
PRISM,250,weighted,drospirenone,DROSPIRENONE,4,3,3,0.06666666666666667,0.14884615384615385,-0.15923076923076923,0.16538461538461538,0.11179487179487178,none,tested,322.0,0.07638472305538892,0.1046462855424804,5000,shared row-label permutation of full sensitivity matrix across all drugs/trajectories,6,3,3,0,0,0,0.011089743589743588,511.5,False,top100_weighted;top100_rank;top250_weighted;top250_rank;top500_weighted;top500_rank,False
PRISM,250,weighted,ebastine,EBASTINE,4,3,2,0.07887351778656126,0.17661067193675892,-0.2391304347826087,0.1422924901185771,0.024703557312252968,none,tested,283.0,0.0001999600079984003,0.0003439312137572485,5000,shared row-label permutation of full sensitivity matrix across all drugs/trajectories,6,1,1,0,0,0,-0.07644268774703557,934.5,False,top100_weighted;top100_rank;top250_weighted;top250_rank;top500_weighted;top500_rank,False
PRISM,250,weighted,echinomycin,ECHINOMYCIN,4,3,3,0.05093645484949833,0.1416220735785953,-0.07739130434782608,0.24086956521739128,0.09230769230769231,none,tested,373.0,0.0001999600079984003,0.0003439312137572485,5000,shared row-label permutation of full sensitivity matrix across all drugs/trajectories,6,6,6,1,2,4,0.128628762541806,127.5,True,top100_weighted;top100_rank;top250_weighted;top250_rank;top500_weighted;top500_rank,True
PRISM,250,weighted,efonidipine-monoethanolate,EFONIDIPINEMONOETHANOLATE,4,2,1,0.01811965811965812,0.3838949938949939,-0.2148962148962149,0.5535042735042734,-0.10974358974358973,none,tested,519.0,0.8688262347530494,0.8895125736757411,5000,shared row-label permutation of full sensitivity matrix across all drugs/trajectories,6,4,2,0,0,0,0.022222222222222223,493.5,True,top100_weighted;top100_rank;top250_weighted;top250_rank;top500_weighted;top500_rank,False
PRISM,250,weighted,elacridar,ELACRIDAR,4,1,0,-0.205,0.40902173913043477,-0.45652173913043476,0.2495652173913043,-0.36,none,tested,1283.0,0.0001999600079984003,0.0003439312137572485,5000,shared row-label permutation of full sensitivity matrix across all drugs/trajectories,6,1,0,0,0,0,-0.14950668896321068,1141.0,False,top100_weighted;top100_rank;top250_weighted;top250_rank;top500_weighted;top500_rank,False
PRISM,250,weighted,elesclomol,ELESCLOMOL,4,4,3,0.165411201402882,0.1815050407169369,0.09041109145002246,0.44451290085290496,0.2273975936470262,TierA_strong_collateral,tested,84.0,0.126374725054989,0.14815963808117885,5000,shared row-label permutation of full sensitivity matrix across all drugs/trajectories,6,6,6,2,3,6,0.15488036404648733,103.0,True,top100_weighted;top100_rank;top250_weighted;top250_rank;top500_weighted;top500_rank,False
PRISM,250,weighted,eltrombopag,ELTROMBOPAG,4,3,3,0.18551282051282053,0.31788461538461543,-0.2230769230769231,0.3830769230769231,0.2964102564102564,TierA_strong_collateral,tested,57.0,0.03139372125574885,0.05204954034068808,5000,shared row-label permutation of full sensitivity matrix across all drugs/trajectories,6,6,4,1,4,5,0.1744017094017094,74.0,True,top100_weighted;top100_rank;top250_weighted;top250_rank;top500_weighted;top500_rank,True
PRISM,250,weighted,embelin,EMBELIN,4,1,1,-0.08596837944664032,0.18338509316770185,-0.2532467532467532,0.022077922077922082,-0.009599096555618296,none,tested,961.0,0.0001999600079984003,0.0003439312137572485,5000,shared row-label permutation of full sensitivity matrix across all drugs/trajectories,6,3,1,0,0,0,-0.0022727272727272752,591.5,False,top100_weighted;top100_rank;top250_weighted;top250_rank;top500_weighted;top500_rank,False
PRISM,250,weighted,emetine,EMETINE,4,1,1,-0.13487179487179485,0.10961538461538461,-0.25153846153846154,0.005384615384615384,-0.10461538461538461,none,tested,1132.0,0.051789642071585686,0.07999489325773317,5000,shared row-label permutation of full sensitivity matrix across all drugs/trajectories,6,0,0,0,0,0,-0.13685897435897434,1130.0,False,top100_weighted;top100_rank;top250_weighted;top250_rank;top500_weighted;top500_rank,False
PRISM,250,weighted,endo-IWR-1,ENDOIWR1,4,1,0,-0.15418803418803417,0.186025641025641,-0.3205128205128205,0.06666666666666665,-0.21367521367521364,none,tested,1184.0,0.14597080583883223,0.16993806478878895,5000,shared row-label permutation of full sensitivity matrix across all drugs/trajectories,6,0,0,0,0,0,-0.16577533577533576,1216.0,False,top100_weighted;top100_rank;top250_weighted;top250_rank;top500_weighted;top500_rank,False
PRISM,250,weighted,enocitabine,ENOCITABINE,4,3,2,0.19872953133822702,0.10231507622811972,-0.015584415584415586,0.3155844155844156,0.21174477696216829,TierA_strong_collateral,tested,47.0,0.0001999600079984003,0.0003439312137572485,5000,shared row-label permutation of full sensitivity matrix across all drugs/trajectories,6,6,4,1,1,4,0.10824392998306043,168.0,True,top100_weighted;top100_rank;top250_weighted;top250_rank;top500_weighted;top500_rank,True
PRISM,250,weighted,enoximone,ENOXIMONE,4,3,2,0.10816205533596837,0.10493083003952569,-0.03853754940711463,0.2005928853754941,0.13826086956521738,TierB_moderate_candidate,tested,195.0,0.0001999600079984003,0.0003439312137572485,5000,shared row-label permutation of full sensitivity matrix across all drugs/trajectories,6,5,5,0,1,4,0.11115612648221343,186.0,True,top100_weighted;top100_rank;top250_weighted;top250_rank;top500_weighted;top500_rank,True
PRISM,250,weighted,entinostat,ENTINOSTAT,4,3,2,0.06076923076923077,0.11754273504273505,-0.15461538461538463,0.1863247863247863,0.03923076923076923,none,tested,343.0,0.07918416316736653,0.10705120639158172,5000,shared row-label permutation of full sensitivity matrix across all drugs/trajectories,6,5,4,0,0,0,0.026346153846153846,465.5,True,top100_weighted;top100_rank;top250_weighted;top250_rank;top500_weighted;top500_rank,False
PRISM,250,weighted,enzalutamide,ENZALUTAMIDE,4,2,1,-0.020694522868435917,0.1404573687182383,-0.13116883116883118,0.15844155844155844,-0.06606437041219651,none,tested,714.0,0.0001999600079984003,0.0003439312137572485,5000,shared row-label permutation of full sensitivity matrix across all drugs/trajectories,6,1,0,0,0,0,-0.03502258610954263,743.0,False,top100_weighted;top100_rank;top250_weighted;top250_rank;top500_weighted;top500_rank,False
PRISM,250,weighted,epiandrosterone,EPIANDROSTERONE,4,1,1,-0.09740259740259742,0.25139751552795037,-0.34675324675324676,0.18351214003387917,-0.17662337662337665,none,tested,1008.0,0.0001999600079984003,0.0003439312137572485,5000,shared row-label permutation of full sensitivity matrix across all drugs/trajectories,6,2,2,0,0,0,-0.03218520609824957,720.0,False,top100_weighted;top100_rank;top250_weighted;top250_rank;top500_weighted;top500_rank,False
PRISM,250,weighted,epinastine,EPINASTINE,4,3,3,0.13833992094861658,0.3328627893845285,-0.17560700169395824,0.34952004517221913,0.2727272727272727,TierB_moderate_candidate,tested,128.0,0.0001999600079984003,0.0003439312137572485,5000,shared row-label permutation of full sensitivity matrix across all drugs/trajectories,6,6,6,4,4,6,0.18898221343873517,33.5,True,top100_weighted;top100_rank;top250_weighted;top250_rank;top500_weighted;top500_rank,True
PRISM,250,weighted,eplerenone,EPLERENONE,4,2,1,0.004358974358974366,0.22226495726495726,-0.2998290598290598,0.1794871794871795,-0.06393162393162392,none,tested,593.0,0.966006798640272,0.9703745761774548,5000,shared row-label permutation of full sensitivity matrix across all drugs/trajectories,6,4,3,0,0,0,0.015940170940170945,513.5,True,top100_weighted;top100_rank;top250_weighted;top250_rank;top500_weighted;top500_rank,False
PRISM,250,weighted,epothilone-a,EPOTHILONEA,4,0,0,-0.09213675213675214,0.12506410256410255,-0.28615384615384615,-0.008461538461538461,-0.05504273504273505,none,tested,983.0,0.07098580283943211,0.09960428966838211,5000,shared row-label permutation of full sensitivity matrix across all drugs/trajectories,6,1,0,0,0,0,-0.09952991452991453,1001.0,False,top100_weighted;top100_rank;top250_weighted;top250_rank;top500_weighted;top500_rank,False
PRISM,250,weighted,epothilone-b,EPOTHILONEB,4,2,2,-0.06080267558528428,0.2859698996655518,-0.20173913043478262,0.1434782608695652,0.0723076923076923,none,tested,863.0,0.0001999600079984003,0.0003439312137572485,5000,shared row-label permutation of full sensitivity matrix across all drugs/trajectories,6,0,0,0,0,0,-0.10263377926421405,1001.5,False,top100_weighted;top100_rank;top250_weighted;top250_rank;top500_weighted;top500_rank,False
PRISM,250,weighted,eprosartan,EPROSARTAN,4,2,2,0.010830039525691726,0.4400889328063241,-0.2005928853754941,0.3678260869565217,0.20948616600790515,none,tested,564.0,0.0001999600079984003,0.0003439312137572485,5000,shared row-label permutation of full sensitivity matrix across all drugs/trajectories,6,4,0,0,0,0,0.03308300395256919,443.0,True,top100_weighted;top100_rank;top250_weighted;top250_rank;top500_weighted;top500_rank,False
PRISM,250,weighted,eptifibatide,EPTIFIBATIDE,4,3,2,0.0512987012987013,0.2038961038961039,-0.4025974025974026,0.20649350649350648,0.016883116883116882,none,tested,370.0,0.0001999600079984003,0.0003439312137572485,5000,shared row-label permutation of full sensitivity matrix across all drugs/trajectories,6,6,6,0,1,2,0.08441558441558442,248.5,True,top100_weighted;top100_rank;top250_weighted;top250_rank;top500_weighted;top500_rank,True
PRISM,250,weighted,equol,EQUOL,4,2,1,-0.14680971202710333,0.352343308865048,-0.3946922642574817,0.03557312252964427,-0.30999435347261434,none,tested,1170.0,0.0001999600079984003,0.0003439312137572485,5000,shared row-label permutation of full sensitivity matrix across all drugs/trajectories,6,0,0,0,0,0,-0.11649491812535291,1058.0,False,top100_weighted;top100_rank;top250_weighted;top250_rank;top500_weighted;top500_rank,False
PRISM,250,weighted,erastin,ERASTIN,4,1,1,-0.06380575945793338,0.1957580463015246,-0.2862789384528515,0.15118577075098816,-0.006211180124223602,none,tested,873.0,0.0001999600079984003,0.0003439312137572485,5000,shared row-label permutation of full sensitivity matrix across all drugs/trajectories,6,3,3,0,0,0,0.010446075663466971,525.5,False,top100_weighted;top100_rank;top250_weighted;top250_rank;top500_weighted;top500_rank,False
PRISM,250,weighted,ercalcitriol,ERCALCITRIOL,4,3,2,0.09373235460191984,0.22568464144551104,-0.22642574816487862,0.43577075098814233,0.13382269904009036,none,tested,244.0,0.0001999600079984003,0.0003439312137572485,5000,shared row-label permutation of full sensitivity matrix across all drugs/trajectories,6,4,3,0,0,2,0.051277526821005094,394.0,True,top100_weighted;top100_rank;top250_weighted;top250_rank;top500_weighted;top500_rank,False
PRISM,250,weighted,erdafitinib,ERDAFITINIB,4,2,2,-0.020327498588368156,0.23291925465838514,-0.19367588932806326,0.36194240542066636,0.042348955392433656,none,tested,713.0,0.0001999600079984003,0.0003439312137572485,5000,shared row-label permutation of full sensitivity matrix across all drugs/trajectories,6,2,2,0,0,0,-0.006740542066629022,604.0,False,top100_weighted;top100_rank;top250_weighted;top250_rank;top500_weighted;top500_rank,False
PRISM,250,weighted,erlotinib,ERLOTINIB,4,1,0,-0.07412662887425284,0.056792689123159386,-0.17024233051770102,0.047660378925943096,-0.07567130338241841,none,tested,916.0,0.496500699860028,0.5393931808585308,5000,shared row-label permutation of full sensitivity matrix across all drugs/trajectories,6,0,0,0,0,0,-0.08350586677679367,969.0,False,top100_weighted;top100_rank;top250_weighted;top250_rank;top500_weighted;top500_rank,False
PRISM,250,weighted,erteberel,ERTEBEREL,4,1,1,-0.24130434782608692,0.1480769230769231,-0.2895652173913043,0.2323076923076923,-0.2295652173913043,none,tested,1307.0,0.0001999600079984003,0.0003439312137572485,5000,shared row-label permutation of full sensitivity matrix across all drugs/trajectories,6,0,0,0,0,0,-0.1728260869565217,1196.0,False,top100_weighted;top100_rank;top250_weighted;top250_rank;top500_weighted;top500_rank,False
PRISM,250,weighted,erythritol,ERYTHRITOL,4,1,1,-0.18866459627329193,0.2651750423489554,-0.383399209486166,0.3211462450592885,-0.1293054771315641,none,tested,1254.0,0.0001999600079984003,0.0003439312137572485,5000,shared row-label permutation of full sensitivity matrix across all drugs/trajectories,6,2,1,0,0,0,-0.03458498023715415,730.0,False,top100_weighted;top100_rank;top250_weighted;top250_rank;top500_weighted;top500_rank,False
PRISM,250,weighted,estradiol,ESTRADIOL,4,0,0,-0.12402597402597403,0.03715415019762845,-0.23433088650479958,-0.11298701298701298,-0.12857142857142856,none,tested,1096.0,0.0001999600079984003,0.0003439312137572485,5000,shared row-label permutation of full sensitivity matrix across all drugs/trajectories,6,4,3,0,1,1,0.01938170525127047,482.0,True,top100_weighted;top100_rank;top250_weighted;top250_rank;top500_weighted;top500_rank,False
PRISM,250,weighted,estradiol-benzoate,ESTRADIOLBENZOATE,4,2,2,-0.0815217391304348,0.3466967814793902,-0.34288537549407117,0.08639186900056467,0.07806324110671936,none,tested,949.0,0.0001999600079984003,0.0003439312137572485,5000,shared row-label permutation of full sensitivity matrix across all drugs/trajectories,6,2,1,0,0,0,-0.042913608130999446,784.0,False,top100_weighted;top100_rank;top250_weighted;top250_rank;top500_weighted;top500_rank,False
PRISM,250,weighted,estradiol-cypionate,ESTRADIOLCYPIONATE,4,1,1,-0.047521367521367514,0.09976190476190477,-0.13504273504273506,0.15323565323565325,-0.029059829059829054,none,tested,803.0,0.6632673465306939,0.7011382814634536,5000,shared row-label permutation of full sensitivity matrix across all drugs/trajectories,6,4,0,0,0,1,0.02787545787545788,450.0,True,top100_weighted;top100_rank;top250_weighted;top250_rank;top500_weighted;top500_rank,False
PRISM,250,weighted,estramustine,ESTRAMUSTINE,4,1,1,-0.021873761027946487,0.10517983519203142,-0.06958386644362084,0.32966676183637156,-0.02545187977596869,none,tested,717.0,0.8428314337132573,0.87087059737549,5000,shared row-label permutation of full sensitivity matrix across all drugs/trajectories,6,2,1,0,0,0,-0.013010288621152362,660.5,False,top100_weighted;top100_rank;top250_weighted;top250_rank;top500_weighted;top500_rank,False
PRISM,250,weighted,estramustine-phosphate,ESTRAMUSTINEPHOSPHATE,4,4,3,0.13220735785953175,0.11777591973244145,0.06434782608695652,0.37913043478260866,0.15826086956521737,TierB_moderate_candidate,tested,137.0,0.0001999600079984003,0.0003439312137572485,5000,shared row-label permutation of full sensitivity matrix across all drugs/trajectories,6,6,6,0,4,5,0.1567725752508361,67.0,True,top100_weighted;top100_rank;top250_weighted;top250_rank;top500_weighted;top500_rank,True
PRISM,250,weighted,estrone,ESTRONE,4,0,0,-0.06782051282051281,0.05596153846153845,-0.2353846153846154,-0.05384615384615384,-0.06076923076923077,none,tested,891.0,0.07678464307138572,0.10476348947201347,5000,shared row-label permutation of full sensitivity matrix across all drugs/trajectories,6,2,0,0,0,1,-0.06905982905982905,883.0,False,top100_weighted;top100_rank;top250_weighted;top250_rank;top500_weighted;top500_rank,False
PRISM,250,weighted,ethacridine-lactate-monohydrate,ETHACRIDINELACTATEMONOHYDRATE,4,3,2,0.016956521739130433,0.09413879598662206,-0.15307692307692308,0.15304347826086956,0.02869565217391304,none,tested,529.0,0.0001999600079984003,0.0003439312137572485,5000,shared row-label permutation of full sensitivity matrix across all drugs/trajectories,6,3,2,0,1,1,-0.006613712374581941,607.0,False,top100_weighted;top100_rank;top250_weighted;top250_rank;top500_weighted;top500_rank,False
PRISM,250,weighted,etoposide,ETOPOSIDE,4,3,3,0.043076923076923075,0.17153846153846153,-0.33076923076923076,0.1523076923076923,0.07692307692307691,none,tested,406.0,0.09078184363127374,0.11706442495284727,5000,shared row-label permutation of full sensitivity matrix across all drugs/trajectories,6,3,2,0,0,0,0.0005555555555555522,579.5,False,top100_weighted;top100_rank;top250_weighted;top250_rank;top500_weighted;top500_rank,False
PRISM,250,weighted,etoposide-phosphate,ETOPOSIDEPHOSPHATE,4,2,2,0.01269230769230769,0.18579059829059827,-0.08854700854700855,0.15846153846153843,0.09538461538461537,none,tested,550.0,0.10297940411917617,0.12479231426441986,5000,shared row-label permutation of full sensitivity matrix across all drugs/trajectories,6,6,2,0,0,1,0.04307692307692308,376.5,True,top100_weighted;top100_rank;top250_weighted;top250_rank;top500_weighted;top500_rank,False
PRISM,250,weighted,evacetrapib,EVACETRAPIB,4,1,1,-0.095,0.10880341880341879,-0.17675213675213672,0.11307692307692309,-0.07076923076923076,none,tested,991.0,0.06718656268746251,0.09671672576931697,5000,shared row-label permutation of full sensitivity matrix across all drugs/trajectories,6,3,2,0,0,0,-0.0036111111111111114,594.5,False,top100_weighted;top100_rank;top250_weighted;top250_rank;top500_weighted;top500_rank,False
PRISM,250,weighted,evodiamine,EVODIAMINE,4,2,2,0.03346153846153846,0.3006623931623932,-0.4015384615384615,0.2957264957264957,0.1176923076923077,none,tested,447.0,0.09358128374325135,0.11891692204933657,5000,shared row-label permutation of full sensitivity matrix across all drugs/trajectories,6,4,1,0,0,0,0.021388888888888895,469.0,True,top100_weighted;top100_rank;top250_weighted;top250_rank;top500_weighted;top500_rank,False
PRISM,250,weighted,famciclovir,FAMCICLOVIR,4,2,2,-0.02024280067758329,0.17443534726143423,-0.17108977978543197,0.3194805194805195,0.014285714285714285,none,tested,712.0,0.0001999600079984003,0.0003439312137572485,5000,shared row-label permutation of full sensitivity matrix across all drugs/trajectories,6,1,1,0,0,0,-0.030646527385657825,734.5,False,top100_weighted;top100_rank;top250_weighted;top250_rank;top500_weighted;top500_rank,False
PRISM,250,weighted,favipiravir,FAVIPIRAVIR,4,3,3,0.04220779220779221,0.06552795031055901,-0.07142857142857142,0.101072840203275,0.05714285714285714,none,tested,411.0,0.0001999600079984003,0.0003439312137572485,5000,shared row-label permutation of full sensitivity matrix across all drugs/trajectories,6,6,6,0,0,0,0.04188311688311688,405.0,True,top100_weighted;top100_rank;top250_weighted;top250_rank;top500_weighted;top500_rank,True
PRISM,250,weighted,fdcyd,FDCYD,4,1,1,-0.12351778656126483,0.28465556182947493,-0.5460191981931113,0.30208921513269343,-0.17193675889328064,none,tested,1094.0,0.0001999600079984003,0.0003439312137572485,5000,shared row-label permutation of full sensitivity matrix across all drugs/trajectories,6,1,1,0,0,0,-0.17903020892151328,1197.0,False,top100_weighted;top100_rank;top250_weighted;top250_rank;top500_weighted;top500_rank,False
PRISM,250,weighted,felbamate,FELBAMATE,4,3,3,0.061196581196581196,0.06158119658119657,-0.08512820512820513,0.13247863247863248,0.06598290598290597,none,tested,342.0,0.5676864627074585,0.6078120922000338,5000,shared row-label permutation of full sensitivity matrix across all drugs/trajectories,6,6,5,0,0,1,0.05384615384615385,349.0,True,top100_weighted;top100_rank;top250_weighted;top250_rank;top500_weighted;top500_rank,False
PRISM,250,weighted,fenaclon,FENACLON,4,2,2,-0.024812030075187966,0.27139439507860563,-0.2675324675324675,0.3443609022556391,0.05413533834586466,none,tested,728.0,0.0001999600079984003,0.0003439312137572485,5000,shared row-label permutation of full sensitivity matrix across all drugs/trajectories,6,0,0,0,0,0,-0.07218045112781954,885.5,False,top100_weighted;top100_rank;top250_weighted;top250_rank;top500_weighted;top500_rank,False
PRISM,250,weighted,fenbendazole,FENBENDAZOLE,4,2,2,0.050649350649350645,0.16232354601919818,-0.1259175607001694,0.14935064935064934,0.11298701298701298,none,tested,374.0,0.0001999600079984003,0.0003439312137572485,5000,shared row-label permutation of full sensitivity matrix across all drugs/trajectories,6,6,2,0,0,0,0.03800112930547714,414.0,True,top100_weighted;top100_rank;top250_weighted;top250_rank;top500_weighted;top500_rank,False
PRISM,250,weighted,fendiline,FENDILINE,4,1,1,-0.05844155844155844,0.12254376058723886,-0.125974025974026,0.20835686053077357,-0.032467532467532464,none,tested,857.0,0.0001999600079984003,0.0003439312137572485,5000,shared row-label permutation of full sensitivity matrix across all drugs/trajectories,6,1,0,0,0,0,-0.01753246753246753,649.0,False,top100_weighted;top100_rank;top250_weighted;top250_rank;top500_weighted;top500_rank,False
PRISM,250,weighted,fenofibrate,FENOFIBRATE,4,0,0,-0.10884615384615384,0.17091973244147154,-0.28521739130434776,-0.02846153846153846,-0.18,none,tested,1045.0,0.0001999600079984003,0.0003439312137572485,5000,shared row-label permutation of full sensitivity matrix across all drugs/trajectories,6,0,0,0,0,0,-0.10099498327759196,1031.0,False,top100_weighted;top100_rank;top250_weighted;top250_rank;top500_weighted;top500_rank,False
PRISM,250,weighted,fenretinide,FENRETINIDE,4,2,2,-0.03466555183946488,0.15169732441471573,-0.10695652173913042,0.1026086956521739,0.03153846153846154,none,tested,755.0,0.0001999600079984003,0.0003439312137572485,5000,shared row-label permutation of full sensitivity matrix across all drugs/trajectories,6,3,3,0,0,1,0.011948160535117056,529.5,False,top100_weighted;top100_rank;top250_weighted;top250_rank;top500_weighted;top500_rank,False
PRISM,250,weighted,filanesib,FILANESIB,4,1,1,-0.06689211347266118,0.14012629801547588,-0.14489429593450873,0.24778466033481147,-0.09486315277142507,none,tested,887.0,0.07878424315136973,0.10683560134361735,5000,shared row-label permutation of full sensitivity matrix across all drugs/trajectories,6,0,0,0,0,0,-0.1579964397158207,1115.0,False,top100_weighted;top100_rank;top250_weighted;top250_rank;top500_weighted;top500_rank,False
PRISM,250,weighted,filgotinib,FILGOTINIB,4,0,0,-0.1513269339356296,0.1293337097684924,-0.33709768492377196,-0.04675324675324675,-0.189158667419537,none,tested,1179.0,0.0001999600079984003,0.0003439312137572485,5000,shared row-label permutation of full sensitivity matrix across all drugs/trajectories,6,0,0,0,0,0,-0.14370412196499155,1130.0,False,top100_weighted;top100_rank;top250_weighted;top250_rank;top500_weighted;top500_rank,False
PRISM,250,weighted,finafloxacin,FINAFLOXACIN,4,2,1,-0.09644565960355433,0.3783321941216678,-0.4805194805194805,0.2556390977443609,-0.22597402597402597,none,tested,1002.0,0.0001999600079984003,0.0003439312137572485,5000,shared row-label permutation of full sensitivity matrix across all drugs/trajectories,6,1,0,0,0,0,-0.16773752563226246,1218.5,False,top100_weighted;top100_rank;top250_weighted;top250_rank;top500_weighted;top500_rank,False
PRISM,250,weighted,fleroxacin,FLEROXACIN,4,2,1,0.016541353383458645,0.14157552973342447,-0.0935064935064935,0.13896103896103898,-0.03909774436090225,none,tested,531.0,0.0001999600079984003,0.0003439312137572485,5000,shared row-label permutation of full sensitivity matrix across all drugs/trajectories,6,6,2,0,0,0,0.06418318523581681,296.5,True,top100_weighted;top100_rank;top250_weighted;top250_rank;top500_weighted;top500_rank,False
PRISM,250,weighted,florfenicol,FLORFENICOL,4,3,3,0.011538461538461539,0.17508361204013373,-0.10695652173913042,0.5426086956521738,0.02,none,tested,557.0,0.0001999600079984003,0.0003439312137572485,5000,shared row-label permutation of full sensitivity matrix across all drugs/trajectories,6,3,2,0,0,0,0.0033779264214046827,572.5,False,top100_weighted;top100_rank;top250_weighted;top250_rank;top500_weighted;top500_rank,False
PRISM,250,weighted,floxuridine,FLOXURIDINE,4,1,1,-0.22465201465201462,0.18045787545787548,-0.305982905982906,0.24376068376068374,-0.19597069597069594,none,tested,1300.0,0.03199360127974405,0.05284692751660324,5000,shared row-label permutation of full sensitivity matrix across all drugs/trajectories,6,0,0,0,0,0,-0.2873992673992674,1319.5,False,top100_weighted;top100_rank;top250_weighted;top250_rank;top500_weighted;top500_rank,False
PRISM,250,weighted,flubendazole,FLUBENDAZOLE,4,2,2,0.006813186813186808,0.29107448107448103,-0.42222222222222217,0.1822222222222222,0.10012210012210011,none,tested,581.0,0.9466106778644271,0.9530453425931127,5000,shared row-label permutation of full sensitivity matrix across all drugs/trajectories,6,2,0,0,0,0,-0.018675213675213666,678.5,False,top100_weighted;top100_rank;top250_weighted;top250_rank;top500_weighted;top500_rank,False
PRISM,250,weighted,fludarabine,FLUDARABINE,4,3,3,0.1190711462450593,0.17812252964426878,-0.09387351778656126,0.22434782608695653,0.1847826086956522,TierB_moderate_candidate,tested,169.0,0.0001999600079984003,0.0003439312137572485,5000,shared row-label permutation of full sensitivity matrix across all drugs/trajectories,6,6,6,0,0,4,0.10844861660079053,184.0,True,top100_weighted;top100_rank;top250_weighted;top250_rank;top500_weighted;top500_rank,True
PRISM,250,weighted,fludarabine-phosphate,FLUDARABINEPHOSPHATE,4,2,2,-0.034444444444444444,0.44147435897435894,-0.24615384615384614,0.3623076923076923,0.15846153846153843,none,tested,753.0,0.09578084383123375,0.12101977708723657,5000,shared row-label permutation of full sensitivity matrix across all drugs/trajectories,6,1,0,0,0,0,-0.0302991452991453,739.5,False,top100_weighted;top100_rank;top250_weighted;top250_rank;top500_weighted;top500_rank,False
PRISM,250,weighted,fludroxycortide,FLUDROXYCORTIDE,4,3,2,0.09782608695652176,0.18310276679841897,-0.29051383399209485,0.1869565217391304,0.05533596837944664,none,tested,229.0,0.0001999600079984003,0.0003439312137572485,5000,shared row-label permutation of full sensitivity matrix across all drugs/trajectories,6,6,5,0,0,1,0.08572134387351779,231.0,True,top100_weighted;top100_rank;top250_weighted;top250_rank;top500_weighted;top500_rank,True
PRISM,250,weighted,flufenamic-acid,FLUFENAMICACID,4,2,2,0.048051948051948054,0.2738565782044043,-0.25127046866177305,0.45454545454545453,0.11298701298701298,none,tested,386.0,0.0001999600079984003,0.0003439312137572485,5000,shared row-label permutation of full sensitivity matrix across all drugs/trajectories,6,5,2,0,0,0,0.03766233766233767,425.5,True,top100_weighted;top100_rank;top250_weighted;top250_rank;top500_weighted;top500_rank,False
PRISM,250,weighted,flumatinib,FLUMATINIB,4,0,0,-0.18051282051282053,0.0657692307692308,-0.30923076923076925,-0.12615384615384617,-0.16717948717948716,none,tested,1236.0,0.033593281343731254,0.054877259842149216,5000,shared row-label permutation of full sensitivity matrix across all drugs/trajectories,6,0,0,0,0,0,-0.11081196581196581,1016.0,False,top100_weighted;top100_rank;top250_weighted;top250_rank;top500_weighted;top500_rank,False
PRISM,250,weighted,flumethasone,FLUMETHASONE,4,2,2,-0.07952991452991452,0.35455128205128206,-0.21538461538461537,0.4938461538461539,0.03863247863247863,none,tested,938.0,0.07278544291141771,0.10127661315336098,5000,shared row-label permutation of full sensitivity matrix across all drugs/trajectories,6,0,0,0,0,0,-0.20557692307692307,1194.5,False,top100_weighted;top100_rank;top250_weighted;top250_rank;top500_weighted;top500_rank,False
PRISM,250,weighted,flumethasone-pivalate,FLUMETHASONEPIVALATE,4,1,1,-0.1594071146245059,0.1704347826086956,-0.2341897233201581,0.3448616600790514,-0.1422924901185771,none,tested,1190.0,0.0001999600079984003,0.0003439312137572485,5000,shared row-label permutation of full sensitivity matrix across all drugs/trajectories,6,0,0,0,0,0,-0.17160079051383398,1204.0,False,top100_weighted;top100_rank;top250_weighted;top250_rank;top500_weighted;top500_rank,False
PRISM,250,weighted,fluocinolone-acetonide,FLUOCINOLONEACETONIDE,4,1,1,-0.1383150183150183,0.1402930402930403,-0.37025641025641026,0.031794871794871796,-0.16483516483516483,none,tested,1146.0,0.20755848830233953,0.23851333181639534,5000,shared row-label permutation of full sensitivity matrix across all drugs/trajectories,6,0,0,0,0,0,-0.15142246642246643,1175.0,False,top100_weighted;top100_rank;top250_weighted;top250_rank;top500_weighted;top500_rank,False
PRISM,250,weighted,fluorometholone,FLUOROMETHOLONE,4,4,3,0.17144268774703558,0.11166007905138339,0.049407114624505935,0.22035573122529645,0.12549407114624506,TierA_strong_collateral,tested,74.0,0.0001999600079984003,0.0003439312137572485,5000,shared row-label permutation of full sensitivity matrix across all drugs/trajectories,6,6,6,3,5,6,0.18114624505928856,59.0,True,top100_weighted;top100_rank;top250_weighted;top250_rank;top500_weighted;top500_rank,True
PRISM,250,weighted,fluroxene,FLUROXENE,4,1,0,-0.10123931623931623,0.2251282051282051,-0.27615384615384614,0.039999999999999994,-0.19863247863247863,none,tested,1015.0,0.07418516296740651,0.10236938119622452,5000,shared row-label permutation of full sensitivity matrix across all drugs/trajectories,6,2,0,0,0,0,-0.07057692307692308,896.0,False,top100_weighted;top100_rank;top250_weighted;top250_rank;top500_weighted;top500_rank,False
PRISM,250,weighted,flutamide,FLUTAMIDE,4,3,3,0.18547008547008545,0.13525641025641025,-0.14153846153846153,0.21999999999999997,0.21538461538461537,TierA_strong_collateral,tested,58.0,0.03759248150369926,0.060666801264444445,5000,shared row-label permutation of full sensitivity matrix across all drugs/trajectories,6,6,5,3,4,5,0.18925213675213676,47.5,True,top100_weighted;top100_rank;top250_weighted;top250_rank;top500_weighted;top500_rank,True
PRISM,250,weighted,fluticasone-propionate,FLUTICASONEPROPIONATE,4,2,2,-0.08067193675889328,0.2549802371541502,-0.2598814229249012,0.17687747035573123,0.01652173913043478,none,tested,943.0,0.0001999600079984003,0.0003439312137572485,5000,shared row-label permutation of full sensitivity matrix across all drugs/trajectories,6,0,0,0,0,0,-0.12326086956521738,1107.0,False,top100_weighted;top100_rank;top250_weighted;top250_rank;top500_weighted;top500_rank,False
PRISM,250,weighted,fluvastatin,FLUVASTATIN,4,3,3,0.16042735042735043,0.20480769230769225,-0.020769230769230772,0.5282051282051281,0.20547008547008547,TierA_strong_collateral,tested,93.0,0.04279144171165767,0.06790594262099961,5000,shared row-label permutation of full sensitivity matrix across all drugs/trajectories,6,6,3,0,3,6,0.1333333333333333,129.5,True,top100_weighted;top100_rank;top250_weighted;top250_rank;top500_weighted;top500_rank,False
PRISM,250,weighted,foretinib,FORETINIB,4,2,2,-0.11514830673199333,0.29561760179903335,-0.3690163588707817,0.11136822940376477,0.0018659964216044855,none,tested,1077.0,0.28954209158168365,0.32763973521085255,5000,shared row-label permutation of full sensitivity matrix across all drugs/trajectories,6,2,2,0,0,0,-0.06141443713854028,847.5,False,top100_weighted;top100_rank;top250_weighted;top250_rank;top500_weighted;top500_rank,False
PRISM,250,weighted,formestane,FORMESTANE,4,1,1,-0.1898494983277592,0.18022575250836118,-0.27999999999999997,0.15565217391304348,-0.1423076923076923,none,tested,1258.0,0.0001999600079984003,0.0003439312137572485,5000,shared row-label permutation of full sensitivity matrix across all drugs/trajectories,6,1,0,0,0,0,-0.06208193979933109,883.0,False,top100_weighted;top100_rank;top250_weighted;top250_rank;top500_weighted;top500_rank,False
PRISM,250,weighted,forskolin,FORSKOLIN,4,1,1,-0.17221908526256355,0.1621259175607002,-0.2391304347826087,0.2670807453416149,-0.1959345002823264,none,tested,1217.0,0.0001999600079984003,0.0003439312137572485,5000,shared row-label permutation of full sensitivity matrix across all drugs/trajectories,6,0,0,0,0,0,-0.16629023150762284,1184.5,False,top100_weighted;top100_rank;top250_weighted;top250_rank;top500_weighted;top500_rank,False
PRISM,250,weighted,fosbretabulin,FOSBRETABULIN,4,3,3,0.04349188361250161,0.23592272050086943,-0.5737494503032796,0.3621648616315452,0.044787978623943764,none,tested,404.0,0.09198160367926415,0.117895651638903,5000,shared row-label permutation of full sensitivity matrix across all drugs/trajectories,6,3,1,0,0,0,-0.08468560208897445,852.5,False,top100_weighted;top100_rank;top250_weighted;top250_rank;top500_weighted;top500_rank,False
PRISM,250,weighted,foscarnet,FOSCARNET,4,1,1,-0.0960200668896321,0.2124916387959866,-0.23478260869565212,0.2052173913043478,-0.027692307692307697,none,tested,997.0,0.0001999600079984003,0.0003439312137572485,5000,shared row-label permutation of full sensitivity matrix across all drugs/trajectories,6,4,3,2,3,3,0.09798494983277589,269.0,True,top100_weighted;top100_rank;top250_weighted;top250_rank;top500_weighted;top500_rank,False
PRISM,250,weighted,frentizole,FRENTIZOLE,4,2,1,-0.061153846153846156,0.34455128205128205,-0.3866666666666666,0.09384615384615384,-0.21076923076923076,none,tested,865.0,0.08378324335132974,0.11168306338732253,5000,shared row-label permutation of full sensitivity matrix across all drugs/trajectories,6,0,0,0,0,0,-0.14826923076923076,1143.0,False,top100_weighted;top100_rank;top250_weighted;top250_rank;top500_weighted;top500_rank,False
PRISM,250,weighted,ftorafur,FTORAFUR,4,1,1,-0.13367521367521365,0.24371794871794866,-0.4673504273504273,0.07264957264957266,-0.20615384615384613,none,tested,1130.0,0.21175764847030593,0.24291991859803594,5000,shared row-label permutation of full sensitivity matrix across all drugs/trajectories,6,2,1,0,0,0,-0.0637912087912088,864.0,False,top100_weighted;top100_rank;top250_weighted;top250_rank;top500_weighted;top500_rank,False
PRISM,250,weighted,fudosteine,FUDOSTEINE,4,2,2,0.03137123745819397,0.32183946488294307,-0.23478260869565212,0.44695652173913036,0.1323076923076923,none,tested,454.0,0.0001999600079984003,0.0003439312137572485,5000,shared row-label permutation of full sensitivity matrix across all drugs/trajectories,6,3,1,0,1,1,-0.007608695652173914,611.5,False,top100_weighted;top100_rank;top250_weighted;top250_rank;top500_weighted;top500_rank,False
PRISM,250,weighted,galeterone,GALETERONE,4,2,1,-0.09041501976284584,0.2756620553359683,-0.3052173913043478,0.05335968379446641,-0.21442687747035571,none,tested,973.0,0.0001999600079984003,0.0003439312137572485,5000,shared row-label permutation of full sensitivity matrix across all drugs/trajectories,6,0,0,0,0,0,-0.12019762845849802,1051.5,False,top100_weighted;top100_rank;top250_weighted;top250_rank;top500_weighted;top500_rank,False
PRISM,250,weighted,gambogic-acid,GAMBOGICACID,4,4,3,0.1791880341880342,0.15455128205128207,0.06923076923076923,0.48461538461538467,0.212991452991453,TierA_strong_collateral,tested,68.0,0.03579284143171366,0.0580436224190685,5000,shared row-label permutation of full sensitivity matrix across all drugs/trajectories,6,6,4,3,4,6,0.18209401709401707,58.5,True,top100_weighted;top100_rank;top250_weighted;top250_rank;top500_weighted;top500_rank,True
PRISM,250,weighted,gamma-aminobutyric-acid,GAMMAAMINOBUTYRICACID,4,2,1,0.030929596719070404,0.22120642515379355,-0.22255639097744356,0.3413533834586466,-0.022556390977443608,none,tested,455.0,0.0001999600079984003,0.0003439312137572485,5000,shared row-label permutation of full sensitivity matrix across all drugs/trajectories,6,4,1,0,0,0,0.01881408065618592,502.0,True,top100_weighted;top100_rank;top250_weighted;top250_rank;top500_weighted;top500_rank,False
PRISM,250,weighted,ganetespib,GANETESPIB,4,2,2,0.07266199456513739,0.263798566285409,-0.23730552577978994,0.24240574240595794,0.16857582739111876,none,tested,303.0,0.5048990201959608,0.5473958866763232,5000,shared row-label permutation of full sensitivity matrix across all drugs/trajectories,6,5,1,0,0,1,0.062033666489239414,324.5,True,top100_weighted;top100_rank;top250_weighted;top250_rank;top500_weighted;top500_rank,False
PRISM,250,weighted,gastrodin,GASTRODIN,4,3,2,0.06669960474308301,0.12835968379446638,-0.1590909090909091,0.3217391304347825,0.07213438735177866,none,tested,321.0,0.0001999600079984003,0.0003439312137572485,5000,shared row-label permutation of full sensitivity matrix across all drugs/trajectories,6,4,4,0,0,2,0.0807806324110672,266.5,True,top100_weighted;top100_rank;top250_weighted;top250_rank;top500_weighted;top500_rank,True
PRISM,250,weighted,gefitinib,GEFITINIB,4,3,2,0.05907160141974148,0.13070885607118668,-0.26227791030365216,0.15186576736877017,0.04095631031768742,none,tested,348.0,0.08078384323135374,0.10866282848374827,5000,shared row-label permutation of full sensitivity matrix across all drugs/trajectories,6,3,3,0,0,0,0.007786415624941813,544.0,False,top100_weighted;top100_rank;top250_weighted;top250_rank;top500_weighted;top500_rank,False
PRISM,250,weighted,gemcitabine,GEMCITABINE,4,4,3,0.17029926595143988,0.10364201016374924,0.005194805194805195,0.3974025974025974,0.174025974025974,TierA_strong_collateral,tested,78.0,0.0001999600079984003,0.0003439312137572485,5000,shared row-label permutation of full sensitivity matrix across all drugs/trajectories,6,6,6,0,2,6,0.13061829474872955,117.5,True,top100_weighted;top100_rank;top250_weighted;top250_rank;top500_weighted;top500_rank,True
PRISM,250,weighted,genipin,GENIPIN,4,2,2,-0.013913043478260865,0.09888795986622073,-0.19304347826086957,0.04076923076923076,0.013043478260869565,none,tested,684.0,0.0001999600079984003,0.0003439312137572485,5000,shared row-label permutation of full sensitivity matrix across all drugs/trajectories,6,0,0,0,0,0,-0.01986622073578595,691.5,False,top100_weighted;top100_rank;top250_weighted;top250_rank;top500_weighted;top500_rank,False
PRISM,250,weighted,genz-644282,GENZ644282,4,0,0,-0.14747252747252748,0.06873015873015872,-0.3688888888888889,-0.1029059829059829,-0.14896214896214896,none,tested,1172.0,0.17156568686262746,0.1992134674110474,5000,shared row-label permutation of full sensitivity matrix across all drugs/trajectories,6,1,0,0,0,0,-0.11643467643467642,1075.5,False,top100_weighted;top100_rank;top250_weighted;top250_rank;top500_weighted;top500_rank,False
PRISM,250,weighted,gestrinone,GESTRINONE,4,2,2,-0.06695652173913041,0.3316889632107023,-0.22153846153846157,0.3539130434782608,0.05826086956521739,none,tested,888.0,0.0001999600079984003,0.0003439312137572485,5000,shared row-label permutation of full sensitivity matrix across all drugs/trajectories,6,1,0,0,0,0,-0.07630434782608694,915.0,False,top100_weighted;top100_rank;top250_weighted;top250_rank;top500_weighted;top500_rank,False
PRISM,250,weighted,gilteritinib,GILTERITINIB,4,4,3,0.03,0.012834448160535118,0.006923076923076924,0.04,0.02695652173913043,none,tested,461.0,0.0001999600079984003,0.0003439312137572485,5000,shared row-label permutation of full sensitivity matrix across all drugs/trajectories,6,4,1,0,0,0,0.023478260869565216,485.5,True,top100_weighted;top100_rank;top250_weighted;top250_rank;top500_weighted;top500_rank,False
PRISM,250,weighted,gimeracil,GIMERACIL,4,4,3,0.12347826086956522,0.14626482213438738,0.015810276679841896,0.29304347826086957,0.17478260869565218,TierB_moderate_candidate,tested,161.0,0.0001999600079984003,0.0003439312137572485,5000,shared row-label permutation of full sensitivity matrix across all drugs/trajectories,6,6,3,0,0,3,0.09565217391304347,223.0,True,top100_weighted;top100_rank;top250_weighted;top250_rank;top500_weighted;top500_rank,False
PRISM,250,weighted,ginkgolide-a,GINKGOLIDEA,4,4,3,0.06192307692307692,0.0773076923076923,0.004615384615384616,0.15000000000000002,0.08923076923076922,none,tested,338.0,0.08118376324735053,0.10870190691320654,5000,shared row-label permutation of full sensitivity matrix across all drugs/trajectories,6,6,6,0,0,0,0.05692307692307692,334.0,True,top100_weighted;top100_rank;top250_weighted;top250_rank;top500_weighted;top500_rank,False
PRISM,250,weighted,givinostat,GIVINOSTAT,4,3,3,0.028715415019762845,0.08457509881422925,-0.023715415019762844,0.23122529644268777,0.042608695652173914,none,tested,467.0,0.0001999600079984003,0.0003439312137572485,5000,shared row-label permutation of full sensitivity matrix across all drugs/trajectories,6,3,3,0,0,0,-0.0032707509881422965,611.5,False,top100_weighted;top100_rank;top250_weighted;top250_rank;top500_weighted;top500_rank,False
PRISM,250,weighted,golgicide-a,GOLGICIDEA,4,2,1,-0.11767558528428093,0.4734698996655518,-0.5356521739130434,0.13043478260869562,-0.3223076923076923,none,tested,1084.0,0.0001999600079984003,0.0003439312137572485,5000,shared row-label permutation of full sensitivity matrix across all drugs/trajectories,6,0,0,0,0,0,-0.1876923076923077,1254.0,False,top100_weighted;top100_rank;top250_weighted;top250_rank;top500_weighted;top500_rank,False
PRISM,250,weighted,golvatinib,GOLVATINIB,4,0,0,-0.13110518475271463,0.08859539168733435,-0.3125232798013427,-0.0716985351026132,-0.15003132176114928,none,tested,1125.0,0.23015396920615877,0.26244246445834873,5000,shared row-label permutation of full sensitivity matrix across all drugs/trajectories,6,1,0,0,0,0,-0.11495254000686594,1077.0,False,top100_weighted;top100_rank;top250_weighted;top250_rank;top500_weighted;top500_rank,False
PRISM,250,weighted,gossypol,GOSSYPOL,4,1,1,-0.21905982905982901,0.19493589743589743,-0.3469230769230769,0.050769230769230775,-0.2827350427350427,none,tested,1294.0,0.026394721055788842,0.044312548069731145,5000,shared row-label permutation of full sensitivity matrix across all drugs/trajectories,6,0,0,0,0,0,-0.21170940170940167,1277.0,False,top100_weighted;top100_rank;top250_weighted;top250_rank;top500_weighted;top500_rank,False
PRISM,250,weighted,guanidine,GUANIDINE,4,2,2,0.006956521739130435,0.15695652173913044,-0.4834782608695652,0.039999999999999994,0.02434782608695652,none,tested,579.0,0.0001999600079984003,0.0003439312137572485,5000,shared row-label permutation of full sensitivity matrix across all drugs/trajectories,6,4,3,0,0,2,0.05195652173913042,391.0,True,top100_weighted;top100_rank;top250_weighted;top250_rank;top500_weighted;top500_rank,False
PRISM,250,weighted,halcinonide,HALCINONIDE,4,3,3,0.07608695652173914,0.17770750988142292,-0.03359683794466403,0.27999999999999997,0.1422924901185771,none,tested,297.0,0.0001999600079984003,0.0003439312137572485,5000,shared row-label permutation of full sensitivity matrix across all drugs/trajectories,6,6,6,0,0,1,0.08471343873517787,254.5,True,top100_weighted;top100_rank;top250_weighted;top250_rank;top500_weighted;top500_rank,True
PRISM,250,weighted,halobetasol-propionate,HALOBETASOLPROPIONATE,4,3,3,0.06923076923076923,0.06401709401709402,-0.013846153846153848,0.14529914529914528,0.08538461538461539,none,tested,314.0,0.08398320335932813,0.11183777230567872,5000,shared row-label permutation of full sensitivity matrix across all drugs/trajectories,6,6,4,0,0,1,0.04596153846153846,387.0,True,top100_weighted;top100_rank;top250_weighted;top250_rank;top500_weighted;top500_rank,False
PRISM,250,weighted,halofantrine,HALOFANTRINE,4,1,1,-0.14346153846153845,0.14782051282051284,-0.3715384615384616,0.005128205128205127,-0.17923076923076922,none,tested,1161.0,0.04819036192761448,0.07521985064345445,5000,shared row-label permutation of full sensitivity matrix across all drugs/trajectories,6,0,0,0,0,0,-0.09923076923076923,1016.5,False,top100_weighted;top100_rank;top250_weighted;top250_rank;top500_weighted;top500_rank,False
PRISM,250,weighted,halofuginone,HALOFUGINONE,4,2,1,-0.02667984189723321,0.22332015810276679,-0.17786561264822134,0.29446640316205536,-0.09683794466403163,none,tested,730.0,0.0001999600079984003,0.0003439312137572485,5000,shared row-label permutation of full sensitivity matrix across all drugs/trajectories,6,1,0,0,0,0,-0.031887351778656134,747.5,False,top100_weighted;top100_rank;top250_weighted;top250_rank;top500_weighted;top500_rank,False
PRISM,250,weighted,harringtonine,HARRINGTONINE,4,2,2,0.01307692307692307,0.28192307692307694,-0.1376923076923077,0.22846153846153847,0.13999999999999999,none,tested,547.0,0.10337932413517296,0.12516315992024118,5000,shared row-label permutation of full sensitivity matrix across all drugs/trajectories,6,6,3,0,0,1,0.07946581196581196,244.5,True,top100_weighted;top100_rank;top250_weighted;top250_rank;top500_weighted;top500_rank,False
PRISM,250,weighted,hexachlorophene,HEXACHLOROPHENE,4,0,0,-0.11273504273504274,0.11523504273504273,-0.1822222222222222,-0.01923076923076923,-0.1623931623931624,none,tested,1066.0,0.057788442311537694,0.08684553957303241,5000,shared row-label permutation of full sensitivity matrix across all drugs/trajectories,6,1,1,0,0,0,-0.055106837606837614,800.5,False,top100_weighted;top100_rank;top250_weighted;top250_rank;top500_weighted;top500_rank,False
PRISM,250,weighted,hexaminolevulinate,HEXAMINOLEVULINATE,4,2,2,0.016956521739130436,0.24974308300395254,-0.21442687747035571,0.42193675889328064,0.07739130434782608,none,tested,528.0,0.0001999600079984003,0.0003439312137572485,5000,shared row-label permutation of full sensitivity matrix across all drugs/trajectories,6,6,4,2,4,4,0.1676086956521739,66.5,True,top100_weighted;top100_rank;top250_weighted;top250_rank;top500_weighted;top500_rank,False
PRISM,250,weighted,hexylresorcinol,HEXYLRESORCINOL,4,3,3,0.23157894736842105,0.23571428571428574,-0.22857142857142856,0.3533834586466165,0.29172932330827067,TierA_strong_collateral,tested,20.0,0.0001999600079984003,0.0003439312137572485,5000,shared row-label permutation of full sensitivity matrix across all drugs/trajectories,6,4,3,2,2,4,0.13463773069036228,130.0,True,top100_weighted;top100_rank;top250_weighted;top250_rank;top500_weighted;top500_rank,False
PRISM,250,weighted,homoharringtonine,HOMOHARRINGTONINE,4,1,1,-0.07574953099811405,0.03943141264641163,-0.14236790462959084,0.011635082095762599,-0.07512908702139853,none,tested,923.0,0.48570285942811436,0.5302554558703328,5000,shared row-label permutation of full sensitivity matrix across all drugs/trajectories,6,0,0,0,0,0,-0.05115078056096248,821.0,False,top100_weighted;top100_rank;top250_weighted;top250_rank;top500_weighted;top500_rank,False
PRISM,250,weighted,homoquinolinic-acid,HOMOQUINOLINICACID,4,0,0,-0.08362507058159233,0.10920383963862226,-0.45714285714285713,-0.023376623376623374,-0.08413325804630155,none,tested,954.0,0.0001999600079984003,0.0003439312137572485,5000,shared row-label permutation of full sensitivity matrix across all drugs/trajectories,6,0,0,0,0,0,-0.09402879728966687,978.5,False,top100_weighted;top100_rank;top250_weighted;top250_rank;top500_weighted;top500_rank,False
PRISM,250,weighted,homosalate,HOMOSALATE,4,1,1,-0.12447026657552973,0.2531442241968558,-0.2827067669172932,0.12330827067669171,-0.023376623376623374,none,tested,1100.0,0.0001999600079984003,0.0003439312137572485,5000,shared row-label permutation of full sensitivity matrix across all drugs/trajectories,6,0,0,0,0,0,-0.11401230348598769,1074.5,False,top100_weighted;top100_rank;top250_weighted;top250_rank;top500_weighted;top500_rank,False
PRISM,250,weighted,"hydroxytacrine-maleate-(r,s)",HYDROXYTACRINEMALEATERS,4,2,1,-0.07019762845849802,0.23338932806324109,-0.22529644268774704,0.10968379446640317,-0.16996047430830039,none,tested,901.0,0.0001999600079984003,0.0003439312137572485,5000,shared row-label permutation of full sensitivity matrix across all drugs/trajectories,6,1,0,0,0,0,-0.055612648221343874,813.0,False,top100_weighted;top100_rank;top250_weighted;top250_rank;top500_weighted;top500_rank,False
PRISM,250,weighted,hydroxyurea,HYDROXYUREA,4,0,0,-0.09969899665551839,0.0902508361204013,-0.3043478260869565,-0.033846153846153845,-0.08461538461538462,none,tested,1012.0,0.0001999600079984003,0.0003439312137572485,5000,shared row-label permutation of full sensitivity matrix across all drugs/trajectories,6,0,0,0,0,0,-0.12515886287625416,1071.5,False,top100_weighted;top100_rank;top250_weighted;top250_rank;top500_weighted;top500_rank,False
PRISM,250,weighted,hyodeoxycholic-acid,HYODEOXYCHOLICACID,4,2,2,-0.035296442687747044,0.23460474308300397,-0.1650197628458498,0.10770750988142294,0.07565217391304348,none,tested,758.0,0.0001999600079984003,0.0003439312137572485,5000,shared row-label permutation of full sensitivity matrix across all drugs/trajectories,6,0,0,0,0,0,-0.04888339920948618,808.0,False,top100_weighted;top100_rank;top250_weighted;top250_rank;top500_weighted;top500_rank,False
PRISM,250,weighted,hyoscyamine,HYOSCYAMINE,4,1,1,-0.04615384615384615,0.15269230769230768,-0.12153846153846154,0.2492307692307692,-0.006153846153846154,none,tested,798.0,0.09358128374325135,0.11891692204933657,5000,shared row-label permutation of full sensitivity matrix across all drugs/trajectories,6,4,3,0,0,2,0.03442307692307692,405.0,True,top100_weighted;top100_rank;top250_weighted;top250_rank;top500_weighted;top500_rank,False
PRISM,250,weighted,hypericin,HYPERICIN,4,0,0,-0.14135338345864662,0.017053998632945988,-0.15939849624060148,-0.12727272727272726,-0.14736842105263157,none,tested,1157.0,0.0001999600079984003,0.0003439312137572485,5000,shared row-label permutation of full sensitivity matrix across all drugs/trajectories,6,0,0,0,0,0,-0.11804511278195487,1089.0,False,top100_weighted;top100_rank;top250_weighted;top250_rank;top500_weighted;top500_rank,False
PRISM,250,weighted,ibrutinib,IBRUTINIB,4,1,0,-0.175036200882737,0.1281912722362983,-0.4089350553022703,0.06889986220041339,-0.18085789612315525,none,tested,1224.0,0.033193361327734455,0.05449107222890398,5000,shared row-label permutation of full sensitivity matrix across all drugs/trajectories,6,0,0,0,0,0,-0.21648309169937036,1269.5,False,top100_weighted;top100_rank;top250_weighted;top250_rank;top500_weighted;top500_rank,False
PRISM,250,weighted,ibutilide,IBUTILIDE,4,1,1,-0.17560700169395824,0.19229954827780915,-0.24011857707509882,0.19706380575945792,-0.2309429700734049,none,tested,1226.0,0.0001999600079984003,0.0003439312137572485,5000,shared row-label permutation of full sensitivity matrix across all drugs/trajectories,6,0,0,0,0,0,-0.18774703557312256,1251.0,False,top100_weighted;top100_rank;top250_weighted;top250_rank;top500_weighted;top500_rank,False
PRISM,250,weighted,icotinib,ICOTINIB,4,0,0,-0.1509832334677566,0.17220463695263527,-0.38445564119712505,-0.048337753997661714,-0.20976667690293624,none,tested,1175.0,0.051989602079584085,0.08011808043015674,5000,shared row-label permutation of full sensitivity matrix across all drugs/trajectories,6,0,0,0,0,0,-0.15759624296057897,1173.0,False,top100_weighted;top100_rank;top250_weighted;top250_rank;top500_weighted;top500_rank,False
PRISM,250,weighted,idarubicin,IDARUBICIN,4,1,1,-0.06871823828345569,0.16898644833427443,-0.4636363636363636,0.01818181818181818,-0.101072840203275,none,tested,899.0,0.0001999600079984003,0.0003439312137572485,5000,shared row-label permutation of full sensitivity matrix across all drugs/trajectories,6,2,1,0,0,0,-0.06798418972332018,906.0,False,top100_weighted;top100_rank;top250_weighted;top250_rank;top500_weighted;top500_rank,False
PRISM,250,weighted,idasanutlin,IDASANUTLIN,4,2,2,-0.012381491335798224,0.30191981103781806,-0.15960709758387062,0.328189655423069,0.10759892385492391,none,tested,677.0,0.9158168366326734,0.9276472972882628,5000,shared row-label permutation of full sensitivity matrix across all drugs/trajectories,6,1,1,0,0,1,-0.010315818668143552,650.5,False,top100_weighted;top100_rank;top250_weighted;top250_rank;top500_weighted;top500_rank,False
PRISM,250,weighted,idazoxan,IDAZOXAN,4,1,1,-0.1978260869565217,0.3050418060200668,-0.3253846153846154,0.2295652173913043,-0.08695652173913042,none,tested,1271.0,0.0001999600079984003,0.0003439312137572485,5000,shared row-label permutation of full sensitivity matrix across all drugs/trajectories,6,0,0,0,0,0,-0.22065217391304345,1291.0,False,top100_weighted;top100_rank;top250_weighted;top250_rank;top500_weighted;top500_rank,False
PRISM,250,weighted,idelalisib,IDELALISIB,4,2,1,0.004277080828796893,0.12382285378519833,-0.20056166348369828,0.12909007592368807,-0.023329531793437604,none,tested,596.0,0.10977804439112178,0.1301905099407165,5000,shared row-label permutation of full sensitivity matrix across all drugs/trajectories,6,1,0,0,0,0,-0.03363340833553921,731.5,False,top100_weighted;top100_rank;top250_weighted;top250_rank;top500_weighted;top500_rank,False
PRISM,250,weighted,idoxuridine,IDOXURIDINE,4,1,1,-0.05807692307692308,0.13344017094017094,-0.11230769230769232,0.18837606837606835,-0.01923076923076923,none,tested,854.0,0.07998400319936012,0.10780452605131148,5000,shared row-label permutation of full sensitivity matrix across all drugs/trajectories,6,0,0,0,0,0,-0.05846153846153846,865.0,False,top100_weighted;top100_rank;top250_weighted;top250_rank;top500_weighted;top500_rank,False
PRISM,250,weighted,idronoxil,IDRONOXIL,4,2,2,0.01806888763410503,0.2726214003387917,-0.2440711462450593,0.6194240542066629,0.05590062111801244,none,tested,520.0,0.0001999600079984003,0.0003439312137572485,5000,shared row-label permutation of full sensitivity matrix across all drugs/trajectories,6,5,2,0,0,0,0.04912478825522305,366.0,True,top100_weighted;top100_rank;top250_weighted;top250_rank;top500_weighted;top500_rank,False
PRISM,250,weighted,ifosfamide,IFOSFAMIDE,4,0,0,-0.2425296442687747,0.09180830039525689,-0.2756916996047431,-0.023715415019762844,-0.2233201581027668,none,tested,1309.0,0.0001999600079984003,0.0003439312137572485,5000,shared row-label permutation of full sensitivity matrix across all drugs/trajectories,6,0,0,0,0,0,-0.09475296442687747,993.5,False,top100_weighted;top100_rank;top250_weighted;top250_rank;top500_weighted;top500_rank,False
PRISM,250,weighted,imatinib,IMATINIB,4,2,2,-0.017476947376686952,0.20745037460436982,-0.22981740739689827,0.07640897452382106,0.0697855720394397,none,tested,703.0,0.8686262747450509,0.8895125736757411,5000,shared row-label permutation of full sensitivity matrix across all drugs/trajectories,6,1,0,0,0,0,-0.056341445514897164,833.5,False,top100_weighted;top100_rank;top250_weighted;top250_rank;top500_weighted;top500_rank,False
PRISM,250,weighted,imidapril,IMIDAPRIL,4,1,1,-0.04846153846153846,0.1285042735042735,-0.13709401709401706,0.09999999999999999,-0.09461538461538462,none,tested,808.0,0.08578284343131373,0.11332857313571973,5000,shared row-label permutation of full sensitivity matrix across all drugs/trajectories,6,3,2,0,0,0,-0.001089743589743595,582.0,False,top100_weighted;top100_rank;top250_weighted;top250_rank;top500_weighted;top500_rank,False
PRISM,250,weighted,imiquimod,IMIQUIMOD,4,1,0,-0.03483073705638567,0.10180909675122807,-0.10115905516787298,0.2185344474237256,-0.04942121779193794,none,tested,756.0,0.09098180363927215,0.11706442495284727,5000,shared row-label permutation of full sensitivity matrix across all drugs/trajectories,6,0,0,0,0,0,-0.03451119997820162,753.0,False,top100_weighted;top100_rank;top250_weighted;top250_rank;top500_weighted;top500_rank,False
PRISM,250,weighted,indibulin,INDIBULIN,4,1,1,-0.1129059829059829,0.2219871794871795,-0.22538461538461538,0.13076923076923078,-0.02427350427350427,none,tested,1067.0,0.0591881623675265,0.08825259556589801,5000,shared row-label permutation of full sensitivity matrix across all drugs/trajectories,6,0,0,0,0,0,-0.11946581196581196,1099.5,False,top100_weighted;top100_rank;top250_weighted;top250_rank;top500_weighted;top500_rank,False
PRISM,250,weighted,indiplon,INDIPLON,4,2,2,0.002478632478632479,0.17448717948717948,-0.10076923076923076,0.3884615384615384,0.037264957264957266,none,tested,603.0,0.10977804439112178,0.1301905099407165,5000,shared row-label permutation of full sensitivity matrix across all drugs/trajectories,6,6,4,0,0,1,0.054401709401709394,362.0,True,top100_weighted;top100_rank;top250_weighted;top250_rank;top500_weighted;top500_rank,False
PRISM,250,weighted,indirubin,INDIRUBIN,4,3,3,0.06638245074496321,0.1238219714458732,-0.027100246984064547,0.13057391728685644,0.12265140433039184,none,tested,325.0,0.5456908618276345,0.5880403547423094,5000,shared row-label permutation of full sensitivity matrix across all drugs/trajectories,6,6,6,0,1,2,0.06827737398153436,297.0,True,top100_weighted;top100_rank;top250_weighted;top250_rank;top500_weighted;top500_rank,False
PRISM,250,weighted,indisulam,INDISULAM,4,1,1,-0.013381080619691076,0.07559341580458691,-0.09889781034503772,0.17136747466525606,-0.01873247698770005,none,tested,679.0,0.8994201159768046,0.9131203462277842,5000,shared row-label permutation of full sensitivity matrix across all drugs/trajectories,6,1,1,0,0,0,-0.038337043462008225,739.0,False,top100_weighted;top100_rank;top250_weighted;top250_rank;top500_weighted;top500_rank,False
PRISM,250,weighted,indoprofen,INDOPROFEN,4,0,0,-0.07923076923076923,0.12615384615384614,-0.24615384615384614,-0.023076923076923078,-0.12615384615384614,none,tested,937.0,0.07418516296740651,0.10236938119622452,5000,shared row-label permutation of full sensitivity matrix across all drugs/trajectories,6,0,0,0,0,0,-0.07961538461538462,950.0,False,top100_weighted;top100_rank;top250_weighted;top250_rank;top500_weighted;top500_rank,False
PRISM,250,weighted,ingenol-mebutate,INGENOLMEBUTATE,4,2,2,-0.014841897233201583,0.22872529644268774,-0.19762845849802374,0.14822134387351776,0.08,none,tested,692.0,0.0001999600079984003,0.0003439312137572485,5000,shared row-label permutation of full sensitivity matrix across all drugs/trajectories,6,0,0,0,0,0,-0.12098814229249011,1041.5,False,top100_weighted;top100_rank;top250_weighted;top250_rank;top500_weighted;top500_rank,False
PRISM,250,weighted,inosine,INOSINE,4,2,2,0.030427350427350425,0.24342490842490838,-0.4072039072039072,0.2916239316239316,0.07623931623931623,none,tested,458.0,0.7782443511297741,0.8130091849968565,5000,shared row-label permutation of full sensitivity matrix across all drugs/trajectories,6,3,1,1,1,1,0.01299145299145299,515.5,False,top100_weighted;top100_rank;top250_weighted;top250_rank;top500_weighted;top500_rank,False
PRISM,250,weighted,iododexetimide,IODODEXETIMIDE,4,1,1,-0.13339920948616601,0.08899209486166007,-0.19391304347826085,0.08498023715415019,-0.14624505928853757,none,tested,1129.0,0.0001999600079984003,0.0003439312137572485,5000,shared row-label permutation of full sensitivity matrix across all drugs/trajectories,6,0,0,0,0,0,-0.057806324110671936,822.0,False,top100_weighted;top100_rank;top250_weighted;top250_rank;top500_weighted;top500_rank,False
PRISM,250,weighted,ipsapirone,IPSAPIRONE,4,1,1,-0.18438127090301004,0.16591973244147154,-0.48,0.05304347826086955,-0.20615384615384616,none,tested,1241.0,0.0001999600079984003,0.0003439312137572485,5000,shared row-label permutation of full sensitivity matrix across all drugs/trajectories,6,0,0,0,0,0,-0.07503344481605351,932.0,False,top100_weighted;top100_rank;top250_weighted;top250_rank;top500_weighted;top500_rank,False
PRISM,250,weighted,irinotecan,IRINOTECAN,4,3,3,0.11101911269716991,0.15689172640436133,-0.3040806514441352,0.23760354435097114,0.12533289766755973,TierB_moderate_candidate,tested,186.0,0.29214157168566285,0.3303008609474034,5000,shared row-label permutation of full sensitivity matrix across all drugs/trajectories,6,4,2,0,0,1,0.040148421258410505,389.0,True,top100_weighted;top100_rank;top250_weighted;top250_rank;top500_weighted;top500_rank,False
PRISM,250,weighted,isofloxythepin,ISOFLOXYTHEPIN,4,0,0,-0.17201581027667984,0.12209486166007903,-0.2648221343873518,-0.08521739130434783,-0.22347826086956518,none,tested,1216.0,0.0001999600079984003,0.0003439312137572485,5000,shared row-label permutation of full sensitivity matrix across all drugs/trajectories,6,0,0,0,0,0,-0.08722332015810276,961.0,False,top100_weighted;top100_rank;top250_weighted;top250_rank;top500_weighted;top500_rank,False
PRISM,250,weighted,isopropyl-myristate,ISOPROPYLMYRISTATE,4,1,1,-0.10999999999999999,0.0798076923076923,-0.1676923076923077,0.09153846153846153,-0.09999999999999999,none,tested,1055.0,0.0633873225354929,0.09275005591636885,5000,shared row-label permutation of full sensitivity matrix across all drugs/trajectories,6,2,0,0,0,0,-0.0557051282051282,832.0,False,top100_weighted;top100_rank;top250_weighted;top250_rank;top500_weighted;top500_rank,False
PRISM,250,weighted,ispinesib,ISPINESIB,4,1,1,-0.061059660155047144,0.144404668406225,-0.35487636960031765,0.16234813389340044,-0.05099396513318347,none,tested,864.0,0.5658868226354729,0.6068601243548555,5000,shared row-label permutation of full sensitivity matrix across all drugs/trajectories,6,0,0,0,0,0,-0.15457454519514957,1180.5,False,top100_weighted;top100_rank;top250_weighted;top250_rank;top500_weighted;top500_rank,False
PRISM,250,weighted,istradefylline,ISTRADEFYLLINE,4,1,1,-0.22662337662337662,0.17607284020327496,-0.4952004517221909,0.08831168831168833,-0.20649350649350648,none,tested,1302.0,0.0001999600079984003,0.0003439312137572485,5000,shared row-label permutation of full sensitivity matrix across all drugs/trajectories,6,0,0,0,0,0,-0.23538961038961037,1296.0,False,top100_weighted;top100_rank;top250_weighted;top250_rank;top500_weighted;top500_rank,False
PRISM,250,weighted,ivermectin,IVERMECTIN,4,1,1,-0.12816053511705686,0.15675585284280935,-0.34521739130434775,0.08153846153846152,-0.16153846153846155,none,tested,1110.0,0.0001999600079984003,0.0003439312137572485,5000,shared row-label permutation of full sensitivity matrix across all drugs/trajectories,6,1,0,0,0,0,-0.10031772575250836,993.0,False,top100_weighted;top100_rank;top250_weighted;top250_rank;top500_weighted;top500_rank,False
PRISM,250,weighted,ixabepilone,IXABEPILONE,4,3,3,0.16003663003663002,0.1197130647130647,-0.23965811965811962,0.2287179487179487,0.16178266178266176,TierA_strong_collateral,tested,96.0,0.132373525294941,0.1547841308931196,5000,shared row-label permutation of full sensitivity matrix across all drugs/trajectories,6,6,4,0,1,3,0.09409035409035409,217.5,True,top100_weighted;top100_rank;top250_weighted;top250_rank;top500_weighted;top500_rank,False
PRISM,250,weighted,ixazomib,IXAZOMIB,4,3,3,0.2259096459096459,0.17595848595848596,-0.2635897435897435,0.3011965811965812,0.2490842490842491,TierA_strong_collateral,tested,24.0,0.03499300139972006,0.056884964470520535,5000,shared row-label permutation of full sensitivity matrix across all drugs/trajectories,6,6,6,4,6,6,0.20449328449328447,39.5,True,top100_weighted;top100_rank;top250_weighted;top250_rank;top500_weighted;top500_rank,True
PRISM,250,weighted,ixazomib-citrate,IXAZOMIBCITRATE,4,3,3,0.06422924901185771,0.09627470355731226,-0.1847826086956522,0.1469565217391304,0.07312252964426878,none,tested,331.0,0.0001999600079984003,0.0003439312137572485,5000,shared row-label permutation of full sensitivity matrix across all drugs/trajectories,6,6,6,0,0,2,0.08349802371541502,232.5,True,top100_weighted;top100_rank;top250_weighted;top250_rank;top500_weighted;top500_rank,True
PRISM,250,weighted,josamycin,JOSAMYCIN,4,3,3,0.1632905982905983,0.29371794871794876,-0.22999999999999998,0.2953846153846154,0.27153846153846156,TierA_strong_collateral,tested,89.0,0.04259148170365927,0.06766918368412135,5000,shared row-label permutation of full sensitivity matrix across all drugs/trajectories,6,6,6,1,3,6,0.14403846153846153,102.0,True,top100_weighted;top100_rank;top250_weighted;top250_rank;top500_weighted;top500_rank,True
PRISM,250,weighted,kenpaullone,KENPAULLONE,4,2,2,0.01465201465201465,0.16844932844932842,-0.18427350427350422,0.21846153846153846,0.059829059829059825,none,tested,543.0,0.8938212357528494,0.9088205242246745,5000,shared row-label permutation of full sensitivity matrix across all drugs/trajectories,6,6,2,0,0,0,0.015836385836385837,511.0,True,top100_weighted;top100_rank;top250_weighted;top250_rank;top500_weighted;top500_rank,False
PRISM,250,weighted,ketoprofen,KETOPROFEN,4,1,1,-0.06494983277591973,0.1912709030100334,-0.20434782608695648,0.3556521739130434,-0.030769230769230767,none,tested,878.0,0.0001999600079984003,0.0003439312137572485,5000,shared row-label permutation of full sensitivity matrix across all drugs/trajectories,6,0,0,0,0,0,-0.045677257525083614,799.0,False,top100_weighted;top100_rank;top250_weighted;top250_rank;top500_weighted;top500_rank,False
PRISM,250,weighted,kifunensine,KIFUNENSINE,4,1,0,-0.1642292490118577,0.22015810276679842,-0.36067193675889325,0.044466403162055336,-0.2434782608695652,none,tested,1198.0,0.0001999600079984003,0.0003439312137572485,5000,shared row-label permutation of full sensitivity matrix across all drugs/trajectories,6,0,0,0,0,0,-0.1402371541501976,1123.5,False,top100_weighted;top100_rank;top250_weighted;top250_rank;top500_weighted;top500_rank,False
PRISM,250,weighted,ku-0063794,KU0063794,4,1,1,-0.295,0.2577136752136752,-0.3962393162393162,0.06461538461538462,-0.39,none,tested,1324.0,0.01259748050389922,0.021528771168843153,5000,shared row-label permutation of full sensitivity matrix across all drugs/trajectories,6,1,1,0,0,0,-0.10034188034188034,1023.5,False,top100_weighted;top100_rank;top250_weighted;top250_rank;top500_weighted;top500_rank,False
PRISM,250,weighted,kynurenic-acid,KYNURENICACID,4,2,1,-0.00011293054771315675,0.2173630717108978,-0.32987012987012987,0.24415584415584415,-0.04935064935064935,none,tested,621.0,0.0001999600079984003,0.0003439312137572485,5000,shared row-label permutation of full sensitivity matrix across all drugs/trajectories,6,3,3,0,0,2,0.009980237154150199,545.0,False,top100_weighted;top100_rank;top250_weighted;top250_rank;top500_weighted;top500_rank,False
PRISM,250,weighted,lacitol,LACITOL,4,2,1,0.0007058159232072288,0.09775550536420104,-0.23546019198193116,0.06832298136645965,-0.01383399209486166,none,tested,612.0,0.0001999600079984003,0.0003439312137572485,5000,shared row-label permutation of full sensitivity matrix across all drugs/trajectories,6,6,4,2,3,3,0.09627329192546583,241.0,True,top100_weighted;top100_rank;top250_weighted;top250_rank;top500_weighted;top500_rank,False
PRISM,250,weighted,lafutidine,LAFUTIDINE,4,2,2,-0.044914529914529905,0.22967948717948716,-0.20384615384615384,0.07153846153846154,0.06230769230769231,none,tested,795.0,0.08878224355128975,0.11538256551024424,5000,shared row-label permutation of full sensitivity matrix across all drugs/trajectories,6,2,0,0,0,0,-0.037371794871794865,767.5,False,top100_weighted;top100_rank;top250_weighted;top250_rank;top500_weighted;top500_rank,False
PRISM,250,weighted,lapatinib,LAPATINIB,4,1,0,-0.08137234275757428,0.15985322643899924,-0.1714163029380831,0.028278453234184788,-0.15465870102152912,none,tested,947.0,0.4521095780843831,0.4968359996590954,5000,shared row-label permutation of full sensitivity matrix across all drugs/trajectories,6,0,0,0,0,0,-0.07297946673881298,918.5,False,top100_weighted;top100_rank;top250_weighted;top250_rank;top500_weighted;top500_rank,False
PRISM,250,weighted,lappaconite,LAPPACONITE,4,2,2,0.023247863247863244,0.08924908424908423,-0.024957264957264955,0.16178266178266176,0.05162393162393161,none,tested,489.0,0.8326334733053389,0.861055407227321,5000,shared row-label permutation of full sensitivity matrix across all drugs/trajectories,6,5,1,0,0,0,0.03521367521367521,428.5,True,top100_weighted;top100_rank;top250_weighted;top250_rank;top500_weighted;top500_rank,False
PRISM,250,weighted,lasalocid,LASALOCID,4,1,1,-0.1398168498168498,0.23300976800976797,-0.30188034188034185,0.0147008547008547,-0.03724053724053724,none,tested,1151.0,0.1977604479104179,0.2282378156403351,5000,shared row-label permutation of full sensitivity matrix across all drugs/trajectories,6,0,0,0,0,0,-0.18969474969474967,1268.5,False,top100_weighted;top100_rank;top250_weighted;top250_rank;top500_weighted;top500_rank,False
PRISM,250,weighted,latanoprost,LATANOPROST,4,0,0,-0.1510276679841897,0.1450197628458498,-0.47035573122529645,-0.08498023715415019,-0.18347826086956517,none,tested,1176.0,0.0001999600079984003,0.0003439312137572485,5000,shared row-label permutation of full sensitivity matrix across all drugs/trajectories,6,1,0,0,0,0,-0.07893280632411066,929.0,False,top100_weighted;top100_rank;top250_weighted;top250_rank;top500_weighted;top500_rank,False
PRISM,250,weighted,lenalidomide,LENALIDOMIDE,4,3,2,0.04168896321070233,0.14420568561872907,-0.16347826086956518,0.1678260869565217,0.0007692307692307692,none,tested,414.0,0.0001999600079984003,0.0003439312137572485,5000,shared row-label permutation of full sensitivity matrix across all drugs/trajectories,6,6,5,0,0,1,0.03464882943143812,423.5,True,top100_weighted;top100_rank;top250_weighted;top250_rank;top500_weighted;top500_rank,True
PRISM,250,weighted,lenvatinib,LENVATINIB,4,4,3,0.09876499224086097,0.11907150543937098,0.053496591449062485,0.3431524780449732,0.12987001476778984,none,tested,225.0,0.36312737452509497,0.403710417215973,5000,shared row-label permutation of full sensitivity matrix across all drugs/trajectories,6,5,3,1,1,2,0.06724402254174575,321.0,True,top100_weighted;top100_rank;top250_weighted;top250_rank;top500_weighted;top500_rank,False
PRISM,250,weighted,lerisetron,LERISETRON,4,2,1,0.004829059829059828,0.11660256410256409,-0.20384615384615384,0.23153846153846153,-0.0003418803418803419,none,tested,590.0,0.10757848430313938,0.12895874062597554,5000,shared row-label permutation of full sensitivity matrix across all drugs/trajectories,6,4,3,0,0,1,0.021837606837606834,497.0,True,top100_weighted;top100_rank;top250_weighted;top250_rank;top500_weighted;top500_rank,False
PRISM,250,weighted,lestaurtinib,LESTAURTINIB,4,1,1,-0.24095317725752508,0.15251672240802674,-0.2669565217391304,0.19652173913043475,-0.2653846153846154,none,tested,1305.0,0.0001999600079984003,0.0003439312137572485,5000,shared row-label permutation of full sensitivity matrix across all drugs/trajectories,6,3,3,0,0,0,-0.01683110367892976,659.0,False,top100_weighted;top100_rank;top250_weighted;top250_rank;top500_weighted;top500_rank,False
PRISM,250,weighted,letrozole,LETROZOLE,4,0,0,-0.24096555618294752,0.09246188594014679,-0.41840767927724454,-0.10869565217391304,-0.2509881422924901,none,tested,1306.0,0.0001999600079984003,0.0003439312137572485,5000,shared row-label permutation of full sensitivity matrix across all drugs/trajectories,6,0,0,0,0,0,-0.1232707509881423,1043.5,False,top100_weighted;top100_rank;top250_weighted;top250_rank;top500_weighted;top500_rank,False
PRISM,250,weighted,levobunolol,LEVOBUNOLOL,4,4,3,0.1318181818181818,0.1906832298136646,0.02428006775832863,0.2532467532467532,0.22077922077922077,TierB_moderate_candidate,tested,139.0,0.0001999600079984003,0.0003439312137572485,5000,shared row-label permutation of full sensitivity matrix across all drugs/trajectories,6,6,6,3,4,6,0.17564935064935067,55.5,True,top100_weighted;top100_rank;top250_weighted;top250_rank;top500_weighted;top500_rank,True
PRISM,250,weighted,levocetirizine,LEVOCETIRIZINE,4,3,3,0.18280632411067194,0.20159090909090907,-0.0800395256916996,0.4417391304347826,0.23023715415019763,TierA_strong_collateral,tested,61.0,0.0001999600079984003,0.0003439312137572485,5000,shared row-label permutation of full sensitivity matrix across all drugs/trajectories,6,6,6,3,5,5,0.1800889328063241,48.5,True,top100_weighted;top100_rank;top250_weighted;top250_rank;top500_weighted;top500_rank,True
PRISM,250,weighted,licochalcone-a,LICOCHALCONEA,4,4,3,0.1043478260869565,0.10288461538461538,0.06521739130434781,0.3515384615384615,0.1252173913043478,TierB_moderate_candidate,tested,208.0,0.0001999600079984003,0.0003439312137572485,5000,shared row-label permutation of full sensitivity matrix across all drugs/trajectories,6,5,3,0,0,0,0.06304347826086956,317.0,True,top100_weighted;top100_rank;top250_weighted;top250_rank;top500_weighted;top500_rank,False
PRISM,250,weighted,lidocaine,LIDOCAINE,4,2,2,-0.0018394648829431455,0.09167224080267558,-0.18173913043478263,0.08521739130434783,0.014782608695652172,none,tested,629.0,0.0001999600079984003,0.0003439312137572485,5000,shared row-label permutation of full sensitivity matrix across all drugs/trajectories,6,2,2,0,0,0,-0.013311036789297659,673.5,False,top100_weighted;top100_rank;top250_weighted;top250_rank;top500_weighted;top500_rank,False
PRISM,250,weighted,linalool,LINALOOL,4,3,2,0.03804347826086957,0.08787549407114624,-0.17391304347826086,0.1034782608695652,0.05039525691699605,none,tested,429.0,0.0001999600079984003,0.0003439312137572485,5000,shared row-label permutation of full sensitivity matrix across all drugs/trajectories,6,6,2,0,0,1,0.0533596837944664,354.0,True,top100_weighted;top100_rank;top250_weighted;top250_rank;top500_weighted;top500_rank,False
PRISM,250,weighted,linifanib,LINIFANIB,4,1,1,-0.05059449711949951,0.18696787367965118,-0.3521510224301186,0.2265367673595706,-0.022397212964680245,none,tested,818.0,0.08578284343131373,0.11332857313571973,5000,shared row-label permutation of full sensitivity matrix across all drugs/trajectories,6,4,1,0,0,1,0.015508793302349352,504.0,True,top100_weighted;top100_rank;top250_weighted;top250_rank;top500_weighted;top500_rank,False
PRISM,250,weighted,linsitinib,LINSITINIB,4,3,2,0.07803100822921996,0.12412312869738558,-0.33104756502730925,0.10528624330899825,0.06800455715368083,none,tested,287.0,0.47230553889222154,0.516899247408318,5000,shared row-label permutation of full sensitivity matrix across all drugs/trajectories,6,2,1,0,0,0,-0.04567005201829295,809.5,False,top100_weighted;top100_rank;top250_weighted;top250_rank;top500_weighted;top500_rank,False
PRISM,250,weighted,litronesib,LITRONESIB,4,3,3,0.19824612521883597,0.2578446086652901,-0.2774081817841759,0.29092090124071174,0.27542101715821476,TierA_strong_collateral,tested,49.0,0.03199360127974405,0.05284692751660324,5000,shared row-label permutation of full sensitivity matrix across all drugs/trajectories,6,4,3,1,2,2,0.052969307698279254,350.0,True,top100_weighted;top100_rank;top250_weighted;top250_rank;top500_weighted;top500_rank,False
PRISM,250,weighted,lomitapide,LOMITAPIDE,4,3,2,0.05978260869565217,0.14749999999999996,-0.008695652173913044,0.27999999999999997,0.10999999999999999,none,tested,346.0,0.0001999600079984003,0.0003439312137572485,5000,shared row-label permutation of full sensitivity matrix across all drugs/trajectories,6,4,3,0,0,0,0.04237458193979933,382.0,True,top100_weighted;top100_rank;top250_weighted;top250_rank;top500_weighted;top500_rank,False
PRISM,250,weighted,lonafarnib,LONAFARNIB,4,1,1,-0.12427350427350427,0.12724358974358974,-0.3946153846153846,0.010769230769230769,-0.107008547008547,none,tested,1098.0,0.05398920215956809,0.08272138675713132,5000,shared row-label permutation of full sensitivity matrix across all drugs/trajectories,6,0,0,0,0,0,-0.12162393162393162,1078.5,False,top100_weighted;top100_rank;top250_weighted;top250_rank;top500_weighted;top500_rank,False
PRISM,250,weighted,lorazepam,LORAZEPAM,4,2,2,0.012307692307692308,0.11095238095238094,-0.16102564102564101,0.19047619047619047,0.027692307692307693,none,tested,551.0,0.907618476304739,0.9207423355511546,5000,shared row-label permutation of full sensitivity matrix across all drugs/trajectories,6,3,2,0,0,0,0.0037667887667887667,581.0,False,top100_weighted;top100_rank;top250_weighted;top250_rank;top500_weighted;top500_rank,False
PRISM,250,weighted,lucitanib,LUCITANIB,4,3,2,0.04990118577075099,0.1684090909090909,-0.06,0.43280632411067194,0.0800395256916996,none,tested,379.0,0.0001999600079984003,0.0003439312137572485,5000,shared row-label permutation of full sensitivity matrix across all drugs/trajectories,6,6,5,0,0,0,0.05088932806324111,329.5,True,top100_weighted;top100_rank;top250_weighted;top250_rank;top500_weighted;top500_rank,True
PRISM,250,weighted,lurasidone,LURASIDONE,4,0,0,-0.13622529644268772,0.05117588932806322,-0.24901185770750991,-0.10869565217391304,-0.1469565217391304,none,tested,1137.0,0.0001999600079984003,0.0003439312137572485,5000,shared row-label permutation of full sensitivity matrix across all drugs/trajectories,6,1,1,0,0,0,-0.05407114624505929,817.5,False,top100_weighted;top100_rank;top250_weighted;top250_rank;top500_weighted;top500_rank,False
PRISM,250,weighted,maprotiline,MAPROTILINE,4,2,2,-0.04682274247491638,0.13628762541806017,-0.1643478260869565,0.07217391304347825,0.004615384615384616,none,tested,799.0,0.0001999600079984003,0.0003439312137572485,5000,shared row-label permutation of full sensitivity matrix across all drugs/trajectories,6,0,0,0,0,0,-0.032224080267558526,736.5,False,top100_weighted;top100_rank;top250_weighted;top250_rank;top500_weighted;top500_rank,False
PRISM,250,weighted,marimastat,MARIMASTAT,4,0,0,-0.13773504273504272,0.20391025641025645,-0.2915384615384616,-0.03,-0.04538461538461538,none,tested,1144.0,0.046990601879624075,0.07395333211988063,5000,shared row-label permutation of full sensitivity matrix across all drugs/trajectories,6,0,0,0,0,0,-0.12153846153846154,1101.0,False,top100_weighted;top100_rank;top250_weighted;top250_rank;top500_weighted;top500_rank,False
PRISM,250,weighted,masitinib,MASITINIB,4,3,3,0.10566064370412198,0.047501411631846416,-0.06606437041219651,0.12351778656126483,0.1057312252964427,TierB_moderate_candidate,tested,203.0,0.0001999600079984003,0.0003439312137572485,5000,shared row-label permutation of full sensitivity matrix across all drugs/trajectories,6,6,6,2,3,4,0.1389751552795031,120.0,True,top100_weighted;top100_rank;top250_weighted;top250_rank;top500_weighted;top500_rank,True
PRISM,250,weighted,maxacalcitol,MAXACALCITOL,4,2,1,0.01919819311123659,0.37358836815358554,-0.163184641445511,0.2707509881422925,-0.1575381140598532,none,tested,514.0,0.0001999600079984003,0.0003439312137572485,5000,shared row-label permutation of full sensitivity matrix across all drugs/trajectories,6,1,0,0,0,0,-0.03387916431394693,751.0,False,top100_weighted;top100_rank;top250_weighted;top250_rank;top500_weighted;top500_rank,False
PRISM,250,weighted,mechlorethamine,MECHLORETHAMINE,4,0,0,-0.3316629023150762,0.15157396950875224,-0.5663466967814795,-0.0942970073404856,-0.3540372670807454,none,tested,1330.0,0.0001999600079984003,0.0003439312137572485,5000,shared row-label permutation of full sensitivity matrix across all drugs/trajectories,6,0,0,0,0,0,-0.3246400338791643,1328.0,False,top100_weighted;top100_rank;top250_weighted;top250_rank;top500_weighted;top500_rank,False
PRISM,250,weighted,meclizine,MECLIZINE,4,3,3,0.12399774138904573,0.05093167701863355,-0.059740259740259746,0.13246753246753248,0.1259175607001694,TierB_moderate_candidate,tested,159.0,0.0001999600079984003,0.0003439312137572485,5000,shared row-label permutation of full sensitivity matrix across all drugs/trajectories,6,4,3,0,0,2,0.05873800112930548,354.5,True,top100_weighted;top100_rank;top250_weighted;top250_rank;top500_weighted;top500_rank,False
PRISM,250,weighted,mefexamide,MEFEXAMIDE,4,2,2,-0.0652991452991453,0.167979242979243,-0.16422466422466422,0.04820512820512819,0.011282051282051281,none,tested,882.0,0.5484903019396121,0.5901029640722381,5000,shared row-label permutation of full sensitivity matrix across all drugs/trajectories,6,4,3,0,1,2,0.03956654456654457,403.5,True,top100_weighted;top100_rank;top250_weighted;top250_rank;top500_weighted;top500_rank,False
PRISM,250,weighted,meglitinide,MEGLITINIDE,4,0,0,-0.12816053511705686,0.15137123745819397,-0.21913043478260866,-0.05391304347826086,-0.20153846153846153,none,tested,1111.0,0.0001999600079984003,0.0003439312137572485,5000,shared row-label permutation of full sensitivity matrix across all drugs/trajectories,6,0,0,0,0,0,-0.1262541806020067,1104.0,False,top100_weighted;top100_rank;top250_weighted;top250_rank;top500_weighted;top500_rank,False
PRISM,250,weighted,melengestrol-acetate,MELENGESTROLACETATE,4,2,2,-0.05653846153846153,0.2458974358974359,-0.16999999999999998,0.3497435897435897,0.020769230769230772,none,tested,846.0,0.08798240351929613,0.11509376240551693,5000,shared row-label permutation of full sensitivity matrix across all drugs/trajectories,6,0,0,0,0,0,-0.07326923076923078,904.5,False,top100_weighted;top100_rank;top250_weighted;top250_rank;top500_weighted;top500_rank,False
PRISM,250,weighted,meloxicam,MELOXICAM,4,2,2,0.061872909698996656,0.2393645484949833,-0.24695652173913044,0.24695652173913044,0.1391304347826087,none,tested,339.0,0.0001999600079984003,0.0003439312137572485,5000,shared row-label permutation of full sensitivity matrix across all drugs/trajectories,6,3,1,0,0,0,0.01907190635451505,508.0,False,top100_weighted;top100_rank;top250_weighted;top250_rank;top500_weighted;top500_rank,False
PRISM,250,weighted,melphalan,MELPHALAN,4,0,0,-0.1926923076923077,0.16455128205128206,-0.26615384615384613,-0.025641025641025637,-0.2623076923076923,none,tested,1261.0,0.033193361327734455,0.05449107222890398,5000,shared row-label permutation of full sensitivity matrix across all drugs/trajectories,6,0,0,0,0,0,-0.17694444444444446,1207.5,False,top100_weighted;top100_rank;top250_weighted;top250_rank;top500_weighted;top500_rank,False
PRISM,250,weighted,mepivacaine,MEPIVACAINE,4,1,1,-0.09487354750512644,0.07940874914559125,-0.21168831168831168,0.09774436090225563,-0.09624060150375939,none,tested,990.0,0.0001999600079984003,0.0003439312137572485,5000,shared row-label permutation of full sensitivity matrix across all drugs/trajectories,6,2,2,0,0,0,-0.019377990430622008,660.5,False,top100_weighted;top100_rank;top250_weighted;top250_rank;top500_weighted;top500_rank,False
PRISM,250,weighted,mercaptopurine,MERCAPTOPURINE,4,1,1,-0.14431438127090299,0.27178929765886284,-0.2904347826086956,0.013913043478260868,-0.013846153846153848,none,tested,1163.0,0.0001999600079984003,0.0003439312137572485,5000,shared row-label permutation of full sensitivity matrix across all drugs/trajectories,6,0,0,0,0,0,-0.12587792642140466,1115.0,False,top100_weighted;top100_rank;top250_weighted;top250_rank;top500_weighted;top500_rank,False
PRISM,250,weighted,mericitabine,MERICITABINE,4,3,3,0.1308695652173913,0.16650501672240803,-0.2826086956521739,0.33384615384615385,0.1391304347826087,TierB_moderate_candidate,tested,141.0,0.0001999600079984003,0.0003439312137572485,5000,shared row-label permutation of full sensitivity matrix across all drugs/trajectories,6,6,6,0,1,5,0.1328260869565217,109.5,True,top100_weighted;top100_rank;top250_weighted;top250_rank;top500_weighted;top500_rank,True
PRISM,250,weighted,merimepodib,MERIMEPODIB,4,3,3,0.21936758893280633,0.11174901185770753,-0.1274703557312253,0.3017391304347826,0.2223320158102767,TierA_strong_collateral,tested,29.0,0.0001999600079984003,0.0003439312137572485,5000,shared row-label permutation of full sensitivity matrix across all drugs/trajectories,6,6,6,3,4,6,0.17228260869565218,62.0,True,top100_weighted;top100_rank;top250_weighted;top250_rank;top500_weighted;top500_rank,True
PRISM,250,weighted,mesna,MESNA,4,2,1,0.04572649572649573,0.24064102564102563,-0.37615384615384617,0.18692307692307694,-0.020854700854700852,none,tested,395.0,0.08878224355128975,0.11538256551024424,5000,shared row-label permutation of full sensitivity matrix across all drugs/trajectories,6,2,0,0,0,0,-0.10963675213675211,1044.0,False,top100_weighted;top100_rank;top250_weighted;top250_rank;top500_weighted;top500_rank,False
PRISM,250,weighted,mesoridazine,MESORIDAZINE,4,1,1,-0.06688311688311688,0.16681476418318522,-0.2646616541353383,0.09480519480519481,-0.015584415584415586,none,tested,886.0,0.0001999600079984003,0.0003439312137572485,5000,shared row-label permutation of full sensitivity matrix across all drugs/trajectories,6,0,0,0,0,0,-0.11527682843472317,1108.5,False,top100_weighted;top100_rank;top250_weighted;top250_rank;top500_weighted;top500_rank,False
PRISM,250,weighted,metaraminol,METARAMINOL,4,2,1,-0.003479853479853478,0.22248473748473746,-0.483076923076923,0.21162393162393162,-0.03601953601953601,none,tested,638.0,0.9722055588882224,0.9751316854762984,5000,shared row-label permutation of full sensitivity matrix across all drugs/trajectories,6,0,0,0,0,0,-0.10694749694749696,1043.5,False,top100_weighted;top100_rank;top250_weighted;top250_rank;top500_weighted;top500_rank,False
PRISM,250,weighted,metatinib,METATINIB,4,3,3,0.06807692307692308,0.09068376068376066,-0.1576923076923077,0.14735042735042733,0.07769230769230769,none,tested,317.0,0.07758448310337933,0.10563852500184334,5000,shared row-label permutation of full sensitivity matrix across all drugs/trajectories,6,3,2,0,0,0,-0.005790598290598293,606.5,False,top100_weighted;top100_rank;top250_weighted;top250_rank;top500_weighted;top500_rank,False
PRISM,250,weighted,methacycline,METHACYCLINE,4,1,1,-0.1920879120879121,0.08178266178266175,-0.29435897435897435,0.030427350427350425,-0.1916971916971917,none,tested,1260.0,0.07758448310337933,0.10563852500184334,5000,shared row-label permutation of full sensitivity matrix across all drugs/trajectories,6,1,0,0,0,0,-0.053510378510378515,845.5,False,top100_weighted;top100_rank;top250_weighted;top250_rank;top500_weighted;top500_rank,False
PRISM,250,weighted,methiazole,METHIAZOLE,4,1,1,-0.13493284493284494,0.12819902319902318,-0.2205128205128205,0.05777777777777777,-0.09584859584859586,none,tested,1133.0,0.20595880823835233,0.23687928505757005,5000,shared row-label permutation of full sensitivity matrix across all drugs/trajectories,6,0,0,0,0,0,-0.1369047619047619,1150.0,False,top100_weighted;top100_rank;top250_weighted;top250_rank;top500_weighted;top500_rank,False
PRISM,250,weighted,methoxyflurane,METHOXYFLURANE,4,2,2,0.012094017094017091,0.17006410256410256,-0.36923076923076925,0.08615384615384615,0.04957264957264957,none,tested,553.0,0.09978004399120176,0.1229458905266917,5000,shared row-label permutation of full sensitivity matrix across all drugs/trajectories,6,2,0,0,0,0,-0.06982905982905982,904.0,False,top100_weighted;top100_rank;top250_weighted;top250_rank;top500_weighted;top500_rank,False
PRISM,250,weighted,methscopolamine,METHSCOPOLAMINE,4,3,2,0.050217391304347825,0.1227173913043478,-0.2678260869565217,0.10434782608695652,0.06999999999999999,none,tested,378.0,0.0001999600079984003,0.0003439312137572485,5000,shared row-label permutation of full sensitivity matrix across all drugs/trajectories,6,6,5,0,0,2,0.07617892976588628,266.0,True,top100_weighted;top100_rank;top250_weighted;top250_rank;top500_weighted;top500_rank,True
PRISM,250,weighted,methyldopa,METHYLDOPA,4,2,2,0.03783321941216678,0.2881578947368421,-0.28051948051948056,0.3744360902255639,0.12077922077922078,none,tested,430.0,0.0001999600079984003,0.0003439312137572485,5000,shared row-label permutation of full sensitivity matrix across all drugs/trajectories,6,6,2,0,1,1,0.07462406015037593,272.5,True,top100_weighted;top100_rank;top250_weighted;top250_rank;top500_weighted;top500_rank,False
PRISM,250,weighted,metoprolol,METOPROLOL,4,1,1,-0.01531620553359684,0.1182707509881423,-0.14031620553359686,0.3060869565217391,-0.019762845849802375,none,tested,694.0,0.0001999600079984003,0.0003439312137572485,5000,shared row-label permutation of full sensitivity matrix across all drugs/trajectories,6,4,3,0,0,1,0.046986166007905145,371.5,True,top100_weighted;top100_rank;top250_weighted;top250_rank;top500_weighted;top500_rank,False
PRISM,250,weighted,metoxibutropate,METOXIBUTROPATE,4,2,2,0.10232441471571903,0.6076003344481604,-0.39739130434782605,0.4452173913043478,0.36695652173913035,none,tested,215.0,0.0001999600079984003,0.0003439312137572485,5000,shared row-label permutation of full sensitivity matrix across all drugs/trajectories,6,6,1,0,1,4,0.11668060200668892,159.5,True,top100_weighted;top100_rank;top250_weighted;top250_rank;top500_weighted;top500_rank,False
PRISM,250,weighted,metronidazole,METRONIDAZOLE,4,0,0,-0.1764224664224664,0.06904151404151404,-0.2745299145299145,-0.04957264957264957,-0.18495726495726494,none,tested,1227.0,0.10157968406318736,0.12377122381739375,5000,shared row-label permutation of full sensitivity matrix across all drugs/trajectories,6,0,0,0,0,0,-0.09974969474969474,1046.0,False,top100_weighted;top100_rank;top250_weighted;top250_rank;top500_weighted;top500_rank,False
PRISM,250,weighted,mevastatin,MEVASTATIN,4,3,3,0.17461538461538462,0.273974358974359,-0.14307692307692307,0.38051282051282054,0.27,TierA_strong_collateral,tested,72.0,0.03999200159968006,0.06430559485207904,5000,shared row-label permutation of full sensitivity matrix across all drugs/trajectories,6,6,3,0,4,6,0.1497222222222222,75.5,True,top100_weighted;top100_rank;top250_weighted;top250_rank;top500_weighted;top500_rank,False
PRISM,250,weighted,mexeneone,MEXENEONE,4,3,2,0.0849802371541502,0.12732919254658387,-0.2930547713156409,0.1925465838509317,0.08102766798418974,none,tested,265.0,0.0001999600079984003,0.0003439312137572485,5000,shared row-label permutation of full sensitivity matrix across all drugs/trajectories,6,6,4,0,0,1,0.04446640316205534,373.5,True,top100_weighted;top100_rank;top250_weighted;top250_rank;top500_weighted;top500_rank,True
PRISM,250,weighted,mexiletine,MEXILETINE,4,2,2,-0.043418803418803414,0.24680708180708177,-0.2246153846153846,0.1349206349206349,0.06119658119658119,none,tested,787.0,0.6832633473305338,0.7205617420819633,5000,shared row-label permutation of full sensitivity matrix across all drugs/trajectories,6,0,0,0,0,0,-0.04622710622710623,779.0,False,top100_weighted;top100_rank;top250_weighted;top250_rank;top500_weighted;top500_rank,False
PRISM,250,weighted,mibampator,MIBAMPATOR,4,1,1,-0.16978260869565215,0.16706521739130434,-0.23217391304347823,0.07478260869565216,-0.10956521739130433,none,tested,1210.0,0.0001999600079984003,0.0003439312137572485,5000,shared row-label permutation of full sensitivity matrix across all drugs/trajectories,6,0,0,0,0,0,-0.12891304347826088,1106.5,False,top100_weighted;top100_rank;top250_weighted;top250_rank;top500_weighted;top500_rank,False
PRISM,250,weighted,mibefradil,MIBEFRADIL,4,1,1,-0.16801093643198906,0.17429938482570062,-0.5609022556390978,0.016541353383458645,-0.14805194805194805,none,tested,1205.0,0.0001999600079984003,0.0003439312137572485,5000,shared row-label permutation of full sensitivity matrix across all drugs/trajectories,6,1,0,0,0,0,-0.09914559125085441,984.5,False,top100_weighted;top100_rank;top250_weighted;top250_rank;top500_weighted;top500_rank,False
PRISM,250,weighted,midodrine,MIDODRINE,4,3,2,0.02652173913043478,0.053102006688963206,-0.09826086956521737,0.11153846153846154,0.02608695652173913,none,tested,478.0,0.0001999600079984003,0.0003439312137572485,5000,shared row-label permutation of full sensitivity matrix across all drugs/trajectories,6,6,6,0,0,1,0.030217391304347828,445.5,True,top100_weighted;top100_rank;top250_weighted;top250_rank;top500_weighted;top500_rank,True
PRISM,250,weighted,midostaurin,MIDOSTAURIN,4,0,0,-0.05637362637362636,0.09960317460317461,-0.29435897435897435,-0.022905982905982905,-0.03521367521367521,none,tested,845.0,0.6032793441311738,0.6425222942631921,5000,shared row-label permutation of full sensitivity matrix across all drugs/trajectories,6,0,0,0,0,0,-0.0761050061050061,921.0,False,top100_weighted;top100_rank;top250_weighted;top250_rank;top500_weighted;top500_rank,False
PRISM,250,weighted,mifepristone,MIFEPRISTONE,4,0,0,-0.1972893772893773,0.13808302808302805,-0.3538461538461538,-0.04752136752136752,-0.23829059829059826,none,tested,1268.0,0.0665866826634673,0.09624496722277166,5000,shared row-label permutation of full sensitivity matrix across all drugs/trajectories,6,0,0,0,0,0,-0.17706959706959707,1214.0,False,top100_weighted;top100_rank;top250_weighted;top250_rank;top500_weighted;top500_rank,False
PRISM,250,weighted,mitomycin-c,MITOMYCINC,4,1,0,-0.06831103678929766,0.19420568561872908,-0.3947826086956522,0.07652173913043478,-0.11923076923076922,none,tested,896.0,0.0001999600079984003,0.0003439312137572485,5000,shared row-label permutation of full sensitivity matrix across all drugs/trajectories,6,0,0,0,0,0,-0.09561036789297658,1022.5,False,top100_weighted;top100_rank;top250_weighted;top250_rank;top500_weighted;top500_rank,False
PRISM,250,weighted,mitoxantrone,MITOXANTRONE,4,1,1,-0.03961038961038961,0.14964709203839638,-0.34025974025974026,0.08300395256916997,-0.01038961038961039,none,tested,769.0,0.0001999600079984003,0.0003439312137572485,5000,shared row-label permutation of full sensitivity matrix across all drugs/trajectories,6,0,0,0,0,0,-0.07459062676453981,947.0,False,top100_weighted;top100_rank;top250_weighted;top250_rank;top500_weighted;top500_rank,False
PRISM,250,weighted,monensin,MONENSIN,4,0,0,-0.1273076923076923,0.11891025641025638,-0.4564102564102564,-0.08461538461538462,-0.10999999999999999,none,tested,1108.0,0.051989602079584085,0.08011808043015674,5000,shared row-label permutation of full sensitivity matrix across all drugs/trajectories,6,0,0,0,0,0,-0.08038461538461539,968.0,False,top100_weighted;top100_rank;top250_weighted;top250_rank;top500_weighted;top500_rank,False
PRISM,250,weighted,motesanib,MOTESANIB,4,3,3,0.13169801024498212,0.13817658603472424,-0.03465533949958167,0.35836771527976496,0.15831189180490718,TierB_moderate_candidate,tested,140.0,0.04939012197560488,0.07673313822084067,5000,shared row-label permutation of full sensitivity matrix across all drugs/trajectories,6,2,2,0,0,1,-0.014303241158266061,636.0,False,top100_weighted;top100_rank;top250_weighted;top250_rank;top500_weighted;top500_rank,False
PRISM,250,weighted,mozavaptan,MOZAVAPTAN,4,3,3,0.06935286935286936,0.3058852258852259,-0.4632478632478632,0.36615384615384616,0.13504273504273506,none,tested,312.0,0.5240951809638073,0.5661417149309198,5000,shared row-label permutation of full sensitivity matrix across all drugs/trajectories,6,4,1,0,0,0,0.026697191697191695,460.0,True,top100_weighted;top100_rank;top250_weighted;top250_rank;top500_weighted;top500_rank,False
PRISM,250,weighted,mycophenolate-mofetil,MYCOPHENOLATEMOFETIL,4,1,1,-0.10223037831733485,0.2673348390739695,-0.461038961038961,0.46583850931677023,-0.07848673066064371,none,tested,1017.0,0.0001999600079984003,0.0003439312137572485,5000,shared row-label permutation of full sensitivity matrix across all drugs/trajectories,6,1,0,0,0,0,-0.1800677583286279,1158.5,False,top100_weighted;top100_rank;top250_weighted;top250_rank;top500_weighted;top500_rank,False
PRISM,250,weighted,nadifloxacin,NADIFLOXACIN,4,3,2,0.12792207792207794,0.1811829474872953,-0.2571428571428571,0.2377188029361943,0.16623376623376623,TierB_moderate_candidate,tested,150.0,0.0001999600079984003,0.0003439312137572485,5000,shared row-label permutation of full sensitivity matrix across all drugs/trajectories,6,4,4,0,0,3,0.07999717673630719,283.5,True,top100_weighted;top100_rank;top250_weighted;top250_rank;top500_weighted;top500_rank,True
PRISM,250,weighted,naftifine,NAFTIFINE,4,0,0,-0.24957264957264952,0.07912087912087912,-0.32844932844932845,-0.06324786324786325,-0.2581196581196581,none,tested,1310.0,0.019396120775844832,0.03289443892392005,5000,shared row-label permutation of full sensitivity matrix across all drugs/trajectories,6,0,0,0,0,0,-0.15877289377289378,1197.5,False,top100_weighted;top100_rank;top250_weighted;top250_rank;top500_weighted;top500_rank,False
PRISM,250,weighted,naltrexone,NALTREXONE,4,1,0,-0.09137123745819398,0.14207357859531772,-0.15304347826086956,0.0608695652173913,-0.15043478260869564,none,tested,975.0,0.0001999600079984003,0.0003439312137572485,5000,shared row-label permutation of full sensitivity matrix across all drugs/trajectories,6,3,2,0,0,0,-0.03912207357859532,746.5,False,top100_weighted;top100_rank;top250_weighted;top250_rank;top500_weighted;top500_rank,False
PRISM,250,weighted,nanchangmycin,NANCHANGMYCIN,4,2,2,-0.019615384615384618,0.09938034188034188,-0.1029059829059829,0.06615384615384615,0.018461538461538463,none,tested,707.0,0.09998000399920016,0.1229458905266917,5000,shared row-label permutation of full sensitivity matrix across all drugs/trajectories,6,3,0,0,0,0,0.004636752136752136,551.5,False,top100_weighted;top100_rank;top250_weighted;top250_rank;top500_weighted;top500_rank,False
PRISM,250,weighted,napabucasin,NAPABUCASIN,4,4,3,0.1942307692307692,0.12414529914529915,0.049999999999999996,0.33196581196581193,0.15846153846153843,TierA_strong_collateral,tested,50.0,0.03459308138372325,0.05630351341209169,5000,shared row-label permutation of full sensitivity matrix across all drugs/trajectories,6,6,6,2,5,5,0.1580769230769231,79.0,True,top100_weighted;top100_rank;top250_weighted;top250_rank;top500_weighted;top500_rank,True
PRISM,250,weighted,narasin,NARASIN,4,0,0,-0.1905250305250305,0.10014652014652009,-0.4297435897435897,-0.12410256410256408,-0.2063492063492063,none,tested,1259.0,0.07778444311137772,0.10580271700761888,5000,shared row-label permutation of full sensitivity matrix across all drugs/trajectories,6,0,0,0,0,0,-0.1576007326007326,1177.0,False,top100_weighted;top100_rank;top250_weighted;top250_rank;top500_weighted;top500_rank,False
PRISM,250,weighted,navarixin,NAVARIXIN,4,2,2,-0.06387351778656127,0.24477272727272728,-0.3794466403162055,0.03853754940711463,0.02964426877470356,none,tested,874.0,0.0001999600079984003,0.0003439312137572485,5000,shared row-label permutation of full sensitivity matrix across all drugs/trajectories,6,1,1,0,0,0,-0.0383201581027668,761.5,False,top100_weighted;top100_rank;top250_weighted;top250_rank;top500_weighted;top500_rank,False
PRISM,250,weighted,navitoclax,NAVITOCLAX,4,1,0,-0.2203360173907935,0.18653260843653513,-0.3180121628713992,0.07650130778891266,-0.27893884457176493,none,tested,1296.0,0.041391721655668866,0.0662366926374629,5000,shared row-label permutation of full sensitivity matrix across all drugs/trajectories,6,2,1,0,0,0,-0.08569599092380727,971.0,False,top100_weighted;top100_rank;top250_weighted;top250_rank;top500_weighted;top500_rank,False
PRISM,250,weighted,nefiracetam,NEFIRACETAM,4,1,1,-0.1167701863354037,0.2364483342744212,-0.34285714285714286,0.04121964991530209,-0.023150762281197064,none,tested,1081.0,0.0001999600079984003,0.0003439312137572485,5000,shared row-label permutation of full sensitivity matrix across all drugs/trajectories,6,0,0,0,0,0,-0.0845990965556183,952.5,False,top100_weighted;top100_rank;top250_weighted;top250_rank;top500_weighted;top500_rank,False
PRISM,250,weighted,nelarabine,NELARABINE,4,3,3,0.15714285714285714,0.14961885940146813,-0.13896103896103898,0.41276115189158674,0.16493506493506493,TierA_strong_collateral,tested,100.0,0.0001999600079984003,0.0003439312137572485,5000,shared row-label permutation of full sensitivity matrix across all drugs/trajectories,6,5,5,1,2,4,0.13506493506493505,109.0,True,top100_weighted;top100_rank;top250_weighted;top250_rank;top500_weighted;top500_rank,True
PRISM,250,weighted,nemorubicin,NEMORUBICIN,4,2,2,-0.041587301587301596,0.28394383394383393,-0.3647863247863247,0.14051282051282052,0.06349206349206347,none,tested,773.0,0.7012597480503899,0.7377894586828491,5000,shared row-label permutation of full sensitivity matrix across all drugs/trajectories,6,2,1,0,0,0,-0.03053724053724054,708.0,False,top100_weighted;top100_rank;top250_weighted;top250_rank;top500_weighted;top500_rank,False
PRISM,250,weighted,neratinib,NERATINIB,4,4,3,0.10508086254567767,0.18004834885661228,0.016166286545488875,0.22134798202279252,0.19091614587053524,TierB_moderate_candidate,tested,205.0,0.0609878024395121,0.08983065265399959,5000,shared row-label permutation of full sensitivity matrix across all drugs/trajectories,6,6,4,0,0,1,0.08001821931248099,247.0,True,top100_weighted;top100_rank;top250_weighted;top250_rank;top500_weighted;top500_rank,True
PRISM,250,weighted,nexturastat-a,NEXTURASTATA,4,2,1,-0.0554771315640881,0.4037972896668549,-0.4274421230942971,0.20271033314511577,-0.21964991530208924,none,tested,837.0,0.0001999600079984003,0.0003439312137572485,5000,shared row-label permutation of full sensitivity matrix across all drugs/trajectories,6,0,0,0,0,0,-0.07061688311688313,887.5,False,top100_weighted;top100_rank;top250_weighted;top250_rank;top500_weighted;top500_rank,False
PRISM,250,weighted,niacin,NIACIN,4,2,1,-0.007928913192071086,0.17204374572795622,-0.2902255639097744,0.30526315789473685,-0.023376623376623374,none,tested,656.0,0.0001999600079984003,0.0003439312137572485,5000,shared row-label permutation of full sensitivity matrix across all drugs/trajectories,6,4,0,0,0,0,0.009295967190704031,539.5,True,top100_weighted;top100_rank;top250_weighted;top250_rank;top500_weighted;top500_rank,False
PRISM,250,weighted,niclosamide,NICLOSAMIDE,4,2,2,-0.008461538461538465,0.2548076923076923,-0.21384615384615382,0.18230769230769234,0.09538461538461539,none,tested,659.0,0.10577884423115377,0.12714445388649953,5000,shared row-label permutation of full sensitivity matrix across all drugs/trajectories,6,4,3,0,0,2,0.028354700854700852,435.0,True,top100_weighted;top100_rank;top250_weighted;top250_rank;top500_weighted;top500_rank,False
PRISM,250,weighted,nicorandil,NICORANDIL,4,2,2,0.01846153846153846,0.19442307692307692,-0.37538461538461537,0.1623076923076923,0.05846153846153846,none,tested,515.0,0.10077984403119376,0.12347383464483574,5000,shared row-label permutation of full sensitivity matrix across all drugs/trajectories,6,4,2,0,0,0,0.012692307692307692,532.0,True,top100_weighted;top100_rank;top250_weighted;top250_rank;top500_weighted;top500_rank,False
PRISM,250,weighted,nicotine,NICOTINE,4,1,0,-0.042518351214003394,0.028063241106719372,-0.07272727272727272,0.033766233766233764,-0.04347826086956522,none,tested,780.0,0.0001999600079984003,0.0003439312137572485,5000,shared row-label permutation of full sensitivity matrix across all drugs/trajectories,6,4,4,0,1,1,0.04220779220779221,397.0,True,top100_weighted;top100_rank;top250_weighted;top250_rank;top500_weighted;top500_rank,False
PRISM,250,weighted,nilutamide,NILUTAMIDE,4,2,2,0.017290969899665554,0.3327591973244147,-0.33652173913043476,0.3,0.13304347826086957,none,tested,525.0,0.0001999600079984003,0.0003439312137572485,5000,shared row-label permutation of full sensitivity matrix across all drugs/trajectories,6,6,3,0,1,3,0.10405518394648827,175.0,True,top100_weighted;top100_rank;top250_weighted;top250_rank;top500_weighted;top500_rank,False
PRISM,250,weighted,nimorazole,NIMORAZOLE,4,3,2,0.041367521367521365,0.23493589743589743,-0.48923076923076925,0.22076923076923075,0.07965811965811966,none,tested,417.0,0.09038192361527694,0.11674331800306606,5000,shared row-label permutation of full sensitivity matrix across all drugs/trajectories,6,2,1,0,0,0,-0.03741452991452991,774.0,False,top100_weighted;top100_rank;top250_weighted;top250_rank;top500_weighted;top500_rank,False
PRISM,250,weighted,nintedanib,NINTEDANIB,4,2,2,0.006324786324786322,0.1867948717948718,-0.25153846153846154,0.23615384615384616,0.04957264957264957,none,tested,582.0,0.10457908418316336,0.12615739295579798,5000,shared row-label permutation of full sensitivity matrix across all drugs/trajectories,6,2,0,0,0,0,-0.007264957264957263,622.0,False,top100_weighted;top100_rank;top250_weighted;top250_rank;top500_weighted;top500_rank,False
PRISM,250,weighted,niraparib,NIRAPARIB,4,3,3,0.11661006386609994,0.21395580282094628,-0.06930755369272354,0.25087081908794184,0.2058842036166199,TierB_moderate_candidate,tested,176.0,0.05678864227154569,0.08572962644164259,5000,shared row-label permutation of full sensitivity matrix across all drugs/trajectories,6,2,2,0,0,1,-0.0466762614575974,789.5,False,top100_weighted;top100_rank;top250_weighted;top250_rank;top500_weighted;top500_rank,False
PRISM,250,weighted,nisoxetine,NISOXETINE,4,1,1,-0.2552230378317335,0.11529503105590064,-0.2855731225296443,0.13833992094861663,-0.24901185770750994,none,tested,1312.0,0.0001999600079984003,0.0003439312137572485,5000,shared row-label permutation of full sensitivity matrix across all drugs/trajectories,6,0,0,0,0,0,-0.14663325804630156,1164.5,False,top100_weighted;top100_rank;top250_weighted;top250_rank;top500_weighted;top500_rank,False
PRISM,250,weighted,nithiamide,NITHIAMIDE,4,4,3,0.16017094017094016,0.07916666666666666,0.04230769230769231,0.24923076923076923,0.17846153846153845,TierA_strong_collateral,tested,95.0,0.038992201559688064,0.06277367714862825,5000,shared row-label permutation of full sensitivity matrix across all drugs/trajectories,6,6,6,0,3,4,0.1424145299145299,114.5,True,top100_weighted;top100_rank;top250_weighted;top250_rank;top500_weighted;top500_rank,True
PRISM,250,weighted,nitisinone,NITISINONE,4,2,1,0.051620553359683796,0.23300395256916995,-0.4591304347826086,0.1422924901185771,-0.003478260869565217,none,tested,366.0,0.0001999600079984003,0.0003439312137572485,5000,shared row-label permutation of full sensitivity matrix across all drugs/trajectories,6,4,3,0,0,0,0.040049407114624506,403.0,True,top100_weighted;top100_rank;top250_weighted;top250_rank;top500_weighted;top500_rank,False
PRISM,250,weighted,nitrocaramiphen,NITROCARAMIPHEN,4,2,2,0.08018068887634107,0.2816558441558442,-0.11758893280632411,0.44325239977413894,0.17447769621682668,none,tested,280.0,0.0001999600079984003,0.0003439312137572485,5000,shared row-label permutation of full sensitivity matrix across all drugs/trajectories,6,6,4,1,1,3,0.10241389045736872,200.5,True,top100_weighted;top100_rank;top250_weighted;top250_rank;top500_weighted;top500_rank,False
PRISM,250,weighted,nizatidine,NIZATIDINE,4,1,1,-0.034545454545454546,0.07547430830039525,-0.13438735177865613,0.06695652173913043,-0.017786561264822136,none,tested,754.0,0.0001999600079984003,0.0003439312137572485,5000,shared row-label permutation of full sensitivity matrix across all drugs/trajectories,6,2,1,0,0,0,-0.018705533596837944,652.5,False,top100_weighted;top100_rank;top250_weighted;top250_rank;top500_weighted;top500_rank,False
PRISM,250,weighted,nizofenone,NIZOFENONE,4,1,1,-0.044273504273504266,0.13814102564102565,-0.19384615384615386,0.20384615384615384,-0.018461538461538463,none,tested,792.0,0.08598280343931214,0.11348027424218127,5000,shared row-label permutation of full sensitivity matrix across all drugs/trajectories,6,3,2,0,0,0,-0.016538461538461537,671.5,False,top100_weighted;top100_rank;top250_weighted;top250_rank;top500_weighted;top500_rank,False
PRISM,250,weighted,nobiletin,NOBILETIN,4,3,2,0.12826086956521737,0.1058361204013378,-0.010434782608695651,0.3476923076923077,0.1391304347826087,TierB_moderate_candidate,tested,145.0,0.0001999600079984003,0.0003439312137572485,5000,shared row-label permutation of full sensitivity matrix across all drugs/trajectories,6,6,6,0,2,5,0.12304347826086955,157.0,True,top100_weighted;top100_rank;top250_weighted;top250_rank;top500_weighted;top500_rank,True
PRISM,250,weighted,nocodazole,NOCODAZOLE,4,1,1,-0.06864548494983277,0.19057692307692306,-0.5199999999999999,0.1695652173913043,-0.05652173913043478,none,tested,898.0,0.0001999600079984003,0.0003439312137572485,5000,shared row-label permutation of full sensitivity matrix across all drugs/trajectories,6,0,0,0,0,0,-0.0879515050167224,986.5,False,top100_weighted;top100_rank;top250_weighted;top250_rank;top500_weighted;top500_rank,False
PRISM,250,weighted,nomegestrol-acetate,NOMEGESTROLACETATE,4,2,2,0.04285714285714286,0.23132411067193676,-0.11298701298701298,0.17334839073969513,0.14935064935064934,none,tested,407.0,0.0001999600079984003,0.0003439312137572485,5000,shared row-label permutation of full sensitivity matrix across all drugs/trajectories,6,1,0,0,0,0,-0.10436194240542067,1016.0,False,top100_weighted;top100_rank;top250_weighted;top250_rank;top500_weighted;top500_rank,False
PRISM,250,weighted,nonoxynol-9,NONOXYNOL9,4,3,2,0.06367521367521367,0.15237179487179486,-0.05538461538461539,0.28076923076923077,0.01811965811965812,none,tested,334.0,0.07378524295140972,0.10213471324426704,5000,shared row-label permutation of full sensitivity matrix across all drugs/trajectories,6,3,1,0,0,0,-0.007500000000000007,604.0,False,top100_weighted;top100_rank;top250_weighted;top250_rank;top500_weighted;top500_rank,False
PRISM,250,weighted,norepinephrine,NOREPINEPHRINE,4,1,1,-0.09170940170940171,0.10705128205128205,-0.18384615384615385,0.06538461538461539,-0.06188034188034188,none,tested,980.0,0.06678664267146571,0.09624496722277166,5000,shared row-label permutation of full sensitivity matrix across all drugs/trajectories,6,0,0,0,0,0,-0.12626068376068375,1110.5,False,top100_weighted;top100_rank;top250_weighted;top250_rank;top500_weighted;top500_rank,False
PRISM,250,weighted,norethindrone,NORETHINDRONE,4,3,2,0.038461538461538464,0.042435897435897436,-0.017435897435897435,0.06923076923076923,0.052307692307692305,none,tested,427.0,0.09758048390321936,0.12202137433676492,5000,shared row-label permutation of full sensitivity matrix across all drugs/trajectories,6,5,4,0,0,0,0.012179487179487178,520.5,True,top100_weighted;top100_rank;top250_weighted;top250_rank;top500_weighted;top500_rank,False
PRISM,250,weighted,noretynodrel,NORETYNODREL,4,3,2,0.12857142857142856,0.15923207227555056,-0.13043478260869568,0.24935064935064938,0.08571428571428572,TierB_moderate_candidate,tested,144.0,0.0001999600079984003,0.0003439312137572485,5000,shared row-label permutation of full sensitivity matrix across all drugs/trajectories,6,6,5,1,1,3,0.09282891022021456,214.0,True,top100_weighted;top100_rank;top250_weighted;top250_rank;top500_weighted;top500_rank,True
PRISM,250,weighted,norfloxacin,NORFLOXACIN,4,2,1,-0.0497863247863248,0.28705128205128205,-0.24769230769230768,0.08692307692307692,-0.1853846153846154,none,tested,813.0,0.08538292341531693,0.1131366172093613,5000,shared row-label permutation of full sensitivity matrix across all drugs/trajectories,6,0,0,0,0,0,-0.056047008547008545,815.0,False,top100_weighted;top100_rank;top250_weighted;top250_rank;top500_weighted;top500_rank,False
PRISM,250,weighted,norgestrel,NORGESTREL,4,1,1,-0.2,0.15368435911914174,-0.36233766233766235,0.018633540372670808,-0.16103896103896104,none,tested,1279.0,0.0001999600079984003,0.0003439312137572485,5000,shared row-label permutation of full sensitivity matrix across all drugs/trajectories,6,1,0,0,0,0,-0.11850649350649349,1089.0,False,top100_weighted;top100_rank;top250_weighted;top250_rank;top500_weighted;top500_rank,False
PRISM,250,weighted,novobiocin,NOVOBIOCIN,4,2,1,0.047777777777777766,0.33993589743589747,-0.14846153846153848,0.2323076923076923,-0.11538461538461539,none,tested,387.0,0.08798240351929613,0.11509376240551693,5000,shared row-label permutation of full sensitivity matrix across all drugs/trajectories,6,4,0,0,0,0,0.0289102564102564,462.0,True,top100_weighted;top100_rank;top250_weighted;top250_rank;top500_weighted;top500_rank,False
PRISM,250,weighted,nutlin-3,NUTLIN3,4,2,2,-0.003076923076923077,0.19365384615384615,-0.3246153846153846,0.3392307692307693,0.015384615384615384,none,tested,636.0,0.10977804439112178,0.1301905099407165,5000,shared row-label permutation of full sensitivity matrix across all drugs/trajectories,6,5,2,0,0,1,0.023760683760683757,473.0,True,top100_weighted;top100_rank;top250_weighted;top250_rank;top500_weighted;top500_rank,False
PRISM,250,weighted,obatoclax,OBATOCLAX,4,1,1,-0.021764737025087022,0.10052563844990912,-0.2900638452984075,0.07465450173900035,-0.01553403589804892,none,tested,716.0,0.10477904419116177,0.126284327221355,5000,shared row-label permutation of full sensitivity matrix across all drugs/trajectories,6,0,0,0,0,0,-0.02682896156245325,728.5,False,top100_weighted;top100_rank;top250_weighted;top250_rank;top500_weighted;top500_rank,False
PRISM,250,weighted,obidoxime,OBIDOXIME,4,1,1,-0.06837606837606837,0.08901709401709401,-0.1581196581196581,0.08923076923076922,-0.0864957264957265,none,tested,897.0,0.5146970605878824,0.5573445830736372,5000,shared row-label permutation of full sensitivity matrix across all drugs/trajectories,6,0,0,0,0,0,-0.0697069597069597,909.5,False,top100_weighted;top100_rank;top250_weighted;top250_rank;top500_weighted;top500_rank,False
PRISM,250,weighted,octopamine,OCTOPAMINE,4,2,2,0.00846979107848675,0.3416854884246189,-0.16798418972332016,0.2298136645962733,0.16996047430830044,none,tested,574.0,0.0001999600079984003,0.0003439312137572485,5000,shared row-label permutation of full sensitivity matrix across all drugs/trajectories,6,6,4,0,2,3,0.09789666854884246,215.5,True,top100_weighted;top100_rank;top250_weighted;top250_rank;top500_weighted;top500_rank,False
PRISM,250,weighted,odanacatib,ODANACATIB,4,2,2,0.00137022668988013,0.18000138106819713,-0.4971107493497773,0.15907454476780022,0.012006931715748624,none,tested,608.0,0.10817836432713457,0.12944502661406676,5000,shared row-label permutation of full sensitivity matrix across all drugs/trajectories,6,6,2,0,1,2,0.06711332920082501,280.0,True,top100_weighted;top100_rank;top250_weighted;top250_rank;top500_weighted;top500_rank,False
PRISM,250,weighted,olaparib,OLAPARIB,4,1,1,-0.10619523381527768,0.16978319870277211,-0.2247011506804385,0.1363015696860187,-0.1592169128893829,none,tested,1036.0,0.33193361327734455,0.37119757256602376,5000,shared row-label permutation of full sensitivity matrix across all drugs/trajectories,6,0,0,0,0,0,-0.10592811645693279,1022.0,False,top100_weighted;top100_rank;top250_weighted;top250_rank;top500_weighted;top500_rank,False
PRISM,250,weighted,oleanolic-acid,OLEANOLICACID,4,1,0,-0.2580463015245624,0.16212591756070022,-0.39243365330321855,0.032467532467532464,-0.29531338226990406,none,tested,1314.0,0.0001999600079984003,0.0003439312137572485,5000,shared row-label permutation of full sensitivity matrix across all drugs/trajectories,6,0,0,0,0,0,-0.2090909090909091,1258.5,False,top100_weighted;top100_rank;top250_weighted;top250_rank;top500_weighted;top500_rank,False
PRISM,250,weighted,oleoylethanolamide,OLEOYLETHANOLAMIDE,4,2,2,-0.04141025641025641,0.28076923076923077,-0.36,0.2869230769230769,0.037948717948717944,none,tested,772.0,0.09698060387922415,0.12172800844727477,5000,shared row-label permutation of full sensitivity matrix across all drugs/trajectories,6,2,1,0,0,0,-0.05816239316239316,840.0,False,top100_weighted;top100_rank;top250_weighted;top250_rank;top500_weighted;top500_rank,False
PRISM,250,weighted,oltipraz,OLTIPRAZ,4,3,2,0.10736441770370532,0.10777807207111936,-0.05384854270859579,0.23008206037941142,0.08283413683762694,TierB_moderate_candidate,tested,196.0,0.3209358128374325,0.3604106474408572,5000,shared row-label permutation of full sensitivity matrix across all drugs/trajectories,6,6,5,0,0,1,0.03345341715236515,420.0,True,top100_weighted;top100_rank;top250_weighted;top250_rank;top500_weighted;top500_rank,False
PRISM,250,weighted,omeprazole,OMEPRAZOLE,4,1,1,-0.16770186335403728,0.11977696216826653,-0.2865612648221344,0.1044607566346697,-0.18238283455674761,none,tested,1204.0,0.0001999600079984003,0.0003439312137572485,5000,shared row-label permutation of full sensitivity matrix across all drugs/trajectories,6,0,0,0,0,0,-0.11473037831733485,1055.5,False,top100_weighted;top100_rank;top250_weighted;top250_rank;top500_weighted;top500_rank,False
PRISM,250,weighted,oncrasin-1,ONCRASIN1,4,1,0,-0.04324786324786325,0.12737179487179487,-0.33,0.10461538461538461,-0.055726495726495726,none,tested,786.0,0.08898220355928814,0.11538256551024424,5000,shared row-label permutation of full sensitivity matrix across all drugs/trajectories,6,0,0,0,0,0,-0.19532051282051283,1240.0,False,top100_weighted;top100_rank;top250_weighted;top250_rank;top500_weighted;top500_rank,False
PRISM,250,weighted,oprozomib,OPROZOMIB,4,3,2,0.0617391304347826,0.1752173913043478,-0.07999999999999999,0.39652173913043476,0.09913043478260869,none,tested,340.0,0.0001999600079984003,0.0003439312137572485,5000,shared row-label permutation of full sensitivity matrix across all drugs/trajectories,6,4,2,0,0,0,0.028227424749163878,446.0,True,top100_weighted;top100_rank;top250_weighted;top250_rank;top500_weighted;top500_rank,False
PRISM,250,weighted,oridonin,ORIDONIN,4,3,3,0.06925465838509318,0.11202710333145113,-0.2194805194805195,0.16883116883116883,0.07922077922077922,none,tested,313.0,0.0001999600079984003,0.0003439312137572485,5000,shared row-label permutation of full sensitivity matrix across all drugs/trajectories,6,6,3,0,0,0,0.061589497459062684,340.0,True,top100_weighted;top100_rank;top250_weighted;top250_rank;top500_weighted;top500_rank,False
PRISM,250,weighted,ornithine,ORNITHINE,4,0,0,-0.055639097744360905,0.06165413533834586,-0.28120300751879695,-0.04360902255639097,-0.05714285714285714,none,tested,839.0,0.0001999600079984003,0.0003439312137572485,5000,shared row-label permutation of full sensitivity matrix across all drugs/trajectories,6,3,0,0,0,0,-0.025905673274094324,683.5,False,top100_weighted;top100_rank;top250_weighted;top250_rank;top500_weighted;top500_rank,False
PRISM,250,weighted,orotic-acid,OROTICACID,4,2,2,0.032241671372106165,0.3019339356295878,-0.2194805194805195,0.5142857142857142,0.11123658949745907,none,tested,452.0,0.0001999600079984003,0.0003439312137572485,5000,shared row-label permutation of full sensitivity matrix across all drugs/trajectories,6,2,0,0,0,0,-0.05103049124788255,802.0,False,top100_weighted;top100_rank;top250_weighted;top250_rank;top500_weighted;top500_rank,False
PRISM,250,weighted,oseltamivir-phosphate,OSELTAMIVIRPHOSPHATE,4,2,2,-0.014285714285714277,0.16732740943267257,-0.15488721804511277,0.10389610389610389,0.05413533834586466,none,tested,686.0,0.0001999600079984003,0.0003439312137572485,5000,shared row-label permutation of full sensitivity matrix across all drugs/trajectories,6,4,2,0,0,0,0.005314422419685574,560.0,True,top100_weighted;top100_rank;top250_weighted;top250_rank;top500_weighted;top500_rank,False
PRISM,250,weighted,osimertinib,OSIMERTINIB,4,2,1,-0.027913062205250496,0.16889231028648674,-0.10438589527186731,0.38066327000731504,-0.059666408183044604,none,tested,733.0,0.7944411117776444,0.8260452433694229,5000,shared row-label permutation of full sensitivity matrix across all drugs/trajectories,6,1,1,0,0,0,-0.023086634420515947,697.0,False,top100_weighted;top100_rank;top250_weighted;top250_rank;top500_weighted;top500_rank,False
PRISM,250,weighted,ouabain,OUABAIN,4,1,1,-0.12831733483907398,0.1830180688876341,-0.29757199322416716,0.2930547713156409,-0.10474308300395258,none,tested,1112.0,0.0001999600079984003,0.0003439312137572485,5000,shared row-label permutation of full sensitivity matrix across all drugs/trajectories,6,0,0,0,0,0,-0.11377752682100509,1057.0,False,top100_weighted;top100_rank;top250_weighted;top250_rank;top500_weighted;top500_rank,False
PRISM,250,weighted,oxaliplatin,OXALIPLATIN,4,1,1,-0.09149572649572649,0.28032051282051285,-0.37846153846153846,0.2723076923076923,-0.1699145299145299,none,tested,979.0,0.07238552289542091,0.10093085985313396,5000,shared row-label permutation of full sensitivity matrix across all drugs/trajectories,6,2,1,0,0,0,-0.09681623931623931,1010.5,False,top100_weighted;top100_rank;top250_weighted;top250_rank;top500_weighted;top500_rank,False
PRISM,250,weighted,oxcarbazepine,OXCARBAZEPINE,4,4,3,0.10154150197628459,0.136600790513834,0.007826086956521738,0.2295652173913043,0.15565217391304348,TierB_moderate_candidate,tested,217.0,0.0001999600079984003,0.0003439312137572485,5000,shared row-label permutation of full sensitivity matrix across all drugs/trajectories,6,5,4,0,0,0,0.07436758893280632,264.0,True,top100_weighted;top100_rank;top250_weighted;top250_rank;top500_weighted;top500_rank,True
PRISM,250,weighted,oxibendazole,OXIBENDAZOLE,4,2,2,-0.02192307692307692,0.15677350427350425,-0.2815384615384615,0.05709401709401708,0.026153846153846153,none,tested,718.0,0.09958008398320337,0.1229458905266917,5000,shared row-label permutation of full sensitivity matrix across all drugs/trajectories,6,0,0,0,0,0,-0.08619658119658119,968.5,False,top100_weighted;top100_rank;top250_weighted;top250_rank;top500_weighted;top500_rank,False
PRISM,250,weighted,oxiperomide,OXIPEROMIDE,4,3,2,0.09846153846153846,0.13096153846153846,-0.2246153846153846,0.18384615384615385,0.07923076923076922,none,tested,227.0,0.060587882423515295,0.089538411608144,5000,shared row-label permutation of full sensitivity matrix across all drugs/trajectories,6,6,5,0,0,1,0.0848076923076923,246.0,True,top100_weighted;top100_rank;top250_weighted;top250_rank;top500_weighted;top500_rank,True
PRISM,250,weighted,oxiracetam,OXIRACETAM,4,2,2,0.020280830280830282,0.26291208791208787,-0.2574358974358974,0.19999999999999998,0.11931623931623932,none,tested,506.0,0.8468306338732253,0.873028023938909,5000,shared row-label permutation of full sensitivity matrix across all drugs/trajectories,6,4,2,0,0,1,0.033669108669108674,442.5,True,top100_weighted;top100_rank;top250_weighted;top250_rank;top500_weighted;top500_rank,False
PRISM,250,weighted,oxonic-acid,OXONICACID,4,1,1,-0.1008695652173913,0.189005016722408,-0.22347826086956518,0.08384615384615385,-0.02608695652173913,none,tested,1014.0,0.0001999600079984003,0.0003439312137572485,5000,shared row-label permutation of full sensitivity matrix across all drugs/trajectories,6,1,0,0,0,0,-0.05934782608695652,829.0,False,top100_weighted;top100_rank;top250_weighted;top250_rank;top500_weighted;top500_rank,False
PRISM,250,weighted,oxprenolol,OXPRENOLOL,4,2,2,0.004316239316239319,0.22012820512820513,-0.16461538461538464,0.3253846153846154,0.06940170940170941,none,tested,595.0,0.10837832433513298,0.1294518874002977,5000,shared row-label permutation of full sensitivity matrix across all drugs/trajectories,6,1,0,0,0,0,-0.062200854700854694,849.0,False,top100_weighted;top100_rank;top250_weighted;top250_rank;top500_weighted;top500_rank,False
PRISM,250,weighted,oxymatrine,OXYMATRINE,4,3,3,0.0715697346132129,0.13586956521739132,-0.2874082439299831,0.22303783173348396,0.07707509881422926,none,tested,306.0,0.0001999600079984003,0.0003439312137572485,5000,shared row-label permutation of full sensitivity matrix across all drugs/trajectories,6,6,6,1,3,5,0.1578204404291361,82.5,True,top100_weighted;top100_rank;top250_weighted;top250_rank;top500_weighted;top500_rank,True
PRISM,250,weighted,oxymetazoline,OXYMETAZOLINE,4,1,1,-0.0424901185770751,0.12115612648221344,-0.25592885375494073,0.09826086956521737,-0.02075098814229249,none,tested,779.0,0.0001999600079984003,0.0003439312137572485,5000,shared row-label permutation of full sensitivity matrix across all drugs/trajectories,6,0,0,0,0,0,-0.04174901185770751,782.0,False,top100_weighted;top100_rank;top250_weighted;top250_rank;top500_weighted;top500_rank,False
PRISM,250,weighted,oxyquinoline,OXYQUINOLINE,4,2,1,0.017094017094017092,0.07288156288156288,-0.0463980463980464,0.10769230769230768,-0.005811965811965812,none,tested,526.0,0.8802239552089582,0.9002083018979027,5000,shared row-label permutation of full sensitivity matrix across all drugs/trajectories,6,6,5,0,0,2,0.058131868131868124,318.5,True,top100_weighted;top100_rank;top250_weighted;top250_rank;top500_weighted;top500_rank,False
PRISM,250,weighted,paclitaxel,PACLITAXEL,4,3,3,0.10605633669605795,0.2117079862025087,-0.21118181327628074,0.22425169748556198,0.17462274237075662,TierB_moderate_candidate,tested,201.0,0.3275344931013797,0.3668936800875119,5000,shared row-label permutation of full sensitivity matrix across all drugs/trajectories,6,5,3,0,0,0,0.04406848419781312,381.0,True,top100_weighted;top100_rank;top250_weighted;top250_rank;top500_weighted;top500_rank,False
PRISM,250,weighted,pacritinib,PACRITINIB,4,0,0,-0.1052991452991453,0.17303418803418802,-0.4823931623931623,-0.038461538461538464,-0.06393162393162392,none,tested,1034.0,0.3339332133573285,0.37312068181502006,5000,shared row-label permutation of full sensitivity matrix across all drugs/trajectories,6,0,0,0,0,0,-0.16725274725274725,1216.0,False,top100_weighted;top100_rank;top250_weighted;top250_rank;top500_weighted;top500_rank,False
PRISM,250,weighted,palbociclib,PALBOCICLIB,4,3,2,0.0647745488379476,0.2625753811024969,-0.48248929669734686,0.18741959839608013,0.0013757772851874968,none,tested,329.0,0.07898420315936813,0.10688928204206875,5000,shared row-label permutation of full sensitivity matrix across all drugs/trajectories,6,1,1,0,0,0,-0.1322213751570486,1106.0,False,top100_weighted;top100_rank;top250_weighted;top250_rank;top500_weighted;top500_rank,False
PRISM,250,weighted,paliperidone,PALIPERIDONE,4,2,2,0.046923076923076915,0.2786965811965812,-0.12846153846153846,0.4694017094017094,0.13307692307692306,none,tested,391.0,0.08798240351929613,0.11509376240551693,5000,shared row-label permutation of full sensitivity matrix across all drugs/trajectories,6,6,3,0,1,1,0.0696153846153846,293.5,True,top100_weighted;top100_rank;top250_weighted;top250_rank;top500_weighted;top500_rank,False
PRISM,250,weighted,palmitoylethanolamide,PALMITOYLETHANOLAMIDE,4,3,3,0.0520892151326934,0.2194381705251271,-0.4466403162055336,0.3201581027667985,0.07058159232072277,none,tested,364.0,0.0001999600079984003,0.0003439312137572485,5000,shared row-label permutation of full sensitivity matrix across all drugs/trajectories,6,6,4,0,0,2,0.09345002823263694,236.5,True,top100_weighted;top100_rank;top250_weighted;top250_rank;top500_weighted;top500_rank,True
PRISM,250,weighted,palomid-529,PALOMID529,4,2,2,0.00816205533596838,0.2661363636363636,-0.2648221343873518,0.17565217391304347,0.11217391304347826,none,tested,575.0,0.0001999600079984003,0.0003439312137572485,5000,shared row-label permutation of full sensitivity matrix across all drugs/trajectories,6,2,0,0,0,0,-0.022747035573122534,699.5,False,top100_weighted;top100_rank;top250_weighted;top250_rank;top500_weighted;top500_rank,False
PRISM,250,weighted,panobinostat,PANOBINOSTAT,4,1,0,-0.07495726495726494,0.23645299145299142,-0.2841025641025641,0.28888888888888886,-0.13709401709401706,none,tested,919.0,0.4943011397720456,0.5374416144503563,5000,shared row-label permutation of full sensitivity matrix across all drugs/trajectories,6,3,2,0,0,2,-0.014340659340659333,638.5,False,top100_weighted;top100_rank;top250_weighted;top250_rank;top500_weighted;top500_rank,False
PRISM,250,weighted,parbendazole,PARBENDAZOLE,4,0,0,-0.043076923076923075,0.11348595848595847,-0.3285470085470085,-0.007936507936507934,-0.020854700854700852,none,tested,785.0,0.6910617876424715,0.7282097730651498,5000,shared row-label permutation of full sensitivity matrix across all drugs/trajectories,6,0,0,0,0,0,-0.09880952380952379,988.0,False,top100_weighted;top100_rank;top250_weighted;top250_rank;top500_weighted;top500_rank,False
PRISM,250,weighted,pardoprunox,PARDOPRUNOX,4,3,3,0.055953177257525084,0.14737458193979933,-0.17130434782608694,0.17478260869565218,0.09652173913043478,none,tested,356.0,0.0001999600079984003,0.0003439312137572485,5000,shared row-label permutation of full sensitivity matrix across all drugs/trajectories,6,4,2,0,0,1,0.04468227424749163,379.5,True,top100_weighted;top100_rank;top250_weighted;top250_rank;top500_weighted;top500_rank,False
PRISM,250,weighted,paricalcitol,PARICALCITOL,4,3,2,0.1595990965556183,0.19481931112365897,-0.23896103896103899,0.2433653303218521,0.1101072840203275,TierA_strong_collateral,tested,97.0,0.0001999600079984003,0.0003439312137572485,5000,shared row-label permutation of full sensitivity matrix across all drugs/trajectories,6,5,3,0,2,3,0.09926595143986448,245.5,True,top100_weighted;top100_rank;top250_weighted;top250_rank;top500_weighted;top500_rank,False
PRISM,250,weighted,parthenolide,PARTHENOLIDE,4,0,0,-0.22217391304347822,0.05956521739130438,-0.2756521739130435,-0.1443478260869565,-0.24,none,tested,1298.0,0.0001999600079984003,0.0003439312137572485,5000,shared row-label permutation of full sensitivity matrix across all drugs/trajectories,6,0,0,0,0,0,-0.2103010033444816,1279.5,False,top100_weighted;top100_rank;top250_weighted;top250_rank;top500_weighted;top500_rank,False
PRISM,250,weighted,parthenolide-(-),PARTHENOLIDE,4,2,2,-0.00384615384615385,0.20536324786324783,-0.38384615384615384,0.11452991452991453,0.049999999999999996,none,tested,640.0,0.11477704459108179,0.13527656979656236,5000,shared row-label permutation of full sensitivity matrix across all drugs/trajectories,6,2,0,0,0,0,-0.010000000000000004,655.5,False,top100_weighted;top100_rank;top250_weighted;top250_rank;top500_weighted;top500_rank,False
PRISM,250,weighted,pazopanib,PAZOPANIB,4,2,2,0.056881810703949834,0.2805950745747353,-0.26737558115519516,0.20441900721731973,0.1653127623583542,none,tested,355.0,0.6024795040991802,0.6424841431713657,5000,shared row-label permutation of full sensitivity matrix across all drugs/trajectories,6,5,2,0,0,0,0.04799402778145767,383.5,True,top100_weighted;top100_rank;top250_weighted;top250_rank;top500_weighted;top500_rank,False
PRISM,250,weighted,pelitinib,PELITINIB,4,2,1,-0.01967644547086196,0.35605203803269536,-0.2199331557444784,0.2059542893383591,-0.1860632299788526,none,tested,708.0,0.8542291541691661,0.8792338754471328,5000,shared row-label permutation of full sensitivity matrix across all drugs/trajectories,6,1,0,0,0,0,-0.02956330038613857,719.5,False,top100_weighted;top100_rank;top250_weighted;top250_rank;top500_weighted;top500_rank,False
PRISM,250,weighted,penfluridol,PENFLURIDOL,4,2,2,0.02833943833943834,0.13082417582417583,-0.20341880341880342,0.10222222222222223,0.06461538461538462,none,tested,470.0,0.7914417116576684,0.8235689318030227,5000,shared row-label permutation of full sensitivity matrix across all drugs/trajectories,6,5,4,0,0,2,0.077014652014652,264.5,True,top100_weighted;top100_rank;top250_weighted;top250_rank;top500_weighted;top500_rank,False
PRISM,250,weighted,penicillamine-(D),PENICILLAMINED,4,3,3,0.10573122529644269,0.17774703557312252,-0.4644268774703557,0.13391304347826086,0.12450592885375496,TierB_moderate_candidate,tested,202.0,0.0001999600079984003,0.0003439312137572485,5000,shared row-label permutation of full sensitivity matrix across all drugs/trajectories,6,6,2,0,0,0,0.04273715415019763,373.5,True,top100_weighted;top100_rank;top250_weighted;top250_rank;top500_weighted;top500_rank,False
PRISM,250,weighted,pentostatin,PENTOSTATIN,4,2,1,0.023291925465838508,0.2266374929418408,-0.23658949745906271,0.22868435911914178,-0.050254093732354614,none,tested,488.0,0.0001999600079984003,0.0003439312137572485,5000,shared row-label permutation of full sensitivity matrix across all drugs/trajectories,6,5,2,0,0,1,0.046372106154714855,365.5,True,top100_weighted;top100_rank;top250_weighted;top250_rank;top500_weighted;top500_rank,False
PRISM,250,weighted,pepstatin,PEPSTATIN,4,2,1,-0.09542631281761713,0.4796725014116318,-0.409373235460192,0.25578769057029926,-0.3043478260869565,none,tested,993.0,0.0001999600079984003,0.0003439312137572485,5000,shared row-label permutation of full sensitivity matrix across all drugs/trajectories,6,0,0,0,0,0,-0.17648927159796723,1230.0,False,top100_weighted;top100_rank;top250_weighted;top250_rank;top500_weighted;top500_rank,False
PRISM,250,weighted,peruvoside,PERUVOSIDE,4,1,1,-0.03282044042913609,0.1839709203839639,-0.31789949181253535,0.3811405985319029,-0.026679841897233204,none,tested,746.0,0.0001999600079984003,0.0003439312137572485,5000,shared row-label permutation of full sensitivity matrix across all drugs/trajectories,6,2,1,0,0,0,-0.04520750988142293,808.5,False,top100_weighted;top100_rank;top250_weighted;top250_rank;top500_weighted;top500_rank,False
PRISM,250,weighted,pevonedistat,PEVONEDISTAT,4,2,2,-0.07387943745357653,0.26077586117359663,-0.3358544998621529,0.05987913160315651,0.034015531417936326,none,tested,914.0,0.07198560287942411,0.10058365685353494,5000,shared row-label permutation of full sensitivity matrix across all drugs/trajectories,6,0,0,0,0,0,-0.04077234023804153,791.5,False,top100_weighted;top100_rank;top250_weighted;top250_rank;top500_weighted;top500_rank,False
PRISM,250,weighted,pheniramine,PHENIRAMINE,4,3,2,0.04863247863247863,0.23608974358974355,-0.5569230769230769,0.2823076923076923,0.03111111111111111,none,tested,383.0,0.08658268346330734,0.11393358050995922,5000,shared row-label permutation of full sensitivity matrix across all drugs/trajectories,6,1,1,0,0,0,-0.07585470085470085,933.0,False,top100_weighted;top100_rank;top250_weighted;top250_rank;top500_weighted;top500_rank,False
PRISM,250,weighted,phenylmercuric-acetate,PHENYLMERCURICACETATE,4,1,1,-0.08615384615384616,0.11503052503052505,-0.16786324786324786,0.03174603174603174,-0.12957264957264958,none,tested,963.0,0.4107178564287143,0.4535931256167988,5000,shared row-label permutation of full sensitivity matrix across all drugs/trajectories,6,0,0,0,0,0,-0.08581196581196582,977.5,False,top100_weighted;top100_rank;top250_weighted;top250_rank;top500_weighted;top500_rank,False
PRISM,250,weighted,phlorizin,PHLORIZIN,4,3,2,0.15130434782608695,0.2209113712374582,-0.34347826086956523,0.30538461538461537,0.19043478260869565,TierA_strong_collateral,tested,107.0,0.0001999600079984003,0.0003439312137572485,5000,shared row-label permutation of full sensitivity matrix across all drugs/trajectories,6,6,5,2,2,4,0.1258695652173913,141.5,True,top100_weighted;top100_rank;top250_weighted;top250_rank;top500_weighted;top500_rank,True
PRISM,250,weighted,pibenzimol,PIBENZIMOL,4,2,2,0.005819397993311021,0.33931438127090296,-0.2417391304347826,0.18521739130434778,0.16086956521739126,none,tested,586.0,0.0001999600079984003,0.0003439312137572485,5000,shared row-label permutation of full sensitivity matrix across all drugs/trajectories,6,4,1,0,0,0,0.003804347826086945,562.0,True,top100_weighted;top100_rank;top250_weighted;top250_rank;top500_weighted;top500_rank,False
PRISM,250,weighted,picolinic-acid,PICOLINICACID,4,1,1,-0.10008361204013377,0.13208193979933108,-0.2078260869565217,0.04869565217391304,-0.1453846153846154,none,tested,1013.0,0.0001999600079984003,0.0003439312137572485,5000,shared row-label permutation of full sensitivity matrix across all drugs/trajectories,6,1,0,0,0,0,-0.07452341137123746,902.0,False,top100_weighted;top100_rank;top250_weighted;top250_rank;top500_weighted;top500_rank,False
PRISM,250,weighted,pilaralisib,PILARALISIB,4,1,0,-0.20960474308300395,0.26538537549407115,-0.42094861660079047,0.15513833992094864,-0.29051383399209485,none,tested,1287.0,0.0001999600079984003,0.0003439312137572485,5000,shared row-label permutation of full sensitivity matrix across all drugs/trajectories,6,1,1,0,0,0,-0.12362648221343872,1038.0,False,top100_weighted;top100_rank;top250_weighted;top250_rank;top500_weighted;top500_rank,False
PRISM,250,weighted,pindolol,PINDOLOL,4,4,3,0.18125352907961606,0.22621400338791647,0.010728402032749858,0.42094861660079047,0.09881422924901187,TierA_strong_collateral,tested,64.0,0.0001999600079984003,0.0003439312137572485,5000,shared row-label permutation of full sensitivity matrix across all drugs/trajectories,6,6,6,2,6,6,0.1804065499717674,64.5,True,top100_weighted;top100_rank;top250_weighted;top250_rank;top500_weighted;top500_rank,True
PRISM,250,weighted,piperazine,PIPERAZINE,4,3,2,0.1637730690362269,0.12313738892686257,-0.07218045112781954,0.4195488721804511,0.16363636363636364,TierA_strong_collateral,tested,87.0,0.0001999600079984003,0.0003439312137572485,5000,shared row-label permutation of full sensitivity matrix across all drugs/trajectories,6,6,4,0,1,3,0.10792891319207107,169.5,True,top100_weighted;top100_rank;top250_weighted;top250_rank;top500_weighted;top500_rank,True
PRISM,250,weighted,piperine,PIPERINE,4,2,2,-0.0776923076923077,0.29205128205128206,-0.3246153846153846,0.09128205128205127,0.04769230769230769,none,tested,932.0,0.07678464307138572,0.10476348947201347,5000,shared row-label permutation of full sensitivity matrix across all drugs/trajectories,6,1,1,0,0,0,-0.0741025641025641,905.0,False,top100_weighted;top100_rank;top250_weighted;top250_rank;top500_weighted;top500_rank,False
PRISM,250,weighted,pirenperone,PIRENPERONE,4,1,1,-0.19576923076923075,0.17504273504273501,-0.2909401709401709,0.3146153846153846,-0.18,none,tested,1264.0,0.029994001199760048,0.04997750449910018,5000,shared row-label permutation of full sensitivity matrix across all drugs/trajectories,6,0,0,0,0,0,-0.18346153846153845,1235.5,False,top100_weighted;top100_rank;top250_weighted;top250_rank;top500_weighted;top500_rank,False
PRISM,250,weighted,piretanide,PIRETANIDE,4,1,1,-0.15112648221343872,0.3358794466403162,-0.4140316205533597,0.2658102766798419,-0.2617391304347826,none,tested,1177.0,0.0001999600079984003,0.0003439312137572485,5000,shared row-label permutation of full sensitivity matrix across all drugs/trajectories,6,2,0,0,0,0,-0.05931818181818181,861.0,False,top100_weighted;top100_rank;top250_weighted;top250_rank;top500_weighted;top500_rank,False
PRISM,250,weighted,piroxicam,PIROXICAM,4,0,0,-0.18616600790513835,0.12139328063241106,-0.3181818181818182,-0.07213438735177866,-0.22608695652173913,none,tested,1247.0,0.0001999600079984003,0.0003439312137572485,5000,shared row-label permutation of full sensitivity matrix across all drugs/trajectories,6,0,0,0,0,0,-0.11956521739130438,1086.0,False,top100_weighted;top100_rank;top250_weighted;top250_rank;top500_weighted;top500_rank,False
PRISM,250,weighted,plinabulin,PLINABULIN,4,0,0,-0.0628205128205128,0.09019230769230767,-0.25846153846153846,-0.009999999999999998,-0.0441025641025641,none,tested,869.0,0.08098380323935213,0.10870190691320654,5000,shared row-label permutation of full sensitivity matrix across all drugs/trajectories,6,0,0,0,0,0,-0.08814102564102563,968.5,False,top100_weighted;top100_rank;top250_weighted;top250_rank;top500_weighted;top500_rank,False
PRISM,250,weighted,podophyllotoxin,PODOPHYLLOTOXIN,4,3,3,0.050598290598290595,0.2194871794871795,-0.31384615384615383,0.33230769230769236,0.08923076923076922,none,tested,376.0,0.08478304339132174,0.11267776354998194,5000,shared row-label permutation of full sensitivity matrix across all drugs/trajectories,6,6,4,0,1,1,0.06376068376068375,280.0,True,top100_weighted;top100_rank;top250_weighted;top250_rank;top500_weighted;top500_rank,False
PRISM,250,weighted,polydatin,POLYDATIN,4,3,3,0.10995115995115995,0.25353479853479854,-0.27589743589743587,0.38256410256410256,0.1692307692307692,TierB_moderate_candidate,tested,192.0,0.3043391321735653,0.34263856688121835,5000,shared row-label permutation of full sensitivity matrix across all drugs/trajectories,6,5,3,0,1,3,0.0965934065934066,214.5,True,top100_weighted;top100_rank;top250_weighted;top250_rank;top500_weighted;top500_rank,False
PRISM,250,weighted,pomalidomide,POMALIDOMIDE,4,3,3,0.1433697881066302,0.10507518796992484,-0.11428571428571428,0.17662337662337665,0.16493506493506493,TierB_moderate_candidate,tested,124.0,0.0001999600079984003,0.0003439312137572485,5000,shared row-label permutation of full sensitivity matrix across all drugs/trajectories,6,6,6,0,0,2,0.08726930963773069,237.5,True,top100_weighted;top100_rank;top250_weighted;top250_rank;top500_weighted;top500_rank,True
PRISM,250,weighted,ponatinib,PONATINIB,4,2,1,-0.032860008754386806,0.12693402964159808,-0.16442952022536714,0.07007333984287797,-0.07839888517074467,none,tested,747.0,0.7648470305938813,0.800896380032713,5000,shared row-label permutation of full sensitivity matrix across all drugs/trajectories,6,0,0,0,0,0,-0.07637881102580481,929.5,False,top100_weighted;top100_rank;top250_weighted;top250_rank;top500_weighted;top500_rank,False
PRISM,250,weighted,posaconazole,POSACONAZOLE,4,2,2,-0.06719367588932806,0.30068181818181816,-0.288695652173913,0.25592885375494073,0.042490118577075096,none,tested,889.0,0.0001999600079984003,0.0003439312137572485,5000,shared row-label permutation of full sensitivity matrix across all drugs/trajectories,6,0,0,0,0,0,-0.10458498023715415,1041.0,False,top100_weighted;top100_rank;top250_weighted;top250_rank;top500_weighted;top500_rank,False
PRISM,250,weighted,poziotinib,POZIOTINIB,4,3,2,0.14945073461830255,0.21793808526741695,-0.19369160256319698,0.22524537240431933,0.07398150693461063,TierB_moderate_candidate,tested,109.0,0.0001999600079984003,0.0003439312137572485,5000,shared row-label permutation of full sensitivity matrix across all drugs/trajectories,6,3,2,0,0,1,-0.0020068755436044652,616.5,False,top100_weighted;top100_rank;top250_weighted;top250_rank;top500_weighted;top500_rank,False
PRISM,250,weighted,pralatrexate,PRALATREXATE,4,1,1,-0.13223739809281818,0.12038888700489833,-0.2371935004002205,0.00766838132737272,-0.09278845371081816,none,tested,1126.0,0.21775644871025795,0.24937229049035553,5000,shared row-label permutation of full sensitivity matrix across all drugs/trajectories,6,0,0,0,0,0,-0.1885900184194167,1258.5,False,top100_weighted;top100_rank;top250_weighted;top250_rank;top500_weighted;top500_rank,False
PRISM,250,weighted,pranidipine,PRANIDIPINE,4,2,2,0.013339920948616621,0.369298418972332,-0.23517786561264822,0.2252173913043478,0.18280632411067196,none,tested,545.0,0.0001999600079984003,0.0003439312137572485,5000,shared row-label permutation of full sensitivity matrix across all drugs/trajectories,6,4,1,1,1,3,0.05879446640316207,365.0,True,top100_weighted;top100_rank;top250_weighted;top250_rank;top500_weighted;top500_rank,False
PRISM,250,weighted,prazosin,PRAZOSIN,4,2,1,0.0022408026755852857,0.272943143812709,-0.5165217391304348,0.2756521739130435,-0.04769230769230769,none,tested,605.0,0.0001999600079984003,0.0003439312137572485,5000,shared row-label permutation of full sensitivity matrix across all drugs/trajectories,6,3,2,0,0,0,-0.004046822742474922,617.5,False,top100_weighted;top100_rank;top250_weighted;top250_rank;top500_weighted;top500_rank,False
PRISM,250,weighted,prednisolone-hemisuccinate,PREDNISOLONEHEMISUCCINATE,4,2,1,-0.11923076923076924,0.2861324786324787,-0.27153846153846156,0.12068376068376069,-0.24461538461538462,none,tested,1088.0,0.05598880223955209,0.08500350043886439,5000,shared row-label permutation of full sensitivity matrix across all drugs/trajectories,6,2,0,0,0,0,-0.09418803418803418,984.5,False,top100_weighted;top100_rank;top250_weighted;top250_rank;top500_weighted;top500_rank,False
PRISM,250,weighted,primaquine,PRIMAQUINE,4,2,2,0.04252136752136752,0.12572649572649572,-0.03316239316239316,0.13615384615384615,0.09811965811965812,none,tested,409.0,0.08918216356728655,0.11552946942195624,5000,shared row-label permutation of full sensitivity matrix across all drugs/trajectories,6,4,3,0,0,0,0.048611111111111105,373.0,True,top100_weighted;top100_rank;top250_weighted;top250_rank;top500_weighted;top500_rank,False
PRISM,250,weighted,proflavine-hemisulfate,PROFLAVINEHEMISULFATE,4,3,2,0.030773574251835124,0.09863777526821006,-0.25,0.05477131564088086,0.015810276679841896,none,tested,457.0,0.0001999600079984003,0.0003439312137572485,5000,shared row-label permutation of full sensitivity matrix across all drugs/trajectories,6,6,2,0,0,0,0.031232354601919823,432.0,True,top100_weighted;top100_rank;top250_weighted;top250_rank;top500_weighted;top500_rank,False
PRISM,250,weighted,protirelin,PROTIRELIN,4,2,1,-0.016131237183868757,0.1672248803827751,-0.17922077922077922,0.08120300751879699,-0.08421052631578946,none,tested,697.0,0.0001999600079984003,0.0003439312137572485,5000,shared row-label permutation of full sensitivity matrix across all drugs/trajectories,6,3,3,0,2,2,0.03330485304169515,444.0,False,top100_weighted;top100_rank;top250_weighted;top250_rank;top500_weighted;top500_rank,False
PRISM,250,weighted,puromycin,PUROMYCIN,4,3,3,0.15476190476190474,0.13640415140415138,-0.07076923076923076,0.2239316239316239,0.19658119658119655,TierA_strong_collateral,tested,105.0,0.14577084583083383,0.16985361668924956,5000,shared row-label permutation of full sensitivity matrix across all drugs/trajectories,6,6,6,3,4,6,0.1805128205128205,56.0,True,top100_weighted;top100_rank;top250_weighted;top250_rank;top500_weighted;top500_rank,False
PRISM,250,weighted,pyrimethamine,PYRIMETHAMINE,4,2,2,0.06144078144078144,0.4001953601953602,-0.3627350427350427,0.28068376068376066,0.221001221001221,none,tested,341.0,0.5750849830033993,0.6152393919289978,5000,shared row-label permutation of full sensitivity matrix across all drugs/trajectories,6,2,0,0,0,0,-0.10669719169719169,1023.0,False,top100_weighted;top100_rank;top250_weighted;top250_rank;top500_weighted;top500_rank,False
PRISM,250,weighted,pyrithione-zinc,PYRITHIONEZINC,4,4,3,0.14529914529914528,0.1586263736263736,0.042735042735042736,0.34493284493284493,0.0899145299145299,TierB_moderate_candidate,tested,117.0,0.17236552689462106,0.19996801335990416,5000,shared row-label permutation of full sensitivity matrix across all drugs/trajectories,6,6,6,1,3,5,0.15145299145299146,92.5,True,top100_weighted;top100_rank;top250_weighted;top250_rank;top500_weighted;top500_rank,False
PRISM,250,weighted,pyroxamide,PYROXAMIDE,4,2,1,-0.05025409373235461,0.2547642574816488,-0.2065217391304348,0.12817617165443254,-0.1643139469226426,none,tested,815.0,0.0001999600079984003,0.0003439312137572485,5000,shared row-label permutation of full sensitivity matrix across all drugs/trajectories,6,3,2,0,1,1,0.02413890457368718,456.5,False,top100_weighted;top100_rank;top250_weighted;top250_rank;top500_weighted;top500_rank,False
PRISM,250,weighted,quizartinib,QUIZARTINIB,4,0,0,-0.2190005646527386,0.03383681535855451,-0.2350649350649351,-0.10259740259740259,-0.21852060982495766,none,tested,1293.0,0.0001999600079984003,0.0003439312137572485,5000,shared row-label permutation of full sensitivity matrix across all drugs/trajectories,6,0,0,0,0,0,-0.16688311688311686,1193.5,False,top100_weighted;top100_rank;top250_weighted;top250_rank;top500_weighted;top500_rank,False
PRISM,250,weighted,raclopride,RACLOPRIDE,4,2,2,-0.04846153846153846,0.18252136752136752,-0.19692307692307692,0.0947008547008547,0.024615384615384615,none,tested,807.0,0.08878224355128975,0.11538256551024424,5000,shared row-label permutation of full sensitivity matrix across all drugs/trajectories,6,0,0,0,0,0,-0.05267094017094018,844.5,False,top100_weighted;top100_rank;top250_weighted;top250_rank;top500_weighted;top500_rank,False
PRISM,250,weighted,radezolid,RADEZOLID,4,2,2,0.055815923207227516,0.5130293619424054,-0.24285714285714283,0.5155844155844156,0.2714285714285714,none,tested,357.0,0.0001999600079984003,0.0003439312137572485,5000,shared row-label permutation of full sensitivity matrix across all drugs/trajectories,6,6,4,1,1,2,0.06925465838509318,271.5,True,top100_weighted;top100_rank;top250_weighted;top250_rank;top500_weighted;top500_rank,False
PRISM,250,weighted,raltitrexed,RALTITREXED,4,1,1,-0.17351648351648352,0.2108363858363858,-0.31897435897435894,0.2341880341880342,-0.12515262515262515,none,tested,1220.0,0.10137972405518897,0.12375382066443855,5000,shared row-label permutation of full sensitivity matrix across all drugs/trajectories,6,0,0,0,0,0,-0.21710012210012208,1288.5,False,top100_weighted;top100_rank;top250_weighted;top250_rank;top500_weighted;top500_rank,False
PRISM,250,weighted,ramatroban,RAMATROBAN,4,1,1,-0.051948051948051965,0.04968944099378883,-0.11575381140598533,0.05928853754940712,-0.05590062111801244,none,tested,824.0,0.0001999600079984003,0.0003439312137572485,5000,shared row-label permutation of full sensitivity matrix across all drugs/trajectories,6,3,0,0,0,0,0.011293054771315638,533.0,False,top100_weighted;top100_rank;top250_weighted;top250_rank;top500_weighted;top500_rank,False
PRISM,250,weighted,regorafenib,REGORAFENIB,4,2,2,0.041852733409180914,0.11874124925108645,-0.05266405580187281,0.10325961275543817,0.09502628815035338,none,tested,413.0,0.6950609878024395,0.7318454160668656,5000,shared row-label permutation of full sensitivity matrix across all drugs/trajectories,6,6,3,0,0,0,0.058662437811228985,319.0,True,top100_weighted;top100_rank;top250_weighted;top250_rank;top500_weighted;top500_rank,False
PRISM,250,weighted,remoxipride,REMOXIPRIDE,4,3,2,0.0443609022556391,0.19624060150375938,-0.2857142857142857,0.25112781954887214,0.003007518796992481,none,tested,400.0,0.0001999600079984003,0.0003439312137572485,5000,shared row-label permutation of full sensitivity matrix across all drugs/trajectories,6,2,2,0,0,0,-0.013226247436773766,633.0,False,top100_weighted;top100_rank;top250_weighted;top250_rank;top500_weighted;top500_rank,False
PRISM,250,weighted,repaglinide,REPAGLINIDE,4,2,2,-0.003458498023715416,0.2643478260869565,-0.1878260869565217,0.16699604743083005,0.11363636363636365,none,tested,637.0,0.0001999600079984003,0.0003439312137572485,5000,shared row-label permutation of full sensitivity matrix across all drugs/trajectories,6,4,2,0,0,1,0.008764822134387352,527.5,True,top100_weighted;top100_rank;top250_weighted;top250_rank;top500_weighted;top500_rank,False
PRISM,250,weighted,repsox,REPSOX,4,2,2,0.006237458193979932,0.11979096989966555,-0.14869565217391303,0.2617391304347826,0.01769230769230769,none,tested,583.0,0.0001999600079984003,0.0003439312137572485,5000,shared row-label permutation of full sensitivity matrix across all drugs/trajectories,6,3,2,0,0,0,-0.0016638795986622075,609.5,False,top100_weighted;top100_rank;top250_weighted;top250_rank;top500_weighted;top500_rank,False
PRISM,250,weighted,resatorvid,RESATORVID,4,2,2,0.06884615384615383,0.2847008547008547,-0.23307692307692307,0.3264957264957265,0.16538461538461538,none,tested,315.0,0.07798440311937613,0.10596657426924401,5000,shared row-label permutation of full sensitivity matrix across all drugs/trajectories,6,6,3,0,0,4,0.10027777777777777,186.0,True,top100_weighted;top100_rank;top250_weighted;top250_rank;top500_weighted;top500_rank,False
PRISM,250,weighted,resiquimod,RESIQUIMOD,4,2,2,-0.0776701794902446,0.2919464664684874,-0.23954092076609296,0.12875989755493883,0.0555773284352417,none,tested,931.0,0.47390521895620874,0.5182244929192996,5000,shared row-label permutation of full sensitivity matrix across all drugs/trajectories,6,1,0,0,0,0,-0.047753364443168245,788.0,False,top100_weighted;top100_rank;top250_weighted;top250_rank;top500_weighted;top500_rank,False
PRISM,250,weighted,resminostat,RESMINOSTAT,4,2,1,0.058107365199090245,0.35220203595388166,-0.2076923076923077,0.3700711743778825,-0.08040007842513248,none,tested,350.0,0.08498300339932013,0.11283101945347981,5000,shared row-label permutation of full sensitivity matrix across all drugs/trajectories,6,3,0,0,0,0,0.02520678889499333,484.5,False,top100_weighted;top100_rank;top250_weighted;top250_rank;top500_weighted;top500_rank,False
PRISM,250,weighted,rheochrysidin,RHEOCHRYSIDIN,4,2,2,-0.011343873517786563,0.08330039525691699,-0.03557312252964427,0.1878260869565217,0.006956521739130434,none,tested,672.0,0.0001999600079984003,0.0003439312137572485,5000,shared row-label permutation of full sensitivity matrix across all drugs/trajectories,6,3,3,0,0,2,0.022707509881422925,469.0,False,top100_weighted;top100_rank;top250_weighted;top250_rank;top500_weighted;top500_rank,False
PRISM,250,weighted,ribavirin,RIBAVIRIN,4,2,2,0.04384825700615175,0.16727614490772386,-0.022556390977443608,0.35639097744360904,0.09220779220779221,none,tested,402.0,0.0001999600079984003,0.0003439312137572485,5000,shared row-label permutation of full sensitivity matrix across all drugs/trajectories,6,6,3,0,0,1,0.08210868079289131,262.0,True,top100_weighted;top100_rank;top250_weighted;top250_rank;top500_weighted;top500_rank,False
PRISM,250,weighted,ribitol,RIBITOL,4,4,3,0.13665551839464882,0.18718227424749165,0.01826086956521739,0.3592307692307692,0.20461538461538462,TierB_moderate_candidate,tested,130.0,0.0001999600079984003,0.0003439312137572485,5000,shared row-label permutation of full sensitivity matrix across all drugs/trajectories,6,6,4,0,1,4,0.12773411371237456,137.0,True,top100_weighted;top100_rank;top250_weighted;top250_rank;top500_weighted;top500_rank,True
PRISM,250,weighted,ribociclib,RIBOCICLIB,4,4,3,0.21055941089502178,0.18187239028899796,0.08533683961063357,0.40482964156751783,0.2785588707615397,TierA_strong_collateral,tested,33.0,0.04839032193561288,0.07526756025691012,5000,shared row-label permutation of full sensitivity matrix across all drugs/trajectories,6,6,4,3,3,4,0.14779350491548654,110.0,True,top100_weighted;top100_rank;top250_weighted;top250_rank;top500_weighted;top500_rank,True
PRISM,250,weighted,riboflavin,RIBOFLAVIN,4,3,3,0.0741106719367589,0.14836250705815926,-0.36871823828345573,0.11801242236024848,0.09189723320158102,none,tested,301.0,0.0001999600079984003,0.0003439312137572485,5000,shared row-label permutation of full sensitivity matrix across all drugs/trajectories,6,5,4,0,0,2,0.08448616600790515,264.5,True,top100_weighted;top100_rank;top250_weighted;top250_rank;top500_weighted;top500_rank,True
PRISM,250,weighted,rifampin,RIFAMPIN,4,2,2,0.04047008547008546,0.17724358974358972,-0.2069230769230769,0.10692307692307691,0.1063247863247863,none,tested,422.0,0.08858228354329134,0.11538256551024424,5000,shared row-label permutation of full sensitivity matrix across all drugs/trajectories,6,3,2,0,0,0,0.00925213675213675,559.5,False,top100_weighted;top100_rank;top250_weighted;top250_rank;top500_weighted;top500_rank,False
PRISM,250,weighted,rigosertib,RIGOSERTIB,4,2,2,0.10547225777297556,0.3529027723817655,-0.3553865343200328,0.28462028787993876,0.23407296899415728,none,tested,204.0,0.059988002399520096,0.0888488968872892,5000,shared row-label permutation of full sensitivity matrix across all drugs/trajectories,6,5,1,0,0,2,0.09867160805940482,211.5,True,top100_weighted;top100_rank;top250_weighted;top250_rank;top500_weighted;top500_rank,False
PRISM,250,weighted,rimexolone,RIMEXOLONE,4,3,3,0.11304347826086955,0.059765886287625414,-0.034782608695652174,0.19384615384615386,0.11478260869565216,TierB_moderate_candidate,tested,181.0,0.0001999600079984003,0.0003439312137572485,5000,shared row-label permutation of full sensitivity matrix across all drugs/trajectories,6,5,4,0,0,2,0.0704180602006689,290.5,True,top100_weighted;top100_rank;top250_weighted;top250_rank;top500_weighted;top500_rank,True
PRISM,250,weighted,ritodrine,RITODRINE,4,2,2,0.0034782608695652154,0.2391137123745819,-0.15565217391304348,0.15384615384615383,0.11130434782608695,none,tested,601.0,0.0001999600079984003,0.0003439312137572485,5000,shared row-label permutation of full sensitivity matrix across all drugs/trajectories,6,3,0,0,0,0,-0.007173913043478258,637.5,False,top100_weighted;top100_rank;top250_weighted;top250_rank;top500_weighted;top500_rank,False
PRISM,250,weighted,rociletinib,ROCILETINIB,4,2,1,-0.07327666978519651,0.25734924012418725,-0.2980717198076257,0.22769157821672548,-0.15721561353059613,none,tested,910.0,0.07378524295140972,0.10213471324426704,5000,shared row-label permutation of full sensitivity matrix across all drugs/trajectories,6,0,0,0,0,0,-0.07360973785324364,926.5,False,top100_weighted;top100_rank;top250_weighted;top250_rank;top500_weighted;top500_rank,False
PRISM,250,weighted,romidepsin,ROMIDEPSIN,4,3,3,0.22465201465201465,0.12996947496947495,-0.14393162393162393,0.3429059829059829,0.23015873015873015,TierA_strong_collateral,tested,25.0,0.036392721455708855,0.05894471166520037,5000,shared row-label permutation of full sensitivity matrix across all drugs/trajectories,6,6,6,6,6,6,0.25026862026862023,15.0,True,top100_weighted;top100_rank;top250_weighted;top250_rank;top500_weighted;top500_rank,True
PRISM,250,weighted,roquinimex,ROQUINIMEX,4,1,1,-0.08066064370412196,0.1268351214003388,-0.22857142857142856,0.17662337662337665,-0.09768492377188029,none,tested,942.0,0.0001999600079984003,0.0003439312137572485,5000,shared row-label permutation of full sensitivity matrix across all drugs/trajectories,6,1,0,0,0,0,-0.07507058159232072,936.5,False,top100_weighted;top100_rank;top250_weighted;top250_rank;top500_weighted;top500_rank,False
PRISM,250,weighted,rubitecan,RUBITECAN,4,2,2,0.020128205128205127,0.24173076923076925,-0.3707692307692308,0.19384615384615386,0.08717948717948718,none,tested,507.0,0.10137972405518897,0.12375382066443855,5000,shared row-label permutation of full sensitivity matrix across all drugs/trajectories,6,1,0,0,0,0,-0.06666666666666665,902.5,False,top100_weighted;top100_rank;top250_weighted;top250_rank;top500_weighted;top500_rank,False
PRISM,250,weighted,rucinol,RUCINOL,4,1,1,-0.0533596837944664,0.16298418972332013,-0.36260869565217385,0.05217391304347826,-0.09288537549407114,none,tested,830.0,0.0001999600079984003,0.0003439312137572485,5000,shared row-label permutation of full sensitivity matrix across all drugs/trajectories,6,4,3,0,0,0,0.04038537549407114,389.5,True,top100_weighted;top100_rank;top250_weighted;top250_rank;top500_weighted;top500_rank,False
PRISM,250,weighted,rutin,RUTIN,4,2,2,0.04588932806324111,0.3350691699604743,-0.4654150197628459,0.3438735177865613,0.13438735177865613,none,tested,394.0,0.0001999600079984003,0.0003439312137572485,5000,shared row-label permutation of full sensitivity matrix across all drugs/trajectories,6,4,1,0,1,1,0.03357707509881423,441.5,True,top100_weighted;top100_rank;top250_weighted;top250_rank;top500_weighted;top500_rank,False
PRISM,250,weighted,ruxolitinib,RUXOLITINIB,4,2,1,-0.08704650017859476,0.3508100619403934,-0.2737883978577599,0.2286294115756885,-0.2371835732332823,none,tested,967.0,0.0001999600079984003,0.0003439312137572485,5000,shared row-label permutation of full sensitivity matrix across all drugs/trajectories,6,0,0,0,0,0,-0.09967175239985232,1030.5,False,top100_weighted;top100_rank;top250_weighted;top250_rank;top500_weighted;top500_rank,False
PRISM,250,weighted,ryuvidine,RYUVIDINE,4,3,2,0.06064102564102563,0.14,-0.2692307692307692,0.25461538461538463,0.06666666666666665,none,tested,344.0,0.08118376324735053,0.10870190691320654,5000,shared row-label permutation of full sensitivity matrix across all drugs/trajectories,6,5,5,2,2,3,0.08967948717948718,215.0,True,top100_weighted;top100_rank;top250_weighted;top250_rank;top500_weighted;top500_rank,False
PRISM,250,weighted,salidroside,SALIDROSIDE,4,2,1,-0.048701298701298704,0.22885375494071147,-0.24285714285714283,0.16996047430830044,-0.13246753246753248,none,tested,810.0,0.0001999600079984003,0.0003439312137572485,5000,shared row-label permutation of full sensitivity matrix across all drugs/trajectories,6,3,0,0,0,0,-0.0025127046866177186,597.0,False,top100_weighted;top100_rank;top250_weighted;top250_rank;top500_weighted;top500_rank,False
PRISM,250,weighted,salinomycin,SALINOMYCIN,4,1,0,-0.0784448160535117,0.1750585284280936,-0.39826086956521733,0.029565217391304344,-0.12384615384615384,none,tested,934.0,0.0001999600079984003,0.0003439312137572485,5000,shared row-label permutation of full sensitivity matrix across all drugs/trajectories,6,0,0,0,0,0,-0.10209030100334449,1040.5,False,top100_weighted;top100_rank;top250_weighted;top250_rank;top500_weighted;top500_rank,False
PRISM,250,weighted,salvinorin-a,SALVINORINA,4,3,2,0.09695652173913044,0.19198160535117056,-0.06,0.1992307692307692,0.01217391304347826,none,tested,233.0,0.0001999600079984003,0.0003439312137572485,5000,shared row-label permutation of full sensitivity matrix across all drugs/trajectories,6,3,1,0,0,0,0.01085284280936455,529.0,False,top100_weighted;top100_rank;top250_weighted;top250_rank;top500_weighted;top500_rank,False
PRISM,250,weighted,saracatinib,SARACATINIB,4,1,1,-0.10916971311752721,0.1293590582453893,-0.13092586854638977,0.3312170319747571,-0.09995415770745884,none,tested,1049.0,0.3145370925814837,0.3535227187277553,5000,shared row-label permutation of full sensitivity matrix across all drugs/trajectories,6,0,0,0,0,0,-0.07862701397104462,963.5,False,top100_weighted;top100_rank;top250_weighted;top250_rank;top500_weighted;top500_rank,False
PRISM,250,weighted,satraplatin,SATRAPLATIN,4,4,3,0.10968379446640317,0.21927865612648217,0.012845849802371542,0.4156521739130434,0.18873517786561267,TierB_moderate_candidate,tested,194.0,0.0001999600079984003,0.0003439312137572485,5000,shared row-label permutation of full sensitivity matrix across all drugs/trajectories,6,3,3,0,0,1,0.029150197628458503,475.0,False,top100_weighted;top100_rank;top250_weighted;top250_rank;top500_weighted;top500_rank,False
PRISM,250,weighted,saxagliptin,SAXAGLIPTIN,4,0,0,-0.18692307692307691,0.11384615384615386,-0.3161538461538462,-0.003846153846153846,-0.16307692307692306,none,tested,1249.0,0.033393321335732855,0.0546846404674839,5000,shared row-label permutation of full sensitivity matrix across all drugs/trajectories,6,0,0,0,0,0,-0.17773504273504273,1219.0,False,top100_weighted;top100_rank;top250_weighted;top250_rank;top500_weighted;top500_rank,False
PRISM,250,weighted,sclareol,SCLAREOL,4,1,1,-0.11434782608695651,0.1340133779264214,-0.16173913043478258,0.2569230769230769,-0.13391304347826086,none,tested,1072.0,0.0001999600079984003,0.0003439312137572485,5000,shared row-label permutation of full sensitivity matrix across all drugs/trajectories,6,3,2,0,0,0,-0.01847826086956522,636.5,False,top100_weighted;top100_rank;top250_weighted;top250_rank;top500_weighted;top500_rank,False
PRISM,250,weighted,scriptaid,SCRIPTAID,4,1,0,-0.16256410256410259,0.20326923076923079,-0.3707692307692308,0.1992307692307692,-0.2030769230769231,none,tested,1197.0,0.041791641671665665,0.06679647283972462,5000,shared row-label permutation of full sensitivity matrix across all drugs/trajectories,6,0,0,0,0,0,-0.14773504273504273,1165.0,False,top100_weighted;top100_rank;top250_weighted;top250_rank;top500_weighted;top500_rank,False
PRISM,250,weighted,secnidazole,SECNIDAZOLE,4,2,2,0.006923076923076928,0.3075585284280936,-0.4382608695652173,0.3304347826086956,0.08384615384615385,none,tested,580.0,0.0001999600079984003,0.0003439312137572485,5000,shared row-label permutation of full sensitivity matrix across all drugs/trajectories,6,2,0,0,0,0,-0.04480769230769231,781.0,False,top100_weighted;top100_rank;top250_weighted;top250_rank;top500_weighted;top500_rank,False
PRISM,250,weighted,securinine,SECURININE,4,3,2,0.2015810276679842,0.3576778656126482,-0.10177865612648221,0.3921739130434782,0.3577075098814229,TierA_strong_collateral,tested,41.0,0.0001999600079984003,0.0003439312137572485,5000,shared row-label permutation of full sensitivity matrix across all drugs/trajectories,6,6,6,1,2,3,0.09106719367588932,237.5,True,top100_weighted;top100_rank;top250_weighted;top250_rank;top500_weighted;top500_rank,True
PRISM,250,weighted,selinexor,SELINEXOR,4,3,3,0.11024420024420024,0.2869047619047619,-0.19316239316239317,0.31555555555555553,0.21672771672771673,TierB_moderate_candidate,tested,189.0,0.29934013197360526,0.3372953473548739,5000,shared row-label permutation of full sensitivity matrix across all drugs/trajectories,6,6,4,0,0,3,0.09318681318681318,219.5,True,top100_weighted;top100_rank;top250_weighted;top250_rank;top500_weighted;top500_rank,False
PRISM,250,weighted,selumetinib,SELUMETINIB,4,4,3,0.16555883931118492,0.1989375016119829,0.01541098149716292,0.2636990167292321,0.07431517744187452,TierA_strong_collateral,tested,83.0,0.126374725054989,0.14815963808117885,5000,shared row-label permutation of full sensitivity matrix across all drugs/trajectories,6,4,3,0,1,2,0.03408182689394855,419.0,True,top100_weighted;top100_rank;top250_weighted;top250_rank;top500_weighted;top500_rank,False
PRISM,250,weighted,semaxanib,SEMAXANIB,4,1,1,-0.0681157101017699,0.07930795003098154,-0.09123410088453915,0.11702307043196854,-0.08627814823633964,none,tested,893.0,0.5368926214757048,0.5790273984038143,5000,shared row-label permutation of full sensitivity matrix across all drugs/trajectories,6,4,3,0,0,1,0.0422881569312545,381.0,True,top100_weighted;top100_rank;top250_weighted;top250_rank;top500_weighted;top500_rank,False
PRISM,250,weighted,sertindole,SERTINDOLE,4,1,0,-0.0197008547008547,0.10506410256410255,-0.2346153846153846,0.07769230769230769,-0.03769230769230769,none,tested,709.0,0.09598080383923216,0.1211575866644853,5000,shared row-label permutation of full sensitivity matrix across all drugs/trajectories,6,4,1,0,0,1,0.02222222222222222,474.0,True,top100_weighted;top100_rank;top250_weighted;top250_rank;top500_weighted;top500_rank,False
PRISM,250,weighted,sevelamer,SEVELAMER,4,0,0,-0.08384615384615385,0.02027777777777777,-0.09307692307692307,-0.030427350427350425,-0.08076923076923077,none,tested,955.0,0.07178564287142572,0.10040950886422925,5000,shared row-label permutation of full sensitivity matrix across all drugs/trajectories,6,2,2,0,0,0,-0.03205128205128205,721.5,False,top100_weighted;top100_rank;top250_weighted;top250_rank;top500_weighted;top500_rank,False
PRISM,250,weighted,sevoflurane,SEVOFLURANE,4,2,2,0.019890109890109885,0.2645238095238095,-0.2772649572649572,0.2622222222222222,0.1063247863247863,none,tested,509.0,0.855628874225155,0.8793780179970174,5000,shared row-label permutation of full sensitivity matrix across all drugs/trajectories,6,3,1,0,0,1,-0.020934065934065944,665.5,False,top100_weighted;top100_rank;top250_weighted;top250_rank;top500_weighted;top500_rank,False
PRISM,250,weighted,simvastatin,SIMVASTATIN,4,4,3,0.11521739130434781,0.11878762541806019,0.08173913043478259,0.4238461538461538,0.09304347826086956,TierB_moderate_candidate,tested,179.0,0.0001999600079984003,0.0003439312137572485,5000,shared row-label permutation of full sensitivity matrix across all drugs/trajectories,6,6,4,0,0,1,0.07869565217391304,248.0,True,top100_weighted;top100_rank;top250_weighted;top250_rank;top500_weighted;top500_rank,True
PRISM,250,weighted,sirolimus,SIROLIMUS,4,1,1,-0.14085470085470084,0.2898107448107448,-0.30830280830280826,0.18017094017094015,-0.029059829059829054,none,tested,1156.0,0.19276144771045792,0.222661187000035,5000,shared row-label permutation of full sensitivity matrix across all drugs/trajectories,6,1,0,0,0,0,-0.04090354090354091,786.0,False,top100_weighted;top100_rank;top250_weighted;top250_rank;top500_weighted;top500_rank,False
PRISM,250,weighted,sodium-stibogluconate,SODIUMSTIBOGLUCONATE,4,2,2,-0.005501672240802679,0.16694816053511705,-0.23652173913043475,0.09043478260869564,0.05130434782608695,none,tested,646.0,0.0001999600079984003,0.0003439312137572485,5000,shared row-label permutation of full sensitivity matrix across all drugs/trajectories,6,1,0,0,0,0,-0.039481605351170575,744.0,False,top100_weighted;top100_rank;top250_weighted;top250_rank;top500_weighted;top500_rank,False
PRISM,250,weighted,sodium-tanshinone-ii-a-sulfonate,SODIUMTANSHINONEIIASULFONATE,4,1,1,-0.10384615384615384,0.10224358974358973,-0.15000000000000002,0.04205128205128204,-0.06769230769230769,none,tested,1028.0,0.0639872025594881,0.09311674782947339,5000,shared row-label permutation of full sensitivity matrix across all drugs/trajectories,6,3,1,0,0,0,-0.03153846153846154,695.5,False,top100_weighted;top100_rank;top250_weighted;top250_rank;top500_weighted;top500_rank,False
PRISM,250,weighted,sonidegib,SONIDEGIB,4,2,1,0.01708961578326585,0.07811565238648574,-0.060887567899261905,0.11088378612863194,-0.006358926803075666,none,tested,527.0,0.10257948410317937,0.12442079373024395,5000,shared row-label permutation of full sensitivity matrix across all drugs/trajectories,6,3,2,0,0,0,0.002682672245047547,563.5,False,top100_weighted;top100_rank;top250_weighted;top250_rank;top500_weighted;top500_rank,False
PRISM,250,weighted,sorafenib,SORAFENIB,4,3,3,0.14720687282513,0.24740592688608806,-0.3582379354082964,0.4538460989976566,0.17679681834819655,TierB_moderate_candidate,tested,113.0,0.17296540691861628,0.20048946732392653,5000,shared row-label permutation of full sensitivity matrix across all drugs/trajectories,6,5,5,0,1,4,0.131495981090199,135.5,True,top100_weighted;top100_rank;top250_weighted;top250_rank;top500_weighted;top500_rank,False
PRISM,250,weighted,sparfloxacin,SPARFLOXACIN,4,3,2,0.05108695652173913,0.10989130434782607,-0.36260869565217385,0.07043478260869565,0.049999999999999996,none,tested,371.0,0.0001999600079984003,0.0003439312137572485,5000,shared row-label permutation of full sensitivity matrix across all drugs/trajectories,6,5,5,1,2,3,0.08642140468227424,240.5,True,top100_weighted;top100_rank;top250_weighted;top250_rank;top500_weighted;top500_rank,True
PRISM,250,weighted,spermidine,SPERMIDINE,4,3,3,0.08286324786324786,0.14955128205128204,-0.1853846153846154,0.1392307692307692,0.12846153846153846,none,tested,272.0,0.07338532293541292,0.10179254471686308,5000,shared row-label permutation of full sensitivity matrix across all drugs/trajectories,6,2,1,0,0,0,-0.02072649572649573,667.5,False,top100_weighted;top100_rank;top250_weighted;top250_rank;top500_weighted;top500_rank,False
PRISM,250,weighted,spermine,SPERMINE,4,3,3,0.31260869565217386,0.2713043478260869,-0.14956521739130432,0.41130434782608694,0.39999999999999997,TierA_strong_collateral,tested,4.0,0.0001999600079984003,0.0003439312137572485,5000,shared row-label permutation of full sensitivity matrix across all drugs/trajectories,6,6,6,6,6,6,0.2858946488294314,7.0,True,top100_weighted;top100_rank;top250_weighted;top250_rank;top500_weighted;top500_rank,True
PRISM,250,weighted,spironolactone,SPIRONOLACTONE,4,1,0,-0.20405138339920947,0.13833992094861658,-0.23913043478260865,0.2519762845849803,-0.21442687747035571,none,tested,1281.0,0.0001999600079984003,0.0003439312137572485,5000,shared row-label permutation of full sensitivity matrix across all drugs/trajectories,6,0,0,0,0,0,-0.13976284584980236,1128.0,False,top100_weighted;top100_rank;top250_weighted;top250_rank;top500_weighted;top500_rank,False
PRISM,250,weighted,stattic,STATTIC,4,1,1,-0.14525691699604742,0.17302371541501976,-0.41739130434782606,0.1442687747035573,-0.12351778656126483,none,tested,1167.0,0.0001999600079984003,0.0003439312137572485,5000,shared row-label permutation of full sensitivity matrix across all drugs/trajectories,6,0,0,0,0,0,-0.12231225296442687,1083.0,False,top100_weighted;top100_rank;top250_weighted;top250_rank;top500_weighted;top500_rank,False
PRISM,250,weighted,streptozotocin,STREPTOZOTOCIN,4,3,3,0.0883963862224732,0.1416854884246189,-0.02077922077922078,0.22597402597402597,0.14172783738001132,none,tested,254.0,0.0001999600079984003,0.0003439312137572485,5000,shared row-label permutation of full sensitivity matrix across all drugs/trajectories,6,6,6,0,0,1,0.07435064935064935,264.5,True,top100_weighted;top100_rank;top250_weighted;top250_rank;top500_weighted;top500_rank,True
PRISM,250,weighted,sufentanil,SUFENTANIL,4,1,1,-0.07622811970638059,0.24280067758328633,-0.41050254093732363,0.10671936758893281,-0.1518915866741954,none,tested,926.0,0.0001999600079984003,0.0003439312137572485,5000,shared row-label permutation of full sensitivity matrix across all drugs/trajectories,6,2,1,0,0,0,-0.02809147374364766,714.0,False,top100_weighted;top100_rank;top250_weighted;top250_rank;top500_weighted;top500_rank,False
PRISM,250,weighted,sulconazole,SULCONAZOLE,4,1,0,-0.18448107448107448,0.2645848595848596,-0.3367521367521367,0.08854700854700855,-0.28998778998779,none,tested,1242.0,0.08998200359928014,0.11633948670983553,5000,shared row-label permutation of full sensitivity matrix across all drugs/trajectories,6,1,0,0,0,0,-0.1136019536019536,1067.5,False,top100_weighted;top100_rank;top250_weighted;top250_rank;top500_weighted;top500_rank,False
PRISM,250,weighted,sulfabenzamide,SULFABENZAMIDE,4,2,2,-0.11499999999999999,0.4580731225296442,-0.5,0.18577075098814227,0.07608695652173912,none,tested,1076.0,0.0001999600079984003,0.0003439312137572485,5000,shared row-label permutation of full sensitivity matrix across all drugs/trajectories,6,0,0,0,0,0,-0.07701581027667982,921.0,False,top100_weighted;top100_rank;top250_weighted;top250_rank;top500_weighted;top500_rank,False
PRISM,250,weighted,sulfamethazine,SULFAMETHAZINE,4,1,1,-0.051778656126482206,0.07272727272727271,-0.13537549407114624,0.022727272727272724,-0.02964426877470356,none,tested,823.0,0.0001999600079984003,0.0003439312137572485,5000,shared row-label permutation of full sensitivity matrix across all drugs/trajectories,6,3,3,0,0,0,0.016304347826086956,503.0,False,top100_weighted;top100_rank;top250_weighted;top250_rank;top500_weighted;top500_rank,False
PRISM,250,weighted,sulfasalazine,SULFASALAZINE,4,1,0,-0.09621682665160927,0.2761434217955957,-0.4194805194805195,0.15454545454545454,-0.18464144551101075,none,tested,1000.0,0.0001999600079984003,0.0003439312137572485,5000,shared row-label permutation of full sensitivity matrix across all drugs/trajectories,6,2,0,0,0,0,-0.043238283455674764,751.5,False,top100_weighted;top100_rank;top250_weighted;top250_rank;top500_weighted;top500_rank,False
PRISM,250,weighted,sulmazole,SULMAZOLE,4,2,2,0.06373517786561267,0.42579051383399213,-0.1695652173913043,0.3389328063241107,0.2628458498023716,none,tested,333.0,0.0001999600079984003,0.0003439312137572485,5000,shared row-label permutation of full sensitivity matrix across all drugs/trajectories,6,6,0,0,0,0,0.06696640316205535,300.5,True,top100_weighted;top100_rank;top250_weighted;top250_rank;top500_weighted;top500_rank,False
PRISM,250,weighted,sunitinib,SUNITINIB,4,2,2,-0.026992886734891967,0.17529334941756294,-0.2075978192622495,0.1934603333626698,0.023026320772663453,none,tested,731.0,0.8176364727054589,0.8481785354991258,5000,shared row-label permutation of full sensitivity matrix across all drugs/trajectories,6,3,1,0,0,0,-0.01112309436433061,646.0,False,top100_weighted;top100_rank;top250_weighted;top250_rank;top500_weighted;top500_rank,False
PRISM,250,weighted,suxibuzone,SUXIBUZONE,4,2,2,-0.061220735785953155,0.328386287625418,-0.41913043478260864,0.13478260869565215,0.06538461538461539,none,tested,866.0,0.0001999600079984003,0.0003439312137572485,5000,shared row-label permutation of full sensitivity matrix across all drugs/trajectories,6,0,0,0,0,0,-0.25214046822742475,1307.5,False,top100_weighted;top100_rank;top250_weighted;top250_rank;top500_weighted;top500_rank,False
PRISM,250,weighted,tacalcitol,TACALCITOL,4,3,2,0.06608695652173913,0.1839046822742475,-0.24608695652173912,0.3069230769230769,0.03565217391304347,none,tested,326.0,0.0001999600079984003,0.0003439312137572485,5000,shared row-label permutation of full sensitivity matrix across all drugs/trajectories,6,5,1,0,0,0,0.03918896321070233,394.0,True,top100_weighted;top100_rank;top250_weighted;top250_rank;top500_weighted;top500_rank,False
PRISM,250,weighted,tacedinaline,TACEDINALINE,4,3,2,0.17056465776518362,0.1003547699132657,-0.09687742632837604,0.2551893181332832,0.16233926856661637,TierA_strong_collateral,tested,76.0,0.038592281543691265,0.06220497133946851,5000,shared row-label permutation of full sensitivity matrix across all drugs/trajectories,6,5,3,0,1,2,0.07379691656756486,283.0,True,top100_weighted;top100_rank;top250_weighted;top250_rank;top500_weighted;top500_rank,False
PRISM,250,weighted,tacrolimus,TACROLIMUS,4,2,2,-0.08065217391304347,0.2990217391304347,-0.2417391304347826,0.17043478260869566,0.049999999999999996,none,tested,941.0,0.0001999600079984003,0.0003439312137572485,5000,shared row-label permutation of full sensitivity matrix across all drugs/trajectories,6,1,1,0,0,0,-0.04641304347826086,771.5,False,top100_weighted;top100_rank;top250_weighted;top250_rank;top500_weighted;top500_rank,False
PRISM,250,weighted,tagatose,TAGATOSE,4,1,1,-0.13800410116199588,0.1942241968557758,-0.20902255639097742,0.2270676691729323,-0.08120300751879699,none,tested,1145.0,0.0001999600079984003,0.0003439312137572485,5000,shared row-label permutation of full sensitivity matrix across all drugs/trajectories,6,4,2,0,0,0,0.03709842788790157,407.5,True,top100_weighted;top100_rank;top250_weighted;top250_rank;top500_weighted;top500_rank,False
PRISM,250,weighted,talazoparib,TALAZOPARIB,4,3,3,0.1793934559879117,0.15503445304850316,-0.2764258092676318,0.34028442140216447,0.1799647195752811,TierA_strong_collateral,tested,67.0,0.09138172365526895,0.11746561006024446,5000,shared row-label permutation of full sensitivity matrix across all drugs/trajectories,6,5,3,1,2,2,0.027640341980447406,447.5,True,top100_weighted;top100_rank;top250_weighted;top250_rank;top500_weighted;top500_rank,False
PRISM,250,weighted,talmapimod,TALMAPIMOD,4,2,2,0.03921238625389231,0.20739531150707274,-0.06506858854357676,0.23540229274878735,0.12739744704321346,none,tested,426.0,0.7208558288342332,0.7572110479401362,5000,shared row-label permutation of full sensitivity matrix across all drugs/trajectories,6,6,2,0,0,0,0.013763532765537968,524.0,True,top100_weighted;top100_rank;top250_weighted;top250_rank;top500_weighted;top500_rank,False
PRISM,250,weighted,taltirelin,TALTIRELIN,4,1,1,-0.0850084697910785,0.27426595143986454,-0.2558441558441559,0.38571428571428573,-0.1609260304912479,none,tested,960.0,0.0001999600079984003,0.0003439312137572485,5000,shared row-label permutation of full sensitivity matrix across all drugs/trajectories,6,3,1,0,0,0,-0.0027385657820440433,584.5,False,top100_weighted;top100_rank;top250_weighted;top250_rank;top500_weighted;top500_rank,False
PRISM,250,weighted,taltobulin,TALTOBULIN,4,3,3,0.04862876254180602,0.17031772575250834,-0.4382608695652173,0.11739130434782606,0.06956521739130435,none,tested,384.0,0.0001999600079984003,0.0003439312137572485,5000,shared row-label permutation of full sensitivity matrix across all drugs/trajectories,6,4,1,0,0,0,0.008001672240802676,541.0,True,top100_weighted;top100_rank;top250_weighted;top250_rank;top500_weighted;top500_rank,False
PRISM,250,weighted,tamibarotene,TAMIBAROTENE,4,2,2,0.0486563016643147,0.24329074380578267,-0.06949411081614823,0.2935211785787313,0.1503475826356899,none,tested,382.0,0.0001999600079984003,0.0003439312137572485,5000,shared row-label permutation of full sensitivity matrix across all drugs/trajectories,6,2,0,0,0,0,-0.047662609737694706,795.0,False,top100_weighted;top100_rank;top250_weighted;top250_rank;top500_weighted;top500_rank,False
PRISM,250,weighted,tamoxifen,TAMOXIFEN,4,2,2,0.024464882943143813,0.16539297658862875,-0.1391304347826087,0.24,0.07153846153846154,none,tested,485.0,0.0001999600079984003,0.0003439312137572485,5000,shared row-label permutation of full sensitivity matrix across all drugs/trajectories,6,2,0,0,0,0,-0.013127090301003345,647.5,False,top100_weighted;top100_rank;top250_weighted;top250_rank;top500_weighted;top500_rank,False
PRISM,250,weighted,tanaproget,TANAPROGET,4,2,2,0.014713064713064706,0.17895604395604395,-0.24991452991452992,0.15418803418803417,0.06666666666666665,none,tested,542.0,0.8848230353929214,0.9031157015151333,5000,shared row-label permutation of full sensitivity matrix across all drugs/trajectories,6,2,0,0,0,0,-0.03389499389499389,729.5,False,top100_weighted;top100_rank;top250_weighted;top250_rank;top500_weighted;top500_rank,False
PRISM,250,weighted,tandutinib,TANDUTINIB,4,2,2,0.0308695652173913,0.2158399209486166,-0.08695652173913043,0.19466403162055337,0.12782608695652173,none,tested,456.0,0.0001999600079984003,0.0003439312137572485,5000,shared row-label permutation of full sensitivity matrix across all drugs/trajectories,6,6,4,0,1,4,0.10719367588932804,168.5,True,top100_weighted;top100_rank;top250_weighted;top250_rank;top500_weighted;top500_rank,False
PRISM,250,weighted,tanespimycin,TANESPIMYCIN,4,2,2,0.04701671271157418,0.2945994566501025,-0.11426146405009317,0.4402872965237955,0.15099155704932773,none,tested,390.0,0.6700659868026395,0.7077638355054822,5000,shared row-label permutation of full sensitivity matrix across all drugs/trajectories,6,4,0,0,0,0,0.02322195752054343,471.0,True,top100_weighted;top100_rank;top250_weighted;top250_rank;top500_weighted;top500_rank,False
PRISM,250,weighted,tanshinone-i,TANSHINONEI,4,1,1,-0.19881422924901188,0.385347261434218,-0.3562958780350085,0.4909090909090909,-0.31451157538114066,none,tested,1275.0,0.0001999600079984003,0.0003439312137572485,5000,shared row-label permutation of full sensitivity matrix across all drugs/trajectories,6,0,0,0,0,0,-0.18626482213438736,1243.0,False,top100_weighted;top100_rank;top250_weighted;top250_rank;top500_weighted;top500_rank,False
PRISM,250,weighted,taselisib,TASELISIB,4,2,2,0.02461538461538461,0.3052136752136752,-0.3153846153846154,0.21777777777777776,0.1392307692307692,none,tested,483.0,0.09618076384723055,0.12129513548567486,5000,shared row-label permutation of full sensitivity matrix across all drugs/trajectories,6,1,0,0,0,0,-0.04444444444444444,794.5,False,top100_weighted;top100_rank;top250_weighted;top250_rank;top500_weighted;top500_rank,False
PRISM,250,weighted,tasisulam,TASISULAM,4,2,2,0.018033518295445777,0.2507831545676821,-0.16224999856622327,0.31583616225755107,0.10554126120327145,none,tested,521.0,0.09938012397520496,0.1229458905266917,5000,shared row-label permutation of full sensitivity matrix across all drugs/trajectories,6,3,1,0,0,1,0.001533946342605388,586.0,False,top100_weighted;top100_rank;top250_weighted;top250_rank;top500_weighted;top500_rank,False
PRISM,250,weighted,taurine,TAURINE,4,2,2,0.020073404856013555,0.25578769057029926,-0.15714285714285717,0.17673630717108982,0.13495200451722192,none,tested,508.0,0.0001999600079984003,0.0003439312137572485,5000,shared row-label permutation of full sensitivity matrix across all drugs/trajectories,6,3,0,0,0,0,-0.015273856578204403,643.5,False,top100_weighted;top100_rank;top250_weighted;top250_rank;top500_weighted;top500_rank,False
PRISM,250,weighted,tazemetostat,TAZEMETOSTAT,4,2,1,-0.006153846153846156,0.16538461538461538,-0.08153846153846152,0.1323076923076923,-0.08076923076923077,none,tested,649.0,0.10537892421515697,0.12689259799349978,5000,shared row-label permutation of full sensitivity matrix across all drugs/trajectories,6,1,0,0,0,0,-0.01619658119658119,674.0,False,top100_weighted;top100_rank;top250_weighted;top250_rank;top500_weighted;top500_rank,False
PRISM,250,weighted,tecastemizole,TECASTEMIZOLE,4,3,2,0.08003952569169961,0.11036561264822135,-0.08869565217391304,0.299407114624506,0.07114624505928854,none,tested,281.0,0.0001999600079984003,0.0003439312137572485,5000,shared row-label permutation of full sensitivity matrix across all drugs/trajectories,6,5,3,0,0,0,0.04990118577075099,355.0,True,top100_weighted;top100_rank;top250_weighted;top250_rank;top500_weighted;top500_rank,False
PRISM,250,weighted,tedizolid,TEDIZOLID,4,1,1,-0.08139194139194139,0.22987789987789986,-0.4345299145299145,0.21641025641025638,-0.03663003663003663,none,tested,948.0,0.4559088182363527,0.5005983976186641,5000,shared row-label permutation of full sensitivity matrix across all drugs/trajectories,6,4,4,0,0,2,0.05745421245421245,336.0,True,top100_weighted;top100_rank;top250_weighted;top250_rank;top500_weighted;top500_rank,False
PRISM,250,weighted,tedizolid-phosphate,TEDIZOLIDPHOSPHATE,4,3,3,0.16038461538461535,0.0887820512820513,-0.16923076923076924,0.1835897435897436,0.16076923076923075,TierA_strong_collateral,tested,94.0,0.041391721655668866,0.0662366926374629,5000,shared row-label permutation of full sensitivity matrix across all drugs/trajectories,6,5,2,0,2,2,0.033803418803418805,424.5,True,top100_weighted;top100_rank;top250_weighted;top250_rank;top500_weighted;top500_rank,False
PRISM,250,weighted,telatinib,TELATINIB,4,0,0,-0.19776962168266518,0.1154009034443817,-0.30999435347261434,-0.0016939582156973462,-0.2233201581027668,none,tested,1270.0,0.0001999600079984003,0.0003439312137572485,5000,shared row-label permutation of full sensitivity matrix across all drugs/trajectories,6,0,0,0,0,0,-0.1389751552795031,1124.5,False,top100_weighted;top100_rank;top250_weighted;top250_rank;top500_weighted;top500_rank,False
PRISM,250,weighted,temazepam,TEMAZEPAM,4,3,2,0.05138339920948617,0.08812252964426877,-0.16869565217391302,0.13043478260869565,0.06027667984189724,none,tested,369.0,0.0001999600079984003,0.0003439312137572485,5000,shared row-label permutation of full sensitivity matrix across all drugs/trajectories,6,4,3,0,0,1,0.05558300395256917,347.0,True,top100_weighted;top100_rank;top250_weighted;top250_rank;top500_weighted;top500_rank,False
PRISM,250,weighted,temocapril,TEMOCAPRIL,4,4,3,0.2683760683760683,0.06326923076923074,0.09461538461538462,0.3353846153846154,0.2704273504273504,TierA_strong_collateral,tested,9.0,0.014397120575884824,0.024572806309416734,5000,shared row-label permutation of full sensitivity matrix across all drugs/trajectories,6,6,6,4,6,6,0.24277777777777776,16.5,True,top100_weighted;top100_rank;top250_weighted;top250_rank;top500_weighted;top500_rank,True
PRISM,250,weighted,temoporfin,TEMOPORFIN,4,2,1,0.09887205806199595,0.3142513051496573,-0.07223729940099617,0.2779764432645929,-0.05225985492684408,none,tested,224.0,0.0001999600079984003,0.0003439312137572485,5000,shared row-label permutation of full sensitivity matrix across all drugs/trajectories,6,6,3,0,1,1,0.09820203918905587,220.5,True,top100_weighted;top100_rank;top250_weighted;top250_rank;top500_weighted;top500_rank,False
PRISM,250,weighted,temozolomide,TEMOZOLOMIDE,4,2,2,-0.013478260869565231,0.2878260869565217,-0.31999999999999995,0.11391304347826085,0.1060869565217391,none,tested,681.0,0.0001999600079984003,0.0003439312137572485,5000,shared row-label permutation of full sensitivity matrix across all drugs/trajectories,6,5,2,0,0,0,0.006956521739130434,536.0,True,top100_weighted;top100_rank;top250_weighted;top250_rank;top500_weighted;top500_rank,False
PRISM,250,weighted,temsirolimus,TEMSIROLIMUS,4,0,0,-0.1771541993038233,0.04545292071541204,-0.18624053784424383,-0.01650755038967445,-0.17514108340264353,none,tested,1230.0,0.10377924415116976,0.12553333253494492,5000,shared row-label permutation of full sensitivity matrix across all drugs/trajectories,6,0,0,0,0,0,-0.0956530006370353,1003.0,False,top100_weighted;top100_rank;top250_weighted;top250_rank;top500_weighted;top500_rank,False
PRISM,250,weighted,teniposide,TENIPOSIDE,4,0,0,-0.10255189255189254,0.11639194139194137,-0.3517948717948718,-0.007179487179487179,-0.0823931623931624,none,tested,1019.0,0.34253149370125974,0.3814490234785123,5000,shared row-label permutation of full sensitivity matrix across all drugs/trajectories,6,1,0,0,0,0,-0.07286935286935285,911.0,False,top100_weighted;top100_rank;top250_weighted;top250_rank;top500_weighted;top500_rank,False
PRISM,250,weighted,tenovin-6,TENOVIN6,4,0,0,-0.15703557312252964,0.04064229249011855,-0.19861660079051385,-0.1007905138339921,-0.1678260869565217,none,tested,1186.0,0.0001999600079984003,0.0003439312137572485,5000,shared row-label permutation of full sensitivity matrix across all drugs/trajectories,6,0,0,0,0,0,-0.08148221343873518,945.5,False,top100_weighted;top100_rank;top250_weighted;top250_rank;top500_weighted;top500_rank,False
PRISM,250,weighted,tepoxalin,TEPOXALIN,4,0,0,-0.1805128205128205,0.07075091575091577,-0.20683760683760682,-0.007936507936507934,-0.16649572649572647,none,tested,1235.0,0.09398120375924815,0.11919785405430806,5000,shared row-label permutation of full sensitivity matrix across all drugs/trajectories,6,0,0,0,0,0,-0.10710622710622708,1019.0,False,top100_weighted;top100_rank;top250_weighted;top250_rank;top500_weighted;top500_rank,False
PRISM,250,weighted,teprenone,TEPRENONE,4,1,1,-0.0958498023715415,0.11401185770750988,-0.12608695652173912,0.3121739130434782,-0.09288537549407114,none,tested,995.0,0.0001999600079984003,0.0003439312137572485,5000,shared row-label permutation of full sensitivity matrix across all drugs/trajectories,6,0,0,0,0,0,-0.10029644268774704,1000.0,False,top100_weighted;top100_rank;top250_weighted;top250_rank;top500_weighted;top500_rank,False
PRISM,250,weighted,terbutaline,TERBUTALINE,4,1,1,-0.0914737436476567,0.19611095426312822,-0.20454545454545459,0.461321287408244,-0.11123658949745907,none,tested,978.0,0.0001999600079984003,0.0003439312137572485,5000,shared row-label permutation of full sensitivity matrix across all drugs/trajectories,6,0,0,0,0,0,-0.08300395256916998,942.0,False,top100_weighted;top100_rank;top250_weighted;top250_rank;top500_weighted;top500_rank,False
PRISM,250,weighted,terfenadine,TERFENADINE,4,3,2,0.12607655502392345,0.11768626110731376,-0.006015037593984962,0.23157894736842105,0.08721804511278194,TierB_moderate_candidate,tested,156.0,0.0001999600079984003,0.0003439312137572485,5000,shared row-label permutation of full sensitivity matrix across all drugs/trajectories,6,6,6,0,0,2,0.09027682843472316,213.0,True,top100_weighted;top100_rank;top250_weighted;top250_rank;top500_weighted;top500_rank,True
PRISM,250,weighted,teriflunomide,TERIFLUNOMIDE,4,2,2,-0.007944664031620552,0.18503952569169962,-0.04869565217391304,0.46640316205533605,0.029565217391304344,none,tested,657.0,0.0001999600079984003,0.0003439312137572485,5000,shared row-label permutation of full sensitivity matrix across all drugs/trajectories,6,5,2,1,1,2,0.04470355731225295,369.5,True,top100_weighted;top100_rank;top250_weighted;top250_rank;top500_weighted;top500_rank,False
PRISM,250,weighted,teroxirone,TEROXIRONE,4,0,0,-0.06542735042735043,0.04205128205128206,-0.17615384615384613,-0.016923076923076923,-0.06393162393162392,none,tested,883.0,0.07978404319136173,0.10764385584421578,5000,shared row-label permutation of full sensitivity matrix across all drugs/trajectories,6,1,1,0,0,0,-0.06414529914529915,857.5,False,top100_weighted;top100_rank;top250_weighted;top250_rank;top500_weighted;top500_rank,False
PRISM,250,weighted,tetrahydropapaverine,TETRAHYDROPAPAVERINE,4,3,2,0.08025083612040133,0.10755016722408026,-0.017391304347826087,0.1973913043478261,0.11615384615384615,none,tested,279.0,0.0001999600079984003,0.0003439312137572485,5000,shared row-label permutation of full sensitivity matrix across all drugs/trajectories,6,3,2,0,0,0,-0.01915551839464883,686.0,False,top100_weighted;top100_rank;top250_weighted;top250_rank;top500_weighted;top500_rank,False
PRISM,250,weighted,tetrahydrouridine,TETRAHYDROURIDINE,4,3,3,0.12794314381270902,0.1613461538461538,-0.09913043478260869,0.3278260869565217,0.1643478260869565,TierB_moderate_candidate,tested,149.0,0.0001999600079984003,0.0003439312137572485,5000,shared row-label permutation of full sensitivity matrix across all drugs/trajectories,6,5,5,0,0,2,0.07149665551839465,292.5,True,top100_weighted;top100_rank;top250_weighted;top250_rank;top500_weighted;top500_rank,True
PRISM,250,weighted,tetramethylthiuram-monosulfide,TETRAMETHYLTHIURAMMONOSULFIDE,4,3,2,0.05899209486166008,0.11640316205533598,-0.12252964426877472,0.1492094861660079,0.026679841897233204,none,tested,349.0,0.0001999600079984003,0.0003439312137572485,5000,shared row-label permutation of full sensitivity matrix across all drugs/trajectories,6,6,3,0,0,3,0.07301383399209486,269.0,True,top100_weighted;top100_rank;top250_weighted;top250_rank;top500_weighted;top500_rank,False
PRISM,250,weighted,tetrandrine,TETRANDRINE,4,2,2,-0.06461538461538462,0.20177350427350427,-0.26692307692307693,0.14324786324786323,0.0015384615384615385,none,tested,877.0,0.07878424315136973,0.10683560134361735,5000,shared row-label permutation of full sensitivity matrix across all drugs/trajectories,6,0,0,0,0,0,-0.06038461538461539,867.5,False,top100_weighted;top100_rank;top250_weighted;top250_rank;top500_weighted;top500_rank,False
PRISM,250,weighted,tezacaftor,TEZACAFTOR,4,3,3,0.06946488294314382,0.19680602006688963,-0.2582608695652174,0.21652173913043476,0.12153846153846154,none,tested,311.0,0.0001999600079984003,0.0003439312137572485,5000,shared row-label permutation of full sensitivity matrix across all drugs/trajectories,6,3,3,0,0,0,0.0158695652173913,523.5,False,top100_weighted;top100_rank;top250_weighted;top250_rank;top500_weighted;top500_rank,False
PRISM,250,weighted,theophylline,THEOPHYLLINE,4,2,2,0.020821569734613216,0.1399280067758329,-0.16883116883116886,0.20158102766798422,0.05237154150197629,none,tested,502.0,0.0001999600079984003,0.0003439312137572485,5000,shared row-label permutation of full sensitivity matrix across all drugs/trajectories,6,6,4,3,3,3,0.13639892715979673,129.5,True,top100_weighted;top100_rank;top250_weighted;top250_rank;top500_weighted;top500_rank,False
PRISM,250,weighted,thiocolchicoside,THIOCOLCHICOSIDE,4,1,1,-0.10658119658119658,0.0858974358974359,-0.18076923076923077,0.12846153846153846,-0.10085470085470086,none,tested,1037.0,0.0593881223755249,0.08845180684533485,5000,shared row-label permutation of full sensitivity matrix across all drugs/trajectories,6,2,0,0,0,0,-0.0522008547008547,806.5,False,top100_weighted;top100_rank;top250_weighted;top250_rank;top500_weighted;top500_rank,False
PRISM,250,weighted,thioguanine,THIOGUANINE,4,1,1,-0.08100491320091548,0.1639617214804116,-0.27207038162098307,0.09682291408613361,-0.033179314831827206,none,tested,946.0,0.0691861627674465,0.09853114847116046,5000,shared row-label permutation of full sensitivity matrix across all drugs/trajectories,6,0,0,0,0,0,-0.1077272347100312,1030.0,False,top100_weighted;top100_rank;top250_weighted;top250_rank;top500_weighted;top500_rank,False
PRISM,250,weighted,thiomersal,THIOMERSAL,4,1,1,-0.1709090909090909,0.19299407114624506,-0.24505928853754944,0.33102766798418976,-0.13826086956521738,none,tested,1211.0,0.0001999600079984003,0.0003439312137572485,5000,shared row-label permutation of full sensitivity matrix across all drugs/trajectories,6,3,0,0,0,2,0.031116600790513812,436.5,False,top100_weighted;top100_rank;top250_weighted;top250_rank;top500_weighted;top500_rank,False
PRISM,250,weighted,thiostrepton,THIOSTREPTON,4,1,1,-0.05632411067193677,0.17214850367024284,-0.2749858836815359,0.30095990965556185,-0.03754940711462451,none,tested,844.0,0.0001999600079984003,0.0003439312137572485,5000,shared row-label permutation of full sensitivity matrix across all drugs/trajectories,6,4,1,1,2,4,0.12958780350084698,127.0,True,top100_weighted;top100_rank;top250_weighted;top250_rank;top500_weighted;top500_rank,False
PRISM,250,weighted,thiram,THIRAM,4,2,1,0.027922077922077924,0.1523715415019763,-0.13156408808582723,0.2714285714285714,-0.006493506493506493,none,tested,472.0,0.0001999600079984003,0.0003439312137572485,5000,shared row-label permutation of full sensitivity matrix across all drugs/trajectories,6,2,0,0,0,0,-0.0032467532467532444,596.0,False,top100_weighted;top100_rank;top250_weighted;top250_rank;top500_weighted;top500_rank,False
PRISM,250,weighted,thonzonium,THONZONIUM,4,2,1,-0.003952569169960473,0.09161490683229814,-0.15019762845849804,0.1078486730660644,-0.0220214568040655,none,tested,641.0,0.0001999600079984003,0.0003439312137572485,5000,shared row-label permutation of full sensitivity matrix across all drugs/trajectories,6,4,1,0,0,0,0.0070581592320722725,552.5,True,top100_weighted;top100_rank;top250_weighted;top250_rank;top500_weighted;top500_rank,False
PRISM,250,weighted,tiagabine,TIAGABINE,4,2,1,-0.125,0.38378458498023715,-0.4017391304347826,0.2233201581027668,-0.2766798418972332,none,tested,1101.0,0.0001999600079984003,0.0003439312137572485,5000,shared row-label permutation of full sensitivity matrix across all drugs/trajectories,6,0,0,0,0,0,-0.1724308300395257,1181.0,False,top100_weighted;top100_rank;top250_weighted;top250_rank;top500_weighted;top500_rank,False
PRISM,250,weighted,tideglusib,TIDEGLUSIB,4,1,1,-0.107008547008547,0.12824175824175824,-0.24664224664224663,0.094017094017094,-0.13572649572649573,none,tested,1039.0,0.32273545290941813,0.36212656458607273,5000,shared row-label permutation of full sensitivity matrix across all drugs/trajectories,6,0,0,0,0,0,-0.17829059829059826,1221.0,False,top100_weighted;top100_rank;top250_weighted;top250_rank;top500_weighted;top500_rank,False
PRISM,250,weighted,tilmicosin,TILMICOSIN,4,2,2,-0.0008885850991114143,0.07265892002734108,-0.025563909774436087,0.13506493506493505,0.02077922077922078,none,tested,624.0,0.0001999600079984003,0.0003439312137572485,5000,shared row-label permutation of full sensitivity matrix across all drugs/trajectories,6,5,3,0,0,0,0.03684210526315789,387.0,True,top100_weighted;top100_rank;top250_weighted;top250_rank;top500_weighted;top500_rank,False
PRISM,250,weighted,tioguanine,TIOGUANINE,4,2,2,0.00043478260869565105,0.2198411371237458,-0.11043478260869564,0.17153846153846153,0.09999999999999999,none,tested,616.0,0.0001999600079984003,0.0003439312137572485,5000,shared row-label permutation of full sensitivity matrix across all drugs/trajectories,6,4,1,0,0,0,0.013938127090301,515.5,True,top100_weighted;top100_rank;top250_weighted;top250_rank;top500_weighted;top500_rank,False
PRISM,250,weighted,tiotidine,TIOTIDINE,4,1,1,-0.04220779220779221,0.18623658949745908,-0.2753246753246753,0.3800112930547713,-0.02727272727272727,none,tested,777.0,0.0001999600079984003,0.0003439312137572485,5000,shared row-label permutation of full sensitivity matrix across all drugs/trajectories,6,3,1,0,0,0,0.0012987012987012991,561.5,False,top100_weighted;top100_rank;top250_weighted;top250_rank;top500_weighted;top500_rank,False
PRISM,250,weighted,tioxolone,TIOXOLONE,4,0,0,-0.11769230769230768,0.12134615384615383,-0.22230769230769232,-0.009230769230769232,-0.0723076923076923,none,tested,1085.0,0.0617876424715057,0.09090830840454427,5000,shared row-label permutation of full sensitivity matrix across all drugs/trajectories,6,0,0,0,0,0,-0.11029914529914528,1023.5,False,top100_weighted;top100_rank;top250_weighted;top250_rank;top500_weighted;top500_rank,False
PRISM,250,weighted,tipifarnib,TIPIFARNIB,4,1,1,-0.11300366300366299,0.15753968253968254,-0.35999999999999993,0.0947008547008547,-0.08376068376068375,none,tested,1068.0,0.2927414517096581,0.3306986060415036,5000,shared row-label permutation of full sensitivity matrix across all drugs/trajectories,6,0,0,0,0,0,-0.1124969474969475,1075.5,False,top100_weighted;top100_rank;top250_weighted;top250_rank;top500_weighted;top500_rank,False
PRISM,250,weighted,tipiracil,TIPIRACIL,4,2,1,0.0050427350427350425,0.11371794871794871,-0.20461538461538462,0.11846153846153845,-0.016923076923076923,none,tested,588.0,0.10597880423915217,0.12727004148719806,5000,shared row-label permutation of full sensitivity matrix across all drugs/trajectories,6,1,0,0,0,0,-0.02014957264957265,683.0,False,top100_weighted;top100_rank;top250_weighted;top250_rank;top500_weighted;top500_rank,False
PRISM,250,weighted,tipranavir,TIPRANAVIR,4,2,1,-0.07658102766798419,0.26764822134387356,-0.3092885375494071,0.1417391304347826,-0.1798418972332016,none,tested,927.0,0.0001999600079984003,0.0003439312137572485,5000,shared row-label permutation of full sensitivity matrix across all drugs/trajectories,6,0,0,0,0,0,-0.10454545454545455,1014.5,False,top100_weighted;top100_rank;top250_weighted;top250_rank;top500_weighted;top500_rank,False
PRISM,250,weighted,tirapazamine,TIRAPAZAMINE,4,1,1,-0.039525691699604744,0.10414313946922642,-0.12817617165443254,0.21047430830039524,-0.026538678712591763,none,tested,767.0,0.0001999600079984003,0.0003439312137572485,5000,shared row-label permutation of full sensitivity matrix across all drugs/trajectories,6,2,2,0,0,0,-0.018033596837944664,659.0,False,top100_weighted;top100_rank;top250_weighted;top250_rank;top500_weighted;top500_rank,False
PRISM,250,weighted,tivantinib,TIVANTINIB,4,2,2,0.10474587059119767,0.2948022478410804,-0.20949174118239536,0.27618729000139,0.2203341972879537,none,tested,207.0,0.0595880823835233,0.08845313342676676,5000,shared row-label permutation of full sensitivity matrix across all drugs/trajectories,6,6,1,0,0,1,0.05992499498737928,326.5,True,top100_weighted;top100_rank;top250_weighted;top250_rank;top500_weighted;top500_rank,False
PRISM,250,weighted,tivozanib,TIVOZANIB,4,3,2,0.20323562113188542,0.11493394331021678,-0.1323152317994572,0.3040806514441352,0.20712560279809789,TierA_strong_collateral,tested,38.0,0.0591881623675265,0.08825259556589801,5000,shared row-label permutation of full sensitivity matrix across all drugs/trajectories,6,6,6,1,3,5,0.1481876493059181,107.0,True,top100_weighted;top100_rank;top250_weighted;top250_rank;top500_weighted;top500_rank,True
PRISM,250,weighted,tofogliflozin,TOFOGLIFLOZIN,4,3,3,0.13794871794871794,0.21769230769230774,-0.19153846153846155,0.5900000000000001,0.1528205128205128,TierB_moderate_candidate,tested,129.0,0.04799040191961608,0.07499555188610578,5000,shared row-label permutation of full sensitivity matrix across all drugs/trajectories,6,6,4,1,2,5,0.13213675213675213,132.0,True,top100_weighted;top100_rank;top250_weighted;top250_rank;top500_weighted;top500_rank,True
PRISM,250,weighted,topotecan,TOPOTECAN,4,2,2,0.08376068376068374,0.29506410256410254,-0.3069230769230769,0.3153846153846154,0.17675213675213672,none,tested,271.0,0.07098580283943211,0.09960428966838211,5000,shared row-label permutation of full sensitivity matrix across all drugs/trajectories,6,2,0,0,0,0,-0.01841880341880342,682.0,False,top100_weighted;top100_rank;top250_weighted;top250_rank;top500_weighted;top500_rank,False
PRISM,250,weighted,torasemide,TORASEMIDE,4,4,3,0.1930265386787126,0.2179277244494636,0.06623376623376624,0.3116883116883117,0.08865047995482779,TierA_strong_collateral,tested,52.0,0.0001999600079984003,0.0003439312137572485,5000,shared row-label permutation of full sensitivity matrix across all drugs/trajectories,6,6,6,0,1,3,0.10023997741389047,197.5,True,top100_weighted;top100_rank;top250_weighted;top250_rank;top500_weighted;top500_rank,True
PRISM,250,weighted,torcetrapib,TORCETRAPIB,4,2,1,-0.007411067193675892,0.09037549407114623,-0.14608695652173911,0.07608695652173912,-0.03063241106719368,none,tested,654.0,0.0001999600079984003,0.0003439312137572485,5000,shared row-label permutation of full sensitivity matrix across all drugs/trajectories,6,0,0,0,0,0,-0.04124505928853754,767.5,False,top100_weighted;top100_rank;top250_weighted;top250_rank;top500_weighted;top500_rank,False
PRISM,250,weighted,toremifene,TOREMIFENE,4,3,2,0.04478260869565217,0.12726588628762542,-0.3426086956521739,0.16384615384615386,0.04521739130434782,none,tested,399.0,0.0001999600079984003,0.0003439312137572485,5000,shared row-label permutation of full sensitivity matrix across all drugs/trajectories,6,5,3,0,0,0,0.02146321070234114,471.5,True,top100_weighted;top100_rank;top250_weighted;top250_rank;top500_weighted;top500_rank,False
PRISM,250,weighted,torin-1,TORIN1,4,2,2,0.011070234113712364,0.3181772575250836,-0.3478260869565217,0.24,0.1252173913043478,none,tested,560.0,0.0001999600079984003,0.0003439312137572485,5000,shared row-label permutation of full sensitivity matrix across all drugs/trajectories,6,6,2,0,0,1,0.02212374581939799,471.0,True,top100_weighted;top100_rank;top250_weighted;top250_rank;top500_weighted;top500_rank,False
PRISM,250,weighted,torin-2,TORIN2,4,1,1,-0.18538461538461537,0.2834615384615385,-0.36615384615384616,0.13538461538461538,-0.07999999999999999,none,tested,1245.0,0.03459308138372325,0.05630351341209169,5000,shared row-label permutation of full sensitivity matrix across all drugs/trajectories,6,3,1,0,0,0,-0.035192307692307696,732.5,False,top100_weighted;top100_rank;top250_weighted;top250_rank;top500_weighted;top500_rank,False
PRISM,250,weighted,tosedostat,TOSEDOSTAT,4,2,1,0.024505494505494503,0.17777167277167275,-0.30666666666666664,0.11452991452991453,-0.023809523809523808,none,tested,484.0,0.8294341131773645,0.858412789491791,5000,shared row-label permutation of full sensitivity matrix across all drugs/trajectories,6,6,4,0,0,0,0.02815018315018315,467.0,True,top100_weighted;top100_rank;top250_weighted;top250_rank;top500_weighted;top500_rank,False
PRISM,250,weighted,tozasertib,TOZASERTIB,4,2,1,0.019429274283001223,0.19738848286227373,-0.3865486276227191,0.197924802594116,-0.014750809255708755,none,tested,511.0,0.8548290341931614,0.8792338754471328,5000,shared row-label permutation of full sensitivity matrix across all drugs/trajectories,6,2,0,0,0,0,-0.05441778583399304,816.5,False,top100_weighted;top100_rank;top250_weighted;top250_rank;top500_weighted;top500_rank,False
PRISM,250,weighted,trametinib,TRAMETINIB,4,2,1,0.0776159594087653,0.327917464906263,-0.23362058566928037,0.33859547438411125,-0.04562634051984477,none,tested,290.0,0.488502299540092,0.5315702573770961,5000,shared row-label permutation of full sensitivity matrix across all drugs/trajectories,6,5,2,0,0,0,0.05154288904019381,382.5,True,top100_weighted;top100_rank;top250_weighted;top250_rank;top500_weighted;top500_rank,False
PRISM,250,weighted,tranilast,TRANILAST,4,3,2,0.08705128205128204,0.08019230769230769,-0.16923076923076924,0.11384615384615385,0.08076923076923077,none,tested,256.0,0.07098580283943211,0.09960428966838211,5000,shared row-label permutation of full sensitivity matrix across all drugs/trajectories,6,6,6,0,0,2,0.08910256410256409,231.0,True,top100_weighted;top100_rank;top250_weighted;top250_rank;top500_weighted;top500_rank,True
PRISM,250,weighted,trans-4-Hydroxycrotonic-acid,TRANS4HYDROXYCROTONICACID,4,1,1,-0.0391699604743083,0.10146245059288538,-0.21343873517786563,0.11913043478260868,-0.02695652173913043,none,tested,766.0,0.0001999600079984003,0.0003439312137572485,5000,shared row-label permutation of full sensitivity matrix across all drugs/trajectories,6,2,0,0,0,0,-0.010326086956521738,615.5,False,top100_weighted;top100_rank;top250_weighted;top250_rank;top500_weighted;top500_rank,False
PRISM,250,weighted,tremorine,TREMORINE,4,2,1,0.062987012987013,0.3515245623941276,-0.22987012987012984,0.5177865612648223,-0.04675324675324675,none,tested,337.0,0.0001999600079984003,0.0003439312137572485,5000,shared row-label permutation of full sensitivity matrix across all drugs/trajectories,6,3,0,0,0,0,-0.0032467532467532496,598.0,False,top100_weighted;top100_rank;top250_weighted;top250_rank;top500_weighted;top500_rank,False
PRISM,250,weighted,trequinsin,TREQUINSIN,4,2,1,0.0767193675889328,0.26832015810276677,-0.13043478260869565,0.25296442687747034,-0.03826086956521739,none,tested,294.0,0.0001999600079984003,0.0003439312137572485,5000,shared row-label permutation of full sensitivity matrix across all drugs/trajectories,6,6,0,0,0,0,0.05508893280632412,346.5,True,top100_weighted;top100_rank;top250_weighted;top250_rank;top500_weighted;top500_rank,False
PRISM,250,weighted,triamcinolone,TRIAMCINOLONE,4,3,2,0.07262541806020067,0.07567725752508361,-0.02608695652173913,0.27391304347826084,0.07307692307692308,none,tested,304.0,0.0001999600079984003,0.0003439312137572485,5000,shared row-label permutation of full sensitivity matrix across all drugs/trajectories,6,3,3,0,0,0,0.024172240802675583,483.5,False,top100_weighted;top100_rank;top250_weighted;top250_rank;top500_weighted;top500_rank,False
PRISM,250,weighted,triamterene,TRIAMTERENE,4,1,1,-0.24166666666666667,0.16865384615384615,-0.33692307692307694,0.12,-0.2053846153846154,none,tested,1308.0,0.022195560887822437,0.03745149704236368,5000,shared row-label permutation of full sensitivity matrix across all drugs/trajectories,6,0,0,0,0,0,-0.17903846153846154,1245.0,False,top100_weighted;top100_rank;top250_weighted;top250_rank;top500_weighted;top500_rank,False
PRISM,250,weighted,triapine,TRIAPINE,4,2,2,0.07461538461538461,0.255042735042735,-0.23076923076923078,0.18017094017094015,0.17615384615384613,none,tested,300.0,0.07598480303939212,0.10420549634928981,5000,shared row-label permutation of full sensitivity matrix across all drugs/trajectories,6,4,0,0,0,0,0.03173076923076923,422.0,True,top100_weighted;top100_rank;top250_weighted;top250_rank;top500_weighted;top500_rank,False
PRISM,250,weighted,trichostatin-a,TRICHOSTATINA,4,2,1,0.027964426877470357,0.20212450592885373,-0.25395256916996045,0.36067193675889325,-0.004347826086956522,none,tested,471.0,0.0001999600079984003,0.0003439312137572485,5000,shared row-label permutation of full sensitivity matrix across all drugs/trajectories,6,2,0,0,0,0,-0.013418972332015805,622.5,False,top100_weighted;top100_rank;top250_weighted;top250_rank;top500_weighted;top500_rank,False
PRISM,250,weighted,triciribine,TRICIRIBINE,4,2,1,0.033846153846153845,0.2551495726495726,-0.27,0.3121367521367521,-0.03923076923076923,none,tested,445.0,0.09218156368726255,0.1180384480260528,5000,shared row-label permutation of full sensitivity matrix across all drugs/trajectories,6,6,2,0,0,0,0.025384615384615384,473.0,True,top100_weighted;top100_rank;top250_weighted;top250_rank;top500_weighted;top500_rank,False
PRISM,250,weighted,triclabendazole,TRICLABENDAZOLE,4,3,3,0.11499999999999999,0.11025641025641025,-0.14692307692307693,0.16717948717948716,0.13615384615384615,TierB_moderate_candidate,tested,180.0,0.05558888222355529,0.08449256556898427,5000,shared row-label permutation of full sensitivity matrix across all drugs/trajectories,6,4,2,0,0,2,0.022264957264957273,464.0,True,top100_weighted;top100_rank;top250_weighted;top250_rank;top500_weighted;top500_rank,False
PRISM,250,weighted,trifluridine,TRIFLURIDINE,4,1,1,-0.25405372405372406,0.2660989010989011,-0.4092307692307692,0.20410256410256405,-0.17887667887667885,none,tested,1311.0,0.01919616076784643,0.032596792743362156,5000,shared row-label permutation of full sensitivity matrix across all drugs/trajectories,6,0,0,0,0,0,-0.2545115995115995,1305.5,False,top100_weighted;top100_rank;top250_weighted;top250_rank;top500_weighted;top500_rank,False
PRISM,250,weighted,trimebutine,TRIMEBUTINE,4,3,3,0.05095990965556184,0.17892433653303222,-0.29983060417843027,0.23546019198193116,0.08102766798418974,none,tested,372.0,0.0001999600079984003,0.0003439312137572485,5000,shared row-label permutation of full sensitivity matrix across all drugs/trajectories,6,3,3,0,0,0,-0.005717108977978546,596.5,False,top100_weighted;top100_rank;top250_weighted;top250_rank;top500_weighted;top500_rank,False
PRISM,250,weighted,triptolide,TRIPTOLIDE,4,3,3,0.06772727272727272,0.21547430830039527,-0.3764822134387352,0.15612648221343872,0.1226086956521739,none,tested,318.0,0.0001999600079984003,0.0003439312137572485,5000,shared row-label permutation of full sensitivity matrix across all drugs/trajectories,6,2,2,0,0,0,-0.03287549407114624,719.0,False,top100_weighted;top100_rank;top250_weighted;top250_rank;top500_weighted;top500_rank,False
PRISM,250,weighted,trometamol,TROMETAMOL,4,0,0,-0.17687747035573123,0.13399209486166008,-0.25130434782608696,-0.029565217391304344,-0.22924901185770752,none,tested,1228.0,0.0001999600079984003,0.0003439312137572485,5000,shared row-label permutation of full sensitivity matrix across all drugs/trajectories,6,0,0,0,0,0,-0.125,1102.5,False,top100_weighted;top100_rank;top250_weighted;top250_rank;top500_weighted;top500_rank,False
PRISM,250,weighted,tropisetron,TROPISETRON,4,1,1,-0.10820158102766798,0.07765810276679844,-0.13438735177865613,0.08434782608695651,-0.09288537549407114,none,tested,1042.0,0.0001999600079984003,0.0003439312137572485,5000,shared row-label permutation of full sensitivity matrix across all drugs/trajectories,6,2,1,0,0,0,-0.043725296442687744,792.5,False,top100_weighted;top100_rank;top250_weighted;top250_rank;top500_weighted;top500_rank,False
PRISM,250,weighted,trovafloxacin,TROVAFLOXACIN,4,2,2,-0.0014822134387351693,0.20366318464144553,-0.2049689440993789,0.16205533596837948,0.07312252964426878,none,tested,627.0,0.0001999600079984003,0.0003439312137572485,5000,shared row-label permutation of full sensitivity matrix across all drugs/trajectories,6,4,4,0,0,3,0.09285008469791078,215.0,True,top100_weighted;top100_rank;top250_weighted;top250_rank;top500_weighted;top500_rank,False
PRISM,250,weighted,tryptanthrin,TRYPTANTHRIN,4,2,2,-0.057307692307692296,0.22446581196581197,-0.19863247863247863,0.2030769230769231,0.025384615384615387,none,tested,849.0,0.08138372325534893,0.10870190691320654,5000,shared row-label permutation of full sensitivity matrix across all drugs/trajectories,6,1,0,0,0,0,-0.02653846153846154,696.0,False,top100_weighted;top100_rank;top250_weighted;top250_rank;top500_weighted;top500_rank,False
PRISM,250,weighted,tucatinib,TUCATINIB,4,4,3,0.09576923076923077,0.07854700854700854,0.07153846153846154,0.24034188034188034,0.12,none,tested,237.0,0.06678664267146571,0.09624496722277166,5000,shared row-label permutation of full sensitivity matrix across all drugs/trajectories,6,6,5,1,4,4,0.1475,73.0,True,top100_weighted;top100_rank;top250_weighted;top250_rank;top500_weighted;top500_rank,True
PRISM,250,weighted,tyrphostin-A9,TYRPHOSTINA9,4,3,3,0.14464882943143811,0.09650501672240801,-0.1226086956521739,0.2078260869565217,0.15391304347826085,TierB_moderate_candidate,tested,121.0,0.0001999600079984003,0.0003439312137572485,5000,shared row-label permutation of full sensitivity matrix across all drugs/trajectories,6,4,3,0,0,2,0.056479933110367884,382.0,True,top100_weighted;top100_rank;top250_weighted;top250_rank;top500_weighted;top500_rank,False
PRISM,250,weighted,tyrphostin-AG-1296,TYRPHOSTINAG1296,4,1,1,-0.07293233082706765,0.14716336295283663,-0.15194805194805194,0.05324675324675325,-0.009022556390977442,none,tested,908.0,0.0001999600079984003,0.0003439312137572485,5000,shared row-label permutation of full sensitivity matrix across all drugs/trajectories,6,0,0,0,0,0,-0.057518796992481205,840.5,False,top100_weighted;top100_rank;top250_weighted;top250_rank;top500_weighted;top500_rank,False
PRISM,250,weighted,tyrphostin-AG-1478,TYRPHOSTINAG1478,4,0,0,-0.1139072039072039,0.06641636141636141,-0.1623931623931624,-0.04478632478632478,-0.13858363858363856,none,tested,1070.0,0.28894221155768846,0.3272387153835163,5000,shared row-label permutation of full sensitivity matrix across all drugs/trajectories,6,0,0,0,0,0,-0.1466910866910867,1192.5,False,top100_weighted;top100_rank;top250_weighted;top250_rank;top500_weighted;top500_rank,False
PRISM,250,weighted,tyrphostin-AG-494,TYRPHOSTINAG494,4,1,0,-0.056747600225861096,0.056874647092038405,-0.18441558441558442,0.014285714285714285,-0.06154714850367025,none,tested,848.0,0.0001999600079984003,0.0003439312137572485,5000,shared row-label permutation of full sensitivity matrix across all drugs/trajectories,6,1,0,0,0,0,-0.01909937888198758,669.0,False,top100_weighted;top100_rank;top250_weighted;top250_rank;top500_weighted;top500_rank,False
PRISM,250,weighted,tyrphostin-AG-99,TYRPHOSTINAG99,4,3,2,0.24142857142857138,0.15735653235653235,-0.08854700854700855,0.3374358974358974,0.2075213675213675,TierA_strong_collateral,tested,14.0,0.023395320935812838,0.03937621566595772,5000,shared row-label permutation of full sensitivity matrix across all drugs/trajectories,6,6,4,1,2,2,0.05817460317460317,320.5,True,top100_weighted;top100_rank;top250_weighted;top250_rank;top500_weighted;top500_rank,True
PRISM,250,weighted,uprosertib,UPROSERTIB,4,0,0,-0.20871728003199835,0.11242629563109818,-0.2820343434634368,-0.027493370839094398,-0.17618991171532328,none,tested,1286.0,0.02559488102379524,0.04302392989245782,5000,shared row-label permutation of full sensitivity matrix across all drugs/trajectories,6,0,0,0,0,0,-0.190323827710069,1240.5,False,top100_weighted;top100_rank;top250_weighted;top250_rank;top500_weighted;top500_rank,False
PRISM,250,weighted,uracil,URACIL,4,3,3,0.12463210702341136,0.09870401337792639,-0.1826086956521739,0.19826086956521738,0.1269565217391304,TierB_moderate_candidate,tested,158.0,0.0001999600079984003,0.0003439312137572485,5000,shared row-label permutation of full sensitivity matrix across all drugs/trajectories,6,6,6,3,3,6,0.14975752508361204,98.5,True,top100_weighted;top100_rank;top250_weighted;top250_rank;top500_weighted;top500_rank,True
PRISM,250,weighted,uric-acid,URICACID,4,1,1,-0.20440429136081312,0.1209768492377188,-0.2845849802371542,0.18238283455674761,-0.20158102766798422,none,tested,1282.0,0.0001999600079984003,0.0003439312137572485,5000,shared row-label permutation of full sensitivity matrix across all drugs/trajectories,6,0,0,0,0,0,-0.18944099378881987,1236.5,False,top100_weighted;top100_rank;top250_weighted;top250_rank;top500_weighted;top500_rank,False
PRISM,250,weighted,uridine,URIDINE,4,1,1,-0.14434782608695648,0.16307692307692306,-0.2323076923076923,0.17478260869565218,-0.18521739130434778,none,tested,1164.0,0.0001999600079984003,0.0003439312137572485,5000,shared row-label permutation of full sensitivity matrix across all drugs/trajectories,6,1,1,0,0,0,-0.043135451505016714,772.0,False,top100_weighted;top100_rank;top250_weighted;top250_rank;top500_weighted;top500_rank,False
PRISM,250,weighted,usniacin-(+),USNIACIN,4,0,0,-0.08653846153846154,0.13553418803418804,-0.20136752136752134,-0.016923076923076923,-0.14615384615384616,none,tested,964.0,0.06978604279144171,0.09885738048989565,5000,shared row-label permutation of full sensitivity matrix across all drugs/trajectories,6,1,0,0,0,0,-0.037756410256410244,756.0,False,top100_weighted;top100_rank;top250_weighted;top250_rank;top500_weighted;top500_rank,False
PRISM,250,weighted,valnemulin,VALNEMULIN,4,3,3,0.06328449328449327,0.21755189255189256,-0.2492307692307692,0.28888888888888886,0.11863247863247862,none,tested,335.0,0.5502899420115976,0.5915616876624675,5000,shared row-label permutation of full sensitivity matrix across all drugs/trajectories,6,4,3,1,1,1,0.03167887667887667,433.5,True,top100_weighted;top100_rank;top250_weighted;top250_rank;top500_weighted;top500_rank,False
PRISM,250,weighted,valrubicin,VALRUBICIN,4,1,1,-0.12921855921855918,0.2239499389499389,-0.2834188034188034,0.0605128205128205,-0.03724053724053724,none,tested,1118.0,0.23555288942211558,0.26791126416354955,5000,shared row-label permutation of full sensitivity matrix across all drugs/trajectories,6,0,0,0,0,0,-0.06376068376068376,895.5,False,top100_weighted;top100_rank;top250_weighted;top250_rank;top500_weighted;top500_rank,False
PRISM,250,weighted,vandetanib,VANDETANIB,4,2,2,0.03233076620190617,0.1810978379773403,-0.1183168465261247,0.25318763173264364,0.09114524514367164,none,tested,450.0,0.7710457908418317,0.8061208150526757,5000,shared row-label permutation of full sensitivity matrix across all drugs/trajectories,6,3,1,0,0,0,-0.011866079084742158,656.0,False,top100_weighted;top100_rank;top250_weighted;top250_rank;top500_weighted;top500_rank,False
PRISM,250,weighted,vanoxerine,VANOXERINE,4,0,0,-0.19858974358974357,0.053846153846153794,-0.22923076923076924,-0.08384615384615385,-0.21025641025641023,none,tested,1274.0,0.030193961207758448,0.05018522480042645,5000,shared row-label permutation of full sensitivity matrix across all drugs/trajectories,6,0,0,0,0,0,-0.1133974358974359,1071.5,False,top100_weighted;top100_rank;top250_weighted;top250_rank;top500_weighted;top500_rank,False
PRISM,250,weighted,vatalanib,VATALANIB,4,1,0,-0.08687747035573122,0.2535869565217391,-0.5345849802371541,0.12450592885375496,-0.14608695652173911,none,tested,965.0,0.0001999600079984003,0.0003439312137572485,5000,shared row-label permutation of full sensitivity matrix across all drugs/trajectories,6,0,0,0,0,0,-0.12748023715415016,1101.0,False,top100_weighted;top100_rank;top250_weighted;top250_rank;top500_weighted;top500_rank,False
PRISM,250,weighted,vemurafenib,VEMURAFENIB,4,0,0,-0.21158943780829284,0.24600089574840733,-0.38926512785328443,-0.012917318144010334,-0.312865400022352,none,tested,1288.0,0.041991601679664065,0.06703569465747569,5000,shared row-label permutation of full sensitivity matrix across all drugs/trajectories,6,0,0,0,0,0,-0.15758500466641084,1180.5,False,top100_weighted;top100_rank;top250_weighted;top250_rank;top500_weighted;top500_rank,False
PRISM,250,weighted,venetoclax,VENETOCLAX,4,4,3,0.12184173060161099,0.08509596735664979,0.07246116440821622,0.2662160170649683,0.14627990006325217,TierB_moderate_candidate,tested,163.0,0.05538892221555689,0.0843810666438141,5000,shared row-label permutation of full sensitivity matrix across all drugs/trajectories,6,4,3,0,0,2,0.042917368091933465,404.5,True,top100_weighted;top100_rank;top250_weighted;top250_rank;top500_weighted;top500_rank,False
PRISM,250,weighted,verubulin,VERUBULIN,4,3,3,0.035555555555555556,0.20525641025641028,-0.36076923076923073,0.37615384615384617,0.04957264957264957,none,tested,438.0,0.09278144371125775,0.11835183202593931,5000,shared row-label permutation of full sensitivity matrix across all drugs/trajectories,6,3,2,0,0,0,-0.02655982905982905,694.0,False,top100_weighted;top100_rank;top250_weighted;top250_rank;top500_weighted;top500_rank,False
PRISM,250,weighted,vidarabine,VIDARABINE,4,3,2,0.07638795986622073,0.14719063545150501,-0.3756521739130434,0.09913043478260869,0.09538461538461537,none,tested,295.0,0.0001999600079984003,0.0003439312137572485,5000,shared row-label permutation of full sensitivity matrix across all drugs/trajectories,6,6,3,0,0,1,0.05742474916387959,343.0,True,top100_weighted;top100_rank;top250_weighted;top250_rank;top500_weighted;top500_rank,False
PRISM,250,weighted,vinblastine,VINBLASTINE,4,2,2,-0.014966555183946482,0.3074498327759197,-0.2217391304347826,0.23478260869565212,0.11391304347826085,none,tested,693.0,0.0001999600079984003,0.0003439312137572485,5000,shared row-label permutation of full sensitivity matrix across all drugs/trajectories,6,1,0,0,0,0,-0.018444816053511705,692.0,False,top100_weighted;top100_rank;top250_weighted;top250_rank;top500_weighted;top500_rank,False
PRISM,250,weighted,vincamine,VINCAMINE,4,3,3,0.16376068376068376,0.18235042735042734,-0.3962393162393162,0.2264957264957265,0.18153846153846154,TierA_strong_collateral,tested,88.0,0.12577484503099381,0.1477161836355196,5000,shared row-label permutation of full sensitivity matrix across all drugs/trajectories,6,6,6,1,3,4,0.12336996336996336,141.5,True,top100_weighted;top100_rank;top250_weighted;top250_rank;top500_weighted;top500_rank,False
PRISM,250,weighted,vincristine,VINCRISTINE,4,3,3,0.09824786324786325,0.23262820512820512,-0.39,0.28538461538461535,0.14076923076923076,none,tested,228.0,0.06778644271145771,0.09736996566204001,5000,shared row-label permutation of full sensitivity matrix across all drugs/trajectories,6,3,3,0,0,1,0.04254273504273505,417.0,False,top100_weighted;top100_rank;top250_weighted;top250_rank;top500_weighted;top500_rank,False
PRISM,250,weighted,vindesine,VINDESINE,4,2,2,-0.0018376068376068366,0.26987179487179486,-0.3038461538461538,0.20615384615384616,0.09307692307692307,none,tested,628.0,0.10937812437512498,0.13006337180378374,5000,shared row-label permutation of full sensitivity matrix across all drugs/trajectories,6,1,1,0,0,0,-0.03645299145299145,753.5,False,top100_weighted;top100_rank;top250_weighted;top250_rank;top500_weighted;top500_rank,False
PRISM,250,weighted,vinflunine,VINFLUNINE,4,2,2,-0.0329059829059829,0.26166666666666666,-0.21307692307692308,0.2946153846153846,0.05692307692307692,none,tested,749.0,0.09658068386322735,0.12145476565064346,5000,shared row-label permutation of full sensitivity matrix across all drugs/trajectories,6,1,0,0,0,0,-0.08596153846153845,942.5,False,top100_weighted;top100_rank;top250_weighted;top250_rank;top500_weighted;top500_rank,False
PRISM,250,weighted,vinorelbine,VINORELBINE,4,3,3,0.10249084249084248,0.29617826617826615,-0.4092307692307692,0.21914529914529915,0.1952136752136752,TierB_moderate_candidate,tested,214.0,0.3369326134773045,0.37584198641443256,5000,shared row-label permutation of full sensitivity matrix across all drugs/trajectories,6,4,2,0,0,0,0.03800976800976801,415.5,True,top100_weighted;top100_rank;top250_weighted;top250_rank;top500_weighted;top500_rank,False
PRISM,250,weighted,vismodegib,VISMODEGIB,4,3,3,0.10399261024861836,0.13391798850783984,-0.029260678238378197,0.3183831161696962,0.1353306368524992,TierB_moderate_candidate,tested,210.0,0.0001999600079984003,0.0003439312137572485,5000,shared row-label permutation of full sensitivity matrix across all drugs/trajectories,6,6,6,0,0,1,0.07487695586866568,253.0,True,top100_weighted;top100_rank;top250_weighted;top250_rank;top500_weighted;top500_rank,True
PRISM,250,weighted,volasertib,VOLASERTIB,4,1,1,-0.10314285433770223,0.10103336403889235,-0.18970952110882824,0.20549005993524075,-0.10165387515245217,none,tested,1025.0,0.3379324135172965,0.37664206289176944,5000,shared row-label permutation of full sensitivity matrix across all drugs/trajectories,6,0,0,0,0,0,-0.23214405980587544,1290.0,False,top100_weighted;top100_rank;top250_weighted;top250_rank;top500_weighted;top500_rank,False
PRISM,250,weighted,voreloxin,VORELOXIN,4,1,1,-0.2,0.14326923076923082,-0.26692307692307693,0.12153846153846154,-0.1692307692307692,none,tested,1280.0,0.02959408118376325,0.04937285383974519,5000,shared row-label permutation of full sensitivity matrix across all drugs/trajectories,6,0,0,0,0,0,-0.19884615384615384,1267.0,False,top100_weighted;top100_rank;top250_weighted;top250_rank;top500_weighted;top500_rank,False
PRISM,250,weighted,vorinostat,VORINOSTAT,4,2,1,-0.07100746614178935,0.2701848078926744,-0.22817772730245192,0.2343913416616715,-0.17403582657621836,none,tested,902.0,0.5176964607078585,0.560137485489915,5000,shared row-label permutation of full sensitivity matrix across all drugs/trajectories,6,0,0,0,0,0,-0.092210655130684,960.5,False,top100_weighted;top100_rank;top250_weighted;top250_rank;top500_weighted;top500_rank,False
PRISM,250,weighted,voxtalisib,VOXTALISIB,4,2,2,-0.0021739130434782553,0.23874581939799328,-0.30347826086956514,0.15846153846153843,0.08,none,tested,630.0,0.0001999600079984003,0.0003439312137572485,5000,shared row-label permutation of full sensitivity matrix across all drugs/trajectories,6,2,0,0,0,0,-0.014715719063545147,652.5,False,top100_weighted;top100_rank;top250_weighted;top250_rank;top500_weighted;top500_rank,False
PRISM,250,weighted,xanomeline,XANOMELINE,4,0,0,-0.16213675213675213,0.0784188034188034,-0.21025641025641023,-0.026324786324786322,-0.14051282051282052,none,tested,1196.0,0.13437312537492502,0.1569845540094435,5000,shared row-label permutation of full sensitivity matrix across all drugs/trajectories,6,0,0,0,0,0,-0.16354700854700854,1195.0,False,top100_weighted;top100_rank;top250_weighted;top250_rank;top500_weighted;top500_rank,False
PRISM,250,weighted,xilobam,XILOBAM,4,1,1,-0.29249011857707513,0.23885375494071143,-0.37043478260869556,0.12252964426877472,-0.3695652173913044,none,tested,1323.0,0.0001999600079984003,0.0003439312137572485,5000,shared row-label permutation of full sensitivity matrix across all drugs/trajectories,6,0,0,0,0,0,-0.2809189723320158,1320.5,False,top100_weighted;top100_rank;top250_weighted;top250_rank;top500_weighted;top500_rank,False
PRISM,250,weighted,xylazine,XYLAZINE,4,3,3,0.19217391304347825,0.34041501976284577,-0.21739130434782608,0.3616600790513834,0.32260869565217387,TierA_strong_collateral,tested,53.0,0.0001999600079984003,0.0003439312137572485,5000,shared row-label permutation of full sensitivity matrix across all drugs/trajectories,6,6,4,1,4,5,0.1676086956521739,75.0,True,top100_weighted;top100_rank;top250_weighted;top250_rank;top500_weighted;top500_rank,True
PRISM,250,weighted,zaldaride,ZALDARIDE,4,3,3,0.10730769230769231,0.23032051282051283,-0.10461538461538461,0.26974358974358975,0.19846153846153847,TierB_moderate_candidate,tested,197.0,0.060387922415516895,0.0893419540287281,5000,shared row-label permutation of full sensitivity matrix across all drugs/trajectories,6,5,3,0,0,2,0.045,387.0,True,top100_weighted;top100_rank;top250_weighted;top250_rank;top500_weighted;top500_rank,False
PRISM,250,weighted,zardaverine,ZARDAVERINE,4,1,1,-0.04695652173913043,0.08088628762541807,-0.06615384615384615,0.24695652173913044,-0.04521739130434782,none,tested,800.0,0.0001999600079984003,0.0003439312137572485,5000,shared row-label permutation of full sensitivity matrix across all drugs/trajectories,6,2,2,0,0,0,-0.03739130434782608,746.5,False,top100_weighted;top100_rank;top250_weighted;top250_rank;top500_weighted;top500_rank,False
PRISM,250,weighted,ziprasidone,ZIPRASIDONE,4,1,0,-0.12408243929983062,0.07393421795595709,-0.1492094861660079,0.14398644833427443,-0.12450592885375496,none,tested,1097.0,0.0001999600079984003,0.0003439312137572485,5000,shared row-label permutation of full sensitivity matrix across all drugs/trajectories,6,1,1,0,0,0,-0.11451863354037269,1068.5,False,top100_weighted;top100_rank;top250_weighted;top250_rank;top500_weighted;top500_rank,False
PRISM,250,weighted,zolmitriptan,ZOLMITRIPTAN,4,3,3,0.021868131868131867,0.10446275946275946,-0.2594871794871795,0.14803418803418802,0.02358974358974359,none,tested,494.0,0.8434313137372526,0.87087059737549,5000,shared row-label permutation of full sensitivity matrix across all drugs/trajectories,6,1,1,0,0,0,-0.046868131868131865,787.5,False,top100_weighted;top100_rank;top250_weighted;top250_rank;top500_weighted;top500_rank,False
PRISM,250,weighted,2'-MeCCPA,2MECCPA,4,2,2,-0.003520164046479836,0.14960697197539302,-0.5293233082706766,0.009022556390977442,0.006493506493506493,none,tested,639.0,0.0001999600079984003,0.0003439312137572485,5000,shared row-label permutation of full sensitivity matrix across all drugs/trajectories,6,0,0,0,0,0,-0.04789815447710184,796.5,False,top100_weighted;top100_rank;top250_weighted;top250_rank;top500_weighted;top500_rank,False
PRISM,250,weighted,AZD1480,AZD1480,4,3,3,0.11801242236024846,0.09394409937888198,-0.01818181818181818,0.22207792207792207,0.14059853190287974,TierB_moderate_candidate,tested,174.0,0.0001999600079984003,0.0003439312137572485,5000,shared row-label permutation of full sensitivity matrix across all drugs/trajectories,6,4,4,0,0,1,0.04241953698475438,398.0,True,top100_weighted;top100_rank;top250_weighted;top250_rank;top500_weighted;top500_rank,True
PRISM,250,weighted,BAY-11-7085,BAY117085,4,2,2,0.04128458498023717,0.2940513833992095,-0.3221343873517787,0.2776679841897233,0.1373517786561265,none,tested,418.0,0.0001999600079984003,0.0003439312137572485,5000,shared row-label permutation of full sensitivity matrix across all drugs/trajectories,6,6,4,0,0,0,0.0757213438735178,278.0,True,top100_weighted;top100_rank;top250_weighted;top250_rank;top500_weighted;top500_rank,False
PRISM,250,weighted,CL-218872,CL218872,4,2,2,-0.01360218728639781,0.40240943267259055,-0.26917293233082706,0.45584415584415583,0.13383458646616542,none,tested,682.0,0.0001999600079984003,0.0003439312137572485,5000,shared row-label permutation of full sensitivity matrix across all drugs/trajectories,6,5,0,0,0,0,0.05823650034176348,324.0,True,top100_weighted;top100_rank;top250_weighted;top250_rank;top500_weighted;top500_rank,False
PRISM,250,weighted,GS-39783,GS39783,4,1,1,-0.05533596837944664,0.1470214568040655,-0.189158667419537,0.26679841897233203,-0.033314511575381144,none,tested,836.0,0.0001999600079984003,0.0003439312137572485,5000,shared row-label permutation of full sensitivity matrix across all drugs/trajectories,6,1,0,0,0,0,-0.013269339356295883,646.5,False,top100_weighted;top100_rank;top250_weighted;top250_rank;top500_weighted;top500_rank,False
PRISM,250,weighted,GS-9973,GS9973,4,2,2,-0.03416149068322982,0.21379164313946925,-0.12450592885375496,0.383399209486166,0.023715415019762844,none,tested,752.0,0.0001999600079984003,0.0003439312137572485,5000,shared row-label permutation of full sensitivity matrix across all drugs/trajectories,6,5,4,2,3,3,0.10671936758893281,176.5,True,top100_weighted;top100_rank;top250_weighted;top250_rank;top500_weighted;top500_rank,False
PRISM,250,weighted,GW-441756,GW441756,4,2,2,0.04150197628458499,0.24434782608695654,-0.23826086956521736,0.24110671936758896,0.12450592885375496,none,tested,416.0,0.0001999600079984003,0.0003439312137572485,5000,shared row-label permutation of full sensitivity matrix across all drugs/trajectories,6,6,1,0,0,1,0.04761857707509882,354.5,True,top100_weighted;top100_rank;top250_weighted;top250_rank;top500_weighted;top500_rank,False
PRISM,250,weighted,NVP-AEW541,NVPAEW541,4,2,2,0.11872909698996652,0.4535284280936454,-0.12,0.4495652173913043,0.32615384615384607,none,tested,170.0,0.0001999600079984003,0.0003439312137572485,5000,shared row-label permutation of full sensitivity matrix across all drugs/trajectories,6,3,0,0,0,2,0.0033862876254180663,554.0,False,top100_weighted;top100_rank;top250_weighted;top250_rank;top500_weighted;top500_rank,False
PRISM,250,weighted,NVP-BVU972,NVPBVU972,4,2,1,-0.03547008547008547,0.1860897435897436,-0.30923076923076925,0.04692307692307692,-0.10017094017094016,none,tested,760.0,0.09818036392721456,0.12254159654960395,5000,shared row-label permutation of full sensitivity matrix across all drugs/trajectories,6,1,1,0,0,0,-0.05049145299145299,815.5,False,top100_weighted;top100_rank;top250_weighted;top250_rank;top500_weighted;top500_rank,False
PRISM,250,weighted,PF-4981517,PF4981517,4,3,2,0.016103678929765886,0.12519230769230766,-0.3678260869565217,0.11478260869565216,0.013076923076923076,none,tested,533.0,0.0001999600079984003,0.0003439312137572485,5000,shared row-label permutation of full sensitivity matrix across all drugs/trajectories,6,2,1,0,0,0,-0.025501672240802676,691.5,False,top100_weighted;top100_rank;top250_weighted;top250_rank;top500_weighted;top500_rank,False
PRISM,250,weighted,PQ-401,PQ401,4,1,1,-0.06352343308865048,0.16149068322981366,-0.3630717108977979,0.04743083003952569,-0.02428006775832863,none,tested,872.0,0.0001999600079984003,0.0003439312137572485,5000,shared row-label permutation of full sensitivity matrix across all drugs/trajectories,6,1,0,0,0,0,-0.0727343308865048,920.0,False,top100_weighted;top100_rank;top250_weighted;top250_rank;top500_weighted;top500_rank,False
PRISM,250,weighted,R406,R406,4,3,2,0.09434782608695651,0.14653010033444816,-0.19043478260869565,0.27307692307692305,0.07391304347826086,none,tested,243.0,0.0001999600079984003,0.0003439312137572485,5000,shared row-label permutation of full sensitivity matrix across all drugs/trajectories,6,3,2,0,0,0,-0.016011705685618733,667.0,False,top100_weighted;top100_rank;top250_weighted;top250_rank;top500_weighted;top500_rank,False
PRISM,250,weighted,S-methylcysteine,SMETHYLCYSTEINE,4,3,2,0.15560492139439508,0.17236842105263162,-0.13506493506493505,0.251948051948052,0.10519480519480517,TierA_strong_collateral,tested,103.0,0.0001999600079984003,0.0003439312137572485,5000,shared row-label permutation of full sensitivity matrix across all drugs/trajectories,6,6,5,0,1,4,0.09740259740259741,194.5,True,top100_weighted;top100_rank;top250_weighted;top250_rank;top500_weighted;top500_rank,True
PRISM,250,weighted,SMI-4a,SMI4A,4,2,2,-0.04976284584980237,0.1933893280632411,-0.23715415019762848,0.07608695652173912,0.02695652173913043,none,tested,812.0,0.0001999600079984003,0.0003439312137572485,5000,shared row-label permutation of full sensitivity matrix across all drugs/trajectories,6,2,2,1,1,1,-0.022727272727272724,675.0,False,top100_weighted;top100_rank;top250_weighted;top250_rank;top500_weighted;top500_rank,False
PRISM,250,weighted,SU014813,SU014813,4,1,1,-0.12998327759197323,0.2614966555183946,-0.35478260869565215,0.2295652173913043,-0.05304347826086955,none,tested,1121.0,0.0001999600079984003,0.0003439312137572485,5000,shared row-label permutation of full sensitivity matrix across all drugs/trajectories,6,0,0,0,0,0,-0.13520066889632104,1114.0,False,top100_weighted;top100_rank;top250_weighted;top250_rank;top500_weighted;top500_rank,False
PRISM,250,weighted,YM-976,YM976,4,1,1,-0.11017786561264822,0.0608102766798419,-0.17292490118577078,0.049565217391304345,-0.10671936758893281,none,tested,1057.0,0.0001999600079984003,0.0003439312137572485,5000,shared row-label permutation of full sensitivity matrix across all drugs/trajectories,6,0,0,0,0,0,-0.15807312252964426,1170.0,False,top100_weighted;top100_rank;top250_weighted;top250_rank;top500_weighted;top500_rank,False
PRISM,250,weighted,abiraterone-acetate,ABIRATERONEACETATE,4,2,2,-0.09624060150375939,0.2390293916609706,-0.2556390977443609,0.07792207792207792,0.007518796992481202,none,tested,1001.0,0.0001999600079984003,0.0003439312137572485,5000,shared row-label permutation of full sensitivity matrix across all drugs/trajectories,6,3,2,0,0,2,-0.009501025290498972,602.0,False,top100_weighted;top100_rank;top250_weighted;top250_rank;top500_weighted;top500_rank,False
PRISM,250,weighted,acetophenazine,ACETOPHENAZINE,4,2,2,0.0487012987012987,0.2715481886534518,-0.4015037593984962,0.3924812030075188,0.0974025974025974,none,tested,381.0,0.0001999600079984003,0.0003439312137572485,5000,shared row-label permutation of full sensitivity matrix across all drugs/trajectories,6,1,0,0,0,0,-0.0987012987012987,995.0,False,top100_weighted;top100_rank;top250_weighted;top250_rank;top500_weighted;top500_rank,False
PRISM,250,weighted,atenolol-(+/-),ATENOLOL,4,3,2,0.09220779220779221,0.27053924336533036,-0.11462450592885377,0.4922077922077922,0.012987012987012986,none,tested,248.0,0.0001999600079984003,0.0003439312137572485,5000,shared row-label permutation of full sensitivity matrix across all drugs/trajectories,6,3,3,0,0,1,-0.007792207792207795,624.5,False,top100_weighted;top100_rank;top250_weighted;top250_rank;top500_weighted;top500_rank,False
PRISM,250,weighted,bephenium-hydroxynaphthoate,BEPHENIUMHYDROXYNAPHTHOATE,4,0,0,-0.1271174477696217,0.06511151891586679,-0.3201581027667985,-0.09316770186335405,-0.1326933935629588,none,tested,1107.0,0.0001999600079984003,0.0003439312137572485,5000,shared row-label permutation of full sensitivity matrix across all drugs/trajectories,6,2,0,0,0,0,-0.06437041219649917,889.0,False,top100_weighted;top100_rank;top250_weighted;top250_rank;top500_weighted;top500_rank,False
PRISM,250,weighted,betulinic-acid,BETULINICACID,4,0,0,-0.1422924901185771,0.12202569169960473,-0.2974308300395257,-0.02869565217391304,-0.1057312252964427,none,tested,1160.0,0.0001999600079984003,0.0003439312137572485,5000,shared row-label permutation of full sensitivity matrix across all drugs/trajectories,6,0,0,0,0,0,-0.09425889328063242,994.5,False,top100_weighted;top100_rank;top250_weighted;top250_rank;top500_weighted;top500_rank,False
PRISM,250,weighted,busulfan,BUSULFAN,4,1,1,-0.10451127819548872,0.25859535201640466,-0.40129870129870127,0.4030075187969925,-0.14285714285714285,none,tested,1030.0,0.0001999600079984003,0.0003439312137572485,5000,shared row-label permutation of full sensitivity matrix across all drugs/trajectories,6,3,1,0,0,0,0.0011278195488721807,565.0,False,top100_weighted;top100_rank;top250_weighted;top250_rank;top500_weighted;top500_rank,False
PRISM,250,weighted,chlorhexidine,CHLORHEXIDINE,4,0,0,-0.13458646616541353,0.06655844155844157,-0.16691729323308271,-0.07662337662337662,-0.10526315789473684,none,tested,1131.0,0.0001999600079984003,0.0003439312137572485,5000,shared row-label permutation of full sensitivity matrix across all drugs/trajectories,6,0,0,0,0,0,-0.15856117566643882,1209.5,False,top100_weighted;top100_rank;top250_weighted;top250_rank;top500_weighted;top500_rank,False
PRISM,250,weighted,ciclesonide,CICLESONIDE,4,2,1,0.004887218045112781,0.22575187969924812,-0.5157894736842105,0.2721804511278195,-0.014285714285714285,none,tested,589.0,0.0001999600079984003,0.0003439312137572485,5000,shared row-label permutation of full sensitivity matrix across all drugs/trajectories,6,2,0,0,0,0,-0.039046479835953524,775.5,False,top100_weighted;top100_rank;top250_weighted;top250_rank;top500_weighted;top500_rank,False
PRISM,250,weighted,cinromide,CINROMIDE,4,2,1,-0.11067193675889328,0.3642363071710898,-0.48517786561264825,0.101072840203275,-0.25578769057029926,none,tested,1058.0,0.0001999600079984003,0.0003439312137572485,5000,shared row-label permutation of full sensitivity matrix across all drugs/trajectories,6,2,1,0,0,0,-0.03783173348390741,736.5,False,top100_weighted;top100_rank;top250_weighted;top250_rank;top500_weighted;top500_rank,False
PRISM,250,weighted,colchicine,COLCHICINE,4,1,1,-0.15112781954887217,0.25736500341763496,-0.3181818181818181,0.021052631578947364,-0.03609022556390977,none,tested,1178.0,0.0001999600079984003,0.0003439312137572485,5000,shared row-label permutation of full sensitivity matrix across all drugs/trajectories,6,0,0,0,0,0,-0.05256322624743677,830.0,False,top100_weighted;top100_rank;top250_weighted;top250_rank;top500_weighted;top500_rank,False
PRISM,250,weighted,etomoxir,ETOMOXIR,2,1,1,0.01654135338345864,0.06766917293233081,-0.051127819548872175,0.08421052631578946,0.08421052631578946,none,tested,532.0,0.0001999600079984003,0.0003439312137572485,5000,shared row-label permutation of full sensitivity matrix across all drugs/trajectories,6,4,0,3,3,3,0.09473684210526313,285.0,True,top100_weighted;top100_rank;top250_weighted;top250_rank;top500_weighted;top500_rank,False
PRISM,250,weighted,everolimus,EVEROLIMUS,4,1,1,-0.10440476549940034,0.23733257906307978,-0.3103465228271171,0.06056460727498383,-0.00800156780769731,none,tested,1029.0,0.0001999600079984003,0.0003439312137572485,5000,shared row-label permutation of full sensitivity matrix across all drugs/trajectories,6,0,0,0,0,0,-0.04649105070431293,800.0,False,top100_weighted;top100_rank;top250_weighted;top250_rank;top500_weighted;top500_rank,False
PRISM,250,weighted,forodesine,FORODESINE,4,2,2,-0.044046822742474914,0.18498327759197325,-0.19478260869565217,0.06173913043478261,0.03652173913043478,none,tested,791.0,0.0001999600079984003,0.0003439312137572485,5000,shared row-label permutation of full sensitivity matrix across all drugs/trajectories,6,3,1,0,0,0,0.003720735785953175,570.0,False,top100_weighted;top100_rank;top250_weighted;top250_rank;top500_weighted;top500_rank,False
PRISM,250,weighted,gidazepam,GIDAZEPAM,4,2,1,0.03324110671936759,0.21298418972332017,-0.3102766798418973,0.11264822134387352,-0.03826086956521739,none,tested,448.0,0.0001999600079984003,0.0003439312137572485,5000,shared row-label permutation of full sensitivity matrix across all drugs/trajectories,6,3,1,0,0,0,-0.023557312252964417,679.5,False,top100_weighted;top100_rank;top250_weighted;top250_rank;top500_weighted;top500_rank,False
PRISM,250,weighted,ilomastat,ILOMASTAT,4,1,1,-0.14568040654997177,0.23973037831733485,-0.33032185206098247,0.042490118577075096,-0.2433653303218521,none,tested,1168.0,0.0001999600079984003,0.0003439312137572485,5000,shared row-label permutation of full sensitivity matrix across all drugs/trajectories,6,3,1,0,0,0,-0.04817193675889329,762.5,False,top100_weighted;top100_rank;top250_weighted;top250_rank;top500_weighted;top500_rank,False
PRISM,250,weighted,iodipamide,IODIPAMIDE,4,1,1,-0.05609824957651045,0.06054488989271598,-0.12987012987012986,0.07961603613777528,-0.06154714850367025,none,tested,843.0,0.0001999600079984003,0.0003439312137572485,5000,shared row-label permutation of full sensitivity matrix across all drugs/trajectories,6,1,0,0,0,0,-0.0673348390739695,881.0,False,top100_weighted;top100_rank;top250_weighted;top250_rank;top500_weighted;top500_rank,False
PRISM,250,weighted,lanatoside-c,LANATOSIDEC,4,1,1,-0.09722222222222221,0.18333333333333332,-0.21384615384615382,0.3376923076923077,-0.1275213675213675,none,tested,1007.0,0.06958608278344332,0.09878407705040462,5000,shared row-label permutation of full sensitivity matrix across all drugs/trajectories,6,0,0,0,0,0,-0.08525641025641026,968.5,False,top100_weighted;top100_rank;top250_weighted;top250_rank;top500_weighted;top500_rank,False
PRISM,250,weighted,menadione,MENADIONE,4,3,3,0.035008469791078495,0.07017221908526255,-0.06753246753246753,0.16233766233766234,0.04347826086956522,none,tested,441.0,0.0001999600079984003,0.0003439312137572485,5000,shared row-label permutation of full sensitivity matrix across all drugs/trajectories,6,4,4,0,0,1,0.03407679277244495,432.0,True,top100_weighted;top100_rank;top250_weighted;top250_rank;top500_weighted;top500_rank,True
PRISM,250,weighted,methylphenidate,METHYLPHENIDATE,4,3,3,0.15647157190635452,0.25616220735785955,-0.1973913043478261,0.25304347826086954,0.25217391304347825,TierA_strong_collateral,tested,102.0,0.0001999600079984003,0.0003439312137572485,5000,shared row-label permutation of full sensitivity matrix across all drugs/trajectories,6,6,6,3,4,6,0.1742809364548495,50.0,True,top100_weighted;top100_rank;top250_weighted;top250_rank;top500_weighted;top500_rank,True
PRISM,250,weighted,naproxen,NAPROXEN,4,2,2,0.20543403964456594,0.5334586466165413,-0.16493506493506493,0.4947368421052631,0.45112781954887216,TierC_subtype_candidate,tested,37.0,0.0001999600079984003,0.0003439312137572485,5000,shared row-label permutation of full sensitivity matrix across all drugs/trajectories,6,3,1,2,3,3,0.07910116199589884,377.5,False,top100_weighted;top100_rank;top250_weighted;top250_rank;top500_weighted;top500_rank,False
PRISM,250,weighted,nilotinib,NILOTINIB,4,3,3,0.1529933110367893,0.34811872909698993,-0.3956521739130434,0.4434782608695652,0.2452173913043478,TierA_strong_collateral,tested,106.0,0.0001999600079984003,0.0003439312137572485,5000,shared row-label permutation of full sensitivity matrix across all drugs/trajectories,6,6,6,5,5,6,0.23909698996655518,17.5,True,top100_weighted;top100_rank;top250_weighted;top250_rank;top500_weighted;top500_rank,True
PRISM,250,weighted,niridazole,NIRIDAZOLE,4,2,1,-0.010869565217391302,0.10198616600790514,-0.27652173913043476,0.06027667984189724,-0.022727272727272724,none,tested,668.0,0.0001999600079984003,0.0003439312137572485,5000,shared row-label permutation of full sensitivity matrix across all drugs/trajectories,6,0,0,0,0,0,-0.0424901185770751,781.5,False,top100_weighted;top100_rank;top250_weighted;top250_rank;top500_weighted;top500_rank,False
PRISM,250,weighted,orantinib,ORANTINIB,4,1,1,-0.1290909090909091,0.3174802371541502,-0.299407114624506,0.2272727272727273,-0.005217391304347826,none,tested,1116.0,0.0001999600079984003,0.0003439312137572485,5000,shared row-label permutation of full sensitivity matrix across all drugs/trajectories,6,3,2,0,0,0,-0.018270750988142296,651.5,False,top100_weighted;top100_rank;top250_weighted;top250_rank;top500_weighted;top500_rank,False
PRISM,250,weighted,oxazepam,OXAZEPAM,4,0,0,-0.12036910457963088,0.1138072453861927,-0.19999999999999998,-0.015037593984962403,-0.16541353383458643,none,tested,1090.0,0.0001999600079984003,0.0003439312137572485,5000,shared row-label permutation of full sensitivity matrix across all drugs/trajectories,6,3,1,0,0,1,0.004955570745044431,550.0,False,top100_weighted;top100_rank;top250_weighted;top250_rank;top500_weighted;top500_rank,False
PRISM,250,weighted,oxyphencyclimine,OXYPHENCYCLIMINE,4,3,3,0.15480237154150195,0.1368478260869565,-0.2964426877470355,0.19367588932806326,0.1643478260869565,TierA_strong_collateral,tested,104.0,0.0001999600079984003,0.0003439312137572485,5000,shared row-label permutation of full sensitivity matrix across all drugs/trajectories,6,6,5,0,0,3,0.1051778656126482,189.0,True,top100_weighted;top100_rank;top250_weighted;top250_rank;top500_weighted;top500_rank,True
PRISM,250,weighted,palmatine-chloride,PALMATINECHLORIDE,4,1,1,-0.08695652173913042,0.17826086956521736,-0.2026086956521739,0.10869565217391304,-0.019999999999999997,none,tested,966.0,0.0001999600079984003,0.0003439312137572485,5000,shared row-label permutation of full sensitivity matrix across all drugs/trajectories,6,2,1,0,0,0,-0.03655518394648829,744.5,False,top100_weighted;top100_rank;top250_weighted;top250_rank;top500_weighted;top500_rank,False
PRISM,250,weighted,papaverine,PAPAVERINE,4,2,1,0.004511278195488716,0.37879357484620635,-0.40389610389610386,0.20902255639097742,-0.14586466165413534,none,tested,592.0,0.0001999600079984003,0.0003439312137572485,5000,shared row-label permutation of full sensitivity matrix across all drugs/trajectories,6,1,0,0,0,0,-0.09624060150375939,1004.0,False,top100_weighted;top100_rank;top250_weighted;top250_rank;top500_weighted;top500_rank,False
PRISM,250,weighted,phenelzine,PHENELZINE,4,3,3,0.2007177033492823,0.27212918660287083,-0.12932330827067667,0.33233082706766914,0.3051948051948052,TierA_strong_collateral,tested,43.0,0.0001999600079984003,0.0003439312137572485,5000,shared row-label permutation of full sensitivity matrix across all drugs/trajectories,6,6,6,4,5,6,0.20673274094326727,40.0,True,top100_weighted;top100_rank;top250_weighted;top250_rank;top500_weighted;top500_rank,True
PRISM,250,weighted,phenylbutazone,PHENYLBUTAZONE,4,3,2,0.1780587833219412,0.1637388926862611,-0.08270676691729321,0.4857142857142857,0.16363636363636364,TierA_strong_collateral,tested,69.0,0.0001999600079984003,0.0003439312137572485,5000,shared row-label permutation of full sensitivity matrix across all drugs/trajectories,6,4,3,0,1,2,0.05710868079289132,369.0,True,top100_weighted;top100_rank;top250_weighted;top250_rank;top500_weighted;top500_rank,False
PRISM,250,weighted,pterostilbene,PTEROSTILBENE,4,2,1,-0.022829801777170207,0.20989405331510594,-0.29473684210526313,0.07402597402597402,-0.1012987012987013,none,tested,725.0,0.0001999600079984003,0.0003439312137572485,5000,shared row-label permutation of full sensitivity matrix across all drugs/trajectories,6,2,1,0,0,0,-0.05297334244702666,832.5,False,top100_weighted;top100_rank;top250_weighted;top250_rank;top500_weighted;top500_rank,False
PRISM,250,weighted,quinidine,QUINIDINE,4,3,2,0.021027667984189723,0.06070158102766798,-0.016798418972332016,0.1591304347826087,0.03217391304347826,none,tested,501.0,0.0001999600079984003,0.0003439312137572485,5000,shared row-label permutation of full sensitivity matrix across all drugs/trajectories,6,3,3,0,0,0,0.008122529644268774,556.5,False,top100_weighted;top100_rank;top250_weighted;top250_rank;top500_weighted;top500_rank,False
PRISM,250,weighted,racecadotril,RACECADOTRIL,4,1,1,-0.2863636363636364,0.19078204404291357,-0.48390739695087526,0.24415584415584415,-0.2922077922077922,none,tested,1322.0,0.0001999600079984003,0.0003439312137572485,5000,shared row-label permutation of full sensitivity matrix across all drugs/trajectories,6,0,0,0,0,0,-0.29383116883116883,1324.0,False,top100_weighted;top100_rank;top250_weighted;top250_rank;top500_weighted;top500_rank,False
PRISM,250,weighted,se-methylselenocysteine,SEMETHYLSELENOCYSTEINE,4,2,1,0.09055618294748731,0.2664808018068888,-0.16205533596837948,0.27159796725014124,-0.01482213438735178,none,tested,251.0,0.0001999600079984003,0.0003439312137572485,5000,shared row-label permutation of full sensitivity matrix across all drugs/trajectories,6,6,3,0,0,2,0.07559288537549408,275.0,True,top100_weighted;top100_rank;top250_weighted;top250_rank;top500_weighted;top500_rank,False
PRISM,250,weighted,skepinone-l,SKEPINONEL,4,2,2,-0.08074534161490685,0.22706098249576512,-0.23207227555053642,0.12055335968379448,0.011857707509881424,none,tested,944.0,0.0001999600079984003,0.0003439312137572485,5000,shared row-label permutation of full sensitivity matrix across all drugs/trajectories,6,2,0,0,0,0,-0.023715415019762848,674.5,False,top100_weighted;top100_rank;top250_weighted;top250_rank;top500_weighted;top500_rank,False
PRISM,250,weighted,spiradoline,SPIRADOLINE,4,2,1,0.040982905982905986,0.1841025641025641,-0.3815384615384615,0.10692307692307691,-0.0003418803418803419,none,tested,420.0,0.09718056388722256,0.12186424427250016,5000,shared row-label permutation of full sensitivity matrix across all drugs/trajectories,6,1,0,0,0,0,-0.17688034188034188,1241.5,False,top100_weighted;top100_rank;top250_weighted;top250_rank;top500_weighted;top500_rank,False
PRISM,250,weighted,sulfanilamide,SULFANILAMIDE,4,3,2,0.1115516062884484,0.2767259056732741,-0.15789473684210525,0.32481203007518794,0.2155844155844156,TierB_moderate_candidate,tested,184.0,0.0001999600079984003,0.0003439312137572485,5000,shared row-label permutation of full sensitivity matrix across all drugs/trajectories,6,3,1,0,0,2,0.0007177033492822976,566.5,False,top100_weighted;top100_rank;top250_weighted;top250_rank;top500_weighted;top500_rank,False
PRISM,250,weighted,thiamine,THIAMINE,4,0,0,-0.06952569169960474,0.132697628458498,-0.19960474308300394,-0.0029644268774703555,-0.1252173913043478,none,tested,900.0,0.0001999600079984003,0.0003439312137572485,5000,shared row-label permutation of full sensitivity matrix across all drugs/trajectories,6,1,1,0,0,0,-0.05607707509881424,829.5,False,top100_weighted;top100_rank;top250_weighted;top250_rank;top500_weighted;top500_rank,False
PRISM,250,weighted,tiludronate,TILUDRONATE,4,2,1,-0.011073137388926865,0.15006835269993163,-0.1263157894736842,0.3533834586466165,-0.031168831168831172,none,tested,669.0,0.0001999600079984003,0.0003439312137572485,5000,shared row-label permutation of full sensitivity matrix across all drugs/trajectories,6,5,1,0,0,0,0.01390977443609022,511.0,True,top100_weighted;top100_rank;top250_weighted;top250_rank;top500_weighted;top500_rank,False
PRISM,250,weighted,trapidil,TRAPIDIL,4,4,3,0.11826086956521738,0.17353678929765884,0.020869565217391303,0.5115384615384615,0.08434782608695651,TierB_moderate_candidate,tested,171.0,0.0001999600079984003,0.0003439312137572485,5000,shared row-label permutation of full sensitivity matrix across all drugs/trajectories,6,5,4,0,0,3,0.08369565217391303,264.0,True,top100_weighted;top100_rank;top250_weighted;top250_rank;top500_weighted;top500_rank,True
PRISM,250,weighted,trolox,TROLOX,4,2,2,0.007622811970638063,0.20821569734613216,-0.17334839073969513,0.2309429700734049,0.0790513833992095,none,tested,576.0,0.0001999600079984003,0.0003439312137572485,5000,shared row-label permutation of full sensitivity matrix across all drugs/trajectories,6,2,0,0,0,0,-0.0280561829474873,726.5,False,top100_weighted;top100_rank;top250_weighted;top250_rank;top500_weighted;top500_rank,False
PRISM,250,weighted,warfarin,WARFARIN,4,2,2,-0.03957621326042379,0.33380041011619954,-0.26165413533834586,0.2045112781954887,0.10526315789473684,none,tested,768.0,0.0001999600079984003,0.0003439312137572485,5000,shared row-label permutation of full sensitivity matrix across all drugs/trajectories,6,4,4,2,2,4,0.10495557074504443,176.0,True,top100_weighted;top100_rank;top250_weighted;top250_rank;top500_weighted;top500_rank,False
PRISM,250,weighted,zaleplon,ZALEPLON,4,1,0,-0.11088368153585546,0.054524280067758335,-0.1507622811970638,0.015245623941276118,-0.11956521739130435,none,tested,1059.0,0.0001999600079984003,0.0003439312137572485,5000,shared row-label permutation of full sensitivity matrix across all drugs/trajectories,6,0,0,0,0,0,-0.0845214568040655,949.0,False,top100_weighted;top100_rank;top250_weighted;top250_rank;top500_weighted;top500_rank,False
PRISM,250,weighted,CCMI,CCMI,4,2,2,-0.059565217391304354,0.25872909698996654,-0.3660869565217391,0.09230769230769231,0.03652173913043478,none,tested,862.0,0.0001999600079984003,0.0003439312137572485,5000,shared row-label permutation of full sensitivity matrix across all drugs/trajectories,6,0,0,0,0,0,-0.06570234113712375,873.5,False,top100_weighted;top100_rank;top250_weighted;top250_rank;top500_weighted;top500_rank,False
PRISM,250,weighted,ZLN005,ZLN005,4,2,1,0.04480519480519482,0.45875211744776967,-0.18311688311688312,0.38565782044042923,-0.16623376623376623,none,tested,397.0,0.0001999600079984003,0.0003439312137572485,5000,shared row-label permutation of full sensitivity matrix across all drugs/trajectories,6,2,0,0,0,0,-0.03417560700169396,733.0,False,top100_weighted;top100_rank;top250_weighted;top250_rank;top500_weighted;top500_rank,False
PRISM,250,weighted,cyclosporin-a,CYCLOSPORINA,4,3,3,0.19092320722755507,0.13625776397515532,-0.06719367588932806,0.34613212874082444,0.21287408243929987,TierA_strong_collateral,tested,54.0,0.0001999600079984003,0.0003439312137572485,5000,shared row-label permutation of full sensitivity matrix across all drugs/trajectories,6,5,5,1,4,4,0.1479390175042349,85.0,True,top100_weighted;top100_rank;top250_weighted;top250_rank;top500_weighted;top500_rank,True
PRISM,250,weighted,sarafloxacin,SARAFLOXACIN,4,2,1,-0.043950786056049226,0.24261790840738207,-0.28421052631578947,0.23308270676691725,-0.11948051948051949,none,tested,789.0,0.0001999600079984003,0.0003439312137572485,5000,shared row-label permutation of full sensitivity matrix across all drugs/trajectories,6,0,0,0,0,0,-0.06437115516062884,894.5,False,top100_weighted;top100_rank;top250_weighted;top250_rank;top500_weighted;top500_rank,False
PRISM,250,weighted,colfosceril-palmitate,COLFOSCERILPALMITATE,4,3,2,0.21729323308270676,0.3394395078605605,-0.10075187969924812,0.46753246753246747,0.3488721804511278,TierA_strong_collateral,tested,31.0,0.0001999600079984003,0.0003439312137572485,5000,shared row-label permutation of full sensitivity matrix across all drugs/trajectories,6,6,2,1,4,4,0.15488721804511277,78.0,True,top100_weighted;top100_rank;top250_weighted;top250_rank;top500_weighted;top500_rank,False
PRISM,250,weighted,FR-122047,FR122047,2,2,2,0.14511278195488722,0.09398496240601503,0.051127819548872175,0.23909774436090225,0.14511278195488722,none,tested,119.0,0.0001999600079984003,0.0003439312137572485,5000,shared row-label permutation of full sensitivity matrix across all drugs/trajectories,6,6,0,2,2,5,0.1424812030075188,121.0,True,top100_weighted;top100_rank;top250_weighted;top250_rank;top500_weighted;top500_rank,False
PRISM,250,weighted,GDC-0879,GDC0879,2,1,1,0.09548872180451128,0.2684210526315789,-0.17293233082706763,0.3639097744360902,0.09548872180451128,none,tested,238.0,0.0001999600079984003,0.0003439312137572485,5000,shared row-label permutation of full sensitivity matrix across all drugs/trajectories,6,3,0,0,0,0,0.031203007518796975,474.0,False,top100_weighted;top100_rank;top250_weighted;top250_rank;top500_weighted;top500_rank,False
PRISM,250,weighted,PP-2,PP2,1,1,1,0.03609022556390977,0.0,0.03609022556390977,0.03609022556390977,0.03609022556390977,none,tested,436.0,0.0001999600079984003,0.0003439312137572485,5000,shared row-label permutation of full sensitivity matrix across all drugs/trajectories,6,5,0,1,1,1,0.031578947368421054,437.0,True,top100_weighted;top100_rank;top250_weighted;top250_rank;top500_weighted;top500_rank,False
PRISM,250,weighted,SIB-1757,SIB1757,1,0,0,-0.17142857142857143,0.0,-0.17142857142857143,-0.17142857142857143,-0.17142857142857143,none,tested,1214.0,0.0001999600079984003,0.0003439312137572485,5000,shared row-label permutation of full sensitivity matrix across all drugs/trajectories,6,0,0,0,0,0,-0.22857142857142856,1268.0,False,top100_weighted;top100_rank;top250_weighted;top250_rank;top500_weighted;top500_rank,False
PRISM,250,weighted,atenolol-(-),ATENOLOL,1,0,0,-0.022556390977443608,0.0,-0.022556390977443608,-0.022556390977443608,-0.022556390977443608,none,tested,722.0,0.0001999600079984003,0.0003439312137572485,5000,shared row-label permutation of full sensitivity matrix across all drugs/trajectories,6,0,0,0,0,0,-0.06616541353383458,874.0,False,top100_weighted;top100_rank;top250_weighted;top250_rank;top500_weighted;top500_rank,False
PRISM,250,weighted,azomycin-(2-nitroimidazole),AZOMYCIN2NITROIMIDAZOLE,2,2,2,0.16165413533834583,0.08195488721804509,0.07969924812030074,0.24360902255639094,0.16165413533834583,none,tested,91.0,0.0001999600079984003,0.0003439312137572485,5000,shared row-label permutation of full sensitivity matrix across all drugs/trajectories,6,6,0,3,5,5,0.21278195488721802,43.5,True,top100_weighted;top100_rank;top250_weighted;top250_rank;top500_weighted;top500_rank,False
PRISM,250,weighted,bindarit,BINDARIT,1,0,0,-0.13082706766917293,0.0,-0.13082706766917293,-0.13082706766917293,-0.13082706766917293,none,tested,1124.0,0.0001999600079984003,0.0003439312137572485,5000,shared row-label permutation of full sensitivity matrix across all drugs/trajectories,6,0,0,0,0,0,-0.1827067669172932,1213.5,False,top100_weighted;top100_rank;top250_weighted;top250_rank;top500_weighted;top500_rank,False
PRISM,250,weighted,ciprofibrate,CIPROFIBRATE,1,1,1,0.29774436090225564,0.0,0.29774436090225564,0.29774436090225564,0.29774436090225564,none,tested,5.0,0.0001999600079984003,0.0003439312137572485,5000,shared row-label permutation of full sensitivity matrix across all drugs/trajectories,6,6,0,1,3,4,0.13609022556390976,131.5,True,top100_weighted;top100_rank;top250_weighted;top250_rank;top500_weighted;top500_rank,False
PRISM,250,weighted,creatine,CREATINE,2,1,1,-0.07368421052631578,0.237593984962406,-0.31127819548872177,0.1639097744360902,-0.07368421052631578,none,tested,913.0,0.0001999600079984003,0.0003439312137572485,5000,shared row-label permutation of full sensitivity matrix across all drugs/trajectories,6,2,0,1,1,1,-0.04924812030075188,804.5,False,top100_weighted;top100_rank;top250_weighted;top250_rank;top500_weighted;top500_rank,False
PRISM,250,weighted,daclatasvir,DACLATASVIR,1,1,1,0.006015037593984962,0.0,0.006015037593984962,0.006015037593984962,0.006015037593984962,none,tested,584.0,0.0001999600079984003,0.0003439312137572485,5000,shared row-label permutation of full sensitivity matrix across all drugs/trajectories,6,6,0,3,4,4,0.19097744360902252,52.0,True,top100_weighted;top100_rank;top250_weighted;top250_rank;top500_weighted;top500_rank,False
PRISM,250,weighted,doxifluridine,DOXIFLURIDINE,1,1,1,0.14436090225563908,0.0,0.14436090225563908,0.14436090225563908,0.14436090225563908,none,tested,122.0,0.0001999600079984003,0.0003439312137572485,5000,shared row-label permutation of full sensitivity matrix across all drugs/trajectories,6,5,0,1,1,3,0.07443609022556391,300.0,True,top100_weighted;top100_rank;top250_weighted;top250_rank;top500_weighted;top500_rank,False
PRISM,250,weighted,epinephrine,EPINEPHRINE,1,1,1,0.022556390977443608,0.0,0.022556390977443608,0.022556390977443608,0.022556390977443608,none,tested,492.0,0.0001999600079984003,0.0003439312137572485,5000,shared row-label permutation of full sensitivity matrix across all drugs/trajectories,6,2,0,0,1,1,-0.031578947368421054,720.0,False,top100_weighted;top100_rank;top250_weighted;top250_rank;top500_weighted;top500_rank,False
PRISM,250,weighted,ethinyl-estradiol,ETHINYLESTRADIOL,1,1,1,0.23308270676691725,0.0,0.23308270676691725,0.23308270676691725,0.23308270676691725,none,tested,18.0,0.0001999600079984003,0.0003439312137572485,5000,shared row-label permutation of full sensitivity matrix across all drugs/trajectories,6,6,0,4,5,6,0.20751879699248116,31.0,True,top100_weighted;top100_rank;top250_weighted;top250_rank;top500_weighted;top500_rank,False
PRISM,250,weighted,iproniazid,IPRONIAZID,1,1,1,0.14436090225563908,0.0,0.14436090225563908,0.14436090225563908,0.14436090225563908,none,tested,123.0,0.0001999600079984003,0.0003439312137572485,5000,shared row-label permutation of full sensitivity matrix across all drugs/trajectories,6,6,0,3,4,6,0.17142857142857143,65.0,True,top100_weighted;top100_rank;top250_weighted;top250_rank;top500_weighted;top500_rank,False
PRISM,250,weighted,loxistatin-acid,LOXISTATINACID,1,1,1,0.10075187969924812,0.0,0.10075187969924812,0.10075187969924812,0.10075187969924812,none,tested,220.0,0.0001999600079984003,0.0003439312137572485,5000,shared row-label permutation of full sensitivity matrix across all drugs/trajectories,6,6,0,2,4,5,0.16165413533834586,72.5,True,top100_weighted;top100_rank;top250_weighted;top250_rank;top500_weighted;top500_rank,False
PRISM,250,weighted,metyrapone,METYRAPONE,2,0,0,-0.3383458646616541,0.003007518796992459,-0.3413533834586466,-0.33533834586466166,-0.3383458646616541,none,tested,1331.0,0.0001999600079984003,0.0003439312137572485,5000,shared row-label permutation of full sensitivity matrix across all drugs/trajectories,6,0,0,0,0,0,-0.19436090225563907,1252.5,False,top100_weighted;top100_rank;top250_weighted;top250_rank;top500_weighted;top500_rank,False
PRISM,250,weighted,nemonapride,NEMONAPRIDE,2,1,1,0.05037593984962405,0.08646616541353382,-0.03609022556390977,0.13684210526315788,0.05037593984962405,none,tested,377.0,0.0001999600079984003,0.0003439312137572485,5000,shared row-label permutation of full sensitivity matrix across all drugs/trajectories,6,5,0,0,0,0,0.0338345864661654,433.0,True,top100_weighted;top100_rank;top250_weighted;top250_rank;top500_weighted;top500_rank,False
PRISM,250,weighted,propranolol,PROPRANOLOL,1,1,1,0.1894736842105263,0.0,0.1894736842105263,0.1894736842105263,0.1894736842105263,none,tested,55.0,0.0001999600079984003,0.0003439312137572485,5000,shared row-label permutation of full sensitivity matrix across all drugs/trajectories,6,5,0,3,5,5,0.2045112781954887,44.0,True,top100_weighted;top100_rank;top250_weighted;top250_rank;top500_weighted;top500_rank,False
PRISM,250,weighted,ramifenazone,RAMIFENAZONE,2,1,1,-0.011278195488721804,0.10300751879699249,-0.11428571428571428,0.09172932330827067,-0.011278195488721804,none,tested,670.0,0.0001999600079984003,0.0003439312137572485,5000,shared row-label permutation of full sensitivity matrix across all drugs/trajectories,6,2,0,0,0,1,-0.031203007518796986,752.5,False,top100_weighted;top100_rank;top250_weighted;top250_rank;top500_weighted;top500_rank,False
PRISM,250,weighted,selamectin,SELAMECTIN,2,2,2,0.11278195488721804,0.09924812030075188,0.013533834586466165,0.2120300751879699,0.11278195488721804,none,tested,183.0,0.0001999600079984003,0.0003439312137572485,5000,shared row-label permutation of full sensitivity matrix across all drugs/trajectories,6,6,0,4,4,5,0.19248120300751878,41.5,True,top100_weighted;top100_rank;top250_weighted;top250_rank;top500_weighted;top500_rank,False
PRISM,250,weighted,tiletamine,TILETAMINE,2,2,2,0.2458646616541353,0.1285714285714286,0.11729323308270674,0.3744360902255639,0.2458646616541353,TierC_subtype_candidate,tested,12.0,0.0001999600079984003,0.0003439312137572485,5000,shared row-label permutation of full sensitivity matrix across all drugs/trajectories,6,6,0,6,6,6,0.25939849624060146,10.5,True,top100_weighted;top100_rank;top250_weighted;top250_rank;top500_weighted;top500_rank,False
PRISM,250,weighted,triamcinolone-acetonide,TRIAMCINOLONEACETONIDE,1,0,0,-0.16842105263157892,0.0,-0.16842105263157892,-0.16842105263157892,-0.16842105263157892,none,tested,1207.0,0.0001999600079984003,0.0003439312137572485,5000,shared row-label permutation of full sensitivity matrix across all drugs/trajectories,6,0,0,0,0,0,-0.35488721804511275,1313.0,False,top100_weighted;top100_rank;top250_weighted;top250_rank;top500_weighted;top500_rank,False
PRISM,250,weighted,baicalin,BAICALIN,2,1,1,-0.01127819548872181,0.09398496240601502,-0.10526315789473684,0.08270676691729321,-0.01127819548872181,none,tested,671.0,0.0001999600079984003,0.0003439312137572485,5000,shared row-label permutation of full sensitivity matrix across all drugs/trajectories,6,4,0,2,3,4,0.14097744360902253,117.5,True,top100_weighted;top100_rank;top250_weighted;top250_rank;top500_weighted;top500_rank,False
PRISM,250,weighted,cefpiramide,CEFPIRAMIDE,1,1,1,0.20902255639097742,0.0,0.20902255639097742,0.20902255639097742,0.20902255639097742,none,tested,35.0,0.0001999600079984003,0.0003439312137572485,5000,shared row-label permutation of full sensitivity matrix across all drugs/trajectories,6,6,0,3,4,4,0.1932330827067669,44.0,True,top100_weighted;top100_rank;top250_weighted;top250_rank;top500_weighted;top500_rank,False
PRISM,250,weighted,cladribine,CLADRIBINE,2,1,1,-0.055639097744360905,0.1609022556390977,-0.21654135338345865,0.10526315789473684,-0.055639097744360905,none,tested,838.0,0.0001999600079984003,0.0003439312137572485,5000,shared row-label permutation of full sensitivity matrix across all drugs/trajectories,6,4,0,1,2,2,0.07481203007518797,258.0,True,top100_weighted;top100_rank;top250_weighted;top250_rank;top500_weighted;top500_rank,False
PRISM,250,weighted,clebopride,CLEBOPRIDE,2,0,0,-0.27293233082706764,0.06541353383458645,-0.3383458646616541,-0.20751879699248119,-0.27293233082706764,none,tested,1316.0,0.0001999600079984003,0.0003439312137572485,5000,shared row-label permutation of full sensitivity matrix across all drugs/trajectories,6,0,0,0,0,0,-0.23872180451127817,1311.0,False,top100_weighted;top100_rank;top250_weighted;top250_rank;top500_weighted;top500_rank,False
PRISM,250,weighted,cyclophosphamide,CYCLOPHOSPHAMIDE,2,0,0,-0.3240601503759398,0.01729323308270675,-0.3413533834586466,-0.306766917293233,-0.3240601503759398,none,tested,1327.0,0.0001999600079984003,0.0003439312137572485,5000,shared row-label permutation of full sensitivity matrix across all drugs/trajectories,6,0,0,0,0,0,-0.2601503759398496,1308.5,False,top100_weighted;top100_rank;top250_weighted;top250_rank;top500_weighted;top500_rank,False
PRISM,250,weighted,digitoxin,DIGITOXIN,2,1,1,0.10676691729323307,0.20300751879699247,-0.09624060150375939,0.30977443609022554,0.10676691729323307,none,tested,199.0,0.0001999600079984003,0.0003439312137572485,5000,shared row-label permutation of full sensitivity matrix across all drugs/trajectories,6,6,0,1,2,5,0.1225563909774436,121.5,True,top100_weighted;top100_rank;top250_weighted;top250_rank;top500_weighted;top500_rank,False
PRISM,250,weighted,ecamsule-triethanolamine,ECAMSULETRIETHANOLAMINE,1,1,1,0.10977443609022557,0.0,0.10977443609022557,0.10977443609022557,0.10977443609022557,none,tested,193.0,0.0001999600079984003,0.0003439312137572485,5000,shared row-label permutation of full sensitivity matrix across all drugs/trajectories,6,2,0,0,0,1,-0.10526315789473684,1040.0,False,top100_weighted;top100_rank;top250_weighted;top250_rank;top500_weighted;top500_rank,False
PRISM,250,weighted,eprobemide,EPROBEMIDE,1,1,1,0.22255639097744356,0.0,0.22255639097744356,0.22255639097744356,0.22255639097744356,none,tested,26.0,0.0001999600079984003,0.0003439312137572485,5000,shared row-label permutation of full sensitivity matrix across all drugs/trajectories,6,3,0,1,1,2,0.011278195488721802,501.5,False,top100_weighted;top100_rank;top250_weighted;top250_rank;top500_weighted;top500_rank,False
PRISM,250,weighted,fenoprofen,FENOPROFEN,1,1,1,0.4285714285714286,0.0,0.4285714285714286,0.4285714285714286,0.4285714285714286,none,tested,2.0,0.0001999600079984003,0.0003439312137572485,5000,shared row-label permutation of full sensitivity matrix across all drugs/trajectories,6,6,0,3,3,4,0.15714285714285714,119.5,True,top100_weighted;top100_rank;top250_weighted;top250_rank;top500_weighted;top500_rank,False
PRISM,250,weighted,ketoconazole,KETOCONAZOLE,2,0,0,-0.412781954887218,0.05037593984962402,-0.4631578947368421,-0.362406015037594,-0.412781954887218,none,tested,1333.0,0.0001999600079984003,0.0003439312137572485,5000,shared row-label permutation of full sensitivity matrix across all drugs/trajectories,6,0,0,0,0,0,-0.25751879699248115,1304.0,False,top100_weighted;top100_rank;top250_weighted;top250_rank;top500_weighted;top500_rank,False
PRISM,250,weighted,mebendazole,MEBENDAZOLE,2,2,2,0.1714285714285714,0.081203007518797,0.09022556390977443,0.2526315789473684,0.1714285714285714,none,tested,75.0,0.0001999600079984003,0.0003439312137572485,5000,shared row-label permutation of full sensitivity matrix across all drugs/trajectories,6,6,0,1,2,6,0.13421052631578945,112.5,True,top100_weighted;top100_rank;top250_weighted;top250_rank;top500_weighted;top500_rank,False
PRISM,250,weighted,methotrexate,METHOTREXATE,2,0,0,-0.22030075187969922,0.020300751879699264,-0.24060150375939846,-0.19999999999999998,-0.22030075187969922,none,tested,1295.0,0.0001999600079984003,0.0003439312137572485,5000,shared row-label permutation of full sensitivity matrix across all drugs/trajectories,6,0,0,0,0,0,-0.15939849624060148,1215.5,False,top100_weighted;top100_rank;top250_weighted;top250_rank;top500_weighted;top500_rank,False
PRISM,250,weighted,mycophenolic-acid,MYCOPHENOLICACID,2,0,0,-0.193984962406015,0.058646616541353336,-0.2526315789473684,-0.13533834586466165,-0.193984962406015,none,tested,1262.0,0.0001999600079984003,0.0003439312137572485,5000,shared row-label permutation of full sensitivity matrix across all drugs/trajectories,6,0,0,0,0,0,-0.1112781954887218,1078.5,False,top100_weighted;top100_rank;top250_weighted;top250_rank;top500_weighted;top500_rank,False
PRISM,250,weighted,nafcillin,NAFCILLIN,1,1,1,0.2421052631578947,0.0,0.2421052631578947,0.2421052631578947,0.2421052631578947,none,tested,13.0,0.0001999600079984003,0.0003439312137572485,5000,shared row-label permutation of full sensitivity matrix across all drugs/trajectories,6,6,0,3,4,4,0.1932330827067669,49.0,True,top100_weighted;top100_rank;top250_weighted;top250_rank;top500_weighted;top500_rank,False
PRISM,250,weighted,norethindrone-acetate,NORETHINDRONEACETATE,2,1,1,0.027067669172932317,0.13684210526315788,-0.10977443609022557,0.1639097744360902,0.027067669172932317,none,tested,475.0,0.0001999600079984003,0.0003439312137572485,5000,shared row-label permutation of full sensitivity matrix across all drugs/trajectories,6,5,0,1,2,3,0.10263157894736841,190.5,True,top100_weighted;top100_rank;top250_weighted;top250_rank;top500_weighted;top500_rank,False
PRISM,250,weighted,oligomycin-a,OLIGOMYCINA,2,1,1,-0.14436090225563908,0.24060150375939848,-0.38496240601503756,0.09624060150375939,-0.14436090225563908,none,tested,1165.0,0.0001999600079984003,0.0003439312137572485,5000,shared row-label permutation of full sensitivity matrix across all drugs/trajectories,6,0,0,0,0,0,-0.16917293233082703,1206.0,False,top100_weighted;top100_rank;top250_weighted;top250_rank;top500_weighted;top500_rank,False
PRISM,250,weighted,pentamidine,PENTAMIDINE,1,0,0,-0.17293233082706763,0.0,-0.17293233082706763,-0.17293233082706763,-0.17293233082706763,none,tested,1219.0,0.0001999600079984003,0.0003439312137572485,5000,shared row-label permutation of full sensitivity matrix across all drugs/trajectories,6,3,0,0,0,1,-0.023308270676691722,671.5,False,top100_weighted;top100_rank;top250_weighted;top250_rank;top500_weighted;top500_rank,False
PRISM,250,weighted,piperacetazine,PIPERACETAZINE,1,0,0,-0.32481203007518794,0.0,-0.32481203007518794,-0.32481203007518794,-0.32481203007518794,none,tested,1328.0,0.0001999600079984003,0.0003439312137572485,5000,shared row-label permutation of full sensitivity matrix across all drugs/trajectories,6,0,0,0,0,0,-0.2075187969924812,1277.0,False,top100_weighted;top100_rank;top250_weighted;top250_rank;top500_weighted;top500_rank,False
PRISM,250,weighted,pitavastatin,PITAVASTATIN,2,1,1,0.08496240601503756,0.32105263157894737,-0.23609022556390977,0.4060150375939849,0.08496240601503756,none,tested,266.0,0.0001999600079984003,0.0003439312137572485,5000,shared row-label permutation of full sensitivity matrix across all drugs/trajectories,6,6,0,1,2,3,0.10225563909774432,203.0,True,top100_weighted;top100_rank;top250_weighted;top250_rank;top500_weighted;top500_rank,False
PRISM,250,weighted,practolol,PRACTOLOL,2,1,1,-0.13233082706766913,0.36240601503759395,-0.4947368421052631,0.2300751879699248,-0.13233082706766913,none,tested,1127.0,0.0001999600079984003,0.0003439312137572485,5000,shared row-label permutation of full sensitivity matrix across all drugs/trajectories,6,0,0,0,0,0,-0.15338345864661654,1168.0,False,top100_weighted;top100_rank;top250_weighted;top250_rank;top500_weighted;top500_rank,False
PRISM,250,weighted,prednisolone-acetate,PREDNISOLONEACETATE,2,1,1,-0.13233082706766913,0.22556390977443605,-0.3578947368421052,0.09323308270676692,-0.13233082706766913,none,tested,1128.0,0.0001999600079984003,0.0003439312137572485,5000,shared row-label permutation of full sensitivity matrix across all drugs/trajectories,6,2,0,1,1,1,-0.06616541353383457,839.5,False,top100_weighted;top100_rank;top250_weighted;top250_rank;top500_weighted;top500_rank,False
PRISM,250,weighted,proscillaridin-a,PROSCILLARIDINA,2,0,0,-0.14586466165413534,0.06015037593984962,-0.20601503759398496,-0.08571428571428572,-0.14586466165413534,none,tested,1169.0,0.0001999600079984003,0.0003439312137572485,5000,shared row-label permutation of full sensitivity matrix across all drugs/trajectories,6,0,0,0,0,0,-0.02631578947368421,716.5,False,top100_weighted;top100_rank;top250_weighted;top250_rank;top500_weighted;top500_rank,False
PRISM,250,weighted,quinethazone,QUINETHAZONE,1,1,1,0.5142857142857143,0.0,0.5142857142857143,0.5142857142857143,0.5142857142857143,none,tested,1.0,0.0001999600079984003,0.0003439312137572485,5000,shared row-label permutation of full sensitivity matrix across all drugs/trajectories,6,5,0,3,3,4,0.16165413533834586,81.0,True,top100_weighted;top100_rank;top250_weighted;top250_rank;top500_weighted;top500_rank,False
PRISM,250,weighted,salvianolic-acid-B,SALVIANOLICACIDB,2,2,2,0.21052631578947367,0.06766917293233082,0.14285714285714285,0.2781954887218045,0.21052631578947367,TierC_subtype_candidate,tested,34.0,0.0001999600079984003,0.0003439312137572485,5000,shared row-label permutation of full sensitivity matrix across all drugs/trajectories,6,6,0,6,6,6,0.22518796992481202,25.0,True,top100_weighted;top100_rank;top250_weighted;top250_rank;top500_weighted;top500_rank,False
PRISM,250,weighted,sodium-glucoheptonate,SODIUMGLUCOHEPTONATE,1,0,0,-0.10225563909774435,0.0,-0.10225563909774435,-0.10225563909774435,-0.10225563909774435,none,tested,1018.0,0.0001999600079984003,0.0003439312137572485,5000,shared row-label permutation of full sensitivity matrix across all drugs/trajectories,6,1,0,0,0,0,-0.0669172932330827,876.0,False,top100_weighted;top100_rank;top250_weighted;top250_rank;top500_weighted;top500_rank,False
PRISM,250,weighted,terconazole,TERCONAZOLE,1,1,1,0.1639097744360902,0.0,0.1639097744360902,0.1639097744360902,0.1639097744360902,none,tested,86.0,0.0001999600079984003,0.0003439312137572485,5000,shared row-label permutation of full sensitivity matrix across all drugs/trajectories,6,4,0,0,1,2,0.07969924812030074,245.0,True,top100_weighted;top100_rank;top250_weighted;top250_rank;top500_weighted;top500_rank,False
PRISM,250,weighted,SID-7969543,SID7969543,1,1,1,0.02857142857142857,0.0,0.02857142857142857,0.02857142857142857,0.02857142857142857,none,tested,468.0,0.0001999600079984003,0.0003439312137572485,5000,shared row-label permutation of full sensitivity matrix across all drugs/trajectories,6,2,0,0,0,0,-0.25187969924812026,1308.5,False,top100_weighted;top100_rank;top250_weighted;top250_rank;top500_weighted;top500_rank,False
